clon,clat,cdep,slip,lon1,lat1,dep1,lon2,lat2,dep2,lon3,lat3,dep3,lon4,lat4,dep4
9418737.03512626,31856454.372801058,2843.6251775439596,0.38924882051618825,9418403.448206965,31856045.629681192,2359.9882812365286,9418835.724983416,31856972.650219876,2359.9882812365286,9419070.622045554,31856863.11592092,3327.2620738513897,9418638.345269103,31855936.095382243,3327.2620738513897
9419169.311902711,31857381.39333974,2843.6251775439596,0.6354325101844364,9418835.724983416,31856972.650219876,2359.9882812365286,9419268.00175987,31857899.670758553,2359.9882812365286,9419502.898822008,31857790.1364596,3327.2620738513897,9419070.622045554,31856863.11592092,3327.2620738513897
9419601.588679165,31858308.413878415,2843.6251775439596,0.43395928498024444,9419268.00175987,31857899.670758553,2359.9882812365286,9419700.278536322,31858826.69129723,2359.9882812365286,9419935.17559846,31858717.156998277,3327.2620738513897,9419502.898822008,31857790.1364596,3327.2620738513897
9420033.865455618,31859235.43441709,2843.6251775439596,0.1727589237440854,9419700.278536322,31858826.69129723,2359.9882812365286,9420132.555312775,31859753.71183591,2359.9882812365286,9420367.452374913,31859644.177536957,3327.2620738513897,9419935.17559846,31858717.156998277,3327.2620738513897
9420466.142232072,31860162.45495577,2843.6251775439596,0.07628996864143157,9420132.555312775,31859753.71183591,2359.9882812365286,9420564.832089229,31860680.73237459,2359.9882812365286,9420799.729151366,31860571.198075633,3327.2620738513897,9420367.452374913,31859644.177536957,3327.2620738513897
9420898.419008525,31861089.47549445,2843.6251775439596,0.011641303622191365,9420564.832089229,31860680.73237459,2359.9882812365286,9420997.108865682,31861607.752913266,2359.9882812365286,9421232.00592782,31861498.218614314,3327.2620738513897,9420799.729151366,31860571.198075633,3327.2620738513897
9421330.695784977,31862016.49603313,2843.6251775439596,0.048346631841156576,9420997.108865682,31861607.752913266,2359.9882812365286,9421429.385642134,31862534.773451947,2359.9882812365286,9421664.282704271,31862425.23915299,3327.2620738513897,9421232.00592782,31861498.218614314,3327.2620738513897
9421762.972561428,31862943.516571805,2843.6251775439596,0.2612773036300962,9421429.385642134,31862534.773451947,2359.9882812365286,9421861.662418587,31863461.793990623,2359.9882812365286,9422096.559480725,31863352.25969167,3327.2620738513897,9421664.282704271,31862425.23915299,3327.2620738513897
9422195.249337882,31863870.537110485,2843.6251775439596,0.39165415539233156,9421861.662418587,31863461.793990623,2359.9882812365286,9422293.93919504,31864388.814529303,2359.9882812365286,9422528.836257175,31864279.280230347,3327.2620738513897,9422096.559480725,31863352.25969167,3327.2620738513897
9422627.526114333,31864797.557649165,2843.6251775439596,0.3879140031007547,9422293.93919504,31864388.814529303,2359.9882812365286,9422726.215971492,31865315.83506798,2359.9882812365286,9422961.113033628,31865206.300769027,3327.2620738513897,9422528.836257175,31864279.280230347,3327.2620738513897
9423059.802890787,31865724.578187842,2843.6251775439596,0.14394600376989827,9422726.215971492,31865315.83506798,2359.9882812365286,9423158.492747946,31866242.85560666,2359.9882812365286,9423393.389810082,31866133.321307704,3327.2620738513897,9422961.113033628,31865206.300769027,3327.2620738513897
9423492.07966724,31866651.59872652,2843.6251775439596,0.10278065171970442,9423158.492747946,31866242.85560666,2359.9882812365286,9423590.769524397,31867169.876145337,2359.9882812365286,9423825.666586533,31867060.341846384,3327.2620738513897,9423393.389810082,31866133.321307704,3327.2620738513897
9423924.356443692,31867578.6192652,2843.6251775439596,0.2490217960008085,9423590.769524397,31867169.876145337,2359.9882812365286,9424023.04630085,31868096.896684017,2359.9882812365286,9424257.943362987,31867987.36238506,3327.2620738513897,9423825.666586533,31867060.341846384,3327.2620738513897
9424356.633220144,31868505.63980388,2843.6251775439596,0.28689113493368584,9424023.04630085,31868096.896684017,2359.9882812365286,9424455.323077304,31869023.917222694,2359.9882812365286,9424690.22013944,31868914.382923745,3327.2620738513897,9424257.943362987,31867987.36238506,3327.2620738513897
9424788.909996597,31869432.660342555,2843.6251775439596,0.5592821885172249,9424455.323077304,31869023.917222694,2359.9882812365286,9424887.599853756,31869950.937761374,2359.9882812365286,9425122.496915892,31869841.403462417,3327.2620738513897,9424690.22013944,31868914.382923745,3327.2620738513897
9425221.18677305,31870359.680881232,2843.6251775439596,0.7938093246355343,9424887.599853756,31869950.937761374,2359.9882812365286,9425319.87663021,31870877.95830005,2359.9882812365286,9425554.773692345,31870768.424001098,3327.2620738513897,9425122.496915892,31869841.403462417,3327.2620738513897
9425653.463549504,31871286.701419916,2843.6251775439596,1.2048027824914735,9425319.87663021,31870877.95830005,2359.9882812365286,9425752.153406661,31871804.97883873,2359.9882812365286,9425987.050468799,31871695.444539778,3327.2620738513897,9425554.773692345,31870768.424001098,3327.2620738513897
9426085.740325956,31872213.721958593,2843.6251775439596,1.727221296970413,9425752.153406661,31871804.97883873,2359.9882812365286,9426184.430183113,31872731.999377407,2359.9882812365286,9426419.32724525,31872622.46507846,3327.2620738513897,9425987.050468799,31871695.444539778,3327.2620738513897
9426518.017102407,31873140.742497273,2843.6251775439596,1.7471711692870224,9426184.430183113,31872731.999377407,2359.9882812365286,9426616.706959566,31873659.019916087,2359.9882812365286,9426851.604021704,31873549.485617135,3327.2620738513897,9426419.32724525,31872622.46507846,3327.2620738513897
9426950.29387886,31874067.76303595,2843.6251775439596,1.4805699231667762,9426616.706959566,31873659.019916087,2359.9882812365286,9427048.98373602,31874586.040454764,2359.9882812365286,9427283.880798155,31874476.506155815,3327.2620738513897,9426851.604021704,31873549.485617135,3327.2620738513897
9427382.570655312,31874994.78357463,2843.6251775439596,1.6935959430939744,9427048.98373602,31874586.040454764,2359.9882812365286,9427481.260512471,31875513.06099344,2359.9882812365286,9427716.157574609,31875403.52669449,3327.2620738513897,9427283.880798155,31874476.506155815,3327.2620738513897
9427814.847431766,31875921.804113306,2843.6251775439596,1.9619265744150935,9427481.260512471,31875513.06099344,2359.9882812365286,9427913.537288925,31876440.08153212,2359.9882812365286,9428148.434351062,31876330.54723317,3327.2620738513897,9427716.157574609,31875403.52669449,3327.2620738513897
9428247.12420822,31876848.824651986,2843.6251775439596,3.144194095586182,9427913.537288925,31876440.08153212,2359.9882812365286,9428345.814065378,31877367.1020708,2359.9882812365286,9428580.711127516,31877257.56777185,3327.2620738513897,9428148.434351062,31876330.54723317,3327.2620738513897
9428679.400984673,31877775.845190667,2843.6251775439596,5.369740865496256,9428345.814065378,31877367.1020708,2359.9882812365286,9428778.09084183,31878294.122609477,2359.9882812365286,9429012.987903967,31878184.58831053,3327.2620738513897,9428580.711127516,31877257.56777185,3327.2620738513897
9429111.677761124,31878702.86572934,2843.6251775439596,7.354562745083161,9428778.09084183,31878294.122609477,2359.9882812365286,9429210.367618283,31879221.143148154,2359.9882812365286,9429445.264680421,31879111.608849205,3327.2620738513897,9429012.987903967,31878184.58831053,3327.2620738513897
9429543.954537578,31879629.88626802,2843.6251775439596,6.036265533454525,9429210.367618283,31879221.143148154,2359.9882812365286,9429642.644394737,31880148.163686838,2359.9882812365286,9429877.541456874,31880038.629387885,3327.2620738513897,9429445.264680421,31879111.608849205,3327.2620738513897
9429976.231314031,31880556.906806696,2843.6251775439596,4.87149065010182,9429642.644394737,31880148.163686838,2359.9882812365286,9430074.921171188,31881075.184225515,2359.9882812365286,9430309.818233324,31880965.64992656,3327.2620738513897,9429877.541456874,31880038.629387885,3327.2620738513897
9430408.508090485,31881483.92734538,2843.6251775439596,1.7309879358490416,9430074.921171188,31881075.184225515,2359.9882812365286,9430507.197947642,31882002.20476419,2359.9882812365286,9430742.095009778,31881892.670465242,3327.2620738513897,9430309.818233324,31880965.64992656,3327.2620738513897
9418971.932188397,31856344.838502105,3810.89897015882,0.3476483373910562,9418638.345269103,31855936.095382243,3327.2620738513897,9419070.622045554,31856863.11592092,3327.2620738513897,9419305.51910769,31856753.581621967,4294.535866466251,9418873.24233124,31855826.56108329,4294.535866466251
9419404.20896485,31857271.859040786,3810.89897015882,0.5980820150955626,9419070.622045554,31856863.11592092,3327.2620738513897,9419502.898822008,31857790.1364596,3327.2620738513897,9419737.795884144,31857680.602160648,4294.535866466251,9419305.51910769,31856753.581621967,4294.535866466251
9419836.485741302,31858198.879579462,3810.89897015882,0.42375246152943546,9419502.898822008,31857790.1364596,3327.2620738513897,9419935.17559846,31858717.156998277,3327.2620738513897,9420170.072660595,31858607.622699324,4294.535866466251,9419737.795884144,31857680.602160648,4294.535866466251
9420268.762517754,31859125.900118142,3810.89897015882,0.14047398055764762,9419935.17559846,31858717.156998277,3327.2620738513897,9420367.452374913,31859644.177536957,3327.2620738513897,9420602.349437049,31859534.643238004,4294.535866466251,9420170.072660595,31858607.622699324,4294.535866466251
9420701.039294207,31860052.92065682,3810.89897015882,0.04606387155639917,9420367.452374913,31859644.177536957,3327.2620738513897,9420799.729151366,31860571.198075633,3327.2620738513897,9421034.626213502,31860461.66377668,4294.535866466251,9420602.349437049,31859534.643238004,4294.535866466251
9421133.31607066,31860979.9411955,3810.89897015882,0.03735857077435676,9420799.729151366,31860571.198075633,3327.2620738513897,9421232.00592782,31861498.218614314,3327.2620738513897,9421466.902989956,31861388.684315365,4294.535866466251,9421034.626213502,31860461.66377668,4294.535866466251
9421565.592847113,31861906.961734176,3810.89897015882,0.07104832090239137,9421232.00592782,31861498.218614314,3327.2620738513897,9421664.282704271,31862425.23915299,3327.2620738513897,9421899.179766407,31862315.704854038,4294.535866466251,9421466.902989956,31861388.684315365,4294.535866466251
9421997.869623564,31862833.982272856,3810.89897015882,0.32754975860562674,9421664.282704271,31862425.23915299,3327.2620738513897,9422096.559480725,31863352.25969167,3327.2620738513897,9422331.45654286,31863242.725392718,4294.535866466251,9421899.179766407,31862315.704854038,4294.535866466251
9422430.146400018,31863761.002811532,3810.89897015882,0.46957617087684894,9422096.559480725,31863352.25969167,3327.2620738513897,9422528.836257175,31864279.280230347,3327.2620738513897,9422763.733319312,31864169.745931398,4294.535866466251,9422331.45654286,31863242.725392718,4294.535866466251
9422862.42317647,31864688.023350213,3810.89897015882,0.2625386596568817,9422528.836257175,31864279.280230347,3327.2620738513897,9422961.113033628,31865206.300769027,3327.2620738513897,9423196.010095766,31865096.76647008,4294.535866466251,9422763.733319312,31864169.745931398,4294.535866466251
9423294.699952923,31865615.043888886,3810.89897015882,0.15833269939222933,9422961.113033628,31865206.300769027,3327.2620738513897,9423393.389810082,31866133.321307704,3327.2620738513897,9423628.28687222,31866023.78700875,4294.535866466251,9423196.010095766,31865096.76647008,4294.535866466251
9423726.976729376,31866542.06442757,3810.89897015882,0.3294828732665546,9423393.389810082,31866133.321307704,3327.2620738513897,9423825.666586533,31867060.341846384,3327.2620738513897,9424060.56364867,31866950.80754743,4294.535866466251,9423628.28687222,31866023.78700875,4294.535866466251
9424159.25350583,31867469.084966246,3810.89897015882,0.598818530299594,9423825.666586533,31867060.341846384,3327.2620738513897,9424257.943362987,31867987.36238506,3327.2620738513897,9424492.840425124,31867877.82808611,4294.535866466251,9424060.56364867,31866950.80754743,4294.535866466251
9424591.530282283,31868396.105504926,3810.89897015882,0.7818367210399856,9424257.943362987,31867987.36238506,3327.2620738513897,9424690.22013944,31868914.382923745,3327.2620738513897,9424925.117201578,31868804.84862479,4294.535866466251,9424492.840425124,31867877.82808611,4294.535866466251
9425023.807058735,31869323.126043603,3810.89897015882,0.5585035927451676,9424690.22013944,31868914.382923745,3327.2620738513897,9425122.496915892,31869841.403462417,3327.2620738513897,9425357.39397803,31869731.86916347,4294.535866466251,9424925.117201578,31868804.84862479,4294.535866466251
9425456.083835186,31870250.146582283,3810.89897015882,0.5569474355373143,9425122.496915892,31869841.403462417,3327.2620738513897,9425554.773692345,31870768.424001098,3327.2620738513897,9425789.670754483,31870658.889702145,4294.535866466251,9425357.39397803,31869731.86916347,4294.535866466251
9425888.36061164,31871177.167120963,3810.89897015882,0.5618991380673628,9425554.773692345,31870768.424001098,3327.2620738513897,9425987.050468799,31871695.444539778,3327.2620738513897,9426221.947530936,31871585.910240825,4294.535866466251,9425789.670754483,31870658.889702145,4294.535866466251
9426320.637388093,31872104.18765964,3810.89897015882,1.0744361662240935,9425987.050468799,31871695.444539778,3327.2620738513897,9426419.32724525,31872622.46507846,3327.2620738513897,9426654.224307388,31872512.9307795,4294.535866466251,9426221.947530936,31871585.910240825,4294.535866466251
9426752.914164545,31873031.208198316,3810.89897015882,1.8493542190380179,9426419.32724525,31872622.46507846,3327.2620738513897,9426851.604021704,31873549.485617135,3327.2620738513897,9427086.501083842,31873439.951318182,4294.535866466251,9426654.224307388,31872512.9307795,4294.535866466251
9427185.190940998,31873958.228736997,3810.89897015882,2.0536962325385137,9426851.604021704,31873549.485617135,3327.2620738513897,9427283.880798155,31874476.506155815,3327.2620738513897,9427518.777860291,31874366.97185686,4294.535866466251,9427086.501083842,31873439.951318182,4294.535866466251
9427617.46771745,31874885.249275677,3810.89897015882,3.443680464588891,9427283.880798155,31874476.506155815,3327.2620738513897,9427716.157574609,31875403.52669449,3327.2620738513897,9427951.054636745,31875293.99239554,4294.535866466251,9427518.777860291,31874366.97185686,4294.535866466251
9428049.744493904,31875812.269814353,3810.89897015882,2.1528618161573054,9427716.157574609,31875403.52669449,3327.2620738513897,9428148.434351062,31876330.54723317,3327.2620738513897,9428383.331413198,31876221.012934215,4294.535866466251,9427951.054636745,31875293.99239554,4294.535866466251
9428482.021270357,31876739.29035303,3810.89897015882,3.8340264856219726,9428148.434351062,31876330.54723317,3327.2620738513897,9428580.711127516,31877257.56777185,3327.2620738513897,9428815.608189652,31877148.033472896,4294.535866466251,9428383.331413198,31876221.012934215,4294.535866466251
9428914.298046809,31877666.31089171,3810.89897015882,6.652848890872302,9428580.711127516,31877257.56777185,3327.2620738513897,9429012.987903967,31878184.58831053,3327.2620738513897,9429247.884966103,31878075.054011572,4294.535866466251,9428815.608189652,31877148.033472896,4294.535866466251
9429346.574823262,31878593.33143039,3810.89897015882,7.2682977070355905,9429012.987903967,31878184.58831053,3327.2620738513897,9429445.264680421,31879111.608849205,3327.2620738513897,9429680.161742557,31879002.074550252,4294.535866466251,9429247.884966103,31878075.054011572,4294.535866466251
9429778.851599716,31879520.351969067,3810.89897015882,6.84259076211508,9429445.264680421,31879111.608849205,3327.2620738513897,9429877.541456874,31880038.629387885,3327.2620738513897,9430112.43851901,31879929.09508893,4294.535866466251,9429680.161742557,31879002.074550252,4294.535866466251
9430211.128376167,31880447.372507744,3810.89897015882,4.259289845279852,9429877.541456874,31880038.629387885,3327.2620738513897,9430309.818233324,31880965.64992656,3327.2620738513897,9430544.715295462,31880856.11562761,4294.535866466251,9430112.43851901,31879929.09508893,4294.535866466251
9430643.405152619,31881374.393046424,3810.89897015882,1.3978583977419956,9430309.818233324,31880965.64992656,3327.2620738513897,9430742.095009778,31881892.670465242,3327.2620738513897,9430976.992071915,31881783.136166286,4294.535866466251,9430544.715295462,31880856.11562761,4294.535866466251
9419206.829250533,31856235.30420315,4778.172762773681,0.41785785424441896,9418873.24233124,31855826.56108329,4294.535866466251,9419305.51910769,31856753.581621967,4294.535866466251,9419540.416169828,31856644.04732302,5261.809659081112,9419108.139393376,31855717.026784334,5261.809659081112
9419639.106026985,31857162.324741833,4778.172762773681,0.4081706996313479,9419305.51910769,31856753.581621967,4294.535866466251,9419737.795884144,31857680.602160648,4294.535866466251,9419972.692946281,31857571.067861695,5261.809659081112,9419540.416169828,31856644.04732302,5261.809659081112
9420071.382803438,31858089.34528051,4778.172762773681,0.20973116034801823,9419737.795884144,31857680.602160648,4294.535866466251,9420170.072660595,31858607.622699324,4294.535866466251,9420404.969722733,31858498.08840037,5261.809659081112,9419972.692946281,31857571.067861695,5261.809659081112
9420503.65957989,31859016.36581919,4778.172762773681,0.1636590245302864,9420170.072660595,31858607.622699324,4294.535866466251,9420602.349437049,31859534.643238004,4294.535866466251,9420837.246499186,31859425.10893905,5261.809659081112,9420404.969722733,31858498.08840037,5261.809659081112
9420935.936356343,31859943.386357866,4778.172762773681,0.06064794025371787,9420602.349437049,31859534.643238004,4294.535866466251,9421034.626213502,31860461.66377668,4294.535866466251,9421269.52327564,31860352.129477732,5261.809659081112,9420837.246499186,31859425.10893905,5261.809659081112
9421368.213132797,31860870.406896546,4778.172762773681,0.06448741892651302,9421034.626213502,31860461.66377668,4294.535866466251,9421466.902989956,31861388.684315365,4294.535866466251,9421701.800052093,31861279.15001641,5261.809659081112,9421269.52327564,31860352.129477732,5261.809659081112
9421800.48990925,31861797.427435223,4778.172762773681,0.14823910378066768,9421466.902989956,31861388.684315365,4294.535866466251,9421899.179766407,31862315.704854038,4294.535866466251,9422134.076828545,31862206.17055509,5261.809659081112,9421701.800052093,31861279.15001641,5261.809659081112
9422232.766685702,31862724.447973903,4778.172762773681,0.19151537752632303,9421899.179766407,31862315.704854038,4294.535866466251,9422331.45654286,31863242.725392718,4294.535866466251,9422566.353604998,31863133.191093765,5261.809659081112,9422134.076828545,31862206.17055509,5261.809659081112
9422665.043462155,31863651.46851258,4778.172762773681,0.30076812069598197,9422331.45654286,31863242.725392718,4294.535866466251,9422763.733319312,31864169.745931398,4294.535866466251,9422998.63038145,31864060.211632445,5261.809659081112,9422566.353604998,31863133.191093765,5261.809659081112
9423097.320238609,31864578.48905126,4778.172762773681,0.2799786589009703,9422763.733319312,31864169.745931398,4294.535866466251,9423196.010095766,31865096.76647008,4294.535866466251,9423430.907157904,31864987.232171122,5261.809659081112,9422998.63038145,31864060.211632445,5261.809659081112
9423529.597015062,31865505.509589937,4778.172762773681,0.17481878442640425,9423196.010095766,31865096.76647008,4294.535866466251,9423628.28687222,31866023.78700875,4294.535866466251,9423863.183934357,31865914.252709802,5261.809659081112,9423430.907157904,31864987.232171122,5261.809659081112
9423961.873791514,31866432.530128617,4778.172762773681,0.6333343202892779,9423628.28687222,31866023.78700875,4294.535866466251,9424060.56364867,31866950.80754743,4294.535866466251,9424295.460710807,31866841.27324848,5261.809659081112,9423863.183934357,31865914.252709802,5261.809659081112
9424394.150567966,31867359.550667297,4778.172762773681,1.3585502180599103,9424060.56364867,31866950.80754743,4294.535866466251,9424492.840425124,31867877.82808611,4294.535866466251,9424727.73748726,31867768.29378716,5261.809659081112,9424295.460710807,31866841.27324848,5261.809659081112
9424826.427344419,31868286.571205974,4778.172762773681,2.0175674818394405,9424492.840425124,31867877.82808611,4294.535866466251,9424925.117201578,31868804.84862479,4294.535866466251,9425160.014263714,31868695.314325836,5261.809659081112,9424727.73748726,31867768.29378716,5261.809659081112
9425258.704120873,31869213.591744654,4778.172762773681,0.9249166682606653,9424925.117201578,31868804.84862479,4294.535866466251,9425357.39397803,31869731.86916347,4294.535866466251,9425592.291040165,31869622.334864516,5261.809659081112,9425160.014263714,31868695.314325836,5261.809659081112
9425690.980897324,31870140.61228333,4778.172762773681,0.5955791573787961,9425357.39397803,31869731.86916347,4294.535866466251,9425789.670754483,31870658.889702145,4294.535866466251,9426024.567816619,31870549.355403192,5261.809659081112,9425592.291040165,31869622.334864516,5261.809659081112
9426123.257673776,31871067.63282201,4778.172762773681,0.4984958047909921,9425789.670754483,31870658.889702145,4294.535866466251,9426221.947530936,31871585.910240825,4294.535866466251,9426456.844593072,31871476.375941873,5261.809659081112,9426024.567816619,31870549.355403192,5261.809659081112
9426555.53445023,31871994.653360687,4778.172762773681,1.1784289958992407,9426221.947530936,31871585.910240825,4294.535866466251,9426654.224307388,31872512.9307795,4294.535866466251,9426889.121369524,31872403.39648055,5261.809659081112,9426456.844593072,31871476.375941873,5261.809659081112
9426987.81122668,31872921.673899367,4778.172762773681,1.8875038455236097,9426654.224307388,31872512.9307795,4294.535866466251,9427086.501083842,31873439.951318182,4294.535866466251,9427321.398145977,31873330.417019233,5261.809659081112,9426889.121369524,31872403.39648055,5261.809659081112
9427420.088003134,31873848.69443804,4778.172762773681,2.1458551898038234,9427086.501083842,31873439.951318182,4294.535866466251,9427518.777860291,31874366.97185686,4294.535866466251,9427753.674922429,31874257.437557906,5261.809659081112,9427321.398145977,31873330.417019233,5261.809659081112
9427852.364779588,31874775.714976724,4778.172762773681,2.904701979645807,9427518.777860291,31874366.97185686,4294.535866466251,9427951.054636745,31875293.99239554,4294.535866466251,9428185.951698883,31875184.458096586,5261.809659081112,9427753.674922429,31874257.437557906,5261.809659081112
9428284.641556041,31875702.7355154,4778.172762773681,4.179329085889512,9427951.054636745,31875293.99239554,4294.535866466251,9428383.331413198,31876221.012934215,4294.535866466251,9428618.228475336,31876111.478635266,5261.809659081112,9428185.951698883,31875184.458096586,5261.809659081112
9428716.918332495,31876629.75605408,4778.172762773681,5.827241409267882,9428383.331413198,31876221.012934215,4294.535866466251,9428815.608189652,31877148.033472896,4294.535866466251,9429050.50525179,31877038.499173943,5261.809659081112,9428618.228475336,31876111.478635266,5261.809659081112
9429149.195108946,31877556.776592754,4778.172762773681,5.721856518483278,9428815.608189652,31877148.033472896,4294.535866466251,9429247.884966103,31878075.054011572,4294.535866466251,9429482.782028241,31877965.51971262,5261.809659081112,9429050.50525179,31877038.499173943,5261.809659081112
9429581.471885398,31878483.797131438,4778.172762773681,6.882898664149138,9429247.884966103,31878075.054011572,4294.535866466251,9429680.161742557,31879002.074550252,4294.535866466251,9429915.058804695,31878892.5402513,5261.809659081112,9429482.782028241,31877965.51971262,5261.809659081112
9430013.748661852,31879410.817670114,4778.172762773681,6.2530617909243755,9429680.161742557,31879002.074550252,4294.535866466251,9430112.43851901,31879929.09508893,4294.535866466251,9430347.335581148,31879819.56078998,5261.809659081112,9429915.058804695,31878892.5402513,5261.809659081112
9430446.025438305,31880337.838208795,4778.172762773681,3.804002760816305,9430112.43851901,31879929.09508893,4294.535866466251,9430544.715295462,31880856.11562761,4294.535866466251,9430779.6123576,31880746.581328657,5261.809659081112,9430347.335581148,31879819.56078998,5261.809659081112
9430878.302214757,31881264.85874747,4778.172762773681,1.2238099997731675,9430544.715295462,31880856.11562761,4294.535866466251,9430976.992071915,31881783.136166286,4294.535866466251,9431211.889134053,31881673.601867337,5261.809659081112,9430779.6123576,31880746.581328657,5261.809659081112
9419441.726312669,31856125.7699042,5745.446555388542,0.5008062954877105,9419108.139393376,31855717.026784334,5261.809659081112,9419540.416169828,31856644.04732302,5261.809659081112,9419775.313231966,31856534.513024066,6229.083451695972,9419343.036455512,31855607.492485385,6229.083451695972
9419874.003089122,31857052.79044288,5745.446555388542,0.15354495208790428,9419540.416169828,31856644.04732302,5261.809659081112,9419972.692946281,31857571.067861695,5261.809659081112,9420207.590008419,31857461.533562742,6229.083451695972,9419775.313231966,31856534.513024066,6229.083451695972
9420306.279865576,31857979.810981557,5745.446555388542,0.16103604416799397,9419972.692946281,31857571.067861695,5261.809659081112,9420404.969722733,31858498.08840037,5261.809659081112,9420639.86678487,31858388.554101422,6229.083451695972,9420207.590008419,31857461.533562742,6229.083451695972
9420738.556642028,31858906.831520233,5745.446555388542,0.08388575898793565,9420404.969722733,31858498.08840037,5261.809659081112,9420837.246499186,31859425.10893905,5261.809659081112,9421072.143561322,31859315.5746401,6229.083451695972,9420639.86678487,31858388.554101422,6229.083451695972
9421170.833418481,31859833.852058914,5745.446555388542,0.2558715792939568,9420837.246499186,31859425.10893905,5261.809659081112,9421269.52327564,31860352.129477732,5261.809659081112,9421504.420337776,31860242.595178775,6229.083451695972,9421072.143561322,31859315.5746401,6229.083451695972
9421603.110194935,31860760.872597594,5745.446555388542,0.3503038805344639,9421269.52327564,31860352.129477732,5261.809659081112,9421701.800052093,31861279.15001641,5261.809659081112,9421936.69711423,31861169.615717456,6229.083451695972,9421504.420337776,31860242.595178775,6229.083451695972
9422035.386971388,31861687.89313627,5745.446555388542,0.4376933355139922,9421701.800052093,31861279.15001641,5261.809659081112,9422134.076828545,31862206.17055509,5261.809659081112,9422368.97389068,31862096.636256132,6229.083451695972,9421936.69711423,31861169.615717456,6229.083451695972
9422467.66374784,31862614.913674947,5745.446555388542,0.41451566824969255,9422134.076828545,31862206.17055509,5261.809659081112,9422566.353604998,31863133.191093765,5261.809659081112,9422801.250667134,31863023.656794813,6229.083451695972,9422368.97389068,31862096.636256132,6229.083451695972
9422899.940524291,31863541.934213627,5745.446555388542,0.4167881523822024,9422566.353604998,31863133.191093765,5261.809659081112,9422998.63038145,31864060.211632445,5261.809659081112,9423233.527443586,31863950.67733349,6229.083451695972,9422801.250667134,31863023.656794813,6229.083451695972
9423332.217300743,31864468.954752307,5745.446555388542,0.5192585951668853,9422998.63038145,31864060.211632445,5261.809659081112,9423430.907157904,31864987.232171122,5261.809659081112,9423665.80422004,31864877.69787217,6229.083451695972,9423233.527443586,31863950.67733349,6229.083451695972
9423764.494077196,31865395.975290984,5745.446555388542,0.3917670537866341,9423430.907157904,31864987.232171122,5261.809659081112,9423863.183934357,31865914.252709802,5261.809659081112,9424098.080996491,31865804.718410846,6229.083451695972,9423665.80422004,31864877.69787217,6229.083451695972
9424196.770853648,31866322.99582966,5745.446555388542,0.6260580440938084,9423863.183934357,31865914.252709802,5261.809659081112,9424295.460710807,31866841.27324848,5261.809659081112,9424530.357772944,31866731.738949526,6229.083451695972,9424098.080996491,31865804.718410846,6229.083451695972
9424629.047630101,31867250.01636834,5745.446555388542,1.1611703409860668,9424295.460710807,31866841.27324848,5261.809659081112,9424727.73748726,31867768.29378716,5261.809659081112,9424962.634549398,31867658.759488203,6229.083451695972,9424530.357772944,31866731.738949526,6229.083451695972
9425061.324406555,31868177.03690702,5745.446555388542,1.7704997892244605,9424727.73748726,31867768.29378716,5261.809659081112,9425160.014263714,31868695.314325836,5261.809659081112,9425394.911325851,31868585.780026887,6229.083451695972,9424962.634549398,31867658.759488203,6229.083451695972
9425493.601183008,31869104.057445697,5745.446555388542,1.564279754106438,9425160.014263714,31868695.314325836,5261.809659081112,9425592.291040165,31869622.334864516,5261.809659081112,9425827.188102303,31869512.80056556,6229.083451695972,9425394.911325851,31868585.780026887,6229.083451695972
9425925.87795946,31870031.077984374,5745.446555388542,1.2308905480972236,9425592.291040165,31869622.334864516,5261.809659081112,9426024.567816619,31870549.355403192,5261.809659081112,9426259.464878757,31870439.82110424,6229.083451695972,9425827.188102303,31869512.80056556,6229.083451695972
9426358.154735914,31870958.098523058,5745.446555388542,0.7259223009592161,9426024.567816619,31870549.355403192,5261.809659081112,9426456.844593072,31871476.375941873,5261.809659081112,9426691.74165521,31871366.84164292,6229.083451695972,9426259.464878757,31870439.82110424,6229.083451695972
9426790.431512367,31871885.119061735,5745.446555388542,1.4039119029045553,9426456.844593072,31871476.375941873,5261.809659081112,9426889.121369524,31872403.39648055,5261.809659081112,9427124.018431662,31872293.8621816,6229.083451695972,9426691.74165521,31871366.84164292,6229.083451695972
9427222.70828882,31872812.139600415,5745.446555388542,1.8088214327274859,9426889.121369524,31872403.39648055,5261.809659081112,9427321.398145977,31873330.417019233,5261.809659081112,9427556.295208115,31873220.882720277,6229.083451695972,9427124.018431662,31872293.8621816,6229.083451695972
9427654.985065272,31873739.160139095,5745.446555388542,2.1706799639955245,9427321.398145977,31873330.417019233,5261.809659081112,9427753.674922429,31874257.437557906,5261.809659081112,9427988.571984567,31874147.903258957,6229.083451695972,9427556.295208115,31873220.882720277,6229.083451695972
9428087.261841724,31874666.18067777,5745.446555388542,4.742872594616167,9427753.674922429,31874257.437557906,5261.809659081112,9428185.951698883,31875184.458096586,5261.809659081112,9428420.84876102,31875074.923797633,6229.083451695972,9427988.571984567,31874147.903258957,6229.083451695972
9428519.538618177,31875593.201216448,5745.446555388542,5.625922833242529,9428185.951698883,31875184.458096586,5261.809659081112,9428618.228475336,31876111.478635266,5261.809659081112,9428853.125537474,31876001.944336314,6229.083451695972,9428420.84876102,31875074.923797633,6229.083451695972
9428951.81539463,31876520.22175513,5745.446555388542,5.6823186439571955,9428618.228475336,31876111.478635266,5261.809659081112,9429050.50525179,31877038.499173943,5261.809659081112,9429285.402313925,31876928.96487499,6229.083451695972,9428853.125537474,31876001.944336314,6229.083451695972
9429384.092171084,31877447.24229381,5745.446555388542,4.208641142713601,9429050.50525179,31877038.499173943,5261.809659081112,9429482.782028241,31877965.51971262,5261.809659081112,9429717.679090377,31877855.98541367,6229.083451695972,9429285.402313925,31876928.96487499,6229.083451695972
9429816.368947536,31878374.262832485,5745.446555388542,4.4894669442862885,9429482.782028241,31877965.51971262,5261.809659081112,9429915.058804695,31878892.5402513,5261.809659081112,9430149.95586683,31878783.005952347,6229.083451695972,9429717.679090377,31877855.98541367,6229.083451695972
9430248.64572399,31879301.283371165,5745.446555388542,5.183901051048727,9429915.058804695,31878892.5402513,5261.809659081112,9430347.335581148,31879819.56078998,5261.809659081112,9430582.232643284,31879710.026491027,6229.083451695972,9430149.95586683,31878783.005952347,6229.083451695972
9430680.92250044,31880228.303909842,5745.446555388542,3.5328999409413333,9430347.335581148,31879819.56078998,5261.809659081112,9430779.6123576,31880746.581328657,5261.809659081112,9431014.509419736,31880637.047029704,6229.083451695972,9430582.232643284,31879710.026491027,6229.083451695972
9431113.199276892,31881155.324448522,5745.446555388542,1.1851846860376185,9430779.6123576,31880746.581328657,5261.809659081112,9431211.889134053,31881673.601867337,5261.809659081112,9431446.786196189,31881564.067568384,6229.083451695972,9431014.509419736,31880637.047029704,6229.083451695972
9419676.623374805,31856016.235605247,6712.720348003403,0.42860197277977324,9419343.036455512,31855607.492485385,6229.083451695972,9419775.313231966,31856534.513024066,6229.083451695972,9420010.210294101,31856424.97872511,7196.357244310833,9419577.933517648,31855497.958186433,7196.357244310833
9420108.900151258,31856943.256143928,6712.720348003403,0.25083697783266357,9419775.313231966,31856534.513024066,6229.083451695972,9420207.590008419,31857461.533562742,6229.083451695972,9420442.487070555,31857351.99926379,7196.357244310833,9420010.210294101,31856424.97872511,7196.357244310833
9420541.176927712,31857870.276682604,6712.720348003403,0.20557789904179272,9420207.590008419,31857461.533562742,6229.083451695972,9420639.86678487,31858388.554101422,6229.083451695972,9420874.763847006,31858279.019802466,7196.357244310833,9420442.487070555,31857351.99926379,7196.357244310833
9420973.453704165,31858797.297221284,6712.720348003403,0.27914036037898005,9420639.86678487,31858388.554101422,6229.083451695972,9421072.143561322,31859315.5746401,6229.083451695972,9421307.04062346,31859206.040341146,7196.357244310833,9420874.763847006,31858279.019802466,7196.357244310833
9421405.730480619,31859724.31775996,6712.720348003403,0.43894997129642077,9421072.143561322,31859315.5746401,6229.083451695972,9421504.420337776,31860242.595178775,6229.083451695972,9421739.317399913,31860133.060879823,7196.357244310833,9421307.04062346,31859206.040341146,7196.357244310833
9421838.007257072,31860651.33829864,6712.720348003403,0.5017075976108318,9421504.420337776,31860242.595178775,6229.083451695972,9421936.69711423,31861169.615717456,6229.083451695972,9422171.594176367,31861060.081418507,7196.357244310833,9421739.317399913,31860133.060879823,7196.357244310833
9422270.284033524,31861578.358837318,6712.720348003403,0.6831544181191285,9421936.69711423,31861169.615717456,6229.083451695972,9422368.97389068,31862096.636256132,6229.083451695972,9422603.870952819,31861987.10195718,7196.357244310833,9422171.594176367,31861060.081418507,7196.357244310833
9422702.560809975,31862505.379375998,6712.720348003403,0.6734567767356461,9422368.97389068,31862096.636256132,6229.083451695972,9422801.250667134,31863023.656794813,6229.083451695972,9423036.147729272,31862914.12249586,7196.357244310833,9422603.870952819,31861987.10195718,7196.357244310833
9423134.837586429,31863432.39991468,6712.720348003403,0.6336138101684525,9422801.250667134,31863023.656794813,6229.083451695972,9423233.527443586,31863950.67733349,6229.083451695972,9423468.424505724,31863841.14303454,7196.357244310833,9423036.147729272,31862914.12249586,7196.357244310833
9423567.11436288,31864359.420453355,6712.720348003403,0.6315896790102256,9423233.527443586,31863950.67733349,6229.083451695972,9423665.80422004,31864877.69787217,6229.083451695972,9423900.701282177,31864768.16357322,7196.357244310833,9423468.424505724,31863841.14303454,7196.357244310833
9423999.391139334,31865286.440992028,6712.720348003403,0.40083688508776716,9423665.80422004,31864877.69787217,6229.083451695972,9424098.080996491,31865804.718410846,6229.083451695972,9424332.978058629,31865695.184111893,7196.357244310833,9423900.701282177,31864768.16357322,7196.357244310833
9424431.667915786,31866213.46153071,6712.720348003403,0.40821587959792405,9424098.080996491,31865804.718410846,6229.083451695972,9424530.357772944,31866731.738949526,6229.083451695972,9424765.254835082,31866622.204650577,7196.357244310833,9424332.978058629,31865695.184111893,7196.357244310833
9424863.94469224,31867140.482069388,6712.720348003403,0.7075362133258263,9424530.357772944,31866731.738949526,6229.083451695972,9424962.634549398,31867658.759488203,6229.083451695972,9425197.531611536,31867549.225189254,7196.357244310833,9424765.254835082,31866622.204650577,7196.357244310833
9425296.221468693,31868067.50260807,6712.720348003403,1.3672516336314398,9424962.634549398,31867658.759488203,6229.083451695972,9425394.911325851,31868585.780026887,6229.083451695972,9425629.80838799,31868476.245727934,7196.357244310833,9425197.531611536,31867549.225189254,7196.357244310833
9425728.498245146,31868994.523146745,6712.720348003403,1.7391426927096592,9425394.911325851,31868585.780026887,6229.083451695972,9425827.188102303,31869512.80056556,6229.083451695972,9426062.085164439,31869403.26626661,7196.357244310833,9425629.80838799,31868476.245727934,7196.357244310833
9426160.7750216,31869921.543685425,6712.720348003403,1.4643349338305136,9425827.188102303,31869512.80056556,6229.083451695972,9426259.464878757,31870439.82110424,6229.083451695972,9426494.361940892,31870330.286805287,7196.357244310833,9426062.085164439,31869403.26626661,7196.357244310833
9426593.051798053,31870848.564224105,6712.720348003403,1.2605767395666754,9426259.464878757,31870439.82110424,6229.083451695972,9426691.74165521,31871366.84164292,6229.083451695972,9426926.638717346,31871257.307343967,7196.357244310833,9426494.361940892,31870330.286805287,7196.357244310833
9427025.328574505,31871775.58476278,6712.720348003403,2.0360546266926582,9426691.74165521,31871366.84164292,6229.083451695972,9427124.018431662,31872293.8621816,6229.083451695972,9427358.915493798,31872184.327882644,7196.357244310833,9426926.638717346,31871257.307343967,7196.357244310833
9427457.605350956,31872702.60530146,6712.720348003403,1.9955423161205963,9427124.018431662,31872293.8621816,6229.083451695972,9427556.295208115,31873220.882720277,6229.083451695972,9427791.192270251,31873111.348421324,7196.357244310833,9427358.915493798,31872184.327882644,7196.357244310833
9427889.882127408,31873629.62584014,6712.720348003403,3.8801460136865153,9427556.295208115,31873220.882720277,6229.083451695972,9427988.571984567,31874147.903258957,6229.083451695972,9428223.469046703,31874038.36896,7196.357244310833,9427791.192270251,31873111.348421324,7196.357244310833
9428322.15890386,31874556.64637882,6712.720348003403,5.823919074237174,9427988.571984567,31874147.903258957,6229.083451695972,9428420.84876102,31875074.923797633,6229.083451695972,9428655.745823156,31874965.38949868,7196.357244310833,9428223.469046703,31874038.36896,7196.357244310833
9428754.435680313,31875483.666917495,6712.720348003403,5.305265852534683,9428420.84876102,31875074.923797633,6229.083451695972,9428853.125537474,31876001.944336314,6229.083451695972,9429088.02259961,31875892.410037357,7196.357244310833,9428655.745823156,31874965.38949868,7196.357244310833
9429186.712456767,31876410.687456172,6712.720348003403,6.616696299544162,9428853.125537474,31876001.944336314,6229.083451695972,9429285.402313925,31876928.96487499,6229.083451695972,9429520.299376063,31876819.430576038,7196.357244310833,9429088.02259961,31875892.410037357,7196.357244310833
9429618.98923322,31877337.707994852,6712.720348003403,5.250595316810376,9429285.402313925,31876928.96487499,6229.083451695972,9429717.679090377,31877855.98541367,6229.083451695972,9429952.576152515,31877746.451114714,7196.357244310833,9429520.299376063,31876819.430576038,7196.357244310833
9430051.266009672,31878264.728533532,6712.720348003403,4.825438539918271,9429717.679090377,31877855.98541367,6229.083451695972,9430149.95586683,31878783.005952347,6229.083451695972,9430384.852928968,31878673.471653394,7196.357244310833,9429952.576152515,31877746.451114714,7196.357244310833
9430483.542786125,31879191.74907221,6712.720348003403,3.7181279927219775,9430149.95586683,31878783.005952347,6229.083451695972,9430582.232643284,31879710.026491027,6229.083451695972,9430817.12970542,31879600.49219207,7196.357244310833,9430384.852928968,31878673.471653394,7196.357244310833
9430915.819562579,31880118.769610886,6712.720348003403,1.931038167673071,9430582.232643284,31879710.026491027,6229.083451695972,9431014.509419736,31880637.047029704,6229.083451695972,9431249.406481873,31880527.512730755,7196.357244310833,9430817.12970542,31879600.49219207,7196.357244310833
9431348.096339032,31881045.79014957,6712.720348003403,1.4796794236712856,9431014.509419736,31880637.047029704,6229.083451695972,9431446.786196189,31881564.067568384,6229.083451695972,9431681.683258327,31881454.533269428,7196.357244310833,9431249.406481873,31880527.512730755,7196.357244310833
9419911.520436944,31855906.70130629,7679.994140618264,0.4488614268123223,9419577.933517648,31855497.958186433,7196.357244310833,9420010.210294101,31856424.97872511,7196.357244310833,9420245.10735624,31856315.44442616,8163.631036925695,9419812.830579786,31855388.423887476,8163.631036925695
9420343.797213398,31856833.721844975,7679.994140618264,0.156154293290679,9420010.210294101,31856424.97872511,7196.357244310833,9420442.487070555,31857351.99926379,7196.357244310833,9420677.384132693,31857242.464964837,8163.631036925695,9420245.10735624,31856315.44442616,8163.631036925695
9420776.07398985,31857760.74238365,7679.994140618264,0.23494383732214597,9420442.487070555,31857351.99926379,7196.357244310833,9420874.763847006,31858279.019802466,7196.357244310833,9421109.660909144,31858169.485503513,8163.631036925695,9420677.384132693,31857242.464964837,8163.631036925695
9421208.350766301,31858687.76292233,7679.994140618264,0.6005182390517504,9420874.763847006,31858279.019802466,7196.357244310833,9421307.04062346,31859206.040341146,7196.357244310833,9421541.937685598,31859096.506042194,8163.631036925695,9421109.660909144,31858169.485503513,8163.631036925695
9421640.627542755,31859614.78346101,7679.994140618264,1.331180598641035,9421307.04062346,31859206.040341146,7196.357244310833,9421739.317399913,31860133.060879823,7196.357244310833,9421974.214462051,31860023.526580874,8163.631036925695,9421541.937685598,31859096.506042194,8163.631036925695
9422072.904319208,31860541.80399969,7679.994140618264,1.0269176644147942,9421739.317399913,31860133.060879823,7196.357244310833,9422171.594176367,31861060.081418507,7196.357244310833,9422406.491238505,31860950.54711955,8163.631036925695,9421974.214462051,31860023.526580874,8163.631036925695
9422505.181095662,31861468.824538365,7679.994140618264,1.2552721345558902,9422171.594176367,31861060.081418507,7196.357244310833,9422603.870952819,31861987.10195718,7196.357244310833,9422838.768014956,31861877.56765823,8163.631036925695,9422406.491238505,31860950.54711955,8163.631036925695
9422937.457872113,31862395.845077045,7679.994140618264,1.9222224118738724,9422603.870952819,31861987.10195718,7196.357244310833,9423036.147729272,31862914.12249586,7196.357244310833,9423271.044791408,31862804.588196907,8163.631036925695,9422838.768014956,31861877.56765823,8163.631036925695
9423369.734648567,31863322.86561572,7679.994140618264,0.6928330299804629,9423036.147729272,31862914.12249586,7196.357244310833,9423468.424505724,31863841.14303454,7196.357244310833,9423703.32156786,31863731.608735587,8163.631036925695,9423271.044791408,31862804.588196907,8163.631036925695
9423802.011425018,31864249.886154402,7679.994140618264,0.42536464080423947,9423468.424505724,31863841.14303454,7196.357244310833,9423900.701282177,31864768.16357322,7196.357244310833,9424135.598344313,31864658.629274264,8163.631036925695,9423703.32156786,31863731.608735587,8163.631036925695
9424234.288201472,31865176.90669308,7679.994140618264,0.3688607254175792,9423900.701282177,31864768.16357322,7196.357244310833,9424332.978058629,31865695.184111893,7196.357244310833,9424567.875120765,31865585.649812944,8163.631036925695,9424135.598344313,31864658.629274264,8163.631036925695
9424666.564977923,31866103.92723176,7679.994140618264,0.5671848532478587,9424332.978058629,31865695.184111893,7196.357244310833,9424765.254835082,31866622.204650577,7196.357244310833,9425000.151897218,31866512.67035162,8163.631036925695,9424567.875120765,31865585.649812944,8163.631036925695
9425098.841754377,31867030.94777044,7679.994140618264,0.9231824030404834,9424765.254835082,31866622.204650577,7196.357244310833,9425197.531611536,31867549.225189254,7196.357244310833,9425432.428673672,31867439.6908903,8163.631036925695,9425000.151897218,31866512.67035162,8163.631036925695
9425531.11853083,31867957.968309116,7679.994140618264,1.264186041160322,9425197.531611536,31867549.225189254,7196.357244310833,9425629.80838799,31868476.245727934,7196.357244310833,9425864.705450125,31868366.711428978,8163.631036925695,9425432.428673672,31867439.6908903,8163.631036925695
9425963.395307282,31868884.988847796,7679.994140618264,1.5940187642717443,9425629.80838799,31868476.245727934,7196.357244310833,9426062.085164439,31869403.26626661,7196.357244310833,9426296.982226577,31869293.731967658,8163.631036925695,9425864.705450125,31868366.711428978,8163.631036925695
9426395.672083734,31869812.009386472,7679.994140618264,1.1219594910274948,9426062.085164439,31869403.26626661,7196.357244310833,9426494.361940892,31870330.286805287,7196.357244310833,9426729.25900303,31870220.752506334,8163.631036925695,9426296.982226577,31869293.731967658,8163.631036925695
9426827.948860187,31870739.029925153,7679.994140618264,1.391297939761302,9426494.361940892,31870330.286805287,7196.357244310833,9426926.638717346,31871257.307343967,7196.357244310833,9427161.535779484,31871147.773045015,8163.631036925695,9426729.25900303,31870220.752506334,8163.631036925695
9427260.22563664,31871666.05046383,7679.994140618264,2.335701521358603,9426926.638717346,31871257.307343967,7196.357244310833,9427358.915493798,31872184.327882644,7196.357244310833,9427593.812555935,31872074.79358369,8163.631036925695,9427161.535779484,31871147.773045015,8163.631036925695
9427692.502413092,31872593.07100251,7679.994140618264,2.1749698626278735,9427358.915493798,31872184.327882644,7196.357244310833,9427791.192270251,31873111.348421324,7196.357244310833,9428026.089332389,31873001.814122375,8163.631036925695,9427593.812555935,31872074.79358369,8163.631036925695
9428124.779189546,31873520.091541186,7679.994140618264,2.162516766402346,9427791.192270251,31873111.348421324,7196.357244310833,9428223.469046703,31874038.36896,7196.357244310833,9428458.36610884,31873928.834661048,8163.631036925695,9428026.089332389,31873001.814122375,8163.631036925695
9428557.055965997,31874447.112079866,7679.994140618264,2.3975047073067746,9428223.469046703,31874038.36896,7196.357244310833,9428655.745823156,31874965.38949868,7196.357244310833,9428890.642885294,31874855.85519973,8163.631036925695,9428458.36610884,31873928.834661048,8163.631036925695
9428989.33274245,31875374.132618543,7679.994140618264,3.5251435283917583,9428655.745823156,31874965.38949868,7196.357244310833,9429088.02259961,31875892.410037357,7196.357244310833,9429322.919661747,31875782.87573841,8163.631036925695,9428890.642885294,31874855.85519973,8163.631036925695
9429421.609518904,31876301.153157223,7679.994140618264,6.6683953145625905,9429088.02259961,31875892.410037357,7196.357244310833,9429520.299376063,31876819.430576038,7196.357244310833,9429755.1964382,31876709.89627709,8163.631036925695,9429322.919661747,31875782.87573841,8163.631036925695
9429853.886295358,31877228.173695896,7679.994140618264,5.971189745948573,9429520.299376063,31876819.430576038,7196.357244310833,9429952.576152515,31877746.451114714,7196.357244310833,9430187.473214652,31877636.91681576,8163.631036925695,9429755.1964382,31876709.89627709,8163.631036925695
9430286.163071811,31878155.19423458,7679.994140618264,3.635809916898821,9429952.576152515,31877746.451114714,7196.357244310833,9430384.852928968,31878673.471653394,7196.357244310833,9430619.749991106,31878563.937354445,8163.631036925695,9430187.473214652,31877636.91681576,8163.631036925695
9430718.439848263,31879082.214773256,7679.994140618264,2.064097569637735,9430384.852928968,31878673.471653394,7196.357244310833,9430817.12970542,31879600.49219207,7196.357244310833,9431052.026767556,31879490.957893122,8163.631036925695,9430619.749991106,31878563.937354445,8163.631036925695
9431150.716624714,31880009.235311937,7679.994140618264,1.4562459868390094,9430817.12970542,31879600.49219207,7196.357244310833,9431249.406481873,31880527.512730755,7196.357244310833,9431484.30354401,31880417.9784318,8163.631036925695,9431052.026767556,31879490.957893122,8163.631036925695
9431582.993401168,31880936.255850613,7679.994140618264,1.4963614462599089,9431249.406481873,31880527.512730755,7196.357244310833,9431681.683258327,31881454.533269428,7196.357244310833,9431916.580320463,31881344.99897048,8163.631036925695,9431484.30354401,31880417.9784318,8163.631036925695
9420146.41749908,31855797.167007342,8647.267933233124,0.547511543896978,9419812.830579786,31855388.423887476,8163.631036925695,9420245.10735624,31856315.44442616,8163.631036925695,9420480.004418375,31856205.910127208,9130.904829540556,9420047.727641921,31855278.889588527,9130.904829540556
9420578.694275534,31856724.187546022,8647.267933233124,0.5950174819699123,9420245.10735624,31856315.44442616,8163.631036925695,9420677.384132693,31857242.464964837,8163.631036925695,9420912.281194828,31857132.930665884,9130.904829540556,9420480.004418375,31856205.910127208,9130.904829540556
9421010.971051987,31857651.2080847,8647.267933233124,1.0702970248781936,9420677.384132693,31857242.464964837,8163.631036925695,9421109.660909144,31858169.485503513,8163.631036925695,9421344.55797128,31858059.951204564,9130.904829540556,9420912.281194828,31857132.930665884,9130.904829540556
9421443.247828439,31858578.228623375,8647.267933233124,1.162663175483311,9421109.660909144,31858169.485503513,8163.631036925695,9421541.937685598,31859096.506042194,8163.631036925695,9421776.834747734,31858986.97174324,9130.904829540556,9421344.55797128,31858059.951204564,9130.904829540556
9421875.52460489,31859505.249162056,8647.267933233124,1.699935526486359,9421541.937685598,31859096.506042194,8163.631036925695,9421974.214462051,31860023.526580874,8163.631036925695,9422209.111524187,31859913.99228192,9130.904829540556,9421776.834747734,31858986.97174324,9130.904829540556
9422307.801381344,31860432.269700736,8647.267933233124,2.191040710098788,9421974.214462051,31860023.526580874,8163.631036925695,9422406.491238505,31860950.54711955,8163.631036925695,9422641.388300639,31860841.012820598,9130.904829540556,9422209.111524187,31859913.99228192,9130.904829540556
9422740.078157797,31861359.290239412,8647.267933233124,2.3208180782042946,9422406.491238505,31860950.54711955,8163.631036925695,9422838.768014956,31861877.56765823,8163.631036925695,9423073.665077092,31861768.033359278,9130.904829540556,9422641.388300639,31860841.012820598,9130.904829540556
9423172.35493425,31862286.31077809,8647.267933233124,2.195891283406774,9422838.768014956,31861877.56765823,8163.631036925695,9423271.044791408,31862804.588196907,8163.631036925695,9423505.941853546,31862695.053897955,9130.904829540556,9423073.665077092,31861768.033359278,9130.904829540556
9423604.631710703,31863213.33131677,8647.267933233124,0.7263782002483438,9423271.044791408,31862804.588196907,8163.631036925695,9423703.32156786,31863731.608735587,8163.631036925695,9423938.218629997,31863622.07443663,9130.904829540556,9423505.941853546,31862695.053897955,9130.904829540556
9424036.908487156,31864140.35185545,8647.267933233124,0.4520550548289975,9423703.32156786,31863731.608735587,8163.631036925695,9424135.598344313,31864658.629274264,8163.631036925695,9424370.49540645,31864549.09497531,9130.904829540556,9423938.218629997,31863622.07443663,9130.904829540556
9424469.185263608,31865067.372394126,8647.267933233124,0.38746739816348663,9424135.598344313,31864658.629274264,8163.631036925695,9424567.875120765,31865585.649812944,8163.631036925695,9424802.772182902,31865476.115513988,9130.904829540556,9424370.49540645,31864549.09497531,9130.904829540556
9424901.46204006,31865994.392932802,8647.267933233124,0.5162356611577498,9424567.875120765,31865585.649812944,8163.631036925695,9425000.151897218,31866512.67035162,8163.631036925695,9425235.048959356,31866403.136052668,9130.904829540556,9424802.772182902,31865476.115513988,9130.904829540556
9425333.738816513,31866921.413471483,8647.267933233124,0.8827537514429318,9425000.151897218,31866512.67035162,8163.631036925695,9425432.428673672,31867439.6908903,8163.631036925695,9425667.32573581,31867330.156591345,9130.904829540556,9425235.048959356,31866403.136052668,9130.904829540556
9425766.015592966,31867848.434010163,8647.267933233124,1.2105904628066742,9425432.428673672,31867439.6908903,8163.631036925695,9425864.705450125,31868366.711428978,8163.631036925695,9426099.602512263,31868257.17713003,9130.904829540556,9425667.32573581,31867330.156591345,9130.904829540556
9426198.29236942,31868775.45454884,8647.267933233124,1.203303605433966,9425864.705450125,31868366.711428978,8163.631036925695,9426296.982226577,31869293.731967658,8163.631036925695,9426531.879288714,31869184.1976687,9130.904829540556,9426099.602512263,31868257.17713003,9130.904829540556
9426630.569145871,31869702.475087516,8647.267933233124,1.1464022883228968,9426296.982226577,31869293.731967658,8163.631036925695,9426729.25900303,31870220.752506334,8163.631036925695,9426964.156065168,31870111.21820738,9130.904829540556,9426531.879288714,31869184.1976687,9130.904829540556
9427062.845922325,31870629.4956262,8647.267933233124,1.4552880706035165,9426729.25900303,31870220.752506334,8163.631036925695,9427161.535779484,31871147.773045015,8163.631036925695,9427396.43284162,31871038.238746062,9130.904829540556,9426964.156065168,31870111.21820738,9130.904829540556
9427495.122698778,31871556.516164877,8647.267933233124,3.0529094910782897,9427161.535779484,31871147.773045015,8163.631036925695,9427593.812555935,31872074.79358369,8163.631036925695,9427828.709618073,31871965.259284742,9130.904829540556,9427396.43284162,31871038.238746062,9130.904829540556
9427927.39947523,31872483.536703557,8647.267933233124,1.8868005653603965,9427593.812555935,31872074.79358369,8163.631036925695,9428026.089332389,31873001.814122375,8163.631036925695,9428260.986394525,31872892.27982342,9130.904829540556,9427828.709618073,31871965.259284742,9130.904829540556
9428359.676251683,31873410.557242237,8647.267933233124,1.791284717803557,9428026.089332389,31873001.814122375,8163.631036925695,9428458.36610884,31873928.834661048,8163.631036925695,9428693.263170976,31873819.3003621,9130.904829540556,9428260.986394525,31872892.27982342,9130.904829540556
9428791.953028137,31874337.577780914,8647.267933233124,2.9849493762774473,9428458.36610884,31873928.834661048,8163.631036925695,9428890.642885294,31874855.85519973,8163.631036925695,9429125.53994743,31874746.320900775,9130.904829540556,9428693.263170976,31873819.3003621,9130.904829540556
9429224.22980459,31875264.59831959,8647.267933233124,2.7543477761569934,9428890.642885294,31874855.85519973,8163.631036925695,9429322.919661747,31875782.87573841,8163.631036925695,9429557.816723883,31875673.341439456,9130.904829540556,9429125.53994743,31874746.320900775,9130.904829540556
9429656.506581042,31876191.61885827,8647.267933233124,4.48162334947653,9429322.919661747,31875782.87573841,8163.631036925695,9429755.1964382,31876709.89627709,8163.631036925695,9429990.093500337,31876600.361978132,9130.904829540556,9429557.816723883,31875673.341439456,9130.904829540556
9430088.783357494,31877118.63939695,8647.267933233124,4.362874959187345,9429755.1964382,31876709.89627709,8163.631036925695,9430187.473214652,31877636.91681576,8163.631036925695,9430422.370276788,31877527.382516813,9130.904829540556,9429990.093500337,31876600.361978132,9130.904829540556
9430521.060133945,31878045.659935627,8647.267933233124,2.7458807163612087,9430187.473214652,31877636.91681576,8163.631036925695,9430619.749991106,31878563.937354445,8163.631036925695,9430854.647053242,31878454.40305549,9130.904829540556,9430422.370276788,31877527.382516813,9130.904829540556
9430953.336910399,31878972.680474307,8647.267933233124,3.4771781781753957,9430619.749991106,31878563.937354445,8163.631036925695,9431052.026767556,31879490.957893122,8163.631036925695,9431286.923829693,31879381.42359417,9130.904829540556,9430854.647053242,31878454.40305549,9130.904829540556
9431385.61368685,31879899.701012984,8647.267933233124,1.7501882029606066,9431052.026767556,31879490.957893122,8163.631036925695,9431484.30354401,31880417.9784318,8163.631036925695,9431719.200606147,31880308.444132846,9130.904829540556,9431286.923829693,31879381.42359417,9130.904829540556
9431817.890463304,31880826.721551664,8647.267933233124,1.866587569722911,9431484.30354401,31880417.9784318,8163.631036925695,9431916.580320463,31881344.99897048,8163.631036925695,9432151.4773826,31881235.464671526,9130.904829540556,9431719.200606147,31880308.444132846,9130.904829540556
9420381.314561216,31855687.63270839,9614.541725847985,0.83169475667392,9420047.727641921,31855278.889588527,9130.904829540556,9420480.004418375,31856205.910127208,9130.904829540556,9420714.901480513,31856096.37582825,10098.178622155416,9420282.62470406,31855169.355289575,10098.178622155416
9420813.59133767,31856614.65324707,9614.541725847985,1.2345053234791599,9420480.004418375,31856205.910127208,9130.904829540556,9420912.281194828,31857132.930665884,9130.904829540556,9421147.178256966,31857023.39636693,10098.178622155416,9420714.901480513,31856096.37582825,10098.178622155416
9421245.868114123,31857541.673785746,9614.541725847985,2.709744513572274,9420912.281194828,31857132.930665884,9130.904829540556,9421344.55797128,31858059.951204564,9130.904829540556,9421579.455033418,31857950.416905608,10098.178622155416,9421147.178256966,31857023.39636693,10098.178622155416
9421678.144890575,31858468.694324426,9614.541725847985,3.12968378861272,9421344.55797128,31858059.951204564,9130.904829540556,9421776.834747734,31858986.97174324,9130.904829540556,9422011.731809871,31858877.43744429,10098.178622155416,9421579.455033418,31857950.416905608,10098.178622155416
9422110.421667028,31859395.714863103,9614.541725847985,3.55594736483072,9421776.834747734,31858986.97174324,9130.904829540556,9422209.111524187,31859913.99228192,9130.904829540556,9422444.008586325,31859804.457982965,10098.178622155416,9422011.731809871,31858877.43744429,10098.178622155416
9422542.698443482,31860322.735401783,9614.541725847985,6.2188100726698625,9422209.111524187,31859913.99228192,9130.904829540556,9422641.388300639,31860841.012820598,9130.904829540556,9422876.285362776,31860731.47852165,10098.178622155416,9422444.008586325,31859804.457982965,10098.178622155416
9422974.975219935,31861249.75594046,9614.541725847985,3.7141886706784586,9422641.388300639,31860841.012820598,9130.904829540556,9423073.665077092,31861768.033359278,9130.904829540556,9423308.56213923,31861658.49906032,10098.178622155416,9422876.285362776,31860731.47852165,10098.178622155416
9423407.251996389,31862176.77647914,9614.541725847985,1.5621864193171568,9423073.665077092,31861768.033359278,9130.904829540556,9423505.941853546,31862695.053897955,9130.904829540556,9423740.838915683,31862585.519599,10098.178622155416,9423308.56213923,31861658.49906032,10098.178622155416
9423839.52877284,31863103.79701782,9614.541725847985,1.0948144925564625,9423505.941853546,31862695.053897955,9130.904829540556,9423938.218629997,31863622.07443663,9130.904829540556,9424173.115692135,31863512.540137682,10098.178622155416,9423740.838915683,31862585.519599,10098.178622155416
9424271.805549292,31864030.817556497,9614.541725847985,0.9317253657150578,9423938.218629997,31863622.07443663,9130.904829540556,9424370.49540645,31864549.09497531,9130.904829540556,9424605.392468588,31864439.560676362,10098.178622155416,9424173.115692135,31863512.540137682,10098.178622155416
9424704.082325745,31864957.838095173,9614.541725847985,0.3344842642420693,9424370.49540645,31864549.09497531,9130.904829540556,9424802.772182902,31865476.115513988,9130.904829540556,9425037.669245038,31865366.581215035,10098.178622155416,9424605.392468588,31864439.560676362,10098.178622155416
9425136.359102197,31865884.858633853,9614.541725847985,0.24712817161835499,9424802.772182902,31865476.115513988,9130.904829540556,9425235.048959356,31866403.136052668,9130.904829540556,9425469.946021492,31866293.60175372,10098.178622155416,9425037.669245038,31865366.581215035,10098.178622155416
9425568.63587865,31866811.879172534,9614.541725847985,0.5854496826655459,9425235.048959356,31866403.136052668,9130.904829540556,9425667.32573581,31867330.156591345,9130.904829540556,9425902.222797945,31867220.622292396,10098.178622155416,9425469.946021492,31866293.60175372,10098.178622155416
9426000.912655104,31867738.89971121,9614.541725847985,0.8564933211365242,9425667.32573581,31867330.156591345,9130.904829540556,9426099.602512263,31868257.17713003,9130.904829540556,9426334.499574399,31868147.642831076,10098.178622155416,9425902.222797945,31867220.622292396,10098.178622155416
9426433.189431556,31868665.920249887,9614.541725847985,0.698014559212369,9426099.602512263,31868257.17713003,9130.904829540556,9426531.879288714,31869184.1976687,9130.904829540556,9426766.77635085,31869074.663369752,10098.178622155416,9426334.499574399,31868147.642831076,10098.178622155416
9426865.466208007,31869592.940788567,9614.541725847985,1.012245163969262,9426531.879288714,31869184.1976687,9130.904829540556,9426964.156065168,31870111.21820738,9130.904829540556,9427199.053127304,31870001.683908433,10098.178622155416,9426766.77635085,31869074.663369752,10098.178622155416
9427297.74298446,31870519.961327247,9614.541725847985,1.1346634918117295,9426964.156065168,31870111.21820738,9130.904829540556,9427396.43284162,31871038.238746062,9130.904829540556,9427631.329903755,31870928.70444711,10098.178622155416,9427199.053127304,31870001.683908433,10098.178622155416
9427730.019760914,31871446.981865924,9614.541725847985,1.5861162297270066,9427396.43284162,31871038.238746062,9130.904829540556,9427828.709618073,31871965.259284742,9130.904829540556,9428063.606680209,31871855.72498579,10098.178622155416,9427631.329903755,31870928.70444711,10098.178622155416
9428162.296537368,31872374.0024046,9614.541725847985,2.332215646199113,9427828.709618073,31871965.259284742,9130.904829540556,9428260.986394525,31872892.27982342,9130.904829540556,9428495.883456662,31872782.745524466,10098.178622155416,9428063.606680209,31871855.72498579,10098.178622155416
9428594.57331382,31873301.02294328,9614.541725847985,2.0224405240174264,9428260.986394525,31872892.27982342,9130.904829540556,9428693.263170976,31873819.3003621,9130.904829540556,9428928.160233114,31873709.766063143,10098.178622155416,9428495.883456662,31872782.745524466,10098.178622155416
9429026.85009027,31874228.04348196,9614.541725847985,2.183310214339105,9428693.263170976,31873819.3003621,9130.904829540556,9429125.53994743,31874746.320900775,9130.904829540556,9429360.437009567,31874636.786601823,10098.178622155416,9428928.160233114,31873709.766063143,10098.178622155416
9429459.126866724,31875155.064020637,9614.541725847985,2.4553400099990115,9429125.53994743,31874746.320900775,9130.904829540556,9429557.816723883,31875673.341439456,9130.904829540556,9429792.71378602,31875563.8071405,10098.178622155416,9429360.437009567,31874636.786601823,10098.178622155416
9429891.403643178,31876082.084559314,9614.541725847985,3.8307165820957856,9429557.816723883,31875673.341439456,9130.904829540556,9429990.093500337,31876600.361978132,9130.904829540556,9430224.990562474,31876490.82767918,10098.178622155416,9429792.71378602,31875563.8071405,10098.178622155416
9430323.680419631,31877009.105097994,9614.541725847985,4.759396850193358,9429990.093500337,31876600.361978132,9130.904829540556,9430422.370276788,31877527.382516813,9130.904829540556,9430657.267338926,31877417.848217856,10098.178622155416,9430224.990562474,31876490.82767918,10098.178622155416
9430755.957196083,31877936.125636674,9614.541725847985,3.767938224700569,9430422.370276788,31877527.382516813,9130.904829540556,9430854.647053242,31878454.40305549,9130.904829540556,9431089.54411538,31878344.868756536,10098.178622155416,9430657.267338926,31877417.848217856,10098.178622155416
9431188.233972536,31878863.14617535,9614.541725847985,4.41911400866499,9430854.647053242,31878454.40305549,9130.904829540556,9431286.923829693,31879381.42359417,9130.904829540556,9431521.820891831,31879271.889295213,10098.178622155416,9431089.54411538,31878344.868756536,10098.178622155416
9431620.510748988,31879790.166714028,9614.541725847985,2.9731049414969335,9431286.923829693,31879381.42359417,9130.904829540556,9431719.200606147,31880308.444132846,9130.904829540556,9431954.097668285,31880198.909833897,10098.178622155416,9431521.820891831,31879271.889295213,10098.178622155416
9432052.787525441,31880717.18725271,9614.541725847985,2.528085549537358,9431719.200606147,31880308.444132846,9130.904829540556,9432151.4773826,31881235.464671526,9130.904829540556,9432386.374444736,31881125.93037257,10098.178622155416,9431954.097668285,31880198.909833897,10098.178622155416
9420616.211623354,31855578.098409433,10581.815518462847,1.279531274665721,9420282.62470406,31855169.355289575,10098.178622155416,9420714.901480513,31856096.37582825,10098.178622155416,9420949.79854265,31855986.841529302,11065.452414770278,9420517.521766197,31855059.820990622,11065.452414770278
9421048.488399807,31856505.118948117,10581.815518462847,2.2248148675665083,9420714.901480513,31856096.37582825,10098.178622155416,9421147.178256966,31857023.39636693,10098.178622155416,9421382.075319104,31856913.86206798,11065.452414770278,9420949.79854265,31855986.841529302,11065.452414770278
9421480.76517626,31857432.139486793,10581.815518462847,3.3976942685830087,9421147.178256966,31857023.39636693,10098.178622155416,9421579.455033418,31857950.416905608,10098.178622155416,9421814.352095554,31857840.882606655,11065.452414770278,9421382.075319104,31856913.86206798,11065.452414770278
9421913.041952714,31858359.160025474,10581.815518462847,6.150267069661276,9421579.455033418,31857950.416905608,10098.178622155416,9422011.731809871,31858877.43744429,10098.178622155416,9422246.628872007,31858767.903145336,11065.452414770278,9421814.352095554,31857840.882606655,11065.452414770278
9422345.318729168,31859286.18056415,10581.815518462847,5.683550987975685,9422011.731809871,31858877.43744429,10098.178622155416,9422444.008586325,31859804.457982965,10098.178622155416,9422678.90564846,31859694.923684016,11065.452414770278,9422246.628872007,31858767.903145336,11065.452414770278
9422777.59550562,31860213.20110283,10581.815518462847,7.160172725433513,9422444.008586325,31859804.457982965,10098.178622155416,9422876.285362776,31860731.47852165,10098.178622155416,9423111.182424912,31860621.944222692,11065.452414770278,9422678.90564846,31859694.923684016,11065.452414770278
9423209.872282071,31861140.221641507,10581.815518462847,7.056919414726164,9422876.285362776,31860731.47852165,10098.178622155416,9423308.56213923,31861658.49906032,10098.178622155416,9423543.459201366,31861548.964761373,11065.452414770278,9423111.182424912,31860621.944222692,11065.452414770278
9423642.149058523,31862067.242180187,10581.815518462847,4.459535250201185,9423308.56213923,31861658.49906032,10098.178622155416,9423740.838915683,31862585.519599,10098.178622155416,9423975.73597782,31862475.98530005,11065.452414770278,9423543.459201366,31861548.964761373,11065.452414770278
9424074.425834976,31862994.262718864,10581.815518462847,1.5676356684109527,9423740.838915683,31862585.519599,10098.178622155416,9424173.115692135,31863512.540137682,10098.178622155416,9424408.01275427,31863403.00583873,11065.452414770278,9423975.73597782,31862475.98530005,11065.452414770278
9424506.702611428,31863921.283257544,10581.815518462847,1.2303283881302038,9424173.115692135,31863512.540137682,10098.178622155416,9424605.392468588,31864439.560676362,10098.178622155416,9424840.289530724,31864330.026377406,11065.452414770278,9424408.01275427,31863403.00583873,11065.452414770278
9424938.979387881,31864848.30379622,10581.815518462847,0.5473208205503127,9424605.392468588,31864439.560676362,10098.178622155416,9425037.669245038,31865366.581215035,10098.178622155416,9425272.566307176,31865257.046916086,11065.452414770278,9424840.289530724,31864330.026377406,11065.452414770278
9425371.256164333,31865775.3243349,10581.815518462847,0.26639242171642047,9425037.669245038,31865366.581215035,10098.178622155416,9425469.946021492,31866293.60175372,10098.178622155416,9425704.84308363,31866184.067454763,11065.452414770278,9425272.566307176,31865257.046916086,11065.452414770278
9425803.532940786,31866702.34487358,10581.815518462847,0.3673168669492013,9425469.946021492,31866293.60175372,10098.178622155416,9425902.222797945,31867220.622292396,10098.178622155416,9426137.119860083,31867111.087993443,11065.452414770278,9425704.84308363,31866184.067454763,11065.452414770278
9426235.80971724,31867629.365412258,10581.815518462847,0.41935957202223434,9425902.222797945,31867220.622292396,10098.178622155416,9426334.499574399,31868147.642831076,10098.178622155416,9426569.396636536,31868038.10853212,11065.452414770278,9426137.119860083,31867111.087993443,11065.452414770278
9426668.086493693,31868556.385950938,10581.815518462847,0.2863134576620682,9426334.499574399,31868147.642831076,10098.178622155416,9426766.77635085,31869074.663369752,10098.178622155416,9427001.673412988,31868965.1290708,11065.452414770278,9426569.396636536,31868038.10853212,11065.452414770278
9427100.363270147,31869483.406489614,10581.815518462847,0.6948668096999153,9426766.77635085,31869074.663369752,10098.178622155416,9427199.053127304,31870001.683908433,10098.178622155416,9427433.950189441,31869892.149609476,11065.452414770278,9427001.673412988,31868965.1290708,11065.452414770278
9427532.640046598,31870410.427028295,10581.815518462847,1.0629584901931322,9427199.053127304,31870001.683908433,10098.178622155416,9427631.329903755,31870928.70444711,10098.178622155416,9427866.226965893,31870819.170148157,11065.452414770278,9427433.950189441,31869892.149609476,11065.452414770278
9427964.91682305,31871337.44756697,10581.815518462847,1.4506875687032692,9427631.329903755,31870928.70444711,10098.178622155416,9428063.606680209,31871855.72498579,10098.178622155416,9428298.503742347,31871746.190686833,11065.452414770278,9427866.226965893,31870819.170148157,11065.452414770278
9428397.193599503,31872264.46810565,10581.815518462847,1.837816520026086,9428063.606680209,31871855.72498579,10098.178622155416,9428495.883456662,31872782.745524466,10098.178622155416,9428730.7805188,31872673.211225517,11065.452414770278,9428298.503742347,31871746.190686833,11065.452414770278
9428829.470375957,31873191.488644328,10581.815518462847,1.9429858400766689,9428495.883456662,31872782.745524466,10098.178622155416,9428928.160233114,31873709.766063143,10098.178622155416,9429163.057295252,31873600.23176419,11065.452414770278,9428730.7805188,31872673.211225517,11065.452414770278
9429261.747152409,31874118.50918301,10581.815518462847,2.487242274928027,9428928.160233114,31873709.766063143,10098.178622155416,9429360.437009567,31874636.786601823,10098.178622155416,9429595.334071705,31874527.25230287,11065.452414770278,9429163.057295252,31873600.23176419,11065.452414770278
9429694.023928862,31875045.52972169,10581.815518462847,2.1082326866212546,9429360.437009567,31874636.786601823,10098.178622155416,9429792.71378602,31875563.8071405,10098.178622155416,9430027.610848157,31875454.27284155,11065.452414770278,9429595.334071705,31874527.25230287,11065.452414770278
9430126.300705316,31875972.550260365,10581.815518462847,1.6438927027379062,9429792.71378602,31875563.8071405,10098.178622155416,9430224.990562474,31876490.82767918,10098.178622155416,9430459.88762461,31876381.29338023,11065.452414770278,9430027.610848157,31875454.27284155,11065.452414770278
9430558.577481769,31876899.57079904,10581.815518462847,2.5099573865352247,9430224.990562474,31876490.82767918,10098.178622155416,9430657.267338926,31877417.848217856,10098.178622155416,9430892.164401062,31877308.313918903,11065.452414770278,9430459.88762461,31876381.29338023,11065.452414770278
9430990.85425822,31877826.59133772,10581.815518462847,4.244161261451522,9430657.267338926,31877417.848217856,10098.178622155416,9431089.54411538,31878344.868756536,10098.178622155416,9431324.441177515,31878235.334457587,11065.452414770278,9430892.164401062,31877308.313918903,11065.452414770278
9431423.131034672,31878753.6118764,10581.815518462847,3.3753491731794427,9431089.54411538,31878344.868756536,10098.178622155416,9431521.820891831,31879271.889295213,10098.178622155416,9431756.717953967,31879162.354996264,11065.452414770278,9431324.441177515,31878235.334457587,11065.452414770278
9431855.407811126,31879680.63241508,10581.815518462847,1.8119644579567797,9431521.820891831,31879271.889295213,10098.178622155416,9431954.097668285,31880198.909833897,10098.178622155416,9432188.99473042,31880089.375534944,11065.452414770278,9431756.717953967,31879162.354996264,11065.452414770278
9432287.684587577,31880607.652953755,10581.815518462847,1.5181324957503335,9431954.097668285,31880198.909833897,10098.178622155416,9432386.374444736,31881125.93037257,10098.178622155416,9432621.271506872,31881016.39607362,11065.452414770278,9432188.99473042,31880089.375534944,11065.452414770278
9420851.108685492,31855468.564110484,11549.089311077709,1.5257367298454554,9420517.521766197,31855059.820990622,11065.452414770278,9420949.79854265,31855986.841529302,11065.452414770278,9421184.695604786,31855877.30723035,12032.726207385138,9420752.418828333,31854950.28669167,12032.726207385138
9421283.385461945,31856395.584649168,11549.089311077709,2.6477835624330086,9420949.79854265,31855986.841529302,11065.452414770278,9421382.075319104,31856913.86206798,11065.452414770278,9421616.97238124,31856804.327769026,12032.726207385138,9421184.695604786,31855877.30723035,12032.726207385138
9421715.662238397,31857322.60518784,11549.089311077709,5.372490390263264,9421382.075319104,31856913.86206798,11065.452414770278,9421814.352095554,31857840.882606655,11065.452414770278,9422049.249157691,31857731.348307706,12032.726207385138,9421616.97238124,31856804.327769026,12032.726207385138
9422147.939014848,31858249.62572652,11549.089311077709,6.269655619227608,9421814.352095554,31857840.882606655,11065.452414770278,9422246.628872007,31858767.903145336,11065.452414770278,9422481.525934145,31858658.368846383,12032.726207385138,9422049.249157691,31857731.348307706,12032.726207385138
9422580.215791302,31859176.646265198,11549.089311077709,6.8877765691428365,9422246.628872007,31858767.903145336,11065.452414770278,9422678.90564846,31859694.923684016,11065.452414770278,9422913.802710598,31859585.389385063,12032.726207385138,9422481.525934145,31858658.368846383,12032.726207385138
9423012.492567755,31860103.666803878,11549.089311077709,7.267599346276383,9422678.90564846,31859694.923684016,11065.452414770278,9423111.182424912,31860621.944222692,11065.452414770278,9423346.07948705,31860512.40992374,12032.726207385138,9422913.802710598,31859585.389385063,12032.726207385138
9423444.769344207,31861030.687342554,11549.089311077709,7.23240832982101,9423111.182424912,31860621.944222692,11065.452414770278,9423543.459201366,31861548.964761373,11065.452414770278,9423778.356263503,31861439.43046242,12032.726207385138,9423346.07948705,31860512.40992374,12032.726207385138
9423877.04612066,31861957.70788123,11549.089311077709,6.763071120006514,9423543.459201366,31861548.964761373,11065.452414770278,9423975.73597782,31862475.98530005,11065.452414770278,9424210.633039955,31862366.451001097,12032.726207385138,9423778.356263503,31861439.43046242,12032.726207385138
9424309.322897114,31862884.72841991,11549.089311077709,3.5849106090950174,9423975.73597782,31862475.98530005,11065.452414770278,9424408.01275427,31863403.00583873,11065.452414770278,9424642.909816409,31863293.471539777,12032.726207385138,9424210.633039955,31862366.451001097,12032.726207385138
9424741.599673565,31863811.74895859,11549.089311077709,1.5037215167868472,9424408.01275427,31863403.00583873,11065.452414770278,9424840.289530724,31864330.026377406,11065.452414770278,9425075.186592862,31864220.492078453,12032.726207385138,9424642.909816409,31863293.471539777,12032.726207385138
9425173.876450019,31864738.769497268,11549.089311077709,0.5912677324012198,9424840.289530724,31864330.026377406,11065.452414770278,9425272.566307176,31865257.046916086,11065.452414770278,9425507.463369314,31865147.512617134,12032.726207385138,9425075.186592862,31864220.492078453,12032.726207385138
9425606.153226472,31865665.790035944,11549.089311077709,0.33314128431885925,9425272.566307176,31865257.046916086,11065.452414770278,9425704.84308363,31866184.067454763,11065.452414770278,9425939.740145767,31866074.53315581,12032.726207385138,9425507.463369314,31865147.512617134,12032.726207385138
9426038.430002926,31866592.810574625,11549.089311077709,0.2139338747579914,9425704.84308363,31866184.067454763,11065.452414770278,9426137.119860083,31867111.087993443,11065.452414770278,9426372.01692222,31867001.553694487,12032.726207385138,9425939.740145767,31866074.53315581,12032.726207385138
9426470.70677938,31867519.831113305,11549.089311077709,0.15810869032543767,9426137.119860083,31867111.087993443,11065.452414770278,9426569.396636536,31868038.10853212,11065.452414770278,9426804.293698672,31867928.57423317,12032.726207385138,9426372.01692222,31867001.553694487,12032.726207385138
9426902.983555831,31868446.85165198,11549.089311077709,0.22407082535840198,9426569.396636536,31868038.10853212,11065.452414770278,9427001.673412988,31868965.1290708,11065.452414770278,9427236.570475124,31868855.594771843,12032.726207385138,9426804.293698672,31867928.57423317,12032.726207385138
9427335.260332283,31869373.872190658,11549.089311077709,0.39605341120789733,9427001.673412988,31868965.1290708,11065.452414770278,9427433.950189441,31869892.149609476,11065.452414770278,9427668.847251577,31869782.615310524,12032.726207385138,9427236.570475124,31868855.594771843,12032.726207385138
9427767.537108736,31870300.892729342,11549.089311077709,0.7729847843293146,9427433.950189441,31869892.149609476,11065.452414770278,9427866.226965893,31870819.170148157,11065.452414770278,9428101.124028029,31870709.635849204,12032.726207385138,9427668.847251577,31869782.615310524,12032.726207385138
9428199.813885188,31871227.91326802,11549.089311077709,1.116483683196389,9427866.226965893,31870819.170148157,11065.452414770278,9428298.503742347,31871746.190686833,11065.452414770278,9428533.400804482,31871636.656387884,12032.726207385138,9428101.124028029,31870709.635849204,12032.726207385138
9428632.09066164,31872154.9338067,11549.089311077709,1.2428875022747368,9428298.503742347,31871746.190686833,11065.452414770278,9428730.7805188,31872673.211225517,11065.452414770278,9428965.677580936,31872563.67692656,12032.726207385138,9428533.400804482,31871636.656387884,12032.726207385138
9429064.367438093,31873081.95434538,11549.089311077709,1.1424111953659797,9428730.7805188,31872673.211225517,11065.452414770278,9429163.057295252,31873600.23176419,11065.452414770278,9429397.954357387,31873490.69746524,12032.726207385138,9428965.677580936,31872563.67692656,12032.726207385138
9429496.644214544,31874008.974884056,11549.089311077709,1.8281386850333403,9429163.057295252,31873600.23176419,11065.452414770278,9429595.334071705,31874527.25230287,11065.452414770278,9429830.231133841,31874417.718003917,12032.726207385138,9429397.954357387,31873490.69746524,12032.726207385138
9429928.920990998,31874935.995422732,11549.089311077709,2.6123857319078834,9429595.334071705,31874527.25230287,11065.452414770278,9430027.610848157,31875454.27284155,11065.452414770278,9430262.507910294,31875344.738542598,12032.726207385138,9429830.231133841,31874417.718003917,12032.726207385138
9430361.197767451,31875863.015961412,11549.089311077709,2.321719137259298,9430027.610848157,31875454.27284155,11065.452414770278,9430459.88762461,31876381.29338023,11065.452414770278,9430694.784686748,31876271.759081274,12032.726207385138,9430262.507910294,31875344.738542598,12032.726207385138
9430793.474543905,31876790.036500093,11549.089311077709,3.7365882521067832,9430459.88762461,31876381.29338023,11065.452414770278,9430892.164401062,31877308.313918903,11065.452414770278,9431127.0614632,31877198.779619955,12032.726207385138,9430694.784686748,31876271.759081274,12032.726207385138
9431225.751320358,31877717.05703877,11549.089311077709,1.941743096155291,9430892.164401062,31877308.313918903,11065.452414770278,9431324.441177515,31878235.334457587,11065.452414770278,9431559.338239653,31878125.80015863,12032.726207385138,9431127.0614632,31877198.779619955,12032.726207385138
9431658.02809681,31878644.07757745,11549.089311077709,2.047817710504433,9431324.441177515,31878235.334457587,11065.452414770278,9431756.717953967,31879162.354996264,11065.452414770278,9431991.615016105,31879052.82069731,12032.726207385138,9431559.338239653,31878125.80015863,12032.726207385138
9432090.304873262,31879571.098116126,11549.089311077709,1.48175240369441,9431756.717953967,31879162.354996264,11065.452414770278,9432188.99473042,31880089.375534944,11065.452414770278,9432423.891792558,31879979.841235988,12032.726207385138,9431991.615016105,31879052.82069731,12032.726207385138
9432522.581649715,31880498.118654806,11549.089311077709,1.4126047500262466,9432188.99473042,31880089.375534944,11065.452414770278,9432621.271506872,31881016.39607362,11065.452414770278,9432856.16856901,31880906.861774668,12032.726207385138,9432423.891792558,31879979.841235988,12032.726207385138
9421086.005747627,31855359.02981153,12516.363103692569,1.6318404496627172,9420752.418828333,31854950.28669167,12032.726207385138,9421184.695604786,31855877.30723035,12032.726207385138,9421419.592666924,31855767.772931393,13000.0,9420987.31589047,31854840.752392717,13000.0
9421518.282524081,31856286.05035021,12516.363103692569,4.2907157627377766,9421184.695604786,31855877.30723035,12032.726207385138,9421616.97238124,31856804.327769026,12032.726207385138,9421851.869443377,31856694.793470073,13000.0,9421419.592666924,31855767.772931393,13000.0
9421950.559300534,31857213.070888888,12516.363103692569,6.841928060749822,9421616.97238124,31856804.327769026,12032.726207385138,9422049.249157691,31857731.348307706,12032.726207385138,9422284.14621983,31857621.81400875,13000.0,9421851.869443377,31856694.793470073,13000.0
9422382.836076986,31858140.09142757,12516.363103692569,5.5401813650972125,9422049.249157691,31857731.348307706,12032.726207385138,9422481.525934145,31858658.368846383,12032.726207385138,9422716.422996283,31858548.83454743,13000.0,9422284.14621983,31857621.81400875,13000.0
9422815.11285344,31859067.111966245,12516.363103692569,5.643599787932099,9422481.525934145,31858658.368846383,12032.726207385138,9422913.802710598,31859585.389385063,12032.726207385138,9423148.699772736,31859475.855086107,13000.0,9422716.422996283,31858548.83454743,13000.0
9423247.389629893,31859994.132504925,12516.363103692569,6.816690329492926,9422913.802710598,31859585.389385063,12032.726207385138,9423346.07948705,31860512.40992374,12032.726207385138,9423580.976549186,31860402.87562479,13000.0,9423148.699772736,31859475.855086107,13000.0
9423679.666406345,31860921.1530436,12516.363103692569,7.331861537854286,9423346.07948705,31860512.40992374,12032.726207385138,9423778.356263503,31861439.43046242,12032.726207385138,9424013.25332564,31861329.896163464,13000.0,9423580.976549186,31860402.87562479,13000.0
9424111.943182798,31861848.173582282,12516.363103692569,7.076507229535544,9423778.356263503,31861439.43046242,12032.726207385138,9424210.633039955,31862366.451001097,12032.726207385138,9424445.53010209,31862256.916702148,13000.0,9424013.25332564,31861329.896163464,13000.0
9424544.219959252,31862775.194120962,12516.363103692569,5.8634607240802925,9424210.633039955,31862366.451001097,12032.726207385138,9424642.909816409,31863293.471539777,12032.726207385138,9424877.806878544,31863183.937240824,13000.0,9424445.53010209,31862256.916702148,13000.0
9424976.496735703,31863702.21465964,12516.363103692569,2.0689031572292462,9424642.909816409,31863293.471539777,12032.726207385138,9425075.186592862,31864220.492078453,12032.726207385138,9425310.083654998,31864110.957779504,13000.0,9424877.806878544,31863183.937240824,13000.0
9425408.773512155,31864629.23519832,12516.363103692569,0.7905323979604404,9425075.186592862,31864220.492078453,12032.726207385138,9425507.463369314,31865147.512617134,12032.726207385138,9425742.36043145,31865037.97831818,13000.0,9425310.083654998,31864110.957779504,13000.0
9425841.050288606,31865556.255736995,12516.363103692569,0.40506766848490516,9425507.463369314,31865147.512617134,12032.726207385138,9425939.740145767,31866074.53315581,12032.726207385138,9426174.637207903,31865964.99885686,13000.0,9425742.36043145,31865037.97831818,13000.0
9426273.32706506,31866483.276275676,12516.363103692569,0.1185684785826315,9425939.740145767,31866074.53315581,12032.726207385138,9426372.01692222,31867001.553694487,12032.726207385138,9426606.913984356,31866892.019395538,13000.0,9426174.637207903,31865964.99885686,13000.0
9426705.603841513,31867410.296814352,12516.363103692569,0.15843757841635883,9426372.01692222,31867001.553694487,12032.726207385138,9426804.293698672,31867928.57423317,12032.726207385138,9427039.19076081,31867819.039934218,13000.0,9426606.913984356,31866892.019395538,13000.0
9427137.880617967,31868337.317353033,12516.363103692569,0.3652416456740092,9426804.293698672,31867928.57423317,12032.726207385138,9427236.570475124,31868855.594771843,12032.726207385138,9427471.467537262,31868746.060472894,13000.0,9427039.19076081,31867819.039934218,13000.0
9427570.157394418,31869264.33789171,12516.363103692569,0.5867097820011515,9427236.570475124,31868855.594771843,12032.726207385138,9427668.847251577,31869782.615310524,12032.726207385138,9427903.744313715,31869673.081011575,13000.0,9427471.467537262,31868746.060472894,13000.0
9428002.434170872,31870191.35843039,12516.363103692569,0.6225859420438153,9427668.847251577,31869782.615310524,12032.726207385138,9428101.124028029,31870709.635849204,12032.726207385138,9428336.021090167,31870600.10155025,13000.0,9427903.744313715,31869673.081011575,13000.0
9428434.710947324,31871118.378969066,12516.363103692569,1.0761729467176189,9428101.124028029,31870709.635849204,12032.726207385138,9428533.400804482,31871636.656387884,12032.726207385138,9428768.29786662,31871527.12208893,13000.0,9428336.021090167,31870600.10155025,13000.0
9428866.987723777,31872045.399507742,12516.363103692569,1.1431357170101573,9428533.400804482,31871636.656387884,12032.726207385138,9428965.677580936,31872563.67692656,12032.726207385138,9429200.574643074,31872454.142627608,13000.0,9428768.29786662,31871527.12208893,13000.0
9429299.26450023,31872972.420046423,12516.363103692569,1.1895063174827134,9428965.677580936,31872563.67692656,12032.726207385138,9429397.954357387,31873490.69746524,12032.726207385138,9429632.851419525,31873381.16316629,13000.0,9429200.574643074,31872454.142627608,13000.0
9429731.541276684,31873899.440585103,12516.363103692569,1.1607079100484228,9429397.954357387,31873490.69746524,12032.726207385138,9429830.231133841,31874417.718003917,12032.726207385138,9430065.128195979,31874308.183704965,13000.0,9429632.851419525,31873381.16316629,13000.0
9430163.818053138,31874826.46112378,12516.363103692569,1.325635986137714,9429830.231133841,31874417.718003917,12032.726207385138,9430262.507910294,31875344.738542598,12032.726207385138,9430497.404972432,31875235.204243645,13000.0,9430065.128195979,31874308.183704965,13000.0
9430596.09482959,31875753.481662456,12516.363103692569,2.008136570215987,9430262.507910294,31875344.738542598,12032.726207385138,9430694.784686748,31876271.759081274,12032.726207385138,9430929.681748884,31876162.22478232,13000.0,9430497.404972432,31875235.204243645,13000.0
9431028.371606043,31876680.502201136,12516.363103692569,1.9794207076140395,9430694.784686748,31876271.759081274,12032.726207385138,9431127.0614632,31877198.779619955,12032.726207385138,9431361.958525337,31877089.245320998,13000.0,9430929.681748884,31876162.22478232,13000.0
9431460.648382494,31877607.522739816,12516.363103692569,1.1892056247828757,9431127.0614632,31877198.779619955,12032.726207385138,9431559.338239653,31878125.80015863,12032.726207385138,9431794.235301789,31878016.26585968,13000.0,9431361.958525337,31877089.245320998,13000.0
9431892.925158948,31878534.543278493,12516.363103692569,1.7347976667641696,9431559.338239653,31878125.80015863,12032.726207385138,9431991.615016105,31879052.82069731,12032.726207385138,9432226.51207824,31878943.286398355,13000.0,9431794.235301789,31878016.26585968,13000.0
9432325.2019354,31879461.56381717,12516.363103692569,1.4842697210780376,9431991.615016105,31879052.82069731,12032.726207385138,9432423.891792558,31879979.841235988,12032.726207385138,9432658.788854694,31879870.30693704,13000.0,9432226.51207824,31878943.286398355,13000.0
9432757.478711853,31880388.584355853,12516.363103692569,1.207345899722593,9432423.891792558,31879979.841235988,12032.726207385138,9432856.16856901,31880906.861774668,12032.726207385138,9433091.065631146,31880797.32747571,13000.0,9432658.788854694,31879870.30693704,13000.0
9421320.902809765,31855249.49551258,13483.636896307431,2.4373162708207072,9420987.31589047,31854840.752392717,13000.0,9421419.592666924,31855767.772931393,13000.0,9421654.48972906,31855658.238632444,13967.273792614862,9421222.212952606,31854731.218093768,13967.273792614862
9421753.179586219,31856176.51605126,13483.636896307431,4.709952805398424,9421419.592666924,31855767.772931393,13000.0,9421851.869443377,31856694.793470073,13000.0,9422086.766505513,31856585.259171125,13967.273792614862,9421654.48972906,31855658.238632444,13967.273792614862
9422185.45636267,31857103.536589935,13483.636896307431,6.7705687443342315,9421851.869443377,31856694.793470073,13000.0,9422284.14621983,31857621.81400875,13000.0,9422519.043281965,31857512.2797098,13967.273792614862,9422086.766505513,31856585.259171125,13967.273792614862
9422617.733139122,31858030.557128616,13483.636896307431,4.535286830192438,9422284.14621983,31857621.81400875,13000.0,9422716.422996283,31858548.83454743,13000.0,9422951.320058418,31858439.300248478,13967.273792614862,9422519.043281965,31857512.2797098,13967.273792614862
9423050.009915575,31858957.577667292,13483.636896307431,4.780192403555713,9422716.422996283,31858548.83454743,13000.0,9423148.699772736,31859475.855086107,13000.0,9423383.596834872,31859366.320787158,13967.273792614862,9422951.320058418,31858439.300248478,13967.273792614862
9423482.286692029,31859884.598205972,13483.636896307431,5.092272820854138,9423148.699772736,31859475.855086107,13000.0,9423580.976549186,31860402.87562479,13000.0,9423815.873611324,31860293.341325834,13967.273792614862,9423383.596834872,31859366.320787158,13967.273792614862
9423914.563468482,31860811.61874465,13483.636896307431,6.39954839004734,9423580.976549186,31860402.87562479,13000.0,9424013.25332564,31861329.896163464,13000.0,9424248.150387777,31861220.361864515,13967.273792614862,9423815.873611324,31860293.341325834,13967.273792614862
9424346.840244934,31861738.63928333,13483.636896307431,7.479123059858867,9424013.25332564,31861329.896163464,13000.0,9424445.53010209,31862256.916702148,13000.0,9424680.427164229,31862147.38240319,13967.273792614862,9424248.150387777,31861220.361864515,13967.273792614862
9424779.117021386,31862665.65982201,13483.636896307431,6.0352297643381165,9424445.53010209,31862256.916702148,13000.0,9424877.806878544,31863183.937240824,13000.0,9425112.703940682,31863074.40294187,13967.273792614862,9424680.427164229,31862147.38240319,13967.273792614862
9425211.393797839,31863592.680360686,13483.636896307431,1.4412157726455503,9424877.806878544,31863183.937240824,13000.0,9425310.083654998,31864110.957779504,13000.0,9425544.980717136,31864001.423480548,13967.273792614862,9425112.703940682,31863074.40294187,13967.273792614862
9425643.670574293,31864519.700899366,13483.636896307431,0.9323696280002141,9425310.083654998,31864110.957779504,13000.0,9425742.36043145,31865037.97831818,13000.0,9425977.257493587,31864928.44401923,13967.273792614862,9425544.980717136,31864001.423480548,13967.273792614862
9426075.947350744,31865446.721438043,13483.636896307431,0.6708206891030474,9425742.36043145,31865037.97831818,13000.0,9426174.637207903,31865964.99885686,13000.0,9426409.53427004,31865855.464557905,13967.273792614862,9425977.257493587,31864928.44401923,13967.273792614862
9426508.224127198,31866373.741976723,13483.636896307431,0.56020964786348,9426174.637207903,31865964.99885686,13000.0,9426606.913984356,31866892.019395538,13000.0,9426841.811046494,31866782.485096585,13967.273792614862,9426409.53427004,31865855.464557905,13967.273792614862
9426940.500903651,31867300.7625154,13483.636896307431,0.6010920897017069,9426606.913984356,31866892.019395538,13000.0,9427039.19076081,31867819.039934218,13000.0,9427274.087822948,31867709.50563526,13967.273792614862,9426841.811046494,31866782.485096585,13967.273792614862
9427372.777680105,31868227.78305408,13483.636896307431,0.6106846721216066,9427039.19076081,31867819.039934218,13000.0,9427471.467537262,31868746.060472894,13000.0,9427706.3645994,31868636.52617394,13967.273792614862,9427274.087822948,31867709.50563526,13967.273792614862
9427805.054456556,31869154.803592756,13483.636896307431,0.8237253193232595,9427471.467537262,31868746.060472894,13000.0,9427903.744313715,31869673.081011575,13000.0,9428138.641375853,31869563.54671262,13967.273792614862,9427706.3645994,31868636.52617394,13967.273792614862
9428237.33123301,31870081.824131437,13483.636896307431,1.0214092039863611,9427903.744313715,31869673.081011575,13000.0,9428336.021090167,31870600.10155025,13000.0,9428570.918152303,31870490.5672513,13967.273792614862,9428138.641375853,31869563.54671262,13967.273792614862
9428669.608009463,31871008.844670113,13483.636896307431,0.9937357021730344,9428336.021090167,31870600.10155025,13000.0,9428768.29786662,31871527.12208893,13000.0,9429003.194928756,31871417.587789975,13967.273792614862,9428570.918152303,31870490.5672513,13967.273792614862
9429101.884785917,31871935.865208793,13483.636896307431,1.0196435054519775,9428768.29786662,31871527.12208893,13000.0,9429200.574643074,31872454.142627608,13000.0,9429435.47170521,31872344.60832866,13967.273792614862,9429003.194928756,31871417.587789975,13967.273792614862
9429534.161562368,31872862.88574747,13483.636896307431,1.272790182713071,9429200.574643074,31872454.142627608,13000.0,9429632.851419525,31873381.16316629,13000.0,9429867.748481661,31873271.628867332,13967.273792614862,9429435.47170521,31872344.60832866,13967.273792614862
9429966.43833882,31873789.90628615,13483.636896307431,1.1462600034935344,9429632.851419525,31873381.16316629,13000.0,9430065.128195979,31874308.183704965,13000.0,9430300.025258115,31874198.649406012,13967.273792614862,9429867.748481661,31873271.628867332,13967.273792614862
9430398.715115272,31874716.92682483,13483.636896307431,1.0437200665198838,9430065.128195979,31874308.183704965,13000.0,9430497.404972432,31875235.204243645,13000.0,9430732.302034568,31875125.669944692,13967.273792614862,9430300.025258115,31874198.649406012,13967.273792614862
9430830.991891725,31875643.947363507,13483.636896307431,1.0932182352500135,9430497.404972432,31875235.204243645,13000.0,9430929.681748884,31876162.22478232,13000.0,9431164.57881102,31876052.690483373,13967.273792614862,9430732.302034568,31875125.669944692,13967.273792614862
9431263.268668177,31876570.967902184,13483.636896307431,0.8555332138975603,9430929.681748884,31876162.22478232,13000.0,9431361.958525337,31877089.245320998,13000.0,9431596.855587473,31876979.711022045,13967.273792614862,9431164.57881102,31876052.690483373,13967.273792614862
9431695.54544463,31877497.988440864,13483.636896307431,0.9811757859740188,9431361.958525337,31877089.245320998,13000.0,9431794.235301789,31878016.26585968,13000.0,9432029.132363927,31877906.73156073,13967.273792614862,9431596.855587473,31876979.711022045,13967.273792614862
9432127.822221084,31878425.008979544,13483.636896307431,1.2160486967745558,9431794.235301789,31878016.26585968,13000.0,9432226.51207824,31878943.286398355,13000.0,9432461.409140378,31878833.752099406,13967.273792614862,9432029.132363927,31877906.73156073,13967.273792614862
9432560.098997535,31879352.02951822,13483.636896307431,1.0936792354116944,9432226.51207824,31878943.286398355,13000.0,9432658.788854694,31879870.30693704,13000.0,9432893.685916832,31879760.772638086,13967.273792614862,9432461.409140378,31878833.752099406,13967.273792614862
9432992.375773989,31880279.0500569,13483.636896307431,0.8592835330285384,9432658.788854694,31879870.30693704,13000.0,9433091.065631146,31880797.32747571,13000.0,9433325.962693283,31880687.793176763,13967.273792614862,9432893.685916832,31879760.772638086,13967.273792614862
9421555.799871901,31855139.961213626,14450.910688922291,3.227577437366552,9421222.212952606,31854731.218093768,13967.273792614862,9421654.48972906,31855658.238632444,13967.273792614862,9421889.386791198,31855548.70433349,14934.547585229722,9421457.110014744,31854621.68379481,14934.547585229722
9421988.076648355,31856066.98175231,14450.910688922291,5.381069571434375,9421654.48972906,31855658.238632444,13967.273792614862,9422086.766505513,31856585.259171125,13967.273792614862,9422321.663567651,31856475.72487217,14934.547585229722,9421889.386791198,31855548.70433349,14934.547585229722
9422420.353424808,31856994.002290983,14450.910688922291,6.843859133582875,9422086.766505513,31856585.259171125,13967.273792614862,9422519.043281965,31857512.2797098,13967.273792614862,9422753.940344103,31857402.74541085,14934.547585229722,9422321.663567651,31856475.72487217,14934.547585229722
9422852.630201261,31857921.022829663,14450.910688922291,5.474020052164703,9422519.043281965,31857512.2797098,13967.273792614862,9422951.320058418,31858439.300248478,13967.273792614862,9423186.217120556,31858329.765949525,14934.547585229722,9422753.940344103,31857402.74541085,14934.547585229722
9423284.906977715,31858848.04336834,14450.910688922291,3.9207590559910974,9422951.320058418,31858439.300248478,13967.273792614862,9423383.596834872,31859366.320787158,13967.273792614862,9423618.49389701,31859256.786488205,14934.547585229722,9423186.217120556,31858329.765949525,14934.547585229722
9423717.183754167,31859775.063907024,14450.910688922291,3.560084631366849,9423383.596834872,31859366.320787158,13967.273792614862,9423815.873611324,31860293.341325834,13967.273792614862,9424050.770673461,31860183.80702688,14934.547585229722,9423618.49389701,31859256.786488205,14934.547585229722
9424149.460530618,31860702.084445696,14450.910688922291,5.801383630078919,9423815.873611324,31860293.341325834,13967.273792614862,9424248.150387777,31861220.361864515,13967.273792614862,9424483.047449915,31861110.827565562,14934.547585229722,9424050.770673461,31860183.80702688,14934.547585229722
9424581.737307072,31861629.104984377,14450.910688922291,7.110974088285549,9424248.150387777,31861220.361864515,13967.273792614862,9424680.427164229,31862147.38240319,13967.273792614862,9424915.324226366,31862037.84810424,14934.547585229722,9424483.047449915,31861110.827565562,14934.547585229722
9425014.014083523,31862556.125523053,14450.910688922291,6.239831127577399,9424680.427164229,31862147.38240319,13967.273792614862,9425112.703940682,31863074.40294187,13967.273792614862,9425347.60100282,31862964.86864292,14934.547585229722,9424915.324226366,31862037.84810424,14934.547585229722
9425446.290859977,31863483.146061733,14450.910688922291,1.2155787892583592,9425112.703940682,31863074.40294187,13967.273792614862,9425544.980717136,31864001.423480548,13967.273792614862,9425779.877779271,31863891.8891816,14934.547585229722,9425347.60100282,31862964.86864292,14934.547585229722
9425878.56763643,31864410.16660041,14450.910688922291,0.6087009262451683,9425544.980717136,31864001.423480548,13967.273792614862,9425977.257493587,31864928.44401923,13967.273792614862,9426212.154555723,31864818.909720276,14934.547585229722,9425779.877779271,31863891.8891816,14934.547585229722
9426310.844412882,31865337.187139086,14450.910688922291,0.8981596804913917,9425977.257493587,31864928.44401923,13967.273792614862,9426409.53427004,31865855.464557905,13967.273792614862,9426644.431332177,31865745.930258952,14934.547585229722,9426212.154555723,31864818.909720276,14934.547585229722
9426743.121189335,31866264.20767777,14450.910688922291,0.9912114247270082,9426409.53427004,31865855.464557905,13967.273792614862,9426841.811046494,31866782.485096585,13967.273792614862,9427076.70810863,31866672.950797636,14934.547585229722,9426644.431332177,31865745.930258952,14934.547585229722
9427175.397965787,31867191.228216447,14450.910688922291,0.5216508785164381,9426841.811046494,31866782.485096585,13967.273792614862,9427274.087822948,31867709.50563526,13967.273792614862,9427508.984885084,31867599.971336313,14934.547585229722,9427076.70810863,31866672.950797636,14934.547585229722
9427607.67474224,31868118.248755123,14450.910688922291,0.6035932687841706,9427274.087822948,31867709.50563526,13967.273792614862,9427706.3645994,31868636.52617394,13967.273792614862,9427941.261661535,31868526.99187499,14934.547585229722,9427508.984885084,31867599.971336313,14934.547585229722
9428039.951518694,31869045.2692938,14450.910688922291,0.9950069866136911,9427706.3645994,31868636.52617394,13967.273792614862,9428138.641375853,31869563.54671262,13967.273792614862,9428373.538437989,31869454.01241367,14934.547585229722,9427941.261661535,31868526.99187499,14934.547585229722
9428472.228295146,31869972.289832484,14450.910688922291,1.097079600182243,9428138.641375853,31869563.54671262,13967.273792614862,9428570.918152303,31870490.5672513,13967.273792614862,9428805.81521444,31870381.032952346,14934.547585229722,9428373.538437989,31869454.01241367,14934.547585229722
9428904.505071597,31870899.31037116,14450.910688922291,0.7724386889750906,9428570.918152303,31870490.5672513,13967.273792614862,9429003.194928756,31871417.587789975,13967.273792614862,9429238.091990894,31871308.053491026,14934.547585229722,9428805.81521444,31870381.032952346,14934.547585229722
9429336.78184805,31871826.33090984,14450.910688922291,0.9504365545883822,9429003.194928756,31871417.587789975,13967.273792614862,9429435.47170521,31872344.60832866,13967.273792614862,9429670.368767347,31872235.074029703,14934.547585229722,9429238.091990894,31871308.053491026,14934.547585229722
9429769.058624504,31872753.35144852,14450.910688922291,1.1601293439119067,9429435.47170521,31872344.60832866,13967.273792614862,9429867.748481661,31873271.628867332,13967.273792614862,9430102.645543799,31873162.094568383,14934.547585229722,9429670.368767347,31872235.074029703,14934.547585229722
9430201.335400956,31873680.371987198,14450.910688922291,1.3652230713714977,9429867.748481661,31873271.628867332,13967.273792614862,9430300.025258115,31874198.649406012,13967.273792614862,9430534.922320252,31874089.11510706,14934.547585229722,9430102.645543799,31873162.094568383,14934.547585229722
9430633.61217741,31874607.392525874,14450.910688922291,1.1525273352417262,9430300.025258115,31874198.649406012,13967.273792614862,9430732.302034568,31875125.669944692,13967.273792614862,9430967.199096706,31875016.13564574,14934.547585229722,9430534.922320252,31874089.11510706,14934.547585229722
9431065.888953863,31875534.413064554,14450.910688922291,0.8186340808654756,9430732.302034568,31875125.669944692,13967.273792614862,9431164.57881102,31876052.690483373,13967.273792614862,9431399.475873157,31875943.156184416,14934.547585229722,9430967.199096706,31875016.13564574,14934.547585229722
9431498.165730314,31876461.433603235,14450.910688922291,0.38212461557097477,9431164.57881102,31876052.690483373,13967.273792614862,9431596.855587473,31876979.711022045,13967.273792614862,9431831.75264961,31876870.176723097,14934.547585229722,9431399.475873157,31875943.156184416,14934.547585229722
9431930.442506768,31877388.45414191,14450.910688922291,0.3153829413906344,9431596.855587473,31876979.711022045,13967.273792614862,9432029.132363927,31877906.73156073,13967.273792614862,9432264.029426064,31877797.197261773,14934.547585229722,9431831.75264961,31876870.176723097,14934.547585229722
9432362.719283221,31878315.47468059,14450.910688922291,0.44866443233296077,9432029.132363927,31877906.73156073,13967.273792614862,9432461.409140378,31878833.752099406,13967.273792614862,9432696.306202516,31878724.217800453,14934.547585229722,9432264.029426064,31877797.197261773,14934.547585229722
9432794.996059675,31879242.495219268,14450.910688922291,0.4065990694349304,9432461.409140378,31878833.752099406,13967.273792614862,9432893.685916832,31879760.772638086,13967.273792614862,9433128.58297897,31879651.23833913,14934.547585229722,9432696.306202516,31878724.217800453,14934.547585229722
9433227.272836126,31880169.51575795,14450.910688922291,0.2923192019865453,9432893.685916832,31879760.772638086,13967.273792614862,9433325.962693283,31880687.793176763,13967.273792614862,9433560.85975542,31880578.25887781,14934.547585229722,9433128.58297897,31879651.23833913,14934.547585229722
9421790.69693404,31855030.426914673,15418.184481537153,3.109380719580692,9421457.110014744,31854621.68379481,14934.547585229722,9421889.386791198,31855548.70433349,14934.547585229722,9422124.283853335,31855439.170034535,15901.821377844582,9421692.007076882,31854512.14949586,15901.821377844582
9422222.973710494,31855957.447453354,15418.184481537153,4.904908241242877,9421889.386791198,31855548.70433349,14934.547585229722,9422321.663567651,31856475.72487217,14934.547585229722,9422556.560629787,31856366.19057322,15901.821377844582,9422124.283853335,31855439.170034535,15901.821377844582
9422655.250486946,31856884.46799203,15418.184481537153,4.5124955025803,9422321.663567651,31856475.72487217,14934.547585229722,9422753.940344103,31857402.74541085,14934.547585229722,9422988.837406239,31857293.211111892,15901.821377844582,9422556.560629787,31856366.19057322,15901.821377844582
9423087.527263397,31857811.48853071,15418.184481537153,4.943750570975978,9422753.940344103,31857402.74541085,14934.547585229722,9423186.217120556,31858329.765949525,14934.547585229722,9423421.114182692,31858220.231650572,15901.821377844582,9422988.837406239,31857293.211111892,15901.821377844582
9423519.80403985,31858738.50906939,15418.184481537153,3.0376523765257333,9423186.217120556,31858329.765949525,14934.547585229722,9423618.49389701,31859256.786488205,14934.547585229722,9423853.390959146,31859147.252189253,15901.821377844582,9423421.114182692,31858220.231650572,15901.821377844582
9423952.080816302,31859665.529608067,15418.184481537153,5.149822437511445,9423618.49389701,31859256.786488205,14934.547585229722,9424050.770673461,31860183.80702688,14934.547585229722,9424285.667735597,31860074.272727933,15901.821377844582,9423853.390959146,31859147.252189253,15901.821377844582
9424384.357592754,31860592.550146744,15418.184481537153,5.32603113210467,9424050.770673461,31860183.80702688,14934.547585229722,9424483.047449915,31861110.827565562,14934.547585229722,9424717.94451205,31861001.293266606,15901.821377844582,9424285.667735597,31860074.272727933,15901.821377844582
9424816.634369208,31861519.570685424,15418.184481537153,5.1116495591806395,9424483.047449915,31861110.827565562,14934.547585229722,9424915.324226366,31862037.84810424,14934.547585229722,9425150.221288502,31861928.31380529,15901.821377844582,9424717.94451205,31861001.293266606,15901.821377844582
9425248.91114566,31862446.591224104,15418.184481537153,4.5229771946478685,9424915.324226366,31862037.84810424,14934.547585229722,9425347.60100282,31862964.86864292,14934.547585229722,9425582.498064956,31862855.334343966,15901.821377844582,9425150.221288502,31861928.31380529,15901.821377844582
9425681.187922113,31863373.61176278,15418.184481537153,1.2722228956027766,9425347.60100282,31862964.86864292,14934.547585229722,9425779.877779271,31863891.8891816,14934.547585229722,9426014.77484141,31863782.354882646,15901.821377844582,9425582.498064956,31862855.334343966,15901.821377844582
9426113.464698566,31864300.63230146,15418.184481537153,1.10372915563554,9425779.877779271,31863891.8891816,14934.547585229722,9426212.154555723,31864818.909720276,14934.547585229722,9426447.05161786,31864709.375421323,15901.821377844582,9426014.77484141,31863782.354882646,15901.821377844582
9426545.74147502,31865227.652840137,15418.184481537153,1.3181555324689491,9426212.154555723,31864818.909720276,14934.547585229722,9426644.431332177,31865745.930258952,14934.547585229722,9426879.328394314,31865636.395960003,15901.821377844582,9426447.05161786,31864709.375421323,15901.821377844582
9426978.018251473,31866154.67337882,15418.184481537153,0.7663157077208275,9426644.431332177,31865745.930258952,14934.547585229722,9427076.70810863,31866672.950797636,14934.547585229722,9427311.605170768,31866563.41649868,15901.821377844582,9426879.328394314,31865636.395960003,15901.821377844582
9427410.295027925,31867081.693917494,15418.184481537153,0.516379142934969,9427076.70810863,31866672.950797636,14934.547585229722,9427508.984885084,31867599.971336313,14934.547585229722,9427743.88194722,31867490.43703736,15901.821377844582,9427311.605170768,31866563.41649868,15901.821377844582
9427842.571804378,31868008.714456175,15418.184481537153,0.6954436876588954,9427508.984885084,31867599.971336313,14934.547585229722,9427941.261661535,31868526.99187499,14934.547585229722,9428176.158723673,31868417.457576036,15901.821377844582,9427743.88194722,31867490.43703736,15901.821377844582
9428274.84858083,31868935.73499485,15418.184481537153,1.0386910291152391,9427941.261661535,31868526.99187499,14934.547585229722,9428373.538437989,31869454.01241367,14934.547585229722,9428608.435500126,31869344.478114717,15901.821377844582,9428176.158723673,31868417.457576036,15901.821377844582
9428707.125357283,31869862.755533535,15418.184481537153,0.9850833012714225,9428373.538437989,31869454.01241367,14934.547585229722,9428805.81521444,31870381.032952346,14934.547585229722,9429040.712276578,31870271.498653393,15901.821377844582,9428608.435500126,31869344.478114717,15901.821377844582
9429139.402133735,31870789.776072208,15418.184481537153,0.8437989124370406,9428805.81521444,31870381.032952346,14934.547585229722,9429238.091990894,31871308.053491026,14934.547585229722,9429472.989053031,31871198.519192073,15901.821377844582,9429040.712276578,31870271.498653393,15901.821377844582
9429571.678910188,31871716.796610888,15418.184481537153,0.6448208260274962,9429238.091990894,31871308.053491026,14934.547585229722,9429670.368767347,31872235.074029703,14934.547585229722,9429905.265829485,31872125.53973075,15901.821377844582,9429472.989053031,31871198.519192073,15901.821377844582
9430003.955686642,31872643.817149565,15418.184481537153,1.061252334394416,9429670.368767347,31872235.074029703,14934.547585229722,9430102.645543799,31873162.094568383,14934.547585229722,9430337.542605937,31873052.56026943,15901.821377844582,9429905.265829485,31872125.53973075,15901.821377844582
9430436.232463093,31873570.837688245,15418.184481537153,1.0992111706909122,9430102.645543799,31873162.094568383,14934.547585229722,9430534.922320252,31874089.11510706,14934.547585229722,9430769.819382388,31873979.580808107,15901.821377844582,9430337.542605937,31873052.56026943,15901.821377844582
9430868.509239547,31874497.85822692,15418.184481537153,0.8105542360407707,9430534.922320252,31874089.11510706,14934.547585229722,9430967.199096706,31875016.13564574,14934.547585229722,9431202.096158842,31874906.601346787,15901.821377844582,9430769.819382388,31873979.580808107,15901.821377844582
9431300.786016,31875424.878765598,15418.184481537153,0.5228392300110306,9430967.199096706,31875016.13564574,14934.547585229722,9431399.475873157,31875943.156184416,14934.547585229722,9431634.372935293,31875833.621885464,15901.821377844582,9431202.096158842,31874906.601346787,15901.821377844582
9431733.062792454,31876351.89930428,15418.184481537153,0.15320377041253916,9431399.475873157,31875943.156184416,14934.547585229722,9431831.75264961,31876870.176723097,14934.547585229722,9432066.649711747,31876760.642424144,15901.821377844582,9431634.372935293,31875833.621885464,15901.821377844582
9432165.339568904,31877278.91984296,15418.184481537153,0.09467423421493232,9431831.75264961,31876870.176723097,14934.547585229722,9432264.029426064,31877797.197261773,14934.547585229722,9432498.926488198,31877687.66296282,15901.821377844582,9432066.649711747,31876760.642424144,15901.821377844582
9432597.616345357,31878205.940381635,15418.184481537153,0.1614385349063543,9432264.029426064,31877797.197261773,14934.547585229722,9432696.306202516,31878724.217800453,14934.547585229722,9432931.203264652,31878614.6835015,15901.821377844582,9432498.926488198,31877687.66296282,15901.821377844582
9433029.893121809,31879132.96092031,15418.184481537153,0.2322138364779189,9432696.306202516,31878724.217800453,14934.547585229722,9433128.58297897,31879651.23833913,14934.547585229722,9433363.480041105,31879541.70404018,15901.821377844582,9432931.203264652,31878614.6835015,15901.821377844582
9433462.169898262,31880059.981458995,15418.184481537153,0.24824138072953175,9433128.58297897,31879651.23833913,14934.547585229722,9433560.85975542,31880578.25887781,14934.547585229722,9433795.756817557,31880468.724578854,15901.821377844582,9433363.480041105,31879541.70404018,15901.821377844582
9422025.593996175,31854920.892615724,16385.458274152013,2.038570115428167,9421692.007076882,31854512.14949586,15901.821377844582,9422124.283853335,31855439.170034535,15901.821377844582,9422359.180915471,31855329.635735586,16869.095170459444,9421926.904139018,31854402.61519691,16869.095170459444
9422457.870772628,31855847.9131544,16385.458274152013,3.522351000495473,9422124.283853335,31855439.170034535,15901.821377844582,9422556.560629787,31856366.19057322,15901.821377844582,9422791.457691925,31856256.656274267,16869.095170459444,9422359.180915471,31855329.635735586,16869.095170459444
9422890.147549082,31856774.933693077,16385.458274152013,2.4002901118492566,9422556.560629787,31856366.19057322,15901.821377844582,9422988.837406239,31857293.211111892,15901.821377844582,9423223.734468376,31857183.676812943,16869.095170459444,9422791.457691925,31856256.656274267,16869.095170459444
9423322.424325533,31857701.954231758,16385.458274152013,2.903878777742849,9422988.837406239,31857293.211111892,15901.821377844582,9423421.114182692,31858220.231650572,15901.821377844582,9423656.01124483,31858110.697351623,16869.095170459444,9423223.734468376,31857183.676812943,16869.095170459444
9423754.701101987,31858628.974770434,16385.458274152013,1.6298359669474929,9423421.114182692,31858220.231650572,15901.821377844582,9423853.390959146,31859147.252189253,15901.821377844582,9424088.288021283,31859037.7178903,16869.095170459444,9423656.01124483,31858110.697351623,16869.095170459444
9424186.97787844,31859555.995309114,16385.458274152013,3.4618130109728584,9423853.390959146,31859147.252189253,15901.821377844582,9424285.667735597,31860074.272727933,15901.821377844582,9424520.564797735,31859964.73842898,16869.095170459444,9424088.288021283,31859037.7178903,16869.095170459444
9424619.254654892,31860483.01584779,16385.458274152013,4.4611514847643345,9424285.667735597,31860074.272727933,15901.821377844582,9424717.94451205,31861001.293266606,15901.821377844582,9424952.841574188,31860891.758967657,16869.095170459444,9424520.564797735,31859964.73842898,16869.095170459444
9425051.531431345,31861410.03638647,16385.458274152013,4.838026040047952,9424717.94451205,31861001.293266606,15901.821377844582,9425150.221288502,31861928.31380529,15901.821377844582,9425385.11835064,31861818.779506333,16869.095170459444,9424952.841574188,31860891.758967657,16869.095170459444
9425483.808207799,31862337.05692515,16385.458274152013,2.1933043232971796,9425150.221288502,31861928.31380529,15901.821377844582,9425582.498064956,31862855.334343966,15901.821377844582,9425817.395127093,31862745.800045013,16869.095170459444,9425385.11835064,31861818.779506333,16869.095170459444
9425916.084984252,31863264.077463828,16385.458274152013,1.1397440330758934,9425582.498064956,31862855.334343966,15901.821377844582,9426014.77484141,31863782.354882646,15901.821377844582,9426249.671903547,31863672.82058369,16869.095170459444,9425817.395127093,31862745.800045013,16869.095170459444
9426348.361760704,31864191.09800251,16385.458274152013,1.8625866222069773,9426014.77484141,31863782.354882646,15901.821377844582,9426447.05161786,31864709.375421323,15901.821377844582,9426681.948679999,31864599.84112237,16869.095170459444,9426249.671903547,31863672.82058369,16869.095170459444
9426780.638537155,31865118.118541185,16385.458274152013,1.585461608600271,9426447.05161786,31864709.375421323,15901.821377844582,9426879.328394314,31865636.395960003,15901.821377844582,9427114.225456452,31865526.861661047,16869.095170459444,9426681.948679999,31864599.84112237,16869.095170459444
9427212.915313609,31866045.139079865,16385.458274152013,1.3418651936214103,9426879.328394314,31865636.395960003,15901.821377844582,9427311.605170768,31866563.41649868,15901.821377844582,9427546.502232904,31866453.882199727,16869.095170459444,9427114.225456452,31865526.861661047,16869.095170459444
9427645.192090062,31866972.15961854,16385.458274152013,0.9484180895440035,9427311.605170768,31866563.41649868,15901.821377844582,9427743.88194722,31867490.43703736,15901.821377844582,9427978.779009355,31867380.902738404,16869.095170459444,9427546.502232904,31866453.882199727,16869.095170459444
9428077.468866514,31867899.18015722,16385.458274152013,0.9152749885285233,9427743.88194722,31867490.43703736,15901.821377844582,9428176.158723673,31868417.457576036,15901.821377844582,9428411.055785809,31868307.923277084,16869.095170459444,9427978.779009355,31867380.902738404,16869.095170459444
9428509.745642968,31868826.2006959,16385.458274152013,0.7973668972508977,9428176.158723673,31868417.457576036,15901.821377844582,9428608.435500126,31869344.478114717,15901.821377844582,9428843.332562262,31869234.94381576,16869.095170459444,9428411.055785809,31868307.923277084,16869.095170459444
9428942.02241942,31869753.22123458,16385.458274152013,0.7470200057404289,9428608.435500126,31869344.478114717,15901.821377844582,9429040.712276578,31870271.498653393,15901.821377844582,9429275.609338714,31870161.96435444,16869.095170459444,9428843.332562262,31869234.94381576,16869.095170459444
9429374.29919587,31870680.24177326,16385.458274152013,0.779503552717883,9429040.712276578,31870271.498653393,15901.821377844582,9429472.989053031,31871198.519192073,15901.821377844582,9429707.886115167,31871088.98489312,16869.095170459444,9429275.609338714,31870161.96435444,16869.095170459444
9429806.575972324,31871607.262311935,16385.458274152013,0.6209353747528972,9429472.989053031,31871198.519192073,15901.821377844582,9429905.265829485,31872125.53973075,15901.821377844582,9430140.16289162,31872016.0054318,16869.095170459444,9429707.886115167,31871088.98489312,16869.095170459444
9430238.852748778,31872534.282850612,16385.458274152013,0.6259668016607423,9429905.265829485,31872125.53973075,15901.821377844582,9430337.542605937,31873052.56026943,15901.821377844582,9430572.439668072,31872943.025970474,16869.095170459444,9430140.16289162,31872016.0054318,16869.095170459444
9430671.129525231,31873461.303389292,16385.458274152013,0.8029341942807225,9430337.542605937,31873052.56026943,15901.821377844582,9430769.819382388,31873979.580808107,15901.821377844582,9431004.716444526,31873870.046509158,16869.095170459444,9430572.439668072,31872943.025970474,16869.095170459444
9431103.406301685,31874388.323927972,16385.458274152013,0.53656959854985,9430769.819382388,31873979.580808107,15901.821377844582,9431202.096158842,31874906.601346787,15901.821377844582,9431436.99322098,31874797.067047834,16869.095170459444,9431004.716444526,31873870.046509158,16869.095170459444
9431535.683078136,31875315.34446665,16385.458274152013,0.23662360103589541,9431202.096158842,31874906.601346787,15901.821377844582,9431634.372935293,31875833.621885464,15901.821377844582,9431869.269997431,31875724.087586515,16869.095170459444,9431436.99322098,31874797.067047834,16869.095170459444
9431967.959854588,31876242.36500533,16385.458274152013,0.056441020948807284,9431634.372935293,31875833.621885464,15901.821377844582,9432066.649711747,31876760.642424144,15901.821377844582,9432301.546773884,31876651.10812519,16869.095170459444,9431869.269997431,31875724.087586515,16869.095170459444
9432400.236631041,31877169.385544006,16385.458274152013,0.02518369390682863,9432066.649711747,31876760.642424144,15901.821377844582,9432498.926488198,31877687.66296282,15901.821377844582,9432733.823550336,31877578.12866387,16869.095170459444,9432301.546773884,31876651.10812519,16869.095170459444
9432832.513407493,31878096.406082686,16385.458274152013,0.0622948279867091,9432498.926488198,31877687.66296282,15901.821377844582,9432931.203264652,31878614.6835015,15901.821377844582,9433166.10032679,31878505.149202548,16869.095170459444,9432733.823550336,31877578.12866387,16869.095170459444
9433264.790183946,31879023.426621363,16385.458274152013,0.2614038900223679,9432931.203264652,31878614.6835015,15901.821377844582,9433363.480041105,31879541.70404018,15901.821377844582,9433598.377103243,31879432.16974123,16869.095170459444,9433166.10032679,31878505.149202548,16869.095170459444
9433697.0669604,31879950.447160043,16385.458274152013,0.13670407752259872,9433363.480041105,31879541.70404018,15901.821377844582,9433795.756817557,31880468.724578854,15901.821377844582,9434030.653879695,31880359.190279905,16869.095170459444,9433598.377103243,31879432.16974123,16869.095170459444
9422260.491058312,31854811.358316768,17352.732066766876,1.6366210447101073,9421926.904139018,31854402.61519691,16869.095170459444,9422359.180915471,31855329.635735586,16869.095170459444,9422594.077977609,31855220.101436634,17836.368963074307,9422161.801201155,31854293.080897953,17836.368963074307
9422692.767834766,31855738.378855452,17352.732066766876,2.076668665183626,9422359.180915471,31855329.635735586,16869.095170459444,9422791.457691925,31856256.656274267,16869.095170459444,9423026.354754062,31856147.12197531,17836.368963074307,9422594.077977609,31855220.101436634,17836.368963074307
9423125.04461122,31856665.399394125,17352.732066766876,2.7192401186220505,9422791.457691925,31856256.656274267,16869.095170459444,9423223.734468376,31857183.676812943,16869.095170459444,9423458.631530514,31857074.14251399,17836.368963074307,9423026.354754062,31856147.12197531,17836.368963074307
9423557.321387671,31857592.419932805,17352.732066766876,3.6005745776174214,9423223.734468376,31857183.676812943,16869.095170459444,9423656.01124483,31858110.697351623,16869.095170459444,9423890.908306967,31858001.163052667,17836.368963074307,9423458.631530514,31857074.14251399,17836.368963074307
9423989.598164124,31858519.44047148,17352.732066766876,3.2077949222701108,9423656.01124483,31858110.697351623,16869.095170459444,9424088.288021283,31859037.7178903,16869.095170459444,9424323.185083417,31858928.183591347,17836.368963074307,9423890.908306967,31858001.163052667,17836.368963074307
9424421.874940578,31859446.461010166,17352.732066766876,3.131569156077249,9424088.288021283,31859037.7178903,16869.095170459444,9424520.564797735,31859964.73842898,16869.095170459444,9424755.46185987,31859855.204130024,17836.368963074307,9424323.185083417,31858928.183591347,17836.368963074307
9424854.151717031,31860373.48154884,17352.732066766876,4.454500948153906,9424520.564797735,31859964.73842898,16869.095170459444,9424952.841574188,31860891.758967657,16869.095170459444,9425187.738636324,31860782.224668704,17836.368963074307,9424755.46185987,31859855.204130024,17836.368963074307
9425286.428493483,31861300.50208752,17352.732066766876,4.9143909008197975,9424952.841574188,31860891.758967657,16869.095170459444,9425385.11835064,31861818.779506333,16869.095170459444,9425620.015412776,31861709.24520738,17836.368963074307,9425187.738636324,31860782.224668704,17836.368963074307
9425718.705269935,31862227.522626195,17352.732066766876,2.2595204241780857,9425385.11835064,31861818.779506333,16869.095170459444,9425817.395127093,31862745.800045013,16869.095170459444,9426052.29218923,31862636.26574606,17836.368963074307,9425620.015412776,31861709.24520738,17836.368963074307
9426150.982046386,31863154.54316488,17352.732066766876,1.7003275737293169,9425817.395127093,31862745.800045013,16869.095170459444,9426249.671903547,31863672.82058369,16869.095170459444,9426484.568965683,31863563.28628474,17836.368963074307,9426052.29218923,31862636.26574606,17836.368963074307
9426583.25882284,31864081.563703552,17352.732066766876,2.202792174284017,9426249.671903547,31863672.82058369,16869.095170459444,9426681.948679999,31864599.84112237,16869.095170459444,9426916.845742134,31864490.306823418,17836.368963074307,9426484.568965683,31863563.28628474,17836.368963074307
9427015.535599291,31865008.584242232,17352.732066766876,1.9606970278757208,9426681.948679999,31864599.84112237,16869.095170459444,9427114.225456452,31865526.861661047,16869.095170459444,9427349.122518588,31865417.327362094,17836.368963074307,9426916.845742134,31864490.306823418,17836.368963074307
9427447.812375745,31865935.604780912,17352.732066766876,2.0950592429274923,9427114.225456452,31865526.861661047,16869.095170459444,9427546.502232904,31866453.882199727,16869.095170459444,9427781.399295041,31866344.347900778,17836.368963074307,9427349.122518588,31865417.327362094,17836.368963074307
9427880.089152198,31866862.62531959,17352.732066766876,1.2786712059536909,9427546.502232904,31866453.882199727,16869.095170459444,9427978.779009355,31867380.902738404,16869.095170459444,9428213.676071493,31867271.368439455,17836.368963074307,9427781.399295041,31866344.347900778,17836.368963074307
9428312.36592865,31867789.645858265,17352.732066766876,1.0055110172588844,9427978.779009355,31867380.902738404,16869.095170459444,9428411.055785809,31868307.923277084,16869.095170459444,9428645.952847946,31868198.38897813,17836.368963074307,9428213.676071493,31867271.368439455,17836.368963074307
9428744.642705103,31868716.666396942,17352.732066766876,0.8181671180011926,9428411.055785809,31868307.923277084,16869.095170459444,9428843.332562262,31869234.94381576,16869.095170459444,9429078.2296244,31869125.40951681,17836.368963074307,9428645.952847946,31868198.38897813,17836.368963074307
9429176.919481557,31869643.686935626,17352.732066766876,0.6125009752631524,9428843.332562262,31869234.94381576,16869.095170459444,9429275.609338714,31870161.96435444,16869.095170459444,9429510.506400852,31870052.43005549,17836.368963074307,9429078.2296244,31869125.40951681,17836.368963074307
9429609.19625801,31870570.707474303,17352.732066766876,0.43529348253261363,9429275.609338714,31870161.96435444,16869.095170459444,9429707.886115167,31871088.98489312,16869.095170459444,9429942.783177305,31870979.45059417,17836.368963074307,9429510.506400852,31870052.43005549,17836.368963074307
9430041.473034464,31871497.728012983,17352.732066766876,0.5249352195143743,9429707.886115167,31871088.98489312,16869.095170459444,9430140.16289162,31872016.0054318,16869.095170459444,9430375.059953758,31871906.471132845,17836.368963074307,9429942.783177305,31870979.45059417,17836.368963074307
9430473.749810915,31872424.748551663,17352.732066766876,0.5551128581838533,9430140.16289162,31872016.0054318,16869.095170459444,9430572.439668072,31872943.025970474,16869.095170459444,9430807.33673021,31872833.491671525,17836.368963074307,9430375.059953758,31871906.471132845,17836.368963074307
9430906.026587367,31873351.76909034,17352.732066766876,0.6005054194299638,9430572.439668072,31872943.025970474,16869.095170459444,9431004.716444526,31873870.046509158,16869.095170459444,9431239.613506664,31873760.5122102,17836.368963074307,9430807.33673021,31872833.491671525,17836.368963074307
9431338.30336382,31874278.78962902,17352.732066766876,0.4173213369673986,9431004.716444526,31873870.046509158,16869.095170459444,9431436.99322098,31874797.067047834,16869.095170459444,9431671.890283117,31874687.53274888,17836.368963074307,9431239.613506664,31873760.5122102,17836.368963074307
9431770.580140274,31875205.810167696,17352.732066766876,0.1800351222844238,9431436.99322098,31874797.067047834,16869.095170459444,9431869.269997431,31875724.087586515,16869.095170459444,9432104.167059569,31875614.55328756,17836.368963074307,9431671.890283117,31874687.53274888,17836.368963074307
9432202.856916726,31876132.830706377,17352.732066766876,0.06022451789664452,9431869.269997431,31875724.087586515,16869.095170459444,9432301.546773884,31876651.10812519,16869.095170459444,9432536.44383602,31876541.57382624,17836.368963074307,9432104.167059569,31875614.55328756,17836.368963074307
9432635.13369318,31877059.851245053,17352.732066766876,0.006330573410167293,9432301.546773884,31876651.10812519,16869.095170459444,9432733.823550336,31877578.12866387,16869.095170459444,9432968.720612472,31877468.594364915,17836.368963074307,9432536.44383602,31876541.57382624,17836.368963074307
9433067.41046963,31877986.871783733,17352.732066766876,0.046756269688737195,9432733.823550336,31877578.12866387,16869.095170459444,9433166.10032679,31878505.149202548,16869.095170459444,9433400.997388925,31878395.614903595,17836.368963074307,9432968.720612472,31877468.594364915,17836.368963074307
9433499.687246084,31878913.89232241,17352.732066766876,0.06005751102283585,9433166.10032679,31878505.149202548,16869.095170459444,9433598.377103243,31879432.16974123,16869.095170459444,9433833.274165379,31879322.63544227,17836.368963074307,9433400.997388925,31878395.614903595,17836.368963074307
9433931.964022536,31879840.91286109,17352.732066766876,0.057186470798016587,9433598.377103243,31879432.16974123,16869.095170459444,9434030.653879695,31880359.190279905,16869.095170459444,9434265.55094183,31880249.655980952,17836.368963074307,9433833.274165379,31879322.63544227,17836.368963074307
9422495.38812045,31854701.824017815,18320.005859381738,2.7653438875808174,9422161.801201155,31854293.080897953,17836.368963074307,9422594.077977609,31855220.101436634,17836.368963074307,9422828.975039745,31855110.567137677,18803.642755689165,9422396.698263291,31854183.546599,18803.642755689165
9422927.664896902,31855628.844556496,18320.005859381738,3.660785479087459,9422594.077977609,31855220.101436634,17836.368963074307,9423026.354754062,31856147.12197531,17836.368963074307,9423261.251816198,31856037.58767636,18803.642755689165,9422828.975039745,31855110.567137677,18803.642755689165
9423359.941673355,31856555.865095172,18320.005859381738,5.0456992414203325,9423026.354754062,31856147.12197531,17836.368963074307,9423458.631530514,31857074.14251399,17836.368963074307,9423693.52859265,31856964.608215034,18803.642755689165,9423261.251816198,31856037.58767636,18803.642755689165
9423792.218449809,31857482.885633852,18320.005859381738,3.961802575838684,9423458.631530514,31857074.14251399,17836.368963074307,9423890.908306967,31858001.163052667,17836.368963074307,9424125.805369103,31857891.628753714,18803.642755689165,9423693.52859265,31856964.608215034,18803.642755689165
9424224.49522626,31858409.906172533,18320.005859381738,3.281488549524898,9423890.908306967,31858001.163052667,17836.368963074307,9424323.185083417,31858928.183591347,17836.368963074307,9424558.082145555,31858818.649292395,18803.642755689165,9424125.805369103,31857891.628753714,18803.642755689165
9424656.772002712,31859336.92671121,18320.005859381738,3.1144495828079846,9424323.185083417,31858928.183591347,17836.368963074307,9424755.46185987,31859855.204130024,17836.368963074307,9424990.358922008,31859745.669831075,18803.642755689165,9424558.082145555,31858818.649292395,18803.642755689165
9425089.048779165,31860263.947249886,18320.005859381738,4.009279700988448,9424755.46185987,31859855.204130024,17836.368963074307,9425187.738636324,31860782.224668704,17836.368963074307,9425422.635698462,31860672.690369748,18803.642755689165,9424990.358922008,31859745.669831075,18803.642755689165
9425521.325555619,31861190.967788566,18320.005859381738,1.9371096604100886,9425187.738636324,31860782.224668704,17836.368963074307,9425620.015412776,31861709.24520738,17836.368963074307,9425854.912474914,31861599.71090843,18803.642755689165,9425422.635698462,31860672.690369748,18803.642755689165
9425953.60233207,31862117.988327246,18320.005859381738,2.3310566157664514,9425620.015412776,31861709.24520738,17836.368963074307,9426052.29218923,31862636.26574606,17836.368963074307,9426287.189251367,31862526.731447108,18803.642755689165,9425854.912474914,31861599.71090843,18803.642755689165
9426385.879108524,31863045.008865923,18320.005859381738,3.2110545923718483,9426052.29218923,31862636.26574606,17836.368963074307,9426484.568965683,31863563.28628474,17836.368963074307,9426719.46602782,31863453.75198579,18803.642755689165,9426287.189251367,31862526.731447108,18803.642755689165
9426818.155884977,31863972.029404603,18320.005859381738,2.0007806976838984,9426484.568965683,31863563.28628474,17836.368963074307,9426916.845742134,31864490.306823418,17836.368963074307,9427151.742804272,31864380.772524465,18803.642755689165,9426719.46602782,31863453.75198579,18803.642755689165
9427250.432661429,31864899.04994328,18320.005859381738,1.7393888548780008,9426916.845742134,31864490.306823418,17836.368963074307,9427349.122518588,31865417.327362094,17836.368963074307,9427584.019580726,31865307.793063145,18803.642755689165,9427151.742804272,31864380.772524465,18803.642755689165
9427682.709437883,31865826.070481963,18320.005859381738,1.9042497522669317,9427349.122518588,31865417.327362094,17836.368963074307,9427781.399295041,31866344.347900778,17836.368963074307,9428016.296357179,31866234.81360182,18803.642755689165,9427584.019580726,31865307.793063145,18803.642755689165
9428114.986214336,31866753.091020636,18320.005859381738,1.746199797269708,9427781.399295041,31866344.347900778,17836.368963074307,9428213.676071493,31867271.368439455,17836.368963074307,9428448.57313363,31867161.834140502,18803.642755689165,9428016.296357179,31866234.81360182,18803.642755689165
9428547.26299079,31867680.111559317,18320.005859381738,1.2123150689122373,9428213.676071493,31867271.368439455,17836.368963074307,9428645.952847946,31868198.38897813,17836.368963074307,9428880.849910084,31868088.85467918,18803.642755689165,9428448.57313363,31867161.834140502,18803.642755689165
9428979.539767241,31868607.132097993,18320.005859381738,0.9345208537923287,9428645.952847946,31868198.38897813,17836.368963074307,9429078.2296244,31869125.40951681,17836.368963074307,9429313.126686534,31869015.87521786,18803.642755689165,9428880.849910084,31868088.85467918,18803.642755689165
9429411.816543695,31869534.152636677,18320.005859381738,0.6046601189480628,9429078.2296244,31869125.40951681,17836.368963074307,9429510.506400852,31870052.43005549,17836.368963074307,9429745.403462987,31869942.895756535,18803.642755689165,9429313.126686534,31869015.87521786,18803.642755689165
9429844.093320146,31870461.17317535,18320.005859381738,0.32497948961342554,9429510.506400852,31870052.43005549,17836.368963074307,9429942.783177305,31870979.45059417,17836.368963074307,9430177.68023944,31870869.916295215,18803.642755689165,9429745.403462987,31869942.895756535,18803.642755689165
9430276.3700966,31871388.19371403,18320.005859381738,0.3409446496122924,9429942.783177305,31870979.45059417,17836.368963074307,9430375.059953758,31871906.471132845,17836.368963074307,9430609.957015894,31871796.936833892,18803.642755689165,9430177.68023944,31870869.916295215,18803.642755689165
9430708.646873051,31872315.214252707,18320.005859381738,0.3561123314111153,9430375.059953758,31871906.471132845,17836.368963074307,9430807.33673021,31872833.491671525,17836.368963074307,9431042.233792346,31872723.957372572,18803.642755689165,9430609.957015894,31871796.936833892,18803.642755689165
9431140.923649503,31873242.23479139,18320.005859381738,0.3626537667355059,9430807.33673021,31872833.491671525,17836.368963074307,9431239.613506664,31873760.5122102,17836.368963074307,9431474.5105688,31873650.97791125,18803.642755689165,9431042.233792346,31872723.957372572,18803.642755689165
9431573.200425956,31874169.255330063,18320.005859381738,0.4164223872515876,9431239.613506664,31873760.5122102,17836.368963074307,9431671.890283117,31874687.53274888,17836.368963074307,9431906.787345253,31874577.99844993,18803.642755689165,9431474.5105688,31873650.97791125,18803.642755689165
9432005.47720241,31875096.275868744,18320.005859381738,0.2840664320716343,9431671.890283117,31874687.53274888,17836.368963074307,9432104.167059569,31875614.55328756,17836.368963074307,9432339.064121705,31875505.01898861,18803.642755689165,9431906.787345253,31874577.99844993,18803.642755689165
9432437.753978861,31876023.296407424,18320.005859381738,0.09662107697758793,9432104.167059569,31875614.55328756,17836.368963074307,9432536.44383602,31876541.57382624,17836.368963074307,9432771.340898158,31876432.039527286,18803.642755689165,9432339.064121705,31875505.01898861,18803.642755689165
9432870.030755315,31876950.3169461,18320.005859381738,0.016750481575586573,9432536.44383602,31876541.57382624,17836.368963074307,9432968.720612472,31877468.594364915,17836.368963074307,9433203.61767461,31877359.060065962,18803.642755689165,9432771.340898158,31876432.039527286,18803.642755689165
9433302.307531768,31877877.33748478,18320.005859381738,0.011795758272543047,9432968.720612472,31877468.594364915,17836.368963074307,9433400.997388925,31878395.614903595,17836.368963074307,9433635.894451063,31878286.080604646,18803.642755689165,9433203.61767461,31877359.060065962,18803.642755689165
9433734.584308222,31878804.358023457,18320.005859381738,0.02229199057385829,9433400.997388925,31878395.614903595,17836.368963074307,9433833.274165379,31879322.63544227,17836.368963074307,9434068.171227517,31879213.101143323,18803.642755689165,9433635.894451063,31878286.080604646,18803.642755689165
9434166.861084674,31879731.378562137,18320.005859381738,0.003371596606186718,9433833.274165379,31879322.63544227,17836.368963074307,9434265.55094183,31880249.655980952,17836.368963074307,9434500.448003968,31880140.121682,18803.642755689165,9434068.171227517,31879213.101143323,18803.642755689165
9422730.285182588,31854592.289718866,19287.279651996596,2.811373138740731,9422396.698263291,31854183.546599,18803.642755689165,9422828.975039745,31855110.567137677,18803.642755689165,9423063.872101882,31855001.03283873,19770.916548304027,9422631.595325429,31854074.01230005,19770.916548304027
9423162.561959041,31855519.310257543,19287.279651996596,3.9253231409535254,9422828.975039745,31855110.567137677,18803.642755689165,9423261.251816198,31856037.58767636,18803.642755689165,9423496.148878336,31855928.05337741,19770.916548304027,9423063.872101882,31855001.03283873,19770.916548304027
9423594.838735493,31856446.330796223,19287.279651996596,4.776513434802041,9423261.251816198,31856037.58767636,18803.642755689165,9423693.52859265,31856964.608215034,18803.642755689165,9423928.425654788,31856855.073916085,19770.916548304027,9423496.148878336,31855928.05337741,19770.916548304027
9424027.115511945,31857373.3513349,19287.279651996596,5.160236073503582,9423693.52859265,31856964.608215034,18803.642755689165,9424125.805369103,31857891.628753714,18803.642755689165,9424360.702431241,31857782.094454765,19770.916548304027,9423928.425654788,31856855.073916085,19770.916548304027
9424459.392288398,31858300.37187358,19287.279651996596,2.6134747143141985,9424125.805369103,31857891.628753714,18803.642755689165,9424558.082145555,31858818.649292395,18803.642755689165,9424792.979207693,31858709.11499344,19770.916548304027,9424360.702431241,31857782.094454765,19770.916548304027
9424891.66906485,31859227.392412256,19287.279651996596,2.0250320030491764,9424558.082145555,31858818.649292395,18803.642755689165,9424990.358922008,31859745.669831075,18803.642755689165,9425225.255984146,31859636.135532122,19770.916548304027,9424792.979207693,31858709.11499344,19770.916548304027
9425323.945841303,31860154.412950933,19287.279651996596,1.7069294969824538,9424990.358922008,31859745.669831075,18803.642755689165,9425422.635698462,31860672.690369748,18803.642755689165,9425657.5327606,31860563.1560708,19770.916548304027,9425225.255984146,31859636.135532122,19770.916548304027
9425756.222617757,31861081.433489613,19287.279651996596,2.170668194969574,9425422.635698462,31860672.690369748,18803.642755689165,9425854.912474914,31861599.71090843,18803.642755689165,9426089.80953705,31861490.17660948,19770.916548304027,9425657.5327606,31860563.1560708,19770.916548304027
9426188.499394208,31862008.454028293,19287.279651996596,2.9800072326475133,9425854.912474914,31861599.71090843,18803.642755689165,9426287.189251367,31862526.731447108,18803.642755689165,9426522.086313503,31862417.197148155,19770.916548304027,9426089.80953705,31861490.17660948,19770.916548304027
9426620.776170662,31862935.47456697,19287.279651996596,4.93648765724084,9426287.189251367,31862526.731447108,18803.642755689165,9426719.46602782,31863453.75198579,18803.642755689165,9426954.363089956,31863344.217686836,19770.916548304027,9426522.086313503,31862417.197148155,19770.916548304027
9427053.052947115,31863862.49510565,19287.279651996596,3.086679305210932,9426719.46602782,31863453.75198579,18803.642755689165,9427151.742804272,31864380.772524465,18803.642755689165,9427386.639866408,31864271.238225512,19770.916548304027,9426954.363089956,31863344.217686836,19770.916548304027
9427485.329723567,31864789.515644327,19287.279651996596,1.9791181263768944,9427151.742804272,31864380.772524465,18803.642755689165,9427584.019580726,31865307.793063145,18803.642755689165,9427818.916642861,31865198.25876419,19770.916548304027,9427386.639866408,31864271.238225512,19770.916548304027
9427917.60650002,31865716.536183007,19287.279651996596,1.5080841869325246,9427584.019580726,31865307.793063145,18803.642755689165,9428016.296357179,31866234.81360182,18803.642755689165,9428251.193419315,31866125.27930287,19770.916548304027,9427818.916642861,31865198.25876419,19770.916548304027
9428349.883276472,31866643.556721684,19287.279651996596,1.6739907743063636,9428016.296357179,31866234.81360182,18803.642755689165,9428448.57313363,31867161.834140502,18803.642755689165,9428683.470195767,31867052.299841546,19770.916548304027,9428251.193419315,31866125.27930287,19770.916548304027
9428782.160052923,31867570.577260364,19287.279651996596,1.1902056089381348,9428448.57313363,31867161.834140502,18803.642755689165,9428880.849910084,31868088.85467918,18803.642755689165,9429115.74697222,31867979.320380226,19770.916548304027,9428683.470195767,31867052.299841546,19770.916548304027
9429214.436829377,31868497.59779904,19287.279651996596,1.0245961468429348,9428880.849910084,31868088.85467918,18803.642755689165,9429313.126686534,31869015.87521786,18803.642755689165,9429548.023748672,31868906.340918902,19770.916548304027,9429115.74697222,31867979.320380226,19770.916548304027
9429646.713605829,31869424.61833772,19287.279651996596,0.6007307419602749,9429313.126686534,31869015.87521786,18803.642755689165,9429745.403462987,31869942.895756535,18803.642755689165,9429980.300525125,31869833.361457583,19770.916548304027,9429548.023748672,31868906.340918902,19770.916548304027
9430078.990382282,31870351.6388764,19287.279651996596,0.3820933796289213,9429745.403462987,31869942.895756535,18803.642755689165,9430177.68023944,31870869.916295215,18803.642755689165,9430412.577301579,31870760.381996263,19770.916548304027,9429980.300525125,31869833.361457583,19770.916548304027
9430511.267158736,31871278.659415077,19287.279651996596,0.49465514338080735,9430177.68023944,31870869.916295215,18803.642755689165,9430609.957015894,31871796.936833892,18803.642755689165,9430844.854078032,31871687.402534943,19770.916548304027,9430412.577301579,31870760.381996263,19770.916548304027
9430943.543935189,31872205.679953754,19287.279651996596,0.3833206957483635,9430609.957015894,31871796.936833892,18803.642755689165,9431042.233792346,31872723.957372572,18803.642755689165,9431277.130854484,31872614.423073616,19770.916548304027,9430844.854078032,31871687.402534943,19770.916548304027
9431375.82071164,31873132.700492434,19287.279651996596,0.2891624361539237,9431042.233792346,31872723.957372572,18803.642755689165,9431474.5105688,31873650.97791125,18803.642755689165,9431709.407630937,31873541.4436123,19770.916548304027,9431277.130854484,31872614.423073616,19770.916548304027
9431808.097488094,31874059.721031114,19287.279651996596,0.4058377598883612,9431474.5105688,31873650.97791125,18803.642755689165,9431906.787345253,31874577.99844993,18803.642755689165,9432141.68440739,31874468.464150976,19770.916548304027,9431709.407630937,31873541.4436123,19770.916548304027
9432240.374264548,31874986.74156979,19287.279651996596,0.19686614290727145,9431906.787345253,31874577.99844993,18803.642755689165,9432339.064121705,31875505.01898861,18803.642755689165,9432573.961183842,31875395.484689657,19770.916548304027,9432141.68440739,31874468.464150976,19770.916548304027
9432672.651041001,31875913.76210847,19287.279651996596,0.13058652992034064,9432339.064121705,31875505.01898861,18803.642755689165,9432771.340898158,31876432.039527286,18803.642755689165,9433006.237960296,31876322.505228333,19770.916548304027,9432573.961183842,31875395.484689657,19770.916548304027
9433104.927817453,31876840.782647148,19287.279651996596,0.06349928938526686,9432771.340898158,31876432.039527286,18803.642755689165,9433203.61767461,31877359.060065962,18803.642755689165,9433438.514736747,31877249.525767013,19770.916548304027,9433006.237960296,31876322.505228333,19770.916548304027
9433537.204593904,31877767.803185828,19287.279651996596,0.01299444384481591,9433203.61767461,31877359.060065962,18803.642755689165,9433635.894451063,31878286.080604646,18803.642755689165,9433870.7915132,31878176.54630569,19770.916548304027,9433438.514736747,31877249.525767013,19770.916548304027
9433969.481370358,31878694.823724505,19287.279651996596,0.007320544271833905,9433635.894451063,31878286.080604646,18803.642755689165,9434068.171227517,31879213.101143323,18803.642755689165,9434303.068289652,31879103.56684437,19770.916548304027,9433870.7915132,31878176.54630569,19770.916548304027
9434401.758146811,31879621.844263185,19287.279651996596,0.002928841042265456,9434068.171227517,31879213.101143323,18803.642755689165,9434500.448003968,31880140.121682,18803.642755689165,9434735.345066104,31880030.587383047,19770.916548304027,9434303.068289652,31879103.56684437,19770.916548304027
9422965.182244724,31854482.75541991,20254.553444611458,3.570327843783727,9422631.595325429,31854074.01230005,19770.916548304027,9423063.872101882,31855001.03283873,19770.916548304027,9423298.769164018,31854891.498539776,20738.19034091889,9422866.492387567,31853964.478001095,20738.19034091889
9423397.459021177,31855409.775958594,20254.553444611458,2.6974000811068635,9423063.872101882,31855001.03283873,19770.916548304027,9423496.148878336,31855928.05337741,19770.916548304027,9423731.045940472,31855818.519078452,20738.19034091889,9423298.769164018,31854891.498539776,20738.19034091889
9423829.73579763,31856336.796497267,20254.553444611458,3.2474239370836586,9423496.148878336,31855928.05337741,19770.916548304027,9423928.425654788,31856855.073916085,19770.916548304027,9424163.322716923,31856745.539617132,20738.19034091889,9423731.045940472,31855818.519078452,20738.19034091889
9424262.012574082,31857263.817035947,20254.553444611458,4.125309518306157,9423928.425654788,31856855.073916085,19770.916548304027,9424360.702431241,31857782.094454765,19770.916548304027,9424595.599493377,31857672.56015581,20738.19034091889,9424163.322716923,31856745.539617132,20738.19034091889
9424694.289350534,31858190.837574624,20254.553444611458,2.110980025375228,9424360.702431241,31857782.094454765,19770.916548304027,9424792.979207693,31858709.11499344,19770.916548304027,9425027.876269829,31858599.58069449,20738.19034091889,9424595.599493377,31857672.56015581,20738.19034091889
9425126.566126985,31859117.858113308,20254.553444611458,1.8455984172552444,9424792.979207693,31858709.11499344,19770.916548304027,9425225.255984146,31859636.135532122,19770.916548304027,9425460.153046282,31859526.601233166,20738.19034091889,9425027.876269829,31858599.58069449,20738.19034091889
9425558.842903439,31860044.87865198,20254.553444611458,1.7748829879349155,9425225.255984146,31859636.135532122,19770.916548304027,9425657.5327606,31860563.1560708,19770.916548304027,9425892.429822735,31860453.621771846,20738.19034091889,9425460.153046282,31859526.601233166,20738.19034091889
9425991.119679892,31860971.89919066,20254.553444611458,3.7715789616607194,9425657.5327606,31860563.1560708,19770.916548304027,9426089.80953705,31861490.17660948,19770.916548304027,9426324.706599187,31861380.642310522,20738.19034091889,9425892.429822735,31860453.621771846,20738.19034091889
9426423.396456346,31861898.919729337,20254.553444611458,3.467599278282633,9426089.80953705,31861490.17660948,19770.916548304027,9426522.086313503,31862417.197148155,19770.916548304027,9426756.98337564,31862307.662849203,20738.19034091889,9426324.706599187,31861380.642310522,20738.19034091889
9426855.6732328,31862825.94026802,20254.553444611458,5.052362054873619,9426522.086313503,31862417.197148155,19770.916548304027,9426954.363089956,31863344.217686836,19770.916548304027,9427189.260152094,31863234.683387883,20738.19034091889,9426756.98337564,31862307.662849203,20738.19034091889
9427287.950009251,31863752.960806694,20254.553444611458,4.319232790679899,9426954.363089956,31863344.217686836,19770.916548304027,9427386.639866408,31864271.238225512,19770.916548304027,9427621.536928546,31864161.70392656,20738.19034091889,9427189.260152094,31863234.683387883,20738.19034091889
9427720.226785703,31864679.981345374,20254.553444611458,2.789838289068272,9427386.639866408,31864271.238225512,19770.916548304027,9427818.916642861,31865198.25876419,19770.916548304027,9428053.813705,31865088.724465236,20738.19034091889,9427621.536928546,31864161.70392656,20738.19034091889
9428152.503562156,31865607.001884054,20254.553444611458,2.3124957799926107,9427818.916642861,31865198.25876419,19770.916548304027,9428251.193419315,31866125.27930287,19770.916548304027,9428486.090481453,31866015.74500392,20738.19034091889,9428053.813705,31865088.724465236,20738.19034091889
9428584.78033861,31866534.022422735,20254.553444611458,1.7983612642285094,9428251.193419315,31866125.27930287,19770.916548304027,9428683.470195767,31867052.299841546,19770.916548304027,9428918.367257904,31866942.765542597,20738.19034091889,9428486.090481453,31866015.74500392,20738.19034091889
9429017.057115061,31867461.042961407,20254.553444611458,1.270970046698198,9428683.470195767,31867052.299841546,19770.916548304027,9429115.74697222,31867979.320380226,19770.916548304027,9429350.644034358,31867869.786081273,20738.19034091889,9428918.367257904,31866942.765542597,20738.19034091889
9429449.333891515,31868388.063500088,20254.553444611458,0.796617574102549,9429115.74697222,31867979.320380226,19770.916548304027,9429548.023748672,31868906.340918902,19770.916548304027,9429782.92081081,31868796.806619953,20738.19034091889,9429350.644034358,31867869.786081273,20738.19034091889
9429881.610667966,31869315.084038768,20254.553444611458,0.8709326304799794,9429548.023748672,31868906.340918902,19770.916548304027,9429980.300525125,31869833.361457583,19770.916548304027,9430215.197587263,31869723.827158634,20738.19034091889,9429782.92081081,31868796.806619953,20738.19034091889
9430313.88744442,31870242.104577444,20254.553444611458,0.6750314527150668,9429980.300525125,31869833.361457583,19770.916548304027,9430412.577301579,31870760.381996263,19770.916548304027,9430647.474363716,31870650.84769731,20738.19034091889,9430215.197587263,31869723.827158634,20738.19034091889
9430746.164220873,31871169.125116125,20254.553444611458,0.934078349344955,9430412.577301579,31870760.381996263,19770.916548304027,9430844.854078032,31871687.402534943,19770.916548304027,9431079.751140168,31871577.86823599,20738.19034091889,9430647.474363716,31870650.84769731,20738.19034091889
9431178.440997327,31872096.145654805,20254.553444611458,0.5096301517579437,9430844.854078032,31871687.402534943,19770.916548304027,9431277.130854484,31872614.423073616,19770.916548304027,9431512.02791662,31872504.888774667,20738.19034091889,9431079.751140168,31871577.86823599,20738.19034091889
9431610.71777378,31873023.16619348,20254.553444611458,0.45027384075394883,9431277.130854484,31872614.423073616,19770.916548304027,9431709.407630937,31873541.4436123,19770.916548304027,9431944.304693073,31873431.909313347,20738.19034091889,9431512.02791662,31872504.888774667,20738.19034091889
9432042.994550234,31873950.18673216,20254.553444611458,0.22728272730344692,9431709.407630937,31873541.4436123,19770.916548304027,9432141.68440739,31874468.464150976,19770.916548304027,9432376.581469527,31874358.929852024,20738.19034091889,9431944.304693073,31873431.909313347,20738.19034091889
9432475.271326683,31874877.20727084,20254.553444611458,0.30917789667958256,9432141.68440739,31874468.464150976,19770.916548304027,9432573.961183842,31875395.484689657,19770.916548304027,9432808.858245978,31875285.9503907,20738.19034091889,9432376.581469527,31874358.929852024,20738.19034091889
9432907.548103135,31875804.22780952,20254.553444611458,0.21384399893506836,9432573.961183842,31875395.484689657,19770.916548304027,9433006.237960296,31876322.505228333,19770.916548304027,9433241.135022432,31876212.97092938,20738.19034091889,9432808.858245978,31875285.9503907,20738.19034091889
9433339.824879589,31876731.248348195,20254.553444611458,0.07675179788014785,9433006.237960296,31876322.505228333,19770.916548304027,9433438.514736747,31877249.525767013,19770.916548304027,9433673.411798883,31877139.991468057,20738.19034091889,9433241.135022432,31876212.97092938,20738.19034091889
9433772.10165604,31877658.268886875,20254.553444611458,0.055843087648695944,9433438.514736747,31877249.525767013,19770.916548304027,9433870.7915132,31878176.54630569,19770.916548304027,9434105.688575337,31878067.012006737,20738.19034091889,9433673.411798883,31877139.991468057,20738.19034091889
9434204.378432494,31878585.289425552,20254.553444611458,0.016054891835874763,9433870.7915132,31878176.54630569,19770.916548304027,9434303.068289652,31879103.56684437,19770.916548304027,9434537.96535179,31878994.032545414,20738.19034091889,9434105.688575337,31878067.012006737,20738.19034091889
9434636.655208947,31879512.309964232,20254.553444611458,0.012268519326240896,9434303.068289652,31879103.56684437,19770.916548304027,9434735.345066104,31880030.587383047,19770.916548304027,9434970.242128242,31879921.053084094,20738.19034091889,9434537.96535179,31878994.032545414,20738.19034091889
9423200.07930686,31854373.221120957,21221.827237226316,2.75881525495147,9422866.492387567,31853964.478001095,20738.19034091889,9423298.769164018,31854891.498539776,20738.19034091889,9423533.666226156,31854781.964240823,21705.464133533747,9423101.389449703,31853854.943702143,21705.464133533747
9423632.356083313,31855300.241659638,21221.827237226316,3.5940398544435315,9423298.769164018,31854891.498539776,20738.19034091889,9423731.045940472,31855818.519078452,20738.19034091889,9423965.94300261,31855708.984779503,21705.464133533747,9423533.666226156,31854781.964240823,21705.464133533747
9424064.632859766,31856227.262198314,21221.827237226316,3.1361074155275834,9423731.045940472,31855818.519078452,20738.19034091889,9424163.322716923,31856745.539617132,20738.19034091889,9424398.219779061,31856636.00531818,21705.464133533747,9423965.94300261,31855708.984779503,21705.464133533747
9424496.909636218,31857154.282736994,21221.827237226316,2.6099121683218036,9424163.322716923,31856745.539617132,20738.19034091889,9424595.599493377,31857672.56015581,20738.19034091889,9424830.496555515,31857563.025856856,21705.464133533747,9424398.219779061,31856636.00531818,21705.464133533747
9424929.186412672,31858081.303275675,21221.827237226316,1.8798331223247422,9424595.599493377,31857672.56015581,20738.19034091889,9425027.876269829,31858599.58069449,20738.19034091889,9425262.773331966,31858490.046395537,21705.464133533747,9424830.496555515,31857563.025856856,21705.464133533747
9425361.463189125,31859008.32381435,21221.827237226316,1.4636139870879168,9425027.876269829,31858599.58069449,20738.19034091889,9425460.153046282,31859526.601233166,20738.19034091889,9425695.05010842,31859417.066934217,21705.464133533747,9425262.773331966,31858490.046395537,21705.464133533747
9425793.739965577,31859935.344353028,21221.827237226316,2.1969305802271797,9425460.153046282,31859526.601233166,20738.19034091889,9425892.429822735,31860453.621771846,20738.19034091889,9426127.326884871,31860344.08747289,21705.464133533747,9425695.05010842,31859417.066934217,21705.464133533747
9426226.01674203,31860862.364891708,21221.827237226316,3.2527316293236876,9425892.429822735,31860453.621771846,20738.19034091889,9426324.706599187,31861380.642310522,20738.19034091889,9426559.603661325,31861271.108011574,21705.464133533747,9426127.326884871,31860344.08747289,21705.464133533747
9426658.293518482,31861789.38543039,21221.827237226316,2.6984871873019918,9426324.706599187,31861380.642310522,20738.19034091889,9426756.98337564,31862307.662849203,20738.19034091889,9426991.880437778,31862198.12855025,21705.464133533747,9426559.603661325,31861271.108011574,21705.464133533747
9427090.570294935,31862716.405969065,21221.827237226316,3.40668753948564,9426756.98337564,31862307.662849203,20738.19034091889,9427189.260152094,31863234.683387883,20738.19034091889,9427424.157214232,31863125.14908893,21705.464133533747,9426991.880437778,31862198.12855025,21705.464133533747
9427522.847071389,31863643.426507745,21221.827237226316,2.636131103234924,9427189.260152094,31863234.683387883,20738.19034091889,9427621.536928546,31864161.70392656,20738.19034091889,9427856.433990683,31864052.169627607,21705.464133533747,9427424.157214232,31863125.14908893,21705.464133533747
9427955.12384784,31864570.44704642,21221.827237226316,3.000448149651686,9427621.536928546,31864161.70392656,20738.19034091889,9428053.813705,31865088.724465236,20738.19034091889,9428288.710767135,31864979.190166287,21705.464133533747,9427856.433990683,31864052.169627607,21705.464133533747
9428387.400624294,31865497.467585105,21221.827237226316,2.2792807479462787,9428053.813705,31865088.724465236,20738.19034091889,9428486.090481453,31866015.74500392,20738.19034091889,9428720.987543589,31865906.210704964,21705.464133533747,9428288.710767135,31864979.190166287,21705.464133533747
9428819.677400747,31866424.48812378,21221.827237226316,1.4272421345797648,9428486.090481453,31866015.74500392,20738.19034091889,9428918.367257904,31866942.765542597,20738.19034091889,9429153.26432004,31866833.231243644,21705.464133533747,9428720.987543589,31865906.210704964,21705.464133533747
9429251.954177199,31867351.50866246,21221.827237226316,0.9906639772136128,9428918.367257904,31866942.765542597,20738.19034091889,9429350.644034358,31867869.786081273,20738.19034091889,9429585.541096494,31867760.25178232,21705.464133533747,9429153.26432004,31866833.231243644,21705.464133533747
9429684.23095365,31868278.529201135,21221.827237226316,1.0727464340081283,9429350.644034358,31867869.786081273,20738.19034091889,9429782.92081081,31868796.806619953,20738.19034091889,9430017.817872945,31868687.272321,21705.464133533747,9429585.541096494,31867760.25178232,21705.464133533747
9430116.507730104,31869205.54973982,21221.827237226316,0.992816546688537,9429782.92081081,31868796.806619953,20738.19034091889,9430215.197587263,31869723.827158634,20738.19034091889,9430450.094649399,31869614.292859677,21705.464133533747,9430017.817872945,31868687.272321,21705.464133533747
9430548.784506558,31870132.57027849,21221.827237226316,1.177194438755973,9430215.197587263,31869723.827158634,20738.19034091889,9430647.474363716,31870650.84769731,20738.19034091889,9430882.371425852,31870541.313398357,21705.464133533747,9430450.094649399,31869614.292859677,21705.464133533747
9430981.061283011,31871059.590817172,21221.827237226316,0.9275774130000796,9430647.474363716,31870650.84769731,20738.19034091889,9431079.751140168,31871577.86823599,20738.19034091889,9431314.648202306,31871468.333937034,21705.464133533747,9430882.371425852,31870541.313398357,21705.464133533747
9431413.338059463,31871986.61135585,21221.827237226316,0.6048918776054952,9431079.751140168,31871577.86823599,20738.19034091889,9431512.02791662,31872504.888774667,20738.19034091889,9431746.924978757,31872395.354475714,21705.464133533747,9431314.648202306,31871468.333937034,21705.464133533747
9431845.614835914,31872913.631894533,21221.827237226316,0.5192822626549631,9431512.02791662,31872504.888774667,20738.19034091889,9431944.304693073,31873431.909313347,20738.19034091889,9432179.20175521,31873322.37501439,21705.464133533747,9431746.924978757,31872395.354475714,21705.464133533747
9432277.891612368,31873840.652433205,21221.827237226316,0.4984341686063234,9431944.304693073,31873431.909313347,20738.19034091889,9432376.581469527,31874358.929852024,20738.19034091889,9432611.478531662,31874249.39555307,21705.464133533747,9432179.20175521,31873322.37501439,21705.464133533747
9432710.16838882,31874767.672971886,21221.827237226316,0.4106783225890064,9432376.581469527,31874358.929852024,20738.19034091889,9432808.858245978,31875285.9503907,20738.19034091889,9433043.755308116,31875176.41609175,21705.464133533747,9432611.478531662,31874249.39555307,21705.464133533747
9433142.445165273,31875694.693510566,21221.827237226316,0.20740100871757303,9432808.858245978,31875285.9503907,20738.19034091889,9433241.135022432,31876212.97092938,20738.19034091889,9433476.03208457,31876103.436630428,21705.464133533747,9433043.755308116,31875176.41609175,21705.464133533747
9433574.721941726,31876621.714049246,21221.827237226316,0.11241277222095478,9433241.135022432,31876212.97092938,20738.19034091889,9433673.411798883,31877139.991468057,20738.19034091889,9433908.308861021,31877030.457169104,21705.464133533747,9433476.03208457,31876103.436630428,21705.464133533747
9434006.998718178,31877548.734587923,21221.827237226316,0.0681863622302096,9433673.411798883,31877139.991468057,20738.19034091889,9434105.688575337,31878067.012006737,20738.19034091889,9434340.585637474,31877957.47770779,21705.464133533747,9433908.308861021,31877030.457169104,21705.464133533747
9434439.275494631,31878475.755126603,21221.827237226316,0.11752220028545043,9434105.688575337,31878067.012006737,20738.19034091889,9434537.96535179,31878994.032545414,20738.19034091889,9434772.862413928,31878884.498246465,21705.464133533747,9434340.585637474,31877957.47770779,21705.464133533747
9434871.552271085,31879402.77566528,21221.827237226316,0.12209142290491459,9434537.96535179,31878994.032545414,20738.19034091889,9434970.242128242,31879921.053084094,20738.19034091889,9435205.13919038,31879811.51878514,21705.464133533747,9434772.862413928,31878884.498246465,21705.464133533747
9423434.976368997,31854263.68682201,22189.10102984118,2.0675203326176614,9423101.389449703,31853854.943702143,21705.464133533747,9423533.666226156,31854781.964240823,21705.464133533747,9423768.563288294,31854672.42994187,22672.73792614861,9423336.28651184,31853745.409403194,22672.73792614861
9423867.25314545,31855190.707360685,22189.10102984118,2.8395853320404734,9423533.666226156,31854781.964240823,21705.464133533747,9423965.94300261,31855708.984779503,21705.464133533747,9424200.840064747,31855599.45048055,22672.73792614861,9423768.563288294,31854672.42994187,22672.73792614861
9424299.529921904,31856117.727899365,22189.10102984118,2.6332028465950357,9423965.94300261,31855708.984779503,21705.464133533747,9424398.219779061,31856636.00531818,21705.464133533747,9424633.116841199,31856526.471019227,22672.73792614861,9424200.840064747,31855599.45048055,22672.73792614861
9424731.806698358,31857044.74843804,22189.10102984118,2.9221408925225374,9424398.219779061,31856636.00531818,21705.464133533747,9424830.496555515,31857563.025856856,21705.464133533747,9425065.39361765,31857453.491557907,22672.73792614861,9424633.116841199,31856526.471019227,22672.73792614861
9425164.08347481,31857971.768976722,22189.10102984118,2.0746633326048296,9424830.496555515,31857563.025856856,21705.464133533747,9425262.773331966,31858490.046395537,21705.464133533747,9425497.670394102,31858380.512096584,22672.73792614861,9425065.39361765,31857453.491557907,22672.73792614861
9425596.36025126,31858898.7895154,22189.10102984118,1.6235657312714487,9425262.773331966,31858490.046395537,21705.464133533747,9425695.05010842,31859417.066934217,21705.464133533747,9425929.947170556,31859307.532635264,22672.73792614861,9425497.670394102,31858380.512096584,22672.73792614861
9426028.637027714,31859825.81005408,22189.10102984118,1.916489115489761,9425695.05010842,31859417.066934217,21705.464133533747,9426127.326884871,31860344.08747289,21705.464133533747,9426362.223947007,31860234.55317394,22672.73792614861,9425929.947170556,31859307.532635264,22672.73792614861
9426460.913804166,31860752.830592755,22189.10102984118,1.4755363183761316,9426127.326884871,31860344.08747289,21705.464133533747,9426559.603661325,31861271.108011574,21705.464133533747,9426794.50072346,31861161.57371262,22672.73792614861,9426362.223947007,31860234.55317394,22672.73792614861
9426893.190580618,31861679.851131435,22189.10102984118,2.9950076916041084,9426559.603661325,31861271.108011574,21705.464133533747,9426991.880437778,31862198.12855025,21705.464133533747,9427226.777499914,31862088.594251297,22672.73792614861,9426794.50072346,31861161.57371262,22672.73792614861
9427325.467357071,31862606.871670112,22189.10102984118,3.2109860045959273,9426991.880437778,31862198.12855025,21705.464133533747,9427424.157214232,31863125.14908893,21705.464133533747,9427659.054276368,31863015.614789978,22672.73792614861,9427226.777499914,31862088.594251297,22672.73792614861
9427757.744133525,31863533.892208792,22189.10102984118,2.106314163011909,9427424.157214232,31863125.14908893,21705.464133533747,9427856.433990683,31864052.169627607,21705.464133533747,9428091.33105282,31863942.635328654,22672.73792614861,9427659.054276368,31863015.614789978,22672.73792614861
9428190.020909976,31864460.91274747,22189.10102984118,2.1140496917003935,9427856.433990683,31864052.169627607,21705.464133533747,9428288.710767135,31864979.190166287,21705.464133533747,9428523.607829273,31864869.655867334,22672.73792614861,9428091.33105282,31863942.635328654,22672.73792614861
9428622.29768643,31865387.93328615,22189.10102984118,1.881539265741437,9428288.710767135,31864979.190166287,21705.464133533747,9428720.987543589,31865906.210704964,21705.464133533747,9428955.884605726,31865796.67640601,22672.73792614861,9428523.607829273,31864869.655867334,22672.73792614861
9429054.574462883,31866314.953824826,22189.10102984118,1.1575347985448992,9428720.987543589,31865906.210704964,21705.464133533747,9429153.26432004,31866833.231243644,21705.464133533747,9429388.161382178,31866723.69694469,22672.73792614861,9428955.884605726,31865796.67640601,22672.73792614861
9429486.851239337,31867241.974363506,22189.10102984118,1.1199511198453087,9429153.26432004,31866833.231243644,21705.464133533747,9429585.541096494,31867760.25178232,21705.464133533747,9429820.438158631,31867650.717483368,22672.73792614861,9429388.161382178,31866723.69694469,22672.73792614861
9429919.128015788,31868168.994902182,22189.10102984118,1.2648515868910892,9429585.541096494,31867760.25178232,21705.464133533747,9430017.817872945,31868687.272321,21705.464133533747,9430252.714935083,31868577.738022044,22672.73792614861,9429820.438158631,31867650.717483368,22672.73792614861
9430351.40479224,31869096.015440863,22189.10102984118,1.1411298763376756,9430017.817872945,31868687.272321,21705.464133533747,9430450.094649399,31869614.292859677,21705.464133533747,9430684.991711536,31869504.758560725,22672.73792614861,9430252.714935083,31868577.738022044,22672.73792614861
9430783.681568693,31870023.035979543,22189.10102984118,1.1324657762942403,9430450.094649399,31869614.292859677,21705.464133533747,9430882.371425852,31870541.313398357,21705.464133533747,9431117.26848799,31870431.779099405,22672.73792614861,9430684.991711536,31869504.758560725,22672.73792614861
9431215.958345147,31870950.05651822,22189.10102984118,0.9799578463385276,9430882.371425852,31870541.313398357,21705.464133533747,9431314.648202306,31871468.333937034,21705.464133533747,9431549.545264443,31871358.799638085,22672.73792614861,9431117.26848799,31870431.779099405,22672.73792614861
9431648.2351216,31871877.077056896,22189.10102984118,0.8090942901881674,9431314.648202306,31871468.333937034,21705.464133533747,9431746.924978757,31872395.354475714,21705.464133533747,9431981.822040895,31872285.820176758,22672.73792614861,9431549.545264443,31871358.799638085,22672.73792614861
9432080.511898052,31872804.097595576,22189.10102984118,0.8031472286683911,9431746.924978757,31872395.354475714,21705.464133533747,9432179.20175521,31873322.37501439,21705.464133533747,9432414.098817348,31873212.84071544,22672.73792614861,9431981.822040895,31872285.820176758,22672.73792614861
9432512.788674505,31873731.118134256,22189.10102984118,0.4546259072407269,9432179.20175521,31873322.37501439,21705.464133533747,9432611.478531662,31874249.39555307,21705.464133533747,9432846.3755938,31874139.86125412,22672.73792614861,9432414.098817348,31873212.84071544,22672.73792614861
9432945.065450957,31874658.138672933,22189.10102984118,0.4808728551143003,9432611.478531662,31874249.39555307,21705.464133533747,9433043.755308116,31875176.41609175,21705.464133533747,9433278.652370252,31875066.8817928,22672.73792614861,9432846.3755938,31874139.86125412,22672.73792614861
9433377.34222741,31875585.159211613,22189.10102984118,0.5834774802124353,9433043.755308116,31875176.41609175,21705.464133533747,9433476.03208457,31876103.436630428,21705.464133533747,9433710.929146705,31875993.902331475,22672.73792614861,9433278.652370252,31875066.8817928,22672.73792614861
9433809.619003864,31876512.17975029,22189.10102984118,0.31572165951178593,9433476.03208457,31876103.436630428,21705.464133533747,9433908.308861021,31877030.457169104,21705.464133533747,9434143.205923157,31876920.922870155,22672.73792614861,9433710.929146705,31875993.902331475,22672.73792614861
9434241.895780317,31877439.20028897,22189.10102984118,0.10547145059849992,9433908.308861021,31877030.457169104,21705.464133533747,9434340.585637474,31877957.47770779,21705.464133533747,9434575.48269961,31877847.943408832,22672.73792614861,9434143.205923157,31876920.922870155,22672.73792614861
9434674.17255677,31878366.220827647,22189.10102984118,0.14251463470831785,9434340.585637474,31877957.47770779,21705.464133533747,9434772.862413928,31878884.498246465,21705.464133533747,9435007.759476064,31878774.963947512,22672.73792614861,9434575.48269961,31877847.943408832,22672.73792614861
9435106.44933322,31879293.241366327,22189.10102984118,0.059108378363357084,9434772.862413928,31878884.498246465,21705.464133533747,9435205.13919038,31879811.51878514,21705.464133533747,9435440.036252515,31879701.98448619,22672.73792614861,9435007.759476064,31878774.963947512,22672.73792614861
9423669.873431135,31854154.152523052,23156.37482245604,2.4315127769527205,9423336.28651184,31853745.409403194,22672.73792614861,9423768.563288294,31854672.42994187,22672.73792614861,9424003.46035043,31854562.895642918,23640.01171876347,9423571.183573976,31853635.875104237,23640.01171876347
9424102.150207588,31855081.173061736,23156.37482245604,3.243771690684548,9423768.563288294,31854672.42994187,22672.73792614861,9424200.840064747,31855599.45048055,22672.73792614861,9424435.737126883,31855489.916181594,23640.01171876347,9424003.46035043,31854562.895642918,23640.01171876347
9424534.42698404,31856008.19360041,23156.37482245604,1.9914129412869104,9424200.840064747,31855599.45048055,22672.73792614861,9424633.116841199,31856526.471019227,22672.73792614861,9424868.013903335,31856416.936720274,23640.01171876347,9424435.737126883,31855489.916181594,23640.01171876347
9424966.703760492,31856935.21413909,23156.37482245604,4.153103646408377,9424633.116841199,31856526.471019227,22672.73792614861,9425065.39361765,31857453.491557907,22672.73792614861,9425300.290679788,31857343.95725895,23640.01171876347,9424868.013903335,31856416.936720274,23640.01171876347
9425398.980536945,31857862.234677766,23156.37482245604,2.274923566052562,9425065.39361765,31857453.491557907,22672.73792614861,9425497.670394102,31858380.512096584,22672.73792614861,9425732.56745624,31858270.97779763,23640.01171876347,9425300.290679788,31857343.95725895,23640.01171876347
9425831.257313397,31858789.25521645,23156.37482245604,1.4492472543024295,9425497.670394102,31858380.512096584,22672.73792614861,9425929.947170556,31859307.532635264,22672.73792614861,9426164.844232693,31859197.998336308,23640.01171876347,9425732.56745624,31858270.97779763,23640.01171876347
9426263.53408985,31859716.275755122,23156.37482245604,1.5470291836239143,9425929.947170556,31859307.532635264,22672.73792614861,9426362.223947007,31860234.55317394,22672.73792614861,9426597.121009145,31860125.018874988,23640.01171876347,9426164.844232693,31859197.998336308,23640.01171876347
9426695.810866302,31860643.296293803,23156.37482245604,1.2151559231799742,9426362.223947007,31860234.55317394,22672.73792614861,9426794.50072346,31861161.57371262,22672.73792614861,9427029.397785598,31861052.039413664,23640.01171876347,9426597.121009145,31860125.018874988,23640.01171876347
9427128.087642755,31861570.31683248,23156.37482245604,2.361116269022108,9426794.50072346,31861161.57371262,22672.73792614861,9427226.777499914,31862088.594251297,22672.73792614861,9427461.674562052,31861979.059952345,23640.01171876347,9427029.397785598,31861052.039413664,23640.01171876347
9427560.364419209,31862497.337371163,23156.37482245604,2.2759496439463236,9427226.777499914,31862088.594251297,22672.73792614861,9427659.054276368,31863015.614789978,22672.73792614861,9427893.951338505,31862906.080491025,23640.01171876347,9427461.674562052,31861979.059952345,23640.01171876347
9427992.641195662,31863424.357909836,23156.37482245604,1.8082147369989725,9427659.054276368,31863015.614789978,22672.73792614861,9428091.33105282,31863942.635328654,22672.73792614861,9428326.228114957,31863833.1010297,23640.01171876347,9427893.951338505,31862906.080491025,23640.01171876347
9428424.917972116,31864351.378448516,23156.37482245604,1.3410377994859202,9428091.33105282,31863942.635328654,22672.73792614861,9428523.607829273,31864869.655867334,22672.73792614861,9428758.50489141,31864760.121568378,23640.01171876347,9428326.228114957,31863833.1010297,23640.01171876347
9428857.19474857,31865278.398987196,23156.37482245604,1.4524952368895783,9428523.607829273,31864869.655867334,22672.73792614861,9428955.884605726,31865796.67640601,22672.73792614861,9429190.781667864,31865687.142107062,23640.01171876347,9428758.50489141,31864760.121568378,23640.01171876347
9429289.47152502,31866205.419525877,23156.37482245604,1.5846047343851835,9428955.884605726,31865796.67640601,22672.73792614861,9429388.161382178,31866723.69694469,22672.73792614861,9429623.058444316,31866614.16264574,23640.01171876347,9429190.781667864,31865687.142107062,23640.01171876347
9429721.748301473,31867132.44006455,23156.37482245604,1.365926697593439,9429388.161382178,31866723.69694469,22672.73792614861,9429820.438158631,31867650.717483368,22672.73792614861,9430055.335220767,31867541.183184415,23640.01171876347,9429623.058444316,31866614.16264574,23640.01171876347
9430154.025077926,31868059.46060323,23156.37482245604,1.1726473561165212,9429820.438158631,31867650.717483368,22672.73792614861,9430252.714935083,31868577.738022044,22672.73792614861,9430487.611997219,31868468.203723095,23640.01171876347,9430055.335220767,31867541.183184415,23640.01171876347
9430586.301854378,31868986.48114191,23156.37482245604,1.0583108336030878,9430252.714935083,31868577.738022044,22672.73792614861,9430684.991711536,31869504.758560725,22672.73792614861,9430919.888773672,31869395.224261776,23640.01171876347,9430487.611997219,31868468.203723095,23640.01171876347
9431018.578630831,31869913.50168059,23156.37482245604,0.7479327880882622,9430684.991711536,31869504.758560725,22672.73792614861,9431117.26848799,31870431.779099405,22672.73792614861,9431352.165550126,31870322.244800452,23640.01171876347,9430919.888773672,31869395.224261776,23640.01171876347
9431450.855407283,31870840.522219267,23156.37482245604,1.0967656097555762,9431117.26848799,31870431.779099405,22672.73792614861,9431549.545264443,31871358.799638085,22672.73792614861,9431784.44232658,31871249.265339132,23640.01171876347,9431352.165550126,31870322.244800452,23640.01171876347
9431883.132183736,31871767.542757947,23156.37482245604,1.3712152104848956,9431549.545264443,31871358.799638085,22672.73792614861,9431981.822040895,31872285.820176758,22672.73792614861,9432216.71910303,31872176.28587781,23640.01171876347,9431784.44232658,31871249.265339132,23640.01171876347
9432315.408960188,31872694.563296624,23156.37482245604,1.1056981722420738,9431981.822040895,31872285.820176758,22672.73792614861,9432414.098817348,31873212.84071544,22672.73792614861,9432648.995879484,31873103.30641649,23640.01171876347,9432216.71910303,31872176.28587781,23640.01171876347
9432747.685736641,31873621.583835304,23156.37482245604,0.49673787491525084,9432414.098817348,31873212.84071544,22672.73792614861,9432846.3755938,31874139.86125412,22672.73792614861,9433081.272655936,31874030.326955166,23640.01171876347,9432648.995879484,31873103.30641649,23640.01171876347
9433179.962513095,31874548.60437398,23156.37482245604,0.43298494387367886,9432846.3755938,31874139.86125412,22672.73792614861,9433278.652370252,31875066.8817928,22672.73792614861,9433513.54943239,31874957.347493846,23640.01171876347,9433081.272655936,31874030.326955166,23640.01171876347
9433612.239289548,31875475.62491266,23156.37482245604,0.5435487667473108,9433278.652370252,31875066.8817928,22672.73792614861,9433710.929146705,31875993.902331475,22672.73792614861,9433945.826208843,31875884.368032522,23640.01171876347,9433513.54943239,31874957.347493846,23640.01171876347
9434044.516066,31876402.645451337,23156.37482245604,0.4184433862657077,9433710.929146705,31875993.902331475,22672.73792614861,9434143.205923157,31876920.922870155,22672.73792614861,9434378.102985295,31876811.388571203,23640.01171876347,9433945.826208843,31875884.368032522,23640.01171876347
9434476.792842451,31877329.665990017,23156.37482245604,0.2649104670021693,9434143.205923157,31876920.922870155,22672.73792614861,9434575.48269961,31877847.943408832,22672.73792614861,9434810.379761748,31877738.40910988,23640.01171876347,9434378.102985295,31876811.388571203,23640.01171876347
9434909.069618905,31878256.686528694,23156.37482245604,0.09903600122756055,9434575.48269961,31877847.943408832,22672.73792614861,9435007.759476064,31878774.963947512,22672.73792614861,9435242.656538201,31878665.429648556,23640.01171876347,9434810.379761748,31877738.40910988,23640.01171876347
9435341.346395358,31879183.707067374,23156.37482245604,0.04662606140904859,9435007.759476064,31878774.963947512,22672.73792614861,9435440.036252515,31879701.98448619,22672.73792614861,9435674.933314653,31879592.450187236,23640.01171876347,9435242.656538201,31878665.429648556,23640.01171876347
