clon,clat,cdep,slip,lon1,lat1,dep1,lon2,lat2,dep2,lon3,lat3,dep3,lon4,lat4,dep4
9410995.03349535,31833561.28797948,488.7804878048781,2.657923187050463,9410700.296471715,31833133.932181243,1.0,9411043.950848248,31834078.114820864,1.0,9411289.770518987,31833988.643777713,976.5609756097562,9410946.116142455,31833044.461138096,976.5609756097562
9411338.687871885,31834505.4706191,488.7804878048781,1.4516692228964332,9411043.950848248,31834078.114820864,1.0,9411387.60522478,31835022.29746048,1.0,9411633.42489552,31834932.826417334,976.5609756097562,9411289.770518987,31833988.643777713,976.5609756097562
9411682.342248416,31835449.65325872,488.7804878048781,1.9558040078934567,9411387.60522478,31835022.29746048,1.0,9411731.259601314,31835966.480100103,1.0,9411977.079272052,31835877.009056956,976.5609756097562,9411633.42489552,31834932.826417334,976.5609756097562
9412025.996624948,31836393.835898336,488.7804878048781,2.2301579722897933,9411731.259601314,31835966.480100103,1.0,9412074.913977845,31836910.66273972,1.0,9412320.733648585,31836821.191696573,976.5609756097562,9411977.079272052,31835877.009056956,976.5609756097562
9412369.651001481,31837338.018537957,488.7804878048781,2.058470102281577,9412074.913977845,31836910.66273972,1.0,9412418.568354378,31837854.84537934,1.0,9412664.388025118,31837765.374336194,976.5609756097562,9412320.733648585,31836821.191696573,976.5609756097562
9412713.305378012,31838282.20117758,488.7804878048781,0.8205315934503968,9412418.568354378,31837854.84537934,1.0,9412762.22273091,31838799.028018963,1.0,9413008.04240165,31838709.556975815,976.5609756097562,9412664.388025118,31837765.374336194,976.5609756097562
9413056.959754547,31839226.383817196,488.7804878048781,0.7299449036665088,9412762.22273091,31838799.028018963,1.0,9413105.877107443,31839743.21065858,1.0,9413351.696778184,31839653.739615433,976.5609756097562,9413008.04240165,31838709.556975815,976.5609756097562
9413400.614131078,31840170.566456817,488.7804878048781,0.5814608050399938,9413105.877107443,31839743.21065858,1.0,9413449.531483976,31840687.3932982,1.0,9413695.351154715,31840597.922255054,976.5609756097562,9413351.696778184,31839653.739615433,976.5609756097562
9413744.268507613,31841114.74909644,488.7804878048781,0.4769887486566276,9413449.531483976,31840687.3932982,1.0,9413793.185860509,31841631.575937822,1.0,9414039.005531248,31841542.10489468,976.5609756097562,9413695.351154715,31840597.922255054,976.5609756097562
9414087.922884144,31842058.931736056,488.7804878048781,0.487331318419502,9413793.185860509,31841631.575937822,1.0,9414136.840237042,31842575.75857744,1.0,9414382.65990778,31842486.287534297,976.5609756097562,9414039.005531248,31841542.10489468,976.5609756097562
9414431.577260677,31843003.114375677,488.7804878048781,0.4996892434120413,9414136.840237042,31842575.75857744,1.0,9414480.494613573,31843519.94121706,1.0,9414726.314284313,31843430.470173918,976.5609756097562,9414382.65990778,31842486.287534297,976.5609756097562
9414775.23163721,31843947.297015302,488.7804878048781,0.37766362003923065,9414480.494613573,31843519.94121706,1.0,9414824.148990106,31844464.12385668,1.0,9415069.968660846,31844374.652813535,976.5609756097562,9414726.314284313,31843430.470173918,976.5609756097562
9415118.88601374,31844891.47965492,488.7804878048781,0.25268162654678306,9414824.148990106,31844464.12385668,1.0,9415167.803366639,31845408.3064963,1.0,9415413.623037377,31845318.835453156,976.5609756097562,9415069.968660846,31844374.652813535,976.5609756097562
9415462.540390275,31845835.662294537,488.7804878048781,0.29858640515567614,9415167.803366639,31845408.3064963,1.0,9415511.457743172,31846352.48913592,1.0,9415757.27741391,31846263.018092774,976.5609756097562,9415413.623037377,31845318.835453156,976.5609756097562
9415806.194766806,31846779.844934158,488.7804878048781,0.2065457091724579,9415511.457743172,31846352.48913592,1.0,9415855.112119704,31847296.671775542,1.0,9416100.931790443,31847207.200732395,976.5609756097562,9415757.27741391,31846263.018092774,976.5609756097562
9416149.849143341,31847724.02757378,488.7804878048781,0.20675078881897074,9415855.112119704,31847296.671775542,1.0,9416198.766496236,31848240.854415163,1.0,9416444.586166976,31848151.383372016,976.5609756097562,9416100.931790443,31847207.200732395,976.5609756097562
9416493.503519872,31848668.210213397,488.7804878048781,0.2062226458269274,9416198.766496236,31848240.854415163,1.0,9416542.420872768,31849185.03705478,1.0,9416788.240543509,31849095.566011634,976.5609756097562,9416444.586166976,31848151.383372016,976.5609756097562
9416837.157896405,31849612.392853018,488.7804878048781,0.09656877291089183,9416542.420872768,31849185.03705478,1.0,9416886.075249301,31850129.219694402,1.0,9417131.894920042,31850039.748651255,976.5609756097562,9416788.240543509,31849095.566011634,976.5609756097562
9417180.812272938,31850556.57549264,488.7804878048781,0.03823870869483669,9416886.075249301,31850129.219694402,1.0,9417229.729625834,31851073.402334023,1.0,9417475.549296575,31850983.931290876,976.5609756097562,9417131.894920042,31850039.748651255,976.5609756097562
9417524.466649469,31851500.75813226,488.7804878048781,0.02984241827366256,9417229.729625834,31851073.402334023,1.0,9417573.384002367,31852017.58497364,1.0,9417819.203673106,31851928.113930494,976.5609756097562,9417475.549296575,31850983.931290876,976.5609756097562
9417868.121026004,31852444.940771878,488.7804878048781,0.04944775830137671,9417573.384002367,31852017.58497364,1.0,9417917.0383789,31852961.767613262,1.0,9418162.858049639,31852872.296570115,976.5609756097562,9417819.203673106,31851928.113930494,976.5609756097562
9418211.775402535,31853389.1234115,488.7804878048781,0.12070977571028463,9417917.0383789,31852961.767613262,1.0,9418260.692755433,31853905.950252883,1.0,9418506.512426171,31853816.479209736,976.5609756097562,9418162.858049639,31852872.296570115,976.5609756097562
9418555.42977907,31854333.30605112,488.7804878048781,0.08670598001526471,9418260.692755433,31853905.950252883,1.0,9418604.347131964,31854850.1328925,1.0,9418850.166802704,31854760.661849357,976.5609756097562,9418506.512426171,31853816.479209736,976.5609756097562
9418899.0841556,31855277.488690738,488.7804878048781,0.12885717156295357,9418604.347131964,31854850.1328925,1.0,9418948.001508497,31855794.31553212,1.0,9419193.821179237,31855704.84448898,976.5609756097562,9418850.166802704,31854760.661849357,976.5609756097562
9419242.738532133,31856221.67133036,488.7804878048781,0.211318755570411,9418948.001508497,31855794.31553212,1.0,9419291.65588503,31856738.498171743,1.0,9419537.47555577,31856649.0271286,976.5609756097562,9419193.821179237,31855704.84448898,976.5609756097562
9419586.392908666,31857165.85396998,488.7804878048781,0.32636269412932106,9419291.65588503,31856738.498171743,1.0,9419635.310261562,31857682.68081136,1.0,9419881.129932303,31857593.209768217,976.5609756097562,9419537.47555577,31856649.0271286,976.5609756097562
9419930.047285197,31858110.0366096,488.7804878048781,0.2900151579871207,9419635.310261562,31857682.68081136,1.0,9419978.964638095,31858626.86345098,1.0,9420224.784308834,31858537.39240784,976.5609756097562,9419881.129932303,31857593.209768217,976.5609756097562
9420273.701661732,31859054.219249222,488.7804878048781,0.13265473740495093,9419978.964638095,31858626.86345098,1.0,9420322.619014628,31859571.046090607,1.0,9420568.438685367,31859481.575047456,976.5609756097562,9420224.784308834,31858537.39240784,976.5609756097562
9420617.356038263,31859998.40188884,488.7804878048781,0.07397389137664108,9420322.619014628,31859571.046090607,1.0,9420666.273391161,31860515.228730224,1.0,9420912.0930619,31860425.757687077,976.5609756097562,9420568.438685367,31859481.575047456,976.5609756097562
9420961.010414798,31860942.58452846,488.7804878048781,0.006212990793760422,9420666.273391161,31860515.228730224,1.0,9421009.927767694,31861459.411369845,1.0,9421255.747438433,31861369.940326698,976.5609756097562,9420912.0930619,31860425.757687077,976.5609756097562
9421304.664791329,31861886.76716808,488.7804878048781,0.0007330890583897292,9421009.927767694,31861459.411369845,1.0,9421353.582144225,31862403.594009463,1.0,9421599.401814966,31862314.122966316,976.5609756097562,9421255.747438433,31861369.940326698,976.5609756097562
9421648.319167862,31862830.9498077,488.7804878048781,0.04582095846325535,9421353.582144225,31862403.594009463,1.0,9421697.236520758,31863347.776649084,1.0,9421943.056191498,31863258.305605937,976.5609756097562,9421599.401814966,31862314.122966316,976.5609756097562
9421991.973544395,31863775.13244732,488.7804878048781,0.10033953210331359,9421697.236520758,31863347.776649084,1.0,9422040.89089729,31864291.959288705,1.0,9422286.710568031,31864202.488245558,976.5609756097562,9421943.056191498,31863258.305605937,976.5609756097562
9422335.627920926,31864719.315086942,488.7804878048781,0.08329772882390689,9422040.89089729,31864291.959288705,1.0,9422384.545273824,31865236.141928323,1.0,9422630.364944564,31865146.670885175,976.5609756097562,9422286.710568031,31864202.488245558,976.5609756097562
9422679.282297458,31865663.49772656,488.7804878048781,0.017489270182070294,9422384.545273824,31865236.141928323,1.0,9422728.199650355,31866180.324567944,1.0,9422974.019321095,31866090.853524797,976.5609756097562,9422630.364944564,31865146.670885175,976.5609756097562
9423022.936673991,31866607.680366177,488.7804878048781,0.07652861524614879,9422728.199650355,31866180.324567944,1.0,9423071.854026888,31867124.50720756,1.0,9423317.673697628,31867035.036164414,976.5609756097562,9422974.019321095,31866090.853524797,976.5609756097562
9423366.591050522,31867551.8630058,488.7804878048781,0.10592141620222321,9423071.854026888,31867124.50720756,1.0,9423415.50840342,31868068.689847182,1.0,9423661.328074161,31867979.21880404,976.5609756097562,9423317.673697628,31867035.036164414,976.5609756097562
9423710.245427057,31868496.045645416,488.7804878048781,0.05968311801908685,9423415.50840342,31868068.689847182,1.0,9423759.162779953,31869012.872486804,1.0,9424004.982450694,31868923.401443657,976.5609756097562,9423661.328074161,31867979.21880404,976.5609756097562
9424053.89980359,31869440.228285037,488.7804878048781,0.04197884163986969,9423759.162779953,31869012.872486804,1.0,9424102.817156486,31869957.05512642,1.0,9424348.636827227,31869867.584083278,976.5609756097562,9424004.982450694,31868923.401443657,976.5609756097562
9424397.554180123,31870384.410924662,488.7804878048781,0.04626770780584246,9424102.817156486,31869957.05512642,1.0,9424446.47153302,31870901.237766042,1.0,9424692.291203758,31870811.7667229,976.5609756097562,9424348.636827227,31869867.584083278,976.5609756097562
9424741.208556654,31871328.593564283,488.7804878048781,0.04355934762693616,9424446.47153302,31870901.237766042,1.0,9424790.125909552,31871845.42040566,1.0,9425035.94558029,31871755.949362516,976.5609756097562,9424692.291203758,31870811.7667229,976.5609756097562
9425084.862933189,31872272.7762039,488.7804878048781,0.06500887109460543,9424790.125909552,31871845.42040566,1.0,9425133.780286085,31872789.603045285,1.0,9425379.599956824,31872700.132002138,976.5609756097562,9425035.94558029,31871755.949362516,976.5609756097562
9425428.51730972,31873216.95884352,488.7804878048781,0.16899076414261102,9425133.780286085,31872789.603045285,1.0,9425477.434662616,31873733.785684906,1.0,9425723.254333356,31873644.31464176,976.5609756097562,9425379.599956824,31872700.132002138,976.5609756097562
9425772.17168625,31874161.141483143,488.7804878048781,0.2960526248864669,9425477.434662616,31873733.785684906,1.0,9425821.089039149,31874677.968324523,1.0,9426066.90870989,31874588.497281376,976.5609756097562,9425723.254333356,31873644.31464176,976.5609756097562
9426115.826062785,31875105.32412276,488.7804878048781,0.3071775511958145,9425821.089039149,31874677.968324523,1.0,9426164.743415682,31875622.150964145,1.0,9426410.563086422,31875532.679920997,976.5609756097562,9426066.90870989,31874588.497281376,976.5609756097562
9426459.480439318,31876049.50676238,488.7804878048781,0.19875858704760355,9426164.743415682,31875622.150964145,1.0,9426508.397792215,31876566.333603766,1.0,9426754.217462955,31876476.86256062,976.5609756097562,9426410.563086422,31875532.679920997,976.5609756097562
9426803.134815851,31876993.689402,488.7804878048781,0.18307153136074888,9426508.397792215,31876566.333603766,1.0,9426852.052168747,31877510.516243383,1.0,9427097.871839486,31877421.045200236,976.5609756097562,9426754.217462955,31876476.86256062,976.5609756097562
9427146.789192382,31877937.87204162,488.7804878048781,0.13014688650841735,9426852.052168747,31877510.516243383,1.0,9427195.70654528,31878454.698883004,1.0,9427441.526216019,31878365.227839857,976.5609756097562,9427097.871839486,31877421.045200236,976.5609756097562
9427490.443568917,31878882.05468124,488.7804878048781,0.07921107610310558,9427195.70654528,31878454.698883004,1.0,9427539.360921813,31879398.881522626,1.0,9427785.180592552,31879309.41047948,976.5609756097562,9427441.526216019,31878365.227839857,976.5609756097562
9427834.097945448,31879826.23732086,488.7804878048781,0.07474072982902119,9427539.360921813,31879398.881522626,1.0,9427883.015298344,31880343.064162243,1.0,9428128.834969085,31880253.593119096,976.5609756097562,9427785.180592552,31879309.41047948,976.5609756097562
9428177.752321979,31880770.41996048,488.7804878048781,0.19329842834875866,9427883.015298344,31880343.064162243,1.0,9428226.669674877,31881287.246801864,1.0,9428472.489345618,31881197.77575872,976.5609756097562,9428128.834969085,31880253.593119096,976.5609756097562
9428521.406698514,31881714.6026001,488.7804878048781,0.30510225592227797,9428226.669674877,31881287.246801864,1.0,9428570.32405141,31882231.429441486,1.0,9428816.14372215,31882141.958398342,976.5609756097562,9428472.489345618,31881197.77575872,976.5609756097562
9428865.061075047,31882658.78523972,488.7804878048781,0.7751328762598945,9428570.32405141,31882231.429441486,1.0,9428913.978427943,31883175.612081103,1.0,9429159.798098683,31883086.14103796,976.5609756097562,9428816.14372215,31882141.958398342,976.5609756097562
9429208.71545158,31883602.967879344,488.7804878048781,1.1225169220306694,9428913.978427943,31883175.612081103,1.0,9429257.632804476,31884119.794720724,1.0,9429503.452475214,31884030.32367758,976.5609756097562,9429159.798098683,31883086.14103796,976.5609756097562
9429552.36982811,31884547.150518965,488.7804878048781,1.842667165145257,9429257.632804476,31884119.794720724,1.0,9429601.287181009,31885063.977360345,1.0,9429847.106851747,31884974.5063172,976.5609756097562,9429503.452475214,31884030.32367758,976.5609756097562
9429896.024204645,31885491.333158586,488.7804878048781,1.6556545037611552,9429601.287181009,31885063.977360345,1.0,9429944.941557541,31886008.159999967,1.0,9430190.76122828,31885918.68895682,976.5609756097562,9429847.106851747,31884974.5063172,976.5609756097562
9430239.678581176,31886435.515798204,488.7804878048781,2.7577871117516017,9429944.941557541,31886008.159999967,1.0,9430288.595934073,31886952.342639588,1.0,9430534.415604813,31886862.87159644,976.5609756097562,9430190.76122828,31885918.68895682,976.5609756097562
9430583.332957707,31887379.69843782,488.7804878048781,3.1024849292077934,9430288.595934073,31886952.342639588,1.0,9430632.250310605,31887896.525279205,1.0,9430878.069981346,31887807.05423606,976.5609756097562,9430534.415604813,31886862.87159644,976.5609756097562
9430926.987334242,31888323.881077442,488.7804878048781,2.833972207595359,9430632.250310605,31887896.525279205,1.0,9430975.904687138,31888840.707918826,1.0,9431221.724357877,31888751.23687568,976.5609756097562,9430878.069981346,31887807.05423606,976.5609756097562
9431270.641710773,31889268.06371706,488.7804878048781,3.0132657604711275,9430975.904687138,31888840.707918826,1.0,9431319.559063671,31889784.890558444,1.0,9431565.37873441,31889695.419515297,976.5609756097562,9431221.724357877,31888751.23687568,976.5609756097562
9431614.296087308,31890212.24635668,488.7804878048781,3.322179856131908,9431319.559063671,31889784.890558444,1.0,9431663.213440204,31890729.073198065,1.0,9431909.033110943,31890639.602154918,976.5609756097562,9431565.37873441,31889695.419515297,976.5609756097562
9431957.950463839,31891156.428996302,488.7804878048781,4.782875707357602,9431663.213440204,31890729.073198065,1.0,9432006.867816735,31891673.255837686,1.0,9432252.687487476,31891583.78479454,976.5609756097562,9431909.033110943,31890639.602154918,976.5609756097562
9432301.604840372,31892100.611635923,488.7804878048781,4.540277009315452,9432006.867816735,31891673.255837686,1.0,9432350.522193268,31892617.438477304,1.0,9432596.341864008,31892527.967434157,976.5609756097562,9432252.687487476,31891583.78479454,976.5609756097562
9432645.259216905,31893044.79427554,488.7804878048781,4.031867936802943,9432350.522193268,31892617.438477304,1.0,9432694.1765698,31893561.621116925,1.0,9432939.996240541,31893472.150073778,976.5609756097562,9432596.341864008,31892527.967434157,976.5609756097562
9432988.913593436,31893988.976915162,488.7804878048781,3.523087860890336,9432694.1765698,31893561.621116925,1.0,9433037.830946334,31894505.803756546,1.0,9433283.650617074,31894416.332713403,976.5609756097562,9432939.996240541,31893472.150073778,976.5609756097562
9433332.56796997,31894933.159554783,488.7804878048781,3.5745352140354165,9433037.830946334,31894505.803756546,1.0,9433381.485322867,31895449.986396164,1.0,9433627.304993605,31895360.51535302,976.5609756097562,9433283.650617074,31894416.332713403,976.5609756097562
9433676.222346501,31895877.3421944,488.7804878048781,3.5973825161687065,9433381.485322867,31895449.986396164,1.0,9433725.1396994,31896394.169035785,1.0,9433970.959370138,31896304.69799264,976.5609756097562,9433627.304993605,31895360.51535302,976.5609756097562
9434019.876723036,31896821.524834022,488.7804878048781,3.1685505301861863,9433725.1396994,31896394.169035785,1.0,9434068.794075932,31897338.351675406,1.0,9434314.613746671,31897248.88063226,976.5609756097562,9433970.959370138,31896304.69799264,976.5609756097562
9434363.531099567,31897765.707473643,488.7804878048781,2.547605039978814,9434068.794075932,31897338.351675406,1.0,9434412.448452463,31898282.534315024,1.0,9434658.268123204,31898193.06327188,976.5609756097562,9434314.613746671,31897248.88063226,976.5609756097562
9434707.1854761,31898709.890113264,488.7804878048781,2.5364597354104066,9434412.448452463,31898282.534315024,1.0,9434756.102828996,31899226.71695465,1.0,9435001.922499737,31899137.2459115,976.5609756097562,9434658.268123204,31898193.06327188,976.5609756097562
9435050.839852633,31899654.07275288,488.7804878048781,2.538386128285272,9434756.102828996,31899226.71695465,1.0,9435099.75720553,31900170.899594266,1.0,9435345.57687627,31900081.42855112,976.5609756097562,9435001.922499737,31899137.2459115,976.5609756097562
9435394.494229164,31900598.255392503,488.7804878048781,1.5904333264082553,9435099.75720553,31900170.899594266,1.0,9435443.411582062,31901115.082233887,1.0,9435689.231252803,31901025.61119074,976.5609756097562,9435345.57687627,31900081.42855112,976.5609756097562
9435738.148605699,31901542.438032124,488.7804878048781,1.0456914874131322,9435443.411582062,31901115.082233887,1.0,9435787.065958595,31902059.26487351,1.0,9436032.885629334,31901969.79383036,976.5609756097562,9435689.231252803,31901025.61119074,976.5609756097562
9436081.80298223,31902486.62067174,488.7804878048781,0.9099198621015656,9435787.065958595,31902059.26487351,1.0,9436130.720335128,31903003.447513126,1.0,9436376.540005866,31902913.97646998,976.5609756097562,9436032.885629334,31901969.79383036,976.5609756097562
9436425.457358764,31903430.803311363,488.7804878048781,0.8531634692112947,9436130.720335128,31903003.447513126,1.0,9436474.37471166,31903947.630152747,1.0,9436720.1943824,31903858.1591096,976.5609756097562,9436376.540005866,31902913.97646998,976.5609756097562
9436769.111735296,31904374.985950984,488.7804878048781,0.6108139645335693,9436474.37471166,31903947.630152747,1.0,9436818.029088194,31904891.81279237,1.0,9437063.848758932,31904802.34174922,976.5609756097562,9436720.1943824,31903858.1591096,976.5609756097562
9411240.85316609,31833471.816936333,1464.3414634146343,2.044158621417707,9410946.116142455,31833044.461138096,976.5609756097562,9411289.770518987,31833988.643777713,976.5609756097562,9411535.590189725,31833899.172734566,1952.1219512195123,9411191.935813192,31832954.99009495,1952.1219512195123
9411584.507542623,31834415.99957595,1464.3414634146343,1.2873969368190066,9411289.770518987,31833988.643777713,976.5609756097562,9411633.42489552,31834932.826417334,976.5609756097562,9411879.244566258,31834843.355374187,1952.1219512195123,9411535.590189725,31833899.172734566,1952.1219512195123
9411928.161919154,31835360.18221557,1464.3414634146343,1.273146644214509,9411633.42489552,31834932.826417334,976.5609756097562,9411977.079272052,31835877.009056956,976.5609756097562,9412222.89894279,31835787.53801381,1952.1219512195123,9411879.244566258,31834843.355374187,1952.1219512195123
9412271.816295687,31836304.36485519,1464.3414634146343,1.4661677811343377,9411977.079272052,31835877.009056956,976.5609756097562,9412320.733648585,31836821.191696573,976.5609756097562,9412566.553319324,31836731.72065343,1952.1219512195123,9412222.89894279,31835787.53801381,1952.1219512195123
9412615.47067222,31837248.54749481,1464.3414634146343,1.7670672506654466,9412320.733648585,31836821.191696573,976.5609756097562,9412664.388025118,31837765.374336194,976.5609756097562,9412910.207695855,31837675.90329305,1952.1219512195123,9412566.553319324,31836731.72065343,1952.1219512195123
9412959.125048753,31838192.73013443,1464.3414634146343,0.9585930026187522,9412664.388025118,31837765.374336194,976.5609756097562,9413008.04240165,31838709.556975815,976.5609756097562,9413253.862072388,31838620.085932672,1952.1219512195123,9412910.207695855,31837675.90329305,1952.1219512195123
9413302.779425286,31839136.912774052,1464.3414634146343,1.08864170391519,9413008.04240165,31838709.556975815,976.5609756097562,9413351.696778184,31839653.739615433,976.5609756097562,9413597.51644892,31839564.26857229,1952.1219512195123,9413253.862072388,31838620.085932672,1952.1219512195123
9413646.433801817,31840081.095413674,1464.3414634146343,0.6199041412929296,9413351.696778184,31839653.739615433,976.5609756097562,9413695.351154715,31840597.922255054,976.5609756097562,9413941.170825453,31840508.45121191,1952.1219512195123,9413597.51644892,31839564.26857229,1952.1219512195123
9413990.08817835,31841025.278053295,1464.3414634146343,0.37527515753304397,9413695.351154715,31840597.922255054,976.5609756097562,9414039.005531248,31841542.10489468,976.5609756097562,9414284.825201986,31841452.633851532,1952.1219512195123,9413941.170825453,31840508.45121191,1952.1219512195123
9414333.74255488,31841969.460692912,1464.3414634146343,0.5498299710344274,9414039.005531248,31841542.10489468,976.5609756097562,9414382.65990778,31842486.287534297,976.5609756097562,9414628.47957852,31842396.81649115,1952.1219512195123,9414284.825201986,31841452.633851532,1952.1219512195123
9414677.396931415,31842913.643332534,1464.3414634146343,0.4101825577528922,9414382.65990778,31842486.287534297,976.5609756097562,9414726.314284313,31843430.470173918,976.5609756097562,9414972.133955052,31843340.99913077,1952.1219512195123,9414628.47957852,31842396.81649115,1952.1219512195123
9415021.051307946,31843857.825972155,1464.3414634146343,0.360585950430303,9414726.314284313,31843430.470173918,976.5609756097562,9415069.968660846,31844374.652813535,976.5609756097562,9415315.788331583,31844285.181770388,1952.1219512195123,9414972.133955052,31843340.99913077,1952.1219512195123
9415364.705684481,31844802.008611772,1464.3414634146343,0.384504119005891,9415069.968660846,31844374.652813535,976.5609756097562,9415413.623037377,31845318.835453156,976.5609756097562,9415659.442708116,31845229.36441001,1952.1219512195123,9415315.788331583,31844285.181770388,1952.1219512195123
9415708.360061012,31845746.19125139,1464.3414634146343,0.40848699422337154,9415413.623037377,31845318.835453156,976.5609756097562,9415757.27741391,31846263.018092774,976.5609756097562,9416003.097084649,31846173.547049627,1952.1219512195123,9415659.442708116,31845229.36441001,1952.1219512195123
9416052.014437545,31846690.37389101,1464.3414634146343,0.47645357051753723,9415757.27741391,31846263.018092774,976.5609756097562,9416100.931790443,31847207.200732395,976.5609756097562,9416346.751461182,31847117.729689248,1952.1219512195123,9416003.097084649,31846173.547049627,1952.1219512195123
9416395.668814078,31847634.556530632,1464.3414634146343,0.3046875315341837,9416100.931790443,31847207.200732395,976.5609756097562,9416444.586166976,31848151.383372016,976.5609756097562,9416690.405837715,31848061.91232887,1952.1219512195123,9416346.751461182,31847117.729689248,1952.1219512195123
9416739.323190609,31848578.73917025,1464.3414634146343,0.1860543373499614,9416444.586166976,31848151.383372016,976.5609756097562,9416788.240543509,31849095.566011634,976.5609756097562,9417034.060214246,31849006.09496849,1952.1219512195123,9416690.405837715,31848061.91232887,1952.1219512195123
9417082.977567144,31849522.92180987,1464.3414634146343,0.1020945626241286,9416788.240543509,31849095.566011634,976.5609756097562,9417131.894920042,31850039.748651255,976.5609756097562,9417377.714590779,31849950.27760811,1952.1219512195123,9417034.060214246,31849006.09496849,1952.1219512195123
9417426.631943675,31850467.104449492,1464.3414634146343,0.04332821756973304,9417131.894920042,31850039.748651255,976.5609756097562,9417475.549296575,31850983.931290876,976.5609756097562,9417721.368967311,31850894.460247733,1952.1219512195123,9417377.714590779,31849950.27760811,1952.1219512195123
9417770.28632021,31851411.287089113,1464.3414634146343,0.04361521186453887,9417475.549296575,31850983.931290876,976.5609756097562,9417819.203673106,31851928.113930494,976.5609756097562,9418065.023343844,31851838.64288735,1952.1219512195123,9417721.368967311,31850894.460247733,1952.1219512195123
9418113.94069674,31852355.469728734,1464.3414634146343,0.015200793449098577,9417819.203673106,31851928.113930494,976.5609756097562,9418162.858049639,31852872.296570115,976.5609756097562,9418408.677720377,31852782.82552697,1952.1219512195123,9418065.023343844,31851838.64288735,1952.1219512195123
9418457.595073273,31853299.652368356,1464.3414634146343,0.03661742941779804,9418162.858049639,31852872.296570115,976.5609756097562,9418506.512426171,31853816.479209736,976.5609756097562,9418752.33209691,31853727.008166593,1952.1219512195123,9418408.677720377,31852782.82552697,1952.1219512195123
9418801.249449806,31854243.835007977,1464.3414634146343,0.01622578986304622,9418506.512426171,31853816.479209736,976.5609756097562,9418850.166802704,31854760.661849357,976.5609756097562,9419095.986473443,31854671.19080621,1952.1219512195123,9418752.33209691,31853727.008166593,1952.1219512195123
9419144.903826337,31855188.017647594,1464.3414634146343,0.05451791922638966,9418850.166802704,31854760.661849357,976.5609756097562,9419193.821179237,31855704.84448898,976.5609756097562,9419439.640849974,31855615.37344583,1952.1219512195123,9419095.986473443,31854671.19080621,1952.1219512195123
9419488.558202872,31856132.20028721,1464.3414634146343,0.17831842104137485,9419193.821179237,31855704.84448898,976.5609756097562,9419537.47555577,31856649.0271286,976.5609756097562,9419783.295226507,31856559.55608545,1952.1219512195123,9419439.640849974,31855615.37344583,1952.1219512195123
9419832.212579403,31857076.382926833,1464.3414634146343,0.27520529369615154,9419537.47555577,31856649.0271286,976.5609756097562,9419881.129932303,31857593.209768217,976.5609756097562,9420126.94960304,31857503.73872507,1952.1219512195123,9419783.295226507,31856559.55608545,1952.1219512195123
9420175.866955938,31858020.565566454,1464.3414634146343,0.33339498365414255,9419881.129932303,31857593.209768217,976.5609756097562,9420224.784308834,31858537.39240784,976.5609756097562,9420470.603979573,31858447.92136469,1952.1219512195123,9420126.94960304,31857503.73872507,1952.1219512195123
9420519.521332469,31858964.74820607,1464.3414634146343,0.14205521746355892,9420224.784308834,31858537.39240784,976.5609756097562,9420568.438685367,31859481.575047456,976.5609756097562,9420814.258356106,31859392.10400431,1952.1219512195123,9420470.603979573,31858447.92136469,1952.1219512195123
9420863.175709002,31859908.930845693,1464.3414634146343,0.09732906679686587,9420568.438685367,31859481.575047456,976.5609756097562,9420912.0930619,31860425.757687077,976.5609756097562,9421157.912732638,31860336.28664393,1952.1219512195123,9420814.258356106,31859392.10400431,1952.1219512195123
9421206.830085535,31860853.113485314,1464.3414634146343,0.03239767447352785,9420912.0930619,31860425.757687077,976.5609756097562,9421255.747438433,31861369.940326698,976.5609756097562,9421501.567109171,31861280.46928355,1952.1219512195123,9421157.912732638,31860336.28664393,1952.1219512195123
9421550.484462066,31861797.29612493,1464.3414634146343,0.019008102597040766,9421255.747438433,31861369.940326698,976.5609756097562,9421599.401814966,31862314.122966316,976.5609756097562,9421845.221485704,31862224.651923172,1952.1219512195123,9421501.567109171,31861280.46928355,1952.1219512195123
9421894.1388386,31862741.478764553,1464.3414634146343,0.06105777139617654,9421599.401814966,31862314.122966316,976.5609756097562,9421943.056191498,31863258.305605937,976.5609756097562,9422188.875862235,31863168.834562793,1952.1219512195123,9421845.221485704,31862224.651923172,1952.1219512195123
9422237.793215131,31863685.661404174,1464.3414634146343,0.14981789318649694,9421943.056191498,31863258.305605937,976.5609756097562,9422286.710568031,31864202.488245558,976.5609756097562,9422532.530238768,31864113.017202415,1952.1219512195123,9422188.875862235,31863168.834562793,1952.1219512195123
9422581.447591666,31864629.844043795,1464.3414634146343,0.14921608637576705,9422286.710568031,31864202.488245558,976.5609756097562,9422630.364944564,31865146.670885175,976.5609756097562,9422876.184615301,31865057.199842032,1952.1219512195123,9422532.530238768,31864113.017202415,1952.1219512195123
9422925.101968197,31865574.026683412,1464.3414634146343,0.14005626162028625,9422630.364944564,31865146.670885175,976.5609756097562,9422974.019321095,31866090.853524797,976.5609756097562,9423219.838991834,31866001.38248165,1952.1219512195123,9422876.184615301,31865057.199842032,1952.1219512195123
9423268.75634473,31866518.209323034,1464.3414634146343,0.08483674362922711,9422974.019321095,31866090.853524797,976.5609756097562,9423317.673697628,31867035.036164414,976.5609756097562,9423563.493368367,31866945.56512127,1952.1219512195123,9423219.838991834,31866001.38248165,1952.1219512195123
9423612.410721263,31867462.391962655,1464.3414634146343,0.0734694823481908,9423317.673697628,31867035.036164414,976.5609756097562,9423661.328074161,31867979.21880404,976.5609756097562,9423907.147744898,31867889.747760892,1952.1219512195123,9423563.493368367,31866945.56512127,1952.1219512195123
9423956.065097794,31868406.574602272,1464.3414634146343,0.03696589989394217,9423661.328074161,31867979.21880404,976.5609756097562,9424004.982450694,31868923.401443657,976.5609756097562,9424250.80212143,31868833.93040051,1952.1219512195123,9423907.147744898,31867889.747760892,1952.1219512195123
9424299.719474329,31869350.757241894,1464.3414634146343,0.04305187894448917,9424004.982450694,31868923.401443657,976.5609756097562,9424348.636827227,31869867.584083278,976.5609756097562,9424594.456497964,31869778.11304013,1952.1219512195123,9424250.80212143,31868833.93040051,1952.1219512195123
9424643.37385086,31870294.939881515,1464.3414634146343,0.035210567008167354,9424348.636827227,31869867.584083278,976.5609756097562,9424692.291203758,31870811.7667229,976.5609756097562,9424938.110874496,31870722.29567975,1952.1219512195123,9424594.456497964,31869778.11304013,1952.1219512195123
9424987.02822739,31871239.122521136,1464.3414634146343,0.035993687060732034,9424692.291203758,31870811.7667229,976.5609756097562,9425035.94558029,31871755.949362516,976.5609756097562,9425281.76525103,31871666.47831937,1952.1219512195123,9424938.110874496,31870722.29567975,1952.1219512195123
9425330.682603925,31872183.305160753,1464.3414634146343,0.03489688091875562,9425035.94558029,31871755.949362516,976.5609756097562,9425379.599956824,31872700.132002138,976.5609756097562,9425625.419627562,31872610.66095899,1952.1219512195123,9425281.76525103,31871666.47831937,1952.1219512195123
9425674.336980458,31873127.487800375,1464.3414634146343,0.09606623009710775,9425379.599956824,31872700.132002138,976.5609756097562,9425723.254333356,31873644.31464176,976.5609756097562,9425969.074004095,31873554.84359861,1952.1219512195123,9425625.419627562,31872610.66095899,1952.1219512195123
9426017.991356991,31874071.670439996,1464.3414634146343,0.2684354098716119,9425723.254333356,31873644.31464176,976.5609756097562,9426066.90870989,31874588.497281376,976.5609756097562,9426312.728380626,31874499.02623823,1952.1219512195123,9425969.074004095,31873554.84359861,1952.1219512195123
9426361.645733522,31875015.853079613,1464.3414634146343,0.222546926732309,9426066.90870989,31874588.497281376,976.5609756097562,9426410.563086422,31875532.679920997,976.5609756097562,9426656.382757159,31875443.20887785,1952.1219512195123,9426312.728380626,31874499.02623823,1952.1219512195123
9426705.300110057,31875960.035719234,1464.3414634146343,0.24972019093312553,9426410.563086422,31875532.679920997,976.5609756097562,9426754.217462955,31876476.86256062,976.5609756097562,9427000.037133692,31876387.391517475,1952.1219512195123,9426656.382757159,31875443.20887785,1952.1219512195123
9427048.954486588,31876904.218358852,1464.3414634146343,0.22625289110976082,9426754.217462955,31876476.86256062,976.5609756097562,9427097.871839486,31877421.045200236,976.5609756097562,9427343.691510225,31877331.574157093,1952.1219512195123,9427000.037133692,31876387.391517475,1952.1219512195123
9427392.608863119,31877848.400998473,1464.3414634146343,0.23238985858467784,9427097.871839486,31877421.045200236,976.5609756097562,9427441.526216019,31878365.227839857,976.5609756097562,9427687.345886758,31878275.756796714,1952.1219512195123,9427343.691510225,31877331.574157093,1952.1219512195123
9427736.263239654,31878792.583638098,1464.3414634146343,0.16465907614429168,9427441.526216019,31878365.227839857,976.5609756097562,9427785.180592552,31879309.41047948,976.5609756097562,9428031.00026329,31879219.939436335,1952.1219512195123,9427687.345886758,31878275.756796714,1952.1219512195123
9428079.917616187,31879736.766277716,1464.3414634146343,0.14342543848724998,9427785.180592552,31879309.41047948,976.5609756097562,9428128.834969085,31880253.593119096,976.5609756097562,9428374.654639823,31880164.122075953,1952.1219512195123,9428031.00026329,31879219.939436335,1952.1219512195123
9428423.57199272,31880680.948917337,1464.3414634146343,0.25515509854731144,9428128.834969085,31880253.593119096,976.5609756097562,9428472.489345618,31881197.77575872,976.5609756097562,9428718.309016354,31881108.304715574,1952.1219512195123,9428374.654639823,31880164.122075953,1952.1219512195123
9428767.22636925,31881625.131556958,1464.3414634146343,0.6022555972716904,9428472.489345618,31881197.77575872,976.5609756097562,9428816.14372215,31882141.958398342,976.5609756097562,9429061.963392887,31882052.48735519,1952.1219512195123,9428718.309016354,31881108.304715574,1952.1219512195123
9429110.880745785,31882569.314196575,1464.3414634146343,1.4381180893558858,9428816.14372215,31882141.958398342,976.5609756097562,9429159.798098683,31883086.14103796,976.5609756097562,9429405.61776942,31882996.669994812,1952.1219512195123,9429061.963392887,31882052.48735519,1952.1219512195123
9429454.535122316,31883513.496836197,1464.3414634146343,2.038788799547081,9429159.798098683,31883086.14103796,976.5609756097562,9429503.452475214,31884030.32367758,976.5609756097562,9429749.272145953,31883940.852634434,1952.1219512195123,9429405.61776942,31882996.669994812,1952.1219512195123
9429798.189498847,31884457.679475818,1464.3414634146343,2.536856512692123,9429503.452475214,31884030.32367758,976.5609756097562,9429847.106851747,31884974.5063172,976.5609756097562,9430092.926522486,31884885.03527405,1952.1219512195123,9429749.272145953,31883940.852634434,1952.1219512195123
9430141.843875382,31885401.862115435,1464.3414634146343,2.6360044925694157,9429847.106851747,31884974.5063172,976.5609756097562,9430190.76122828,31885918.68895682,976.5609756097562,9430436.580899019,31885829.217913672,1952.1219512195123,9430092.926522486,31884885.03527405,1952.1219512195123
9430485.498251915,31886346.044755057,1464.3414634146343,2.389055471626724,9430190.76122828,31885918.68895682,976.5609756097562,9430534.415604813,31886862.87159644,976.5609756097562,9430780.235275552,31886773.400553294,1952.1219512195123,9430436.580899019,31885829.217913672,1952.1219512195123
9430829.152628448,31887290.227394674,1464.3414634146343,2.3917020121126433,9430534.415604813,31886862.87159644,976.5609756097562,9430878.069981346,31887807.05423606,976.5609756097562,9431123.889652085,31887717.58319291,1952.1219512195123,9430780.235275552,31886773.400553294,1952.1219512195123
9431172.807004979,31888234.410034295,1464.3414634146343,2.7681420204530913,9430878.069981346,31887807.05423606,976.5609756097562,9431221.724357877,31888751.23687568,976.5609756097562,9431467.544028616,31888661.765832532,1952.1219512195123,9431123.889652085,31887717.58319291,1952.1219512195123
9431516.461381512,31889178.592673913,1464.3414634146343,3.110270603223316,9431221.724357877,31888751.23687568,976.5609756097562,9431565.37873441,31889695.419515297,976.5609756097562,9431811.198405148,31889605.948472153,1952.1219512195123,9431467.544028616,31888661.765832532,1952.1219512195123
9431860.115758045,31890122.775313534,1464.3414634146343,2.9001479650051447,9431565.37873441,31889695.419515297,976.5609756097562,9431909.033110943,31890639.602154918,976.5609756097562,9432154.852781681,31890550.131111775,1952.1219512195123,9431811.198405148,31889605.948472153,1952.1219512195123
9432203.770134576,31891066.957953155,1464.3414634146343,3.29256922166876,9431909.033110943,31890639.602154918,976.5609756097562,9432252.687487476,31891583.78479454,976.5609756097562,9432498.507158214,31891494.313751392,1952.1219512195123,9432154.852781681,31890550.131111775,1952.1219512195123
9432547.42451111,31892011.140592776,1464.3414634146343,3.4019282207529513,9432252.687487476,31891583.78479454,976.5609756097562,9432596.341864008,31892527.967434157,976.5609756097562,9432842.161534745,31892438.496391013,1952.1219512195123,9432498.507158214,31891494.313751392,1952.1219512195123
9432891.078887641,31892955.323232397,1464.3414634146343,3.336000383066268,9432596.341864008,31892527.967434157,976.5609756097562,9432939.996240541,31893472.150073778,976.5609756097562,9433185.815911278,31893382.679030634,1952.1219512195123,9432842.161534745,31892438.496391013,1952.1219512195123
9433234.733264176,31893899.50587202,1464.3414634146343,3.1913719350900376,9432939.996240541,31893472.150073778,976.5609756097562,9433283.650617074,31894416.332713403,976.5609756097562,9433529.470287811,31894326.861670252,1952.1219512195123,9433185.815911278,31893382.679030634,1952.1219512195123
9433578.387640707,31894843.68851164,1464.3414634146343,3.742087250591404,9433283.650617074,31894416.332713403,976.5609756097562,9433627.304993605,31895360.51535302,976.5609756097562,9433873.124664344,31895271.044309873,1952.1219512195123,9433529.470287811,31894326.861670252,1952.1219512195123
9433922.04201724,31895787.871151257,1464.3414634146343,3.858031603721685,9433627.304993605,31895360.51535302,976.5609756097562,9433970.959370138,31896304.69799264,976.5609756097562,9434216.779040877,31896215.226949494,1952.1219512195123,9433873.124664344,31895271.044309873,1952.1219512195123
9434265.696393773,31896732.053790875,1464.3414634146343,4.539942754873698,9433970.959370138,31896304.69799264,976.5609756097562,9434314.613746671,31897248.88063226,976.5609756097562,9434560.43341741,31897159.40958911,1952.1219512195123,9434216.779040877,31896215.226949494,1952.1219512195123
9434609.350770304,31897676.236430496,1464.3414634146343,3.7936464021839384,9434314.613746671,31897248.88063226,976.5609756097562,9434658.268123204,31898193.06327188,976.5609756097562,9434904.087793943,31898103.592228733,1952.1219512195123,9434560.43341741,31897159.40958911,1952.1219512195123
9434953.005146839,31898620.419070117,1464.3414634146343,3.1395258154907357,9434658.268123204,31898193.06327188,976.5609756097562,9435001.922499737,31899137.2459115,976.5609756097562,9435247.742170475,31899047.774868354,1952.1219512195123,9434904.087793943,31898103.592228733,1952.1219512195123
9435296.65952337,31899564.601709735,1464.3414634146343,2.454504673753997,9435001.922499737,31899137.2459115,976.5609756097562,9435345.57687627,31900081.42855112,976.5609756097562,9435591.396547006,31899991.95750797,1952.1219512195123,9435247.742170475,31899047.774868354,1952.1219512195123
9435640.313899904,31900508.784349356,1464.3414634146343,1.6245250057641252,9435345.57687627,31900081.42855112,976.5609756097562,9435689.231252803,31901025.61119074,976.5609756097562,9435935.05092354,31900936.140147593,1952.1219512195123,9435591.396547006,31899991.95750797,1952.1219512195123
9435983.968276436,31901452.966988977,1464.3414634146343,1.4254166119255194,9435689.231252803,31901025.61119074,976.5609756097562,9436032.885629334,31901969.79383036,976.5609756097562,9436278.705300072,31901880.322787214,1952.1219512195123,9435935.05092354,31900936.140147593,1952.1219512195123
9436327.622652968,31902397.149628595,1464.3414634146343,1.099416206183576,9436032.885629334,31901969.79383036,976.5609756097562,9436376.540005866,31902913.97646998,976.5609756097562,9436622.359676605,31902824.505426835,1952.1219512195123,9436278.705300072,31901880.322787214,1952.1219512195123
9436671.277029501,31903341.332268216,1464.3414634146343,0.5845874910029045,9436376.540005866,31902913.97646998,976.5609756097562,9436720.1943824,31903858.1591096,976.5609756097562,9436966.014053138,31903768.688066456,1952.1219512195123,9436622.359676605,31902824.505426835,1952.1219512195123
9437014.931406032,31904285.514907837,1464.3414634146343,0.3786466094718592,9436720.1943824,31903858.1591096,976.5609756097562,9437063.848758932,31904802.34174922,976.5609756097562,9437309.66842967,31904712.870706078,1952.1219512195123,9436966.014053138,31903768.688066456,1952.1219512195123
9411486.67283683,31833382.34589319,2439.9024390243903,1.7495225446021914,9411191.935813192,31832954.99009495,1952.1219512195123,9411535.590189725,31833899.172734566,1952.1219512195123,9411781.409860468,31833809.701691423,2927.682926829268,9411437.755483937,31832865.5190518,2927.682926829268
9411830.327213362,31834326.528532807,2439.9024390243903,1.5613350443425178,9411535.590189725,31833899.172734566,1952.1219512195123,9411879.244566258,31834843.355374187,1952.1219512195123,9412125.064237,31834753.884331044,2927.682926829268,9411781.409860468,31833809.701691423,2927.682926829268
9412173.981589897,31835270.711172424,2439.9024390243903,1.7394049700342167,9411879.244566258,31834843.355374187,1952.1219512195123,9412222.89894279,31835787.53801381,1952.1219512195123,9412468.718613533,31835698.06697066,2927.682926829268,9412125.064237,31834753.884331044,2927.682926829268
9412517.635966428,31836214.893812045,2439.9024390243903,1.1435873265301717,9412222.89894279,31835787.53801381,1952.1219512195123,9412566.553319324,31836731.72065343,1952.1219512195123,9412812.372990066,31836642.249610282,2927.682926829268,9412468.718613533,31835698.06697066,2927.682926829268
9412861.29034296,31837159.076451667,2439.9024390243903,1.2236125591940872,9412566.553319324,31836731.72065343,1952.1219512195123,9412910.207695855,31837675.90329305,1952.1219512195123,9413156.027366599,31837586.432249904,2927.682926829268,9412812.372990066,31836642.249610282,2927.682926829268
9413204.944719493,31838103.259091288,2439.9024390243903,0.9203971582496804,9412910.207695855,31837675.90329305,1952.1219512195123,9413253.862072388,31838620.085932672,1952.1219512195123,9413499.681743132,31838530.61488952,2927.682926829268,9413156.027366599,31837586.432249904,2927.682926829268
9413548.599096026,31839047.441730905,2439.9024390243903,0.6724096081242714,9413253.862072388,31838620.085932672,1952.1219512195123,9413597.51644892,31839564.26857229,1952.1219512195123,9413843.336119665,31839474.797529142,2927.682926829268,9413499.681743132,31838530.61488952,2927.682926829268
9413892.25347256,31839991.624370527,2439.9024390243903,0.42153292250773067,9413597.51644892,31839564.26857229,1952.1219512195123,9413941.170825453,31840508.45121191,1952.1219512195123,9414186.990496196,31840418.980168764,2927.682926829268,9413843.336119665,31839474.797529142,2927.682926829268
9414235.90784909,31840935.807010148,2439.9024390243903,0.33908062144063805,9413941.170825453,31840508.45121191,1952.1219512195123,9414284.825201986,31841452.633851532,1952.1219512195123,9414530.644872729,31841363.16280838,2927.682926829268,9414186.990496196,31840418.980168764,2927.682926829268
9414579.562225625,31841879.989649765,2439.9024390243903,0.33892816790340674,9414284.825201986,31841452.633851532,1952.1219512195123,9414628.47957852,31842396.81649115,1952.1219512195123,9414874.299249262,31842307.345448002,2927.682926829268,9414530.644872729,31841363.16280838,2927.682926829268
9414923.216602156,31842824.172289386,2439.9024390243903,0.1576570247764748,9414628.47957852,31842396.81649115,1952.1219512195123,9414972.133955052,31843340.99913077,1952.1219512195123,9415217.953625795,31843251.52808762,2927.682926829268,9414874.299249262,31842307.345448002,2927.682926829268
9415266.870978689,31843768.354929008,2439.9024390243903,0.15510282990656027,9414972.133955052,31843340.99913077,1952.1219512195123,9415315.788331583,31844285.181770388,1952.1219512195123,9415561.608002327,31844195.710727245,2927.682926829268,9415217.953625795,31843251.52808762,2927.682926829268
9415610.525355222,31844712.53756862,2439.9024390243903,0.31092012188114293,9415315.788331583,31844285.181770388,1952.1219512195123,9415659.442708116,31845229.36441001,1952.1219512195123,9415905.262378858,31845139.893366862,2927.682926829268,9415561.608002327,31844195.710727245,2927.682926829268
9415954.179731753,31845656.720208243,2439.9024390243903,0.3605724664104044,9415659.442708116,31845229.36441001,1952.1219512195123,9416003.097084649,31846173.547049627,1952.1219512195123,9416248.916755391,31846084.076006483,2927.682926829268,9415905.262378858,31845139.893366862,2927.682926829268
9416297.834108286,31846600.902847867,2439.9024390243903,0.3581786518590551,9416003.097084649,31846173.547049627,1952.1219512195123,9416346.751461182,31847117.729689248,1952.1219512195123,9416592.571131924,31847028.258646104,2927.682926829268,9416248.916755391,31846084.076006483,2927.682926829268
9416641.488484818,31847545.085487485,2439.9024390243903,0.27831629151480064,9416346.751461182,31847117.729689248,1952.1219512195123,9416690.405837715,31848061.91232887,1952.1219512195123,9416936.225508455,31847972.441285722,2927.682926829268,9416592.571131924,31847028.258646104,2927.682926829268
9416985.142861351,31848489.268127106,2439.9024390243903,0.20531360056512724,9416690.405837715,31848061.91232887,1952.1219512195123,9417034.060214246,31849006.09496849,1952.1219512195123,9417279.879884988,31848916.623925343,2927.682926829268,9416936.225508455,31847972.441285722,2927.682926829268
9417328.797237884,31849433.450766727,2439.9024390243903,0.17823977216891956,9417034.060214246,31849006.09496849,1952.1219512195123,9417377.714590779,31849950.27760811,1952.1219512195123,9417623.534261521,31849860.806564964,2927.682926829268,9417279.879884988,31848916.623925343,2927.682926829268
9417672.451614417,31850377.63340635,2439.9024390243903,0.08245944480228895,9417377.714590779,31849950.27760811,1952.1219512195123,9417721.368967311,31850894.460247733,1952.1219512195123,9417967.188638054,31850804.98920458,2927.682926829268,9417623.534261521,31849860.806564964,2927.682926829268
9418016.10599095,31851321.816045966,2439.9024390243903,0.03820452106372388,9417721.368967311,31850894.460247733,1952.1219512195123,9418065.023343844,31851838.64288735,1952.1219512195123,9418310.843014585,31851749.171844203,2927.682926829268,9417967.188638054,31850804.98920458,2927.682926829268
9418359.760367481,31852265.998685587,2439.9024390243903,0.02495904483047467,9418065.023343844,31851838.64288735,1952.1219512195123,9418408.677720377,31852782.82552697,1952.1219512195123,9418654.497391118,31852693.35448382,2927.682926829268,9418310.843014585,31851749.171844203,2927.682926829268
9418703.414744014,31853210.18132521,2439.9024390243903,0.0019124007445918542,9418408.677720377,31852782.82552697,1952.1219512195123,9418752.33209691,31853727.008166593,1952.1219512195123,9418998.15176765,31853637.53712344,2927.682926829268,9418654.497391118,31852693.35448382,2927.682926829268
9419047.069120547,31854154.36396483,2439.9024390243903,0.013530711344681076,9418752.33209691,31853727.008166593,1952.1219512195123,9419095.986473443,31854671.19080621,1952.1219512195123,9419341.806144184,31854581.719763063,2927.682926829268,9418998.15176765,31853637.53712344,2927.682926829268
9419390.72349708,31855098.546604443,2439.9024390243903,0.0607662257730326,9419095.986473443,31854671.19080621,1952.1219512195123,9419439.640849974,31855615.37344583,1952.1219512195123,9419685.460520716,31855525.90240268,2927.682926829268,9419341.806144184,31854581.719763063,2927.682926829268
9419734.377873613,31856042.729244065,2439.9024390243903,0.10957378613992223,9419439.640849974,31855615.37344583,1952.1219512195123,9419783.295226507,31856559.55608545,1952.1219512195123,9420029.11489725,31856470.0850423,2927.682926829268,9419685.460520716,31855525.90240268,2927.682926829268
9420078.032250145,31856986.911883686,2439.9024390243903,0.07712125035134022,9419783.295226507,31856559.55608545,1952.1219512195123,9420126.94960304,31857503.73872507,1952.1219512195123,9420372.769273782,31857414.267681926,2927.682926829268,9420029.11489725,31856470.0850423,2927.682926829268
9420421.686626678,31857931.094523307,2439.9024390243903,0.15340301114410754,9420126.94960304,31857503.73872507,1952.1219512195123,9420470.603979573,31858447.92136469,1952.1219512195123,9420716.423650315,31858358.450321544,2927.682926829268,9420372.769273782,31857414.267681926,2927.682926829268
9420765.341003211,31858875.277162924,2439.9024390243903,0.059739864079371915,9420470.603979573,31858447.92136469,1952.1219512195123,9420814.258356106,31859392.10400431,1952.1219512195123,9421060.078026846,31859302.632961165,2927.682926829268,9420716.423650315,31858358.450321544,2927.682926829268
9421108.995379742,31859819.45980255,2439.9024390243903,0.039619804823858816,9420814.258356106,31859392.10400431,1952.1219512195123,9421157.912732638,31860336.28664393,1952.1219512195123,9421403.732403379,31860246.815600786,2927.682926829268,9421060.078026846,31859302.632961165,2927.682926829268
9421452.649756275,31860763.64244217,2439.9024390243903,0.05161961400885225,9421157.912732638,31860336.28664393,1952.1219512195123,9421501.567109171,31861280.46928355,1952.1219512195123,9421747.386779912,31861190.998240404,2927.682926829268,9421403.732403379,31860246.815600786,2927.682926829268
9421796.30413281,31861707.825081788,2439.9024390243903,0.0563951962128479,9421501.567109171,31861280.46928355,1952.1219512195123,9421845.221485704,31862224.651923172,1952.1219512195123,9422091.041156445,31862135.180880025,2927.682926829268,9421747.386779912,31861190.998240404,2927.682926829268
9422139.95850934,31862652.00772141,2439.9024390243903,0.08153297836825506,9421845.221485704,31862224.651923172,1952.1219512195123,9422188.875862235,31863168.834562793,1952.1219512195123,9422434.695532978,31863079.363519646,2927.682926829268,9422091.041156445,31862135.180880025,2927.682926829268
9422483.612885874,31863596.19036103,2439.9024390243903,0.1545775953214709,9422188.875862235,31863168.834562793,1952.1219512195123,9422532.530238768,31864113.017202415,1952.1219512195123,9422778.34990951,31864023.546159264,2927.682926829268,9422434.695532978,31863079.363519646,2927.682926829268
9422827.267262407,31864540.37300065,2439.9024390243903,0.5037868096438605,9422532.530238768,31864113.017202415,1952.1219512195123,9422876.184615301,31865057.199842032,1952.1219512195123,9423122.004286043,31864967.728798885,2927.682926829268,9422778.34990951,31864023.546159264,2927.682926829268
9423170.92163894,31865484.555640265,2439.9024390243903,0.4593318352429367,9422876.184615301,31865057.199842032,1952.1219512195123,9423219.838991834,31866001.38248165,1952.1219512195123,9423465.658662574,31865911.911438502,2927.682926829268,9423122.004286043,31864967.728798885,2927.682926829268
9423514.57601547,31866428.738279887,2439.9024390243903,0.48460659579024057,9423219.838991834,31866001.38248165,1952.1219512195123,9423563.493368367,31866945.56512127,1952.1219512195123,9423809.313039107,31866856.094078124,2927.682926829268,9423465.658662574,31865911.911438502,2927.682926829268
9423858.230392003,31867372.920919504,2439.9024390243903,0.2403262019037258,9423563.493368367,31866945.56512127,1952.1219512195123,9423907.147744898,31867889.747760892,1952.1219512195123,9424152.96741564,31867800.27671774,2927.682926829268,9423809.313039107,31866856.094078124,2927.682926829268
9424201.884768536,31868317.103559125,2439.9024390243903,0.15035901084020767,9423907.147744898,31867889.747760892,1952.1219512195123,9424250.80212143,31868833.93040051,1952.1219512195123,9424496.621792173,31868744.459357362,2927.682926829268,9424152.96741564,31867800.27671774,2927.682926829268
9424545.53914507,31869261.286198746,2439.9024390243903,0.13070566892845303,9424250.80212143,31868833.93040051,1952.1219512195123,9424594.456497964,31869778.11304013,1952.1219512195123,9424840.276168706,31869688.641996983,2927.682926829268,9424496.621792173,31868744.459357362,2927.682926829268
9424889.193521602,31870205.468838368,2439.9024390243903,0.15873169261756498,9424594.456497964,31869778.11304013,1952.1219512195123,9424938.110874496,31870722.29567975,1952.1219512195123,9425183.930545237,31870632.824636605,2927.682926829268,9424840.276168706,31869688.641996983,2927.682926829268
9425232.847898135,31871149.651477985,2439.9024390243903,0.10184156447036503,9424938.110874496,31870722.29567975,1952.1219512195123,9425281.76525103,31871666.47831937,1952.1219512195123,9425527.58492177,31871577.007276226,2927.682926829268,9425183.930545237,31870632.824636605,2927.682926829268
9425576.502274666,31872093.834117606,2439.9024390243903,0.047606819020064715,9425281.76525103,31871666.47831937,1952.1219512195123,9425625.419627562,31872610.66095899,1952.1219512195123,9425871.239298303,31872521.189915847,2927.682926829268,9425527.58492177,31871577.007276226,2927.682926829268
9425920.156651199,31873038.016757227,2439.9024390243903,0.10649721543614384,9425625.419627562,31872610.66095899,1952.1219512195123,9425969.074004095,31873554.84359861,1952.1219512195123,9426214.893674836,31873465.372555465,2927.682926829268,9425871.239298303,31872521.189915847,2927.682926829268
9426263.811027732,31873982.199396852,2439.9024390243903,0.16849549026614408,9425969.074004095,31873554.84359861,1952.1219512195123,9426312.728380626,31874499.02623823,1952.1219512195123,9426558.548051368,31874409.555195086,2927.682926829268,9426214.893674836,31873465.372555465,2927.682926829268
9426607.465404265,31874926.38203647,2439.9024390243903,0.17272507169679072,9426312.728380626,31874499.02623823,1952.1219512195123,9426656.382757159,31875443.20887785,1952.1219512195123,9426902.202427901,31875353.737834707,2927.682926829268,9426558.548051368,31874409.555195086,2927.682926829268
9426951.119780798,31875870.564676087,2439.9024390243903,0.18146972619427215,9426656.382757159,31875443.20887785,1952.1219512195123,9427000.037133692,31876387.391517475,1952.1219512195123,9427245.856804434,31876297.920474324,2927.682926829268,9426902.202427901,31875353.737834707,2927.682926829268
9427294.77415733,31876814.74731571,2439.9024390243903,0.23302545407619416,9427000.037133692,31876387.391517475,1952.1219512195123,9427343.691510225,31877331.574157093,1952.1219512195123,9427589.511180965,31877242.103113946,2927.682926829268,9427245.856804434,31876297.920474324,2927.682926829268
9427638.428533863,31877758.92995533,2439.9024390243903,0.2574536155363861,9427343.691510225,31877331.574157093,1952.1219512195123,9427687.345886758,31878275.756796714,1952.1219512195123,9427933.165557498,31878186.285753567,2927.682926829268,9427589.511180965,31877242.103113946,2927.682926829268
9427982.082910394,31878703.11259495,2439.9024390243903,0.2367890080028837,9427687.345886758,31878275.756796714,1952.1219512195123,9428031.00026329,31879219.939436335,1952.1219512195123,9428276.819934031,31879130.468393184,2927.682926829268,9427933.165557498,31878186.285753567,2927.682926829268
9428325.737286927,31879647.29523457,2439.9024390243903,0.2338257922879072,9428031.00026329,31879219.939436335,1952.1219512195123,9428374.654639823,31880164.122075953,1952.1219512195123,9428620.474310564,31880074.651032805,2927.682926829268,9428276.819934031,31879130.468393184,2927.682926829268
9428669.39166346,31880591.47787419,2439.9024390243903,0.18467411861166774,9428374.654639823,31880164.122075953,1952.1219512195123,9428718.309016354,31881108.304715574,1952.1219512195123,9428964.128687097,31881018.833672423,2927.682926829268,9428620.474310564,31880074.651032805,2927.682926829268
9429013.046039993,31881535.660513807,2439.9024390243903,0.49109932596361855,9428718.309016354,31881108.304715574,1952.1219512195123,9429061.963392887,31882052.48735519,1952.1219512195123,9429307.78306363,31881963.016312044,2927.682926829268,9428964.128687097,31881018.833672423,2927.682926829268
9429356.700416526,31882479.84315343,2439.9024390243903,1.2907770655111652,9429061.963392887,31882052.48735519,1952.1219512195123,9429405.61776942,31882996.669994812,1952.1219512195123,9429651.437440163,31882907.198951665,2927.682926829268,9429307.78306363,31881963.016312044,2927.682926829268
9429700.354793059,31883424.02579305,2439.9024390243903,1.9089118901590854,9429405.61776942,31882996.669994812,1952.1219512195123,9429749.272145953,31883940.852634434,1952.1219512195123,9429995.091816695,31883851.381591287,2927.682926829268,9429651.437440163,31882907.198951665,2927.682926829268
9430044.009169592,31884368.20843267,2439.9024390243903,1.7219172079454494,9429749.272145953,31883940.852634434,1952.1219512195123,9430092.926522486,31884885.03527405,1952.1219512195123,9430338.746193226,31884795.564230908,2927.682926829268,9429995.091816695,31883851.381591287,2927.682926829268
9430387.663546123,31885312.39107229,2439.9024390243903,1.821885387375232,9430092.926522486,31884885.03527405,1952.1219512195123,9430436.580899019,31885829.217913672,1952.1219512195123,9430682.40056976,31885739.74687053,2927.682926829268,9430338.746193226,31884795.564230908,2927.682926829268
9430731.317922655,31886256.57371191,2439.9024390243903,1.5390040064455566,9430436.580899019,31885829.217913672,1952.1219512195123,9430780.235275552,31886773.400553294,1952.1219512195123,9431026.054946292,31886683.929510146,2927.682926829268,9430682.40056976,31885739.74687053,2927.682926829268
9431074.972299188,31887200.75635153,2439.9024390243903,2.1580645529383156,9430780.235275552,31886773.400553294,1952.1219512195123,9431123.889652085,31887717.58319291,1952.1219512195123,9431369.709322825,31887628.112149768,2927.682926829268,9431026.054946292,31886683.929510146,2927.682926829268
9431418.626675721,31888144.938991148,2439.9024390243903,2.9919309703168233,9431123.889652085,31887717.58319291,1952.1219512195123,9431467.544028616,31888661.765832532,1952.1219512195123,9431713.363699356,31888572.294789385,2927.682926829268,9431369.709322825,31887628.112149768,2927.682926829268
9431762.281052252,31889089.12163077,2439.9024390243903,4.021696216461069,9431467.544028616,31888661.765832532,1952.1219512195123,9431811.198405148,31889605.948472153,1952.1219512195123,9432057.018075889,31889516.477429006,2927.682926829268,9431713.363699356,31888572.294789385,2927.682926829268
9432105.935428785,31890033.30427039,2439.9024390243903,4.013311520071549,9431811.198405148,31889605.948472153,1952.1219512195123,9432154.852781681,31890550.131111775,1952.1219512195123,9432400.672452422,31890460.660068624,2927.682926829268,9432057.018075889,31889516.477429006,2927.682926829268
9432449.58980532,31890977.486910008,2439.9024390243903,3.7493573804315634,9432154.852781681,31890550.131111775,1952.1219512195123,9432498.507158214,31891494.313751392,1952.1219512195123,9432744.326828955,31891404.842708245,2927.682926829268,9432400.672452422,31890460.660068624,2927.682926829268
9432793.24418185,31891921.66954963,2439.9024390243903,3.882428315786382,9432498.507158214,31891494.313751392,1952.1219512195123,9432842.161534745,31892438.496391013,1952.1219512195123,9433087.981205488,31892349.025347866,2927.682926829268,9432744.326828955,31891404.842708245,2927.682926829268
9433136.898558384,31892865.85218925,2439.9024390243903,4.206603664476749,9432842.161534745,31892438.496391013,1952.1219512195123,9433185.815911278,31893382.679030634,1952.1219512195123,9433431.63558202,31893293.207987484,2927.682926829268,9433087.981205488,31892349.025347866,2927.682926829268
9433480.552934917,31893810.03482887,2439.9024390243903,4.168631656360095,9433185.815911278,31893382.679030634,1952.1219512195123,9433529.470287811,31894326.861670252,1952.1219512195123,9433775.289958553,31894237.390627105,2927.682926829268,9433431.63558202,31893293.207987484,2927.682926829268
9433824.20731145,31894754.21746849,2439.9024390243903,3.9048442790364235,9433529.470287811,31894326.861670252,1952.1219512195123,9433873.124664344,31895271.044309873,1952.1219512195123,9434118.944335086,31895181.573266726,2927.682926829268,9433775.289958553,31894237.390627105,2927.682926829268
9434167.861687982,31895698.400108106,2439.9024390243903,4.519309432999674,9433873.124664344,31895271.044309873,1952.1219512195123,9434216.779040877,31896215.226949494,1952.1219512195123,9434462.598711617,31896125.755906343,2927.682926829268,9434118.944335086,31895181.573266726,2927.682926829268
9434511.516064513,31896642.582747728,2439.9024390243903,5.18525791363969,9434216.779040877,31896215.226949494,1952.1219512195123,9434560.43341741,31897159.40958911,1952.1219512195123,9434806.25308815,31897069.93854597,2927.682926829268,9434462.598711617,31896125.755906343,2927.682926829268
9434855.170441048,31897586.76538735,2439.9024390243903,4.58698560560568,9434560.43341741,31897159.40958911,1952.1219512195123,9434904.087793943,31898103.592228733,1952.1219512195123,9435149.907464683,31898014.12118559,2927.682926829268,9434806.25308815,31897069.93854597,2927.682926829268
9435198.82481758,31898530.94802697,2439.9024390243903,3.4009062740446896,9434904.087793943,31898103.592228733,1952.1219512195123,9435247.742170475,31899047.774868354,1952.1219512195123,9435493.561841216,31898958.303825207,2927.682926829268,9435149.907464683,31898014.12118559,2927.682926829268
9435542.479194112,31899475.13066659,2439.9024390243903,2.323171226850435,9435247.742170475,31899047.774868354,1952.1219512195123,9435591.396547006,31899991.95750797,1952.1219512195123,9435837.216217749,31899902.48646483,2927.682926829268,9435493.561841216,31898958.303825207,2927.682926829268
9435886.133570645,31900419.313306212,2439.9024390243903,1.7377023245967214,9435591.396547006,31899991.95750797,1952.1219512195123,9435935.05092354,31900936.140147593,1952.1219512195123,9436180.870594282,31900846.66910445,2927.682926829268,9435837.216217749,31899902.48646483,2927.682926829268
9436229.787947178,31901363.495945834,2439.9024390243903,1.1700315517849338,9435935.05092354,31900936.140147593,1952.1219512195123,9436278.705300072,31901880.322787214,1952.1219512195123,9436524.524970815,31901790.851744067,2927.682926829268,9436180.870594282,31900846.66910445,2927.682926829268
9436573.44232371,31902307.67858545,2439.9024390243903,1.1972129885557725,9436278.705300072,31901880.322787214,1952.1219512195123,9436622.359676605,31902824.505426835,1952.1219512195123,9436868.179347346,31902735.034383688,2927.682926829268,9436524.524970815,31901790.851744067,2927.682926829268
9436917.096700242,31903251.861225072,2439.9024390243903,0.8497444545295445,9436622.359676605,31902824.505426835,1952.1219512195123,9436966.014053138,31903768.688066456,1952.1219512195123,9437211.833723878,31903679.21702331,2927.682926829268,9436868.179347346,31902735.034383688,2927.682926829268
9437260.751076777,31904196.043864693,2439.9024390243903,0.3906079543594278,9436966.014053138,31903768.688066456,1952.1219512195123,9437309.66842967,31904712.870706078,1952.1219512195123,9437555.488100411,31904623.399662927,2927.682926829268,9437211.833723878,31903679.21702331,2927.682926829268
9411732.49250757,31833292.87485004,3415.4634146341464,1.7894327570936217,9411437.755483937,31832865.5190518,2927.682926829268,9411781.409860468,31833809.701691423,2927.682926829268,9412027.229531206,31833720.230648275,3903.2439024390246,9411683.575154673,31832776.048008654,3903.2439024390246
9412076.1468841,31834237.05748966,3415.4634146341464,1.7859315905213033,9411781.409860468,31833809.701691423,2927.682926829268,9412125.064237,31834753.884331044,2927.682926829268,9412370.88390774,31834664.413287897,3903.2439024390246,9412027.229531206,31833720.230648275,3903.2439024390246
9412419.801260635,31835181.240129277,3415.4634146341464,1.7315968860982844,9412125.064237,31834753.884331044,2927.682926829268,9412468.718613533,31835698.06697066,2927.682926829268,9412714.538284272,31835608.595927514,3903.2439024390246,9412370.88390774,31834664.413287897,3903.2439024390246
9412763.455637168,31836125.4227689,3415.4634146341464,1.977957260374226,9412468.718613533,31835698.06697066,2927.682926829268,9412812.372990066,31836642.249610282,2927.682926829268,9413058.192660805,31836552.778567135,3903.2439024390246,9412714.538284272,31835608.595927514,3903.2439024390246
9413107.110013701,31837069.60540852,3415.4634146341464,1.6251537414082202,9412812.372990066,31836642.249610282,2927.682926829268,9413156.027366599,31837586.432249904,2927.682926829268,9413401.847037336,31837496.961206757,3903.2439024390246,9413058.192660805,31836552.778567135,3903.2439024390246
9413450.764390232,31838013.788048137,3415.4634146341464,1.0637941758669591,9413156.027366599,31837586.432249904,2927.682926829268,9413499.681743132,31838530.61488952,2927.682926829268,9413745.501413869,31838441.143846374,3903.2439024390246,9413401.847037336,31837496.961206757,3903.2439024390246
9413794.418766767,31838957.97068776,3415.4634146341464,0.75540024070467,9413499.681743132,31838530.61488952,2927.682926829268,9413843.336119665,31839474.797529142,2927.682926829268,9414089.155790402,31839385.326486,3903.2439024390246,9413745.501413869,31838441.143846374,3903.2439024390246
9414138.073143298,31839902.15332738,3415.4634146341464,0.37481046312886734,9413843.336119665,31839474.797529142,2927.682926829268,9414186.990496196,31840418.980168764,2927.682926829268,9414432.810166935,31840329.509125616,3903.2439024390246,9414089.155790402,31839385.326486,3903.2439024390246
9414481.727519829,31840846.335966997,3415.4634146341464,0.4306279309978003,9414186.990496196,31840418.980168764,2927.682926829268,9414530.644872729,31841363.16280838,2927.682926829268,9414776.464543467,31841273.691765238,3903.2439024390246,9414432.810166935,31840329.509125616,3903.2439024390246
9414825.381896364,31841790.51860662,3415.4634146341464,0.43619026202858024,9414530.644872729,31841363.16280838,2927.682926829268,9414874.299249262,31842307.345448002,2927.682926829268,9415120.11892,31842217.87440486,3903.2439024390246,9414776.464543467,31841273.691765238,3903.2439024390246
9415169.036272896,31842734.701246243,3415.4634146341464,0.3852726490701001,9414874.299249262,31842307.345448002,2927.682926829268,9415217.953625795,31843251.52808762,2927.682926829268,9415463.773296533,31843162.057044476,3903.2439024390246,9415120.11892,31842217.87440486,3903.2439024390246
9415512.69064943,31843678.88388586,3415.4634146341464,0.3668014346251396,9415217.953625795,31843251.52808762,2927.682926829268,9415561.608002327,31844195.710727245,2927.682926829268,9415807.427673064,31844106.239684097,3903.2439024390246,9415463.773296533,31843162.057044476,3903.2439024390246
9415856.34502596,31844623.066525478,3415.4634146341464,0.46375101606114105,9415561.608002327,31844195.710727245,2927.682926829268,9415905.262378858,31845139.893366862,2927.682926829268,9416151.082049597,31845050.422323715,3903.2439024390246,9415807.427673064,31844106.239684097,3903.2439024390246
9416199.999402493,31845567.2491651,3415.4634146341464,0.37331857739485974,9415905.262378858,31845139.893366862,2927.682926829268,9416248.916755391,31846084.076006483,2927.682926829268,9416494.73642613,31845994.604963336,3903.2439024390246,9416151.082049597,31845050.422323715,3903.2439024390246
9416543.653779026,31846511.43180472,3415.4634146341464,0.42658134028361994,9416248.916755391,31846084.076006483,2927.682926829268,9416592.571131924,31847028.258646104,2927.682926829268,9416838.390802663,31846938.787602957,3903.2439024390246,9416494.73642613,31845994.604963336,3903.2439024390246
9416887.308155557,31847455.614444338,3415.4634146341464,0.5371852799966886,9416592.571131924,31847028.258646104,2927.682926829268,9416936.225508455,31847972.441285722,2927.682926829268,9417182.045179196,31847882.970242575,3903.2439024390246,9416838.390802663,31846938.787602957,3903.2439024390246
9417230.962532092,31848399.79708396,3415.4634146341464,0.4466495106482343,9416936.225508455,31847972.441285722,2927.682926829268,9417279.879884988,31848916.623925343,2927.682926829268,9417525.699555727,31848827.152882196,3903.2439024390246,9417182.045179196,31847882.970242575,3903.2439024390246
9417574.616908623,31849343.97972358,3415.4634146341464,0.3038727386182519,9417279.879884988,31848916.623925343,2927.682926829268,9417623.534261521,31849860.806564964,2927.682926829268,9417869.35393226,31849771.335521813,3903.2439024390246,9417525.699555727,31848827.152882196,3903.2439024390246
9417918.271285158,31850288.162363198,3415.4634146341464,0.20667228631115067,9417623.534261521,31849860.806564964,2927.682926829268,9417967.188638054,31850804.98920458,2927.682926829268,9418213.008308792,31850715.518161435,3903.2439024390246,9417869.35393226,31849771.335521813,3903.2439024390246
9418261.925661689,31851232.34500282,3415.4634146341464,0.11246763583971763,9417967.188638054,31850804.98920458,2927.682926829268,9418310.843014585,31851749.171844203,2927.682926829268,9418556.662685325,31851659.700801056,3903.2439024390246,9418213.008308792,31850715.518161435,3903.2439024390246
9418605.580038222,31852176.52764244,3415.4634146341464,0.06720958304666527,9418310.843014585,31851749.171844203,2927.682926829268,9418654.497391118,31852693.35448382,2927.682926829268,9418900.317061858,31852603.883440677,3903.2439024390246,9418556.662685325,31851659.700801056,3903.2439024390246
9418949.234414754,31853120.710282058,3415.4634146341464,0.04644274398940189,9418654.497391118,31852693.35448382,2927.682926829268,9418998.15176765,31853637.53712344,2927.682926829268,9419243.971438391,31853548.0660803,3903.2439024390246,9418900.317061858,31852603.883440677,3903.2439024390246
9419292.888791285,31854064.89292168,3415.4634146341464,0.1295957139949762,9418998.15176765,31853637.53712344,2927.682926829268,9419341.806144184,31854581.719763063,2927.682926829268,9419587.625814924,31854492.24871992,3903.2439024390246,9419243.971438391,31853548.0660803,3903.2439024390246
9419636.54316782,31855009.0755613,3415.4634146341464,0.1890550310574144,9419341.806144184,31854581.719763063,2927.682926829268,9419685.460520716,31855525.90240268,2927.682926829268,9419931.280191457,31855436.431359537,3903.2439024390246,9419587.625814924,31854492.24871992,3903.2439024390246
9419980.197544351,31855953.25820092,3415.4634146341464,0.29701281934843676,9419685.460520716,31855525.90240268,2927.682926829268,9420029.11489725,31856470.0850423,2927.682926829268,9420274.934567988,31856380.61399916,3903.2439024390246,9419931.280191457,31855436.431359537,3903.2439024390246
9420323.851920886,31856897.440840542,3415.4634146341464,0.3297092055925753,9420029.11489725,31856470.0850423,2927.682926829268,9420372.769273782,31857414.267681926,2927.682926829268,9420618.58894452,31857324.79663878,3903.2439024390246,9420274.934567988,31856380.61399916,3903.2439024390246
9420667.506297417,31857841.62348016,3415.4634146341464,0.22319483931771303,9420372.769273782,31857414.267681926,2927.682926829268,9420716.423650315,31858358.450321544,2927.682926829268,9420962.243321054,31858268.979278397,3903.2439024390246,9420618.58894452,31857324.79663878,3903.2439024390246
9421011.16067395,31858785.80611978,3415.4634146341464,0.13624589980838941,9420716.423650315,31858358.450321544,2927.682926829268,9421060.078026846,31859302.632961165,2927.682926829268,9421305.897697587,31859213.161918018,3903.2439024390246,9420962.243321054,31858268.979278397,3903.2439024390246
9421354.815050483,31859729.988759402,3415.4634146341464,0.13849642266454024,9421060.078026846,31859302.632961165,2927.682926829268,9421403.732403379,31860246.815600786,2927.682926829268,9421649.55207412,31860157.34455764,3903.2439024390246,9421305.897697587,31859213.161918018,3903.2439024390246
9421698.469427014,31860674.17139902,3415.4634146341464,0.1963266576363222,9421403.732403379,31860246.815600786,2927.682926829268,9421747.386779912,31861190.998240404,2927.682926829268,9421993.206450652,31861101.527197257,3903.2439024390246,9421649.55207412,31860157.34455764,3903.2439024390246
9422042.123803549,31861618.35403864,3415.4634146341464,0.14225097212399407,9421747.386779912,31861190.998240404,2927.682926829268,9422091.041156445,31862135.180880025,2927.682926829268,9422336.860827185,31862045.709836878,3903.2439024390246,9421993.206450652,31861101.527197257,3903.2439024390246
9422385.77818008,31862562.536678262,3415.4634146341464,0.21384898181180864,9422091.041156445,31862135.180880025,2927.682926829268,9422434.695532978,31863079.363519646,2927.682926829268,9422680.515203716,31862989.8924765,3903.2439024390246,9422336.860827185,31862045.709836878,3903.2439024390246
9422729.432556614,31863506.719317883,3415.4634146341464,0.3468119078918286,9422434.695532978,31863079.363519646,2927.682926829268,9422778.34990951,31864023.546159264,2927.682926829268,9423024.16958025,31863934.075116117,3903.2439024390246,9422680.515203716,31862989.8924765,3903.2439024390246
9423073.086933145,31864450.9019575,3415.4634146341464,0.6407992535359205,9422778.34990951,31864023.546159264,2927.682926829268,9423122.004286043,31864967.728798885,2927.682926829268,9423367.823956782,31864878.257755738,3903.2439024390246,9423024.16958025,31863934.075116117,3903.2439024390246
9423416.741309678,31865395.08459712,3415.4634146341464,0.5716536346920437,9423122.004286043,31864967.728798885,2927.682926829268,9423465.658662574,31865911.911438502,2927.682926829268,9423711.478333315,31865822.44039536,3903.2439024390246,9423367.823956782,31864878.257755738,3903.2439024390246
9423760.395686211,31866339.26723674,3415.4634146341464,0.3938397015048482,9423465.658662574,31865911.911438502,2927.682926829268,9423809.313039107,31866856.094078124,2927.682926829268,9424055.132709848,31866766.62303498,3903.2439024390246,9423711.478333315,31865822.44039536,3903.2439024390246
9424104.050062742,31867283.449876357,3415.4634146341464,0.2781580674819617,9423809.313039107,31866856.094078124,2927.682926829268,9424152.96741564,31867800.27671774,2927.682926829268,9424398.787086379,31867710.805674598,3903.2439024390246,9424055.132709848,31866766.62303498,3903.2439024390246
9424447.704439277,31868227.63251598,3415.4634146341464,0.130034367421431,9424152.96741564,31867800.27671774,2927.682926829268,9424496.621792173,31868744.459357362,2927.682926829268,9424742.441462912,31868654.98831422,3903.2439024390246,9424398.787086379,31867710.805674598,3903.2439024390246
9424791.358815808,31869171.815155603,3415.4634146341464,0.06801792525685241,9424496.621792173,31868744.459357362,2927.682926829268,9424840.276168706,31869688.641996983,2927.682926829268,9425086.095839445,31869599.17095384,3903.2439024390246,9424742.441462912,31868654.98831422,3903.2439024390246
9425135.013192343,31870115.997795224,3415.4634146341464,0.014561477039406032,9424840.276168706,31869688.641996983,2927.682926829268,9425183.930545237,31870632.824636605,2927.682926829268,9425429.750215977,31870543.353593457,3903.2439024390246,9425086.095839445,31869599.17095384,3903.2439024390246
9425478.667568874,31871060.18043484,3415.4634146341464,0.011931880254085637,9425183.930545237,31870632.824636605,2927.682926829268,9425527.58492177,31871577.007276226,2927.682926829268,9425773.40459251,31871487.53623308,3903.2439024390246,9425429.750215977,31870543.353593457,3903.2439024390246
9425822.321945406,31872004.363074463,3415.4634146341464,0.011701267977959881,9425527.58492177,31871577.007276226,2927.682926829268,9425871.239298303,31872521.189915847,2927.682926829268,9426117.058969043,31872431.7188727,3903.2439024390246,9425773.40459251,31871487.53623308,3903.2439024390246
9426165.97632194,31872948.545714084,3415.4634146341464,0.05903795133196046,9425871.239298303,31872521.189915847,2927.682926829268,9426214.893674836,31873465.372555465,2927.682926829268,9426460.713345576,31873375.901512317,3903.2439024390246,9426117.058969043,31872431.7188727,3903.2439024390246
9426509.63069847,31873892.7283537,3415.4634146341464,0.10176145317877548,9426214.893674836,31873465.372555465,2927.682926829268,9426558.548051368,31874409.555195086,2927.682926829268,9426804.367722107,31874320.08415194,3903.2439024390246,9426460.713345576,31873375.901512317,3903.2439024390246
9426853.285075005,31874836.91099332,3415.4634146341464,0.2185436512049889,9426558.548051368,31874409.555195086,2927.682926829268,9426902.202427901,31875353.737834707,2927.682926829268,9427148.02209864,31875264.266791556,3903.2439024390246,9426804.367722107,31874320.08415194,3903.2439024390246
9427196.939451536,31875781.09363294,3415.4634146341464,0.22609772146918988,9426902.202427901,31875353.737834707,2927.682926829268,9427245.856804434,31876297.920474324,2927.682926829268,9427491.676475173,31876208.449431177,3903.2439024390246,9427148.02209864,31875264.266791556,3903.2439024390246
9427540.59382807,31876725.27627256,3415.4634146341464,0.3079165639990889,9427245.856804434,31876297.920474324,2927.682926829268,9427589.511180965,31877242.103113946,2927.682926829268,9427835.330851706,31877152.6320708,3903.2439024390246,9427491.676475173,31876208.449431177,3903.2439024390246
9427884.248204602,31877669.458912183,3415.4634146341464,0.2146371909382421,9427589.511180965,31877242.103113946,2927.682926829268,9427933.165557498,31878186.285753567,2927.682926829268,9428178.985228239,31878096.814710416,3903.2439024390246,9427835.330851706,31877152.6320708,3903.2439024390246
9428227.902581135,31878613.6415518,3415.4634146341464,0.24253862069174642,9427933.165557498,31878186.285753567,2927.682926829268,9428276.819934031,31879130.468393184,2927.682926829268,9428522.639604772,31879040.99735004,3903.2439024390246,9428178.985228239,31878096.814710416,3903.2439024390246
9428571.556957668,31879557.82419142,3415.4634146341464,0.5595767467599198,9428276.819934031,31879130.468393184,2927.682926829268,9428620.474310564,31880074.651032805,2927.682926829268,9428866.293981304,31879985.179989662,3903.2439024390246,9428522.639604772,31879040.99735004,3903.2439024390246
9428915.211334199,31880502.00683104,3415.4634146341464,0.781831429085958,9428620.474310564,31880074.651032805,2927.682926829268,9428964.128687097,31881018.833672423,2927.682926829268,9429209.948357837,31880929.36262928,3903.2439024390246,9428866.293981304,31879985.179989662,3903.2439024390246
9429258.865710733,31881446.189470664,3415.4634146341464,1.0585690239498646,9428964.128687097,31881018.833672423,2927.682926829268,9429307.78306363,31881963.016312044,2927.682926829268,9429553.602734368,31881873.5452689,3903.2439024390246,9429209.948357837,31880929.36262928,3903.2439024390246
9429602.520087264,31882390.372110285,3415.4634146341464,1.8024458327801944,9429307.78306363,31881963.016312044,2927.682926829268,9429651.437440163,31882907.198951665,2927.682926829268,9429897.257110901,31882817.727908522,3903.2439024390246,9429553.602734368,31881873.5452689,3903.2439024390246
9429946.1744638,31883334.554749906,3415.4634146341464,2.0132733773159006,9429651.437440163,31882907.198951665,2927.682926829268,9429995.091816695,31883851.381591287,2927.682926829268,9430240.911487434,31883761.91054814,3903.2439024390246,9429897.257110901,31882817.727908522,3903.2439024390246
9430289.82884033,31884278.737389524,3415.4634146341464,1.7539352660905136,9429995.091816695,31883851.381591287,2927.682926829268,9430338.746193226,31884795.564230908,2927.682926829268,9430584.565863967,31884706.09318776,3903.2439024390246,9430240.911487434,31883761.91054814,3903.2439024390246
9430633.483216863,31885222.920029145,3415.4634146341464,1.8167439243629362,9430338.746193226,31884795.564230908,2927.682926829268,9430682.40056976,31885739.74687053,2927.682926829268,9430928.2202405,31885650.27582738,3903.2439024390246,9430584.565863967,31884706.09318776,3903.2439024390246
9430977.137593396,31886167.102668762,3415.4634146341464,1.6301603113595906,9430682.40056976,31885739.74687053,2927.682926829268,9431026.054946292,31886683.929510146,2927.682926829268,9431271.874617033,31886594.458467,3903.2439024390246,9430928.2202405,31885650.27582738,3903.2439024390246
9431320.791969927,31887111.285308383,3415.4634146341464,2.1544028069615253,9431026.054946292,31886683.929510146,2927.682926829268,9431369.709322825,31887628.112149768,2927.682926829268,9431615.528993566,31887538.64110662,3903.2439024390246,9431271.874617033,31886594.458467,3903.2439024390246
9431664.44634646,31888055.467948,3415.4634146341464,2.0701717195905918,9431369.709322825,31887628.112149768,2927.682926829268,9431713.363699356,31888572.294789385,2927.682926829268,9431959.183370097,31888482.823746238,3903.2439024390246,9431615.528993566,31887538.64110662,3903.2439024390246
9432008.100722993,31888999.650587622,3415.4634146341464,3.304912395731456,9431713.363699356,31888572.294789385,2927.682926829268,9432057.018075889,31889516.477429006,2927.682926829268,9432302.83774663,31889427.00638586,3903.2439024390246,9431959.183370097,31888482.823746238,3903.2439024390246
9432351.755099524,31889943.833227243,3415.4634146341464,3.739100935105897,9432057.018075889,31889516.477429006,2927.682926829268,9432400.672452422,31890460.660068624,2927.682926829268,9432646.492123162,31890371.189025477,3903.2439024390246,9432302.83774663,31889427.00638586,3903.2439024390246
9432695.409476059,31890888.01586686,3415.4634146341464,3.9334746550921307,9432400.672452422,31890460.660068624,2927.682926829268,9432744.326828955,31891404.842708245,2927.682926829268,9432990.146499695,31891315.371665098,3903.2439024390246,9432646.492123162,31890371.189025477,3903.2439024390246
9433039.063852591,31891832.198506482,3415.4634146341464,3.6854609699762735,9432744.326828955,31891404.842708245,2927.682926829268,9433087.981205488,31892349.025347866,2927.682926829268,9433333.800876228,31892259.554304723,3903.2439024390246,9432990.146499695,31891315.371665098,3903.2439024390246
9433382.718229124,31892776.381146103,3415.4634146341464,5.068960698198535,9433087.981205488,31892349.025347866,2927.682926829268,9433431.63558202,31893293.207987484,2927.682926829268,9433677.45525276,31893203.73694434,3903.2439024390246,9433333.800876228,31892259.554304723,3903.2439024390246
9433726.372605655,31893720.56378572,3415.4634146341464,6.206855241350912,9433431.63558202,31893293.207987484,2927.682926829268,9433775.289958553,31894237.390627105,2927.682926829268,9434021.109629292,31894147.91958396,3903.2439024390246,9433677.45525276,31893203.73694434,3903.2439024390246
9434070.02698219,31894664.746425346,3415.4634146341464,6.258386588475478,9433775.289958553,31894237.390627105,2927.682926829268,9434118.944335086,31895181.573266726,2927.682926829268,9434364.764005825,31895092.102223583,3903.2439024390246,9434021.109629292,31894147.91958396,3903.2439024390246
9434413.681358721,31895608.929064963,3415.4634146341464,5.366800020092422,9434118.944335086,31895181.573266726,2927.682926829268,9434462.598711617,31896125.755906343,2927.682926829268,9434708.418382358,31896036.2848632,3903.2439024390246,9434364.764005825,31895092.102223583,3903.2439024390246
9434757.335735252,31896553.111704584,3415.4634146341464,4.78798026430423,9434462.598711617,31896125.755906343,2927.682926829268,9434806.25308815,31897069.93854597,2927.682926829268,9435052.07275889,31896980.46750282,3903.2439024390246,9434708.418382358,31896036.2848632,3903.2439024390246
9435100.990111787,31897497.294344205,3415.4634146341464,3.9177678602021153,9434806.25308815,31897069.93854597,2927.682926829268,9435149.907464683,31898014.12118559,2927.682926829268,9435395.727135424,31897924.650142442,3903.2439024390246,9435052.07275889,31896980.46750282,3903.2439024390246
9435444.64448832,31898441.476983823,3415.4634146341464,2.6284772598201305,9435149.907464683,31898014.12118559,2927.682926829268,9435493.561841216,31898958.303825207,2927.682926829268,9435739.381511956,31898868.83278206,3903.2439024390246,9435395.727135424,31897924.650142442,3903.2439024390246
9435788.298864853,31899385.659623444,3415.4634146341464,2.0685428881073786,9435493.561841216,31898958.303825207,2927.682926829268,9435837.216217749,31899902.48646483,2927.682926829268,9436083.035888487,31899813.01542168,3903.2439024390246,9435739.381511956,31898868.83278206,3903.2439024390246
9436131.953241384,31900329.842263065,3415.4634146341464,2.1235035032534593,9435837.216217749,31899902.48646483,2927.682926829268,9436180.870594282,31900846.66910445,2927.682926829268,9436426.69026502,31900757.198061302,3903.2439024390246,9436083.035888487,31899813.01542168,3903.2439024390246
9436475.607617918,31901274.024902683,3415.4634146341464,1.4623996679597069,9436180.870594282,31900846.66910445,2927.682926829268,9436524.524970815,31901790.851744067,2927.682926829268,9436770.344641553,31901701.38070092,3903.2439024390246,9436426.69026502,31900757.198061302,3903.2439024390246
9436819.26199445,31902218.207542304,3415.4634146341464,1.2781846174375064,9436524.524970815,31901790.851744067,2927.682926829268,9436868.179347346,31902735.034383688,2927.682926829268,9437113.999018086,31902645.56334054,3903.2439024390246,9436770.344641553,31901701.38070092,3903.2439024390246
9437162.91637098,31903162.390181925,3415.4634146341464,0.8653298048319946,9436868.179347346,31902735.034383688,2927.682926829268,9437211.833723878,31903679.21702331,2927.682926829268,9437457.653394619,31903589.74598016,3903.2439024390246,9437113.999018086,31902645.56334054,3903.2439024390246
9437506.570747515,31904106.572821546,3415.4634146341464,0.5586042106612417,9437211.833723878,31903679.21702331,2927.682926829268,9437555.488100411,31904623.399662927,2927.682926829268,9437801.307771152,31904533.92861978,3903.2439024390246,9437457.653394619,31903589.74598016,3903.2439024390246
9411978.31217831,31833203.40380689,4391.024390243902,1.2484348272395862,9411683.575154673,31832776.048008654,3903.2439024390246,9412027.229531206,31833720.230648275,3903.2439024390246,9412273.049201945,31833630.75960513,4878.804878048781,9411929.394825412,31832686.576965507,4878.804878048781
9412321.966554843,31834147.586446512,4391.024390243902,1.275611280043148,9412027.229531206,31833720.230648275,3903.2439024390246,9412370.88390774,31834664.413287897,3903.2439024390246,9412616.703578476,31834574.942244753,4878.804878048781,9412273.049201945,31833630.75960513,4878.804878048781
9412665.620931374,31835091.76908613,4391.024390243902,1.0402665813805334,9412370.88390774,31834664.413287897,3903.2439024390246,9412714.538284272,31835608.595927514,3903.2439024390246,9412960.357955009,31835519.12488437,4878.804878048781,9412616.703578476,31834574.942244753,4878.804878048781
9413009.275307909,31836035.95172575,4391.024390243902,1.144473387347357,9412714.538284272,31835608.595927514,3903.2439024390246,9413058.192660805,31836552.778567135,3903.2439024390246,9413304.012331542,31836463.307523992,4878.804878048781,9412960.357955009,31835519.12488437,4878.804878048781
9413352.92968444,31836980.134365376,4391.024390243902,1.1959234959734097,9413058.192660805,31836552.778567135,3903.2439024390246,9413401.847037336,31837496.961206757,3903.2439024390246,9413647.666708075,31837407.49016361,4878.804878048781,9413304.012331542,31836463.307523992,4878.804878048781
9413696.58406097,31837924.317004994,4391.024390243902,0.9188011506443139,9413401.847037336,31837496.961206757,3903.2439024390246,9413745.501413869,31838441.143846374,3903.2439024390246,9413991.321084607,31838351.67280323,4878.804878048781,9413647.666708075,31837407.49016361,4878.804878048781
9414040.238437505,31838868.499644615,4391.024390243902,0.9411843585493369,9413745.501413869,31838441.143846374,3903.2439024390246,9414089.155790402,31839385.326486,3903.2439024390246,9414334.97546114,31839295.85544285,4878.804878048781,9413991.321084607,31838351.67280323,4878.804878048781
9414383.892814038,31839812.682284232,4391.024390243902,0.8484120841624553,9414089.155790402,31839385.326486,3903.2439024390246,9414432.810166935,31840329.509125616,3903.2439024390246,9414678.629837673,31840240.03808247,4878.804878048781,9414334.97546114,31839295.85544285,4878.804878048781
9414727.547190571,31840756.864923853,4391.024390243902,0.7686308674136352,9414432.810166935,31840329.509125616,3903.2439024390246,9414776.464543467,31841273.691765238,3903.2439024390246,9415022.284214206,31841184.22072209,4878.804878048781,9414678.629837673,31840240.03808247,4878.804878048781
9415071.201567102,31841701.047563475,4391.024390243902,0.733001141524367,9414776.464543467,31841273.691765238,3903.2439024390246,9415120.11892,31842217.87440486,3903.2439024390246,9415365.938590737,31842128.40336171,4878.804878048781,9415022.284214206,31841184.22072209,4878.804878048781
9415414.855943637,31842645.230203096,4391.024390243902,0.7388660845114525,9415120.11892,31842217.87440486,3903.2439024390246,9415463.773296533,31843162.057044476,3903.2439024390246,9415709.59296727,31843072.58600133,4878.804878048781,9415365.938590737,31842128.40336171,4878.804878048781
9415758.510320168,31843589.412842713,4391.024390243902,1.057292777103737,9415463.773296533,31843162.057044476,3903.2439024390246,9415807.427673064,31844106.239684097,3903.2439024390246,9416053.247343803,31844016.76864095,4878.804878048781,9415709.59296727,31843072.58600133,4878.804878048781
9416102.164696699,31844533.59548233,4391.024390243902,0.9400510351416296,9415807.427673064,31844106.239684097,3903.2439024390246,9416151.082049597,31845050.422323715,3903.2439024390246,9416396.901720336,31844960.951280568,4878.804878048781,9416053.247343803,31844016.76864095,4878.804878048781
9416445.819073234,31845477.778121952,4391.024390243902,0.5870286073516598,9416151.082049597,31845050.422323715,3903.2439024390246,9416494.73642613,31845994.604963336,3903.2439024390246,9416740.556096867,31845905.13392019,4878.804878048781,9416396.901720336,31844960.951280568,4878.804878048781
9416789.473449765,31846421.96076157,4391.024390243902,0.39323779115785873,9416494.73642613,31845994.604963336,3903.2439024390246,9416838.390802663,31846938.787602957,3903.2439024390246,9417084.2104734,31846849.31655981,4878.804878048781,9416740.556096867,31845905.13392019,4878.804878048781
9417133.1278263,31847366.14340119,4391.024390243902,0.3641067108090083,9416838.390802663,31846938.787602957,3903.2439024390246,9417182.045179196,31847882.970242575,3903.2439024390246,9417427.864849932,31847793.49919943,4878.804878048781,9417084.2104734,31846849.31655981,4878.804878048781
9417476.78220283,31848310.32604081,4391.024390243902,0.3116864938334163,9417182.045179196,31847882.970242575,3903.2439024390246,9417525.699555727,31848827.152882196,3903.2439024390246,9417771.519226465,31848737.681839053,4878.804878048781,9417427.864849932,31847793.49919943,4878.804878048781
9417820.436579363,31849254.508680433,4391.024390243902,0.31944407460383545,9417525.699555727,31848827.152882196,3903.2439024390246,9417869.35393226,31849771.335521813,3903.2439024390246,9418115.173602998,31849681.86447867,4878.804878048781,9417771.519226465,31848737.681839053,4878.804878048781
9418164.090955896,31850198.691320054,4391.024390243902,0.4306636889979046,9417869.35393226,31849771.335521813,3903.2439024390246,9418213.008308792,31850715.518161435,3903.2439024390246,9418458.827979531,31850626.04711829,4878.804878048781,9418115.173602998,31849681.86447867,4878.804878048781
9418507.745332427,31851142.873959675,4391.024390243902,0.3147239529544518,9418213.008308792,31850715.518161435,3903.2439024390246,9418556.662685325,31851659.700801056,3903.2439024390246,9418802.482356064,31851570.229757912,4878.804878048781,9418458.827979531,31850626.04711829,4878.804878048781
9418851.399708962,31852087.056599297,4391.024390243902,0.10921598803751263,9418556.662685325,31851659.700801056,3903.2439024390246,9418900.317061858,31852603.883440677,3903.2439024390246,9419146.136732597,31852514.41239753,4878.804878048781,9418802.482356064,31851570.229757912,4878.804878048781
9419195.054085493,31853031.239238914,4391.024390243902,0.08543375100662795,9418900.317061858,31852603.883440677,3903.2439024390246,9419243.971438391,31853548.0660803,3903.2439024390246,9419489.791109128,31853458.59503715,4878.804878048781,9419146.136732597,31852514.41239753,4878.804878048781
9419538.708462028,31853975.421878535,4391.024390243902,0.18990553295401902,9419243.971438391,31853548.0660803,3903.2439024390246,9419587.625814924,31854492.24871992,3903.2439024390246,9419833.44548566,31854402.777676772,4878.804878048781,9419489.791109128,31853458.59503715,4878.804878048781
9419882.362838559,31854919.604518153,4391.024390243902,0.4166968074691946,9419587.625814924,31854492.24871992,3903.2439024390246,9419931.280191457,31855436.431359537,3903.2439024390246,9420177.099862194,31855346.96031639,4878.804878048781,9419833.44548566,31854402.777676772,4878.804878048781
9420226.017215092,31855863.787157774,4391.024390243902,0.5034080551814448,9419931.280191457,31855436.431359537,3903.2439024390246,9420274.934567988,31856380.61399916,3903.2439024390246,9420520.754238727,31856291.14295601,4878.804878048781,9420177.099862194,31855346.96031639,4878.804878048781
9420569.671591625,31856807.969797395,4391.024390243902,0.48800866416828215,9420274.934567988,31856380.61399916,3903.2439024390246,9420618.58894452,31857324.79663878,3903.2439024390246,9420864.40861526,31857235.325595632,4878.804878048781,9420520.754238727,31856291.14295601,4878.804878048781
9420913.325968156,31857752.152437013,4391.024390243902,0.3992770625839509,9420618.58894452,31857324.79663878,3903.2439024390246,9420962.243321054,31858268.979278397,3903.2439024390246,9421208.062991792,31858179.50823525,4878.804878048781,9420864.40861526,31857235.325595632,4878.804878048781
9421256.98034469,31858696.335076634,4391.024390243902,0.38161710699178764,9420962.243321054,31858268.979278397,3903.2439024390246,9421305.897697587,31859213.161918018,3903.2439024390246,9421551.717368325,31859123.69087487,4878.804878048781,9421208.062991792,31858179.50823525,4878.804878048781
9421600.634721221,31859640.517716255,4391.024390243902,0.28943097121391226,9421305.897697587,31859213.161918018,3903.2439024390246,9421649.55207412,31860157.34455764,3903.2439024390246,9421895.371744856,31860067.873514492,4878.804878048781,9421551.717368325,31859123.69087487,4878.804878048781
9421944.289097756,31860584.700355873,4391.024390243902,0.25478897025535313,9421649.55207412,31860157.34455764,3903.2439024390246,9421993.206450652,31861101.527197257,3903.2439024390246,9422239.02612139,31861012.056154113,4878.804878048781,9421895.371744856,31860067.873514492,4878.804878048781
9422287.943474287,31861528.882995494,4391.024390243902,0.2761599280428571,9421993.206450652,31861101.527197257,3903.2439024390246,9422336.860827185,31862045.709836878,3903.2439024390246,9422582.680497922,31861956.238793734,4878.804878048781,9422239.02612139,31861012.056154113,4878.804878048781
9422631.59785082,31862473.065635115,4391.024390243902,0.33772607222466233,9422336.860827185,31862045.709836878,3903.2439024390246,9422680.515203716,31862989.8924765,3903.2439024390246,9422926.334874455,31862900.421433352,4878.804878048781,9422582.680497922,31861956.238793734,4878.804878048781
9422975.252227353,31863417.24827474,4391.024390243902,0.35815462469282316,9422680.515203716,31862989.8924765,3903.2439024390246,9423024.16958025,31863934.075116117,3903.2439024390246,9423269.989250988,31863844.604072973,4878.804878048781,9422926.334874455,31862900.421433352,4878.804878048781
9423318.906603884,31864361.430914357,4391.024390243902,0.3582205187358072,9423024.16958025,31863934.075116117,3903.2439024390246,9423367.823956782,31864878.257755738,3903.2439024390246,9423613.64362752,31864788.786712594,4878.804878048781,9423269.989250988,31863844.604072973,4878.804878048781
9423662.560980417,31865305.613553975,4391.024390243902,0.49828829887989845,9423367.823956782,31864878.257755738,3903.2439024390246,9423711.478333315,31865822.44039536,3903.2439024390246,9423957.298004052,31865732.96935221,4878.804878048781,9423613.64362752,31864788.786712594,4878.804878048781
9424006.21535695,31866249.796193596,4391.024390243902,0.33505915277671594,9423711.478333315,31865822.44039536,3903.2439024390246,9424055.132709848,31866766.62303498,3903.2439024390246,9424300.952380585,31866677.151991833,4878.804878048781,9423957.298004052,31865732.96935221,4878.804878048781
9424349.869733483,31867193.978833213,4391.024390243902,0.2602425304205616,9424055.132709848,31866766.62303498,3903.2439024390246,9424398.787086379,31867710.805674598,3903.2439024390246,9424644.606757117,31867621.33463145,4878.804878048781,9424300.952380585,31866677.151991833,4878.804878048781
9424693.524110015,31868138.161472835,4391.024390243902,0.08063880705588952,9424398.787086379,31867710.805674598,3903.2439024390246,9424742.441462912,31868654.98831422,3903.2439024390246,9424988.26113365,31868565.51727107,4878.804878048781,9424644.606757117,31867621.33463145,4878.804878048781
9425037.178486547,31869082.344112456,4391.024390243902,0.08155414473406032,9424742.441462912,31868654.98831422,3903.2439024390246,9425086.095839445,31869599.17095384,3903.2439024390246,9425331.915510183,31869509.699910693,4878.804878048781,9424988.26113365,31868565.51727107,4878.804878048781
9425380.83286308,31870026.526752077,4391.024390243902,0.05027085585830611,9425086.095839445,31869599.17095384,3903.2439024390246,9425429.750215977,31870543.353593457,3903.2439024390246,9425675.569886716,31870453.88255031,4878.804878048781,9425331.915510183,31869509.699910693,4878.804878048781
9425724.48723961,31870970.709391695,4391.024390243902,0.01000335961120963,9425429.750215977,31870543.353593457,3903.2439024390246,9425773.40459251,31871487.53623308,3903.2439024390246,9426019.224263247,31871398.06518993,4878.804878048781,9425675.569886716,31870453.88255031,4878.804878048781
9426068.141616145,31871914.892031316,4391.024390243902,0.010451492752566766,9425773.40459251,31871487.53623308,3903.2439024390246,9426117.058969043,31872431.7188727,3903.2439024390246,9426362.87863978,31872342.24782955,4878.804878048781,9426019.224263247,31871398.06518993,4878.804878048781
9426411.795992676,31872859.074670937,4391.024390243902,0.0063215102180734515,9426117.058969043,31872431.7188727,3903.2439024390246,9426460.713345576,31873375.901512317,3903.2439024390246,9426706.533016313,31873286.43046917,4878.804878048781,9426362.87863978,31872342.24782955,4878.804878048781
9426755.45036921,31873803.257310554,4391.024390243902,0.08340051656789328,9426460.713345576,31873375.901512317,3903.2439024390246,9426804.367722107,31874320.08415194,3903.2439024390246,9427050.187392846,31874230.613108795,4878.804878048781,9426706.533016313,31873286.43046917,4878.804878048781
9427099.104745742,31874747.43995017,4391.024390243902,0.27639141874178125,9426804.367722107,31874320.08415194,3903.2439024390246,9427148.02209864,31875264.266791556,3903.2439024390246,9427393.841769379,31875174.795748413,4878.804878048781,9427050.187392846,31874230.613108795,4878.804878048781
9427442.759122275,31875691.622589793,4391.024390243902,0.5961868131054171,9427148.02209864,31875264.266791556,3903.2439024390246,9427491.676475173,31876208.449431177,3903.2439024390246,9427737.496145912,31876118.978388034,4878.804878048781,9427393.841769379,31875174.795748413,4878.804878048781
9427786.413498808,31876635.805229418,4391.024390243902,0.7648183674500542,9427491.676475173,31876208.449431177,3903.2439024390246,9427835.330851706,31877152.6320708,3903.2439024390246,9428081.150522444,31877063.161027655,4878.804878048781,9427737.496145912,31876118.978388034,4878.804878048781
9428130.067875339,31877579.987869035,4391.024390243902,0.6400181810170131,9427835.330851706,31877152.6320708,3903.2439024390246,9428178.985228239,31878096.814710416,3903.2439024390246,9428424.804898975,31878007.343667272,4878.804878048781,9428081.150522444,31877063.161027655,4878.804878048781
9428473.722251873,31878524.170508657,4391.024390243902,0.45530553800241164,9428178.985228239,31878096.814710416,3903.2439024390246,9428522.639604772,31879040.99735004,3903.2439024390246,9428768.459275508,31878951.526306894,4878.804878048781,9428424.804898975,31878007.343667272,4878.804878048781
9428817.376628404,31879468.353148278,4391.024390243902,0.7849457644381141,9428522.639604772,31879040.99735004,3903.2439024390246,9428866.293981304,31879985.179989662,3903.2439024390246,9429112.113652041,31879895.708946515,4878.804878048781,9428768.459275508,31878951.526306894,4878.804878048781
9429161.03100494,31880412.535787895,4391.024390243902,1.3266724441163753,9428866.293981304,31879985.179989662,3903.2439024390246,9429209.948357837,31880929.36262928,3903.2439024390246,9429455.768028574,31880839.891586132,4878.804878048781,9429112.113652041,31879895.708946515,4878.804878048781
9429504.68538147,31881356.718427517,4391.024390243902,1.5034779878229427,9429209.948357837,31880929.36262928,3903.2439024390246,9429553.602734368,31881873.5452689,3903.2439024390246,9429799.422405107,31881784.074225754,4878.804878048781,9429455.768028574,31880839.891586132,4878.804878048781
9429848.339758003,31882300.901067138,4391.024390243902,2.0129039576045975,9429553.602734368,31881873.5452689,3903.2439024390246,9429897.257110901,31882817.727908522,3903.2439024390246,9430143.07678164,31882728.256865375,4878.804878048781,9429799.422405107,31881784.074225754,4878.804878048781
9430191.994134536,31883245.08370676,4391.024390243902,2.0088679659042032,9429897.257110901,31882817.727908522,3903.2439024390246,9430240.911487434,31883761.91054814,3903.2439024390246,9430486.731158173,31883672.439504992,4878.804878048781,9430143.07678164,31882728.256865375,4878.804878048781
9430535.648511067,31884189.266346376,4391.024390243902,2.154887469904679,9430240.911487434,31883761.91054814,3903.2439024390246,9430584.565863967,31884706.09318776,3903.2439024390246,9430830.385534706,31884616.622144613,4878.804878048781,9430486.731158173,31883672.439504992,4878.804878048781
9430879.302887602,31885133.448985998,4391.024390243902,2.206612357073629,9430584.565863967,31884706.09318776,3903.2439024390246,9430928.2202405,31885650.27582738,3903.2439024390246,9431174.039911237,31885560.804784235,4878.804878048781,9430830.385534706,31884616.622144613,4878.804878048781
9431222.957264133,31886077.631625615,4391.024390243902,2.7254891055779384,9430928.2202405,31885650.27582738,3903.2439024390246,9431271.874617033,31886594.458467,3903.2439024390246,9431517.69428777,31886504.987423852,4878.804878048781,9431174.039911237,31885560.804784235,4878.804878048781
9431566.611640668,31887021.814265236,4391.024390243902,2.4721592769741543,9431271.874617033,31886594.458467,3903.2439024390246,9431615.528993566,31887538.64110662,3903.2439024390246,9431861.348664302,31887449.170063477,4878.804878048781,9431517.69428777,31886504.987423852,4878.804878048781
9431910.266017199,31887965.996904854,4391.024390243902,2.609479029252624,9431615.528993566,31887538.64110662,3903.2439024390246,9431959.183370097,31888482.823746238,3903.2439024390246,9432205.003040835,31888393.352703094,4878.804878048781,9431861.348664302,31887449.170063477,4878.804878048781
9432253.920393731,31888910.179544475,4391.024390243902,3.7900385966935164,9431959.183370097,31888482.823746238,3903.2439024390246,9432302.83774663,31889427.00638586,3903.2439024390246,9432548.657417368,31889337.535342716,4878.804878048781,9432205.003040835,31888393.352703094,4878.804878048781
9432597.574770264,31889854.3621841,4391.024390243902,4.46612874072576,9432302.83774663,31889427.00638586,3903.2439024390246,9432646.492123162,31890371.189025477,3903.2439024390246,9432892.3117939,31890281.717982333,4878.804878048781,9432548.657417368,31889337.535342716,4878.804878048781
9432941.229146795,31890798.544823717,4391.024390243902,4.507610850482628,9432646.492123162,31890371.189025477,3903.2439024390246,9432990.146499695,31891315.371665098,3903.2439024390246,9433235.966170432,31891225.900621954,4878.804878048781,9432892.3117939,31890281.717982333,4878.804878048781
9433284.88352333,31891742.72746334,4391.024390243902,4.295680743115756,9432990.146499695,31891315.371665098,3903.2439024390246,9433333.800876228,31892259.554304723,3903.2439024390246,9433579.620546965,31892170.083261576,4878.804878048781,9433235.966170432,31891225.900621954,4878.804878048781
9433628.537899861,31892686.91010296,4391.024390243902,4.347365024682575,9433333.800876228,31892259.554304723,3903.2439024390246,9433677.45525276,31893203.73694434,3903.2439024390246,9433923.274923498,31893114.265901193,4878.804878048781,9433579.620546965,31892170.083261576,4878.804878048781
9433972.192276392,31893631.092742577,4391.024390243902,5.410067348536807,9433677.45525276,31893203.73694434,3903.2439024390246,9434021.109629292,31894147.91958396,3903.2439024390246,9434266.92930003,31894058.448540814,4878.804878048781,9433923.274923498,31893114.265901193,4878.804878048781
9434315.846652927,31894575.2753822,4391.024390243902,5.836291226925458,9434021.109629292,31894147.91958396,3903.2439024390246,9434364.764005825,31895092.102223583,3903.2439024390246,9434610.583676564,31895002.631180435,4878.804878048781,9434266.92930003,31894058.448540814,4878.804878048781
9434659.50102946,31895519.458021816,4391.024390243902,5.981816942941119,9434364.764005825,31895092.102223583,3903.2439024390246,9434708.418382358,31896036.2848632,3903.2439024390246,9434954.238053096,31895946.813820053,4878.804878048781,9434610.583676564,31895002.631180435,4878.804878048781
9435003.155405993,31896463.640661437,4391.024390243902,5.0349866109157455,9434708.418382358,31896036.2848632,3903.2439024390246,9435052.07275889,31896980.46750282,3903.2439024390246,9435297.892429627,31896890.996459674,4878.804878048781,9434954.238053096,31895946.813820053,4878.804878048781
9435346.809782524,31897407.82330106,4391.024390243902,3.0229083843475184,9435052.07275889,31896980.46750282,3903.2439024390246,9435395.727135424,31897924.650142442,3903.2439024390246,9435641.54680616,31897835.179099295,4878.804878048781,9435297.892429627,31896890.996459674,4878.804878048781
9435690.464159058,31898352.005940676,4391.024390243902,1.7556884427420885,9435395.727135424,31897924.650142442,3903.2439024390246,9435739.381511956,31898868.83278206,3903.2439024390246,9435985.201182693,31898779.361738913,4878.804878048781,9435641.54680616,31897835.179099295,4878.804878048781
9436034.11853559,31899296.188580297,4391.024390243902,1.3825252202583616,9435739.381511956,31898868.83278206,3903.2439024390246,9436083.035888487,31899813.01542168,3903.2439024390246,9436328.855559226,31899723.544378534,4878.804878048781,9435985.201182693,31898779.361738913,4878.804878048781
9436377.77291212,31900240.371219918,4391.024390243902,1.4571767957480284,9436083.035888487,31899813.01542168,3903.2439024390246,9436426.69026502,31900757.198061302,3903.2439024390246,9436672.509935759,31900667.727018155,4878.804878048781,9436328.855559226,31899723.544378534,4878.804878048781
9436721.427288655,31901184.553859536,4391.024390243902,1.0622232549158062,9436426.69026502,31900757.198061302,3903.2439024390246,9436770.344641553,31901701.38070092,3903.2439024390246,9437016.164312292,31901611.909657776,4878.804878048781,9436672.509935759,31900667.727018155,4878.804878048781
9437065.081665188,31902128.736499157,4391.024390243902,1.119140460495208,9436770.344641553,31901701.38070092,3903.2439024390246,9437113.999018086,31902645.56334054,3903.2439024390246,9437359.818688825,31902556.092297398,4878.804878048781,9437016.164312292,31901611.909657776,4878.804878048781
9437408.736041721,31903072.91913878,4391.024390243902,1.1662765667893382,9437113.999018086,31902645.56334054,3903.2439024390246,9437457.653394619,31903589.74598016,3903.2439024390246,9437703.473065356,31903500.274937015,4878.804878048781,9437359.818688825,31902556.092297398,4878.804878048781
9437752.390418252,31904017.1017784,4391.024390243902,1.1705518507843151,9437457.653394619,31903589.74598016,3903.2439024390246,9437801.307771152,31904533.92861978,3903.2439024390246,9438047.127441889,31904444.457576636,4878.804878048781,9437703.473065356,31903500.274937015,4878.804878048781
9412224.131849049,31833113.932763748,5366.585365853659,0.8692509810014647,9411929.394825412,31832686.576965507,4878.804878048781,9412273.049201945,31833630.75960513,4878.804878048781,9412518.868872683,31833541.288561985,5854.365853658537,9412175.21449615,31832597.105922364,5854.365853658537
9412567.78622558,31834058.115403365,5366.585365853659,0.830063452369187,9412273.049201945,31833630.75960513,4878.804878048781,9412616.703578476,31834574.942244753,4878.804878048781,9412862.523249216,31834485.471201602,5854.365853658537,9412518.868872683,31833541.288561985,5854.365853658537
9412911.44060211,31835002.298042987,5366.585365853659,0.5788440171552562,9412616.703578476,31834574.942244753,4878.804878048781,9412960.357955009,31835519.12488437,4878.804878048781,9413206.17762575,31835429.653841224,5854.365853658537,9412862.523249216,31834485.471201602,5854.365853658537
9413255.094978645,31835946.480682608,5366.585365853659,0.6374266141975582,9412960.357955009,31835519.12488437,4878.804878048781,9413304.012331542,31836463.307523992,4878.804878048781,9413549.832002282,31836373.836480845,5854.365853658537,9413206.17762575,31835429.653841224,5854.365853658537
9413598.749355178,31836890.663322225,5366.585365853659,1.1070564025870715,9413304.012331542,31836463.307523992,4878.804878048781,9413647.666708075,31837407.49016361,4878.804878048781,9413893.486378815,31837318.019120462,5854.365853658537,9413549.832002282,31836373.836480845,5854.365853658537
9413942.403731711,31837834.845961846,5366.585365853659,1.2367507412677101,9413647.666708075,31837407.49016361,4878.804878048781,9413991.321084607,31838351.67280323,4878.804878048781,9414237.140755348,31838262.201760083,5854.365853658537,9413893.486378815,31837318.019120462,5854.365853658537
9414286.058108242,31838779.028601468,5366.585365853659,1.1165104426048413,9413991.321084607,31838351.67280323,4878.804878048781,9414334.97546114,31839295.85544285,4878.804878048781,9414580.795131879,31839206.384399705,5854.365853658537,9414237.140755348,31838262.201760083,5854.365853658537
9414629.712484777,31839723.211241085,5366.585365853659,0.7762954516510168,9414334.97546114,31839295.85544285,4878.804878048781,9414678.629837673,31840240.03808247,4878.804878048781,9414924.449508412,31840150.567039322,5854.365853658537,9414580.795131879,31839206.384399705,5854.365853658537
9414973.366861308,31840667.393880706,5366.585365853659,0.8608616113315205,9414678.629837673,31840240.03808247,4878.804878048781,9415022.284214206,31841184.22072209,4878.804878048781,9415268.103884945,31841094.749678943,5854.365853658537,9414924.449508412,31840150.567039322,5854.365853658537
9415317.021237843,31841611.576520327,5366.585365853659,0.7490516608132989,9415022.284214206,31841184.22072209,4878.804878048781,9415365.938590737,31842128.40336171,4878.804878048781,9415611.758261478,31842038.93231857,5854.365853658537,9415268.103884945,31841094.749678943,5854.365853658537
9415660.675614374,31842555.75915995,5366.585365853659,0.6630551663729504,9415365.938590737,31842128.40336171,4878.804878048781,9415709.59296727,31843072.58600133,4878.804878048781,9415955.41263801,31842983.114958186,5854.365853658537,9415611.758261478,31842038.93231857,5854.365853658537
9416004.329990905,31843499.941799562,5366.585365853659,0.7948796026320697,9415709.59296727,31843072.58600133,4878.804878048781,9416053.247343803,31844016.76864095,4878.804878048781,9416299.067014541,31843927.297597803,5854.365853658537,9415955.41263801,31842983.114958186,5854.365853658537
9416347.98436744,31844444.124439187,5366.585365853659,0.9609172497761063,9416053.247343803,31844016.76864095,4878.804878048781,9416396.901720336,31844960.951280568,4878.804878048781,9416642.721391074,31844871.480237424,5854.365853658537,9416299.067014541,31843927.297597803,5854.365853658537
9416691.63874397,31845388.30707881,5366.585365853659,0.49519330953110086,9416396.901720336,31844960.951280568,4878.804878048781,9416740.556096867,31845905.13392019,4878.804878048781,9416986.375767607,31845815.662877046,5854.365853658537,9416642.721391074,31844871.480237424,5854.365853658537
9417035.293120503,31846332.489718426,5366.585365853659,0.2859692032363414,9416740.556096867,31845905.13392019,4878.804878048781,9417084.2104734,31846849.31655981,4878.804878048781,9417330.03014414,31846759.845516663,5854.365853658537,9416986.375767607,31845815.662877046,5854.365853658537
9417378.947497036,31847276.672358047,5366.585365853659,0.3311673015979776,9417084.2104734,31846849.31655981,4878.804878048781,9417427.864849932,31847793.49919943,4878.804878048781,9417673.684520673,31847704.028156284,5854.365853658537,9417330.03014414,31846759.845516663,5854.365853658537
9417722.601873567,31848220.85499767,5366.585365853659,0.3316310039778787,9417427.864849932,31847793.49919943,4878.804878048781,9417771.519226465,31848737.681839053,4878.804878048781,9418017.338897206,31848648.210795905,5854.365853658537,9417673.684520673,31847704.028156284,5854.365853658537
9418066.256250102,31849165.03763729,5366.585365853659,0.36829734211570136,9417771.519226465,31848737.681839053,4878.804878048781,9418115.173602998,31849681.86447867,4878.804878048781,9418360.993273739,31849592.393435523,5854.365853658537,9418017.338897206,31848648.210795905,5854.365853658537
9418409.910626633,31850109.220276907,5366.585365853659,0.513879637261924,9418115.173602998,31849681.86447867,4878.804878048781,9418458.827979531,31850626.04711829,4878.804878048781,9418704.64765027,31850536.576075144,5854.365853658537,9418360.993273739,31849592.393435523,5854.365853658537
9418753.565003168,31851053.40291653,5366.585365853659,0.44564138608484194,9418458.827979531,31850626.04711829,4878.804878048781,9418802.482356064,31851570.229757912,4878.804878048781,9419048.302026803,31851480.758714765,5854.365853658537,9418704.64765027,31850536.576075144,5854.365853658537
9419097.219379699,31851997.58555615,5366.585365853659,0.1286041561017167,9418802.482356064,31851570.229757912,4878.804878048781,9419146.136732597,31852514.41239753,4878.804878048781,9419391.956403336,31852424.941354383,5854.365853658537,9419048.302026803,31851480.758714765,5854.365853658537
9419440.873756232,31852941.768195767,5366.585365853659,0.05002862455517848,9419146.136732597,31852514.41239753,4878.804878048781,9419489.791109128,31853458.59503715,4878.804878048781,9419735.610779868,31853369.123994004,5854.365853658537,9419391.956403336,31852424.941354383,5854.365853658537
9419784.528132765,31853885.95083539,5366.585365853659,0.1396226522329514,9419489.791109128,31853458.59503715,4878.804878048781,9419833.44548566,31854402.777676772,4878.804878048781,9420079.265156401,31854313.306633625,5854.365853658537,9419735.610779868,31853369.123994004,5854.365853658537
9420128.182509296,31854830.133475006,5366.585365853659,0.3415933879756981,9419833.44548566,31854402.777676772,4878.804878048781,9420177.099862194,31855346.96031639,4878.804878048781,9420422.919532934,31855257.489273246,5854.365853658537,9420079.265156401,31854313.306633625,5854.365853658537
9420471.83688583,31855774.316114627,5366.585365853659,0.5093573040909966,9420177.099862194,31855346.96031639,4878.804878048781,9420520.754238727,31856291.14295601,4878.804878048781,9420766.573909467,31856201.671912868,5854.365853658537,9420422.919532934,31855257.489273246,5854.365853658537
9420815.491262361,31856718.498754248,5366.585365853659,0.4030931055504249,9420520.754238727,31856291.14295601,4878.804878048781,9420864.40861526,31857235.325595632,4878.804878048781,9421110.228285998,31857145.85455249,5854.365853658537,9420766.573909467,31856201.671912868,5854.365853658537
9421159.145638896,31857662.68139387,5366.585365853659,0.41875073531256307,9420864.40861526,31857235.325595632,4878.804878048781,9421208.062991792,31858179.50823525,4878.804878048781,9421453.882662531,31858090.037192106,5854.365853658537,9421110.228285998,31857145.85455249,5854.365853658537
9421502.800015427,31858606.86403349,5366.585365853659,0.44107268897251684,9421208.062991792,31858179.50823525,4878.804878048781,9421551.717368325,31859123.69087487,4878.804878048781,9421797.537039064,31859034.219831727,5854.365853658537,9421453.882662531,31858090.037192106,5854.365853658537
9421846.45439196,31859551.04667311,5366.585365853659,0.27802835606544907,9421551.717368325,31859123.69087487,4878.804878048781,9421895.371744856,31860067.873514492,4878.804878048781,9422141.191415597,31859978.402471345,5854.365853658537,9421797.537039064,31859034.219831727,5854.365853658537
9422190.108768493,31860495.22931273,5366.585365853659,0.2833495543818057,9421895.371744856,31860067.873514492,4878.804878048781,9422239.02612139,31861012.056154113,4878.804878048781,9422484.84579213,31860922.585110966,5854.365853658537,9422141.191415597,31859978.402471345,5854.365853658537
9422533.763145024,31861439.41195235,5366.585365853659,0.2746101286330692,9422239.02612139,31861012.056154113,4878.804878048781,9422582.680497922,31861956.238793734,4878.804878048781,9422828.500168663,31861866.767750587,5854.365853658537,9422484.84579213,31860922.585110966,5854.365853658537
9422877.417521559,31862383.59459197,5366.585365853659,0.29094525085705686,9422582.680497922,31861956.238793734,4878.804878048781,9422926.334874455,31862900.421433352,4878.804878048781,9423172.154545195,31862810.950390205,5854.365853658537,9422828.500168663,31861866.767750587,5854.365853658537
9423221.07189809,31863327.77723159,5366.585365853659,0.36062170030560103,9422926.334874455,31862900.421433352,4878.804878048781,9423269.989250988,31863844.604072973,4878.804878048781,9423515.808921726,31863755.133029826,5854.365853658537,9423172.154545195,31862810.950390205,5854.365853658537
9423564.726274624,31864271.95987121,5366.585365853659,0.452981183354021,9423269.989250988,31863844.604072973,4878.804878048781,9423613.64362752,31864788.786712594,4878.804878048781,9423859.46329826,31864699.315669447,5854.365853658537,9423515.808921726,31863755.133029826,5854.365853658537
9423908.380651155,31865216.142510828,5366.585365853659,0.4623701798683045,9423613.64362752,31864788.786712594,4878.804878048781,9423957.298004052,31865732.96935221,4878.804878048781,9424203.117674792,31865643.498309065,5854.365853658537,9423859.46329826,31864699.315669447,5854.365853658537
9424252.035027688,31866160.32515045,5366.585365853659,0.44270710369666266,9423957.298004052,31865732.96935221,4878.804878048781,9424300.952380585,31866677.151991833,4878.804878048781,9424546.772051325,31866587.680948686,5854.365853658537,9424203.117674792,31865643.498309065,5854.365853658537
9424595.689404221,31867104.507790066,5366.585365853659,0.38121721560678523,9424300.952380585,31866677.151991833,4878.804878048781,9424644.606757117,31867621.33463145,4878.804878048781,9424890.426427858,31867531.863588303,5854.365853658537,9424546.772051325,31866587.680948686,5854.365853658537
9424939.343780752,31868048.690429688,5366.585365853659,0.32913675096441625,9424644.606757117,31867621.33463145,4878.804878048781,9424988.26113365,31868565.51727107,4878.804878048781,9425234.080804389,31868476.04622793,5854.365853658537,9424890.426427858,31867531.863588303,5854.365853658537
9425282.998157287,31868992.87306931,5366.585365853659,0.26440530155865266,9424988.26113365,31868565.51727107,4878.804878048781,9425331.915510183,31869509.699910693,4878.804878048781,9425577.735180922,31869420.228867546,5854.365853658537,9425234.080804389,31868476.04622793,5854.365853658537
9425626.652533818,31869937.055708926,5366.585365853659,0.15573301285347185,9425331.915510183,31869509.699910693,4878.804878048781,9425675.569886716,31870453.88255031,4878.804878048781,9425921.389557455,31870364.411507167,5854.365853658537,9425577.735180922,31869420.228867546,5854.365853658537
9425970.306910353,31870881.23834855,5366.585365853659,0.07460978065946491,9425675.569886716,31870453.88255031,4878.804878048781,9426019.224263247,31871398.06518993,4878.804878048781,9426265.043933988,31871308.594146788,5854.365853658537,9425921.389557455,31870364.411507167,5854.365853658537
9426313.961286884,31871825.420988172,5366.585365853659,0.09537881511579199,9426019.224263247,31871398.06518993,4878.804878048781,9426362.87863978,31872342.24782955,4878.804878048781,9426608.69831052,31872252.776786406,5854.365853658537,9426265.043933988,31871308.594146788,5854.365853658537
9426657.615663417,31872769.60362779,5366.585365853659,0.2482085197610799,9426362.87863978,31872342.24782955,4878.804878048781,9426706.533016313,31873286.43046917,4878.804878048781,9426952.352687053,31873196.959426027,5854.365853658537,9426608.69831052,31872252.776786406,5854.365853658537
9427001.27003995,31873713.78626741,5366.585365853659,0.39460140703786684,9426706.533016313,31873286.43046917,4878.804878048781,9427050.187392846,31874230.613108795,4878.804878048781,9427296.007063586,31874141.142065648,5854.365853658537,9426952.352687053,31873196.959426027,5854.365853658537
9427344.92441648,31874657.96890703,5366.585365853659,0.48224321772778267,9427050.187392846,31874230.613108795,4878.804878048781,9427393.841769379,31875174.795748413,4878.804878048781,9427639.661440117,31875085.324705265,5854.365853658537,9427296.007063586,31874141.142065648,5854.365853658537
9427688.578793015,31875602.15154665,5366.585365853659,0.5227412812945222,9427393.841769379,31875174.795748413,4878.804878048781,9427737.496145912,31876118.978388034,4878.804878048781,9427983.31581665,31876029.507344887,5854.365853658537,9427639.661440117,31875085.324705265,5854.365853658537
9428032.233169546,31876546.33418627,5366.585365853659,0.4984686589837907,9427737.496145912,31876118.978388034,4878.804878048781,9428081.150522444,31877063.161027655,4878.804878048781,9428326.970193183,31876973.689984508,5854.365853658537,9427983.31581665,31876029.507344887,5854.365853658537
9428375.887546081,31877490.51682589,5366.585365853659,0.9043795105201728,9428081.150522444,31877063.161027655,4878.804878048781,9428424.804898975,31878007.343667272,4878.804878048781,9428670.624569716,31877917.872624125,5854.365853658537,9428326.970193183,31876973.689984508,5854.365853658537
9428719.541922612,31878434.69946551,5366.585365853659,1.4127157265006882,9428424.804898975,31878007.343667272,4878.804878048781,9428768.459275508,31878951.526306894,4878.804878048781,9429014.278946249,31878862.055263747,5854.365853658537,9428670.624569716,31877917.872624125,5854.365853658537
9429063.196299145,31879378.88210513,5366.585365853659,1.6322139351976641,9428768.459275508,31878951.526306894,4878.804878048781,9429112.113652041,31879895.708946515,4878.804878048781,9429357.933322782,31879806.237903368,5854.365853658537,9429014.278946249,31878862.055263747,5854.365853658537
9429406.850675678,31880323.06474475,5366.585365853659,2.1858958312936396,9429112.113652041,31879895.708946515,4878.804878048781,9429455.768028574,31880839.891586132,4878.804878048781,9429701.587699315,31880750.420542985,5854.365853658537,9429357.933322782,31879806.237903368,5854.365853658537
9429750.505052209,31881267.24738437,5366.585365853659,2.1824266408474453,9429455.768028574,31880839.891586132,4878.804878048781,9429799.422405107,31881784.074225754,4878.804878048781,9430045.242075847,31881694.603182606,5854.365853658537,9429701.587699315,31880750.420542985,5854.365853658537
9430094.159428744,31882211.43002399,5366.585365853659,2.600879274391682,9429799.422405107,31881784.074225754,4878.804878048781,9430143.07678164,31882728.256865375,4878.804878048781,9430388.896452378,31882638.78582223,5854.365853658537,9430045.242075847,31881694.603182606,5854.365853658537
9430437.813805275,31883155.61266361,5366.585365853659,2.657359237719893,9430143.07678164,31882728.256865375,4878.804878048781,9430486.731158173,31883672.439504992,4878.804878048781,9430732.550828911,31883582.96846185,5854.365853658537,9430388.896452378,31882638.78582223,5854.365853658537
9430781.46818181,31884099.79530323,5366.585365853659,2.7552696553681297,9430486.731158173,31883672.439504992,4878.804878048781,9430830.385534706,31884616.622144613,4878.804878048781,9431076.205205444,31884527.15110147,5854.365853658537,9430732.550828911,31883582.96846185,5854.365853658537
9431125.12255834,31885043.97794285,5366.585365853659,3.4974317152011833,9430830.385534706,31884616.622144613,4878.804878048781,9431174.039911237,31885560.804784235,4878.804878048781,9431419.859581977,31885471.333741087,5854.365853658537,9431076.205205444,31884527.15110147,5854.365853658537
9431468.776934873,31885988.16058247,5366.585365853659,4.163954979099534,9431174.039911237,31885560.804784235,4878.804878048781,9431517.69428777,31886504.987423852,4878.804878048781,9431763.513958508,31886415.51638071,5854.365853658537,9431419.859581977,31885471.333741087,5854.365853658537
9431812.431311406,31886932.343222093,5366.585365853659,4.525111283671557,9431517.69428777,31886504.987423852,4878.804878048781,9431861.348664302,31887449.170063477,4878.804878048781,9432107.168335041,31887359.69902033,5854.365853658537,9431763.513958508,31886415.51638071,5854.365853658537
9432156.085687937,31887876.52586171,5366.585365853659,4.814184283209576,9431861.348664302,31887449.170063477,4878.804878048781,9432205.003040835,31888393.352703094,4878.804878048781,9432450.822711572,31888303.881659947,5854.365853658537,9432107.168335041,31887359.69902033,5854.365853658537
9432499.740064472,31888820.70850133,5366.585365853659,5.548722536965507,9432205.003040835,31888393.352703094,4878.804878048781,9432548.657417368,31889337.535342716,4878.804878048781,9432794.477088105,31889248.06429957,5854.365853658537,9432450.822711572,31888303.881659947,5854.365853658537
9432843.394441003,31889764.891140953,5366.585365853659,5.644951363983217,9432548.657417368,31889337.535342716,4878.804878048781,9432892.3117939,31890281.717982333,4878.804878048781,9433138.131464638,31890192.246939186,5854.365853658537,9432794.477088105,31889248.06429957,5854.365853658537
9433187.048817534,31890709.07378057,5366.585365853659,5.8896212284572025,9432892.3117939,31890281.717982333,4878.804878048781,9433235.966170432,31891225.900621954,4878.804878048781,9433481.78584117,31891136.429578807,5854.365853658537,9433138.131464638,31890192.246939186,5854.365853658537
9433530.703194069,31891653.25642019,5366.585365853659,5.004304766738419,9433235.966170432,31891225.900621954,4878.804878048781,9433579.620546965,31892170.083261576,4878.804878048781,9433825.440217704,31892080.61221843,5854.365853658537,9433481.78584117,31891136.429578807,5854.365853658537
9433874.357570602,31892597.439059813,5366.585365853659,3.480860721884698,9433579.620546965,31892170.083261576,4878.804878048781,9433923.274923498,31893114.265901193,4878.804878048781,9434169.094594236,31893024.794858046,5854.365853658537,9433825.440217704,31892080.61221843,5854.365853658537
9434218.011947135,31893541.62169943,5366.585365853659,4.7721692113542264,9433923.274923498,31893114.265901193,4878.804878048781,9434266.92930003,31894058.448540814,4878.804878048781,9434512.748970767,31893968.977497667,5854.365853658537,9434169.094594236,31893024.794858046,5854.365853658537
9434561.666323666,31894485.80433905,5366.585365853659,5.481282192416282,9434266.92930003,31894058.448540814,4878.804878048781,9434610.583676564,31895002.631180435,4878.804878048781,9434856.4033473,31894913.16013729,5854.365853658537,9434512.748970767,31893968.977497667,5854.365853658537
9434905.3207002,31895429.98697867,5366.585365853659,5.012769467021546,9434610.583676564,31895002.631180435,4878.804878048781,9434954.238053096,31895946.813820053,4878.804878048781,9435200.057723833,31895857.34277691,5854.365853658537,9434856.4033473,31894913.16013729,5854.365853658537
9435248.975076731,31896374.16961829,5366.585365853659,5.310839915487276,9434954.238053096,31895946.813820053,4878.804878048781,9435297.892429627,31896890.996459674,4878.804878048781,9435543.712100366,31896801.52541653,5854.365853658537,9435200.057723833,31895857.34277691,5854.365853658537
9435592.629453262,31897318.35225791,5366.585365853659,3.7200500203007447,9435297.892429627,31896890.996459674,4878.804878048781,9435641.54680616,31897835.179099295,4878.804878048781,9435887.366476899,31897745.70805615,5854.365853658537,9435543.712100366,31896801.52541653,5854.365853658537
9435936.283829797,31898262.534897532,5366.585365853659,1.984381780176375,9435641.54680616,31897835.179099295,4878.804878048781,9435985.201182693,31898779.361738913,4878.804878048781,9436231.020853432,31898689.89069577,5854.365853658537,9435887.366476899,31897745.70805615,5854.365853658537
9436279.93820633,31899206.717537154,5366.585365853659,1.2110598905402852,9435985.201182693,31898779.361738913,4878.804878048781,9436328.855559226,31899723.544378534,4878.804878048781,9436574.675229965,31899634.07333539,5854.365853658537,9436231.020853432,31898689.89069577,5854.365853658537
9436623.592582863,31900150.90017677,5366.585365853659,1.1126040725553155,9436328.855559226,31899723.544378534,4878.804878048781,9436672.509935759,31900667.727018155,4878.804878048781,9436918.329606496,31900578.255975008,5854.365853658537,9436574.675229965,31899634.07333539,5854.365853658537
9436967.246959394,31901095.082816392,5366.585365853659,0.9291157145981477,9436672.509935759,31900667.727018155,4878.804878048781,9437016.164312292,31901611.909657776,4878.804878048781,9437261.983983029,31901522.43861463,5854.365853658537,9436918.329606496,31900578.255975008,5854.365853658537
9437310.901335929,31902039.265456013,5366.585365853659,1.2154203991534545,9437016.164312292,31901611.909657776,4878.804878048781,9437359.818688825,31902556.092297398,4878.804878048781,9437605.638359562,31902466.62125425,5854.365853658537,9437261.983983029,31901522.43861463,5854.365853658537
9437654.55571246,31902983.448095635,5366.585365853659,1.389092208811725,9437359.818688825,31902556.092297398,4878.804878048781,9437703.473065356,31903500.274937015,4878.804878048781,9437949.292736094,31903410.803893868,5854.365853658537,9437605.638359562,31902466.62125425,5854.365853658537
9437998.21008899,31903927.630735252,5366.585365853659,1.3572574928388508,9437703.473065356,31903500.274937015,4878.804878048781,9438047.127441889,31904444.457576636,4878.804878048781,9438292.947112627,31904354.98653349,5854.365853658537,9437949.292736094,31903410.803893868,5854.365853658537
9412469.951519785,31833024.4617206,6342.146341463415,0.30217357400206907,9412175.21449615,31832597.105922364,5854.365853658537,9412518.868872683,31833541.288561985,5854.365853658537,9412764.688543422,31833451.817518838,6829.926829268294,9412421.03416689,31832507.634879217,6829.926829268294
9412813.605896318,31833968.64436022,6342.146341463415,0.358213494676353,9412518.868872683,31833541.288561985,5854.365853658537,9412862.523249216,31834485.471201602,5854.365853658537,9413108.342919955,31834396.000158455,6829.926829268294,9412764.688543422,31833451.817518838,6829.926829268294
9413157.260272851,31834912.82699984,6342.146341463415,0.42965663750954197,9412862.523249216,31834485.471201602,5854.365853658537,9413206.17762575,31835429.653841224,5854.365853658537,9413451.997296486,31835340.182798076,6829.926829268294,9413108.342919955,31834396.000158455,6829.926829268294
9413500.914649382,31835857.00963946,6342.146341463415,0.5120867314812717,9413206.17762575,31835429.653841224,5854.365853658537,9413549.832002282,31836373.836480845,5854.365853658537,9413795.651673019,31836284.365437698,6829.926829268294,9413451.997296486,31835340.182798076,6829.926829268294
9413844.569025917,31836801.192279078,6342.146341463415,0.6695151535107573,9413549.832002282,31836373.836480845,5854.365853658537,9413893.486378815,31837318.019120462,5854.365853658537,9414139.306049552,31837228.54807732,6829.926829268294,9413795.651673019,31836284.365437698,6829.926829268294
9414188.223402448,31837745.3749187,6342.146341463415,0.9278355577141517,9413893.486378815,31837318.019120462,5854.365853658537,9414237.140755348,31838262.201760083,5854.365853658537,9414482.960426085,31838172.73071694,6829.926829268294,9414139.306049552,31837228.54807732,6829.926829268294
9414531.877778983,31838689.55755832,6342.146341463415,1.2883654314262114,9414237.140755348,31838262.201760083,5854.365853658537,9414580.795131879,31839206.384399705,5854.365853658537,9414826.614802618,31839116.91335656,6829.926829268294,9414482.960426085,31838172.73071694,6829.926829268294
9414875.532155514,31839633.74019794,6342.146341463415,0.9133636510319592,9414580.795131879,31839206.384399705,5854.365853658537,9414924.449508412,31840150.567039322,5854.365853658537,9415170.26917915,31840061.09599618,6829.926829268294,9414826.614802618,31839116.91335656,6829.926829268294
9415219.186532047,31840577.922837563,6342.146341463415,0.9179268939242411,9414924.449508412,31840150.567039322,5854.365853658537,9415268.103884945,31841094.749678943,5854.365853658537,9415513.923555683,31841005.2786358,6829.926829268294,9415170.26917915,31840061.09599618,6829.926829268294
9415562.84090858,31841522.105477184,6342.146341463415,1.077035079776922,9415268.103884945,31841094.749678943,5854.365853658537,9415611.758261478,31842038.93231857,5854.365853658537,9415857.577932216,31841949.46127542,6829.926829268294,9415513.923555683,31841005.2786358,6829.926829268294
9415906.49528511,31842466.288116805,6342.146341463415,1.0401034275225156,9415611.758261478,31842038.93231857,5854.365853658537,9415955.41263801,31842983.114958186,5854.365853658537,9416201.232308747,31842893.64391504,6829.926829268294,9415857.577932216,31841949.46127542,6829.926829268294
9416250.149661643,31843410.47075642,6342.146341463415,0.7365111123019927,9415955.41263801,31842983.114958186,5854.365853658537,9416299.067014541,31843927.297597803,5854.365853658537,9416544.88668528,31843837.826554656,6829.926829268294,9416201.232308747,31842893.64391504,6829.926829268294
9416593.804038176,31844354.65339604,6342.146341463415,0.7599354961564441,9416299.067014541,31843927.297597803,5854.365853658537,9416642.721391074,31844871.480237424,5854.365853658537,9416888.541061813,31844782.009194277,6829.926829268294,9416544.88668528,31843837.826554656,6829.926829268294
9416937.458414707,31845298.83603566,6342.146341463415,0.749374878467297,9416642.721391074,31844871.480237424,5854.365853658537,9416986.375767607,31845815.662877046,5854.365853658537,9417232.195438346,31845726.1918339,6829.926829268294,9416888.541061813,31844782.009194277,6829.926829268294
9417281.112791242,31846243.01867528,6342.146341463415,0.7449192523792473,9416986.375767607,31845815.662877046,5854.365853658537,9417330.03014414,31846759.845516663,5854.365853658537,9417575.849814879,31846670.374473516,6829.926829268294,9417232.195438346,31845726.1918339,6829.926829268294
9417624.767167773,31847187.2013149,6342.146341463415,0.6416126326747602,9417330.03014414,31846759.845516663,5854.365853658537,9417673.684520673,31847704.028156284,5854.365853658537,9417919.50419141,31847614.557113137,6829.926829268294,9417575.849814879,31846670.374473516,6829.926829268294
9417968.421544308,31848131.38395452,6342.146341463415,0.6588272788396787,9417673.684520673,31847704.028156284,5854.365853658537,9418017.338897206,31848648.210795905,5854.365853658537,9418263.158567943,31848558.73975276,6829.926829268294,9417919.50419141,31847614.557113137,6829.926829268294
9418312.075920839,31849075.566594142,6342.146341463415,0.5735589612583938,9418017.338897206,31848648.210795905,5854.365853658537,9418360.993273739,31849592.393435523,5854.365853658537,9418606.812944476,31849502.922392376,6829.926829268294,9418263.158567943,31848558.73975276,6829.926829268294
9418655.730297372,31850019.74923376,6342.146341463415,0.49248593068489865,9418360.993273739,31849592.393435523,5854.365853658537,9418704.64765027,31850536.576075144,5854.365853658537,9418950.467321008,31850447.105032,6829.926829268294,9418606.812944476,31849502.922392376,6829.926829268294
9418999.384673905,31850963.93187338,6342.146341463415,0.33627856457820143,9418704.64765027,31850536.576075144,5854.365853658537,9419048.302026803,31851480.758714765,5854.365853658537,9419294.121697541,31851391.287671622,6829.926829268294,9418950.467321008,31850447.105032,6829.926829268294
9419343.039050436,31851908.114513002,6342.146341463415,0.1614003226500059,9419048.302026803,31851480.758714765,5854.365853658537,9419391.956403336,31852424.941354383,5854.365853658537,9419637.776074074,31852335.47031124,6829.926829268294,9419294.121697541,31851391.287671622,6829.926829268294
9419686.69342697,31852852.297152624,6342.146341463415,0.09548048422582776,9419391.956403336,31852424.941354383,5854.365853658537,9419735.610779868,31853369.123994004,5854.365853658537,9419981.430450607,31853279.65295086,6829.926829268294,9419637.776074074,31852335.47031124,6829.926829268294
9420030.347803501,31853796.479792245,6342.146341463415,0.10898320647291777,9419735.610779868,31853369.123994004,5854.365853658537,9420079.265156401,31854313.306633625,5854.365853658537,9420325.084827138,31854223.83559048,6829.926829268294,9419981.430450607,31853279.65295086,6829.926829268294
9420374.002180036,31854740.662431862,6342.146341463415,0.2521672337170724,9420079.265156401,31854313.306633625,5854.365853658537,9420422.919532934,31855257.489273246,5854.365853658537,9420668.739203671,31855168.0182301,6829.926829268294,9420325.084827138,31854223.83559048,6829.926829268294
9420717.656556567,31855684.845071483,6342.146341463415,0.3587757751664236,9420422.919532934,31855257.489273246,5854.365853658537,9420766.573909467,31856201.671912868,5854.365853658537,9421012.393580204,31856112.20086972,6829.926829268294,9420668.739203671,31855168.0182301,6829.926829268294
9421061.3109331,31856629.027711105,6342.146341463415,0.2532858967974788,9420766.573909467,31856201.671912868,5854.365853658537,9421110.228285998,31857145.85455249,5854.365853658537,9421356.047956737,31857056.383509338,6829.926829268294,9421012.393580204,31856112.20086972,6829.926829268294
9421404.965309633,31857573.210350722,6342.146341463415,0.3321341423833671,9421110.228285998,31857145.85455249,5854.365853658537,9421453.882662531,31858090.037192106,5854.365853658537,9421699.70233327,31858000.56614896,6829.926829268294,9421356.047956737,31857056.383509338,6829.926829268294
9421748.619686164,31858517.392990343,6342.146341463415,0.5265471132751864,9421453.882662531,31858090.037192106,5854.365853658537,9421797.537039064,31859034.219831727,5854.365853658537,9422043.356709803,31858944.74878858,6829.926829268294,9421699.70233327,31858000.56614896,6829.926829268294
9422092.274062699,31859461.57562996,6342.146341463415,0.5820737789660104,9421797.537039064,31859034.219831727,5854.365853658537,9422141.191415597,31859978.402471345,5854.365853658537,9422387.011086335,31859888.931428198,6829.926829268294,9422043.356709803,31858944.74878858,6829.926829268294
9422435.92843923,31860405.758269582,6342.146341463415,0.4483299425220938,9422141.191415597,31859978.402471345,5854.365853658537,9422484.84579213,31860922.585110966,5854.365853658537,9422730.665462866,31860833.11406782,6829.926829268294,9422387.011086335,31859888.931428198,6829.926829268294
9422779.582815764,31861349.940909203,6342.146341463415,0.17844239724312866,9422484.84579213,31860922.585110966,5854.365853658537,9422828.500168663,31861866.767750587,5854.365853658537,9423074.3198394,31861777.29670744,6829.926829268294,9422730.665462866,31860833.11406782,6829.926829268294
9423123.237192295,31862294.123548824,6342.146341463415,0.2097931631471065,9422828.500168663,31861866.767750587,5854.365853658537,9423172.154545195,31862810.950390205,5854.365853658537,9423417.974215932,31862721.479347058,6829.926829268294,9423074.3198394,31861777.29670744,6829.926829268294
9423466.891568828,31863238.30618844,6342.146341463415,0.3767265820456507,9423172.154545195,31862810.950390205,5854.365853658537,9423515.808921726,31863755.133029826,5854.365853658537,9423761.628592465,31863665.661986683,6829.926829268294,9423417.974215932,31862721.479347058,6829.926829268294
9423810.545945361,31864182.488828063,6342.146341463415,0.3567277902215655,9423515.808921726,31863755.133029826,5854.365853658537,9423859.46329826,31864699.315669447,5854.365853658537,9424105.282968998,31864609.844626304,6829.926829268294,9423761.628592465,31863665.661986683,6829.926829268294
9424154.200321892,31865126.67146768,6342.146341463415,0.3798387426610289,9423859.46329826,31864699.315669447,5854.365853658537,9424203.117674792,31865643.498309065,5854.365853658537,9424448.937345529,31865554.02726592,6829.926829268294,9424105.282968998,31864609.844626304,6829.926829268294
9424497.854698427,31866070.8541073,6342.146341463415,0.7554750332107547,9424203.117674792,31865643.498309065,5854.365853658537,9424546.772051325,31866587.680948686,5854.365853658537,9424792.591722062,31866498.20990554,6829.926829268294,9424448.937345529,31865554.02726592,6829.926829268294
9424841.509074958,31867015.036746923,6342.146341463415,0.939565948793513,9424546.772051325,31866587.680948686,5854.365853658537,9424890.426427858,31867531.863588303,5854.365853658537,9425136.246098595,31867442.39254516,6829.926829268294,9424792.591722062,31866498.20990554,6829.926829268294
9425185.163451493,31867959.219386544,6342.146341463415,0.8223349177903309,9424890.426427858,31867531.863588303,5854.365853658537,9425234.080804389,31868476.04622793,5854.365853658537,9425479.900475128,31868386.57518478,6829.926829268294,9425136.246098595,31867442.39254516,6829.926829268294
9425528.817828024,31868903.402026165,6342.146341463415,0.6714962103648728,9425234.080804389,31868476.04622793,5854.365853658537,9425577.735180922,31869420.228867546,5854.365853658537,9425823.55485166,31869330.7578244,6829.926829268294,9425479.900475128,31868386.57518478,6829.926829268294
9425872.472204557,31869847.584665783,6342.146341463415,0.6615599587051499,9425577.735180922,31869420.228867546,5854.365853658537,9425921.389557455,31870364.411507167,5854.365853658537,9426167.209228193,31870274.94046402,6829.926829268294,9425823.55485166,31869330.7578244,6829.926829268294
9426216.12658109,31870791.767305404,6342.146341463415,0.6094902430558852,9425921.389557455,31870364.411507167,5854.365853658537,9426265.043933988,31871308.594146788,5854.365853658537,9426510.863604726,31871219.12310364,6829.926829268294,9426167.209228193,31870274.94046402,6829.926829268294
9426559.78095762,31871735.949945025,6342.146341463415,0.765911048029899,9426265.043933988,31871308.594146788,5854.365853658537,9426608.69831052,31872252.776786406,5854.365853658537,9426854.517981257,31872163.30574326,6829.926829268294,9426510.863604726,31871219.12310364,6829.926829268294
9426903.435334155,31872680.132584643,6342.146341463415,0.8788955322329242,9426608.69831052,31872252.776786406,5854.365853658537,9426952.352687053,31873196.959426027,5854.365853658537,9427198.17235779,31873107.48838288,6829.926829268294,9426854.517981257,31872163.30574326,6829.926829268294
9427247.089710686,31873624.315224264,6342.146341463415,0.7305496239729334,9426952.352687053,31873196.959426027,5854.365853658537,9427296.007063586,31874141.142065648,5854.365853658537,9427541.826734323,31874051.6710225,6829.926829268294,9427198.17235779,31873107.48838288,6829.926829268294
9427590.744087221,31874568.49786388,6342.146341463415,0.45602898396034075,9427296.007063586,31874141.142065648,5854.365853658537,9427639.661440117,31875085.324705265,5854.365853658537,9427885.481110856,31874995.85366212,6829.926829268294,9427541.826734323,31874051.6710225,6829.926829268294
9427934.398463752,31875512.680503502,6342.146341463415,0.6454020560885569,9427639.661440117,31875085.324705265,5854.365853658537,9427983.31581665,31876029.507344887,5854.365853658537,9428229.135487389,31875940.03630174,6829.926829268294,9427885.481110856,31874995.85366212,6829.926829268294
9428278.052840285,31876456.863143124,6342.146341463415,0.9180539537710378,9427983.31581665,31876029.507344887,5854.365853658537,9428326.970193183,31876973.689984508,5854.365853658537,9428572.789863922,31876884.218941364,6829.926829268294,9428229.135487389,31875940.03630174,6829.926829268294
9428621.707216818,31877401.04578274,6342.146341463415,1.3428699454460564,9428326.970193183,31876973.689984508,5854.365853658537,9428670.624569716,31877917.872624125,5854.365853658537,9428916.444240455,31877828.401580982,6829.926829268294,9428572.789863922,31876884.218941364,6829.926829268294
9428965.361593349,31878345.228422362,6342.146341463415,2.6486349581852813,9428670.624569716,31877917.872624125,5854.365853658537,9429014.278946249,31878862.055263747,5854.365853658537,9429260.098616987,31878772.584220603,6829.926829268294,9428916.444240455,31877828.401580982,6829.926829268294
9429309.015969884,31879289.411061987,6342.146341463415,3.0536635695529717,9429014.278946249,31878862.055263747,5854.365853658537,9429357.933322782,31879806.237903368,5854.365853658537,9429603.752993518,31879716.766860224,6829.926829268294,9429260.098616987,31878772.584220603,6829.926829268294
9429652.670346415,31880233.593701605,6342.146341463415,2.761367538304265,9429357.933322782,31879806.237903368,5854.365853658537,9429701.587699315,31880750.420542985,5854.365853658537,9429947.407370051,31880660.94949984,6829.926829268294,9429603.752993518,31879716.766860224,6829.926829268294
9429996.32472295,31881177.776341226,6342.146341463415,3.064305507739447,9429701.587699315,31880750.420542985,5854.365853658537,9430045.242075847,31881694.603182606,5854.365853658537,9430291.061746584,31881605.132139463,6829.926829268294,9429947.407370051,31880660.94949984,6829.926829268294
9430339.97909948,31882121.958980847,6342.146341463415,3.2338193625428353,9430045.242075847,31881694.603182606,5854.365853658537,9430388.896452378,31882638.78582223,5854.365853658537,9430634.716123117,31882549.31477908,6829.926829268294,9430291.061746584,31881605.132139463,6829.926829268294
9430683.633476013,31883066.14162047,6342.146341463415,3.0851124729548465,9430388.896452378,31882638.78582223,5854.365853658537,9430732.550828911,31883582.96846185,5854.365853658537,9430978.37049965,31883493.4974187,6829.926829268294,9430634.716123117,31882549.31477908,6829.926829268294
9431027.287852546,31884010.324260086,6342.146341463415,3.6771761062925994,9430732.550828911,31883582.96846185,5854.365853658537,9431076.205205444,31884527.15110147,5854.365853658537,9431322.024876183,31884437.680058323,6829.926829268294,9430978.37049965,31883493.4974187,6829.926829268294
9431370.942229077,31884954.506899703,6342.146341463415,5.898757059537027,9431076.205205444,31884527.15110147,5854.365853658537,9431419.859581977,31885471.333741087,5854.365853658537,9431665.679252716,31885381.86269794,6829.926829268294,9431322.024876183,31884437.680058323,6829.926829268294
9431714.596605612,31885898.689539324,6342.146341463415,7.027974702210216,9431419.859581977,31885471.333741087,5854.365853658537,9431763.513958508,31886415.51638071,5854.365853658537,9432009.333629247,31886326.04533756,6829.926829268294,9431665.679252716,31885381.86269794,6829.926829268294
9432058.250982143,31886842.872178946,6342.146341463415,7.6931078956932755,9431763.513958508,31886415.51638071,5854.365853658537,9432107.168335041,31887359.69902033,5854.365853658537,9432352.98800578,31887270.227977183,6829.926829268294,9432009.333629247,31886326.04533756,6829.926829268294
9432401.905358678,31887787.054818563,6342.146341463415,6.506341080786079,9432107.168335041,31887359.69902033,5854.365853658537,9432450.822711572,31888303.881659947,5854.365853658537,9432696.642382313,31888214.4106168,6829.926829268294,9432352.98800578,31887270.227977183,6829.926829268294
9432745.559735209,31888731.237458184,6342.146341463415,6.726879281577843,9432450.822711572,31888303.881659947,5854.365853658537,9432794.477088105,31889248.06429957,5854.365853658537,9433040.296758845,31889158.59325642,6829.926829268294,9432696.642382313,31888214.4106168,6829.926829268294
9433089.214111742,31889675.420097806,6342.146341463415,7.6336106806666395,9432794.477088105,31889248.06429957,5854.365853658537,9433138.131464638,31890192.246939186,5854.365853658537,9433383.951135378,31890102.775896043,6829.926829268294,9433040.296758845,31889158.59325642,6829.926829268294
9433432.868488275,31890619.602737423,6342.146341463415,7.124851190609717,9433138.131464638,31890192.246939186,5854.365853658537,9433481.78584117,31891136.429578807,5854.365853658537,9433727.60551191,31891046.958535664,6829.926829268294,9433383.951135378,31890102.775896043,6829.926829268294
9433776.522864806,31891563.785377044,6342.146341463415,6.490733365014019,9433481.78584117,31891136.429578807,5854.365853658537,9433825.440217704,31892080.61221843,5854.365853658537,9434071.259888442,31891991.141175285,6829.926829268294,9433727.60551191,31891046.958535664,6829.926829268294
9434120.17724134,31892507.96801667,6342.146341463415,5.384626658491341,9433825.440217704,31892080.61221843,5854.365853658537,9434169.094594236,31893024.794858046,5854.365853658537,9434414.914264975,31892935.323814902,6829.926829268294,9434071.259888442,31891991.141175285,6829.926829268294
9434463.831617871,31893452.150656287,6342.146341463415,5.426891193531317,9434169.094594236,31893024.794858046,5854.365853658537,9434512.748970767,31893968.977497667,5854.365853658537,9434758.568641508,31893879.506454524,6829.926829268294,9434414.914264975,31892935.323814902,6829.926829268294
9434807.485994402,31894396.333295904,6342.146341463415,4.35040212074388,9434512.748970767,31893968.977497667,5854.365853658537,9434856.4033473,31894913.16013729,5854.365853658537,9435102.22301804,31894823.68909414,6829.926829268294,9434758.568641508,31893879.506454524,6829.926829268294
9435151.140370937,31895340.515935525,6342.146341463415,3.9713401578656113,9434856.4033473,31894913.16013729,5854.365853658537,9435200.057723833,31895857.34277691,5854.365853658537,9435445.877394574,31895767.871733762,6829.926829268294,9435102.22301804,31894823.68909414,6829.926829268294
9435494.79474747,31896284.698575146,6342.146341463415,5.021999214600425,9435200.057723833,31895857.34277691,5854.365853658537,9435543.712100366,31896801.52541653,5854.365853658537,9435789.531771107,31896712.054373384,6829.926829268294,9435445.877394574,31895767.871733762,6829.926829268294
9435838.449124003,31897228.881214764,6342.146341463415,4.858057197699584,9435543.712100366,31896801.52541653,5854.365853658537,9435887.366476899,31897745.70805615,5854.365853658537,9436133.186147638,31897656.237013,6829.926829268294,9435789.531771107,31896712.054373384,6829.926829268294
9436182.103500534,31898173.063854385,6342.146341463415,3.0433961939373906,9435887.366476899,31897745.70805615,5854.365853658537,9436231.020853432,31898689.89069577,5854.365853658537,9436476.84052417,31898600.419652622,6829.926829268294,9436133.186147638,31897656.237013,6829.926829268294
9436525.757877069,31899117.246494006,6342.146341463415,2.212462479109875,9436231.020853432,31898689.89069577,5854.365853658537,9436574.675229965,31899634.07333539,5854.365853658537,9436820.494900703,31899544.602292243,6829.926829268294,9436476.84052417,31898600.419652622,6829.926829268294
9436869.4122536,31900061.429133624,6342.146341463415,1.922255400596896,9436574.675229965,31899634.07333539,5854.365853658537,9436918.329606496,31900578.255975008,5854.365853658537,9437164.149277236,31900488.78493186,6829.926829268294,9436820.494900703,31899544.602292243,6829.926829268294
9437213.06663013,31901005.611773245,6342.146341463415,1.76227750700648,9436918.329606496,31900578.255975008,5854.365853658537,9437261.983983029,31901522.43861463,5854.365853658537,9437507.80365377,31901432.967571482,6829.926829268294,9437164.149277236,31900488.78493186,6829.926829268294
9437556.721006665,31901949.794412866,6342.146341463415,2.0838784669502908,9437261.983983029,31901522.43861463,5854.365853658537,9437605.638359562,31902466.62125425,5854.365853658537,9437851.458030302,31902377.150211103,6829.926829268294,9437507.80365377,31901432.967571482,6829.926829268294
9437900.375383198,31902893.977052487,6342.146341463415,2.239649561843674,9437605.638359562,31902466.62125425,5854.365853658537,9437949.292736094,31903410.803893868,5854.365853658537,9438195.112406835,31903321.332850724,6829.926829268294,9437851.458030302,31902377.150211103,6829.926829268294
9438244.029759731,31903838.159692105,6342.146341463415,1.727603403233293,9437949.292736094,31903410.803893868,5854.365853658537,9438292.947112627,31904354.98653349,5854.365853658537,9438538.766783366,31904265.515490346,6829.926829268294,9438195.112406835,31903321.332850724,6829.926829268294
9412715.771190524,31832934.990677454,7317.707317073172,0.33689074997423885,9412421.03416689,31832507.634879217,6829.926829268294,9412764.688543422,31833451.817518838,6829.926829268294,9413010.50821416,31833362.346475694,7805.48780487805,9412666.853837628,31832418.163836073,7805.48780487805
9413059.425567059,31833879.17331707,7317.707317073172,0.2877660667177263,9412764.688543422,31833451.817518838,6829.926829268294,9413108.342919955,31834396.000158455,6829.926829268294,9413354.162590694,31834306.52911531,7805.48780487805,9413010.50821416,31833362.346475694,7805.48780487805
9413403.07994359,31834823.355956696,7317.707317073172,0.23853890041578132,9413108.342919955,31834396.000158455,6829.926829268294,9413451.997296486,31835340.182798076,6829.926829268294,9413697.816967227,31835250.711754933,7805.48780487805,9413354.162590694,31834306.52911531,7805.48780487805
9413746.73432012,31835767.538596317,7317.707317073172,0.2517280587566166,9413451.997296486,31835340.182798076,6829.926829268294,9413795.651673019,31836284.365437698,6829.926829268294,9414041.47134376,31836194.894394554,7805.48780487805,9413697.816967227,31835250.711754933,7805.48780487805
9414090.388696656,31836711.721235935,7317.707317073172,0.5860566586031184,9413795.651673019,31836284.365437698,6829.926829268294,9414139.306049552,31837228.54807732,6829.926829268294,9414385.125720292,31837139.07703417,7805.48780487805,9414041.47134376,31836194.894394554,7805.48780487805
9414434.043073189,31837655.903875556,7317.707317073172,0.6179031872948674,9414139.306049552,31837228.54807732,6829.926829268294,9414482.960426085,31838172.73071694,6829.926829268294,9414728.780096823,31838083.259673793,7805.48780487805,9414385.125720292,31837139.07703417,7805.48780487805
9414777.697449721,31838600.086515177,7317.707317073172,0.644046119173966,9414482.960426085,31838172.73071694,6829.926829268294,9414826.614802618,31839116.91335656,6829.926829268294,9415072.434473356,31839027.442313414,7805.48780487805,9414728.780096823,31838083.259673793,7805.48780487805
9415121.351826252,31839544.269154795,7317.707317073172,0.6328637463466917,9414826.614802618,31839116.91335656,6829.926829268294,9415170.26917915,31840061.09599618,6829.926829268294,9415416.088849887,31839971.62495303,7805.48780487805,9415072.434473356,31839027.442313414,7805.48780487805
9415465.006202787,31840488.451794416,7317.707317073172,0.9015242131536616,9415170.26917915,31840061.09599618,6829.926829268294,9415513.923555683,31841005.2786358,6829.926829268294,9415759.74322642,31840915.807592653,7805.48780487805,9415416.088849887,31839971.62495303,7805.48780487805
9415808.660579318,31841432.634434037,7317.707317073172,1.0738069197713125,9415513.923555683,31841005.2786358,6829.926829268294,9415857.577932216,31841949.46127542,6829.926829268294,9416103.397602953,31841859.990232274,7805.48780487805,9415759.74322642,31840915.807592653,7805.48780487805
9416152.314955853,31842376.817073658,7317.707317073172,1.434826265066407,9415857.577932216,31841949.46127542,6829.926829268294,9416201.232308747,31842893.64391504,6829.926829268294,9416447.051979486,31842804.17287189,7805.48780487805,9416103.397602953,31841859.990232274,7805.48780487805
9416495.969332384,31843320.99971327,7317.707317073172,1.6533498974509795,9416201.232308747,31842893.64391504,6829.926829268294,9416544.88668528,31843837.826554656,6829.926829268294,9416790.706356019,31843748.35551151,7805.48780487805,9416447.051979486,31842804.17287189,7805.48780487805
9416839.623708915,31844265.182352893,7317.707317073172,1.0860171654203767,9416544.88668528,31843837.826554656,6829.926829268294,9416888.541061813,31844782.009194277,6829.926829268294,9417134.36073255,31844692.53815113,7805.48780487805,9416790.706356019,31843748.35551151,7805.48780487805
9417183.27808545,31845209.364992514,7317.707317073172,1.1681636620174223,9416888.541061813,31844782.009194277,6829.926829268294,9417232.195438346,31845726.1918339,6829.926829268294,9417478.015109083,31845636.720790755,7805.48780487805,9417134.36073255,31844692.53815113,7805.48780487805
9417526.93246198,31846153.54763213,7317.707317073172,1.187738708327145,9417232.195438346,31845726.1918339,6829.926829268294,9417575.849814879,31846670.374473516,6829.926829268294,9417821.669485616,31846580.903430372,7805.48780487805,9417478.015109083,31845636.720790755,7805.48780487805
9417870.586838514,31847097.730271753,7317.707317073172,1.383400154931241,9417575.849814879,31846670.374473516,6829.926829268294,9417919.50419141,31847614.557113137,6829.926829268294,9418165.323862148,31847525.086069994,7805.48780487805,9417821.669485616,31846580.903430372,7805.48780487805
9418214.241215046,31848041.912911378,7317.707317073172,1.5379129128765956,9417919.50419141,31847614.557113137,6829.926829268294,9418263.158567943,31848558.73975276,6829.926829268294,9418508.978238681,31848469.268709615,7805.48780487805,9418165.323862148,31847525.086069994,7805.48780487805
9418557.895591578,31848986.095551,7317.707317073172,0.987653872773329,9418263.158567943,31848558.73975276,6829.926829268294,9418606.812944476,31849502.922392376,6829.926829268294,9418852.632615214,31849413.451349232,7805.48780487805,9418508.978238681,31848469.268709615,7805.48780487805
9418901.549968112,31849930.278190617,7317.707317073172,0.6823912448826561,9418606.812944476,31849502.922392376,6829.926829268294,9418950.467321008,31850447.105032,6829.926829268294,9419196.286991747,31850357.633988854,7805.48780487805,9418852.632615214,31849413.451349232,7805.48780487805
9419245.204344643,31850874.460830238,7317.707317073172,0.48586335800297015,9418950.467321008,31850447.105032,6829.926829268294,9419294.121697541,31851391.287671622,6829.926829268294,9419539.941368278,31851301.816628475,7805.48780487805,9419196.286991747,31850357.633988854,7805.48780487805
9419588.858721178,31851818.64346986,7317.707317073172,0.40203602143699485,9419294.121697541,31851391.287671622,6829.926829268294,9419637.776074074,31852335.47031124,6829.926829268294,9419883.595744811,31852245.999268092,7805.48780487805,9419539.941368278,31851301.816628475,7805.48780487805
9419932.513097709,31852762.826109476,7317.707317073172,0.3355964697316694,9419637.776074074,31852335.47031124,6829.926829268294,9419981.430450607,31853279.65295086,6829.926829268294,9420227.250121344,31853190.181907713,7805.48780487805,9419883.595744811,31852245.999268092,7805.48780487805
9420276.167474242,31853707.008749094,7317.707317073172,0.45589997814161515,9419981.430450607,31853279.65295086,6829.926829268294,9420325.084827138,31854223.83559048,6829.926829268294,9420570.904497877,31854134.36454733,7805.48780487805,9420227.250121344,31853190.181907713,7805.48780487805
9420619.821850775,31854651.191388715,7317.707317073172,0.35478312202774287,9420325.084827138,31854223.83559048,6829.926829268294,9420668.739203671,31855168.0182301,6829.926829268294,9420914.55887441,31855078.547186952,7805.48780487805,9420570.904497877,31854134.36454733,7805.48780487805
9420963.476227306,31855595.374028336,7317.707317073172,0.301414306460089,9420668.739203671,31855168.0182301,6829.926829268294,9421012.393580204,31856112.20086972,6829.926829268294,9421258.213250943,31856022.729826573,7805.48780487805,9420914.55887441,31855078.547186952,7805.48780487805
9421307.13060384,31856539.556667954,7317.707317073172,0.3130257269735118,9421012.393580204,31856112.20086972,6829.926829268294,9421356.047956737,31857056.383509338,6829.926829268294,9421601.867627475,31856966.91246619,7805.48780487805,9421258.213250943,31856022.729826573,7805.48780487805
9421650.784980372,31857483.739307575,7317.707317073172,0.4886416792609612,9421356.047956737,31857056.383509338,6829.926829268294,9421699.70233327,31858000.56614896,6829.926829268294,9421945.522004006,31857911.095105812,7805.48780487805,9421601.867627475,31856966.91246619,7805.48780487805
9421994.439356906,31858427.921947196,7317.707317073172,0.7804682469367763,9421699.70233327,31858000.56614896,6829.926829268294,9422043.356709803,31858944.74878858,6829.926829268294,9422289.17638054,31858855.277745437,7805.48780487805,9421945.522004006,31857911.095105812,7805.48780487805
9422338.093733437,31859372.104586814,7317.707317073172,0.6572451416073203,9422043.356709803,31858944.74878858,6829.926829268294,9422387.011086335,31859888.931428198,6829.926829268294,9422632.830757072,31859799.460385054,7805.48780487805,9422289.17638054,31858855.277745437,7805.48780487805
9422681.74810997,31860316.287226435,7317.707317073172,0.6705796898785413,9422387.011086335,31859888.931428198,6829.926829268294,9422730.665462866,31860833.11406782,6829.926829268294,9422976.485133605,31860743.643024676,7805.48780487805,9422632.830757072,31859799.460385054,7805.48780487805
9423025.402486503,31861260.46986606,7317.707317073172,0.49111569286721957,9422730.665462866,31860833.11406782,6829.926829268294,9423074.3198394,31861777.29670744,6829.926829268294,9423320.139510138,31861687.825664297,7805.48780487805,9422976.485133605,31860743.643024676,7805.48780487805
9423369.056863034,31862204.65250568,7317.707317073172,0.5243663254096486,9423074.3198394,31861777.29670744,6829.926829268294,9423417.974215932,31862721.479347058,6829.926829268294,9423663.79388667,31862632.008303914,7805.48780487805,9423320.139510138,31861687.825664297,7805.48780487805
9423712.711239569,31863148.8351453,7317.707317073172,0.38923853206211345,9423417.974215932,31862721.479347058,6829.926829268294,9423761.628592465,31863665.661986683,6829.926829268294,9424007.448263204,31863576.190943535,7805.48780487805,9423663.79388667,31862632.008303914,7805.48780487805
9424056.365616102,31864093.01778492,7317.707317073172,0.4269827622721531,9423761.628592465,31863665.661986683,6829.926829268294,9424105.282968998,31864609.844626304,6829.926829268294,9424351.102639737,31864520.373583157,7805.48780487805,9424007.448263204,31863576.190943535,7805.48780487805
9424400.019992635,31865037.200424537,7317.707317073172,0.5687545355527207,9424105.282968998,31864609.844626304,6829.926829268294,9424448.937345529,31865554.02726592,6829.926829268294,9424694.757016268,31865464.556222774,7805.48780487805,9424351.102639737,31864520.373583157,7805.48780487805
9424743.674369166,31865981.383064155,7317.707317073172,1.216331127647248,9424448.937345529,31865554.02726592,6829.926829268294,9424792.591722062,31866498.20990554,6829.926829268294,9425038.4113928,31866408.73886239,7805.48780487805,9424694.757016268,31865464.556222774,7805.48780487805
9425087.328745699,31866925.565703776,7317.707317073172,1.5962473606118908,9424792.591722062,31866498.20990554,6829.926829268294,9425136.246098595,31867442.39254516,6829.926829268294,9425382.065769333,31867352.921502013,7805.48780487805,9425038.4113928,31866408.73886239,7805.48780487805
9425430.983122231,31867869.748343397,7317.707317073172,1.0820982776003363,9425136.246098595,31867442.39254516,6829.926829268294,9425479.900475128,31868386.57518478,6829.926829268294,9425725.720145866,31868297.104141634,7805.48780487805,9425382.065769333,31867352.921502013,7805.48780487805
9425774.637498762,31868813.930983018,7317.707317073172,0.9568180053802753,9425479.900475128,31868386.57518478,6829.926829268294,9425823.55485166,31869330.7578244,6829.926829268294,9426069.374522397,31869241.28678125,7805.48780487805,9425725.720145866,31868297.104141634,7805.48780487805
9426118.291875297,31869758.113622636,7317.707317073172,1.1260967649546856,9425823.55485166,31869330.7578244,6829.926829268294,9426167.209228193,31870274.94046402,6829.926829268294,9426413.02889893,31870185.469420873,7805.48780487805,9426069.374522397,31869241.28678125,7805.48780487805
9426461.946251828,31870702.296262257,7317.707317073172,1.5128723236980701,9426167.209228193,31870274.94046402,6829.926829268294,9426510.863604726,31871219.12310364,6829.926829268294,9426756.683275463,31871129.652060494,7805.48780487805,9426413.02889893,31870185.469420873,7805.48780487805
9426805.600628363,31871646.478901878,7317.707317073172,1.7640036318305474,9426510.863604726,31871219.12310364,6829.926829268294,9426854.517981257,31872163.30574326,6829.926829268294,9427100.337651996,31872073.834700115,7805.48780487805,9426756.683275463,31871129.652060494,7805.48780487805
9427149.255004894,31872590.661541495,7317.707317073172,1.5887479806126439,9426854.517981257,31872163.30574326,6829.926829268294,9427198.17235779,31873107.48838288,6829.926829268294,9427443.992028529,31873018.017339736,7805.48780487805,9427100.337651996,31872073.834700115,7805.48780487805
9427492.909381427,31873534.844181117,7317.707317073172,1.1500291033901293,9427198.17235779,31873107.48838288,6829.926829268294,9427541.826734323,31874051.6710225,6829.926829268294,9427787.646405062,31873962.199979357,7805.48780487805,9427443.992028529,31873018.017339736,7805.48780487805
9427836.56375796,31874479.026820738,7317.707317073172,0.8698991378593863,9427541.826734323,31874051.6710225,6829.926829268294,9427885.481110856,31874995.85366212,6829.926829268294,9428131.300781595,31874906.382618975,7805.48780487805,9427787.646405062,31873962.199979357,7805.48780487805
9428180.21813449,31875423.20946036,7317.707317073172,0.9799511562439344,9427885.481110856,31874995.85366212,6829.926829268294,9428229.135487389,31875940.03630174,6829.926829268294,9428474.955158127,31875850.565258596,7805.48780487805,9428131.300781595,31874906.382618975,7805.48780487805
9428523.872511026,31876367.39209998,7317.707317073172,1.4114021022214576,9428229.135487389,31875940.03630174,6829.926829268294,9428572.789863922,31876884.218941364,6829.926829268294,9428818.609534658,31876794.747898217,7805.48780487805,9428474.955158127,31875850.565258596,7805.48780487805
9428867.526887557,31877311.574739598,7317.707317073172,2.146649981686732,9428572.789863922,31876884.218941364,6829.926829268294,9428916.444240455,31877828.401580982,6829.926829268294,9429162.263911191,31877738.930537835,7805.48780487805,9428818.609534658,31876794.747898217,7805.48780487805
9429211.181264091,31878255.75737922,7317.707317073172,3.3148140659277128,9428916.444240455,31877828.401580982,6829.926829268294,9429260.098616987,31878772.584220603,6829.926829268294,9429505.918287724,31878683.113177456,7805.48780487805,9429162.263911191,31877738.930537835,7805.48780487805
9429554.835640622,31879199.94001884,7317.707317073172,4.320953997657232,9429260.098616987,31878772.584220603,6829.926829268294,9429603.752993518,31879716.766860224,6829.926829268294,9429849.572664257,31879627.295817073,7805.48780487805,9429505.918287724,31878683.113177456,7805.48780487805
9429898.490017155,31880144.122658458,7317.707317073172,4.25950765182441,9429603.752993518,31879716.766860224,6829.926829268294,9429947.407370051,31880660.94949984,6829.926829268294,9430193.22704079,31880571.478456695,7805.48780487805,9429849.572664257,31879627.295817073,7805.48780487805
9430242.144393688,31881088.30529808,7317.707317073172,5.428351682149263,9429947.407370051,31880660.94949984,6829.926829268294,9430291.061746584,31881605.132139463,6829.926829268294,9430536.881417323,31881515.661096316,7805.48780487805,9430193.22704079,31880571.478456695,7805.48780487805
9430585.79877022,31882032.4879377,7317.707317073172,5.708250522824922,9430291.061746584,31881605.132139463,6829.926829268294,9430634.716123117,31882549.31477908,6829.926829268294,9430880.535793856,31882459.843735933,7805.48780487805,9430536.881417323,31881515.661096316,7805.48780487805
9430929.453146754,31882976.670577317,7317.707317073172,6.665991278363358,9430634.716123117,31882549.31477908,6829.926829268294,9430978.37049965,31883493.4974187,6829.926829268294,9431224.190170387,31883404.026375555,7805.48780487805,9430880.535793856,31882459.843735933,7805.48780487805
9431273.107523285,31883920.85321694,7317.707317073172,7.127627552585036,9430978.37049965,31883493.4974187,6829.926829268294,9431322.024876183,31884437.680058323,6829.926829268294,9431567.84454692,31884348.209015176,7805.48780487805,9431224.190170387,31883404.026375555,7805.48780487805
9431616.76189982,31884865.035856556,7317.707317073172,10.607382021017319,9431322.024876183,31884437.680058323,6829.926829268294,9431665.679252716,31885381.86269794,6829.926829268294,9431911.498923453,31885292.391654797,7805.48780487805,9431567.84454692,31884348.209015176,7805.48780487805
9431960.41627635,31885809.218496177,7317.707317073172,10.360671098386561,9431665.679252716,31885381.86269794,6829.926829268294,9432009.333629247,31886326.04533756,6829.926829268294,9432255.153299985,31886236.574294418,7805.48780487805,9431911.498923453,31885292.391654797,7805.48780487805
9432304.070652883,31886753.4011358,7317.707317073172,8.36802494155766,9432009.333629247,31886326.04533756,6829.926829268294,9432352.98800578,31887270.227977183,6829.926829268294,9432598.807676518,31887180.75693404,7805.48780487805,9432255.153299985,31886236.574294418,7805.48780487805
9432647.725029416,31887697.58377542,7317.707317073172,7.341438141864328,9432352.98800578,31887270.227977183,6829.926829268294,9432696.642382313,31888214.4106168,6829.926829268294,9432942.46205305,31888124.939573657,7805.48780487805,9432598.807676518,31887180.75693404,7805.48780487805
9432991.379405947,31888641.76641504,7317.707317073172,7.903709437994018,9432696.642382313,31888214.4106168,6829.926829268294,9433040.296758845,31889158.59325642,6829.926829268294,9433286.116429582,31889069.122213274,7805.48780487805,9432942.46205305,31888124.939573657,7805.48780487805
9433335.033782482,31889585.94905466,7317.707317073172,8.951847368968568,9433040.296758845,31889158.59325642,6829.926829268294,9433383.951135378,31890102.775896043,6829.926829268294,9433629.770806115,31890013.304852895,7805.48780487805,9433286.116429582,31889069.122213274,7805.48780487805
9433678.688159013,31890530.13169428,7317.707317073172,9.105941287201606,9433383.951135378,31890102.775896043,6829.926829268294,9433727.60551191,31891046.958535664,6829.926829268294,9433973.425182648,31890957.487492517,7805.48780487805,9433629.770806115,31890013.304852895,7805.48780487805
9434022.342535544,31891474.3143339,7317.707317073172,8.85262774194676,9433727.60551191,31891046.958535664,6829.926829268294,9434071.259888442,31891991.141175285,6829.926829268294,9434317.07955918,31891901.670132134,7805.48780487805,9433973.425182648,31890957.487492517,7805.48780487805
9434365.996912079,31892418.496973522,7317.707317073172,8.376654695457905,9434071.259888442,31891991.141175285,6829.926829268294,9434414.914264975,31892935.323814902,6829.926829268294,9434660.733935714,31892845.852771755,7805.48780487805,9434317.07955918,31891901.670132134,7805.48780487805
9434709.651288612,31893362.67961314,7317.707317073172,7.77765897372065,9434414.914264975,31892935.323814902,6829.926829268294,9434758.568641508,31893879.506454524,6829.926829268294,9435004.388312247,31893790.035411377,7805.48780487805,9434660.733935714,31892845.852771755,7805.48780487805
9435053.305665145,31894306.862252757,7317.707317073172,4.817177035734707,9434758.568641508,31893879.506454524,6829.926829268294,9435102.22301804,31894823.68909414,6829.926829268294,9435348.042688778,31894734.218050994,7805.48780487805,9435004.388312247,31893790.035411377,7805.48780487805
9435396.960041676,31895251.04489238,7317.707317073172,3.4376721244752515,9435102.22301804,31894823.68909414,6829.926829268294,9435445.877394574,31895767.871733762,6829.926829268294,9435691.69706531,31895678.400690615,7805.48780487805,9435348.042688778,31894734.218050994,7805.48780487805
9435740.61441821,31896195.227532,7317.707317073172,3.5964043307999254,9435445.877394574,31895767.871733762,6829.926829268294,9435789.531771107,31896712.054373384,6829.926829268294,9436035.351441843,31896622.583330236,7805.48780487805,9435691.69706531,31895678.400690615,7805.48780487805
9436084.268794741,31897139.410171617,7317.707317073172,3.381872005292512,9435789.531771107,31896712.054373384,6829.926829268294,9436133.186147638,31897656.237013,6829.926829268294,9436379.005818376,31897566.765969854,7805.48780487805,9436035.351441843,31896622.583330236,7805.48780487805
9436427.923171273,31898083.592811238,7317.707317073172,3.9966242971083035,9436133.186147638,31897656.237013,6829.926829268294,9436476.84052417,31898600.419652622,6829.926829268294,9436722.66019491,31898510.94860948,7805.48780487805,9436379.005818376,31897566.765969854,7805.48780487805
9436771.577547807,31899027.77545086,7317.707317073172,5.024869019033817,9436476.84052417,31898600.419652622,6829.926829268294,9436820.494900703,31899544.602292243,6829.926829268294,9437066.314571442,31899455.1312491,7805.48780487805,9436722.66019491,31898510.94860948,7805.48780487805
9437115.23192434,31899971.958090477,7317.707317073172,4.225316720621789,9436820.494900703,31899544.602292243,6829.926829268294,9437164.149277236,31900488.78493186,6829.926829268294,9437409.968947975,31900399.313888717,7805.48780487805,9437066.314571442,31899455.1312491,7805.48780487805
9437458.886300873,31900916.1407301,7317.707317073172,3.995065979548566,9437164.149277236,31900488.78493186,6829.926829268294,9437507.80365377,31901432.967571482,6829.926829268294,9437753.623324506,31901343.49652834,7805.48780487805,9437409.968947975,31900399.313888717,7805.48780487805
9437802.540677404,31901860.323369723,7317.707317073172,4.641149803083549,9437507.80365377,31901432.967571482,6829.926829268294,9437851.458030302,31902377.150211103,6829.926829268294,9438097.277701039,31902287.67916796,7805.48780487805,9437753.623324506,31901343.49652834,7805.48780487805
9438146.195053939,31902804.506009344,7317.707317073172,5.0279412575153355,9437851.458030302,31902377.150211103,6829.926829268294,9438195.112406835,31903321.332850724,6829.926829268294,9438440.932077572,31903231.861807577,7805.48780487805,9438097.277701039,31902287.67916796,7805.48780487805
9438489.84943047,31903748.68864896,7317.707317073172,5.008725085076393,9438195.112406835,31903321.332850724,6829.926829268294,9438538.766783366,31904265.515490346,6829.926829268294,9438784.586454105,31904176.0444472,7805.48780487805,9438440.932077572,31903231.861807577,7805.48780487805
9412961.590861265,31832845.519634306,8293.268292682927,0.6318908711898877,9412666.853837628,31832418.163836073,7805.48780487805,9413010.50821416,31833362.346475694,7805.48780487805,9413256.327884903,31833272.875432543,8781.048780487805,9412912.67350837,31832328.692792926,8781.048780487805
9413305.245237797,31833789.702273928,8293.268292682927,0.47903529717449983,9413010.50821416,31833362.346475694,7805.48780487805,9413354.162590694,31834306.52911531,7805.48780487805,9413599.982261436,31834217.058072165,8781.048780487805,9413256.327884903,31833272.875432543,8781.048780487805
9413648.89961433,31834733.88491355,8293.268292682927,0.5893436423177337,9413354.162590694,31834306.52911531,7805.48780487805,9413697.816967227,31835250.711754933,7805.48780487805,9413943.636637969,31835161.240711786,8781.048780487805,9413599.982261436,31834217.058072165,8781.048780487805
9413992.553990863,31835678.06755317,8293.268292682927,0.5312429424868674,9413697.816967227,31835250.711754933,7805.48780487805,9414041.47134376,31836194.894394554,7805.48780487805,9414287.2910145,31836105.423351403,8781.048780487805,9413943.636637969,31835161.240711786,8781.048780487805
9414336.208367394,31836622.250192787,8293.268292682927,0.5354507625728536,9414041.47134376,31836194.894394554,7805.48780487805,9414385.125720292,31837139.07703417,7805.48780487805,9414630.945391033,31837049.605991025,8781.048780487805,9414287.2910145,31836105.423351403,8781.048780487805
9414679.862743927,31837566.43283241,8293.268292682927,0.7585638030767329,9414385.125720292,31837139.07703417,7805.48780487805,9414728.780096823,31838083.259673793,7805.48780487805,9414974.599767566,31837993.788630646,8781.048780487805,9414630.945391033,31837049.605991025,8781.048780487805
9415023.51712046,31838510.61547203,8293.268292682927,0.5444226386544163,9414728.780096823,31838083.259673793,7805.48780487805,9415072.434473356,31839027.442313414,7805.48780487805,9415318.254144099,31838937.971270263,8781.048780487805,9414974.599767566,31837993.788630646,8781.048780487805
9415367.171496993,31839454.798111647,8293.268292682927,0.7776804892733287,9415072.434473356,31839027.442313414,7805.48780487805,9415416.088849887,31839971.62495303,7805.48780487805,9415661.908520631,31839882.153909884,8781.048780487805,9415318.254144099,31838937.971270263,8781.048780487805
9415710.825873526,31840398.98075127,8293.268292682927,0.8033014102800092,9415416.088849887,31839971.62495303,7805.48780487805,9415759.74322642,31840915.807592653,7805.48780487805,9416005.562897164,31840826.336549506,8781.048780487805,9415661.908520631,31839882.153909884,8781.048780487805
9416054.480250059,31841343.16339089,8293.268292682927,1.4101291915521899,9415759.74322642,31840915.807592653,7805.48780487805,9416103.397602953,31841859.990232274,7805.48780487805,9416349.217273697,31841770.519189127,8781.048780487805,9416005.562897164,31840826.336549506,8781.048780487805
9416398.134626592,31842287.34603051,8293.268292682927,2.396777680194981,9416103.397602953,31841859.990232274,7805.48780487805,9416447.051979486,31842804.17287189,7805.48780487805,9416692.871650228,31842714.701828748,8781.048780487805,9416349.217273697,31841770.519189127,8781.048780487805
9416741.789003123,31843231.52867013,8293.268292682927,2.189991354502977,9416447.051979486,31842804.17287189,7805.48780487805,9416790.706356019,31843748.35551151,7805.48780487805,9417036.526026761,31843658.884468365,8781.048780487805,9416692.871650228,31842714.701828748,8781.048780487805
9417085.443379655,31844175.71130975,8293.268292682927,1.5517896481189095,9416790.706356019,31843748.35551151,7805.48780487805,9417134.36073255,31844692.53815113,7805.48780487805,9417380.180403294,31844603.067107987,8781.048780487805,9417036.526026761,31843658.884468365,8781.048780487805
9417429.097756188,31845119.893949367,8293.268292682927,1.830500212696183,9417134.36073255,31844692.53815113,7805.48780487805,9417478.015109083,31845636.720790755,7805.48780487805,9417723.834779827,31845547.249747604,8781.048780487805,9417380.180403294,31844603.067107987,8781.048780487805
9417772.752132721,31846064.07658899,8293.268292682927,2.3824783328302073,9417478.015109083,31845636.720790755,7805.48780487805,9417821.669485616,31846580.903430372,7805.48780487805,9418067.48915636,31846491.432387225,8781.048780487805,9417723.834779827,31845547.249747604,8781.048780487805
9418116.406509254,31847008.25922861,8293.268292682927,2.2352171015845492,9417821.669485616,31846580.903430372,7805.48780487805,9418165.323862148,31847525.086069994,7805.48780487805,9418411.14353289,31847435.615026847,8781.048780487805,9418067.48915636,31846491.432387225,8781.048780487805
9418460.060885785,31847952.44186823,8293.268292682927,1.7270640177695384,9418165.323862148,31847525.086069994,7805.48780487805,9418508.978238681,31848469.268709615,7805.48780487805,9418754.797909424,31848379.797666464,8781.048780487805,9418411.14353289,31847435.615026847,8781.048780487805
9418803.71526232,31848896.62450785,8293.268292682927,1.2749754413241503,9418508.978238681,31848469.268709615,7805.48780487805,9418852.632615214,31849413.451349232,7805.48780487805,9419098.452285957,31849323.980306085,8781.048780487805,9418754.797909424,31848379.797666464,8781.048780487805
9419147.36963885,31849840.80714747,8293.268292682927,0.9879980001699771,9418852.632615214,31849413.451349232,7805.48780487805,9419196.286991747,31850357.633988854,7805.48780487805,9419442.10666249,31850268.162945703,8781.048780487805,9419098.452285957,31849323.980306085,8781.048780487805
9419491.024015384,31850784.98978709,8293.268292682927,0.620870166032259,9419196.286991747,31850357.633988854,7805.48780487805,9419539.941368278,31851301.816628475,7805.48780487805,9419785.761039022,31851212.345585324,8781.048780487805,9419442.10666249,31850268.162945703,8781.048780487805
9419834.678391917,31851729.17242671,8293.268292682927,0.4824452927747144,9419539.941368278,31851301.816628475,7805.48780487805,9419883.595744811,31852245.999268092,7805.48780487805,9420129.415415555,31852156.528224945,8781.048780487805,9419785.761039022,31851212.345585324,8781.048780487805
9420178.33276845,31852673.355066326,8293.268292682927,0.5967238017997422,9419883.595744811,31852245.999268092,7805.48780487805,9420227.250121344,31853190.181907713,7805.48780487805,9420473.069792088,31853100.710864566,8781.048780487805,9420129.415415555,31852156.528224945,8781.048780487805
9420521.987144982,31853617.537705947,8293.268292682927,0.6556774014248427,9420227.250121344,31853190.181907713,7805.48780487805,9420570.904497877,31854134.36454733,7805.48780487805,9420816.72416862,31854044.893504187,8781.048780487805,9420473.069792088,31853100.710864566,8781.048780487805
9420865.641521513,31854561.720345568,8293.268292682927,0.5300689528702693,9420570.904497877,31854134.36454733,7805.48780487805,9420914.55887441,31855078.547186952,7805.48780487805,9421160.378545152,31854989.07614381,8781.048780487805,9420816.72416862,31854044.893504187,8781.048780487805
9421209.295898048,31855505.90298519,8293.268292682927,0.511202665892249,9420914.55887441,31855078.547186952,7805.48780487805,9421258.213250943,31856022.729826573,7805.48780487805,9421504.032921685,31855933.258783426,8781.048780487805,9421160.378545152,31854989.07614381,8781.048780487805
9421552.95027458,31856450.08562481,8293.268292682927,0.6386799421776351,9421258.213250943,31856022.729826573,7805.48780487805,9421601.867627475,31856966.91246619,7805.48780487805,9421847.687298218,31856877.441423047,8781.048780487805,9421504.032921685,31855933.258783426,8781.048780487805
9421896.604651112,31857394.26826443,8293.268292682927,0.6233494305722861,9421601.867627475,31856966.91246619,7805.48780487805,9421945.522004006,31857911.095105812,7805.48780487805,9422191.34167475,31857821.62406267,8781.048780487805,9421847.687298218,31856877.441423047,8781.048780487805
9422240.259027645,31858338.450904053,8293.268292682927,0.4334102515408781,9421945.522004006,31857911.095105812,7805.48780487805,9422289.17638054,31858855.277745437,7805.48780487805,9422534.996051284,31858765.806702286,8781.048780487805,9422191.34167475,31857821.62406267,8781.048780487805
9422583.913404178,31859282.63354367,8293.268292682927,0.6208955249243101,9422289.17638054,31858855.277745437,7805.48780487805,9422632.830757072,31859799.460385054,7805.48780487805,9422878.650427816,31859709.989341907,8781.048780487805,9422534.996051284,31858765.806702286,8781.048780487805
9422927.56778071,31860226.81618329,8293.268292682927,0.9404322989844394,9422632.830757072,31859799.460385054,7805.48780487805,9422976.485133605,31860743.643024676,7805.48780487805,9423222.30480435,31860654.17198153,8781.048780487805,9422878.650427816,31859709.989341907,8781.048780487805
9423271.222157244,31861170.998822913,8293.268292682927,1.1704115310627454,9422976.485133605,31860743.643024676,7805.48780487805,9423320.139510138,31861687.825664297,7805.48780487805,9423565.95918088,31861598.354621146,8781.048780487805,9423222.30480435,31860654.17198153,8781.048780487805
9423614.876533777,31862115.181462534,8293.268292682927,1.1339646216994719,9423320.139510138,31861687.825664297,7805.48780487805,9423663.79388667,31862632.008303914,7805.48780487805,9423909.613557413,31862542.537260767,8781.048780487805,9423565.95918088,31861598.354621146,8781.048780487805
9423958.530910308,31863059.36410215,8293.268292682927,0.701419345363377,9423663.79388667,31862632.008303914,7805.48780487805,9424007.448263204,31863576.190943535,7805.48780487805,9424253.267933946,31863486.71990039,8781.048780487805,9423909.613557413,31862542.537260767,8781.048780487805
9424302.18528684,31864003.54674177,8293.268292682927,0.7401460053381098,9424007.448263204,31863576.190943535,7805.48780487805,9424351.102639737,31864520.373583157,7805.48780487805,9424596.922310479,31864430.902540006,8781.048780487805,9424253.267933946,31863486.71990039,8781.048780487805
9424645.839663373,31864947.729381386,8293.268292682927,0.9742637996539892,9424351.102639737,31864520.373583157,7805.48780487805,9424694.757016268,31865464.556222774,7805.48780487805,9424940.57668701,31865375.085179623,8781.048780487805,9424596.922310479,31864430.902540006,8781.048780487805
9424989.494039904,31865891.912021007,8293.268292682927,1.3847126702729053,9424694.757016268,31865464.556222774,7805.48780487805,9425038.4113928,31866408.73886239,7805.48780487805,9425284.231063543,31866319.26781925,8781.048780487805,9424940.57668701,31865375.085179623,8781.048780487805
9425333.148416437,31866836.09466063,8293.268292682927,2.252530838776701,9425038.4113928,31866408.73886239,7805.48780487805,9425382.065769333,31867352.921502013,7805.48780487805,9425627.885440076,31867263.45045887,8781.048780487805,9425284.231063543,31866319.26781925,8781.048780487805
9425676.80279297,31867780.27730025,8293.268292682927,1.8519435690310073,9425382.065769333,31867352.921502013,7805.48780487805,9425725.720145866,31868297.104141634,7805.48780487805,9425971.539816609,31868207.633098487,8781.048780487805,9425627.885440076,31867263.45045887,8781.048780487805
9426020.457169503,31868724.459939867,8293.268292682927,1.4233999178487373,9425725.720145866,31868297.104141634,7805.48780487805,9426069.374522397,31869241.28678125,7805.48780487805,9426315.194193142,31869151.815738108,8781.048780487805,9425971.539816609,31868207.633098487,8781.048780487805
9426364.111546036,31869668.642579492,8293.268292682927,1.4548572550734022,9426069.374522397,31869241.28678125,7805.48780487805,9426413.02889893,31870185.469420873,7805.48780487805,9426658.848569674,31870095.99837773,8781.048780487805,9426315.194193142,31869151.815738108,8781.048780487805
9426707.765922569,31870612.825219113,8293.268292682927,2.3389940448929876,9426413.02889893,31870185.469420873,7805.48780487805,9426756.683275463,31871129.652060494,7805.48780487805,9427002.502946207,31871040.181017347,8781.048780487805,9426658.848569674,31870095.99837773,8781.048780487805
9427051.420299102,31871557.007858735,8293.268292682927,2.419233801782597,9426756.683275463,31871129.652060494,7805.48780487805,9427100.337651996,31872073.834700115,7805.48780487805,9427346.15732274,31871984.363656968,8781.048780487805,9427002.502946207,31871040.181017347,8781.048780487805
9427395.074675635,31872501.190498352,8293.268292682927,2.1153878778379545,9427100.337651996,31872073.834700115,7805.48780487805,9427443.992028529,31873018.017339736,7805.48780487805,9427689.811699271,31872928.54629659,8781.048780487805,9427346.15732274,31871984.363656968,8781.048780487805
9427738.729052166,31873445.37313797,8293.268292682927,0.9703154403758638,9427443.992028529,31873018.017339736,7805.48780487805,9427787.646405062,31873962.199979357,7805.48780487805,9428033.466075804,31873872.728936207,8781.048780487805,9427689.811699271,31872928.54629659,8781.048780487805
9428082.383428698,31874389.55577759,8293.268292682927,0.8019842269692198,9427787.646405062,31873962.199979357,7805.48780487805,9428131.300781595,31874906.382618975,7805.48780487805,9428377.120452337,31874816.911575828,8781.048780487805,9428033.466075804,31873872.728936207,8781.048780487805
9428426.037805233,31875333.738417212,8293.268292682927,0.9020078692334823,9428131.300781595,31874906.382618975,7805.48780487805,9428474.955158127,31875850.565258596,7805.48780487805,9428720.77482887,31875761.094215445,8781.048780487805,9428377.120452337,31874816.911575828,8781.048780487805
9428769.692181764,31876277.921056833,8293.268292682927,1.1005768168771581,9428474.955158127,31875850.565258596,7805.48780487805,9428818.609534658,31876794.747898217,7805.48780487805,9429064.429205403,31876705.276855066,8781.048780487805,9428720.77482887,31875761.094215445,8781.048780487805
9429113.346558297,31877222.10369645,8293.268292682927,2.446927644735077,9428818.609534658,31876794.747898217,7805.48780487805,9429162.263911191,31877738.930537835,7805.48780487805,9429408.083581936,31877649.459494688,8781.048780487805,9429064.429205403,31876705.276855066,8781.048780487805
9429457.00093483,31878166.28633607,8293.268292682927,3.306720139300844,9429162.263911191,31877738.930537835,7805.48780487805,9429505.918287724,31878683.113177456,7805.48780487805,9429751.737958468,31878593.642134305,8781.048780487805,9429408.083581936,31877649.459494688,8781.048780487805
9429800.655311363,31879110.46897569,8293.268292682927,4.630126800878687,9429505.918287724,31878683.113177456,7805.48780487805,9429849.572664257,31879627.295817073,7805.48780487805,9430095.392335,31879537.82477393,8781.048780487805,9429751.737958468,31878593.642134305,8781.048780487805
9430144.309687894,31880054.65161531,8293.268292682927,5.078743166888521,9429849.572664257,31879627.295817073,7805.48780487805,9430193.22704079,31880571.478456695,7805.48780487805,9430439.046711532,31880482.00741355,8781.048780487805,9430095.392335,31879537.82477393,8781.048780487805
9430487.964064427,31880998.83425493,8293.268292682927,4.665072972327201,9430193.22704079,31880571.478456695,7805.48780487805,9430536.881417323,31881515.661096316,7805.48780487805,9430782.701088065,31881426.19005317,8781.048780487805,9430439.046711532,31880482.00741355,8781.048780487805
9430831.618440961,31881943.016894553,8293.268292682927,5.649403772103196,9430536.881417323,31881515.661096316,7805.48780487805,9430880.535793856,31882459.843735933,7805.48780487805,9431126.355464598,31882370.37269279,8781.048780487805,9430782.701088065,31881426.19005317,8781.048780487805
9431175.272817492,31882887.199534174,8293.268292682927,6.6185766260955985,9430880.535793856,31882459.843735933,7805.48780487805,9431224.190170387,31883404.026375555,7805.48780487805,9431470.009841131,31883314.55533241,8781.048780487805,9431126.355464598,31882370.37269279,8781.048780487805
9431518.927194025,31883831.38217379,8293.268292682927,7.897740972865001,9431224.190170387,31883404.026375555,7805.48780487805,9431567.84454692,31884348.209015176,7805.48780487805,9431813.664217664,31884258.73797203,8781.048780487805,9431470.009841131,31883314.55533241,8781.048780487805
9431862.581570558,31884775.564813413,8293.268292682927,10.26146214517669,9431567.84454692,31884348.209015176,7805.48780487805,9431911.498923453,31885292.391654797,7805.48780487805,9432157.318594197,31885202.92061165,8781.048780487805,9431813.664217664,31884258.73797203,8781.048780487805
9432206.235947091,31885719.747453034,8293.268292682927,11.76107386057028,9431911.498923453,31885292.391654797,7805.48780487805,9432255.153299985,31886236.574294418,7805.48780487805,9432500.972970728,31886147.10325127,8781.048780487805,9432157.318594197,31885202.92061165,8781.048780487805
9432549.890323622,31886663.93009265,8293.268292682927,10.565059950744384,9432255.153299985,31886236.574294418,7805.48780487805,9432598.807676518,31887180.75693404,7805.48780487805,9432844.62734726,31887091.28589089,8781.048780487805,9432500.972970728,31886147.10325127,8781.048780487805
9432893.544700155,31887608.112732273,8293.268292682927,9.562643335862521,9432598.807676518,31887180.75693404,7805.48780487805,9432942.46205305,31888124.939573657,7805.48780487805,9433188.281723794,31888035.468530506,8781.048780487805,9432844.62734726,31887091.28589089,8781.048780487805
9433237.199076688,31888552.29537189,8293.268292682927,9.870663290964712,9432942.46205305,31888124.939573657,7805.48780487805,9433286.116429582,31889069.122213274,7805.48780487805,9433531.936100326,31888979.651170127,8781.048780487805,9433188.281723794,31888035.468530506,8781.048780487805
9433580.85345322,31889496.47801151,8293.268292682927,11.724440856282254,9433286.116429582,31889069.122213274,7805.48780487805,9433629.770806115,31890013.304852895,7805.48780487805,9433875.59047686,31889923.83380975,8781.048780487805,9433531.936100326,31888979.651170127,8781.048780487805
9433924.507829754,31890440.660651132,8293.268292682927,12.215714257618274,9433629.770806115,31890013.304852895,7805.48780487805,9433973.425182648,31890957.487492517,7805.48780487805,9434219.24485339,31890868.016449366,8781.048780487805,9433875.59047686,31889923.83380975,8781.048780487805
9434268.162206287,31891384.843290754,8293.268292682927,11.820633917306287,9433973.425182648,31890957.487492517,7805.48780487805,9434317.07955918,31891901.670132134,7805.48780487805,9434562.899229923,31891812.199088987,8781.048780487805,9434219.24485339,31890868.016449366,8781.048780487805
9434611.816582818,31892329.02593037,8293.268292682927,11.908674660070965,9434317.07955918,31891901.670132134,7805.48780487805,9434660.733935714,31892845.852771755,7805.48780487805,9434906.553606456,31892756.38172861,8781.048780487805,9434562.899229923,31891812.199088987,8781.048780487805
9434955.47095935,31893273.20856999,8293.268292682927,9.883710786622792,9434660.733935714,31892845.852771755,7805.48780487805,9435004.388312247,31893790.035411377,7805.48780487805,9435250.207982989,31893700.56436823,8781.048780487805,9434906.553606456,31892756.38172861,8781.048780487805
9435299.125335883,31894217.39120961,8293.268292682927,6.912511942526366,9435004.388312247,31893790.035411377,7805.48780487805,9435348.042688778,31894734.218050994,7805.48780487805,9435593.862359522,31894644.74700785,8781.048780487805,9435250.207982989,31893700.56436823,8781.048780487805
9435642.779712416,31895161.57384923,8293.268292682927,4.846378662507919,9435348.042688778,31894734.218050994,7805.48780487805,9435691.69706531,31895678.400690615,7805.48780487805,9435937.516736055,31895588.92964747,8781.048780487805,9435593.862359522,31894644.74700785,8781.048780487805
9435986.43408895,31896105.756488856,8293.268292682927,4.043026066255405,9435691.69706531,31895678.400690615,7805.48780487805,9436035.351441843,31896622.583330236,7805.48780487805,9436281.171112588,31896533.11228709,8781.048780487805,9435937.516736055,31895588.92964747,8781.048780487805
9436330.088465482,31897049.939128473,8293.268292682927,5.217105003395086,9436035.351441843,31896622.583330236,7805.48780487805,9436379.005818376,31897566.765969854,7805.48780487805,9436624.825489119,31897477.29492671,8781.048780487805,9436281.171112588,31896533.11228709,8781.048780487805
9436673.742842015,31897994.121768095,8293.268292682927,7.179962641786206,9436379.005818376,31897566.765969854,7805.48780487805,9436722.66019491,31898510.94860948,7805.48780487805,9436968.479865652,31898421.47756633,8781.048780487805,9436624.825489119,31897477.29492671,8781.048780487805
9437017.397218546,31898938.304407716,8293.268292682927,7.687000539530133,9436722.66019491,31898510.94860948,7805.48780487805,9437066.314571442,31899455.1312491,7805.48780487805,9437312.134242184,31899365.66020595,8781.048780487805,9436968.479865652,31898421.47756633,8781.048780487805
9437361.051595079,31899882.487047333,8293.268292682927,7.071034807791485,9437066.314571442,31899455.1312491,7805.48780487805,9437409.968947975,31900399.313888717,7805.48780487805,9437655.788618717,31900309.84284557,8781.048780487805,9437312.134242184,31899365.66020595,8781.048780487805
9437704.705971612,31900826.669686954,8293.268292682927,7.095051922309504,9437409.968947975,31900399.313888717,7805.48780487805,9437753.623324506,31901343.49652834,7805.48780487805,9437999.44299525,31901254.02548519,8781.048780487805,9437655.788618717,31900309.84284557,8781.048780487805
9438048.360348145,31901770.852326576,8293.268292682927,7.167022143045614,9437753.623324506,31901343.49652834,7805.48780487805,9438097.277701039,31902287.67916796,7805.48780487805,9438343.097371783,31902198.20812481,8781.048780487805,9437999.44299525,31901254.02548519,8781.048780487805
9438392.014724677,31902715.034966197,8293.268292682927,7.67956400309411,9438097.277701039,31902287.67916796,7805.48780487805,9438440.932077572,31903231.861807577,7805.48780487805,9438686.751748316,31903142.39076443,8781.048780487805,9438343.097371783,31902198.20812481,8781.048780487805
9438735.66910121,31903659.21760581,8293.268292682927,5.9958993959631055,9438440.932077572,31903231.861807577,7805.48780487805,9438784.586454105,31904176.0444472,7805.48780487805,9439030.406124849,31904086.573404048,8781.048780487805,9438686.751748316,31903142.39076443,8781.048780487805
9413207.410532007,31832756.04859116,9268.829268292682,0.8846352438073872,9412912.67350837,31832328.692792926,8781.048780487805,9413256.327884903,31833272.875432543,8781.048780487805,9413502.14755564,31833183.404389396,9756.609756097561,9413158.493179109,31832239.22174978,9756.609756097561
9413551.064908538,31833700.23123078,9268.829268292682,0.8043616800612333,9413256.327884903,31833272.875432543,8781.048780487805,9413599.982261436,31834217.058072165,8781.048780487805,9413845.801932173,31834127.587029018,9756.609756097561,9413502.14755564,31833183.404389396,9756.609756097561
9413894.719285073,31834644.4138704,9268.829268292682,0.6561957341086152,9413599.982261436,31834217.058072165,8781.048780487805,9413943.636637969,31835161.240711786,8781.048780487805,9414189.456308706,31835071.769668642,9756.609756097561,9413845.801932173,31834127.587029018,9756.609756097561
9414238.373661604,31835588.59651002,9268.829268292682,0.6439290851270905,9413943.636637969,31835161.240711786,8781.048780487805,9414287.2910145,31836105.423351403,8781.048780487805,9414533.110685239,31836015.95230826,9756.609756097561,9414189.456308706,31835071.769668642,9756.609756097561
9414582.028038137,31836532.77914964,9268.829268292682,0.7449013001844031,9414287.2910145,31836105.423351403,8781.048780487805,9414630.945391033,31837049.605991025,8781.048780487805,9414876.765061771,31836960.13494788,9756.609756097561,9414533.110685239,31836015.95230826,9756.609756097561
9414925.68241467,31837476.961789265,9268.829268292682,1.0005969323183341,9414630.945391033,31837049.605991025,8781.048780487805,9414974.599767566,31837993.788630646,8781.048780487805,9415220.419438304,31837904.3175875,9756.609756097561,9414876.765061771,31836960.13494788,9756.609756097561
9415269.3367912,31838421.144428883,9268.829268292682,0.7095581510611327,9414974.599767566,31837993.788630646,8781.048780487805,9415318.254144099,31838937.971270263,8781.048780487805,9415564.073814837,31838848.50022712,9756.609756097561,9415220.419438304,31837904.3175875,9756.609756097561
9415612.991167735,31839365.327068504,9268.829268292682,0.7831529269868308,9415318.254144099,31838937.971270263,8781.048780487805,9415661.908520631,31839882.153909884,8781.048780487805,9415907.728191368,31839792.68286674,9756.609756097561,9415564.073814837,31838848.50022712,9756.609756097561
9415956.645544266,31840309.509708125,9268.829268292682,0.8128449266464938,9415661.908520631,31839882.153909884,8781.048780487805,9416005.562897164,31840826.336549506,8781.048780487805,9416251.382567901,31840736.86550636,9756.609756097561,9415907.728191368,31839792.68286674,9756.609756097561
9416300.299920801,31841253.692347743,9268.829268292682,1.2411919143354007,9416005.562897164,31840826.336549506,8781.048780487805,9416349.217273697,31841770.519189127,8781.048780487805,9416595.036944434,31841681.04814598,9756.609756097561,9416251.382567901,31840736.86550636,9756.609756097561
9416643.954297332,31842197.874987364,9268.829268292682,2.292225393667113,9416349.217273697,31841770.519189127,8781.048780487805,9416692.871650228,31842714.701828748,8781.048780487805,9416938.691320967,31842625.2307856,9756.609756097561,9416595.036944434,31841681.04814598,9756.609756097561
9416987.608673865,31843142.05762698,9268.829268292682,2.4524718126055953,9416692.871650228,31842714.701828748,8781.048780487805,9417036.526026761,31843658.884468365,8781.048780487805,9417282.3456975,31843569.41342522,9756.609756097561,9416938.691320967,31842625.2307856,9756.609756097561
9417331.263050398,31844086.240266602,9268.829268292682,2.203718622478573,9417036.526026761,31843658.884468365,8781.048780487805,9417380.180403294,31844603.067107987,8781.048780487805,9417626.00007403,31844513.59606484,9756.609756097561,9417282.3456975,31843569.41342522,9756.609756097561
9417674.917426929,31845030.42290622,9268.829268292682,2.2294017571882128,9417380.180403294,31844603.067107987,8781.048780487805,9417723.834779827,31845547.249747604,8781.048780487805,9417969.654450564,31845457.778704457,9756.609756097561,9417626.00007403,31844513.59606484,9756.609756097561
9418018.571803462,31845974.60554584,9268.829268292682,2.639990730890477,9417723.834779827,31845547.249747604,8781.048780487805,9418067.48915636,31846491.432387225,8781.048780487805,9418313.308827097,31846401.96134408,9756.609756097561,9417969.654450564,31845457.778704457,9756.609756097561
9418362.226179995,31846918.788185462,9268.829268292682,2.4884192089839092,9418067.48915636,31846491.432387225,8781.048780487805,9418411.14353289,31847435.615026847,8781.048780487805,9418656.96320363,31847346.143983696,9756.609756097561,9418313.308827097,31846401.96134408,9756.609756097561
9418705.880556526,31847862.97082508,9268.829268292682,2.214354205670616,9418411.14353289,31847435.615026847,8781.048780487805,9418754.797909424,31848379.797666464,8781.048780487805,9419000.617580162,31848290.32662332,9756.609756097561,9418656.96320363,31847346.143983696,9756.609756097561
9419049.53493306,31848807.1534647,9268.829268292682,2.0490875550373207,9418754.797909424,31848379.797666464,8781.048780487805,9419098.452285957,31849323.980306085,8781.048780487805,9419344.271956695,31849234.50926294,9756.609756097561,9419000.617580162,31848290.32662332,9756.609756097561
9419393.189309591,31849751.336104322,9268.829268292682,1.925018035419577,9419098.452285957,31849323.980306085,8781.048780487805,9419442.10666249,31850268.162945703,8781.048780487805,9419687.926333228,31850178.69190256,9756.609756097561,9419344.271956695,31849234.50926294,9756.609756097561
9419736.843686124,31850695.518743943,9268.829268292682,1.1137261868833972,9419442.10666249,31850268.162945703,8781.048780487805,9419785.761039022,31851212.345585324,8781.048780487805,9420031.58070976,31851122.87454218,9756.609756097561,9419687.926333228,31850178.69190256,9756.609756097561
9420080.498062655,31851639.701383565,9268.829268292682,0.8266459895908624,9419785.761039022,31851212.345585324,8781.048780487805,9420129.415415555,31852156.528224945,8781.048780487805,9420375.235086292,31852067.0571818,9756.609756097561,9420031.58070976,31851122.87454218,9756.609756097561
9420424.15243919,31852583.884023182,9268.829268292682,1.0507387908730184,9420129.415415555,31852156.528224945,8781.048780487805,9420473.069792088,31853100.710864566,8781.048780487805,9420718.889462825,31853011.23982142,9756.609756097561,9420375.235086292,31852067.0571818,9756.609756097561
9420767.806815721,31853528.066662803,9268.829268292682,1.412008512782095,9420473.069792088,31853100.710864566,8781.048780487805,9420816.72416862,31854044.893504187,8781.048780487805,9421062.543839358,31853955.42246104,9756.609756097561,9420718.889462825,31853011.23982142,9756.609756097561
9421111.461192254,31854472.249302424,9268.829268292682,1.078347450966028,9420816.72416862,31854044.893504187,8781.048780487805,9421160.378545152,31854989.07614381,8781.048780487805,9421406.19821589,31854899.60510066,9756.609756097561,9421062.543839358,31853955.42246104,9756.609756097561
9421455.115568787,31855416.431942042,9268.829268292682,1.399740282573169,9421160.378545152,31854989.07614381,8781.048780487805,9421504.032921685,31855933.258783426,8781.048780487805,9421749.852592424,31855843.78774028,9756.609756097561,9421406.19821589,31854899.60510066,9756.609756097561
9421798.76994532,31856360.614581663,9268.829268292682,1.1181863329125643,9421504.032921685,31855933.258783426,8781.048780487805,9421847.687298218,31856877.441423047,8781.048780487805,9422093.506968956,31856787.9703799,9756.609756097561,9421749.852592424,31855843.78774028,9756.609756097561
9422142.424321853,31857304.797221284,9268.829268292682,0.6449071642627746,9421847.687298218,31856877.441423047,8781.048780487805,9422191.34167475,31857821.62406267,8781.048780487805,9422437.16134549,31857732.15301952,9756.609756097561,9422093.506968956,31856787.9703799,9756.609756097561
9422486.078698384,31858248.9798609,9268.829268292682,0.6514695888711327,9422191.34167475,31857821.62406267,8781.048780487805,9422534.996051284,31858765.806702286,8781.048780487805,9422780.81572202,31858676.33565914,9756.609756097561,9422437.16134549,31857732.15301952,9756.609756097561
9422829.733074918,31859193.162500523,9268.829268292682,0.9391940660314748,9422534.996051284,31858765.806702286,8781.048780487805,9422878.650427816,31859709.989341907,8781.048780487805,9423124.470098553,31859620.51829876,9756.609756097561,9422780.81572202,31858676.33565914,9756.609756097561
9423173.38745145,31860137.345140144,9268.829268292682,1.0739201627592707,9422878.650427816,31859709.989341907,8781.048780487805,9423222.30480435,31860654.17198153,8781.048780487805,9423468.124475086,31860564.70093838,9756.609756097561,9423124.470098553,31859620.51829876,9756.609756097561
9423517.041827984,31861081.527779765,9268.829268292682,1.6788567668181895,9423222.30480435,31860654.17198153,8781.048780487805,9423565.95918088,31861598.354621146,8781.048780487805,9423811.778851619,31861508.883578002,9756.609756097561,9423468.124475086,31860564.70093838,9756.609756097561
9423860.696204515,31862025.710419383,9268.829268292682,1.36844247144749,9423565.95918088,31861598.354621146,8781.048780487805,9423909.613557413,31862542.537260767,8781.048780487805,9424155.433228152,31862453.066217624,9756.609756097561,9423811.778851619,31861508.883578002,9756.609756097561
9424204.350581048,31862969.893059,9268.829268292682,1.1628796920797766,9423909.613557413,31862542.537260767,8781.048780487805,9424253.267933946,31863486.71990039,8781.048780487805,9424499.087604685,31863397.24885724,9756.609756097561,9424155.433228152,31862453.066217624,9756.609756097561
9424548.004957581,31863914.075698625,9268.829268292682,1.6417980842423714,9424253.267933946,31863486.71990039,8781.048780487805,9424596.922310479,31864430.902540006,8781.048780487805,9424842.741981218,31864341.431496862,9756.609756097561,9424499.087604685,31863397.24885724,9756.609756097561
9424891.659334112,31864858.258338243,9268.829268292682,1.2959903517573192,9424596.922310479,31864430.902540006,8781.048780487805,9424940.57668701,31865375.085179623,8781.048780487805,9425186.396357749,31865285.61413648,9756.609756097561,9424842.741981218,31864341.431496862,9756.609756097561
9425235.313710645,31865802.440977864,9268.829268292682,1.44313495828381,9424940.57668701,31865375.085179623,8781.048780487805,9425284.231063543,31866319.26781925,8781.048780487805,9425530.050734282,31866229.7967761,9756.609756097561,9425186.396357749,31865285.61413648,9756.609756097561
9425578.968087178,31866746.623617485,9268.829268292682,1.8727933178844052,9425284.231063543,31866319.26781925,8781.048780487805,9425627.885440076,31867263.45045887,8781.048780487805,9425873.705110814,31867173.979415722,9756.609756097561,9425530.050734282,31866229.7967761,9756.609756097561
9425922.622463709,31867690.806257106,9268.829268292682,2.7683117808229802,9425627.885440076,31867263.45045887,8781.048780487805,9425971.539816609,31868207.633098487,8781.048780487805,9426217.359487347,31868118.16205534,9756.609756097561,9425873.705110814,31867173.979415722,9756.609756097561
9426266.276840243,31868634.988896724,9268.829268292682,2.7054690507924404,9425971.539816609,31868207.633098487,8781.048780487805,9426315.194193142,31869151.815738108,8781.048780487805,9426561.01386388,31869062.34469496,9756.609756097561,9426217.359487347,31868118.16205534,9756.609756097561
9426609.931216775,31869579.171536345,9268.829268292682,2.47250093890654,9426315.194193142,31869151.815738108,8781.048780487805,9426658.848569674,31870095.99837773,8781.048780487805,9426904.668240411,31870006.527334582,9756.609756097561,9426561.01386388,31869062.34469496,9756.609756097561
9426953.58559331,31870523.354175966,9268.829268292682,1.9897312531355247,9426658.848569674,31870095.99837773,8781.048780487805,9427002.502946207,31871040.181017347,8781.048780487805,9427248.322616944,31870950.7099742,9756.609756097561,9426904.668240411,31870006.527334582,9756.609756097561
9427297.23996984,31871467.536815584,9268.829268292682,1.516279966677559,9427002.502946207,31871040.181017347,8781.048780487805,9427346.15732274,31871984.363656968,8781.048780487805,9427591.976993477,31871894.89261382,9756.609756097561,9427248.322616944,31870950.7099742,9756.609756097561
9427640.894346373,31872411.7194552,9268.829268292682,1.2357372682089451,9427346.15732274,31871984.363656968,8781.048780487805,9427689.811699271,31872928.54629659,8781.048780487805,9427935.63137001,31872839.07525344,9756.609756097561,9427591.976993477,31871894.89261382,9756.609756097561
9427984.548722906,31873355.902094822,9268.829268292682,0.8599999008703165,9427689.811699271,31872928.54629659,8781.048780487805,9428033.466075804,31873872.728936207,8781.048780487805,9428279.285746543,31873783.25789306,9756.609756097561,9427935.63137001,31872839.07525344,9756.609756097561
9428328.203099437,31874300.084734444,9268.829268292682,1.1531718890809053,9428033.466075804,31873872.728936207,8781.048780487805,9428377.120452337,31874816.911575828,8781.048780487805,9428622.940123076,31874727.440532684,9756.609756097561,9428279.285746543,31873783.25789306,9756.609756097561
9428671.857475972,31875244.26737406,9268.829268292682,1.654710858465324,9428377.120452337,31874816.911575828,8781.048780487805,9428720.77482887,31875761.094215445,8781.048780487805,9428966.594499609,31875671.6231723,9756.609756097561,9428622.940123076,31874727.440532684,9756.609756097561
9429015.511852503,31876188.450013682,9268.829268292682,2.138731318104825,9428720.77482887,31875761.094215445,8781.048780487805,9429064.429205403,31876705.276855066,8781.048780487805,9429310.24887614,31876615.805811923,9756.609756097561,9428966.594499609,31875671.6231723,9756.609756097561
9429359.166229038,31877132.632653307,9268.829268292682,2.7849228759007523,9429064.429205403,31876705.276855066,8781.048780487805,9429408.083581936,31877649.459494688,8781.048780487805,9429653.903252672,31877559.988451544,9756.609756097561,9429310.24887614,31876615.805811923,9756.609756097561
9429702.820605569,31878076.815292925,9268.829268292682,3.2032078642380473,9429408.083581936,31877649.459494688,8781.048780487805,9429751.737958468,31878593.642134305,8781.048780487805,9429997.557629205,31878504.17109116,9756.609756097561,9429653.903252672,31877559.988451544,9756.609756097561
9430046.474982101,31879020.997932546,9268.829268292682,4.526520266298219,9429751.737958468,31878593.642134305,8781.048780487805,9430095.392335,31879537.82477393,8781.048780487805,9430341.212005738,31879448.353730783,9756.609756097561,9429997.557629205,31878504.17109116,9756.609756097561
9430390.129358634,31879965.180572167,9268.829268292682,5.916874953554756,9430095.392335,31879537.82477393,8781.048780487805,9430439.046711532,31880482.00741355,8781.048780487805,9430684.866382271,31880392.536370404,9756.609756097561,9430341.212005738,31879448.353730783,9756.609756097561
9430733.783735165,31880909.36321179,9268.829268292682,6.231145894027723,9430439.046711532,31880482.00741355,8781.048780487805,9430782.701088065,31881426.19005317,8781.048780487805,9431028.520758804,31881336.71901002,9756.609756097561,9430684.866382271,31880392.536370404,9756.609756097561
9431077.4381117,31881853.545851406,9268.829268292682,5.0179409452088235,9430782.701088065,31881426.19005317,8781.048780487805,9431126.355464598,31882370.37269279,8781.048780487805,9431372.175135337,31882280.901649643,9756.609756097561,9431028.520758804,31881336.71901002,9756.609756097561
9431421.092488231,31882797.728491027,9268.829268292682,5.459202934700726,9431126.355464598,31882370.37269279,8781.048780487805,9431470.009841131,31883314.55533241,8781.048780487805,9431715.829511868,31883225.084289264,9756.609756097561,9431372.175135337,31882280.901649643,9756.609756097561
9431764.746864766,31883741.911130644,9268.829268292682,6.970022946236258,9431470.009841131,31883314.55533241,8781.048780487805,9431813.664217664,31884258.73797203,8781.048780487805,9432059.4838884,31884169.26692888,9756.609756097561,9431715.829511868,31883225.084289264,9756.609756097561
9432108.401241297,31884686.093770266,9268.829268292682,7.990801869600753,9431813.664217664,31884258.73797203,8781.048780487805,9432157.318594197,31885202.92061165,8781.048780487805,9432403.138264934,31885113.449568503,9756.609756097561,9432059.4838884,31884169.26692888,9756.609756097561
9432452.05561783,31885630.276409887,9268.829268292682,8.956030625869044,9432157.318594197,31885202.92061165,8781.048780487805,9432500.972970728,31886147.10325127,8781.048780487805,9432746.792641466,31886057.632208124,9756.609756097561,9432403.138264934,31885113.449568503,9756.609756097561
9432795.709994363,31886574.459049504,9268.829268292682,13.272306198248902,9432500.972970728,31886147.10325127,8781.048780487805,9432844.62734726,31887091.28589089,8781.048780487805,9433090.447018,31887001.81484774,9756.609756097561,9432746.792641466,31886057.632208124,9756.609756097561
9433139.364370894,31887518.641689125,9268.829268292682,10.749449538958496,9432844.62734726,31887091.28589089,8781.048780487805,9433188.281723794,31888035.468530506,8781.048780487805,9433434.10139453,31887945.997487362,9756.609756097561,9433090.447018,31887001.81484774,9756.609756097561
9433483.018747428,31888462.824328743,9268.829268292682,10.108893709859563,9433188.281723794,31888035.468530506,8781.048780487805,9433531.936100326,31888979.651170127,8781.048780487805,9433777.755771063,31888890.180126984,9756.609756097561,9433434.10139453,31887945.997487362,9756.609756097561
9433826.67312396,31889407.006968364,9268.829268292682,11.741080651008119,9433531.936100326,31888979.651170127,8781.048780487805,9433875.59047686,31889923.83380975,8781.048780487805,9434121.410147596,31889834.362766605,9756.609756097561,9433777.755771063,31888890.180126984,9756.609756097561
9434170.327500494,31890351.189607985,9268.829268292682,13.340394457191497,9433875.59047686,31889923.83380975,8781.048780487805,9434219.24485339,31890868.016449366,8781.048780487805,9434465.064524129,31890778.545406222,9756.609756097561,9434121.410147596,31889834.362766605,9756.609756097561
9434513.981877025,31891295.372247607,9268.829268292682,12.949190190887714,9434219.24485339,31890868.016449366,8781.048780487805,9434562.899229923,31891812.199088987,8781.048780487805,9434808.718900662,31891722.728045844,9756.609756097561,9434465.064524129,31890778.545406222,9756.609756097561
9434857.636253558,31892239.554887228,9268.829268292682,12.631484796996347,9434562.899229923,31891812.199088987,8781.048780487805,9434906.553606456,31892756.38172861,8781.048780487805,9435152.373277195,31892666.910685465,9756.609756097561,9434808.718900662,31891722.728045844,9756.609756097561
9435201.290630091,31893183.737526845,9268.829268292682,9.778276792948656,9434906.553606456,31892756.38172861,8781.048780487805,9435250.207982989,31893700.56436823,8781.048780487805,9435496.027653728,31893611.093325082,9756.609756097561,9435152.373277195,31892666.910685465,9756.609756097561
9435544.945006622,31894127.920166466,9268.829268292682,7.153322128067707,9435250.207982989,31893700.56436823,8781.048780487805,9435593.862359522,31894644.74700785,8781.048780487805,9435839.682030259,31894555.275964703,9756.609756097561,9435496.027653728,31893611.093325082,9756.609756097561
9435888.599383157,31895072.102806088,9268.829268292682,6.4954503746191365,9435593.862359522,31894644.74700785,8781.048780487805,9435937.516736055,31895588.92964747,8781.048780487805,9436183.336406792,31895499.458604325,9756.609756097561,9435839.682030259,31894555.275964703,9756.609756097561
9436232.253759688,31896016.285445705,9268.829268292682,6.478175486340053,9435937.516736055,31895588.92964747,8781.048780487805,9436281.171112588,31896533.11228709,8781.048780487805,9436526.990783324,31896443.641243942,9756.609756097561,9436183.336406792,31895499.458604325,9756.609756097561
9436575.908136223,31896960.468085326,9268.829268292682,7.890439560976227,9436281.171112588,31896533.11228709,8781.048780487805,9436624.825489119,31897477.29492671,8781.048780487805,9436870.645159857,31897387.823883563,9756.609756097561,9436526.990783324,31896443.641243942,9756.609756097561
9436919.562512754,31897904.650724947,9268.829268292682,9.54281273230805,9436624.825489119,31897477.29492671,8781.048780487805,9436968.479865652,31898421.47756633,8781.048780487805,9437214.29953639,31898332.006523184,9756.609756097561,9436870.645159857,31897387.823883563,9756.609756097561
9437263.216889286,31898848.833364565,9268.829268292682,10.122890651327486,9436968.479865652,31898421.47756633,8781.048780487805,9437312.134242184,31899365.66020595,8781.048780487805,9437557.953912923,31899276.189162802,9756.609756097561,9437214.29953639,31898332.006523184,9756.609756097561
9437606.87126582,31899793.016004186,9268.829268292682,9.650446603590227,9437312.134242184,31899365.66020595,8781.048780487805,9437655.788618717,31900309.84284557,8781.048780487805,9437901.608289456,31900220.371802423,9756.609756097561,9437557.953912923,31899276.189162802,9756.609756097561
9437950.52564235,31900737.198643807,9268.829268292682,10.089759785605946,9437655.788618717,31900309.84284557,8781.048780487805,9437999.44299525,31901254.02548519,8781.048780487805,9438245.262665989,31901164.554442044,9756.609756097561,9437901.608289456,31900220.371802423,9756.609756097561
9438294.180018885,31901681.38128343,9268.829268292682,8.633768502393298,9437999.44299525,31901254.02548519,8781.048780487805,9438343.097371783,31902198.20812481,8781.048780487805,9438588.91704252,31902108.737081666,9756.609756097561,9438245.262665989,31901164.554442044,9756.609756097561
9438637.834395416,31902625.563923046,9268.829268292682,9.499699121920749,9438343.097371783,31902198.20812481,8781.048780487805,9438686.751748316,31903142.39076443,8781.048780487805,9438932.571419053,31903052.919721287,9756.609756097561,9438588.91704252,31902108.737081666,9756.609756097561
9438981.48877195,31903569.746562667,9268.829268292682,9.111561123507967,9438686.751748316,31903142.39076443,8781.048780487805,9439030.406124849,31904086.573404048,8781.048780487805,9439276.225795586,31903997.102360904,9756.609756097561,9438932.571419053,31903052.919721287,9756.609756097561
9413453.230202744,31832666.577548016,10244.390243902439,1.6591776712704913,9413158.493179109,31832239.22174978,9756.609756097561,9413502.14755564,31833183.404389396,9756.609756097561,9413747.96722638,31833093.933346253,10732.170731707318,9413404.312849848,31832149.750706635,10732.170731707318
9413796.884579277,31833610.760187637,10244.390243902439,1.344244561826264,9413502.14755564,31833183.404389396,9756.609756097561,9413845.801932173,31834127.587029018,9756.609756097561,9414091.621602913,31834038.115985874,10732.170731707318,9413747.96722638,31833093.933346253,10732.170731707318
9414140.53895581,31834554.94282726,10244.390243902439,1.1083544318712992,9413845.801932173,31834127.587029018,9756.609756097561,9414189.456308706,31835071.769668642,9756.609756097561,9414435.275979446,31834982.29862549,10732.170731707318,9414091.621602913,31834038.115985874,10732.170731707318
9414484.19333234,31835499.125466876,10244.390243902439,1.0097025506434625,9414189.456308706,31835071.769668642,9756.609756097561,9414533.110685239,31836015.95230826,9756.609756097561,9414778.93035598,31835926.481265113,10732.170731707318,9414435.275979446,31834982.29862549,10732.170731707318
9414827.847708875,31836443.308106497,10244.390243902439,1.1586654651061101,9414533.110685239,31836015.95230826,9756.609756097561,9414876.765061771,31836960.13494788,9756.609756097561,9415122.58473251,31836870.663904734,10732.170731707318,9414778.93035598,31835926.481265113,10732.170731707318
9415171.502085406,31837387.490746114,10244.390243902439,1.1723407805360788,9414876.765061771,31836960.13494788,9756.609756097561,9415220.419438304,31837904.3175875,9756.609756097561,9415466.239109043,31837814.84654435,10732.170731707318,9415122.58473251,31836870.663904734,10732.170731707318
9415515.156461941,31838331.673385736,10244.390243902439,0.9613310832896098,9415220.419438304,31837904.3175875,9756.609756097561,9415564.073814837,31838848.50022712,9756.609756097561,9415809.893485576,31838759.029183973,10732.170731707318,9415466.239109043,31837814.84654435,10732.170731707318
9415858.810838472,31839275.856025357,10244.390243902439,0.9183480692771782,9415564.073814837,31838848.50022712,9756.609756097561,9415907.728191368,31839792.68286674,9756.609756097561,9416153.547862109,31839703.211823594,10732.170731707318,9415809.893485576,31838759.029183973,10732.170731707318
9416202.465215005,31840220.038664978,10244.390243902439,0.7607726264294432,9415907.728191368,31839792.68286674,9756.609756097561,9416251.382567901,31840736.86550636,9756.609756097561,9416497.202238642,31840647.39446321,10732.170731707318,9416153.547862109,31839703.211823594,10732.170731707318
9416546.119591538,31841164.221304595,10244.390243902439,1.3981691047908946,9416251.382567901,31840736.86550636,9756.609756097561,9416595.036944434,31841681.04814598,9756.609756097561,9416840.856615175,31841591.577102832,10732.170731707318,9416497.202238642,31840647.39446321,10732.170731707318
9416889.773968069,31842108.403944217,10244.390243902439,2.32647365841351,9416595.036944434,31841681.04814598,9756.609756097561,9416938.691320967,31842625.2307856,9756.609756097561,9417184.510991707,31842535.759742454,10732.170731707318,9416840.856615175,31841591.577102832,10732.170731707318
9417233.428344604,31843052.586583834,10244.390243902439,2.2698918071211986,9416938.691320967,31842625.2307856,9756.609756097561,9417282.3456975,31843569.41342522,9756.609756097561,9417528.165368238,31843479.942382075,10732.170731707318,9417184.510991707,31842535.759742454,10732.170731707318
9417577.082721135,31843996.76922345,10244.390243902439,1.9468525278128996,9417282.3456975,31843569.41342522,9756.609756097561,9417626.00007403,31844513.59606484,9756.609756097561,9417871.819744771,31844424.125021692,10732.170731707318,9417528.165368238,31843479.942382075,10732.170731707318
9417920.737097666,31844940.951863073,10244.390243902439,2.747970731556404,9417626.00007403,31844513.59606484,9756.609756097561,9417969.654450564,31845457.778704457,9756.609756097561,9418215.474121304,31845368.307661314,10732.170731707318,9417871.819744771,31844424.125021692,10732.170731707318
9418264.3914742,31845885.134502698,10244.390243902439,2.379554901028499,9417969.654450564,31845457.778704457,9756.609756097561,9418313.308827097,31846401.96134408,9756.609756097561,9418559.128497837,31846312.490300935,10732.170731707318,9418215.474121304,31845368.307661314,10732.170731707318
9418608.045850733,31846829.31714232,10244.390243902439,1.7594510223128907,9418313.308827097,31846401.96134408,9756.609756097561,9418656.96320363,31847346.143983696,9756.609756097561,9418902.78287437,31847256.672940552,10732.170731707318,9418559.128497837,31846312.490300935,10732.170731707318
9418951.700227266,31847773.499781936,10244.390243902439,1.9585071971449468,9418656.96320363,31847346.143983696,9756.609756097561,9419000.617580162,31848290.32662332,9756.609756097561,9419246.437250901,31848200.855580173,10732.170731707318,9418902.78287437,31847256.672940552,10732.170731707318
9419295.354603797,31848717.682421558,10244.390243902439,1.8730601871819652,9419000.617580162,31848290.32662332,9756.609756097561,9419344.271956695,31849234.50926294,9756.609756097561,9419590.091627434,31849145.038219795,10732.170731707318,9419246.437250901,31848200.855580173,10732.170731707318
9419639.008980332,31849661.86506118,10244.390243902439,1.524091385252595,9419344.271956695,31849234.50926294,9756.609756097561,9419687.926333228,31850178.69190256,9756.609756097561,9419933.746003967,31850089.220859412,10732.170731707318,9419590.091627434,31849145.038219795,10732.170731707318
9419982.663356863,31850606.047700796,10244.390243902439,1.6084673522310033,9419687.926333228,31850178.69190256,9756.609756097561,9420031.58070976,31851122.87454218,9756.609756097561,9420277.4003805,31851033.403499033,10732.170731707318,9419933.746003967,31850089.220859412,10732.170731707318
9420326.317733394,31851550.230340417,10244.390243902439,1.1998301392602941,9420031.58070976,31851122.87454218,9756.609756097561,9420375.235086292,31852067.0571818,9756.609756097561,9420621.054757033,31851977.586138655,10732.170731707318,9420277.4003805,31851033.403499033,10732.170731707318
9420669.972109929,31852494.412980035,10244.390243902439,1.5992295113553165,9420375.235086292,31852067.0571818,9756.609756097561,9420718.889462825,31853011.23982142,9756.609756097561,9420964.709133565,31852921.768778272,10732.170731707318,9420621.054757033,31851977.586138655,10732.170731707318
9421013.626486462,31853438.595619656,10244.390243902439,2.113178105045317,9420718.889462825,31853011.23982142,9756.609756097561,9421062.543839358,31853955.42246104,9756.609756097561,9421308.363510098,31853865.951417893,10732.170731707318,9420964.709133565,31852921.768778272,10732.170731707318
9421357.280862994,31854382.778259277,10244.390243902439,2.588289498611253,9421062.543839358,31853955.42246104,9756.609756097561,9421406.19821589,31854899.60510066,9756.609756097561,9421652.01788663,31854810.134057514,10732.170731707318,9421308.363510098,31853865.951417893,10732.170731707318
9421700.935239526,31855326.960898895,10244.390243902439,2.1927240760943527,9421406.19821589,31854899.60510066,9756.609756097561,9421749.852592424,31855843.78774028,9756.609756097561,9421995.672263162,31855754.31669713,10732.170731707318,9421652.01788663,31854810.134057514,10732.170731707318
9422044.58961606,31856271.143538516,10244.390243902439,1.7794473772954158,9421749.852592424,31855843.78774028,9756.609756097561,9422093.506968956,31856787.9703799,9756.609756097561,9422339.326639695,31856698.499336757,10732.170731707318,9421995.672263162,31855754.31669713,10732.170731707318
9422388.243992591,31857215.326178137,10244.390243902439,1.5493457323533621,9422093.506968956,31856787.9703799,9756.609756097561,9422437.16134549,31857732.15301952,9756.609756097561,9422682.981016228,31857642.681976378,10732.170731707318,9422339.326639695,31856698.499336757,10732.170731707318
9422731.898369126,31858159.508817755,10244.390243902439,1.258215221687224,9422437.16134549,31857732.15301952,9756.609756097561,9422780.81572202,31858676.33565914,9756.609756097561,9423026.63539276,31858586.864615995,10732.170731707318,9422682.981016228,31857642.681976378,10732.170731707318
9423075.552745657,31859103.69145738,10244.390243902439,1.3754650204979555,9422780.81572202,31858676.33565914,9756.609756097561,9423124.470098553,31859620.51829876,9756.609756097561,9423370.289769294,31859531.047255617,10732.170731707318,9423026.63539276,31858586.864615995,10732.170731707318
9423419.20712219,31860047.874097,10244.390243902439,2.14888688958334,9423124.470098553,31859620.51829876,9756.609756097561,9423468.124475086,31860564.70093838,9756.609756097561,9423713.944145827,31860475.229895234,10732.170731707318,9423370.289769294,31859531.047255617,10732.170731707318
9423762.861498723,31860992.056736622,10244.390243902439,2.4122503171539917,9423468.124475086,31860564.70093838,9756.609756097561,9423811.778851619,31861508.883578002,9756.609756097561,9424057.59852236,31861419.412534855,10732.170731707318,9423713.944145827,31860475.229895234,10732.170731707318
9424106.515875254,31861936.23937624,10244.390243902439,2.284154288097482,9423811.778851619,31861508.883578002,9756.609756097561,9424155.433228152,31862453.066217624,9756.609756097561,9424401.25289889,31862363.595174477,10732.170731707318,9424057.59852236,31861419.412534855,10732.170731707318
9424450.170251789,31862880.422015857,10244.390243902439,2.3347599719654646,9424155.433228152,31862453.066217624,9756.609756097561,9424499.087604685,31863397.24885724,9756.609756097561,9424744.907275423,31863307.777814094,10732.170731707318,9424401.25289889,31862363.595174477,10732.170731707318
9424793.82462832,31863824.60465548,10244.390243902439,1.6635295460150599,9424499.087604685,31863397.24885724,9756.609756097561,9424842.741981218,31864341.431496862,9756.609756097561,9425088.561651956,31864251.960453715,10732.170731707318,9424744.907275423,31863307.777814094,10732.170731707318
9425137.479004854,31864768.787295096,10244.390243902439,1.19391687108444,9424842.741981218,31864341.431496862,9756.609756097561,9425186.396357749,31865285.61413648,9756.609756097561,9425432.21602849,31865196.143093333,10732.170731707318,9425088.561651956,31864251.960453715,10732.170731707318
9425481.133381385,31865712.969934717,10244.390243902439,1.2136227214579534,9425186.396357749,31865285.61413648,9756.609756097561,9425530.050734282,31866229.7967761,9756.609756097561,9425775.870405022,31866140.325732954,10732.170731707318,9425432.21602849,31865196.143093333,10732.170731707318
9425824.787757916,31866657.152574338,10244.390243902439,1.9233758832355805,9425530.050734282,31866229.7967761,9756.609756097561,9425873.705110814,31867173.979415722,9756.609756097561,9426119.524781553,31867084.508372575,10732.170731707318,9425775.870405022,31866140.325732954,10732.170731707318
9426168.442134451,31867601.33521396,10244.390243902439,2.8864072190576335,9425873.705110814,31867173.979415722,9756.609756097561,9426217.359487347,31868118.16205534,9756.609756097561,9426463.179158086,31868028.691012193,10732.170731707318,9426119.524781553,31867084.508372575,10732.170731707318
9426512.096510982,31868545.517853577,10244.390243902439,3.052261747755431,9426217.359487347,31868118.16205534,9756.609756097561,9426561.01386388,31869062.34469496,9756.609756097561,9426806.833534617,31868972.873651814,10732.170731707318,9426463.179158086,31868028.691012193,10732.170731707318
9426855.750887515,31869489.700493198,10244.390243902439,2.8448431617810366,9426561.01386388,31869062.34469496,9756.609756097561,9426904.668240411,31870006.527334582,9756.609756097561,9427150.48791115,31869917.056291435,10732.170731707318,9426806.833534617,31868972.873651814,10732.170731707318
9427199.405264048,31870433.88313282,10244.390243902439,2.4484838702725225,9426904.668240411,31870006.527334582,9756.609756097561,9427248.322616944,31870950.7099742,9756.609756097561,9427494.142287683,31870861.238931056,10732.170731707318,9427150.48791115,31869917.056291435,10732.170731707318
9427543.059640579,31871378.065772437,10244.390243902439,1.4165387907601825,9427248.322616944,31870950.7099742,9756.609756097561,9427591.976993477,31871894.89261382,9756.609756097561,9427837.796664216,31871805.421570677,10732.170731707318,9427494.142287683,31870861.238931056,10732.170731707318
9427886.714017114,31872322.248412058,10244.390243902439,1.2122306511882859,9427591.976993477,31871894.89261382,9756.609756097561,9427935.63137001,31872839.07525344,9756.609756097561,9428181.451040749,31872749.604210295,10732.170731707318,9427837.796664216,31871805.421570677,10732.170731707318
9428230.368393645,31873266.43105168,10244.390243902439,0.6110448956101846,9427935.63137001,31872839.07525344,9756.609756097561,9428279.285746543,31873783.25789306,9756.609756097561,9428525.10541728,31873693.786849916,10732.170731707318,9428181.451040749,31872749.604210295,10732.170731707318
9428574.02277018,31874210.6136913,10244.390243902439,1.0389881409586794,9428279.285746543,31873783.25789306,9756.609756097561,9428622.940123076,31874727.440532684,9756.609756097561,9428868.759793812,31874637.969489537,10732.170731707318,9428525.10541728,31873693.786849916,10732.170731707318
9428917.67714671,31875154.796330918,10244.390243902439,2.178202025768353,9428622.940123076,31874727.440532684,9756.609756097561,9428966.594499609,31875671.6231723,9756.609756097561,9429212.414170345,31875582.152129155,10732.170731707318,9428868.759793812,31874637.969489537,10732.170731707318
9429261.331523243,31876098.97897054,10244.390243902439,2.5493188282137256,9428966.594499609,31875671.6231723,9756.609756097561,9429310.24887614,31876615.805811923,9756.609756097561,9429556.068546878,31876526.334768776,10732.170731707318,9429212.414170345,31875582.152129155,10732.170731707318
9429604.985899776,31877043.16161016,10244.390243902439,3.071351623039353,9429310.24887614,31876615.805811923,9756.609756097561,9429653.903252672,31877559.988451544,9756.609756097561,9429899.722923411,31877470.517408397,10732.170731707318,9429556.068546878,31876526.334768776,10732.170731707318
9429948.640276307,31877987.344249777,10244.390243902439,3.831749185147287,9429653.903252672,31877559.988451544,9756.609756097561,9429997.557629205,31878504.17109116,9756.609756097561,9430243.377299944,31878414.700048015,10732.170731707318,9429899.722923411,31877470.517408397,10732.170731707318
9430292.294652842,31878931.5268894,10244.390243902439,4.7068265986423565,9429997.557629205,31878504.17109116,9756.609756097561,9430341.212005738,31879448.353730783,9756.609756097561,9430587.031676477,31879358.882687636,10732.170731707318,9430243.377299944,31878414.700048015,10732.170731707318
9430635.949029373,31879875.70952902,10244.390243902439,4.972485052700025,9430341.212005738,31879448.353730783,9756.609756097561,9430684.866382271,31880392.536370404,9756.609756097561,9430930.686053008,31880303.065327257,10732.170731707318,9430587.031676477,31879358.882687636,10732.170731707318
9430979.603405908,31880819.89216864,10244.390243902439,6.388021069433294,9430684.866382271,31880392.536370404,9756.609756097561,9431028.520758804,31881336.71901002,9756.609756097561,9431274.34042954,31881247.247966874,10732.170731707318,9430930.686053008,31880303.065327257,10732.170731707318
9431323.257782439,31881764.07480826,10244.390243902439,7.351969757126478,9431028.520758804,31881336.71901002,9756.609756097561,9431372.175135337,31882280.901649643,9756.609756097561,9431617.994806074,31882191.430606496,10732.170731707318,9431274.34042954,31881247.247966874,10732.170731707318
9431666.912158972,31882708.25744788,10244.390243902439,7.289297786775936,9431372.175135337,31882280.901649643,9756.609756097561,9431715.829511868,31883225.084289264,9756.609756097561,9431961.649182606,31883135.61324612,10732.170731707318,9431617.994806074,31882191.430606496,10732.170731707318
9432010.566535505,31883652.440087497,10244.390243902439,7.652600245701847,9431715.829511868,31883225.084289264,9756.609756097561,9432059.4838884,31884169.26692888,9756.609756097561,9432305.30355914,31884079.795885738,10732.170731707318,9431961.649182606,31883135.61324612,10732.170731707318
9432354.220912036,31884596.62272712,10244.390243902439,7.762142574098123,9432059.4838884,31884169.26692888,9756.609756097561,9432403.138264934,31885113.449568503,9756.609756097561,9432648.957935672,31885023.97852536,10732.170731707318,9432305.30355914,31884079.795885738,10732.170731707318
9432697.87528857,31885540.805366743,10244.390243902439,9.292107452439957,9432403.138264934,31885113.449568503,9756.609756097561,9432746.792641466,31886057.632208124,9756.609756097561,9432992.612312205,31885968.16116498,10732.170731707318,9432648.957935672,31885023.97852536,10732.170731707318
9433041.529665103,31886484.98800636,10244.390243902439,12.391381950642915,9432746.792641466,31886057.632208124,9756.609756097561,9433090.447018,31887001.81484774,9756.609756097561,9433336.266688738,31886912.343804598,10732.170731707318,9432992.612312205,31885968.16116498,10732.170731707318
9433385.184041636,31887429.170645982,10244.390243902439,12.359075435506757,9433090.447018,31887001.81484774,9756.609756097561,9433434.10139453,31887945.997487362,9756.609756097561,9433679.921065269,31887856.526444215,10732.170731707318,9433336.266688738,31886912.343804598,10732.170731707318
9433728.838418167,31888373.3532856,10244.390243902439,10.295861033234482,9433434.10139453,31887945.997487362,9756.609756097561,9433777.755771063,31888890.180126984,9756.609756097561,9434023.575441802,31888800.709083837,10732.170731707318,9433679.921065269,31887856.526444215,10732.170731707318
9434072.4927947,31889317.53592522,10244.390243902439,10.3458046556652,9433777.755771063,31888890.180126984,9756.609756097561,9434121.410147596,31889834.362766605,9756.609756097561,9434367.229818335,31889744.891723458,10732.170731707318,9434023.575441802,31888800.709083837,10732.170731707318
9434416.147171233,31890261.718564842,10244.390243902439,11.791986198375131,9434121.410147596,31889834.362766605,9756.609756097561,9434465.064524129,31890778.545406222,9756.609756097561,9434710.884194868,31890689.074363075,10732.170731707318,9434367.229818335,31889744.891723458,10732.170731707318
9434759.801547764,31891205.90120446,10244.390243902439,13.378630138461542,9434465.064524129,31890778.545406222,9756.609756097561,9434808.718900662,31891722.728045844,9756.609756097561,9435054.538571399,31891633.257002696,10732.170731707318,9434710.884194868,31890689.074363075,10732.170731707318
9435103.455924299,31892150.08384408,10244.390243902439,13.864444871770187,9434808.718900662,31891722.728045844,9756.609756097561,9435152.373277195,31892666.910685465,9756.609756097561,9435398.192947932,31892577.439642318,10732.170731707318,9435054.538571399,31891633.257002696,10732.170731707318
9435447.11030083,31893094.266483698,10244.390243902439,13.201491948758369,9435152.373277195,31892666.910685465,9756.609756097561,9435496.027653728,31893611.093325082,9756.609756097561,9435741.847324464,31893521.622281935,10732.170731707318,9435398.192947932,31892577.439642318,10732.170731707318
9435790.764677364,31894038.44912332,10244.390243902439,10.801033737646028,9435496.027653728,31893611.093325082,9756.609756097561,9435839.682030259,31894555.275964703,9756.609756097561,9436085.501700997,31894465.804921556,10732.170731707318,9435741.847324464,31893521.622281935,10732.170731707318
9436134.419053895,31894982.63176294,10244.390243902439,11.023702805622007,9435839.682030259,31894555.275964703,9756.609756097561,9436183.336406792,31895499.458604325,9756.609756097561,9436429.15607753,31895409.987561177,10732.170731707318,9436085.501700997,31894465.804921556,10732.170731707318
9436478.073430428,31895926.814402558,10244.390243902439,10.826616789244362,9436183.336406792,31895499.458604325,9756.609756097561,9436526.990783324,31896443.641243942,9756.609756097561,9436772.810454063,31896354.1702008,10732.170731707318,9436429.15607753,31895409.987561177,10732.170731707318
9436821.727806961,31896870.99704218,10244.390243902439,12.865863563727496,9436526.990783324,31896443.641243942,9756.609756097561,9436870.645159857,31897387.823883563,9756.609756097561,9437116.464830596,31897298.35284042,10732.170731707318,9436772.810454063,31896354.1702008,10732.170731707318
9437165.382183492,31897815.1796818,10244.390243902439,13.037304938558993,9436870.645159857,31897387.823883563,9756.609756097561,9437214.29953639,31898332.006523184,9756.609756097561,9437460.119207129,31898242.535480037,10732.170731707318,9437116.464830596,31897298.35284042,10732.170731707318
9437509.036560027,31898759.36232142,10244.390243902439,12.66438302222405,9437214.29953639,31898332.006523184,9756.609756097561,9437557.953912923,31899276.189162802,9756.609756097561,9437803.77358366,31899186.71811966,10732.170731707318,9437460.119207129,31898242.535480037,10732.170731707318
9437852.690936558,31899703.544961043,10244.390243902439,12.48188140978926,9437557.953912923,31899276.189162802,9756.609756097561,9437901.608289456,31900220.371802423,9756.609756097561,9438147.427960193,31900130.90075928,10732.170731707318,9437803.77358366,31899186.71811966,10732.170731707318
9438196.345313093,31900647.727600664,10244.390243902439,12.052665951998378,9437901.608289456,31900220.371802423,9756.609756097561,9438245.262665989,31901164.554442044,9756.609756097561,9438491.082336726,31901075.083398897,10732.170731707318,9438147.427960193,31900130.90075928,10732.170731707318
9438539.999689624,31901591.91024028,10244.390243902439,10.511775124502787,9438245.262665989,31901164.554442044,9756.609756097561,9438588.91704252,31902108.737081666,9756.609756097561,9438834.736713259,31902019.26603852,10732.170731707318,9438491.082336726,31901075.083398897,10732.170731707318
9438883.654066157,31902536.092879903,10244.390243902439,11.007645879597872,9438588.91704252,31902108.737081666,9756.609756097561,9438932.571419053,31903052.919721287,9756.609756097561,9439178.391089791,31902963.44867814,10732.170731707318,9438834.736713259,31902019.26603852,10732.170731707318
9439227.30844269,31903480.27551952,10244.390243902439,12.045635782489581,9438932.571419053,31903052.919721287,9756.609756097561,9439276.225795586,31903997.102360904,9756.609756097561,9439522.045466324,31903907.631317757,10732.170731707318,9439178.391089791,31902963.44867814,10732.170731707318
9413699.04987348,31832577.10650487,11219.951219512195,3.255171055317919,9413404.312849848,31832149.750706635,10732.170731707318,9413747.96722638,31833093.933346253,10732.170731707318,9413993.78689712,31833004.462303106,11707.731707317073,9413650.132520586,31832060.279663485,11707.731707317073
9414042.704250015,31833521.28914449,11219.951219512195,2.5443401050813614,9413747.96722638,31833093.933346253,10732.170731707318,9414091.621602913,31834038.115985874,10732.170731707318,9414337.44127365,31833948.644942727,11707.731707317073,9413993.78689712,31833004.462303106,11707.731707317073
9414386.358626546,31834465.471784107,11219.951219512195,2.4002280519268915,9414091.621602913,31834038.115985874,10732.170731707318,9414435.275979446,31834982.29862549,10732.170731707318,9414681.095650183,31834892.827582344,11707.731707317073,9414337.44127365,31833948.644942727,11707.731707317073
9414730.013003081,31835409.65442373,11219.951219512195,2.5021312565465257,9414435.275979446,31834982.29862549,10732.170731707318,9414778.93035598,31835926.481265113,10732.170731707318,9415024.750026716,31835837.010221966,11707.731707317073,9414681.095650183,31834892.827582344,11707.731707317073
9415073.667379612,31836353.83706335,11219.951219512195,2.1613899553960394,9414778.93035598,31835926.481265113,10732.170731707318,9415122.58473251,31836870.663904734,10732.170731707318,9415368.404403249,31836781.192861587,11707.731707317073,9415024.750026716,31835837.010221966,11707.731707317073
9415417.321756145,31837298.019702967,11219.951219512195,2.2585586488717007,9415122.58473251,31836870.663904734,10732.170731707318,9415466.239109043,31837814.84654435,10732.170731707318,9415712.058779782,31837725.375501208,11707.731707317073,9415368.404403249,31836781.192861587,11707.731707317073
9415760.976132678,31838242.20234259,11219.951219512195,1.7836450866756244,9415466.239109043,31837814.84654435,10732.170731707318,9415809.893485576,31838759.029183973,10732.170731707318,9416055.713156315,31838669.55814083,11707.731707317073,9415712.058779782,31837725.375501208,11707.731707317073
9416104.630509209,31839186.38498221,11219.951219512195,1.6993060629582102,9415809.893485576,31838759.029183973,10732.170731707318,9416153.547862109,31839703.211823594,10732.170731707318,9416399.367532847,31839613.74078045,11707.731707317073,9416055.713156315,31838669.55814083,11707.731707317073
9416448.284885744,31840130.56762183,11219.951219512195,0.9673009913473709,9416153.547862109,31839703.211823594,10732.170731707318,9416497.202238642,31840647.39446321,10732.170731707318,9416743.021909378,31840557.923420068,11707.731707317073,9416399.367532847,31839613.74078045,11707.731707317073
9416791.939262275,31841074.750261452,11219.951219512195,1.2417918180826752,9416497.202238642,31840647.39446321,10732.170731707318,9416840.856615175,31841591.577102832,10732.170731707318,9417086.676285911,31841502.10605969,11707.731707317073,9416743.021909378,31840557.923420068,11707.731707317073
9417135.59363881,31842018.932901073,11219.951219512195,1.663956631529617,9416840.856615175,31841591.577102832,10732.170731707318,9417184.510991707,31842535.759742454,10732.170731707318,9417430.330662444,31842446.28869931,11707.731707317073,9417086.676285911,31841502.10605969,11707.731707317073
9417479.24801534,31842963.11554069,11219.951219512195,1.5850646476348984,9417184.510991707,31842535.759742454,10732.170731707318,9417528.165368238,31843479.942382075,10732.170731707318,9417773.985038977,31843390.471338928,11707.731707317073,9417430.330662444,31842446.28869931,11707.731707317073
9417822.902391873,31843907.29818031,11219.951219512195,1.80425567313236,9417528.165368238,31843479.942382075,10732.170731707318,9417871.819744771,31844424.125021692,10732.170731707318,9418117.63941551,31844334.653978545,11707.731707317073,9417773.985038977,31843390.471338928,11707.731707317073
9418166.556768406,31844851.48081993,11219.951219512195,1.6548171013328319,9417871.819744771,31844424.125021692,10732.170731707318,9418215.474121304,31845368.307661314,10732.170731707318,9418461.293792041,31845278.836618166,11707.731707317073,9418117.63941551,31844334.653978545,11707.731707317073
9418510.211144937,31845795.66345955,11219.951219512195,1.0521483429164302,9418215.474121304,31845368.307661314,10732.170731707318,9418559.128497837,31846312.490300935,10732.170731707318,9418804.948168574,31846223.019257788,11707.731707317073,9418461.293792041,31845278.836618166,11707.731707317073
9418853.865521472,31846739.84609917,11219.951219512195,1.7577802785117813,9418559.128497837,31846312.490300935,10732.170731707318,9418902.78287437,31847256.672940552,10732.170731707318,9419148.602545107,31847167.201897405,11707.731707317073,9418804.948168574,31846223.019257788,11707.731707317073
9419197.519898003,31847684.02873879,11219.951219512195,3.0113687367749518,9418902.78287437,31847256.672940552,10732.170731707318,9419246.437250901,31848200.855580173,10732.170731707318,9419492.25692164,31848111.384537026,11707.731707317073,9419148.602545107,31847167.201897405,11707.731707317073
9419541.174274534,31848628.21137841,11219.951219512195,3.3215124505424924,9419246.437250901,31848200.855580173,10732.170731707318,9419590.091627434,31849145.038219795,10732.170731707318,9419835.911298173,31849055.567176647,11707.731707317073,9419492.25692164,31848111.384537026,11707.731707317073
9419884.828651069,31849572.39401803,11219.951219512195,3.2872144776449908,9419590.091627434,31849145.038219795,10732.170731707318,9419933.746003967,31850089.220859412,10732.170731707318,9420179.565674705,31849999.749816265,11707.731707317073,9419835.911298173,31849055.567176647,11707.731707317073
9420228.483027602,31850516.57665765,11219.951219512195,3.2251237239614974,9419933.746003967,31850089.220859412,10732.170731707318,9420277.4003805,31851033.403499033,10732.170731707318,9420523.220051238,31850943.932455886,11707.731707317073,9420179.565674705,31849999.749816265,11707.731707317073
9420572.137404134,31851460.75929727,11219.951219512195,2.540107563045636,9420277.4003805,31851033.403499033,10732.170731707318,9420621.054757033,31851977.586138655,10732.170731707318,9420866.87442777,31851888.11509551,11707.731707317073,9420523.220051238,31850943.932455886,11707.731707317073
9420915.791780666,31852404.941936888,11219.951219512195,2.2065290372499677,9420621.054757033,31851977.586138655,10732.170731707318,9420964.709133565,31852921.768778272,10732.170731707318,9421210.528804302,31852832.29773513,11707.731707317073,9420866.87442777,31851888.11509551,11707.731707317073
9421259.4461572,31853349.12457651,11219.951219512195,2.485066118391797,9420964.709133565,31852921.768778272,10732.170731707318,9421308.363510098,31853865.951417893,10732.170731707318,9421554.183180835,31853776.48037475,11707.731707317073,9421210.528804302,31852832.29773513,11707.731707317073
9421603.100533731,31854293.307216134,11219.951219512195,2.6100142422505126,9421308.363510098,31853865.951417893,10732.170731707318,9421652.01788663,31854810.134057514,10732.170731707318,9421897.837557368,31854720.66301437,11707.731707317073,9421554.183180835,31853776.48037475,11707.731707317073
9421946.754910262,31855237.48985575,11219.951219512195,2.500890103385299,9421652.01788663,31854810.134057514,10732.170731707318,9421995.672263162,31855754.31669713,10732.170731707318,9422241.4919339,31855664.84565399,11707.731707317073,9421897.837557368,31854720.66301437,11707.731707317073
9422290.409286797,31856181.672495373,11219.951219512195,2.817127179002547,9421995.672263162,31855754.31669713,10732.170731707318,9422339.326639695,31856698.499336757,10732.170731707318,9422585.146310434,31856609.02829361,11707.731707317073,9422241.4919339,31855664.84565399,11707.731707317073
9422634.06366333,31857125.855134994,11219.951219512195,2.4713363712052003,9422339.326639695,31856698.499336757,10732.170731707318,9422682.981016228,31857642.681976378,10732.170731707318,9422928.800686967,31857553.210933227,11707.731707317073,9422585.146310434,31856609.02829361,11707.731707317073
9422977.718039863,31858070.03777461,11219.951219512195,2.402561815222624,9422682.981016228,31857642.681976378,10732.170731707318,9423026.63539276,31858586.864615995,10732.170731707318,9423272.4550635,31858497.39357285,11707.731707317073,9422928.800686967,31857553.210933227,11707.731707317073
9423321.372416394,31859014.220414232,11219.951219512195,1.9027372969027958,9423026.63539276,31858586.864615995,10732.170731707318,9423370.289769294,31859531.047255617,10732.170731707318,9423616.10944003,31859441.57621247,11707.731707317073,9423272.4550635,31858497.39357285,11707.731707317073
9423665.026792929,31859958.403053854,11219.951219512195,2.9970997711245757,9423370.289769294,31859531.047255617,10732.170731707318,9423713.944145827,31860475.229895234,10732.170731707318,9423959.763816563,31860385.758852087,11707.731707317073,9423616.10944003,31859441.57621247,11707.731707317073
9424008.68116946,31860902.58569347,11219.951219512195,3.7465557356537413,9423713.944145827,31860475.229895234,10732.170731707318,9424057.59852236,31861419.412534855,10732.170731707318,9424303.418193096,31861329.94149171,11707.731707317073,9423959.763816563,31860385.758852087,11707.731707317073
9424352.335545994,31861846.768333092,11219.951219512195,2.8647108825658028,9424057.59852236,31861419.412534855,10732.170731707318,9424401.25289889,31862363.595174477,10732.170731707318,9424647.07256963,31862274.12413133,11707.731707317073,9424303.418193096,31861329.94149171,11707.731707317073
9424695.989922525,31862790.95097271,11219.951219512195,2.097773662529692,9424401.25289889,31862363.595174477,10732.170731707318,9424744.907275423,31863307.777814094,10732.170731707318,9424990.726946162,31863218.306770947,11707.731707317073,9424647.07256963,31862274.12413133,11707.731707317073
9425039.644299058,31863735.13361233,11219.951219512195,1.850776464779295,9424744.907275423,31863307.777814094,10732.170731707318,9425088.561651956,31864251.960453715,10732.170731707318,9425334.381322695,31864162.489410568,11707.731707317073,9424990.726946162,31863218.306770947,11707.731707317073
9425383.298675591,31864679.31625195,11219.951219512195,1.8804262920158394,9425088.561651956,31864251.960453715,10732.170731707318,9425432.21602849,31865196.143093333,10732.170731707318,9425678.035699226,31865106.67205019,11707.731707317073,9425334.381322695,31864162.489410568,11707.731707317073
9425726.953052122,31865623.49889157,11219.951219512195,1.1427020262136074,9425432.21602849,31865196.143093333,10732.170731707318,9425775.870405022,31866140.325732954,10732.170731707318,9426021.690075759,31866050.85468981,11707.731707317073,9425678.035699226,31865106.67205019,11707.731707317073
9426070.607428655,31866567.68153119,11219.951219512195,1.6819494676012838,9425775.870405022,31866140.325732954,10732.170731707318,9426119.524781553,31867084.508372575,10732.170731707318,9426365.344452292,31866995.037329428,11707.731707317073,9426021.690075759,31866050.85468981,11707.731707317073
9426414.261805188,31867511.864170812,11219.951219512195,2.7403781785246397,9426119.524781553,31867084.508372575,10732.170731707318,9426463.179158086,31868028.691012193,10732.170731707318,9426708.998828825,31867939.21996905,11707.731707317073,9426365.344452292,31866995.037329428,11707.731707317073
9426757.916181719,31868456.046810433,11219.951219512195,2.505371139809024,9426463.179158086,31868028.691012193,10732.170731707318,9426806.833534617,31868972.873651814,10732.170731707318,9427052.653205357,31868883.40260867,11707.731707317073,9426708.998828825,31867939.21996905,11707.731707317073
9427101.570558254,31869400.229450054,11219.951219512195,2.50891411143899,9426806.833534617,31868972.873651814,10732.170731707318,9427150.48791115,31869917.056291435,10732.170731707318,9427396.30758189,31869827.585248288,11707.731707317073,9427052.653205357,31868883.40260867,11707.731707317073
9427445.224934785,31870344.412089672,11219.951219512195,2.2652297427299253,9427150.48791115,31869917.056291435,10732.170731707318,9427494.142287683,31870861.238931056,10732.170731707318,9427739.961958421,31870771.76788791,11707.731707317073,9427396.30758189,31869827.585248288,11707.731707317073
9427788.87931132,31871288.594729293,11219.951219512195,2.089671594526081,9427494.142287683,31870861.238931056,10732.170731707318,9427837.796664216,31871805.421570677,10732.170731707318,9428083.616334954,31871715.95052753,11707.731707317073,9427739.961958421,31870771.76788791,11707.731707317073
9428132.53368785,31872232.77736891,11219.951219512195,2.291686441196509,9427837.796664216,31871805.421570677,10732.170731707318,9428181.451040749,31872749.604210295,10732.170731707318,9428427.270711487,31872660.133167148,11707.731707317073,9428083.616334954,31871715.95052753,11707.731707317073
9428476.188064383,31873176.96000853,11219.951219512195,1.789502708662089,9428181.451040749,31872749.604210295,10732.170731707318,9428525.10541728,31873693.786849916,10732.170731707318,9428770.92508802,31873604.31580677,11707.731707317073,9428427.270711487,31872660.133167148,11707.731707317073
9428819.842440916,31874121.142648153,11219.951219512195,2.4247188808496754,9428525.10541728,31873693.786849916,10732.170731707318,9428868.759793812,31874637.969489537,10732.170731707318,9429114.579464553,31874548.49844639,11707.731707317073,9428770.92508802,31873604.31580677,11707.731707317073
9429163.496817447,31875065.32528777,11219.951219512195,3.596397081613097,9428868.759793812,31874637.969489537,10732.170731707318,9429212.414170345,31875582.152129155,10732.170731707318,9429458.233841086,31875492.681086008,11707.731707317073,9429114.579464553,31874548.49844639,11707.731707317073
9429507.151193982,31876009.50792739,11219.951219512195,3.7821293695442715,9429212.414170345,31875582.152129155,10732.170731707318,9429556.068546878,31876526.334768776,10732.170731707318,9429801.888217619,31876436.86372563,11707.731707317073,9429458.233841086,31875492.681086008,11707.731707317073
9429850.805570513,31876953.690567013,11219.951219512195,4.167946979552492,9429556.068546878,31876526.334768776,10732.170731707318,9429899.722923411,31877470.517408397,10732.170731707318,9430145.54259415,31877381.04636525,11707.731707317073,9429801.888217619,31876436.86372563,11707.731707317073
9430194.459947048,31877897.87320663,11219.951219512195,4.381555778349456,9429899.722923411,31877470.517408397,10732.170731707318,9430243.377299944,31878414.700048015,10732.170731707318,9430489.196970683,31878325.22900487,11707.731707317073,9430145.54259415,31877381.04636525,11707.731707317073
9430538.114323579,31878842.05584625,11219.951219512195,3.7933033780417453,9430243.377299944,31878414.700048015,10732.170731707318,9430587.031676477,31879358.882687636,10732.170731707318,9430832.851347215,31879269.411644492,11707.731707317073,9430489.196970683,31878325.22900487,11707.731707317073
9430881.768700112,31879786.238485873,11219.951219512195,4.270539229215449,9430587.031676477,31879358.882687636,10732.170731707318,9430930.686053008,31880303.065327257,10732.170731707318,9431176.505723748,31880213.594284113,11707.731707317073,9430832.851347215,31879269.411644492,11707.731707317073
9431225.423076645,31880730.421125498,11219.951219512195,6.9520134044273405,9430930.686053008,31880303.065327257,10732.170731707318,9431274.34042954,31881247.247966874,10732.170731707318,9431520.160100281,31881157.77692373,11707.731707317073,9431176.505723748,31880213.594284113,11707.731707317073
9431569.077453176,31881674.603765115,11219.951219512195,9.123133627556737,9431274.34042954,31881247.247966874,10732.170731707318,9431617.994806074,31882191.430606496,10732.170731707318,9431863.814476814,31882101.959563352,11707.731707317073,9431520.160100281,31881157.77692373,11707.731707317073
9431912.73182971,31882618.786404733,11219.951219512195,9.268968545097229,9431617.994806074,31882191.430606496,10732.170731707318,9431961.649182606,31883135.61324612,10732.170731707318,9432207.468853347,31883046.14220297,11707.731707317073,9431863.814476814,31882101.959563352,11707.731707317073
9432256.386206243,31883562.969044354,11219.951219512195,10.409131710847184,9431961.649182606,31883135.61324612,10732.170731707318,9432305.30355914,31884079.795885738,10732.170731707318,9432551.12322988,31883990.32484259,11707.731707317073,9432207.468853347,31883046.14220297,11707.731707317073
9432600.040582776,31884507.151683975,11219.951219512195,11.815729275965419,9432305.30355914,31884079.795885738,10732.170731707318,9432648.957935672,31885023.97852536,10732.170731707318,9432894.77760641,31884934.507482212,11707.731707317073,9432551.12322988,31883990.32484259,11707.731707317073
9432943.694959307,31885451.334323592,11219.951219512195,11.32456895598815,9432648.957935672,31885023.97852536,10732.170731707318,9432992.612312205,31885968.16116498,10732.170731707318,9433238.431982944,31885878.69012183,11707.731707317073,9432894.77760641,31884934.507482212,11707.731707317073
9433287.349335842,31886395.516963214,11219.951219512195,10.94004725985484,9432992.612312205,31885968.16116498,10732.170731707318,9433336.266688738,31886912.343804598,10732.170731707318,9433582.086359477,31886822.87276145,11707.731707317073,9433238.431982944,31885878.69012183,11707.731707317073
9433631.003712373,31887339.699602835,11219.951219512195,10.367037217809933,9433336.266688738,31886912.343804598,10732.170731707318,9433679.921065269,31887856.526444215,10732.170731707318,9433925.74073601,31887767.05540107,11707.731707317073,9433582.086359477,31886822.87276145,11707.731707317073
9433974.658088904,31888283.882242452,11219.951219512195,11.608945263163015,9433679.921065269,31887856.526444215,10732.170731707318,9434023.575441802,31888800.709083837,10732.170731707318,9434269.39511254,31888711.23804069,11707.731707317073,9433925.74073601,31887767.05540107,11707.731707317073
9434318.312465439,31889228.064882074,11219.951219512195,13.474101835494196,9434023.575441802,31888800.709083837,10732.170731707318,9434367.229818335,31889744.891723458,10732.170731707318,9434613.049489073,31889655.42068031,11707.731707317073,9434269.39511254,31888711.23804069,11707.731707317073
9434661.96684197,31890172.247521695,11219.951219512195,12.72723709870465,9434367.229818335,31889744.891723458,10732.170731707318,9434710.884194868,31890689.074363075,10732.170731707318,9434956.703865606,31890599.603319928,11707.731707317073,9434613.049489073,31889655.42068031,11707.731707317073
9435005.621218504,31891116.430161312,11219.951219512195,14.603385225027177,9434710.884194868,31890689.074363075,10732.170731707318,9435054.538571399,31891633.257002696,10732.170731707318,9435300.35824214,31891543.785959553,11707.731707317073,9434956.703865606,31890599.603319928,11707.731707317073
9435349.275595035,31892060.612800933,11219.951219512195,14.389832613172556,9435054.538571399,31891633.257002696,10732.170731707318,9435398.192947932,31892577.439642318,10732.170731707318,9435644.012618672,31892487.968599174,11707.731707317073,9435300.35824214,31891543.785959553,11707.731707317073
9435692.929971568,31893004.79544055,11219.951219512195,14.564621297834648,9435398.192947932,31892577.439642318,10732.170731707318,9435741.847324464,31893521.622281935,10732.170731707318,9435987.666995205,31893432.15123879,11707.731707317073,9435644.012618672,31892487.968599174,11707.731707317073
9436036.584348101,31893948.978080176,11219.951219512195,14.146227615159724,9435741.847324464,31893521.622281935,10732.170731707318,9436085.501700997,31894465.804921556,10732.170731707318,9436331.321371738,31894376.333878413,11707.731707317073,9435987.666995205,31893432.15123879,11707.731707317073
9436380.238724632,31894893.160719797,11219.951219512195,14.689857534281046,9436085.501700997,31894465.804921556,10732.170731707318,9436429.15607753,31895409.987561177,10732.170731707318,9436674.97574827,31895320.51651803,11707.731707317073,9436331.321371738,31894376.333878413,11707.731707317073
9436723.893101167,31895837.343359414,11219.951219512195,15.178212015605874,9436429.15607753,31895409.987561177,10732.170731707318,9436772.810454063,31896354.1702008,10732.170731707318,9437018.630124802,31896264.69915765,11707.731707317073,9436674.97574827,31895320.51651803,11707.731707317073
9437067.547477698,31896781.525999036,11219.951219512195,14.928706702725675,9436772.810454063,31896354.1702008,10732.170731707318,9437116.464830596,31897298.35284042,10732.170731707318,9437362.284501335,31897208.881797273,11707.731707317073,9437018.630124802,31896264.69915765,11707.731707317073
9437411.201854233,31897725.708638653,11219.951219512195,15.572446169538233,9437116.464830596,31897298.35284042,10732.170731707318,9437460.119207129,31898242.535480037,10732.170731707318,9437705.938877868,31898153.06443689,11707.731707317073,9437362.284501335,31897208.881797273,11707.731707317073
9437754.856230764,31898669.891278274,11219.951219512195,15.573179057612387,9437460.119207129,31898242.535480037,10732.170731707318,9437803.77358366,31899186.71811966,10732.170731707318,9438049.5932544,31899097.24707651,11707.731707317073,9437705.938877868,31898153.06443689,11707.731707317073
9438098.510607297,31899614.073917896,11219.951219512195,13.240299935025577,9437803.77358366,31899186.71811966,10732.170731707318,9438147.427960193,31900130.90075928,10732.170731707318,9438393.247630933,31900041.429716133,11707.731707317073,9438049.5932544,31899097.24707651,11707.731707317073
9438442.16498383,31900558.256557517,11219.951219512195,10.418742591218818,9438147.427960193,31900130.90075928,10732.170731707318,9438491.082336726,31901075.083398897,10732.170731707318,9438736.902007466,31900985.61235575,11707.731707317073,9438393.247630933,31900041.429716133,11707.731707317073
9438785.81936036,31901502.439197134,11219.951219512195,10.325793024251647,9438491.082336726,31901075.083398897,10732.170731707318,9438834.736713259,31902019.26603852,10732.170731707318,9439080.556383999,31901929.79499537,11707.731707317073,9438736.902007466,31900985.61235575,11707.731707317073
9439129.473736895,31902446.621836755,11219.951219512195,12.687014776683988,9438834.736713259,31902019.26603852,10732.170731707318,9439178.391089791,31902963.44867814,10732.170731707318,9439424.21076053,31902873.977634992,11707.731707317073,9439080.556383999,31901929.79499537,11707.731707317073
9439473.128113426,31903390.804476373,11219.951219512195,14.21951383768777,9439178.391089791,31902963.44867814,10732.170731707318,9439522.045466324,31903907.631317757,10732.170731707318,9439767.865137063,31903818.16027461,11707.731707317073,9439424.21076053,31902873.977634992,11707.731707317073
9413944.869544223,31832487.63546172,12195.512195121953,3.801296327125657,9413650.132520586,31832060.279663485,11707.731707317073,9413993.78689712,31833004.462303106,11707.731707317073,9414239.606567856,31832914.991259962,12683.292682926829,9413895.952191323,31831970.808620337,12683.292682926829
9414288.523920754,31833431.818101343,12195.512195121953,3.989240608352812,9413993.78689712,31833004.462303106,11707.731707317073,9414337.44127365,31833948.644942727,11707.731707317073,9414583.260944389,31833859.173899584,12683.292682926829,9414239.606567856,31832914.991259962,12683.292682926829
9414632.178297287,31834376.00074096,12195.512195121953,3.5256253893675464,9414337.44127365,31833948.644942727,11707.731707317073,9414681.095650183,31834892.827582344,11707.731707317073,9414926.915320922,31834803.3565392,12683.292682926829,9414583.260944389,31833859.173899584,12683.292682926829
9414975.83267382,31835320.183380585,12195.512195121953,3.3670753262050863,9414681.095650183,31834892.827582344,11707.731707317073,9415024.750026716,31835837.010221966,11707.731707317073,9415270.569697455,31835747.539178822,12683.292682926829,9414926.915320922,31834803.3565392,12683.292682926829
9415319.48705035,31836264.366020206,12195.512195121953,3.176394766015132,9415024.750026716,31835837.010221966,11707.731707317073,9415368.404403249,31836781.192861587,11707.731707317073,9415614.224073987,31836691.721818443,12683.292682926829,9415270.569697455,31835747.539178822,12683.292682926829
9415663.141426886,31837208.548659824,12195.512195121953,3.1785302955281076,9415368.404403249,31836781.192861587,11707.731707317073,9415712.058779782,31837725.375501208,11707.731707317073,9415957.878450518,31837635.90445806,12683.292682926829,9415614.224073987,31836691.721818443,12683.292682926829
9416006.795803417,31838152.731299445,12195.512195121953,2.3190757844383914,9415712.058779782,31837725.375501208,11707.731707317073,9416055.713156315,31838669.55814083,11707.731707317073,9416301.532827051,31838580.087097682,12683.292682926829,9415957.878450518,31837635.90445806,12683.292682926829
9416350.450179951,31839096.913939066,12195.512195121953,1.8860901847711615,9416055.713156315,31838669.55814083,11707.731707317073,9416399.367532847,31839613.74078045,11707.731707317073,9416645.187203584,31839524.269737303,12683.292682926829,9416301.532827051,31838580.087097682,12683.292682926829
9416694.104556482,31840041.096578687,12195.512195121953,1.7246653574594932,9416399.367532847,31839613.74078045,11707.731707317073,9416743.021909378,31840557.923420068,11707.731707317073,9416988.841580117,31840468.45237692,12683.292682926829,9416645.187203584,31839524.269737303,12683.292682926829
9417037.758933015,31840985.279218305,12195.512195121953,1.4763654493235103,9416743.021909378,31840557.923420068,11707.731707317073,9417086.676285911,31841502.10605969,11707.731707317073,9417332.49595665,31841412.635016542,12683.292682926829,9416988.841580117,31840468.45237692,12683.292682926829
9417381.413309548,31841929.461857926,12195.512195121953,2.048964585299045,9417086.676285911,31841502.10605969,11707.731707317073,9417430.330662444,31842446.28869931,11707.731707317073,9417676.150333183,31842356.817656163,12683.292682926829,9417332.49595665,31841412.635016542,12683.292682926829
9417725.06768608,31842873.644497544,12195.512195121953,2.636888150278473,9417430.330662444,31842446.28869931,11707.731707317073,9417773.985038977,31843390.471338928,11707.731707317073,9418019.804709714,31843301.00029578,12683.292682926829,9417676.150333183,31842356.817656163,12683.292682926829
9418068.722062614,31843817.82713716,12195.512195121953,2.7637562980441803,9417773.985038977,31843390.471338928,11707.731707317073,9418117.63941551,31844334.653978545,11707.731707317073,9418363.459086247,31844245.182935398,12683.292682926829,9418019.804709714,31843301.00029578,12683.292682926829
9418412.376439145,31844762.009776782,12195.512195121953,2.953940832110271,9418117.63941551,31844334.653978545,11707.731707317073,9418461.293792041,31845278.836618166,11707.731707317073,9418707.11346278,31845189.36557502,12683.292682926829,9418363.459086247,31844245.182935398,12683.292682926829
9418756.030815676,31845706.192416403,12195.512195121953,2.5214375021801625,9418461.293792041,31845278.836618166,11707.731707317073,9418804.948168574,31846223.019257788,11707.731707317073,9419050.767839313,31846133.548214644,12683.292682926829,9418707.11346278,31845189.36557502,12683.292682926829
9419099.68519221,31846650.375056025,12195.512195121953,2.6762976992703913,9418804.948168574,31846223.019257788,11707.731707317073,9419148.602545107,31847167.201897405,11707.731707317073,9419394.422215845,31847077.73085426,12683.292682926829,9419050.767839313,31846133.548214644,12683.292682926829
9419443.339568743,31847594.557695642,12195.512195121953,3.4280670300606797,9419148.602545107,31847167.201897405,11707.731707317073,9419492.25692164,31848111.384537026,11707.731707317073,9419738.076592378,31848021.913493883,12683.292682926829,9419394.422215845,31847077.73085426,12683.292682926829
9419786.993945276,31848538.740335263,12195.512195121953,4.755281338022349,9419492.25692164,31848111.384537026,11707.731707317073,9419835.911298173,31849055.567176647,11707.731707317073,9420081.73096891,31848966.096133504,12683.292682926829,9419738.076592378,31848021.913493883,12683.292682926829
9420130.648321807,31849482.92297489,12195.512195121953,5.649270000622048,9419835.911298173,31849055.567176647,11707.731707317073,9420179.565674705,31849999.749816265,11707.731707317073,9420425.385345442,31849910.27877312,12683.292682926829,9420081.73096891,31848966.096133504,12683.292682926829
9420474.302698342,31850427.105614506,12195.512195121953,4.494573596717762,9420179.565674705,31849999.749816265,11707.731707317073,9420523.220051238,31850943.932455886,11707.731707317073,9420769.039721975,31850854.461412743,12683.292682926829,9420425.385345442,31849910.27877312,12683.292682926829
9420817.957074873,31851371.288254127,12195.512195121953,3.447876467166113,9420523.220051238,31850943.932455886,11707.731707317073,9420866.87442777,31851888.11509551,11707.731707317073,9421112.694098508,31851798.644052364,12683.292682926829,9420769.039721975,31850854.461412743,12683.292682926829
9421161.611451404,31852315.470893744,12195.512195121953,2.945985583989817,9420866.87442777,31851888.11509551,11707.731707317073,9421210.528804302,31852832.29773513,11707.731707317073,9421456.34847504,31852742.82669198,12683.292682926829,9421112.694098508,31851798.644052364,12683.292682926829
9421505.265827939,31853259.653533366,12195.512195121953,2.9265568871892804,9421210.528804302,31852832.29773513,11707.731707317073,9421554.183180835,31853776.48037475,11707.731707317073,9421800.002851574,31853687.009331603,12683.292682926829,9421456.34847504,31852742.82669198,12683.292682926829
9421848.920204472,31854203.836172987,12195.512195121953,2.5204725299863067,9421554.183180835,31853776.48037475,11707.731707317073,9421897.837557368,31854720.66301437,11707.731707317073,9422143.657228107,31854631.19197122,12683.292682926829,9421800.002851574,31853687.009331603,12683.292682926829
9422192.574581005,31855148.018812604,12195.512195121953,2.7409025121865436,9421897.837557368,31854720.66301437,11707.731707317073,9422241.4919339,31855664.84565399,11707.731707317073,9422487.31160464,31855575.37461084,12683.292682926829,9422143.657228107,31854631.19197122,12683.292682926829
9422536.228957536,31856092.201452225,12195.512195121953,2.591285347623471,9422241.4919339,31855664.84565399,11707.731707317073,9422585.146310434,31856609.02829361,11707.731707317073,9422830.96598117,31856519.557250462,12683.292682926829,9422487.31160464,31855575.37461084,12683.292682926829
9422879.88333407,31857036.384091843,12195.512195121953,3.0218528883016362,9422585.146310434,31856609.02829361,11707.731707317073,9422928.800686967,31857553.210933227,11707.731707317073,9423174.620357703,31857463.73989008,12683.292682926829,9422830.96598117,31856519.557250462,12683.292682926829
9423223.537710601,31857980.566731464,12195.512195121953,3.3802693272476554,9422928.800686967,31857553.210933227,11707.731707317073,9423272.4550635,31858497.39357285,11707.731707317073,9423518.274734236,31858407.9225297,12683.292682926829,9423174.620357703,31857463.73989008,12683.292682926829
9423567.192087136,31858924.749371085,12195.512195121953,3.472737190336495,9423272.4550635,31858497.39357285,11707.731707317073,9423616.10944003,31859441.57621247,11707.731707317073,9423861.92911077,31859352.105169326,12683.292682926829,9423518.274734236,31858407.9225297,12683.292682926829
9423910.846463667,31859868.932010707,12195.512195121953,3.638001144866438,9423616.10944003,31859441.57621247,11707.731707317073,9423959.763816563,31860385.758852087,11707.731707317073,9424205.583487302,31860296.287808944,12683.292682926829,9423861.92911077,31859352.105169326,12683.292682926829
9424254.5008402,31860813.114650324,12195.512195121953,3.380931217189995,9423959.763816563,31860385.758852087,11707.731707317073,9424303.418193096,31861329.94149171,11707.731707317073,9424549.237863835,31861240.470448565,12683.292682926829,9424205.583487302,31860296.287808944,12683.292682926829
9424598.155216733,31861757.297289945,12195.512195121953,2.3396614469140156,9424303.418193096,31861329.94149171,11707.731707317073,9424647.07256963,31862274.12413133,11707.731707317073,9424892.892240368,31862184.653088186,12683.292682926829,9424549.237863835,31861240.470448565,12683.292682926829
9424941.809593264,31862701.479929566,12195.512195121953,1.7177138077353242,9424647.07256963,31862274.12413133,11707.731707317073,9424990.726946162,31863218.306770947,11707.731707317073,9425236.546616899,31863128.835727803,12683.292682926829,9424892.892240368,31862184.653088186,12683.292682926829
9425285.463969799,31863645.662569188,12195.512195121953,1.562469557891505,9424990.726946162,31863218.306770947,11707.731707317073,9425334.381322695,31864162.489410568,11707.731707317073,9425580.200993432,31864073.018367425,12683.292682926829,9425236.546616899,31863128.835727803,12683.292682926829
9425629.11834633,31864589.845208805,12195.512195121953,1.2953038335727203,9425334.381322695,31864162.489410568,11707.731707317073,9425678.035699226,31865106.67205019,11707.731707317073,9425923.855369965,31865017.201007042,12683.292682926829,9425580.200993432,31864073.018367425,12683.292682926829
9425972.77272286,31865534.027848426,12195.512195121953,1.052213536215235,9425678.035699226,31865106.67205019,11707.731707317073,9426021.690075759,31866050.85468981,11707.731707317073,9426267.509746497,31865961.383646663,12683.292682926829,9425923.855369965,31865017.201007042,12683.292682926829
9426316.427099396,31866478.210488047,12195.512195121953,1.216973831333414,9426021.690075759,31866050.85468981,11707.731707317073,9426365.344452292,31866995.037329428,11707.731707317073,9426611.16412303,31866905.56628628,12683.292682926829,9426267.509746497,31865961.383646663,12683.292682926829
9426660.081475927,31867422.393127665,12195.512195121953,1.8068982329050762,9426365.344452292,31866995.037329428,11707.731707317073,9426708.998828825,31867939.21996905,11707.731707317073,9426954.818499561,31867849.748925902,12683.292682926829,9426611.16412303,31866905.56628628,12683.292682926829
9427003.735852461,31868366.575767286,12195.512195121953,1.7236447187961657,9426708.998828825,31867939.21996905,11707.731707317073,9427052.653205357,31868883.40260867,11707.731707317073,9427298.472876094,31868793.931565523,12683.292682926829,9426954.818499561,31867849.748925902,12683.292682926829
9427347.390228992,31869310.758406907,12195.512195121953,1.7737937077331327,9427052.653205357,31868883.40260867,11707.731707317073,9427396.30758189,31869827.585248288,11707.731707317073,9427642.127252627,31869738.11420514,12683.292682926829,9427298.472876094,31868793.931565523,12683.292682926829
9427691.044605525,31870254.941046525,12195.512195121953,2.475564006543189,9427396.30758189,31869827.585248288,11707.731707317073,9427739.961958421,31870771.76788791,11707.731707317073,9427985.78162916,31870682.29684476,12683.292682926829,9427642.127252627,31869738.11420514,12683.292682926829
9428034.698982058,31871199.123686146,12195.512195121953,2.7446865942984457,9427739.961958421,31870771.76788791,11707.731707317073,9428083.616334954,31871715.95052753,11707.731707317073,9428329.436005693,31871626.479484383,12683.292682926829,9427985.78162916,31870682.29684476,12683.292682926829
9428378.35335859,31872143.306325763,12195.512195121953,2.2803575579020205,9428083.616334954,31871715.95052753,11707.731707317073,9428427.270711487,31872660.133167148,11707.731707317073,9428673.090382226,31872570.662124004,12683.292682926829,9428329.436005693,31871626.479484383,12683.292682926829
9428722.007735124,31873087.488965385,12195.512195121953,2.729068638076639,9428427.270711487,31872660.133167148,11707.731707317073,9428770.92508802,31873604.31580677,11707.731707317073,9429016.744758759,31873514.844763625,12683.292682926829,9428673.090382226,31872570.662124004,12683.292682926829
9429065.662111655,31874031.671605006,12195.512195121953,3.6014998348856384,9428770.92508802,31873604.31580677,11707.731707317073,9429114.579464553,31874548.49844639,11707.731707317073,9429360.39913529,31874459.027403247,12683.292682926829,9429016.744758759,31873514.844763625,12683.292682926829
9429409.31648819,31874975.854244627,12195.512195121953,3.749829593111832,9429114.579464553,31874548.49844639,11707.731707317073,9429458.233841086,31875492.681086008,11707.731707317073,9429704.053511823,31875403.210042864,12683.292682926829,9429360.39913529,31874459.027403247,12683.292682926829
9429752.97086472,31875920.03688425,12195.512195121953,5.386221555647393,9429458.233841086,31875492.681086008,11707.731707317073,9429801.888217619,31876436.86372563,11707.731707317073,9430047.707888355,31876347.392682485,12683.292682926829,9429704.053511823,31875403.210042864,12683.292682926829
9430096.625241254,31876864.21952387,12195.512195121953,5.857605541609038,9429801.888217619,31876436.86372563,11707.731707317073,9430145.54259415,31877381.04636525,11707.731707317073,9430391.362264888,31877291.575322106,12683.292682926829,9430047.707888355,31876347.392682485,12683.292682926829
9430440.279617786,31877808.402163487,12195.512195121953,6.889967918115151,9430145.54259415,31877381.04636525,11707.731707317073,9430489.196970683,31878325.22900487,11707.731707317073,9430735.016641421,31878235.757961724,12683.292682926829,9430391.362264888,31877291.575322106,12683.292682926829
9430783.933994317,31878752.584803108,12195.512195121953,6.423261883790121,9430489.196970683,31878325.22900487,11707.731707317073,9430832.851347215,31879269.411644492,11707.731707317073,9431078.671017954,31879179.940601345,12683.292682926829,9430735.016641421,31878235.757961724,12683.292682926829
9431127.588370852,31879696.76744273,12195.512195121953,6.0077584132550665,9430832.851347215,31879269.411644492,11707.731707317073,9431176.505723748,31880213.594284113,11707.731707317073,9431422.325394487,31880124.123240963,12683.292682926829,9431078.671017954,31879179.940601345,12683.292682926829
9431471.242747383,31880640.95008235,12195.512195121953,7.416702831649656,9431176.505723748,31880213.594284113,11707.731707317073,9431520.160100281,31881157.77692373,11707.731707317073,9431765.979771018,31881068.305880584,12683.292682926829,9431422.325394487,31880124.123240963,12683.292682926829
9431814.897123918,31881585.132721968,12195.512195121953,8.606896852696051,9431520.160100281,31881157.77692373,11707.731707317073,9431863.814476814,31882101.959563352,11707.731707317073,9432109.63414755,31882012.488520205,12683.292682926829,9431765.979771018,31881068.305880584,12683.292682926829
9432158.551500449,31882529.315361585,12195.512195121953,8.823327684601214,9431863.814476814,31882101.959563352,11707.731707317073,9432207.468853347,31883046.14220297,11707.731707317073,9432453.288524084,31882956.671159822,12683.292682926829,9432109.63414755,31882012.488520205,12683.292682926829
9432502.205876984,31883473.498001207,12195.512195121953,11.38761093525483,9432207.468853347,31883046.14220297,11707.731707317073,9432551.12322988,31883990.32484259,11707.731707317073,9432796.942900617,31883900.853799444,12683.292682926829,9432453.288524084,31882956.671159822,12683.292682926829
9432845.860253515,31884417.680640828,12195.512195121953,10.170200031964484,9432551.12322988,31883990.32484259,11707.731707317073,9432894.77760641,31884934.507482212,11707.731707317073,9433140.59727715,31884845.036439065,12683.292682926829,9432796.942900617,31883900.853799444,12683.292682926829
9433189.514630046,31885361.863280445,12195.512195121953,9.646858341069576,9432894.77760641,31884934.507482212,11707.731707317073,9433238.431982944,31885878.69012183,11707.731707317073,9433484.251653682,31885789.219078686,12683.292682926829,9433140.59727715,31884845.036439065,12683.292682926829
9433533.169006579,31886306.045920067,12195.512195121953,9.565278302360532,9433238.431982944,31885878.69012183,11707.731707317073,9433582.086359477,31886822.87276145,11707.731707317073,9433827.906030215,31886733.401718307,12683.292682926829,9433484.251653682,31885789.219078686,12683.292682926829
9433876.823383112,31887250.228559688,12195.512195121953,9.525961550945777,9433582.086359477,31886822.87276145,11707.731707317073,9433925.74073601,31887767.05540107,11707.731707317073,9434171.560406746,31887677.584357925,12683.292682926829,9433827.906030215,31886733.401718307,12683.292682926829
9434220.477759644,31888194.41119931,12195.512195121953,11.120724538990007,9433925.74073601,31887767.05540107,11707.731707317073,9434269.39511254,31888711.23804069,11707.731707317073,9434515.21478328,31888621.766997546,12683.292682926829,9434171.560406746,31887677.584357925,12683.292682926829
9434564.132136177,31889138.59383893,12195.512195121953,10.628597761425159,9434269.39511254,31888711.23804069,11707.731707317073,9434613.049489073,31889655.42068031,11707.731707317073,9434858.869159812,31889565.949637167,12683.292682926829,9434515.21478328,31888621.766997546,12683.292682926829
9434907.786512708,31890082.77647855,12195.512195121953,10.225289081636632,9434613.049489073,31889655.42068031,11707.731707317073,9434956.703865606,31890599.603319928,11707.731707317073,9435202.523536345,31890510.132276785,12683.292682926829,9434858.869159812,31889565.949637167,12683.292682926829
9435251.440889241,31891026.95911817,12195.512195121953,11.410072481828703,9434956.703865606,31890599.603319928,11707.731707317073,9435300.35824214,31891543.785959553,11707.731707317073,9435546.177912878,31891454.314916406,12683.292682926829,9435202.523536345,31890510.132276785,12683.292682926829
9435595.095265772,31891971.141757786,12195.512195121953,12.150453307215239,9435300.35824214,31891543.785959553,11707.731707317073,9435644.012618672,31892487.968599174,11707.731707317073,9435889.83228941,31892398.497556023,12683.292682926829,9435546.177912878,31891454.314916406,12683.292682926829
9435938.749642307,31892915.324397407,12195.512195121953,10.569154213405717,9435644.012618672,31892487.968599174,11707.731707317073,9435987.666995205,31893432.15123879,11707.731707317073,9436233.486665942,31893342.680195644,12683.292682926829,9435889.83228941,31892398.497556023,12683.292682926829
9436282.404018838,31893859.50703703,12195.512195121953,10.410147395633889,9435987.666995205,31893432.15123879,11707.731707317073,9436331.321371738,31894376.333878413,11707.731707317073,9436577.141042475,31894286.862835266,12683.292682926829,9436233.486665942,31893342.680195644,12683.292682926829
9436626.058395373,31894803.689676646,12195.512195121953,13.430926510877448,9436331.321371738,31894376.333878413,11707.731707317073,9436674.97574827,31895320.51651803,11707.731707317073,9436920.795419008,31895231.045474883,12683.292682926829,9436577.141042475,31894286.862835266,12683.292682926829
9436969.712771904,31895747.872316267,12195.512195121953,15.417337196211372,9436674.97574827,31895320.51651803,11707.731707317073,9437018.630124802,31896264.69915765,11707.731707317073,9437264.44979554,31896175.228114504,12683.292682926829,9436920.795419008,31895231.045474883,12683.292682926829
9437313.367148437,31896692.05495589,12195.512195121953,16.149583528883273,9437018.630124802,31896264.69915765,11707.731707317073,9437362.284501335,31897208.881797273,11707.731707317073,9437608.104172073,31897119.410754126,12683.292682926829,9437264.44979554,31896175.228114504,12683.292682926829
9437657.02152497,31897636.237595506,12195.512195121953,16.43900649526556,9437362.284501335,31897208.881797273,11707.731707317073,9437705.938877868,31898153.06443689,11707.731707317073,9437951.758548606,31898063.593393743,12683.292682926829,9437608.104172073,31897119.410754126,12683.292682926829
9438000.6759015,31898580.420235127,12195.512195121953,15.657887032216887,9437705.938877868,31898153.06443689,11707.731707317073,9438049.5932544,31899097.24707651,11707.731707317073,9438295.41292514,31899007.776033364,12683.292682926829,9437951.758548606,31898063.593393743,12683.292682926829
9438344.330278035,31899524.60287475,12195.512195121953,14.954833287991615,9438049.5932544,31899097.24707651,11707.731707317073,9438393.247630933,31900041.429716133,11707.731707317073,9438639.06730167,31899951.95867299,12683.292682926829,9438295.41292514,31899007.776033364,12683.292682926829
9438687.984654566,31900468.78551437,12195.512195121953,14.148766430721421,9438393.247630933,31900041.429716133,11707.731707317073,9438736.902007466,31900985.61235575,11707.731707317073,9438982.721678203,31900896.141312607,12683.292682926829,9438639.06730167,31899951.95867299,12683.292682926829
9439031.639031101,31901412.968153987,12195.512195121953,13.642886283522285,9438736.902007466,31900985.61235575,11707.731707317073,9439080.556383999,31901929.79499537,11707.731707317073,9439326.376054736,31901840.323952228,12683.292682926829,9438982.721678203,31900896.141312607,12683.292682926829
9439375.293407632,31902357.150793612,12195.512195121953,13.597172349672189,9439080.556383999,31901929.79499537,11707.731707317073,9439424.21076053,31902873.977634992,11707.731707317073,9439670.030431269,31902784.50659185,12683.292682926829,9439326.376054736,31901840.323952228,12683.292682926829
9439718.947784165,31903301.33343323,12195.512195121953,13.504024052130443,9439424.21076053,31902873.977634992,11707.731707317073,9439767.865137063,31903818.16027461,11707.731707317073,9440013.684807802,31903728.689231467,12683.292682926829,9439670.030431269,31902784.50659185,12683.292682926829
9414190.68921496,31832398.16441858,13171.073170731708,4.486920899067855,9413895.952191323,31831970.808620337,12683.292682926829,9414239.606567856,31832914.991259962,12683.292682926829,9414485.426238596,31832825.520216815,13658.853658536585,9414141.771862064,31831881.337577194,13658.853658536585
9414534.34359149,31833342.3470582,13171.073170731708,5.560993231251933,9414239.606567856,31832914.991259962,12683.292682926829,9414583.260944389,31833859.173899584,12683.292682926829,9414829.08061513,31833769.702856436,13658.853658536585,9414485.426238596,31832825.520216815,13658.853658536585
9414877.997968026,31834286.529697817,13171.073170731708,5.64669282786639,9414583.260944389,31833859.173899584,12683.292682926829,9414926.915320922,31834803.3565392,12683.292682926829,9415172.73499166,31834713.885496054,13658.853658536585,9414829.08061513,31833769.702856436,13658.853658536585
9415221.652344557,31835230.712337438,13171.073170731708,5.9054287838323205,9414926.915320922,31834803.3565392,12683.292682926829,9415270.569697455,31835747.539178822,12683.292682926829,9415516.389368193,31835658.068135675,13658.853658536585,9415172.73499166,31834713.885496054,13658.853658536585
9415565.306721091,31836174.89497706,13171.073170731708,6.687502694466683,9415270.569697455,31835747.539178822,12683.292682926829,9415614.224073987,31836691.721818443,12683.292682926829,9415860.043744726,31836602.250775296,13658.853658536585,9415516.389368193,31835658.068135675,13658.853658536585
9415908.961097622,31837119.077616677,13171.073170731708,6.59061129929348,9415614.224073987,31836691.721818443,12683.292682926829,9415957.878450518,31837635.90445806,12683.292682926829,9416203.698121259,31837546.433414914,13658.853658536585,9415860.043744726,31836602.250775296,13658.853658536585
9416252.615474155,31838063.260256298,13171.073170731708,4.002759644628488,9415957.878450518,31837635.90445806,12683.292682926829,9416301.532827051,31838580.087097682,12683.292682926829,9416547.352497792,31838490.616054535,13658.853658536585,9416203.698121259,31837546.433414914,13658.853658536585
9416596.269850688,31839007.44289592,13171.073170731708,2.863052092520538,9416301.532827051,31838580.087097682,12683.292682926829,9416645.187203584,31839524.269737303,12683.292682926829,9416891.006874325,31839434.798694156,13658.853658536585,9416547.352497792,31838490.616054535,13658.853658536585
9416939.92422722,31839951.62553554,13171.073170731708,2.6109994063210613,9416645.187203584,31839524.269737303,12683.292682926829,9416988.841580117,31840468.45237692,12683.292682926829,9417234.661250858,31840378.981333774,13658.853658536585,9416891.006874325,31839434.798694156,13658.853658536585
9417283.578603754,31840895.808175158,13171.073170731708,2.559169181237569,9416988.841580117,31840468.45237692,12683.292682926829,9417332.49595665,31841412.635016542,12683.292682926829,9417578.315627389,31841323.1639734,13658.853658536585,9417234.661250858,31840378.981333774,13658.853658536585
9417627.232980285,31841839.990814775,13171.073170731708,2.8525200609764934,9417332.49595665,31841412.635016542,12683.292682926829,9417676.150333183,31842356.817656163,12683.292682926829,9417921.970003922,31842267.346613016,13658.853658536585,9417578.315627389,31841323.1639734,13658.853658536585
9417970.88735682,31842784.173454396,13171.073170731708,4.023583460667199,9417676.150333183,31842356.817656163,12683.292682926829,9418019.804709714,31843301.00029578,12683.292682926829,9418265.624380454,31843211.529252637,13658.853658536585,9417921.970003922,31842267.346613016,13658.853658536585
9418314.54173335,31843728.356094018,13171.073170731708,4.439031306456693,9418019.804709714,31843301.00029578,12683.292682926829,9418363.459086247,31844245.182935398,12683.292682926829,9418609.278756987,31844155.711892255,13658.853658536585,9418265.624380454,31843211.529252637,13658.853658536585
9418658.196109883,31844672.53873364,13171.073170731708,4.56667752425703,9418363.459086247,31844245.182935398,12683.292682926829,9418707.11346278,31845189.36557502,12683.292682926829,9418952.93313352,31845099.894531876,13658.853658536585,9418609.278756987,31844155.711892255,13658.853658536585
9419001.850486416,31845616.72137326,13171.073170731708,4.837206229862148,9418707.11346278,31845189.36557502,12683.292682926829,9419050.767839313,31846133.548214644,12683.292682926829,9419296.587510051,31846044.077171497,13658.853658536585,9418952.93313352,31845099.894531876,13658.853658536585
9419345.504862947,31846560.90401288,13171.073170731708,4.067236105176846,9419050.767839313,31846133.548214644,12683.292682926829,9419394.422215845,31847077.73085426,12683.292682926829,9419640.241886584,31846988.259811115,13658.853658536585,9419296.587510051,31846044.077171497,13658.853658536585
9419689.159239482,31847505.0866525,13171.073170731708,4.423464265746736,9419394.422215845,31847077.73085426,12683.292682926829,9419738.076592378,31848021.913493883,12683.292682926829,9419983.896263117,31847932.442450736,13658.853658536585,9419640.241886584,31846988.259811115,13658.853658536585
9420032.813616013,31848449.26929212,13171.073170731708,4.624186359243207,9419738.076592378,31848021.913493883,12683.292682926829,9420081.73096891,31848966.096133504,12683.292682926829,9420327.55063965,31848876.625090357,13658.853658536585,9419983.896263117,31847932.442450736,13658.853658536585
9420376.467992544,31849393.45193174,13171.073170731708,4.919782613388649,9420081.73096891,31848966.096133504,12683.292682926829,9420425.385345442,31849910.27877312,12683.292682926829,9420671.205016183,31849820.807729974,13658.853658536585,9420327.55063965,31848876.625090357,13658.853658536585
9420720.122369079,31850337.63457136,13171.073170731708,5.462545431521974,9420425.385345442,31849910.27877312,12683.292682926829,9420769.039721975,31850854.461412743,12683.292682926829,9421014.859392716,31850764.990369596,13658.853658536585,9420671.205016183,31849820.807729974,13658.853658536585
9421063.776745612,31851281.817210976,13171.073170731708,5.144704871122507,9420769.039721975,31850854.461412743,12683.292682926829,9421112.694098508,31851798.644052364,12683.292682926829,9421358.513769249,31851709.173009213,13658.853658536585,9421014.859392716,31850764.990369596,13658.853658536585
9421407.431122145,31852225.999850597,13171.073170731708,4.168500473724982,9421112.694098508,31851798.644052364,12683.292682926829,9421456.34847504,31852742.82669198,12683.292682926829,9421702.168145781,31852653.355648834,13658.853658536585,9421358.513769249,31851709.173009213,13658.853658536585
9421751.085498676,31853170.18249022,13171.073170731708,3.41130447145925,9421456.34847504,31852742.82669198,12683.292682926829,9421800.002851574,31853687.009331603,12683.292682926829,9422045.822522312,31853597.538288455,13658.853658536585,9421702.168145781,31852653.355648834,13658.853658536585
9422094.73987521,31854114.365129836,13171.073170731708,3.2591648566284626,9421800.002851574,31853687.009331603,12683.292682926829,9422143.657228107,31854631.19197122,12683.292682926829,9422389.476898845,31854541.720928077,13658.853658536585,9422045.822522312,31853597.538288455,13658.853658536585
9422438.394251741,31855058.547769457,13171.073170731708,3.7569746903305323,9422143.657228107,31854631.19197122,12683.292682926829,9422487.31160464,31855575.37461084,12683.292682926829,9422733.131275378,31855485.903567698,13658.853658536585,9422389.476898845,31854541.720928077,13658.853658536585
9422782.048628276,31856002.73040908,13171.073170731708,4.141308601301392,9422487.31160464,31855575.37461084,12683.292682926829,9422830.96598117,31856519.557250462,12683.292682926829,9423076.785651911,31856430.08620732,13658.853658536585,9422733.131275378,31855485.903567698,13658.853658536585
9423125.703004807,31856946.9130487,13171.073170731708,4.399917597908397,9422830.96598117,31856519.557250462,12683.292682926829,9423174.620357703,31857463.73989008,12683.292682926829,9423420.440028444,31857374.268846937,13658.853658536585,9423076.785651911,31856430.08620732,13658.853658536585
9423469.35738134,31857891.09568832,13171.073170731708,4.174778584888908,9423174.620357703,31857463.73989008,12683.292682926829,9423518.274734236,31858407.9225297,12683.292682926829,9423764.094404977,31858318.451486558,13658.853658536585,9423420.440028444,31857374.268846937,13658.853658536585
9423813.011757873,31858835.278327942,13171.073170731708,3.8293549564256044,9423518.274734236,31858407.9225297,12683.292682926829,9423861.92911077,31859352.105169326,12683.292682926829,9424107.74878151,31859262.63412618,13658.853658536585,9423764.094404977,31858318.451486558,13658.853658536585
9424156.666134404,31859779.460967563,13171.073170731708,3.3156581313796005,9423861.92911077,31859352.105169326,12683.292682926829,9424205.583487302,31860296.287808944,12683.292682926829,9424451.40315804,31860206.816765796,13658.853658536585,9424107.74878151,31859262.63412618,13658.853658536585
9424500.320510939,31860723.64360718,13171.073170731708,2.8855290898071813,9424205.583487302,31860296.287808944,12683.292682926829,9424549.237863835,31861240.470448565,12683.292682926829,9424795.057534574,31861150.999405418,13658.853658536585,9424451.40315804,31860206.816765796,13658.853658536585
9424843.97488747,31861667.8262468,13171.073170731708,2.4053835435980773,9424549.237863835,31861240.470448565,12683.292682926829,9424892.892240368,31862184.653088186,12683.292682926829,9425138.711911106,31862095.18204504,13658.853658536585,9424795.057534574,31861150.999405418,13658.853658536585
9425187.629264005,31862612.00888642,13171.073170731708,2.209417878203758,9424892.892240368,31862184.653088186,12683.292682926829,9425236.546616899,31863128.835727803,12683.292682926829,9425482.36628764,31863039.364684656,13658.853658536585,9425138.711911106,31862095.18204504,13658.853658536585
9425531.283640536,31863556.19152604,13171.073170731708,2.0300262692017936,9425236.546616899,31863128.835727803,12683.292682926829,9425580.200993432,31864073.018367425,12683.292682926829,9425826.020664172,31863983.547324277,13658.853658536585,9425482.36628764,31863039.364684656,13658.853658536585
9425874.938017067,31864500.374165658,13171.073170731708,1.6538114440573013,9425580.200993432,31864073.018367425,12683.292682926829,9425923.855369965,31865017.201007042,12683.292682926829,9426169.675040703,31864927.729963895,13658.853658536585,9425826.020664172,31863983.547324277,13658.853658536585
9426218.592393601,31865444.55680528,13171.073170731708,1.7528950952964992,9425923.855369965,31865017.201007042,12683.292682926829,9426267.509746497,31865961.383646663,12683.292682926829,9426513.329417236,31865871.912603516,13658.853658536585,9426169.675040703,31864927.729963895,13658.853658536585
9426562.246770132,31866388.7394449,13171.073170731708,1.4302302636059985,9426267.509746497,31865961.383646663,12683.292682926829,9426611.16412303,31866905.56628628,12683.292682926829,9426856.983793769,31866816.095243134,13658.853658536585,9426513.329417236,31865871.912603516,13658.853658536585
9426905.901146665,31867332.922084518,13171.073170731708,2.1996313928583073,9426611.16412303,31866905.56628628,12683.292682926829,9426954.818499561,31867849.748925902,12683.292682926829,9427200.638170302,31867760.27788276,13658.853658536585,9426856.983793769,31866816.095243134,13658.853658536585
9427249.555523198,31868277.10472414,13171.073170731708,2.2834272919676564,9426954.818499561,31867849.748925902,12683.292682926829,9427298.472876094,31868793.931565523,12683.292682926829,9427544.292546835,31868704.46052238,13658.853658536585,9427200.638170302,31867760.27788276,13658.853658536585
9427593.20989973,31869221.28736376,13171.073170731708,2.177558017578866,9427298.472876094,31868793.931565523,12683.292682926829,9427642.127252627,31869738.11420514,12683.292682926829,9427887.946923368,31869648.643161997,13658.853658536585,9427544.292546835,31868704.46052238,13658.853658536585
9427936.864276264,31870165.47000338,13171.073170731708,2.4015449842305463,9427642.127252627,31869738.11420514,12683.292682926829,9427985.78162916,31870682.29684476,12683.292682926829,9428231.6012999,31870592.82580162,13658.853658536585,9427887.946923368,31869648.643161997,13658.853658536585
9428280.518652795,31871109.652643003,13171.073170731708,2.5915790942018178,9427985.78162916,31870682.29684476,12683.292682926829,9428329.436005693,31871626.479484383,12683.292682926829,9428575.255676432,31871537.00844124,13658.853658536585,9428231.6012999,31870592.82580162,13658.853658536585
9428624.17302933,31872053.83528262,13171.073170731708,2.914860892885244,9428329.436005693,31871626.479484383,12683.292682926829,9428673.090382226,31872570.662124004,12683.292682926829,9428918.910052964,31872481.191080857,13658.853658536585,9428575.255676432,31871537.00844124,13658.853658536585
9428967.82740586,31872998.01792224,13171.073170731708,3.449889192564466,9428673.090382226,31872570.662124004,12683.292682926829,9429016.744758759,31873514.844763625,12683.292682926829,9429262.564429497,31873425.37372048,13658.853658536585,9428918.910052964,31872481.191080857,13658.853658536585
9429311.481782394,31873942.200561862,13171.073170731708,3.619282204559947,9429016.744758759,31873514.844763625,12683.292682926829,9429360.39913529,31874459.027403247,12683.292682926829,9429606.21880603,31874369.5563601,13658.853658536585,9429262.564429497,31873425.37372048,13658.853658536585
9429655.136158926,31874886.38320148,13171.073170731708,3.970381026521908,9429360.39913529,31874459.027403247,12683.292682926829,9429704.053511823,31875403.210042864,12683.292682926829,9429949.873182563,31875313.738999717,13658.853658536585,9429606.21880603,31874369.5563601,13658.853658536585
9429998.790535457,31875830.5658411,13171.073170731708,4.820042265179667,9429704.053511823,31875403.210042864,12683.292682926829,9430047.707888355,31876347.392682485,12683.292682926829,9430293.527559096,31876257.921639338,13658.853658536585,9429949.873182563,31875313.738999717,13658.853658536585
9430342.444911992,31876774.748480722,13171.073170731708,5.005825341393548,9430047.707888355,31876347.392682485,12683.292682926829,9430391.362264888,31877291.575322106,12683.292682926829,9430637.181935629,31877202.104278956,13658.853658536585,9430293.527559096,31876257.921639338,13658.853658536585
9430686.099288523,31877718.93112034,13171.073170731708,7.718773513259445,9430391.362264888,31877291.575322106,12683.292682926829,9430735.016641421,31878235.757961724,12683.292682926829,9430980.83631216,31878146.286918577,13658.853658536585,9430637.181935629,31877202.104278956,13658.853658536585
9431029.753665058,31878663.11375996,13171.073170731708,8.338313619607248,9430735.016641421,31878235.757961724,12683.292682926829,9431078.671017954,31879179.940601345,12683.292682926829,9431324.490688693,31879090.469558198,13658.853658536585,9430980.83631216,31878146.286918577,13658.853658536585
9431373.408041589,31879607.296399582,13171.073170731708,8.00182814090296,9431078.671017954,31879179.940601345,12683.292682926829,9431422.325394487,31880124.123240963,12683.292682926829,9431668.145065226,31880034.652197815,13658.853658536585,9431324.490688693,31879090.469558198,13658.853658536585
9431717.062418122,31880551.4790392,13171.073170731708,8.30858965802429,9431422.325394487,31880124.123240963,12683.292682926829,9431765.979771018,31881068.305880584,12683.292682926829,9432011.799441759,31880978.83483744,13658.853658536585,9431668.145065226,31880034.652197815,13658.853658536585
9432060.716794655,31881495.66167882,13171.073170731708,8.793674937108849,9431765.979771018,31881068.305880584,12683.292682926829,9432109.63414755,31882012.488520205,12683.292682926829,9432355.453818291,31881923.01747706,13658.853658536585,9432011.799441759,31880978.83483744,13658.853658536585
9432404.371171186,31882439.84431844,13171.073170731708,8.890272905599693,9432109.63414755,31882012.488520205,12683.292682926829,9432453.288524084,31882956.671159822,12683.292682926829,9432699.108194824,31882867.20011668,13658.853658536585,9432355.453818291,31881923.01747706,13658.853658536585
9432748.02554772,31883384.026958063,13171.073170731708,10.137945427156739,9432453.288524084,31882956.671159822,12683.292682926829,9432796.942900617,31883900.853799444,12683.292682926829,9433042.762571357,31883811.3827563,13658.853658536585,9432699.108194824,31882867.20011668,13658.853658536585
9433091.679924253,31884328.209597684,13171.073170731708,9.215906370857043,9432796.942900617,31883900.853799444,12683.292682926829,9433140.59727715,31884845.036439065,12683.292682926829,9433386.41694789,31884755.56539592,13658.853658536585,9433042.762571357,31883811.3827563,13658.853658536585
9433435.334300786,31885272.392237302,13171.073170731708,10.01607910119757,9433140.59727715,31884845.036439065,12683.292682926829,9433484.251653682,31885789.219078686,12683.292682926829,9433730.071324421,31885699.74803554,13658.853658536585,9433386.41694789,31884755.56539592,13658.853658536585
9433778.988677317,31886216.574876923,13171.073170731708,11.364666525753844,9433484.251653682,31885789.219078686,12683.292682926829,9433827.906030215,31886733.401718307,12683.292682926829,9434073.725700954,31886643.93067516,13658.853658536585,9433730.071324421,31885699.74803554,13658.853658536585
9434122.64305385,31887160.757516544,13171.073170731708,10.10401630432623,9433827.906030215,31886733.401718307,12683.292682926829,9434171.560406746,31887677.584357925,12683.292682926829,9434417.380077487,31887588.113314778,13658.853658536585,9434073.725700954,31886643.93067516,13658.853658536585
9434466.297430383,31888104.94015616,13171.073170731708,10.952107390811042,9434171.560406746,31887677.584357925,12683.292682926829,9434515.21478328,31888621.766997546,12683.292682926829,9434761.03445402,31888532.2959544,13658.853658536585,9434417.380077487,31887588.113314778,13658.853658536585
9434809.951806914,31889049.122795783,13171.073170731708,8.607460921598289,9434515.21478328,31888621.766997546,12683.292682926829,9434858.869159812,31889565.949637167,12683.292682926829,9435104.688830553,31889476.478594016,13658.853658536585,9434761.03445402,31888532.2959544,13658.853658536585
9435153.606183449,31889993.305435404,13171.073170731708,9.677450030526915,9434858.869159812,31889565.949637167,12683.292682926829,9435202.523536345,31890510.132276785,12683.292682926829,9435448.343207084,31890420.661233637,13658.853658536585,9435104.688830553,31889476.478594016,13658.853658536585
9435497.26055998,31890937.48807502,13171.073170731708,10.578782116343557,9435202.523536345,31890510.132276785,12683.292682926829,9435546.177912878,31891454.314916406,12683.292682926829,9435791.997583617,31891364.84387326,13658.853658536585,9435448.343207084,31890420.661233637,13658.853658536585
9435840.914936515,31891881.67071464,13171.073170731708,11.475838245691177,9435546.177912878,31891454.314916406,12683.292682926829,9435889.83228941,31892398.497556023,12683.292682926829,9436135.65196015,31892309.026512876,13658.853658536585,9435791.997583617,31891364.84387326,13658.853658536585
9436184.569313046,31892825.85335426,13171.073170731708,8.827299548112537,9435889.83228941,31892398.497556023,12683.292682926829,9436233.486665942,31893342.680195644,12683.292682926829,9436479.306336682,31893253.209152497,13658.853658536585,9436135.65196015,31892309.026512876,13658.853658536585
9436528.223689578,31893770.03599388,13171.073170731708,8.77303327877453,9436233.486665942,31893342.680195644,12683.292682926829,9436577.141042475,31894286.862835266,12683.292682926829,9436822.960713215,31894197.391792122,13658.853658536585,9436479.306336682,31893253.209152497,13658.853658536585
9436871.878066111,31894714.2186335,13171.073170731708,11.219414843277049,9436577.141042475,31894286.862835266,12683.292682926829,9436920.795419008,31895231.045474883,12683.292682926829,9437166.615089748,31895141.57443174,13658.853658536585,9436822.960713215,31894197.391792122,13658.853658536585
9437215.532442642,31895658.40127312,13171.073170731708,13.494761455759972,9436920.795419008,31895231.045474883,12683.292682926829,9437264.44979554,31896175.228114504,12683.292682926829,9437510.269466281,31896085.75707136,13658.853658536585,9437166.615089748,31895141.57443174,13658.853658536585
9437559.186819177,31896602.583912745,13171.073170731708,15.628830887905629,9437264.44979554,31896175.228114504,12683.292682926829,9437608.104172073,31897119.410754126,12683.292682926829,9437853.923842812,31897029.939710982,13658.853658536585,9437510.269466281,31896085.75707136,13658.853658536585
9437902.841195708,31897546.766552363,13171.073170731708,15.631426423422552,9437608.104172073,31897119.410754126,12683.292682926829,9437951.758548606,31898063.593393743,12683.292682926829,9438197.578219345,31897974.1223506,13658.853658536585,9437853.923842812,31897029.939710982,13658.853658536585
9438246.495572243,31898490.949191984,13171.073170731708,14.699124259889741,9437951.758548606,31898063.593393743,12683.292682926829,9438295.41292514,31899007.776033364,12683.292682926829,9438541.232595878,31898918.30499022,13658.853658536585,9438197.578219345,31897974.1223506,13658.853658536585
9438590.149948774,31899435.131831605,13171.073170731708,15.124463022132964,9438295.41292514,31899007.776033364,12683.292682926829,9438639.06730167,31899951.95867299,12683.292682926829,9438884.88697241,31899862.487629842,13658.853658536585,9438541.232595878,31898918.30499022,13658.853658536585
9438933.804325307,31900379.314471226,13171.073170731708,16.001374549488162,9438639.06730167,31899951.95867299,12683.292682926829,9438982.721678203,31900896.141312607,12683.292682926829,9439228.541348943,31900806.67026946,13658.853658536585,9438884.88697241,31899862.487629842,13658.853658536585
9439277.45870184,31901323.497110844,13171.073170731708,16.077547686737436,9438982.721678203,31900896.141312607,12683.292682926829,9439326.376054736,31901840.323952228,12683.292682926829,9439572.195725476,31901750.85290908,13658.853658536585,9439228.541348943,31900806.67026946,13658.853658536585
9439621.11307837,31902267.679750465,13171.073170731708,15.448508008312041,9439326.376054736,31901840.323952228,12683.292682926829,9439670.030431269,31902784.50659185,12683.292682926829,9439915.85010201,31902695.035548702,13658.853658536585,9439572.195725476,31901750.85290908,13658.853658536585
9439964.767454905,31903211.862390082,13171.073170731708,13.417641910651994,9439670.030431269,31902784.50659185,12683.292682926829,9440013.684807802,31903728.689231467,12683.292682926829,9440259.50447854,31903639.21818832,13658.853658536585,9439915.85010201,31902695.035548702,13658.853658536585
9414436.5088857,31832308.69337543,14146.634146341463,4.118483892995036,9414141.771862064,31831881.337577194,13658.853658536585,9414485.426238596,31832825.520216815,13658.853658536585,9414731.245909337,31832736.049173668,14634.414634146342,9414387.591532804,31831791.866534047,14634.414634146342
9414780.163262233,31833252.876015052,14146.634146341463,6.503345255761525,9414485.426238596,31832825.520216815,13658.853658536585,9414829.08061513,31833769.702856436,13658.853658536585,9415074.90028587,31833680.231813285,14634.414634146342,9414731.245909337,31832736.049173668,14634.414634146342
9415123.817638766,31834197.05865467,14146.634146341463,7.146496309262407,9414829.08061513,31833769.702856436,13658.853658536585,9415172.73499166,31834713.885496054,13658.853658536585,9415418.554662403,31834624.414452907,14634.414634146342,9415074.90028587,31833680.231813285,14634.414634146342
9415467.472015299,31835141.24129429,14146.634146341463,7.697727187483378,9415172.73499166,31834713.885496054,13658.853658536585,9415516.389368193,31835658.068135675,13658.853658536585,9415762.209038936,31835568.597092528,14634.414634146342,9415418.554662403,31834624.414452907,14634.414634146342
9415811.12639183,31836085.423933912,14146.634146341463,9.020100664808002,9415516.389368193,31835658.068135675,13658.853658536585,9415860.043744726,31836602.250775296,13658.853658536585,9416105.863415468,31836512.77973215,14634.414634146342,9415762.209038936,31835568.597092528,14634.414634146342
9416154.780768363,31837029.60657353,14146.634146341463,8.81716442526046,9415860.043744726,31836602.250775296,13658.853658536585,9416203.698121259,31837546.433414914,13658.853658536585,9416449.517792001,31837456.96237177,14634.414634146342,9416105.863415468,31836512.77973215,14634.414634146342
9416498.435144896,31837973.78921315,14146.634146341463,7.146298367445654,9416203.698121259,31837546.433414914,13658.853658536585,9416547.352497792,31838490.616054535,13658.853658536585,9416793.172168532,31838401.145011388,14634.414634146342,9416449.517792001,31837456.96237177,14634.414634146342
9416842.089521427,31838917.971852776,14146.634146341463,4.848511565795943,9416547.352497792,31838490.616054535,13658.853658536585,9416891.006874325,31839434.798694156,13658.853658536585,9417136.826545065,31839345.32765101,14634.414634146342,9416793.172168532,31838401.145011388,14634.414634146342
9417185.743897961,31839862.154492397,14146.634146341463,3.4686247974479514,9416891.006874325,31839434.798694156,13658.853658536585,9417234.661250858,31840378.981333774,13658.853658536585,9417480.480921598,31840289.51029063,14634.414634146342,9417136.826545065,31839345.32765101,14634.414634146342
9417529.398274492,31840806.33713201,14146.634146341463,3.5844377698746315,9417234.661250858,31840378.981333774,13658.853658536585,9417578.315627389,31841323.1639734,13658.853658536585,9417824.135298131,31841233.692930248,14634.414634146342,9417480.480921598,31840289.51029063,14634.414634146342
9417873.052651025,31841750.51977163,14146.634146341463,3.51697667947258,9417578.315627389,31841323.1639734,13658.853658536585,9417921.970003922,31842267.346613016,13658.853658536585,9418167.789674664,31842177.87556987,14634.414634146342,9417824.135298131,31841233.692930248,14634.414634146342
9418216.707027558,31842694.70241125,14146.634146341463,4.411316375884517,9417921.970003922,31842267.346613016,13658.853658536585,9418265.624380454,31843211.529252637,13658.853658536585,9418511.444051195,31843122.058209486,14634.414634146342,9418167.789674664,31842177.87556987,14634.414634146342
9418560.36140409,31843638.88505087,14146.634146341463,6.062944556404189,9418265.624380454,31843211.529252637,13658.853658536585,9418609.278756987,31844155.711892255,13658.853658536585,9418855.098427728,31844066.240849108,14634.414634146342,9418511.444051195,31843122.058209486,14634.414634146342
9418904.015780622,31844583.06769049,14146.634146341463,6.126173334765968,9418609.278756987,31844155.711892255,13658.853658536585,9418952.93313352,31845099.894531876,13658.853658536585,9419198.75280426,31845010.42348873,14634.414634146342,9418855.098427728,31844066.240849108,14634.414634146342
9419247.670157155,31845527.250330113,14146.634146341463,5.209588909869625,9418952.93313352,31845099.894531876,13658.853658536585,9419296.587510051,31846044.077171497,13658.853658536585,9419542.407180794,31845954.606128346,14634.414634146342,9419198.75280426,31845010.42348873,14634.414634146342
9419591.324533688,31846471.43296973,14146.634146341463,5.0576543405909655,9419296.587510051,31846044.077171497,13658.853658536585,9419640.241886584,31846988.259811115,13658.853658536585,9419886.061557326,31846898.788767967,14634.414634146342,9419542.407180794,31845954.606128346,14634.414634146342
9419934.97891022,31847415.61560935,14146.634146341463,4.727035302600565,9419640.241886584,31846988.259811115,13658.853658536585,9419983.896263117,31847932.442450736,13658.853658536585,9420229.71593386,31847842.971407585,14634.414634146342,9419886.061557326,31846898.788767967,14634.414634146342
9420278.633286754,31848359.798248973,14146.634146341463,5.426349464462342,9419983.896263117,31847932.442450736,13658.853658536585,9420327.55063965,31848876.625090357,13658.853658536585,9420573.370310392,31848787.154047206,14634.414634146342,9420229.71593386,31847842.971407585,14634.414634146342
9420622.287663287,31849303.980888594,14146.634146341463,6.090731144465802,9420327.55063965,31848876.625090357,13658.853658536585,9420671.205016183,31849820.807729974,13658.853658536585,9420917.024686923,31849731.33668683,14634.414634146342,9420573.370310392,31848787.154047206,14634.414634146342
9420965.942039818,31850248.163528208,14146.634146341463,7.543980274784524,9420671.205016183,31849820.807729974,13658.853658536585,9421014.859392716,31850764.990369596,13658.853658536585,9421260.679063456,31850675.51932645,14634.414634146342,9420917.024686923,31849731.33668683,14634.414634146342
9421309.59641635,31851192.34616783,14146.634146341463,7.827771529314386,9421014.859392716,31850764.990369596,13658.853658536585,9421358.513769249,31851709.173009213,13658.853658536585,9421604.333439989,31851619.70196607,14634.414634146342,9421260.679063456,31850675.51932645,14634.414634146342
9421653.250792883,31852136.528807454,14146.634146341463,5.948856726548402,9421358.513769249,31851709.173009213,13658.853658536585,9421702.168145781,31852653.355648834,13658.853658536585,9421947.987816522,31852563.88460569,14634.414634146342,9421604.333439989,31851619.70196607,14634.414634146342
9421996.905169416,31853080.711447075,14146.634146341463,5.1081876980560255,9421702.168145781,31852653.355648834,13658.853658536585,9422045.822522312,31853597.538288455,13658.853658536585,9422291.642193055,31853508.06724531,14634.414634146342,9421947.987816522,31852563.88460569,14634.414634146342
9422340.55954595,31854024.894086692,14146.634146341463,7.175322762721602,9422045.822522312,31853597.538288455,13658.853658536585,9422389.476898845,31854541.720928077,13658.853658536585,9422635.296569588,31854452.24988493,14634.414634146342,9422291.642193055,31853508.06724531,14634.414634146342
9422684.213922482,31854969.076726314,14146.634146341463,7.297830258048462,9422389.476898845,31854541.720928077,13658.853658536585,9422733.131275378,31855485.903567698,13658.853658536585,9422978.95094612,31855396.43252455,14634.414634146342,9422635.296569588,31854452.24988493,14634.414634146342
9423027.868299015,31855913.259365935,14146.634146341463,5.906344102151849,9422733.131275378,31855485.903567698,13658.853658536585,9423076.785651911,31856430.08620732,13658.853658536585,9423322.605322652,31856340.61516417,14634.414634146342,9422978.95094612,31855396.43252455,14634.414634146342
9423371.522675546,31856857.442005552,14146.634146341463,5.669398084922636,9423076.785651911,31856430.08620732,13658.853658536585,9423420.440028444,31857374.268846937,13658.853658536585,9423666.259699184,31857284.79780379,14634.414634146342,9423322.605322652,31856340.61516417,14634.414634146342
9423715.177052079,31857801.624645174,14146.634146341463,5.321065661916908,9423420.440028444,31857374.268846937,13658.853658536585,9423764.094404977,31858318.451486558,13658.853658536585,9424009.914075717,31858228.98044341,14634.414634146342,9423666.259699184,31857284.79780379,14634.414634146342
9424058.831428612,31858745.807284795,14146.634146341463,4.091371446931549,9423764.094404977,31858318.451486558,13658.853658536585,9424107.74878151,31859262.63412618,13658.853658536585,9424353.56845225,31859173.163083028,14634.414634146342,9424009.914075717,31858228.98044341,14634.414634146342
9424402.485805145,31859689.989924416,14146.634146341463,3.431394491861108,9424107.74878151,31859262.63412618,13658.853658536585,9424451.40315804,31860206.816765796,13658.853658536585,9424697.222828783,31860117.34572265,14634.414634146342,9424353.56845225,31859173.163083028,14634.414634146342
9424746.140181677,31860634.172564033,14146.634146341463,2.607533295524297,9424451.40315804,31860206.816765796,13658.853658536585,9424795.057534574,31861150.999405418,13658.853658536585,9425040.877205316,31861061.52836227,14634.414634146342,9424697.222828783,31860117.34572265,14634.414634146342
9425089.79455821,31861578.35520365,14146.634146341463,2.676358210109186,9424795.057534574,31861150.999405418,13658.853658536585,9425138.711911106,31862095.18204504,13658.853658536585,9425384.531581849,31862005.711001888,14634.414634146342,9425040.877205316,31861061.52836227,14634.414634146342
9425433.448934743,31862522.537843272,14146.634146341463,2.8521101241099016,9425138.711911106,31862095.18204504,13658.853658536585,9425482.36628764,31863039.364684656,13658.853658536585,9425728.18595838,31862949.893641513,14634.414634146342,9425384.531581849,31862005.711001888,14634.414634146342
9425777.103311274,31863466.72048289,14146.634146341463,2.3080282304383286,9425482.36628764,31863039.364684656,13658.853658536585,9425826.020664172,31863983.547324277,13658.853658536585,9426071.840334913,31863894.07628113,14634.414634146342,9425728.18595838,31862949.893641513,14634.414634146342
9426120.757687807,31864410.90312251,14146.634146341463,2.518338246651861,9425826.020664172,31863983.547324277,13658.853658536585,9426169.675040703,31864927.729963895,13658.853658536585,9426415.494711446,31864838.25892075,14634.414634146342,9426071.840334913,31863894.07628113,14634.414634146342
9426464.41206434,31865355.085762136,14146.634146341463,1.9641082796663307,9426169.675040703,31864927.729963895,13658.853658536585,9426513.329417236,31865871.912603516,13658.853658536585,9426759.149087979,31865782.44156037,14634.414634146342,9426415.494711446,31864838.25892075,14634.414634146342
9426808.066440873,31866299.268401753,14146.634146341463,1.673223326117899,9426513.329417236,31865871.912603516,13658.853658536585,9426856.983793769,31866816.095243134,13658.853658536585,9427102.803464511,31866726.62419999,14634.414634146342,9426759.149087979,31865782.44156037,14634.414634146342
9427151.720817406,31867243.451041374,14146.634146341463,2.618720601946054,9426856.983793769,31866816.095243134,13658.853658536585,9427200.638170302,31867760.27788276,13658.853658536585,9427446.457841042,31867670.80683961,14634.414634146342,9427102.803464511,31866726.62419999,14634.414634146342
9427495.375193937,31868187.633680996,14146.634146341463,2.9677105678221785,9427200.638170302,31867760.27788276,13658.853658536585,9427544.292546835,31868704.46052238,13658.853658536585,9427790.112217575,31868614.98947923,14634.414634146342,9427446.457841042,31867670.80683961,14634.414634146342
9427839.029570471,31869131.816320617,14146.634146341463,2.4540643266002578,9427544.292546835,31868704.46052238,13658.853658536585,9427887.946923368,31869648.643161997,13658.853658536585,9428133.766594108,31869559.17211885,14634.414634146342,9427790.112217575,31868614.98947923,14634.414634146342
9428182.683947003,31870075.998960234,14146.634146341463,2.344198183776386,9427887.946923368,31869648.643161997,13658.853658536585,9428231.6012999,31870592.82580162,13658.853658536585,9428477.420970641,31870503.35475847,14634.414634146342,9428133.766594108,31869559.17211885,14634.414634146342
9428526.338323535,31871020.18159985,14146.634146341463,1.8672505880238695,9428231.6012999,31870592.82580162,13658.853658536585,9428575.255676432,31871537.00844124,13658.853658536585,9428821.075347174,31871447.53739809,14634.414634146342,9428477.420970641,31870503.35475847,14634.414634146342
9428869.992700068,31871964.364239473,14146.634146341463,2.2565069287304045,9428575.255676432,31871537.00844124,13658.853658536585,9428918.910052964,31872481.191080857,13658.853658536585,9429164.729723707,31872391.72003771,14634.414634146342,9428821.075347174,31871447.53739809,14634.414634146342
9429213.647076601,31872908.546879094,14146.634146341463,2.626633934190549,9428918.910052964,31872481.191080857,13658.853658536585,9429262.564429497,31873425.37372048,13658.853658536585,9429508.38410024,31873335.902677327,14634.414634146342,9429164.729723707,31872391.72003771,14634.414634146342
9429557.301453134,31873852.729518715,14146.634146341463,2.859438971506727,9429262.564429497,31873425.37372048,13658.853658536585,9429606.21880603,31874369.5563601,13658.853658536585,9429852.03847677,31874280.08531695,14634.414634146342,9429508.38410024,31873335.902677327,14634.414634146342
9429900.955829665,31874796.912158333,14146.634146341463,3.795702142045398,9429606.21880603,31874369.5563601,13658.853658536585,9429949.873182563,31875313.738999717,13658.853658536585,9430195.692853304,31875224.26795657,14634.414634146342,9429852.03847677,31874280.08531695,14634.414634146342
9430244.6102062,31875741.094797954,14146.634146341463,5.010378260891267,9429949.873182563,31875313.738999717,13658.853658536585,9430293.527559096,31876257.921639338,13658.853658536585,9430539.347229837,31876168.45059619,14634.414634146342,9430195.692853304,31875224.26795657,14634.414634146342
9430588.26458273,31876685.27743757,14146.634146341463,6.073060326507325,9430293.527559096,31876257.921639338,13658.853658536585,9430637.181935629,31877202.104278956,13658.853658536585,9430883.00160637,31877112.633235812,14634.414634146342,9430539.347229837,31876168.45059619,14634.414634146342
9430931.918959264,31877629.460077193,14146.634146341463,6.685135996807007,9430637.181935629,31877202.104278956,13658.853658536585,9430980.83631216,31878146.286918577,13658.853658536585,9431226.655982902,31878056.815875433,14634.414634146342,9430883.00160637,31877112.633235812,14634.414634146342
9431275.573335797,31878573.642716818,14146.634146341463,6.129616605177358,9430980.83631216,31878146.286918577,13658.853658536585,9431324.490688693,31879090.469558198,13658.853658536585,9431570.310359435,31879000.99851505,14634.414634146342,9431226.655982902,31878056.815875433,14634.414634146342
9431619.22771233,31879517.82535644,14146.634146341463,8.83187427277034,9431324.490688693,31879090.469558198,13658.853658536585,9431668.145065226,31880034.652197815,13658.853658536585,9431913.964735968,31879945.181154672,14634.414634146342,9431570.310359435,31879000.99851505,14634.414634146342
9431962.882088862,31880462.007996056,14146.634146341463,10.785053824043757,9431668.145065226,31880034.652197815,13658.853658536585,9432011.799441759,31880978.83483744,13658.853658536585,9432257.6191125,31880889.363794293,14634.414634146342,9431913.964735968,31879945.181154672,14634.414634146342
9432306.536465395,31881406.190635674,14146.634146341463,9.471654278064548,9432011.799441759,31880978.83483744,13658.853658536585,9432355.453818291,31881923.01747706,13658.853658536585,9432601.273489032,31881833.54643391,14634.414634146342,9432257.6191125,31880889.363794293,14634.414634146342
9432650.190841928,31882350.373275295,14146.634146341463,7.807645291587348,9432355.453818291,31881923.01747706,13658.853658536585,9432699.108194824,31882867.20011668,13658.853658536585,9432944.927865565,31882777.729073532,14634.414634146342,9432601.273489032,31881833.54643391,14634.414634146342
9432993.84521846,31883294.555914916,14146.634146341463,9.337004441582353,9432699.108194824,31882867.20011668,13658.853658536585,9433042.762571357,31883811.3827563,13658.853658536585,9433288.582242098,31883721.911713153,14634.414634146342,9432944.927865565,31882777.729073532,14634.414634146342
9433337.499594992,31884238.738554534,14146.634146341463,11.160311763194539,9433042.762571357,31883811.3827563,13658.853658536585,9433386.41694789,31884755.56539592,13658.853658536585,9433632.23661863,31884666.09435277,14634.414634146342,9433288.582242098,31883721.911713153,14634.414634146342
9433681.153971525,31885182.921194155,14146.634146341463,11.931656440677882,9433386.41694789,31884755.56539592,13658.853658536585,9433730.071324421,31885699.74803554,13658.853658536585,9433975.890995163,31885610.27699239,14634.414634146342,9433632.23661863,31884666.09435277,14634.414634146342
9434024.808348058,31886127.103833776,14146.634146341463,10.725608364771658,9433730.071324421,31885699.74803554,13658.853658536585,9434073.725700954,31886643.93067516,13658.853658536585,9434319.545371696,31886554.459632013,14634.414634146342,9433975.890995163,31885610.27699239,14634.414634146342
9434368.46272459,31887071.286473397,14146.634146341463,9.869651798324467,9434073.725700954,31886643.93067516,13658.853658536585,9434417.380077487,31887588.113314778,13658.853658536585,9434663.199748227,31887498.64227163,14634.414634146342,9434319.545371696,31886554.459632013,14634.414634146342
9434712.117101122,31888015.469113015,14146.634146341463,10.16601808395758,9434417.380077487,31887588.113314778,13658.853658536585,9434761.03445402,31888532.2959544,13658.853658536585,9435006.85412476,31888442.824911248,14634.414634146342,9434663.199748227,31887498.64227163,14634.414634146342
9435055.771477656,31888959.651752636,14146.634146341463,9.888727697458526,9434761.03445402,31888532.2959544,13658.853658536585,9435104.688830553,31889476.478594016,13658.853658536585,9435350.508501293,31889387.007550873,14634.414634146342,9435006.85412476,31888442.824911248,14634.414634146342
9435399.425854187,31889903.834392253,14146.634146341463,10.217869541150447,9435104.688830553,31889476.478594016,13658.853658536585,9435448.343207084,31890420.661233637,13658.853658536585,9435694.162877826,31890331.190190494,14634.414634146342,9435350.508501293,31889387.007550873,14634.414634146342
9435743.08023072,31890848.01703187,14146.634146341463,10.352448125267955,9435448.343207084,31890420.661233637,13658.853658536585,9435791.997583617,31891364.84387326,13658.853658536585,9436037.817254359,31891275.37283011,14634.414634146342,9435694.162877826,31890331.190190494,14634.414634146342
9436086.734607253,31891792.199671496,14146.634146341463,11.314901997242464,9435791.997583617,31891364.84387326,13658.853658536585,9436135.65196015,31892309.026512876,13658.853658536585,9436381.471630892,31892219.555469733,14634.414634146342,9436037.817254359,31891275.37283011,14634.414634146342
9436430.388983786,31892736.382311117,14146.634146341463,9.643914972859053,9436135.65196015,31892309.026512876,13658.853658536585,9436479.306336682,31893253.209152497,13658.853658536585,9436725.126007423,31893163.738109354,14634.414634146342,9436381.471630892,31892219.555469733,14634.414634146342
9436774.043360317,31893680.564950738,14146.634146341463,9.596606515580637,9436479.306336682,31893253.209152497,13658.853658536585,9436822.960713215,31894197.391792122,13658.853658536585,9437068.780383956,31894107.92074897,14634.414634146342,9436725.126007423,31893163.738109354,14634.414634146342
9437117.69773685,31894624.747590356,14146.634146341463,8.859719142057486,9436822.960713215,31894197.391792122,13658.853658536585,9437166.615089748,31895141.57443174,13658.853658536585,9437412.434760489,31895052.103388593,14634.414634146342,9437068.780383956,31894107.92074897,14634.414634146342
9437461.352113385,31895568.930229977,14146.634146341463,9.429457371079751,9437166.615089748,31895141.57443174,13658.853658536585,9437510.269466281,31896085.75707136,13658.853658536585,9437756.089137021,31895996.286028214,14634.414634146342,9437412.434760489,31895052.103388593,14634.414634146342
9437805.006489916,31896513.112869598,14146.634146341463,11.789335275929238,9437510.269466281,31896085.75707136,13658.853658536585,9437853.923842812,31897029.939710982,13658.853658536585,9438099.743513554,31896940.46866783,14634.414634146342,9437756.089137021,31895996.286028214,14634.414634146342
9438148.660866449,31897457.295509215,14146.634146341463,12.720157217086632,9437853.923842812,31897029.939710982,13658.853658536585,9438197.578219345,31897974.1223506,13658.853658536585,9438443.397890087,31897884.651307452,14634.414634146342,9438099.743513554,31896940.46866783,14634.414634146342
9438492.315242982,31898401.478148837,14146.634146341463,10.939526859749062,9438197.578219345,31897974.1223506,13658.853658536585,9438541.232595878,31898918.30499022,13658.853658536585,9438787.05226662,31898828.833947074,14634.414634146342,9438443.397890087,31897884.651307452,14634.414634146342
9438835.969619514,31899345.660788458,14146.634146341463,12.150826804414518,9438541.232595878,31898918.30499022,13658.853658536585,9438884.88697241,31899862.487629842,13658.853658536585,9439130.706643151,31899773.01658669,14634.414634146342,9438787.05226662,31898828.833947074,14634.414634146342
9439179.623996045,31900289.84342808,14146.634146341463,13.149596441962787,9438884.88697241,31899862.487629842,13658.853658536585,9439228.541348943,31900806.67026946,13658.853658536585,9439474.361019684,31900717.199226312,14634.414634146342,9439130.706643151,31899773.01658669,14634.414634146342
9439523.278372578,31901234.026067693,14146.634146341463,11.978459054269582,9439228.541348943,31900806.67026946,13658.853658536585,9439572.195725476,31901750.85290908,13658.853658536585,9439818.015396217,31901661.38186593,14634.414634146342,9439474.361019684,31900717.199226312,14634.414634146342
9439866.932749113,31902178.208707314,14146.634146341463,13.442681575833497,9439572.195725476,31901750.85290908,13658.853658536585,9439915.85010201,31902695.035548702,13658.853658536585,9440161.66977275,31902605.564505555,14634.414634146342,9439818.015396217,31901661.38186593,14634.414634146342
9440210.587125644,31903122.391346935,14146.634146341463,11.628555643267289,9439915.85010201,31902695.035548702,13658.853658536585,9440259.50447854,31903639.21818832,13658.853658536585,9440505.324149283,31903549.747145176,14634.414634146342,9440161.66977275,31902605.564505555,14634.414634146342
9414682.328556439,31832219.222332284,15122.195121951221,2.947623544286631,9414387.591532804,31831791.866534047,14634.414634146342,9414731.245909337,31832736.049173668,14634.414634146342,9414977.065580077,31832646.578130525,15609.975609756098,9414633.411203545,31831702.395490903,15609.975609756098
9415025.982932974,31833163.404971905,15122.195121951221,4.136723673173137,9414731.245909337,31832736.049173668,14634.414634146342,9415074.90028587,31833680.231813285,14634.414634146342,9415320.71995661,31833590.760770142,15609.975609756098,9414977.065580077,31832646.578130525,15609.975609756098
9415369.637309505,31834107.587611526,15122.195121951221,5.264161048767542,9415074.90028587,31833680.231813285,14634.414634146342,9415418.554662403,31834624.414452907,14634.414634146342,9415664.374333141,31834534.943409763,15609.975609756098,9415320.71995661,31833590.760770142,15609.975609756098
9415713.29168604,31835051.770251147,15122.195121951221,7.142599770729444,9415418.554662403,31834624.414452907,14634.414634146342,9415762.209038936,31835568.597092528,14634.414634146342,9416008.028709674,31835479.12604938,15609.975609756098,9415664.374333141,31834534.943409763,15609.975609756098
9416056.94606257,31835995.952890765,15122.195121951221,7.787677294117631,9415762.209038936,31835568.597092528,14634.414634146342,9416105.863415468,31836512.77973215,14634.414634146342,9416351.683086207,31836423.308689002,15609.975609756098,9416008.028709674,31835479.12604938,15609.975609756098
9416400.600439105,31836940.135530386,15122.195121951221,9.052895759141093,9416105.863415468,31836512.77973215,14634.414634146342,9416449.517792001,31837456.96237177,14634.414634146342,9416695.33746274,31837367.491328623,15609.975609756098,9416351.683086207,31836423.308689002,15609.975609756098
9416744.254815636,31837884.318170007,15122.195121951221,7.6596955318366025,9416449.517792001,31837456.96237177,14634.414634146342,9416793.172168532,31838401.145011388,14634.414634146342,9417038.991839273,31838311.67396824,15609.975609756098,9416695.33746274,31837367.491328623,15609.975609756098
9417087.909192167,31838828.500809625,15122.195121951221,6.667496731534387,9416793.172168532,31838401.145011388,14634.414634146342,9417136.826545065,31839345.32765101,14634.414634146342,9417382.646215806,31839255.85660786,15609.975609756098,9417038.991839273,31838311.67396824,15609.975609756098
9417431.563568702,31839772.683449246,15122.195121951221,6.791383618591954,9417136.826545065,31839345.32765101,14634.414634146342,9417480.480921598,31840289.51029063,14634.414634146342,9417726.300592339,31840200.039247483,15609.975609756098,9417382.646215806,31839255.85660786,15609.975609756098
9417775.217945235,31840716.866088863,15122.195121951221,6.238180888887404,9417480.480921598,31840289.51029063,14634.414634146342,9417824.135298131,31841233.692930248,14634.414634146342,9418069.954968872,31841144.2218871,15609.975609756098,9417726.300592339,31840200.039247483,15609.975609756098
9418118.872321768,31841661.048728485,15122.195121951221,5.453873348227755,9417824.135298131,31841233.692930248,14634.414634146342,9418167.789674664,31842177.87556987,14634.414634146342,9418413.609345403,31842088.40452672,15609.975609756098,9418069.954968872,31841144.2218871,15609.975609756098
9418462.526698299,31842605.231368102,15122.195121951221,5.683563796792933,9418167.789674664,31842177.87556987,14634.414634146342,9418511.444051195,31843122.058209486,14634.414634146342,9418757.263721935,31843032.58716634,15609.975609756098,9418413.609345403,31842088.40452672,15609.975609756098
9418806.181074832,31843549.414007723,15122.195121951221,6.353937385526188,9418511.444051195,31843122.058209486,14634.414634146342,9418855.098427728,31844066.240849108,14634.414634146342,9419100.918098468,31843976.769805964,15609.975609756098,9418757.263721935,31843032.58716634,15609.975609756098
9419149.835451365,31844493.596647345,15122.195121951221,5.223950956110269,9418855.098427728,31844066.240849108,14634.414634146342,9419198.75280426,31845010.42348873,14634.414634146342,9419444.572475001,31844920.95244558,15609.975609756098,9419100.918098468,31843976.769805964,15609.975609756098
9419493.489827896,31845437.779286962,15122.195121951221,5.354124620813168,9419198.75280426,31845010.42348873,14634.414634146342,9419542.407180794,31845954.606128346,14634.414634146342,9419788.226851534,31845865.135085203,15609.975609756098,9419444.572475001,31844920.95244558,15609.975609756098
9419837.14420443,31846381.961926587,15122.195121951221,5.207767151554635,9419542.407180794,31845954.606128346,14634.414634146342,9419886.061557326,31846898.788767967,14634.414634146342,9420131.881228065,31846809.317724824,15609.975609756098,9419788.226851534,31845865.135085203,15609.975609756098
9420180.798580961,31847326.144566208,15122.195121951221,4.985396868761443,9419886.061557326,31846898.788767967,14634.414634146342,9420229.71593386,31847842.971407585,14634.414634146342,9420475.535604598,31847753.50036444,15609.975609756098,9420131.881228065,31846809.317724824,15609.975609756098
9420524.452957496,31848270.327205826,15122.195121951221,5.152327384305628,9420229.71593386,31847842.971407585,14634.414634146342,9420573.370310392,31848787.154047206,14634.414634146342,9420819.18998113,31848697.683004063,15609.975609756098,9420475.535604598,31847753.50036444,15609.975609756098
9420868.107334027,31849214.509845447,15122.195121951221,6.412161836935446,9420573.370310392,31848787.154047206,14634.414634146342,9420917.024686923,31849731.33668683,14634.414634146342,9421162.844357662,31849641.865643684,15609.975609756098,9420819.18998113,31848697.683004063,15609.975609756098
9421211.76171056,31850158.692485064,15122.195121951221,7.875637067044612,9420917.024686923,31849731.33668683,14634.414634146342,9421260.679063456,31850675.51932645,14634.414634146342,9421506.498734195,31850586.0482833,15609.975609756098,9421162.844357662,31849641.865643684,15609.975609756098
9421555.416087093,31851102.875124685,15122.195121951221,10.521709108204462,9421260.679063456,31850675.51932645,14634.414634146342,9421604.333439989,31851619.70196607,14634.414634146342,9421850.153110728,31851530.230922922,15609.975609756098,9421506.498734195,31850586.0482833,15609.975609756098
9421899.070463624,31852047.057764307,15122.195121951221,12.618845966615453,9421604.333439989,31851619.70196607,14634.414634146342,9421947.987816522,31852563.88460569,14634.414634146342,9422193.80748726,31852474.413562544,15609.975609756098,9421850.153110728,31851530.230922922,15609.975609756098
9422242.724840159,31852991.240403924,15122.195121951221,11.884657379826042,9421947.987816522,31852563.88460569,14634.414634146342,9422291.642193055,31853508.06724531,14634.414634146342,9422537.461863792,31853418.59620216,15609.975609756098,9422193.80748726,31852474.413562544,15609.975609756098
9422586.37921669,31853935.423043545,15122.195121951221,12.404359460058238,9422291.642193055,31853508.06724531,14634.414634146342,9422635.296569588,31854452.24988493,14634.414634146342,9422881.116240324,31854362.778841782,15609.975609756098,9422537.461863792,31853418.59620216,15609.975609756098
9422930.033593224,31854879.605683167,15122.195121951221,11.152743819951308,9422635.296569588,31854452.24988493,14634.414634146342,9422978.95094612,31855396.43252455,14634.414634146342,9423224.770616857,31855306.961481404,15609.975609756098,9422881.116240324,31854362.778841782,15609.975609756098
9423273.687969755,31855823.788322784,15122.195121951221,8.509541070296548,9422978.95094612,31855396.43252455,14634.414634146342,9423322.605322652,31856340.61516417,14634.414634146342,9423568.42499339,31856251.14412102,15609.975609756098,9423224.770616857,31855306.961481404,15609.975609756098
9423617.342346288,31856767.970962405,15122.195121951221,6.2018180964637635,9423322.605322652,31856340.61516417,14634.414634146342,9423666.259699184,31857284.79780379,14634.414634146342,9423912.079369923,31857195.326760642,15609.975609756098,9423568.42499339,31856251.14412102,15609.975609756098
9423960.996722821,31857712.153602026,15122.195121951221,6.031887686234273,9423666.259699184,31857284.79780379,14634.414634146342,9424009.914075717,31858228.98044341,14634.414634146342,9424255.733746456,31858139.509400267,15609.975609756098,9423912.079369923,31857195.326760642,15609.975609756098
9424304.651099352,31858656.336241648,15122.195121951221,3.653122911248046,9424009.914075717,31858228.98044341,14634.414634146342,9424353.56845225,31859173.163083028,14634.414634146342,9424599.388122989,31859083.692039885,15609.975609756098,9424255.733746456,31858139.509400267,15609.975609756098
9424648.305475887,31859600.518881265,15122.195121951221,2.3308062853695097,9424353.56845225,31859173.163083028,14634.414634146342,9424697.222828783,31860117.34572265,14634.414634146342,9424943.04249952,31860027.874679506,15609.975609756098,9424599.388122989,31859083.692039885,15609.975609756098
9424991.959852418,31860544.701520886,15122.195121951221,1.461007706725121,9424697.222828783,31860117.34572265,14634.414634146342,9425040.877205316,31861061.52836227,14634.414634146342,9425286.696876053,31860972.057319123,15609.975609756098,9424943.04249952,31860027.874679506,15609.975609756098
9425335.614228953,31861488.884160507,15122.195121951221,1.6811288048671515,9425040.877205316,31861061.52836227,14634.414634146342,9425384.531581849,31862005.711001888,14634.414634146342,9425630.351252586,31861916.239958744,15609.975609756098,9425286.696876053,31860972.057319123,15609.975609756098
9425679.268605484,31862433.06680013,15122.195121951221,2.072045044636192,9425384.531581849,31862005.711001888,14634.414634146342,9425728.18595838,31862949.893641513,14634.414634146342,9425974.005629119,31862860.422598366,15609.975609756098,9425630.351252586,31861916.239958744,15609.975609756098
9426022.922982017,31863377.249439746,15122.195121951221,2.429996084231325,9425728.18595838,31862949.893641513,14634.414634146342,9426071.840334913,31863894.07628113,14634.414634146342,9426317.660005651,31863804.605237983,15609.975609756098,9425974.005629119,31862860.422598366,15609.975609756098
9426366.57735855,31864321.432079367,15122.195121951221,1.9815785555010987,9426071.840334913,31863894.07628113,14634.414634146342,9426415.494711446,31864838.25892075,14634.414634146342,9426661.314382182,31864748.787877604,15609.975609756098,9426317.660005651,31863804.605237983,15609.975609756098
9426710.23173508,31865265.61471899,15122.195121951221,1.8235934108914633,9426415.494711446,31864838.25892075,14634.414634146342,9426759.149087979,31865782.44156037,14634.414634146342,9427004.968758715,31865692.97051722,15609.975609756098,9426661.314382182,31864748.787877604,15609.975609756098
9427053.886111615,31866209.797358606,15122.195121951221,1.1713099218078087,9426759.149087979,31865782.44156037,14634.414634146342,9427102.803464511,31866726.62419999,14634.414634146342,9427348.623135248,31866637.153156843,15609.975609756098,9427004.968758715,31865692.97051722,15609.975609756098
9427397.540488146,31867153.979998227,15122.195121951221,1.3522556148042257,9427102.803464511,31866726.62419999,14634.414634146342,9427446.457841042,31867670.80683961,14634.414634146342,9427692.277511781,31867581.335796464,15609.975609756098,9427348.623135248,31866637.153156843,15609.975609756098
9427741.194864677,31868098.16263785,15122.195121951221,2.1502373608032546,9427446.457841042,31867670.80683961,14634.414634146342,9427790.112217575,31868614.98947923,14634.414634146342,9428035.931888314,31868525.51843608,15609.975609756098,9427692.277511781,31867581.335796464,15609.975609756098
9428084.849241212,31869042.345277466,15122.195121951221,2.63152835924448,9427790.112217575,31868614.98947923,14634.414634146342,9428133.766594108,31869559.17211885,14634.414634146342,9428379.586264847,31869469.701075703,15609.975609756098,9428035.931888314,31868525.51843608,15609.975609756098
9428428.503617745,31869986.527917083,15122.195121951221,1.5856704013270768,9428133.766594108,31869559.17211885,14634.414634146342,9428477.420970641,31870503.35475847,14634.414634146342,9428723.24064138,31870413.883715324,15609.975609756098,9428379.586264847,31869469.701075703,15609.975609756098
9428772.157994278,31870930.710556705,15122.195121951221,1.3238850806335176,9428477.420970641,31870503.35475847,14634.414634146342,9428821.075347174,31871447.53739809,14634.414634146342,9429066.89501791,31871358.066354945,15609.975609756098,9428723.24064138,31870413.883715324,15609.975609756098
9429115.812370809,31871874.893196326,15122.195121951221,1.046476247581753,9428821.075347174,31871447.53739809,14634.414634146342,9429164.729723707,31872391.72003771,14634.414634146342,9429410.549394444,31872302.248994567,15609.975609756098,9429066.89501791,31871358.066354945,15609.975609756098
9429459.466747344,31872819.075835947,15122.195121951221,1.9782430371062658,9429164.729723707,31872391.72003771,14634.414634146342,9429508.38410024,31873335.902677327,14634.414634146342,9429754.203770977,31873246.431634184,15609.975609756098,9429410.549394444,31872302.248994567,15609.975609756098
9429803.121123875,31873763.25847557,15122.195121951221,2.6663398619212018,9429508.38410024,31873335.902677327,14634.414634146342,9429852.03847677,31874280.08531695,14634.414634146342,9430097.85814751,31874190.614273805,15609.975609756098,9429754.203770977,31873246.431634184,15609.975609756098
9430146.775500406,31874707.44111519,15122.195121951221,3.4198417279028916,9429852.03847677,31874280.08531695,14634.414634146342,9430195.692853304,31875224.26795657,14634.414634146342,9430441.512524042,31875134.796913426,15609.975609756098,9430097.85814751,31874190.614273805,15609.975609756098
9430490.42987694,31875651.623754807,15122.195121951221,4.7166297337095715,9430195.692853304,31875224.26795657,14634.414634146342,9430539.347229837,31876168.45059619,14634.414634146342,9430785.166900575,31876078.979553044,15609.975609756098,9430441.512524042,31875134.796913426,15609.975609756098
9430834.084253473,31876595.806394428,15122.195121951221,6.064263049159549,9430539.347229837,31876168.45059619,14634.414634146342,9430883.00160637,31877112.633235812,14634.414634146342,9431128.821277108,31877023.162192665,15609.975609756098,9430785.166900575,31876078.979553044,15609.975609756098
9431177.738630006,31877539.98903405,15122.195121951221,6.269206008469901,9430883.00160637,31877112.633235812,14634.414634146342,9431226.655982902,31878056.815875433,14634.414634146342,9431472.47565364,31877967.344832286,15609.975609756098,9431128.821277108,31877023.162192665,15609.975609756098
9431521.393006537,31878484.17167367,15122.195121951221,7.397352680003898,9431226.655982902,31878056.815875433,14634.414634146342,9431570.310359435,31879000.99851505,14634.414634146342,9431816.130030172,31878911.527471904,15609.975609756098,9431472.47565364,31877967.344832286,15609.975609756098
9431865.047383072,31879428.354313288,15122.195121951221,8.473562214657303,9431570.310359435,31879000.99851505,14634.414634146342,9431913.964735968,31879945.181154672,14634.414634146342,9432159.784406705,31879855.710111525,15609.975609756098,9431816.130030172,31878911.527471904,15609.975609756098
9432208.701759603,31880372.53695291,15122.195121951221,10.316587067814007,9431913.964735968,31879945.181154672,14634.414634146342,9432257.6191125,31880889.363794293,14634.414634146342,9432503.438783238,31880799.892751146,15609.975609756098,9432159.784406705,31879855.710111525,15609.975609756098
9432552.356136138,31881316.719592527,15122.195121951221,9.67040582374181,9432257.6191125,31880889.363794293,14634.414634146342,9432601.273489032,31881833.54643391,14634.414634146342,9432847.09315977,31881744.075390764,15609.975609756098,9432503.438783238,31880799.892751146,15609.975609756098
9432896.010512669,31882260.902232148,15122.195121951221,8.440705217744545,9432601.273489032,31881833.54643391,14634.414634146342,9432944.927865565,31882777.729073532,14634.414634146342,9433190.747536303,31882688.258030385,15609.975609756098,9432847.09315977,31881744.075390764,15609.975609756098
9433239.664889202,31883205.08487177,15122.195121951221,9.094574034858049,9432944.927865565,31882777.729073532,14634.414634146342,9433288.582242098,31883721.911713153,14634.414634146342,9433534.401912836,31883632.440670006,15609.975609756098,9433190.747536303,31882688.258030385,15609.975609756098
9433583.319265734,31884149.267511386,15122.195121951221,11.083392752689715,9433288.582242098,31883721.911713153,14634.414634146342,9433632.23661863,31884666.09435277,14634.414634146342,9433878.05628937,31884576.623309627,15609.975609756098,9433534.401912836,31883632.440670006,15609.975609756098
9433926.973642265,31885093.450151008,15122.195121951221,13.528072382715138,9433632.23661863,31884666.09435277,14634.414634146342,9433975.890995163,31885610.27699239,14634.414634146342,9434221.7106659,31885520.80594925,15609.975609756098,9433878.05628937,31884576.623309627,15609.975609756098
9434270.6280188,31886037.63279063,15122.195121951221,14.014353215526176,9433975.890995163,31885610.27699239,14634.414634146342,9434319.545371696,31886554.459632013,14634.414634146342,9434565.365042433,31886464.98858887,15609.975609756098,9434221.7106659,31885520.80594925,15609.975609756098
9434614.282395331,31886981.815430254,15122.195121951221,13.865728431776024,9434319.545371696,31886554.459632013,14634.414634146342,9434663.199748227,31887498.64227163,14634.414634146342,9434909.019418966,31887409.171228487,15609.975609756098,9434565.365042433,31886464.98858887,15609.975609756098
9434957.936771862,31887925.99806987,15122.195121951221,13.05268518196923,9434663.199748227,31887498.64227163,14634.414634146342,9435006.85412476,31888442.824911248,14634.414634146342,9435252.673795499,31888353.353868105,15609.975609756098,9434909.019418966,31887409.171228487,15609.975609756098
9435301.591148397,31888870.18070949,15122.195121951221,13.17712488709388,9435006.85412476,31888442.824911248,14634.414634146342,9435350.508501293,31889387.007550873,14634.414634146342,9435596.328172032,31889297.536507726,15609.975609756098,9435252.673795499,31888353.353868105,15609.975609756098
9435645.245524928,31889814.36334911,15122.195121951221,12.203194262567145,9435350.508501293,31889387.007550873,14634.414634146342,9435694.162877826,31890331.190190494,14634.414634146342,9435939.982548563,31890241.719147347,15609.975609756098,9435596.328172032,31889297.536507726,15609.975609756098
9435988.899901463,31890758.545988727,15122.195121951221,11.543953242108195,9435694.162877826,31890331.190190494,14634.414634146342,9436037.817254359,31891275.37283011,14634.414634146342,9436283.636925096,31891185.901786964,15609.975609756098,9435939.982548563,31890241.719147347,15609.975609756098
9436332.554277994,31891702.72862835,15122.195121951221,9.267065693583353,9436037.817254359,31891275.37283011,14634.414634146342,9436381.471630892,31892219.555469733,14634.414634146342,9436627.291301629,31892130.084426586,15609.975609756098,9436283.636925096,31891185.901786964,15609.975609756098
9436676.208654527,31892646.91126797,15122.195121951221,8.281536936037387,9436381.471630892,31892219.555469733,14634.414634146342,9436725.126007423,31893163.738109354,14634.414634146342,9436970.945678161,31893074.267066207,15609.975609756098,9436627.291301629,31892130.084426586,15609.975609756098
9437019.86303106,31893591.093907587,15122.195121951221,8.790505910534556,9436725.126007423,31893163.738109354,14634.414634146342,9437068.780383956,31894107.92074897,14634.414634146342,9437314.600054694,31894018.449705824,15609.975609756098,9436970.945678161,31893074.267066207,15609.975609756098
9437363.51740759,31894535.27654721,15122.195121951221,9.12769542348643,9437068.780383956,31894107.92074897,14634.414634146342,9437412.434760489,31895052.103388593,14634.414634146342,9437658.254431227,31894962.632345445,15609.975609756098,9437314.600054694,31894018.449705824,15609.975609756098
9437707.171784125,31895479.45918683,15122.195121951221,9.730924150317767,9437412.434760489,31895052.103388593,14634.414634146342,9437756.089137021,31895996.286028214,14634.414634146342,9438001.90880776,31895906.814985067,15609.975609756098,9437658.254431227,31894962.632345445,15609.975609756098
9438050.826160656,31896423.641826447,15122.195121951221,10.64348662837945,9437756.089137021,31895996.286028214,14634.414634146342,9438099.743513554,31896940.46866783,14634.414634146342,9438345.563184291,31896850.997624688,15609.975609756098,9438001.90880776,31895906.814985067,15609.975609756098
9438394.480537191,31897367.82446607,15122.195121951221,10.877132035155512,9438099.743513554,31896940.46866783,14634.414634146342,9438443.397890087,31897884.651307452,14634.414634146342,9438689.217560824,31897795.18026431,15609.975609756098,9438345.563184291,31896850.997624688,15609.975609756098
9438738.134913722,31898312.00710569,15122.195121951221,10.758869111657647,9438443.397890087,31897884.651307452,14634.414634146342,9438787.05226662,31898828.833947074,14634.414634146342,9439032.871937357,31898739.362903927,15609.975609756098,9438689.217560824,31897795.18026431,15609.975609756098
9439081.789290255,31899256.18974531,15122.195121951221,10.782211165939206,9438787.05226662,31898828.833947074,14634.414634146342,9439130.706643151,31899773.01658669,14634.414634146342,9439376.52631389,31899683.545543548,15609.975609756098,9439032.871937357,31898739.362903927,15609.975609756098
9439425.443666788,31900200.372384932,15122.195121951221,10.074978559170656,9439130.706643151,31899773.01658669,14634.414634146342,9439474.361019684,31900717.199226312,14634.414634146342,9439720.180690423,31900627.72818317,15609.975609756098,9439376.52631389,31899683.545543548,15609.975609756098
9439769.098043319,31901144.55502455,15122.195121951221,9.375154325043166,9439474.361019684,31900717.199226312,14634.414634146342,9439818.015396217,31901661.38186593,14634.414634146342,9440063.835066956,31901571.910822786,15609.975609756098,9439720.180690423,31900627.72818317,15609.975609756098
9440112.752419854,31902088.73766417,15122.195121951221,9.451077177978528,9439818.015396217,31901661.38186593,14634.414634146342,9440161.66977275,31902605.564505555,14634.414634146342,9440407.489443488,31902516.093462408,15609.975609756098,9440063.835066956,31901571.910822786,15609.975609756098
9440456.406796386,31903032.92030379,15122.195121951221,11.821408374632297,9440161.66977275,31902605.564505555,14634.414634146342,9440505.324149283,31903549.747145176,14634.414634146342,9440751.143820021,31903460.27610203,15609.975609756098,9440407.489443488,31902516.093462408,15609.975609756098
9414928.14822718,31832129.75128914,16097.756097560974,1.924651299860735,9414633.411203545,31831702.395490903,15609.975609756098,9414977.065580077,31832646.578130525,15609.975609756098,9415222.885250814,31832557.107087374,16585.536585365855,9414879.230874281,31831612.924447756,16585.536585365855
9415271.80260371,31833073.933928758,16097.756097560974,2.485575346897591,9414977.065580077,31832646.578130525,15609.975609756098,9415320.71995661,31833590.760770142,15609.975609756098,9415566.539627347,31833501.289726995,16585.536585365855,9415222.885250814,31832557.107087374,16585.536585365855
9415615.456980243,31834018.11656838,16097.756097560974,3.389302626469302,9415320.71995661,31833590.760770142,15609.975609756098,9415664.374333141,31834534.943409763,15609.975609756098,9415910.19400388,31834445.472366616,16585.536585365855,9415566.539627347,31833501.289726995,16585.536585365855
9415959.111356776,31834962.299207997,16097.756097560974,5.4051051567522395,9415664.374333141,31834534.943409763,15609.975609756098,9416008.028709674,31835479.12604938,15609.975609756098,9416253.848380413,31835389.655006234,16585.536585365855,9415910.19400388,31834445.472366616,16585.536585365855
9416302.765733307,31835906.481847618,16097.756097560974,6.864593320223074,9416008.028709674,31835479.12604938,15609.975609756098,9416351.683086207,31836423.308689002,15609.975609756098,9416597.502756946,31836333.837645855,16585.536585365855,9416253.848380413,31835389.655006234,16585.536585365855
9416646.420109842,31836850.66448724,16097.756097560974,6.700849171995425,9416351.683086207,31836423.308689002,15609.975609756098,9416695.33746274,31837367.491328623,15609.975609756098,9416941.157133479,31837278.020285476,16585.536585365855,9416597.502756946,31836333.837645855,16585.536585365855
9416990.074486375,31837794.84712686,16097.756097560974,6.598541359606702,9416695.33746274,31837367.491328623,15609.975609756098,9417038.991839273,31838311.67396824,15609.975609756098,9417284.811510012,31838222.202925093,16585.536585365855,9416941.157133479,31837278.020285476,16585.536585365855
9417333.728862908,31838739.029766478,16097.756097560974,6.418274883399828,9417038.991839273,31838311.67396824,15609.975609756098,9417382.646215806,31839255.85660786,15609.975609756098,9417628.465886543,31839166.38556472,16585.536585365855,9417284.811510012,31838222.202925093,16585.536585365855
9417677.383239439,31839683.2124061,16097.756097560974,7.094655063909753,9417382.646215806,31839255.85660786,15609.975609756098,9417726.300592339,31840200.039247483,15609.975609756098,9417972.120263075,31840110.56820434,16585.536585365855,9417628.465886543,31839166.38556472,16585.536585365855
9418021.037615974,31840627.395045716,16097.756097560974,5.507180665553623,9417726.300592339,31840200.039247483,15609.975609756098,9418069.954968872,31841144.2218871,15609.975609756098,9418315.774639608,31841054.750843957,16585.536585365855,9417972.120263075,31840110.56820434,16585.536585365855
9418364.691992505,31841571.57768534,16097.756097560974,5.245224469421539,9418069.954968872,31841144.2218871,15609.975609756098,9418413.609345403,31842088.40452672,15609.975609756098,9418659.429016141,31841998.93348358,16585.536585365855,9418315.774639608,31841054.750843957,16585.536585365855
9418708.346369036,31842515.76032496,16097.756097560974,4.343433597128719,9418413.609345403,31842088.40452672,15609.975609756098,9418757.263721935,31843032.58716634,15609.975609756098,9419003.083392674,31842943.116123196,16585.536585365855,9418659.429016141,31841998.93348358,16585.536585365855
9419052.00074557,31843459.94296458,16097.756097560974,4.011199631052818,9418757.263721935,31843032.58716634,15609.975609756098,9419100.918098468,31843976.769805964,15609.975609756098,9419346.737769205,31843887.298762817,16585.536585365855,9419003.083392674,31842943.116123196,16585.536585365855
9419395.655122101,31844404.1256042,16097.756097560974,3.616988580531213,9419100.918098468,31843976.769805964,15609.975609756098,9419444.572475001,31844920.95244558,15609.975609756098,9419690.392145738,31844831.481402434,16585.536585365855,9419346.737769205,31843887.298762817,16585.536585365855
9419739.309498636,31845348.30824382,16097.756097560974,4.47560099795348,9419444.572475001,31844920.95244558,15609.975609756098,9419788.226851534,31845865.135085203,15609.975609756098,9420034.04652227,31845775.664042056,16585.536585365855,9419690.392145738,31844831.481402434,16585.536585365855
9420082.963875167,31846292.49088344,16097.756097560974,5.66926115221818,9419788.226851534,31845865.135085203,15609.975609756098,9420131.881228065,31846809.317724824,15609.975609756098,9420377.700898804,31846719.846681677,16585.536585365855,9420034.04652227,31845775.664042056,16585.536585365855
9420426.6182517,31847236.67352306,16097.756097560974,6.168603415284977,9420131.881228065,31846809.317724824,15609.975609756098,9420475.535604598,31847753.50036444,15609.975609756098,9420721.355275337,31847664.029321294,16585.536585365855,9420377.700898804,31846719.846681677,16585.536585365855
9420770.272628233,31848180.85616268,16097.756097560974,6.792058477547401,9420475.535604598,31847753.50036444,15609.975609756098,9420819.18998113,31848697.683004063,15609.975609756098,9421065.00965187,31848608.211960915,16585.536585365855,9420721.355275337,31847664.029321294,16585.536585365855
9421113.927004764,31849125.0388023,16097.756097560974,7.313467659847878,9420819.18998113,31848697.683004063,15609.975609756098,9421162.844357662,31849641.865643684,15609.975609756098,9421408.664028402,31849552.394600537,16585.536585365855,9421065.00965187,31848608.211960915,16585.536585365855
9421457.581381299,31850069.221441917,16097.756097560974,9.320624921155746,9421162.844357662,31849641.865643684,15609.975609756098,9421506.498734195,31850586.0482833,15609.975609756098,9421752.318404933,31850496.577240154,16585.536585365855,9421408.664028402,31849552.394600537,16585.536585365855
9421801.23575783,31851013.40408154,16097.756097560974,11.970415927001024,9421506.498734195,31850586.0482833,15609.975609756098,9421850.153110728,31851530.230922922,15609.975609756098,9422095.972781466,31851440.759879775,16585.536585365855,9421752.318404933,31850496.577240154,16585.536585365855
9422144.890134364,31851957.58672116,16097.756097560974,14.072558490891447,9421850.153110728,31851530.230922922,15609.975609756098,9422193.80748726,31852474.413562544,15609.975609756098,9422439.627158,31852384.9425194,16585.536585365855,9422095.972781466,31851440.759879775,16585.536585365855
9422488.544510895,31852901.769360777,16097.756097560974,15.688598762593916,9422193.80748726,31852474.413562544,15609.975609756098,9422537.461863792,31853418.59620216,15609.975609756098,9422783.281534532,31853329.125159018,16585.536585365855,9422439.627158,31852384.9425194,16585.536585365855
9422832.198887428,31853845.9520004,16097.756097560974,14.725527674936716,9422537.461863792,31853418.59620216,15609.975609756098,9422881.116240324,31854362.778841782,15609.975609756098,9423126.935911065,31854273.30779864,16585.536585365855,9422783.281534532,31853329.125159018,16585.536585365855
9423175.853263961,31854790.134640023,16097.756097560974,12.496876817319844,9422881.116240324,31854362.778841782,15609.975609756098,9423224.770616857,31855306.961481404,15609.975609756098,9423470.590287598,31855217.49043826,16585.536585365855,9423126.935911065,31854273.30779864,16585.536585365855
9423519.507640492,31855734.31727964,16097.756097560974,10.14506830846405,9423224.770616857,31855306.961481404,15609.975609756098,9423568.42499339,31856251.14412102,15609.975609756098,9423814.24466413,31856161.673077878,16585.536585365855,9423470.590287598,31855217.49043826,16585.536585365855
9423863.162017027,31856678.49991926,16097.756097560974,7.909699824793689,9423568.42499339,31856251.14412102,15609.975609756098,9423912.079369923,31857195.326760642,15609.975609756098,9424157.899040662,31857105.8557175,16585.536585365855,9423814.24466413,31856161.673077878,16585.536585365855
9424206.816393558,31857622.682558883,16097.756097560974,5.709672153639471,9423912.079369923,31857195.326760642,15609.975609756098,9424255.733746456,31858139.509400267,15609.975609756098,9424501.553417195,31858050.038357116,16585.536585365855,9424157.899040662,31857105.8557175,16585.536585365855
9424550.470770093,31858566.865198504,16097.756097560974,3.585273181872481,9424255.733746456,31858139.509400267,15609.975609756098,9424599.388122989,31859083.692039885,15609.975609756098,9424845.207793728,31858994.220996737,16585.536585365855,9424501.553417195,31858050.038357116,16585.536585365855
9424894.125146624,31859511.04783812,16097.756097560974,2.8730249476927923,9424599.388122989,31859083.692039885,15609.975609756098,9424943.04249952,31860027.874679506,15609.975609756098,9425188.86217026,31859938.40363636,16585.536585365855,9424845.207793728,31858994.220996737,16585.536585365855
9425237.779523157,31860455.23047774,16097.756097560974,2.3844756785398107,9424943.04249952,31860027.874679506,15609.975609756098,9425286.696876053,31860972.057319123,15609.975609756098,9425532.516546793,31860882.586275976,16585.536585365855,9425188.86217026,31859938.40363636,16585.536585365855
9425581.43389969,31861399.41311736,16097.756097560974,2.003253344641791,9425286.696876053,31860972.057319123,15609.975609756098,9425630.351252586,31861916.239958744,15609.975609756098,9425876.170923326,31861826.768915597,16585.536585365855,9425532.516546793,31860882.586275976,16585.536585365855
9425925.08827622,31862343.59575698,16097.756097560974,2.3036864301898223,9425630.351252586,31861916.239958744,15609.975609756098,9425974.005629119,31862860.422598366,15609.975609756098,9426219.825299859,31862770.95155522,16585.536585365855,9425876.170923326,31861826.768915597,16585.536585365855
9426268.742652755,31863287.7783966,16097.756097560974,2.755011303132996,9425974.005629119,31862860.422598366,15609.975609756098,9426317.660005651,31863804.605237983,15609.975609756098,9426563.479676392,31863715.134194836,16585.536585365855,9426219.825299859,31862770.95155522,16585.536585365855
9426612.397029286,31864231.96103622,16097.756097560974,2.3349769874152955,9426317.660005651,31863804.605237983,15609.975609756098,9426661.314382182,31864748.787877604,15609.975609756098,9426907.134052923,31864659.316834457,16585.536585365855,9426563.479676392,31863715.134194836,16585.536585365855
9426956.051405817,31865176.14367584,16097.756097560974,1.7057679663155412,9426661.314382182,31864748.787877604,15609.975609756098,9427004.968758715,31865692.97051722,15609.975609756098,9427250.788429456,31865603.49947408,16585.536585365855,9426907.134052923,31864659.316834457,16585.536585365855
9427299.705782352,31866120.32631546,16097.756097560974,1.4499235474913037,9427004.968758715,31865692.97051722,15609.975609756098,9427348.623135248,31866637.153156843,15609.975609756098,9427594.442805989,31866547.6821137,16585.536585365855,9427250.788429456,31865603.49947408,16585.536585365855
9427643.360158885,31867064.50895508,16097.756097560974,1.1148678558064975,9427348.623135248,31866637.153156843,15609.975609756098,9427692.277511781,31867581.335796464,15609.975609756098,9427938.097182522,31867491.864753317,16585.536585365855,9427594.442805989,31866547.6821137,16585.536585365855
9427987.014535418,31868008.691594705,16097.756097560974,1.4736255099892888,9427692.277511781,31867581.335796464,15609.975609756098,9428035.931888314,31868525.51843608,15609.975609756098,9428281.751559053,31868436.04739294,16585.536585365855,9427938.097182522,31867491.864753317,16585.536585365855
9428330.668911949,31868952.874234322,16097.756097560974,2.2983087335845074,9428035.931888314,31868525.51843608,15609.975609756098,9428379.586264847,31869469.701075703,15609.975609756098,9428625.405935585,31869380.23003256,16585.536585365855,9428281.751559053,31868436.04739294,16585.536585365855
9428674.323288484,31869897.05687394,16097.756097560974,2.115907807087807,9428379.586264847,31869469.701075703,15609.975609756098,9428723.24064138,31870413.883715324,15609.975609756098,9428969.060312118,31870324.412672177,16585.536585365855,9428625.405935585,31869380.23003256,16585.536585365855
9429017.977665015,31870841.23951356,16097.756097560974,1.6042369231204,9428723.24064138,31870413.883715324,15609.975609756098,9429066.89501791,31871358.066354945,15609.975609756098,9429312.714688651,31871268.5953118,16585.536585365855,9428969.060312118,31870324.412672177,16585.536585365855
9429361.632041546,31871785.422153182,16097.756097560974,1.359930486225826,9429066.89501791,31871358.066354945,15609.975609756098,9429410.549394444,31872302.248994567,15609.975609756098,9429656.369065184,31872212.77795142,16585.536585365855,9429312.714688651,31871268.5953118,16585.536585365855
9429705.28641808,31872729.6047928,16097.756097560974,1.8376604377467862,9429410.549394444,31872302.248994567,15609.975609756098,9429754.203770977,31873246.431634184,15609.975609756098,9430000.023441717,31873156.960591037,16585.536585365855,9429656.369065184,31872212.77795142,16585.536585365855
9430048.940794613,31873673.78743242,16097.756097560974,2.3474757989892723,9429754.203770977,31873246.431634184,15609.975609756098,9430097.85814751,31874190.614273805,15609.975609756098,9430343.67781825,31874101.143230658,16585.536585365855,9430000.023441717,31873156.960591037,16585.536585365855
9430392.595171146,31874617.970072042,16097.756097560974,3.2623535124251695,9430097.85814751,31874190.614273805,15609.975609756098,9430441.512524042,31875134.796913426,15609.975609756098,9430687.332194783,31875045.32587028,16585.536585365855,9430343.67781825,31874101.143230658,16585.536585365855
9430736.249547677,31875562.15271166,16097.756097560974,3.752139707502105,9430441.512524042,31875134.796913426,15609.975609756098,9430785.166900575,31876078.979553044,15609.975609756098,9431030.986571314,31875989.508509897,16585.536585365855,9430687.332194783,31875045.32587028,16585.536585365855
9431079.903924212,31876506.33535128,16097.756097560974,4.920341809042372,9430785.166900575,31876078.979553044,15609.975609756098,9431128.821277108,31877023.162192665,15609.975609756098,9431374.640947847,31876933.691149518,16585.536585365855,9431030.986571314,31875989.508509897,16585.536585365855
9431423.558300743,31877450.517990902,16097.756097560974,6.539541399718811,9431128.821277108,31877023.162192665,15609.975609756098,9431472.47565364,31877967.344832286,15609.975609756098,9431718.29532438,31877877.87378914,16585.536585365855,9431374.640947847,31876933.691149518,16585.536585365855
9431767.212677278,31878394.700630523,16097.756097560974,7.193485467207445,9431472.47565364,31877967.344832286,15609.975609756098,9431816.130030172,31878911.527471904,15609.975609756098,9432061.949700912,31878822.05642876,16585.536585365855,9431718.29532438,31877877.87378914,16585.536585365855
9432110.867053809,31879338.88327014,16097.756097560974,7.829930079144582,9431816.130030172,31878911.527471904,15609.975609756098,9432159.784406705,31879855.710111525,15609.975609756098,9432405.604077445,31879766.23906838,16585.536585365855,9432061.949700912,31878822.05642876,16585.536585365855
9432454.521430342,31880283.065909762,16097.756097560974,8.075405323352904,9432159.784406705,31879855.710111525,15609.975609756098,9432503.438783238,31880799.892751146,15609.975609756098,9432749.258453978,31880710.421708003,16585.536585365855,9432405.604077445,31879766.23906838,16585.536585365855
9432798.175806874,31881227.248549383,16097.756097560974,9.245667777325378,9432503.438783238,31880799.892751146,15609.975609756098,9432847.09315977,31881744.075390764,15609.975609756098,9433092.912830511,31881654.60434762,16585.536585365855,9432749.258453978,31880710.421708003,16585.536585365855
9433141.830183405,31882171.431189004,16097.756097560974,8.57295883722595,9432847.09315977,31881744.075390764,15609.975609756098,9433190.747536303,31882688.258030385,15609.975609756098,9433436.567207042,31882598.78698724,16585.536585365855,9433092.912830511,31881654.60434762,16585.536585365855
9433485.48455994,31883115.613828626,16097.756097560974,9.485068617944341,9433190.747536303,31882688.258030385,15609.975609756098,9433534.401912836,31883632.440670006,15609.975609756098,9433780.221583575,31883542.969626863,16585.536585365855,9433436.567207042,31882598.78698724,16585.536585365855
9433829.138936471,31884059.796468243,16097.756097560974,11.635333878520866,9433534.401912836,31883632.440670006,15609.975609756098,9433878.05628937,31884576.623309627,15609.975609756098,9434123.875960108,31884487.15226648,16585.536585365855,9433780.221583575,31883542.969626863,16585.536585365855
9434172.793313006,31885003.979107864,16097.756097560974,13.849191955282828,9433878.05628937,31884576.623309627,15609.975609756098,9434221.7106659,31885520.80594925,15609.975609756098,9434467.53033664,31885431.3349061,16585.536585365855,9434123.875960108,31884487.15226648,16585.536585365855
9434516.447689537,31885948.161747485,16097.756097560974,15.32148699076513,9434221.7106659,31885520.80594925,15609.975609756098,9434565.365042433,31886464.98858887,15609.975609756098,9434811.184713174,31886375.51754572,16585.536585365855,9434467.53033664,31885431.3349061,16585.536585365855
9434860.102066068,31886892.344387103,16097.756097560974,14.77325918918205,9434565.365042433,31886464.98858887,15609.975609756098,9434909.019418966,31887409.171228487,15609.975609756098,9435154.839089705,31887319.70018534,16585.536585365855,9434811.184713174,31886375.51754572,16585.536585365855
9435203.756442603,31887836.527026724,16097.756097560974,13.799650132769724,9434909.019418966,31887409.171228487,15609.975609756098,9435252.673795499,31888353.353868105,15609.975609756098,9435498.493466238,31888263.882824957,16585.536585365855,9435154.839089705,31887319.70018534,16585.536585365855
9435547.410819134,31888780.70966634,16097.756097560974,12.221344903481583,9435252.673795499,31888353.353868105,15609.975609756098,9435596.328172032,31889297.536507726,15609.975609756098,9435842.14784277,31889208.06546458,16585.536585365855,9435498.493466238,31888263.882824957,16585.536585365855
9435891.065195667,31889724.892305963,16097.756097560974,10.673023932348476,9435596.328172032,31889297.536507726,15609.975609756098,9435939.982548563,31890241.719147347,15609.975609756098,9436185.802219303,31890152.2481042,16585.536585365855,9435842.14784277,31889208.06546458,16585.536585365855
9436234.7195722,31890669.07494558,16097.756097560974,9.732637739700394,9435939.982548563,31890241.719147347,15609.975609756098,9436283.636925096,31891185.901786964,15609.975609756098,9436529.456595836,31891096.430743817,16585.536585365855,9436185.802219303,31890152.2481042,16585.536585365855
9436578.37394873,31891613.2575852,16097.756097560974,9.07601945244623,9436283.636925096,31891185.901786964,15609.975609756098,9436627.291301629,31892130.084426586,15609.975609756098,9436873.11097237,31892040.613383442,16585.536585365855,9436529.456595836,31891096.430743817,16585.536585365855
9436922.028325265,31892557.440224823,16097.756097560974,8.119826871341617,9436627.291301629,31892130.084426586,15609.975609756098,9436970.945678161,31893074.267066207,15609.975609756098,9437216.765348902,31892984.796023063,16585.536585365855,9436873.11097237,31892040.613383442,16585.536585365855
9437265.682701796,31893501.62286444,16097.756097560974,7.81735154492906,9436970.945678161,31893074.267066207,15609.975609756098,9437314.600054694,31894018.449705824,15609.975609756098,9437560.419725433,31893928.97866268,16585.536585365855,9437216.765348902,31892984.796023063,16585.536585365855
9437609.337078331,31894445.805504065,16097.756097560974,9.493780440043366,9437314.600054694,31894018.449705824,15609.975609756098,9437658.254431227,31894962.632345445,15609.975609756098,9437904.074101966,31894873.161302302,16585.536585365855,9437560.419725433,31893928.97866268,16585.536585365855
9437952.991454862,31895389.988143686,16097.756097560974,8.791244219810727,9437658.254431227,31894962.632345445,15609.975609756098,9438001.90880776,31895906.814985067,15609.975609756098,9438247.728478499,31895817.34394192,16585.536585365855,9437904.074101966,31894873.161302302,16585.536585365855
9438296.645831395,31896334.170783304,16097.756097560974,8.755999474206211,9438001.90880776,31895906.814985067,15609.975609756098,9438345.563184291,31896850.997624688,15609.975609756098,9438591.382855032,31896761.52658154,16585.536585365855,9438247.728478499,31895817.34394192,16585.536585365855
9438640.300207928,31897278.353422925,16097.756097560974,10.552104003058192,9438345.563184291,31896850.997624688,15609.975609756098,9438689.217560824,31897795.18026431,15609.975609756098,9438935.037231565,31897705.709221162,16585.536585365855,9438591.382855032,31896761.52658154,16585.536585365855
9438983.954584459,31898222.536062546,16097.756097560974,12.788782616596455,9438689.217560824,31897795.18026431,15609.975609756098,9439032.871937357,31898739.362903927,15609.975609756098,9439278.691608097,31898649.89186078,16585.536585365855,9438935.037231565,31897705.709221162,16585.536585365855
9439327.608960994,31899166.718702164,16097.756097560974,12.864994613410957,9439032.871937357,31898739.362903927,15609.975609756098,9439376.52631389,31899683.545543548,15609.975609756098,9439622.34598463,31899594.0745004,16585.536585365855,9439278.691608097,31898649.89186078,16585.536585365855
9439671.263337525,31900110.901341785,16097.756097560974,9.278069089028701,9439376.52631389,31899683.545543548,15609.975609756098,9439720.180690423,31900627.72818317,15609.975609756098,9439966.000361161,31900538.25714002,16585.536585365855,9439622.34598463,31899594.0745004,16585.536585365855
9440014.91771406,31901055.083981402,16097.756097560974,8.02166267788838,9439720.180690423,31900627.72818317,15609.975609756098,9440063.835066956,31901571.910822786,15609.975609756098,9440309.654737694,31901482.43977964,16585.536585365855,9439966.000361161,31900538.25714002,16585.536585365855
9440358.57209059,31901999.266621023,16097.756097560974,8.055147942857504,9440063.835066956,31901571.910822786,15609.975609756098,9440407.489443488,31902516.093462408,15609.975609756098,9440653.309114227,31902426.62241926,16585.536585365855,9440309.654737694,31901482.43977964,16585.536585365855
9440702.226467125,31902943.449260645,16097.756097560974,8.612188870823958,9440407.489443488,31902516.093462408,15609.975609756098,9440751.143820021,31903460.27610203,15609.975609756098,9440996.96349076,31903370.80505888,16585.536585365855,9440653.309114227,31902426.62241926,16585.536585365855
9415173.967897918,31832040.28024599,17073.317073170736,1.4802796881600422,9414879.230874281,31831612.924447756,16585.536585365855,9415222.885250814,31832557.107087374,16585.536585365855,9415468.704921553,31832467.636044227,17561.09756097561,9415125.05054502,31831523.45340461,17561.09756097561
9415517.62227445,31832984.46288561,17073.317073170736,1.9213216158198794,9415222.885250814,31832557.107087374,16585.536585365855,9415566.539627347,31833501.289726995,16585.536585365855,9415812.359298086,31833411.818683848,17561.09756097561,9415468.704921553,31832467.636044227,17561.09756097561
9415861.276650984,31833928.645525232,17073.317073170736,2.89151822654734,9415566.539627347,31833501.289726995,16585.536585365855,9415910.19400388,31834445.472366616,16585.536585365855,9416156.013674619,31834356.001323473,17561.09756097561,9415812.359298086,31833411.818683848,17561.09756097561
9416204.931027517,31834872.82816485,17073.317073170736,3.537946442752414,9415910.19400388,31834445.472366616,16585.536585365855,9416253.848380413,31835389.655006234,16585.536585365855,9416499.668051152,31835300.18396309,17561.09756097561,9416156.013674619,31834356.001323473,17561.09756097561
9416548.58540405,31835817.01080447,17073.317073170736,4.659534408706859,9416253.848380413,31835389.655006234,16585.536585365855,9416597.502756946,31836333.837645855,16585.536585365855,9416843.322427683,31836244.36660271,17561.09756097561,9416499.668051152,31835300.18396309,17561.09756097561
9416892.23978058,31836761.193444096,17073.317073170736,3.934545251423354,9416597.502756946,31836333.837645855,16585.536585365855,9416941.157133479,31837278.020285476,16585.536585365855,9417186.976804215,31837188.549242333,17561.09756097561,9416843.322427683,31836244.36660271,17561.09756097561
9417235.894157115,31837705.376083717,17073.317073170736,3.8052010614688823,9416941.157133479,31837278.020285476,16585.536585365855,9417284.811510012,31838222.202925093,16585.536585365855,9417530.631180748,31838132.73188195,17561.09756097561,9417186.976804215,31837188.549242333,17561.09756097561
9417579.548533646,31838649.558723334,17073.317073170736,3.1679037542180235,9417284.811510012,31838222.202925093,16585.536585365855,9417628.465886543,31839166.38556472,16585.536585365855,9417874.285557281,31839076.91452157,17561.09756097561,9417530.631180748,31838132.73188195,17561.09756097561
9417923.202910177,31839593.741362955,17073.317073170736,3.7021184053605443,9417628.465886543,31839166.38556472,16585.536585365855,9417972.120263075,31840110.56820434,16585.536585365855,9418217.939933814,31840021.097161192,17561.09756097561,9417874.285557281,31839076.91452157,17561.09756097561
9418266.857286712,31840537.924002573,17073.317073170736,3.6275495117903596,9417972.120263075,31840110.56820434,16585.536585365855,9418315.774639608,31841054.750843957,16585.536585365855,9418561.594310347,31840965.27980081,17561.09756097561,9418217.939933814,31840021.097161192,17561.09756097561
9418610.511663245,31841482.106642194,17073.317073170736,4.279927173872523,9418315.774639608,31841054.750843957,16585.536585365855,9418659.429016141,31841998.93348358,16585.536585365855,9418905.24868688,31841909.46244043,17561.09756097561,9418561.594310347,31840965.27980081,17561.09756097561
9418954.166039778,31842426.28928181,17073.317073170736,4.4038355591371525,9418659.429016141,31841998.93348358,16585.536585365855,9419003.083392674,31842943.116123196,16585.536585365855,9419248.90306341,31842853.64508005,17561.09756097561,9418905.24868688,31841909.46244043,17561.09756097561
9419297.820416309,31843370.471921433,17073.317073170736,4.209324720621022,9419003.083392674,31842943.116123196,16585.536585365855,9419346.737769205,31843887.298762817,16585.536585365855,9419592.557439944,31843797.82771967,17561.09756097561,9419248.90306341,31842853.64508005,17561.09756097561
9419641.474792842,31844314.654561054,17073.317073170736,4.7307428155721585,9419346.737769205,31843887.298762817,16585.536585365855,9419690.392145738,31844831.481402434,16585.536585365855,9419936.211816477,31844742.010359287,17561.09756097561,9419592.557439944,31843797.82771967,17561.09756097561
9419985.129169375,31845258.83720067,17073.317073170736,5.03904393247967,9419690.392145738,31844831.481402434,16585.536585365855,9420034.04652227,31845775.664042056,16585.536585365855,9420279.86619301,31845686.19299891,17561.09756097561,9419936.211816477,31844742.010359287,17561.09756097561
9420328.783545906,31846203.019840293,17073.317073170736,5.902837394215281,9420034.04652227,31845775.664042056,16585.536585365855,9420377.700898804,31846719.846681677,16585.536585365855,9420623.520569542,31846630.37563853,17561.09756097561,9420279.86619301,31845686.19299891,17561.09756097561
9420672.43792244,31847147.202479914,17073.317073170736,7.465978188013494,9420377.700898804,31846719.846681677,16585.536585365855,9420721.355275337,31847664.029321294,16585.536585365855,9420967.174946073,31847574.55827815,17561.09756097561,9420623.520569542,31846630.37563853,17561.09756097561
9421016.092298971,31848091.38511953,17073.317073170736,6.883846321752769,9420721.355275337,31847664.029321294,16585.536585365855,9421065.00965187,31848608.211960915,16585.536585365855,9421310.829322606,31848518.740917772,17561.09756097561,9420967.174946073,31847574.55827815,17561.09756097561
9421359.746675506,31849035.567759153,17073.317073170736,6.644103249875377,9421065.00965187,31848608.211960915,16585.536585365855,9421408.664028402,31849552.394600537,16585.536585365855,9421654.48369914,31849462.923557393,17561.09756097561,9421310.829322606,31848518.740917772,17561.09756097561
9421703.401052037,31849979.750398774,17073.317073170736,9.670461754950592,9421408.664028402,31849552.394600537,16585.536585365855,9421752.318404933,31850496.577240154,16585.536585365855,9421998.138075672,31850407.10619701,17561.09756097561,9421654.48369914,31849462.923557393,17561.09756097561
9422047.05542857,31850923.933038395,17073.317073170736,12.047215431551255,9421752.318404933,31850496.577240154,16585.536585365855,9422095.972781466,31851440.759879775,16585.536585365855,9422341.792452205,31851351.288836632,17561.09756097561,9421998.138075672,31850407.10619701,17561.09756097561
9422390.709805103,31851868.115678016,17073.317073170736,14.23385414376169,9422095.972781466,31851440.759879775,16585.536585365855,9422439.627158,31852384.9425194,16585.536585365855,9422685.446828738,31852295.471476253,17561.09756097561,9422341.792452205,31851351.288836632,17561.09756097561
9422734.364181634,31852812.298317634,17073.317073170736,16.431514823203184,9422439.627158,31852384.9425194,16585.536585365855,9422783.281534532,31853329.125159018,16585.536585365855,9423029.10120527,31853239.65411587,17561.09756097561,9422685.446828738,31852295.471476253,17561.09756097561
9423078.018558169,31853756.480957255,17073.317073170736,16.233084571601605,9422783.281534532,31853329.125159018,16585.536585365855,9423126.935911065,31854273.30779864,16585.536585365855,9423372.755581802,31854183.83675549,17561.09756097561,9423029.10120527,31853239.65411587,17561.09756097561
9423421.6729347,31854700.663596876,17073.317073170736,14.679263588148494,9423126.935911065,31854273.30779864,16585.536585365855,9423470.590287598,31855217.49043826,16585.536585365855,9423716.409958335,31855128.01939511,17561.09756097561,9423372.755581802,31854183.83675549,17561.09756097561
9423765.327311235,31855644.846236493,17073.317073170736,12.569009674956924,9423470.590287598,31855217.49043826,16585.536585365855,9423814.24466413,31856161.673077878,16585.536585365855,9424060.064334868,31856072.20203473,17561.09756097561,9423716.409958335,31855128.01939511,17561.09756097561
9424108.981687766,31856589.028876115,17073.317073170736,8.59806230922976,9423814.24466413,31856161.673077878,16585.536585365855,9424157.899040662,31857105.8557175,16585.536585365855,9424403.7187114,31857016.38467435,17561.09756097561,9424060.064334868,31856072.20203473,17561.09756097561
9424452.636064298,31857533.211515736,17073.317073170736,5.846149563515766,9424157.899040662,31857105.8557175,16585.536585365855,9424501.553417195,31858050.038357116,16585.536585365855,9424747.373087933,31857960.56731397,17561.09756097561,9424403.7187114,31857016.38467435,17561.09756097561
9424796.290440831,31858477.394155353,17073.317073170736,3.8838276405435863,9424501.553417195,31858050.038357116,16585.536585365855,9424845.207793728,31858994.220996737,16585.536585365855,9425091.027464466,31858904.74995359,17561.09756097561,9424747.373087933,31857960.56731397,17561.09756097561
9425139.944817362,31859421.576794975,17073.317073170736,4.087578732132579,9424845.207793728,31858994.220996737,16585.536585365855,9425188.86217026,31859938.40363636,16585.536585365855,9425434.681840999,31859848.93259321,17561.09756097561,9425091.027464466,31858904.74995359,17561.09756097561
9425483.599193897,31860365.759434592,17073.317073170736,3.2585235830397434,9425188.86217026,31859938.40363636,16585.536585365855,9425532.516546793,31860882.586275976,16585.536585365855,9425778.33621753,31860793.115232833,17561.09756097561,9425434.681840999,31859848.93259321,17561.09756097561
9425827.253570428,31861309.942074213,17073.317073170736,2.495903507261354,9425532.516546793,31860882.586275976,16585.536585365855,9425876.170923326,31861826.768915597,16585.536585365855,9426121.990594063,31861737.297872454,17561.09756097561,9425778.33621753,31860793.115232833,17561.09756097561
9426170.907946963,31862254.124713834,17073.317073170736,2.6596061078639615,9425876.170923326,31861826.768915597,16585.536585365855,9426219.825299859,31862770.95155522,16585.536585365855,9426465.644970596,31862681.480512075,17561.09756097561,9426121.990594063,31861737.297872454,17561.09756097561
9426514.562323494,31863198.307353456,17073.317073170736,2.9843620201065364,9426219.825299859,31862770.95155522,16585.536585365855,9426563.479676392,31863715.134194836,16585.536585365855,9426809.299347129,31863625.663151693,17561.09756097561,9426465.644970596,31862681.480512075,17561.09756097561
9426858.216700027,31864142.489993077,17073.317073170736,3.123004011759364,9426563.479676392,31863715.134194836,16585.536585365855,9426907.134052923,31864659.316834457,16585.536585365855,9427152.953723662,31864569.84579131,17561.09756097561,9426809.299347129,31863625.663151693,17561.09756097561
9427201.87107656,31865086.672632694,17073.317073170736,2.0744425883605158,9426907.134052923,31864659.316834457,16585.536585365855,9427250.788429456,31865603.49947408,16585.536585365855,9427496.608100193,31865514.02843093,17561.09756097561,9427152.953723662,31864569.84579131,17561.09756097561
9427545.52545309,31866030.855272315,17073.317073170736,1.9505041852831428,9427250.788429456,31865603.49947408,16585.536585365855,9427594.442805989,31866547.6821137,16585.536585365855,9427840.262476726,31866458.211070552,17561.09756097561,9427496.608100193,31865514.02843093,17561.09756097561
9427889.179829624,31866975.037911937,17073.317073170736,1.7921143074510122,9427594.442805989,31866547.6821137,16585.536585365855,9427938.097182522,31867491.864753317,16585.536585365855,9428183.916853258,31867402.39371017,17561.09756097561,9427840.262476726,31866458.211070552,17561.09756097561
9428232.834206156,31867919.220551554,17073.317073170736,1.8043129502575401,9427938.097182522,31867491.864753317,16585.536585365855,9428281.751559053,31868436.04739294,16585.536585365855,9428527.571229791,31868346.57634979,17561.09756097561,9428183.916853258,31867402.39371017,17561.09756097561
9428576.488582687,31868863.403191175,17073.317073170736,2.144512377781055,9428281.751559053,31868436.04739294,16585.536585365855,9428625.405935585,31869380.23003256,16585.536585365855,9428871.225606324,31869290.758989412,17561.09756097561,9428527.571229791,31868346.57634979,17561.09756097561
9428920.142959222,31869807.585830793,17073.317073170736,1.5087002808270098,9428625.405935585,31869380.23003256,16585.536585365855,9428969.060312118,31870324.412672177,16585.536585365855,9429214.879982857,31870234.94162903,17561.09756097561,9428871.225606324,31869290.758989412,17561.09756097561
9429263.797335753,31870751.768470414,17073.317073170736,1.180989538476895,9428969.060312118,31870324.412672177,16585.536585365855,9429312.714688651,31871268.5953118,16585.536585365855,9429558.53435939,31871179.12426865,17561.09756097561,9429214.879982857,31870234.94162903,17561.09756097561
9429607.451712286,31871695.951110035,17073.317073170736,1.2303371426547796,9429312.714688651,31871268.5953118,16585.536585365855,9429656.369065184,31872212.77795142,16585.536585365855,9429902.188735923,31872123.306908272,17561.09756097561,9429558.53435939,31871179.12426865,17561.09756097561
9429951.106088817,31872640.133749653,17073.317073170736,1.5807956340437348,9429656.369065184,31872212.77795142,16585.536585365855,9430000.023441717,31873156.960591037,16585.536585365855,9430245.843112454,31873067.48954789,17561.09756097561,9429902.188735923,31872123.306908272,17561.09756097561
9430294.760465352,31873584.316389274,17073.317073170736,2.2762557502013014,9430000.023441717,31873156.960591037,16585.536585365855,9430343.67781825,31874101.143230658,16585.536585365855,9430589.497488987,31874011.672187515,17561.09756097561,9430245.843112454,31873067.48954789,17561.09756097561
9430638.414841883,31874528.499028895,17073.317073170736,2.994627612401027,9430343.67781825,31874101.143230658,16585.536585365855,9430687.332194783,31875045.32587028,16585.536585365855,9430933.15186552,31874955.854827136,17561.09756097561,9430589.497488987,31874011.672187515,17561.09756097561
9430982.069218418,31875472.681668513,17073.317073170736,3.6574555627764274,9430687.332194783,31875045.32587028,16585.536585365855,9431030.986571314,31875989.508509897,16585.536585365855,9431276.806242052,31875900.037466753,17561.09756097561,9430933.15186552,31874955.854827136,17561.09756097561
9431325.723594949,31876416.864308137,17073.317073170736,5.676906027664656,9431030.986571314,31875989.508509897,16585.536585365855,9431374.640947847,31876933.691149518,16585.536585365855,9431620.460618585,31876844.220106374,17561.09756097561,9431276.806242052,31875900.037466753,17561.09756097561
9431669.377971482,31877361.04694776,17073.317073170736,6.137272637398965,9431374.640947847,31876933.691149518,16585.536585365855,9431718.29532438,31877877.87378914,16585.536585365855,9431964.114995118,31877788.402745996,17561.09756097561,9431620.460618585,31876844.220106374,17561.09756097561
9432013.032348014,31878305.22958738,17073.317073170736,6.86175251330154,9431718.29532438,31877877.87378914,16585.536585365855,9432061.949700912,31878822.05642876,16585.536585365855,9432307.769371651,31878732.585385613,17561.09756097561,9431964.114995118,31877788.402745996,17561.09756097561
9432356.686724545,31879249.412226997,17073.317073170736,7.021809683270334,9432061.949700912,31878822.05642876,16585.536585365855,9432405.604077445,31879766.23906838,16585.536585365855,9432651.423748182,31879676.768025234,17561.09756097561,9432307.769371651,31878732.585385613,17561.09756097561
9432700.34110108,31880193.594866615,17073.317073170736,6.455410044975166,9432405.604077445,31879766.23906838,16585.536585365855,9432749.258453978,31880710.421708003,16585.536585365855,9432995.078124715,31880620.95066485,17561.09756097561,9432651.423748182,31879676.768025234,17561.09756097561
9433043.995477611,31881137.777506236,17073.317073170736,6.779899438529035,9432749.258453978,31880710.421708003,16585.536585365855,9433092.912830511,31881654.60434762,16585.536585365855,9433338.732501248,31881565.133304473,17561.09756097561,9432995.078124715,31880620.95066485,17561.09756097561
9433387.649854146,31882081.960145857,17073.317073170736,8.457775168775676,9433092.912830511,31881654.60434762,16585.536585365855,9433436.567207042,31882598.78698724,16585.536585365855,9433682.38687778,31882509.315944094,17561.09756097561,9433338.732501248,31881565.133304473,17561.09756097561
9433731.304230677,31883026.142785475,17073.317073170736,10.532891180407084,9433436.567207042,31882598.78698724,16585.536585365855,9433780.221583575,31883542.969626863,16585.536585365855,9434026.041254314,31883453.49858371,17561.09756097561,9433682.38687778,31882509.315944094,17561.09756097561
9434074.95860721,31883970.325425096,17073.317073170736,12.664652128465372,9433780.221583575,31883542.969626863,16585.536585365855,9434123.875960108,31884487.15226648,16585.536585365855,9434369.695630847,31884397.681223333,17561.09756097561,9434026.041254314,31883453.49858371,17561.09756097561
9434418.612983743,31884914.508064717,17073.317073170736,15.11729512841192,9434123.875960108,31884487.15226648,16585.536585365855,9434467.53033664,31885431.3349061,16585.536585365855,9434713.35000738,31885341.863862954,17561.09756097561,9434369.695630847,31884397.681223333,17561.09756097561
9434762.267360274,31885858.69070434,17073.317073170736,15.54889726289933,9434467.53033664,31885431.3349061,16585.536585365855,9434811.184713174,31886375.51754572,16585.536585365855,9435057.00438391,31886286.04650257,17561.09756097561,9434713.35000738,31885341.863862954,17561.09756097561
9435105.921736807,31886802.873343956,17073.317073170736,15.550299775709219,9434811.184713174,31886375.51754572,16585.536585365855,9435154.839089705,31887319.70018534,16585.536585365855,9435400.658760443,31887230.229142196,17561.09756097561,9435057.00438391,31886286.04650257,17561.09756097561
9435449.57611334,31887747.055983577,17073.317073170736,15.525734252647213,9435154.839089705,31887319.70018534,16585.536585365855,9435498.493466238,31888263.882824957,16585.536585365855,9435744.313136976,31888174.411781814,17561.09756097561,9435400.658760443,31887230.229142196,17561.09756097561
9435793.23048987,31888691.238623194,17073.317073170736,14.241417454286099,9435498.493466238,31888263.882824957,16585.536585365855,9435842.14784277,31889208.06546458,16585.536585365855,9436087.96751351,31889118.594421435,17561.09756097561,9435744.313136976,31888174.411781814,17561.09756097561
9436136.884866405,31889635.42126282,17073.317073170736,10.572344205373028,9435842.14784277,31889208.06546458,16585.536585365855,9436185.802219303,31890152.2481042,16585.536585365855,9436431.621890042,31890062.777061056,17561.09756097561,9436087.96751351,31889118.594421435,17561.09756097561
9436480.539242936,31890579.603902437,17073.317073170736,8.691974078325153,9436185.802219303,31890152.2481042,16585.536585365855,9436529.456595836,31891096.430743817,16585.536585365855,9436775.276266573,31891006.959700674,17561.09756097561,9436431.621890042,31890062.777061056,17561.09756097561
9436824.193619471,31891523.786542058,17073.317073170736,8.157649780924311,9436529.456595836,31891096.430743817,16585.536585365855,9436873.11097237,31892040.613383442,16585.536585365855,9437118.930643106,31891951.142340295,17561.09756097561,9436775.276266573,31891006.959700674,17561.09756097561
9437167.847996002,31892467.96918168,17073.317073170736,8.027658830395403,9436873.11097237,31892040.613383442,16585.536585365855,9437216.765348902,31892984.796023063,16585.536585365855,9437462.585019639,31892895.324979912,17561.09756097561,9437118.930643106,31891951.142340295,17561.09756097561
9437511.502372535,31893412.151821297,17073.317073170736,6.66906456077882,9437216.765348902,31892984.796023063,16585.536585365855,9437560.419725433,31893928.97866268,16585.536585365855,9437806.239396172,31893839.507619534,17561.09756097561,9437462.585019639,31892895.324979912,17561.09756097561
9437855.156749068,31894356.334460918,17073.317073170736,7.936433824947252,9437560.419725433,31893928.97866268,16585.536585365855,9437904.074101966,31894873.161302302,16585.536585365855,9438149.893772705,31894783.690259155,17561.09756097561,9437806.239396172,31893839.507619534,17561.09756097561
9438198.811125599,31895300.517100535,17073.317073170736,7.77613332339901,9437904.074101966,31894873.161302302,16585.536585365855,9438247.728478499,31895817.34394192,16585.536585365855,9438493.548149237,31895727.872898772,17561.09756097561,9438149.893772705,31894783.690259155,17561.09756097561
9438542.465502134,31896244.699740157,17073.317073170736,9.536014548667351,9438247.728478499,31895817.34394192,16585.536585365855,9438591.382855032,31896761.52658154,16585.536585365855,9438837.20252577,31896672.055538394,17561.09756097561,9438493.548149237,31895727.872898772,17561.09756097561
9438886.119878665,31897188.882379778,17073.317073170736,12.984852049608284,9438591.382855032,31896761.52658154,16585.536585365855,9438935.037231565,31897705.709221162,16585.536585365855,9439180.856902301,31897616.238178015,17561.09756097561,9438837.20252577,31896672.055538394,17561.09756097561
9439229.7742552,31898133.0650194,17073.317073170736,13.426369208519324,9438935.037231565,31897705.709221162,16585.536585365855,9439278.691608097,31898649.89186078,16585.536585365855,9439524.511278834,31898560.420817632,17561.09756097561,9439180.856902301,31897616.238178015,17561.09756097561
9439573.42863173,31899077.247659016,17073.317073170736,11.651242932799216,9439278.691608097,31898649.89186078,16585.536585365855,9439622.34598463,31899594.0745004,16585.536585365855,9439868.165655367,31899504.603457253,17561.09756097561,9439524.511278834,31898560.420817632,17561.09756097561
9439917.083008263,31900021.430298638,17073.317073170736,10.310047517111927,9439622.34598463,31899594.0745004,16585.536585365855,9439966.000361161,31900538.25714002,16585.536585365855,9440211.8200319,31900448.78609688,17561.09756097561,9439868.165655367,31899504.603457253,17561.09756097561
9440260.737384796,31900965.612938255,17073.317073170736,9.360890123447206,9439966.000361161,31900538.25714002,16585.536585365855,9440309.654737694,31901482.43977964,16585.536585365855,9440555.474408433,31901392.968736496,17561.09756097561,9440211.8200319,31900448.78609688,17561.09756097561
9440604.391761327,31901909.795577876,17073.317073170736,8.627779796843996,9440309.654737694,31901482.43977964,16585.536585365855,9440653.309114227,31902426.62241926,16585.536585365855,9440899.128784966,31902337.151376117,17561.09756097561,9440555.474408433,31901392.968736496,17561.09756097561
9440948.046137862,31902853.9782175,17073.317073170736,8.647162474163983,9440653.309114227,31902426.62241926,16585.536585365855,9440996.96349076,31903370.80505888,16585.536585365855,9441242.783161499,31903281.33401574,17561.09756097561,9440899.128784966,31902337.151376117,17561.09756097561
9415419.787568657,31831950.809202846,18048.878048780487,2.241470760947846,9415125.05054502,31831523.45340461,17561.09756097561,9415468.704921553,31832467.636044227,17561.09756097561,9415714.524592293,31832378.165001083,18536.658536585368,9415370.87021576,31831433.982361466,18536.658536585368
9415763.44194519,31832894.991842467,18048.878048780487,2.041888654750215,9415468.704921553,31832467.636044227,17561.09756097561,9415812.359298086,31833411.818683848,17561.09756097561,9416058.178968824,31833322.347640704,18536.658536585368,9415714.524592293,31832378.165001083,18536.658536585368
9416107.09632172,31833839.17448209,18048.878048780487,2.9502701707850902,9415812.359298086,31833411.818683848,17561.09756097561,9416156.013674619,31834356.001323473,17561.09756097561,9416401.833345357,31834266.530280326,18536.658536585368,9416058.178968824,31833322.347640704,18536.658536585368
9416450.750698255,31834783.357121706,18048.878048780487,4.301195760055313,9416156.013674619,31834356.001323473,17561.09756097561,9416499.668051152,31835300.18396309,17561.09756097561,9416745.48772189,31835210.712919943,18536.658536585368,9416401.833345357,31834266.530280326,18536.658536585368
9416794.405074786,31835727.539761327,18048.878048780487,3.9865987767073343,9416499.668051152,31835300.18396309,17561.09756097561,9416843.322427683,31836244.36660271,17561.09756097561,9417089.142098423,31836154.895559564,18536.658536585368,9416745.48772189,31835210.712919943,18536.658536585368
9417138.059451317,31836671.72240095,18048.878048780487,3.491424328638996,9416843.322427683,31836244.36660271,17561.09756097561,9417186.976804215,31837188.549242333,17561.09756097561,9417432.796474956,31837099.078199185,18536.658536585368,9417089.142098423,31836154.895559564,18536.658536585368
9417481.713827852,31837615.90504057,18048.878048780487,2.662299724926811,9417186.976804215,31837188.549242333,17561.09756097561,9417530.631180748,31838132.73188195,17561.09756097561,9417776.450851489,31838043.260838803,18536.658536585368,9417432.796474956,31837099.078199185,18536.658536585368
9417825.368204385,31838560.087680187,18048.878048780487,2.3692972518808526,9417530.631180748,31838132.73188195,17561.09756097561,9417874.285557281,31839076.91452157,17561.09756097561,9418120.105228022,31838987.443478424,18536.658536585368,9417776.450851489,31838043.260838803,18536.658536585368
9418169.022580918,31839504.27031981,18048.878048780487,3.0565725304931144,9417874.285557281,31839076.91452157,17561.09756097561,9418217.939933814,31840021.097161192,17561.09756097561,9418463.759604553,31839931.626118045,18536.658536585368,9418120.105228022,31838987.443478424,18536.658536585368
9418512.676957449,31840448.452959426,18048.878048780487,3.7523078991067997,9418217.939933814,31840021.097161192,17561.09756097561,9418561.594310347,31840965.27980081,17561.09756097561,9418807.413981086,31840875.808757663,18536.658536585368,9418463.759604553,31839931.626118045,18536.658536585368
9418856.331333984,31841392.635599047,18048.878048780487,3.869609286263473,9418561.594310347,31840965.27980081,17561.09756097561,9418905.24868688,31841909.46244043,17561.09756097561,9419151.068357619,31841819.991397284,18536.658536585368,9418807.413981086,31840875.808757663,18536.658536585368
9419199.985710515,31842336.818238664,18048.878048780487,4.15484685044791,9418905.24868688,31841909.46244043,17561.09756097561,9419248.90306341,31842853.64508005,17561.09756097561,9419494.722734151,31842764.174036905,18536.658536585368,9419151.068357619,31841819.991397284,18536.658536585368
9419543.640087046,31843281.000878286,18048.878048780487,5.027445941937339,9419248.90306341,31842853.64508005,17561.09756097561,9419592.557439944,31843797.82771967,17561.09756097561,9419838.377110684,31843708.356676526,18536.658536585368,9419494.722734151,31842764.174036905,18536.658536585368
9419887.29446358,31844225.183517907,18048.878048780487,4.59760711594998,9419592.557439944,31843797.82771967,17561.09756097561,9419936.211816477,31844742.010359287,17561.09756097561,9420182.031487215,31844652.539316144,18536.658536585368,9419838.377110684,31843708.356676526,18536.658536585368
9420230.948840111,31845169.366157528,18048.878048780487,5.1675157613639415,9419936.211816477,31844742.010359287,17561.09756097561,9420279.86619301,31845686.19299891,17561.09756097561,9420525.685863748,31845596.721955765,18536.658536585368,9420182.031487215,31844652.539316144,18536.658536585368
9420574.603216646,31846113.54879715,18048.878048780487,5.603957962745231,9420279.86619301,31845686.19299891,17561.09756097561,9420623.520569542,31846630.37563853,17561.09756097561,9420869.340240281,31846540.904595386,18536.658536585368,9420525.685863748,31845596.721955765,18536.658536585368
9420918.257593177,31847057.73143677,18048.878048780487,6.816687817136279,9420623.520569542,31846630.37563853,17561.09756097561,9420967.174946073,31847574.55827815,17561.09756097561,9421212.994616814,31847485.087235004,18536.658536585368,9420869.340240281,31846540.904595386,18536.658536585368
9421261.91196971,31848001.914076388,18048.878048780487,6.294088718557831,9420967.174946073,31847574.55827815,17561.09756097561,9421310.829322606,31848518.740917772,17561.09756097561,9421556.648993347,31848429.269874625,18536.658536585368,9421212.994616814,31847485.087235004,18536.658536585368
9421605.566346243,31848946.09671601,18048.878048780487,5.811281602341996,9421310.829322606,31848518.740917772,17561.09756097561,9421654.48369914,31849462.923557393,17561.09756097561,9421900.30336988,31849373.452514246,18536.658536585368,9421556.648993347,31848429.269874625,18536.658536585368
9421949.220722774,31849890.279355627,18048.878048780487,8.417329937487345,9421654.48369914,31849462.923557393,17561.09756097561,9421998.138075672,31850407.10619701,17561.09756097561,9422243.957746413,31850317.635153864,18536.658536585368,9421900.30336988,31849373.452514246,18536.658536585368
9422292.875099309,31850834.461995248,18048.878048780487,10.049169763883546,9421998.138075672,31850407.10619701,17561.09756097561,9422341.792452205,31851351.288836632,17561.09756097561,9422587.612122944,31851261.817793485,18536.658536585368,9422243.957746413,31850317.635153864,18536.658536585368
9422636.52947584,31851778.64463487,18048.878048780487,13.632219726554421,9422341.792452205,31851351.288836632,17561.09756097561,9422685.446828738,31852295.471476253,17561.09756097561,9422931.266499477,31852206.000433102,18536.658536585368,9422587.612122944,31851261.817793485,18536.658536585368
9422980.183852375,31852722.827274486,18048.878048780487,14.910179867265182,9422685.446828738,31852295.471476253,17561.09756097561,9423029.10120527,31853239.65411587,17561.09756097561,9423274.92087601,31853150.183072723,18536.658536585368,9422931.266499477,31852206.000433102,18536.658536585368
9423323.838228906,31853667.009914108,18048.878048780487,15.479321288347878,9423029.10120527,31853239.65411587,17561.09756097561,9423372.755581802,31854183.83675549,17561.09756097561,9423618.575252542,31854094.365712345,18536.658536585368,9423274.92087601,31853150.183072723,18536.658536585368
9423667.492605438,31854611.192553725,18048.878048780487,14.250589262063421,9423372.755581802,31854183.83675549,17561.09756097561,9423716.409958335,31855128.01939511,17561.09756097561,9423962.229629075,31855038.548351966,18536.658536585368,9423618.575252542,31854094.365712345,18536.658536585368
9424011.146981971,31855555.375193346,18048.878048780487,11.334591781996158,9423716.409958335,31855128.01939511,17561.09756097561,9424060.064334868,31856072.20203473,17561.09756097561,9424305.884005608,31855982.730991587,18536.658536585368,9423962.229629075,31855038.548351966,18536.658536585368
9424354.801358502,31856499.557832967,18048.878048780487,7.9991492660415275,9424060.064334868,31856072.20203473,17561.09756097561,9424403.7187114,31857016.38467435,17561.09756097561,9424649.53838214,31856926.91363121,18536.658536585368,9424305.884005608,31855982.730991587,18536.658536585368
9424698.455735037,31857443.74047259,18048.878048780487,7.218428625769878,9424403.7187114,31857016.38467435,17561.09756097561,9424747.373087933,31857960.56731397,17561.09756097561,9424993.192758672,31857871.096270826,18536.658536585368,9424649.53838214,31856926.91363121,18536.658536585368
9425042.110111568,31858387.92311221,18048.878048780487,5.607663916935164,9424747.373087933,31857960.56731397,17561.09756097561,9425091.027464466,31858904.74995359,17561.09756097561,9425336.847135205,31858815.278910447,18536.658536585368,9424993.192758672,31857871.096270826,18536.658536585368
9425385.764488103,31859332.10575183,18048.878048780487,4.5953178847794875,9425091.027464466,31858904.74995359,17561.09756097561,9425434.681840999,31859848.93259321,17561.09756097561,9425680.501511738,31859759.461550068,18536.658536585368,9425336.847135205,31858815.278910447,18536.658536585368
9425729.418864634,31860276.28839145,18048.878048780487,3.8345876286152776,9425434.681840999,31859848.93259321,17561.09756097561,9425778.33621753,31860793.115232833,17561.09756097561,9426024.15588827,31860703.644189686,18536.658536585368,9425680.501511738,31859759.461550068,18536.658536585368
9426073.073241167,31861220.47103107,18048.878048780487,3.318908146180372,9425778.33621753,31860793.115232833,17561.09756097561,9426121.990594063,31861737.297872454,17561.09756097561,9426367.810264803,31861647.826829307,18536.658536585368,9426024.15588827,31860703.644189686,18536.658536585368
9426416.7276177,31862164.65367069,18048.878048780487,3.4646518713741417,9426121.990594063,31861737.297872454,17561.09756097561,9426465.644970596,31862681.480512075,17561.09756097561,9426711.464641336,31862592.009468928,18536.658536585368,9426367.810264803,31861647.826829307,18536.658536585368
9426760.38199423,31863108.83631031,18048.878048780487,3.386385241717559,9426465.644970596,31862681.480512075,17561.09756097561,9426809.299347129,31863625.663151693,17561.09756097561,9427055.11901787,31863536.192108545,18536.658536585368,9426711.464641336,31862592.009468928,18536.658536585368
9427104.036370765,31864053.01894993,18048.878048780487,3.5083493044630853,9426809.299347129,31863625.663151693,17561.09756097561,9427152.953723662,31864569.84579131,17561.09756097561,9427398.7733944,31864480.374748163,18536.658536585368,9427055.11901787,31863536.192108545,18536.658536585368
9427447.690747296,31864997.201589547,18048.878048780487,3.2597762547000633,9427152.953723662,31864569.84579131,17561.09756097561,9427496.608100193,31865514.02843093,17561.09756097561,9427742.427770933,31865424.557387784,18536.658536585368,9427398.7733944,31864480.374748163,18536.658536585368
9427791.345123827,31865941.38422917,18048.878048780487,2.7080502218098004,9427496.608100193,31865514.02843093,17561.09756097561,9427840.262476726,31866458.211070552,17561.09756097561,9428086.082147466,31866368.740027405,18536.658536585368,9427742.427770933,31865424.557387784,18536.658536585368
9428134.999500362,31866885.56686879,18048.878048780487,2.0016530237297667,9427840.262476726,31866458.211070552,17561.09756097561,9428183.916853258,31867402.39371017,17561.09756097561,9428429.736523999,31867312.922667023,18536.658536585368,9428086.082147466,31866368.740027405,18536.658536585368
9428478.653876895,31867829.749508407,18048.878048780487,1.699298033069013,9428183.916853258,31867402.39371017,17561.09756097561,9428527.571229791,31868346.57634979,17561.09756097561,9428773.390900532,31868257.105306644,18536.658536585368,9428429.736523999,31867312.922667023,18536.658536585368
9428822.308253428,31868773.93214803,18048.878048780487,1.3065967146339703,9428527.571229791,31868346.57634979,17561.09756097561,9428871.225606324,31869290.758989412,17561.09756097561,9429117.045277065,31869201.28794627,18536.658536585368,9428773.390900532,31868257.105306644,18536.658536585368
9429165.962629959,31869718.114787646,18048.878048780487,1.5853333532349378,9428871.225606324,31869290.758989412,17561.09756097561,9429214.879982857,31870234.94162903,17561.09756097561,9429460.699653596,31870145.470585886,18536.658536585368,9429117.045277065,31869201.28794627,18536.658536585368
9429509.617006494,31870662.297427267,18048.878048780487,1.6862722803098682,9429214.879982857,31870234.94162903,17561.09756097561,9429558.53435939,31871179.12426865,17561.09756097561,9429804.354030129,31871089.653225508,18536.658536585368,9429460.699653596,31870145.470585886,18536.658536585368
9429853.271383025,31871606.48006689,18048.878048780487,1.5211348584243833,9429558.53435939,31871179.12426865,17561.09756097561,9429902.188735923,31872123.306908272,17561.09756097561,9430148.008406661,31872033.83586513,18536.658536585368,9429804.354030129,31871089.653225508,18536.658536585368
9430196.92575956,31872550.66270651,18048.878048780487,2.543667915948295,9429902.188735923,31872123.306908272,17561.09756097561,9430245.843112454,31873067.48954789,17561.09756097561,9430491.662783194,31872978.018504746,18536.658536585368,9430148.008406661,31872033.83586513,18536.658536585368
9430540.58013609,31873494.84534613,18048.878048780487,3.3110884021123703,9430245.843112454,31873067.48954789,17561.09756097561,9430589.497488987,31874011.672187515,17561.09756097561,9430835.317159727,31873922.201144367,18536.658536585368,9430491.662783194,31872978.018504746,18536.658536585368
9430884.234512623,31874439.02798575,18048.878048780487,3.8754493423415846,9430589.497488987,31874011.672187515,17561.09756097561,9430933.15186552,31874955.854827136,17561.09756097561,9431178.97153626,31874866.38378399,18536.658536585368,9430835.317159727,31873922.201144367,18536.658536585368
9431227.888889156,31875383.21062537,18048.878048780487,4.808935760208078,9430933.15186552,31874955.854827136,17561.09756097561,9431276.806242052,31875900.037466753,17561.09756097561,9431522.625912793,31875810.566423606,18536.658536585368,9431178.97153626,31874866.38378399,18536.658536585368
9431571.543265687,31876327.39326499,18048.878048780487,5.878679345337602,9431276.806242052,31875900.037466753,17561.09756097561,9431620.460618585,31876844.220106374,17561.09756097561,9431866.280289324,31876754.749063227,18536.658536585368,9431522.625912793,31875810.566423606,18536.658536585368
9431915.197642222,31877271.57590461,18048.878048780487,6.494443980254886,9431620.460618585,31876844.220106374,17561.09756097561,9431964.114995118,31877788.402745996,17561.09756097561,9432209.934665857,31877698.931702845,18536.658536585368,9431866.280289324,31876754.749063227,18536.658536585368
9432258.852018753,31878215.758544233,18048.878048780487,7.758476127234782,9431964.114995118,31877788.402745996,17561.09756097561,9432307.769371651,31878732.585385613,17561.09756097561,9432553.58904239,31878643.114342466,18536.658536585368,9432209.934665857,31877698.931702845,18536.658536585368
9432602.506395288,31879159.94118385,18048.878048780487,8.726314283812147,9432307.769371651,31878732.585385613,17561.09756097561,9432651.423748182,31879676.768025234,17561.09756097561,9432897.243418923,31879587.296982087,18536.658536585368,9432553.58904239,31878643.114342466,18536.658536585368
9432946.160771819,31880104.123823468,18048.878048780487,8.034827978183907,9432651.423748182,31879676.768025234,17561.09756097561,9432995.078124715,31880620.95066485,17561.09756097561,9433240.897795456,31880531.479621705,18536.658536585368,9432897.243418923,31879587.296982087,18536.658536585368
9433289.815148352,31881048.30646309,18048.878048780487,8.48426294060029,9432995.078124715,31880620.95066485,17561.09756097561,9433338.732501248,31881565.133304473,17561.09756097561,9433584.552171988,31881475.662261326,18536.658536585368,9433240.897795456,31880531.479621705,18536.658536585368
9433633.469524885,31881992.48910271,18048.878048780487,9.584533868863522,9433338.732501248,31881565.133304473,17561.09756097561,9433682.38687778,31882509.315944094,17561.09756097561,9433928.206548521,31882419.84490095,18536.658536585368,9433584.552171988,31881475.662261326,18536.658536585368
9433977.123901416,31882936.671742328,18048.878048780487,11.661615030699432,9433682.38687778,31882509.315944094,17561.09756097561,9434026.041254314,31883453.49858371,17561.09756097561,9434271.860925052,31883364.02754057,18536.658536585368,9433928.206548521,31882419.84490095,18536.658536585368
9434320.77827795,31883880.85438195,18048.878048780487,14.97465704205582,9434026.041254314,31883453.49858371,17561.09756097561,9434369.695630847,31884397.681223333,17561.09756097561,9434615.515301585,31884308.21018019,18536.658536585368,9434271.860925052,31883364.02754057,18536.658536585368
9434664.432654481,31884825.037021574,18048.878048780487,15.980197625639796,9434369.695630847,31884397.681223333,17561.09756097561,9434713.35000738,31885341.863862954,17561.09756097561,9434959.169678118,31885252.39281981,18536.658536585368,9434615.515301585,31884308.21018019,18536.658536585368
9435008.087031016,31885769.219661195,18048.878048780487,15.91264207458844,9434713.35000738,31885341.863862954,17561.09756097561,9435057.00438391,31886286.04650257,17561.09756097561,9435302.824054651,31886196.575459428,18536.658536585368,9434959.169678118,31885252.39281981,18536.658536585368
9435351.741407547,31886713.402300812,18048.878048780487,14.087564415098441,9435057.00438391,31886286.04650257,17561.09756097561,9435400.658760443,31887230.229142196,17561.09756097561,9435646.478431184,31887140.75809905,18536.658536585368,9435302.824054651,31886196.575459428,18536.658536585368
9435695.395784078,31887657.584940434,18048.878048780487,12.129133855005199,9435400.658760443,31887230.229142196,17561.09756097561,9435744.313136976,31888174.411781814,17561.09756097561,9435990.132807715,31888084.940738667,18536.658536585368,9435646.478431184,31887140.75809905,18536.658536585368
9436039.050160613,31888601.76758005,18048.878048780487,11.11263842010796,9435744.313136976,31888174.411781814,17561.09756097561,9436087.96751351,31889118.594421435,17561.09756097561,9436333.787184248,31889029.123378288,18536.658536585368,9435990.132807715,31888084.940738667,18536.658536585368
9436382.704537144,31889545.95021967,18048.878048780487,8.704571501297394,9436087.96751351,31889118.594421435,17561.09756097561,9436431.621890042,31890062.777061056,17561.09756097561,9436677.441560779,31889973.306017905,18536.658536585368,9436333.787184248,31889029.123378288,18536.658536585368
9436726.358913677,31890490.13285929,18048.878048780487,7.526771189204113,9436431.621890042,31890062.777061056,17561.09756097561,9436775.276266573,31891006.959700674,17561.09756097561,9437021.095937312,31890917.488657527,18536.658536585368,9436677.441560779,31889973.306017905,18536.658536585368
9437070.01329021,31891434.31549891,18048.878048780487,6.86916980627463,9436775.276266573,31891006.959700674,17561.09756097561,9437118.930643106,31891951.142340295,17561.09756097561,9437364.750313845,31891861.671297148,18536.658536585368,9437021.095937312,31890917.488657527,18536.658536585368
9437413.66766674,31892378.49813853,18048.878048780487,6.012846987749117,9437118.930643106,31891951.142340295,17561.09756097561,9437462.585019639,31892895.324979912,17561.09756097561,9437708.404690377,31892805.853936765,18536.658536585368,9437364.750313845,31891861.671297148,18536.658536585368
9437757.322043275,31893322.68077815,18048.878048780487,4.586721907850925,9437462.585019639,31892895.324979912,17561.09756097561,9437806.239396172,31893839.507619534,17561.09756097561,9438052.05906691,31893750.036576387,18536.658536585368,9437708.404690377,31892805.853936765,18536.658536585368
9438100.976419806,31894266.86341777,18048.878048780487,5.528088590747942,9437806.239396172,31893839.507619534,17561.09756097561,9438149.893772705,31894783.690259155,17561.09756097561,9438395.713443441,31894694.219216008,18536.658536585368,9438052.05906691,31893750.036576387,18536.658536585368
9438444.630796341,31895211.04605739,18048.878048780487,6.534940419423336,9438149.893772705,31894783.690259155,17561.09756097561,9438493.548149237,31895727.872898772,17561.09756097561,9438739.367819974,31895638.40185563,18536.658536585368,9438395.713443441,31894694.219216008,18536.658536585368
9438788.285172872,31896155.22869701,18048.878048780487,7.8934317726395475,9438493.548149237,31895727.872898772,17561.09756097561,9438837.20252577,31896672.055538394,17561.09756097561,9439083.022196507,31896582.58449525,18536.658536585368,9438739.367819974,31895638.40185563,18536.658536585368
9439131.939549405,31897099.41133663,18048.878048780487,10.761439275715587,9438837.20252577,31896672.055538394,17561.09756097561,9439180.856902301,31897616.238178015,17561.09756097561,9439426.67657304,31897526.76713487,18536.658536585368,9439083.022196507,31896582.58449525,18536.658536585368
9439475.593925938,31898043.593976256,18048.878048780487,8.469623943954053,9439180.856902301,31897616.238178015,17561.09756097561,9439524.511278834,31898560.420817632,17561.09756097561,9439770.330949573,31898470.94977449,18536.658536585368,9439426.67657304,31897526.76713487,18536.658536585368
9439819.248302469,31898987.776615873,18048.878048780487,8.225392806421999,9439524.511278834,31898560.420817632,17561.09756097561,9439868.165655367,31899504.603457253,17561.09756097561,9440113.985326106,31899415.13241411,18536.658536585368,9439770.330949573,31898470.94977449,18536.658536585368
9440162.902679004,31899931.959255494,18048.878048780487,9.259477189555513,9439868.165655367,31899504.603457253,17561.09756097561,9440211.8200319,31900448.78609688,17561.09756097561,9440457.639702639,31900359.31505373,18536.658536585368,9440113.985326106,31899415.13241411,18536.658536585368
9440506.557055537,31900876.14189511,18048.878048780487,9.205063428708353,9440211.8200319,31900448.78609688,17561.09756097561,9440555.474408433,31901392.968736496,17561.09756097561,9440801.294079171,31901303.49769335,18536.658536585368,9440457.639702639,31900359.31505373,18536.658536585368
9440850.21143207,31901820.324534733,18048.878048780487,8.98009867395124,9440555.474408433,31901392.968736496,17561.09756097561,9440899.128784966,31902337.151376117,17561.09756097561,9441144.948455703,31902247.68033297,18536.658536585368,9440801.294079171,31901303.49769335,18536.658536585368
9441193.8658086,31902764.507174354,18048.878048780487,8.930716527317257,9440899.128784966,31902337.151376117,17561.09756097561,9441242.783161499,31903281.33401574,17561.09756097561,9441488.602832235,31903191.86297259,18536.658536585368,9441144.948455703,31902247.68033297,18536.658536585368
9415665.607239395,31831861.3381597,19024.43902439025,1.2873035735726819,9415370.87021576,31831433.982361466,18536.658536585368,9415714.524592293,31832378.165001083,18536.658536585368,9415960.34426303,31832288.693957936,19512.219512195123,9415616.689886497,31831344.51131832,19512.219512195123
9416009.261615926,31832805.52079932,19024.43902439025,1.002131550837851,9415714.524592293,31832378.165001083,18536.658536585368,9416058.178968824,31833322.347640704,18536.658536585368,9416303.998639563,31833232.876597557,19512.219512195123,9415960.34426303,31832288.693957936,19512.219512195123
9416352.915992457,31833749.70343894,19024.43902439025,1.7908767259070713,9416058.178968824,31833322.347640704,18536.658536585368,9416401.833345357,31834266.530280326,18536.658536585368,9416647.653016096,31834177.05923718,19512.219512195123,9416303.998639563,31833232.876597557,19512.219512195123
9416696.570368992,31834693.88607856,19024.43902439025,2.2551236673145327,9416401.833345357,31834266.530280326,18536.658536585368,9416745.48772189,31835210.712919943,18536.658536585368,9416991.307392629,31835121.241876796,19512.219512195123,9416647.653016096,31834177.05923718,19512.219512195123
9417040.224745525,31835638.06871818,19024.43902439025,1.6155060115242659,9416745.48772189,31835210.712919943,18536.658536585368,9417089.142098423,31836154.895559564,18536.658536585368,9417334.961769162,31836065.424516417,19512.219512195123,9416991.307392629,31835121.241876796,19512.219512195123
9417383.879122058,31836582.2513578,19024.43902439025,1.8986712290999457,9417089.142098423,31836154.895559564,18536.658536585368,9417432.796474956,31837099.078199185,18536.658536585368,9417678.616145693,31837009.60715604,19512.219512195123,9417334.961769162,31836065.424516417,19512.219512195123
9417727.533498589,31837526.433997422,19024.43902439025,1.5797733730458479,9417432.796474956,31837099.078199185,18536.658536585368,9417776.450851489,31838043.260838803,18536.658536585368,9418022.270522226,31837953.78979566,19512.219512195123,9417678.616145693,31837009.60715604,19512.219512195123
9418071.187875124,31838470.61663704,19024.43902439025,1.9666260727204472,9417776.450851489,31838043.260838803,18536.658536585368,9418120.105228022,31838987.443478424,18536.658536585368,9418365.924898759,31838897.97243528,19512.219512195123,9418022.270522226,31837953.78979566,19512.219512195123
9418414.842251655,31839414.79927666,19024.43902439025,3.0802417056160305,9418120.105228022,31838987.443478424,18536.658536585368,9418463.759604553,31839931.626118045,18536.658536585368,9418709.579275291,31839842.1550749,19512.219512195123,9418365.924898759,31838897.97243528,19512.219512195123
9418758.496628186,31840358.981916282,19024.43902439025,3.1967031344484793,9418463.759604553,31839931.626118045,18536.658536585368,9418807.413981086,31840875.808757663,18536.658536585368,9419053.233651824,31840786.33771452,19512.219512195123,9418709.579275291,31839842.1550749,19512.219512195123
9419102.15100472,31841303.164555904,19024.43902439025,3.3027155723079735,9418807.413981086,31840875.808757663,18536.658536585368,9419151.068357619,31841819.991397284,18536.658536585368,9419396.888028357,31841730.52035414,19512.219512195123,9419053.233651824,31840786.33771452,19512.219512195123
9419445.805381251,31842247.34719552,19024.43902439025,4.191591116692182,9419151.068357619,31841819.991397284,18536.658536585368,9419494.722734151,31842764.174036905,18536.658536585368,9419740.542404888,31842674.702993758,19512.219512195123,9419396.888028357,31841730.52035414,19512.219512195123
9419789.459757786,31843191.529835142,19024.43902439025,4.041919568298129,9419494.722734151,31842764.174036905,18536.658536585368,9419838.377110684,31843708.356676526,18536.658536585368,9420084.196781421,31843618.88563338,19512.219512195123,9419740.542404888,31842674.702993758,19512.219512195123
9420133.114134317,31844135.712474763,19024.43902439025,4.189765402446013,9419838.377110684,31843708.356676526,18536.658536585368,9420182.031487215,31844652.539316144,18536.658536585368,9420427.851157954,31844563.068272997,19512.219512195123,9420084.196781421,31843618.88563338,19512.219512195123
9420476.76851085,31845079.89511438,19024.43902439025,6.2671708345190345,9420182.031487215,31844652.539316144,18536.658536585368,9420525.685863748,31845596.721955765,18536.658536585368,9420771.505534487,31845507.250912618,19512.219512195123,9420427.851157954,31844563.068272997,19512.219512195123
9420820.422887383,31846024.077754002,19024.43902439025,6.090151881384259,9420525.685863748,31845596.721955765,18536.658536585368,9420869.340240281,31846540.904595386,18536.658536585368,9421115.15991102,31846451.43355224,19512.219512195123,9420771.505534487,31845507.250912618,19512.219512195123
9421164.077263914,31846968.260393623,19024.43902439025,5.916828302288143,9420869.340240281,31846540.904595386,18536.658536585368,9421212.994616814,31847485.087235004,18536.658536585368,9421458.814287553,31847395.616191857,19512.219512195123,9421115.15991102,31846451.43355224,19512.219512195123
9421507.731640449,31847912.44303324,19024.43902439025,5.019758794005237,9421212.994616814,31847485.087235004,18536.658536585368,9421556.648993347,31848429.269874625,18536.658536585368,9421802.468664084,31848339.798831478,19512.219512195123,9421458.814287553,31847395.616191857,19512.219512195123
9421851.38601698,31848856.62567286,19024.43902439025,6.222414250040152,9421556.648993347,31848429.269874625,18536.658536585368,9421900.30336988,31849373.452514246,18536.658536585368,9422146.123040617,31849283.981471095,19512.219512195123,9421802.468664084,31848339.798831478,19512.219512195123
9422195.040393515,31849800.80831248,19024.43902439025,7.18550783942201,9421900.30336988,31849373.452514246,18536.658536585368,9422243.957746413,31850317.635153864,18536.658536585368,9422489.77741715,31850228.16411072,19512.219512195123,9422146.123040617,31849283.981471095,19512.219512195123
9422538.694770046,31850744.9909521,19024.43902439025,8.173233920314194,9422243.957746413,31850317.635153864,18536.658536585368,9422587.612122944,31851261.817793485,18536.658536585368,9422833.431793682,31851172.34675034,19512.219512195123,9422489.77741715,31850228.16411072,19512.219512195123
9422882.349146578,31851689.173591718,19024.43902439025,12.585868315389822,9422587.612122944,31851261.817793485,18536.658536585368,9422931.266499477,31852206.000433102,18536.658536585368,9423177.086170215,31852116.52938996,19512.219512195123,9422833.431793682,31851172.34675034,19512.219512195123
9423226.003523111,31852633.356231343,19024.43902439025,12.814265210233843,9422931.266499477,31852206.000433102,18536.658536585368,9423274.92087601,31853150.183072723,18536.658536585368,9423520.740546748,31853060.71202958,19512.219512195123,9423177.086170215,31852116.52938996,19512.219512195123
9423569.657899642,31853577.538870964,19024.43902439025,10.619170272173264,9423274.92087601,31853150.183072723,18536.658536585368,9423618.575252542,31854094.365712345,18536.658536585368,9423864.39492328,31854004.8946692,19512.219512195123,9423520.740546748,31853060.71202958,19512.219512195123
9423913.312276177,31854521.72151058,19024.43902439025,10.389921206126111,9423618.575252542,31854094.365712345,18536.658536585368,9423962.229629075,31855038.548351966,18536.658536585368,9424208.049299812,31854949.07730882,19512.219512195123,9423864.39492328,31854004.8946692,19512.219512195123
9424256.966652708,31855465.904150203,19024.43902439025,9.058729013635517,9423962.229629075,31855038.548351966,18536.658536585368,9424305.884005608,31855982.730991587,18536.658536585368,9424551.703676345,31855893.25994844,19512.219512195123,9424208.049299812,31854949.07730882,19512.219512195123
9424600.621029243,31856410.086789824,19024.43902439025,6.963941598218776,9424305.884005608,31855982.730991587,18536.658536585368,9424649.53838214,31856926.91363121,18536.658536585368,9424895.358052878,31856837.44258806,19512.219512195123,9424551.703676345,31855893.25994844,19512.219512195123
9424944.275405774,31857354.269429445,19024.43902439025,5.282686870697511,9424649.53838214,31856926.91363121,18536.658536585368,9424993.192758672,31857871.096270826,18536.658536585368,9425239.01242941,31857781.62522768,19512.219512195123,9424895.358052878,31856837.44258806,19512.219512195123
9425287.929782307,31858298.452069063,19024.43902439025,5.444911640825211,9424993.192758672,31857871.096270826,18536.658536585368,9425336.847135205,31858815.278910447,18536.658536585368,9425582.666805943,31858725.8078673,19512.219512195123,9425239.01242941,31857781.62522768,19512.219512195123
9425631.58415884,31859242.634708684,19024.43902439025,5.04732247512817,9425336.847135205,31858815.278910447,18536.658536585368,9425680.501511738,31859759.461550068,18536.658536585368,9425926.321182476,31859669.99050692,19512.219512195123,9425582.666805943,31858725.8078673,19512.219512195123
9425975.23853537,31860186.8173483,19024.43902439025,4.073343047498138,9425680.501511738,31859759.461550068,18536.658536585368,9426024.15588827,31860703.644189686,18536.658536585368,9426269.97555901,31860614.17314654,19512.219512195123,9425926.321182476,31859669.99050692,19512.219512195123
9426318.892911905,31861130.999987923,19024.43902439025,3.359926744912592,9426024.15588827,31860703.644189686,18536.658536585368,9426367.810264803,31861647.826829307,18536.658536585368,9426613.629935542,31861558.35578616,19512.219512195123,9426269.97555901,31860614.17314654,19512.219512195123
9426662.547288436,31862075.182627544,19024.43902439025,3.3677702500861333,9426367.810264803,31861647.826829307,18536.658536585368,9426711.464641336,31862592.009468928,18536.658536585368,9426957.284312073,31862502.53842578,19512.219512195123,9426613.629935542,31861558.35578616,19512.219512195123
9427006.201664971,31863019.36526716,19024.43902439025,3.556277101927925,9426711.464641336,31862592.009468928,18536.658536585368,9427055.11901787,31863536.192108545,18536.658536585368,9427300.938688606,31863446.721065402,19512.219512195123,9426957.284312073,31862502.53842578,19512.219512195123
9427349.856041502,31863963.547906782,19024.43902439025,2.8610858886082533,9427055.11901787,31863536.192108545,18536.658536585368,9427398.7733944,31864480.374748163,18536.658536585368,9427644.593065139,31864390.90370502,19512.219512195123,9427300.938688606,31863446.721065402,19512.219512195123
9427693.510418035,31864907.7305464,19024.43902439025,1.7986785757824197,9427398.7733944,31864480.374748163,18536.658536585368,9427742.427770933,31865424.557387784,18536.658536585368,9427988.247441672,31865335.08634464,19512.219512195123,9427644.593065139,31864390.90370502,19512.219512195123
9428037.164794568,31865851.91318602,19024.43902439025,1.2595409878505157,9427742.427770933,31865424.557387784,18536.658536585368,9428086.082147466,31866368.740027405,18536.658536585368,9428331.901818205,31866279.268984262,19512.219512195123,9427988.247441672,31865335.08634464,19512.219512195123
9428380.819171099,31866796.095825646,19024.43902439025,1.0856973281454378,9428086.082147466,31866368.740027405,18536.658536585368,9428429.736523999,31867312.922667023,18536.658536585368,9428675.556194736,31867223.45162388,19512.219512195123,9428331.901818205,31866279.268984262,19512.219512195123
9428724.473547634,31867740.278465264,19024.43902439025,1.121765545011808,9428429.736523999,31867312.922667023,18536.658536585368,9428773.390900532,31868257.105306644,18536.658536585368,9429019.210571269,31868167.6342635,19512.219512195123,9428675.556194736,31867223.45162388,19512.219512195123
9429068.127924165,31868684.461104885,19024.43902439025,1.1801755755669405,9428773.390900532,31868257.105306644,18536.658536585368,9429117.045277065,31869201.28794627,18536.658536585368,9429362.864947801,31869111.81690312,19512.219512195123,9429019.210571269,31868167.6342635,19512.219512195123
9429411.7823007,31869628.643744502,19024.43902439025,1.0465219531861487,9429117.045277065,31869201.28794627,18536.658536585368,9429460.699653596,31870145.470585886,18536.658536585368,9429706.519324334,31870055.99954274,19512.219512195123,9429362.864947801,31869111.81690312,19512.219512195123
9429755.43667723,31870572.826384123,19024.43902439025,1.3124559324157135,9429460.699653596,31870145.470585886,18536.658536585368,9429804.354030129,31871089.653225508,18536.658536585368,9430050.173700867,31871000.18218236,19512.219512195123,9429706.519324334,31870055.99954274,19512.219512195123
9430099.091053763,31871517.009023745,19024.43902439025,1.5075621814598317,9429804.354030129,31871089.653225508,18536.658536585368,9430148.008406661,31872033.83586513,18536.658536585368,9430393.8280774,31871944.36482198,19512.219512195123,9430050.173700867,31871000.18218236,19512.219512195123
9430442.745430296,31872461.191663362,19024.43902439025,2.0730041782586506,9430148.008406661,31872033.83586513,18536.658536585368,9430491.662783194,31872978.018504746,18536.658536585368,9430737.482453933,31872888.5474616,19512.219512195123,9430393.8280774,31871944.36482198,19512.219512195123
9430786.399806827,31873405.374302983,19024.43902439025,3.0083586884642153,9430491.662783194,31872978.018504746,18536.658536585368,9430835.317159727,31873922.201144367,18536.658536585368,9431081.136830464,31873832.73010122,19512.219512195123,9430737.482453933,31872888.5474616,19512.219512195123
9431130.054183362,31874349.556942604,19024.43902439025,3.825768602549654,9430835.317159727,31873922.201144367,18536.658536585368,9431178.97153626,31874866.38378399,18536.658536585368,9431424.791206997,31874776.912740838,19512.219512195123,9431081.136830464,31873832.73010122,19512.219512195123
9431473.708559893,31875293.739582222,19024.43902439025,4.053280052472517,9431178.97153626,31874866.38378399,18536.658536585368,9431522.625912793,31875810.566423606,18536.658536585368,9431768.44558353,31875721.09538046,19512.219512195123,9431424.791206997,31874776.912740838,19512.219512195123
9431817.362936428,31876237.922221843,19024.43902439025,5.659989550010388,9431522.625912793,31875810.566423606,18536.658536585368,9431866.280289324,31876754.749063227,18536.658536585368,9432112.099960063,31876665.278020084,19512.219512195123,9431768.44558353,31875721.09538046,19512.219512195123
9432161.017312959,31877182.104861464,19024.43902439025,7.059571226387567,9431866.280289324,31876754.749063227,18536.658536585368,9432209.934665857,31877698.931702845,18536.658536585368,9432455.754336596,31877609.4606597,19512.219512195123,9432112.099960063,31876665.278020084,19512.219512195123
9432504.671689492,31878126.28750108,19024.43902439025,8.260837289979424,9432209.934665857,31877698.931702845,18536.658536585368,9432553.58904239,31878643.114342466,18536.658536585368,9432799.408713128,31878553.643299323,19512.219512195123,9432455.754336596,31877609.4606597,19512.219512195123
9432848.326066025,31879070.470140703,19024.43902439025,8.372421350279053,9432553.58904239,31878643.114342466,18536.658536585368,9432897.243418923,31879587.296982087,18536.658536585368,9433143.063089661,31879497.825938944,19512.219512195123,9432799.408713128,31878553.643299323,19512.219512195123
9433191.980442556,31880014.652780324,19024.43902439025,11.018042024502149,9432897.243418923,31879587.296982087,18536.658536585368,9433240.897795456,31880531.479621705,18536.658536585368,9433486.717466192,31880442.00857856,19512.219512195123,9433143.063089661,31879497.825938944,19512.219512195123
9433535.63481909,31880958.835419945,19024.43902439025,12.117829592573655,9433240.897795456,31880531.479621705,18536.658536585368,9433584.552171988,31881475.662261326,18536.658536585368,9433830.371842725,31881386.191218182,19512.219512195123,9433486.717466192,31880442.00857856,19512.219512195123
9433879.289195621,31881903.018059567,19024.43902439025,12.061728554328115,9433584.552171988,31881475.662261326,18536.658536585368,9433928.206548521,31882419.84490095,18536.658536585368,9434174.026219258,31882330.373857804,19512.219512195123,9433830.371842725,31881386.191218182,19512.219512195123
9434222.943572156,31882847.200699184,19024.43902439025,14.140908989740105,9433928.206548521,31882419.84490095,18536.658536585368,9434271.860925052,31883364.02754057,18536.658536585368,9434517.680595791,31883274.55649742,19512.219512195123,9434174.026219258,31882330.373857804,19512.219512195123
9434566.597948687,31883791.383338805,19024.43902439025,14.853378946879465,9434271.860925052,31883364.02754057,18536.658536585368,9434615.515301585,31884308.21018019,18536.658536585368,9434861.334972324,31884218.739137042,19512.219512195123,9434517.680595791,31883274.55649742,19512.219512195123
9434910.25232522,31884735.565978426,19024.43902439025,15.372831854621763,9434615.515301585,31884308.21018019,18536.658536585368,9434959.169678118,31885252.39281981,18536.658536585368,9435204.989348857,31885162.921776664,19512.219512195123,9434861.334972324,31884218.739137042,19512.219512195123
9435253.906701753,31885679.748618048,19024.43902439025,14.9597942140281,9434959.169678118,31885252.39281981,18536.658536585368,9435302.824054651,31886196.575459428,18536.658536585368,9435548.64372539,31886107.10441628,19512.219512195123,9435204.989348857,31885162.921776664,19512.219512195123
9435597.561078284,31886623.931257665,19024.43902439025,13.800094411883645,9435302.824054651,31886196.575459428,18536.658536585368,9435646.478431184,31887140.75809905,18536.658536585368,9435892.29810192,31887051.2870559,19512.219512195123,9435548.64372539,31886107.10441628,19512.219512195123
9435941.215454817,31887568.113897286,19024.43902439025,11.046574350266457,9435646.478431184,31887140.75809905,18536.658536585368,9435990.132807715,31888084.940738667,18536.658536585368,9436235.952478454,31887995.46969552,19512.219512195123,9435892.29810192,31887051.2870559,19512.219512195123
9436284.86983135,31888512.296536904,19024.43902439025,10.085794001012859,9435990.132807715,31888084.940738667,18536.658536585368,9436333.787184248,31889029.123378288,18536.658536585368,9436579.606854986,31888939.65233514,19512.219512195123,9436235.952478454,31887995.46969552,19512.219512195123
9436628.52420788,31889456.47917652,19024.43902439025,8.135056191392588,9436333.787184248,31889029.123378288,18536.658536585368,9436677.441560779,31889973.306017905,18536.658536585368,9436923.26123152,31889883.834974762,19512.219512195123,9436579.606854986,31888939.65233514,19512.219512195123
9436972.178584415,31890400.661816142,19024.43902439025,6.440683506559031,9436677.441560779,31889973.306017905,18536.658536585368,9437021.095937312,31890917.488657527,18536.658536585368,9437266.915608052,31890828.017614383,19512.219512195123,9436923.26123152,31889883.834974762,19512.219512195123
9437315.832960946,31891344.844455764,19024.43902439025,5.78245437209908,9437021.095937312,31890917.488657527,18536.658536585368,9437364.750313845,31891861.671297148,18536.658536585368,9437610.569984583,31891772.200254004,19512.219512195123,9437266.915608052,31890828.017614383,19512.219512195123
9437659.487337481,31892289.027095385,19024.43902439025,4.795060868040559,9437364.750313845,31891861.671297148,18536.658536585368,9437708.404690377,31892805.853936765,18536.658536585368,9437954.224361116,31892716.382893622,19512.219512195123,9437610.569984583,31891772.200254004,19512.219512195123
9438003.141714012,31893233.209735006,19024.43902439025,4.221255262297759,9437708.404690377,31892805.853936765,18536.658536585368,9438052.05906691,31893750.036576387,18536.658536585368,9438297.878737649,31893660.565533243,19512.219512195123,9437954.224361116,31892716.382893622,19512.219512195123
9438346.796090545,31894177.392374627,19024.43902439025,3.88087093296988,9438052.05906691,31893750.036576387,18536.658536585368,9438395.713443441,31894694.219216008,18536.658536585368,9438641.533114182,31894604.748172864,19512.219512195123,9438297.878737649,31893660.565533243,19512.219512195123
9438690.450467078,31895121.575014245,19024.43902439025,4.247297443467634,9438395.713443441,31894694.219216008,18536.658536585368,9438739.367819974,31895638.40185563,18536.658536585368,9438985.187490715,31895548.93081248,19512.219512195123,9438641.533114182,31894604.748172864,19512.219512195123
9439034.104843609,31896065.757653866,19024.43902439025,5.451791044144358,9438739.367819974,31895638.40185563,18536.658536585368,9439083.022196507,31896582.58449525,18536.658536585368,9439328.841867248,31896493.113452103,19512.219512195123,9438985.187490715,31895548.93081248,19512.219512195123
9439377.759220144,31897009.940293487,19024.43902439025,7.747021773856831,9439083.022196507,31896582.58449525,18536.658536585368,9439426.67657304,31897526.76713487,18536.658536585368,9439672.49624378,31897437.296091724,19512.219512195123,9439328.841867248,31896493.113452103,19512.219512195123
9439721.413596677,31897954.12293311,19024.43902439025,8.227489881457773,9439426.67657304,31897526.76713487,18536.658536585368,9439770.330949573,31898470.94977449,18536.658536585368,9440016.150620313,31898381.47873134,19512.219512195123,9439672.49624378,31897437.296091724,19512.219512195123
9440065.06797321,31898898.305572726,19024.43902439025,7.983556664913184,9439770.330949573,31898470.94977449,18536.658536585368,9440113.985326106,31899415.13241411,18536.658536585368,9440359.804996844,31899325.661370963,19512.219512195123,9440016.150620313,31898381.47873134,19512.219512195123
9440408.72234974,31899842.488212347,19024.43902439025,7.077883727456306,9440113.985326106,31899415.13241411,18536.658536585368,9440457.639702639,31900359.31505373,18536.658536585368,9440703.459373377,31900269.844010584,19512.219512195123,9440359.804996844,31899325.661370963,19512.219512195123
9440752.376726275,31900786.670851965,19024.43902439025,8.869601409786442,9440457.639702639,31900359.31505373,18536.658536585368,9440801.294079171,31901303.49769335,18536.658536585368,9441047.11374991,31901214.0266502,19512.219512195123,9440703.459373377,31900269.844010584,19512.219512195123
9441096.031102806,31901730.853491586,19024.43902439025,10.510819411612873,9440801.294079171,31901303.49769335,18536.658536585368,9441144.948455703,31902247.68033297,18536.658536585368,9441390.768126443,31902158.209289823,19512.219512195123,9441047.11374991,31901214.0266502,19512.219512195123
9441439.685479337,31902675.036131203,19024.43902439025,9.622263282778484,9441144.948455703,31902247.68033297,18536.658536585368,9441488.602832235,31903191.86297259,18536.658536585368,9441734.422502976,31903102.391929444,19512.219512195123,9441390.768126443,31902158.209289823,19512.219512195123
9415911.426910136,31831771.86711655,20000.0,1.3041740397876393,9415616.689886497,31831344.51131832,19512.219512195123,9415960.34426303,31832288.693957936,19512.219512195123,9416206.163933773,31832199.222914793,20487.78048780488,9415862.50955724,31831255.040275168,20487.78048780488
9416255.081286669,31832716.049756173,20000.0,1.444117752854519,9415960.34426303,31832288.693957936,19512.219512195123,9416303.998639563,31833232.876597557,19512.219512195123,9416549.818310305,31833143.405554414,20487.78048780488,9416206.163933773,31832199.222914793,20487.78048780488
9416598.735663202,31833660.232395794,20000.0,1.292103186229671,9416303.998639563,31833232.876597557,19512.219512195123,9416647.653016096,31834177.05923718,19512.219512195123,9416893.472686836,31834087.58819403,20487.78048780488,9416549.818310305,31833143.405554414,20487.78048780488
9416942.390039733,31834604.415035415,20000.0,1.2052009820415799,9416647.653016096,31834177.05923718,19512.219512195123,9416991.307392629,31835121.241876796,19512.219512195123,9417237.12706337,31835031.770833652,20487.78048780488,9416893.472686836,31834087.58819403,20487.78048780488
9417286.044416266,31835548.597675037,20000.0,0.7727854180511405,9416991.307392629,31835121.241876796,19512.219512195123,9417334.961769162,31836065.424516417,19512.219512195123,9417580.781439902,31835975.95347327,20487.78048780488,9417237.12706337,31835031.770833652,20487.78048780488
9417629.698792798,31836492.780314658,20000.0,1.03387269121558,9417334.961769162,31836065.424516417,19512.219512195123,9417678.616145693,31837009.60715604,19512.219512195123,9417924.435816435,31836920.13611289,20487.78048780488,9417580.781439902,31835975.95347327,20487.78048780488
9417973.353169331,31837436.96295428,20000.0,1.4126019862939447,9417678.616145693,31837009.60715604,19512.219512195123,9418022.270522226,31837953.78979566,19512.219512195123,9418268.090192968,31837864.318752512,20487.78048780488,9417924.435816435,31836920.13611289,20487.78048780488
9418317.007545864,31838381.145593893,20000.0,1.4328838634864005,9418022.270522226,31837953.78979566,19512.219512195123,9418365.924898759,31838897.97243528,19512.219512195123,9418611.7445695,31838808.50139213,20487.78048780488,9418268.090192968,31837864.318752512,20487.78048780488
9418660.661922397,31839325.328233514,20000.0,3.0432909369904193,9418365.924898759,31838897.97243528,19512.219512195123,9418709.579275291,31839842.1550749,19512.219512195123,9418955.398946032,31839752.68403175,20487.78048780488,9418611.7445695,31838808.50139213,20487.78048780488
9419004.31629893,31840269.510873135,20000.0,3.6032921398086732,9418709.579275291,31839842.1550749,19512.219512195123,9419053.233651824,31840786.33771452,19512.219512195123,9419299.053322565,31840696.866671372,20487.78048780488,9418955.398946032,31839752.68403175,20487.78048780488
9419347.970675461,31841213.693512753,20000.0,4.378934449317492,9419053.233651824,31840786.33771452,19512.219512195123,9419396.888028357,31841730.52035414,19512.219512195123,9419642.707699098,31841641.04931099,20487.78048780488,9419299.053322565,31840696.866671372,20487.78048780488
9419691.625051994,31842157.876152374,20000.0,4.539637887714151,9419396.888028357,31841730.52035414,19512.219512195123,9419740.542404888,31842674.702993758,19512.219512195123,9419986.36207563,31842585.23195061,20487.78048780488,9419642.707699098,31841641.04931099,20487.78048780488
9420035.279428527,31843102.058791995,20000.0,4.5948249059067905,9419740.542404888,31842674.702993758,19512.219512195123,9420084.196781421,31843618.88563338,19512.219512195123,9420330.016452163,31843529.41459023,20487.78048780488,9419986.36207563,31842585.23195061,20487.78048780488
9420378.93380506,31844046.241431613,20000.0,4.804927155662212,9420084.196781421,31843618.88563338,19512.219512195123,9420427.851157954,31844563.068272997,19512.219512195123,9420673.670828694,31844473.59722985,20487.78048780488,9420330.016452163,31843529.41459023,20487.78048780488
9420722.58818159,31844990.424071234,20000.0,4.644286107624323,9420427.851157954,31844563.068272997,19512.219512195123,9420771.505534487,31845507.250912618,19512.219512195123,9421017.325205227,31845417.77986947,20487.78048780488,9420673.670828694,31844473.59722985,20487.78048780488
9421066.242558124,31845934.606710855,20000.0,5.4682776842414995,9420771.505534487,31845507.250912618,19512.219512195123,9421115.15991102,31846451.43355224,19512.219512195123,9421360.97958176,31846361.962509092,20487.78048780488,9421017.325205227,31845417.77986947,20487.78048780488
9421409.896934658,31846878.789350476,20000.0,5.911776240004979,9421115.15991102,31846451.43355224,19512.219512195123,9421458.814287553,31847395.616191857,19512.219512195123,9421704.633958293,31847306.145148713,20487.78048780488,9421360.97958176,31846361.962509092,20487.78048780488
9421753.55131119,31847822.971990094,20000.0,7.198424838260695,9421458.814287553,31847395.616191857,19512.219512195123,9421802.468664084,31848339.798831478,19512.219512195123,9422048.288334826,31848250.32778833,20487.78048780488,9421704.633958293,31847306.145148713,20487.78048780488
9422097.205687722,31848767.154629715,20000.0,7.892279885666453,9421802.468664084,31848339.798831478,19512.219512195123,9422146.123040617,31849283.981471095,19512.219512195123,9422391.942711359,31849194.51042795,20487.78048780488,9422048.288334826,31848250.32778833,20487.78048780488
9422440.860064255,31849711.337269336,20000.0,8.915705566920822,9422146.123040617,31849283.981471095,19512.219512195123,9422489.77741715,31850228.16411072,19512.219512195123,9422735.597087892,31850138.693067573,20487.78048780488,9422391.942711359,31849194.51042795,20487.78048780488
9422784.514440788,31850655.519908957,20000.0,11.252127948540222,9422489.77741715,31850228.16411072,19512.219512195123,9422833.431793682,31851172.34675034,19512.219512195123,9423079.251464423,31851082.87570719,20487.78048780488,9422735.597087892,31850138.693067573,20487.78048780488
9423128.168817319,31851599.702548575,20000.0,11.802045953601596,9422833.431793682,31851172.34675034,19512.219512195123,9423177.086170215,31852116.52938996,19512.219512195123,9423422.905840956,31852027.05834681,20487.78048780488,9423079.251464423,31851082.87570719,20487.78048780488
9423471.823193852,31852543.885188196,20000.0,9.347153351068568,9423177.086170215,31852116.52938996,19512.219512195123,9423520.740546748,31853060.71202958,19512.219512195123,9423766.560217489,31852971.240986433,20487.78048780488,9423422.905840956,31852027.05834681,20487.78048780488
9423815.477570387,31853488.067827817,20000.0,7.72115470626766,9423520.740546748,31853060.71202958,19512.219512195123,9423864.39492328,31854004.8946692,19512.219512195123,9424110.214594021,31853915.42362605,20487.78048780488,9423766.560217489,31852971.240986433,20487.78048780488
9424159.131946918,31854432.250467435,20000.0,7.500621095220637,9423864.39492328,31854004.8946692,19512.219512195123,9424208.049299812,31854949.07730882,19512.219512195123,9424453.868970554,31854859.60626567,20487.78048780488,9424110.214594021,31853915.42362605,20487.78048780488
9424502.78632345,31855376.433107056,20000.0,6.364821924755094,9424208.049299812,31854949.07730882,19512.219512195123,9424551.703676345,31855893.25994844,19512.219512195123,9424797.523347087,31855803.788905293,20487.78048780488,9424453.868970554,31854859.60626567,20487.78048780488
9424846.440699983,31856320.615746677,20000.0,5.058649939453844,9424551.703676345,31855893.25994844,19512.219512195123,9424895.358052878,31856837.44258806,19512.219512195123,9425141.17772362,31856747.97154491,20487.78048780488,9424797.523347087,31855803.788905293,20487.78048780488
9425190.095076516,31857264.798386298,20000.0,4.531991036313764,9424895.358052878,31856837.44258806,19512.219512195123,9425239.01242941,31857781.62522768,19512.219512195123,9425484.832100153,31857692.15418453,20487.78048780488,9425141.17772362,31856747.97154491,20487.78048780488
9425533.74945305,31858208.981025916,20000.0,4.033309128777482,9425239.01242941,31857781.62522768,19512.219512195123,9425582.666805943,31858725.8078673,19512.219512195123,9425828.486476684,31858636.336824156,20487.78048780488,9425484.832100153,31857692.15418453,20487.78048780488
9425877.40382958,31859153.163665533,20000.0,3.53306936419382,9425582.666805943,31858725.8078673,19512.219512195123,9425926.321182476,31859669.99050692,19512.219512195123,9426172.140853217,31859580.519463774,20487.78048780488,9425828.486476684,31858636.336824156,20487.78048780488
9426221.058206115,31860097.346305154,20000.0,3.6299309750749518,9425926.321182476,31859669.99050692,19512.219512195123,9426269.97555901,31860614.17314654,19512.219512195123,9426515.79522975,31860524.702103395,20487.78048780488,9426172.140853217,31859580.519463774,20487.78048780488
9426564.712582646,31861041.528944775,20000.0,3.172720791296102,9426269.97555901,31860614.17314654,19512.219512195123,9426613.629935542,31861558.35578616,19512.219512195123,9426859.449606283,31861468.884743012,20487.78048780488,9426515.79522975,31860524.702103395,20487.78048780488
9426908.366959179,31861985.711584397,20000.0,2.798337170497994,9426613.629935542,31861558.35578616,19512.219512195123,9426957.284312073,31862502.53842578,19512.219512195123,9427203.103982816,31862413.067382634,20487.78048780488,9426859.449606283,31861468.884743012,20487.78048780488
9427252.021335712,31862929.894224018,20000.0,2.4274775035812644,9426957.284312073,31862502.53842578,19512.219512195123,9427300.938688606,31863446.721065402,19512.219512195123,9427546.758359348,31863357.250022255,20487.78048780488,9427203.103982816,31862413.067382634,20487.78048780488
9427595.675712245,31863874.07686364,20000.0,1.3424338154275253,9427300.938688606,31863446.721065402,19512.219512195123,9427644.593065139,31864390.90370502,19512.219512195123,9427890.41273588,31864301.432661872,20487.78048780488,9427546.758359348,31863357.250022255,20487.78048780488
9427939.330088776,31864818.259503257,20000.0,0.8520729727706632,9427644.593065139,31864390.90370502,19512.219512195123,9427988.247441672,31865335.08634464,19512.219512195123,9428234.067112412,31865245.615301494,20487.78048780488,9427890.41273588,31864301.432661872,20487.78048780488
9428282.984465308,31865762.442142878,20000.0,0.6991907773457476,9427988.247441672,31865335.08634464,19512.219512195123,9428331.901818205,31866279.268984262,19512.219512195123,9428577.721488945,31866189.79794111,20487.78048780488,9428234.067112412,31865245.615301494,20487.78048780488
9428626.638841841,31866706.6247825,20000.0,0.530726510780361,9428331.901818205,31866279.268984262,19512.219512195123,9428675.556194736,31867223.45162388,19512.219512195123,9428921.375865478,31867133.980580732,20487.78048780488,9428577.721488945,31866189.79794111,20487.78048780488
9428970.293218374,31867650.807422116,20000.0,0.4417724430075922,9428675.556194736,31867223.45162388,19512.219512195123,9429019.210571269,31868167.6342635,19512.219512195123,9429265.030242011,31868078.163220353,20487.78048780488,9428921.375865478,31867133.980580732,20487.78048780488
9429313.947594907,31868594.990061734,20000.0,0.43889437304375345,9429019.210571269,31868167.6342635,19512.219512195123,9429362.864947801,31869111.81690312,19512.219512195123,9429608.684618544,31869022.34585997,20487.78048780488,9429265.030242011,31868078.163220353,20487.78048780488
9429657.60197144,31869539.172701355,20000.0,0.5351935524507699,9429362.864947801,31869111.81690312,19512.219512195123,9429706.519324334,31870055.99954274,19512.219512195123,9429952.338995075,31869966.528499592,20487.78048780488,9429608.684618544,31869022.34585997,20487.78048780488
9430001.256347971,31870483.355340976,20000.0,0.8809850894659911,9429706.519324334,31870055.99954274,19512.219512195123,9430050.173700867,31871000.18218236,19512.219512195123,9430295.993371608,31870910.711139213,20487.78048780488,9429952.338995075,31869966.528499592,20487.78048780488
9430344.910724504,31871427.537980597,20000.0,1.6696359548345239,9430050.173700867,31871000.18218236,19512.219512195123,9430393.8280774,31871944.36482198,19512.219512195123,9430639.64774814,31871854.893778834,20487.78048780488,9430295.993371608,31870910.711139213,20487.78048780488
9430688.565101037,31872371.720620215,20000.0,2.5924606648652238,9430393.8280774,31871944.36482198,19512.219512195123,9430737.482453933,31872888.5474616,19512.219512195123,9430983.302124674,31872799.076418456,20487.78048780488,9430639.64774814,31871854.893778834,20487.78048780488
9431032.21947757,31873315.903259836,20000.0,3.1650320126588873,9430737.482453933,31872888.5474616,19512.219512195123,9431081.136830464,31873832.73010122,19512.219512195123,9431326.956501206,31873743.259058073,20487.78048780488,9430983.302124674,31872799.076418456,20487.78048780488
9431375.873854103,31874260.085899457,20000.0,3.1471162691441465,9431081.136830464,31873832.73010122,19512.219512195123,9431424.791206997,31874776.912740838,19512.219512195123,9431670.61087774,31874687.441697694,20487.78048780488,9431326.956501206,31873743.259058073,20487.78048780488
9431719.528230635,31875204.26853908,20000.0,4.336002141361188,9431424.791206997,31874776.912740838,19512.219512195123,9431768.44558353,31875721.09538046,19512.219512195123,9432014.265254272,31875631.624337316,20487.78048780488,9431670.61087774,31874687.441697694,20487.78048780488
9432063.182607168,31876148.4511787,20000.0,4.782563280342752,9431768.44558353,31875721.09538046,19512.219512195123,9432112.099960063,31876665.278020084,19512.219512195123,9432357.919630803,31876575.806976933,20487.78048780488,9432014.265254272,31875631.624337316,20487.78048780488
9432406.8369837,31877092.63381832,20000.0,6.438171578634303,9432112.099960063,31876665.278020084,19512.219512195123,9432455.754336596,31877609.4606597,19512.219512195123,9432701.574007336,31877519.989616554,20487.78048780488,9432357.919630803,31876575.806976933,20487.78048780488
9432750.491360232,31878036.81645794,20000.0,7.7568774751104606,9432455.754336596,31877609.4606597,19512.219512195123,9432799.408713128,31878553.643299323,19512.219512195123,9433045.228383869,31878464.172256175,20487.78048780488,9432701.574007336,31877519.989616554,20487.78048780488
9433094.145736765,31878980.999097556,20000.0,7.531842776236417,9432799.408713128,31878553.643299323,19512.219512195123,9433143.063089661,31879497.825938944,19512.219512195123,9433388.882760402,31879408.354895793,20487.78048780488,9433045.228383869,31878464.172256175,20487.78048780488
9433437.800113298,31879925.181737177,20000.0,11.467362268865097,9433143.063089661,31879497.825938944,19512.219512195123,9433486.717466192,31880442.00857856,19512.219512195123,9433732.537136935,31880352.537535414,20487.78048780488,9433388.882760402,31879408.354895793,20487.78048780488
9433781.45448983,31880869.3643768,20000.0,13.940109850644744,9433486.717466192,31880442.00857856,19512.219512195123,9433830.371842725,31881386.191218182,19512.219512195123,9434076.191513468,31881296.720175035,20487.78048780488,9433732.537136935,31880352.537535414,20487.78048780488
9434125.108866364,31881813.547016416,20000.0,13.993517831410411,9433830.371842725,31881386.191218182,19512.219512195123,9434174.026219258,31882330.373857804,19512.219512195123,9434419.84589,31882240.902814653,20487.78048780488,9434076.191513468,31881296.720175035,20487.78048780488
9434468.763242897,31882757.729656037,20000.0,16.40292055724657,9434174.026219258,31882330.373857804,19512.219512195123,9434517.680595791,31883274.55649742,19512.219512195123,9434763.500266533,31883185.085454274,20487.78048780488,9434419.84589,31882240.902814653,20487.78048780488
9434812.41761943,31883701.91229566,20000.0,16.446954579392838,9434517.680595791,31883274.55649742,19512.219512195123,9434861.334972324,31884218.739137042,19512.219512195123,9435107.154643064,31884129.268093895,20487.78048780488,9434763.500266533,31883185.085454274,20487.78048780488
9435156.07199596,31884646.09493528,20000.0,16.112294899402777,9434861.334972324,31884218.739137042,19512.219512195123,9435204.989348857,31885162.921776664,19512.219512195123,9435450.809019597,31885073.450733516,20487.78048780488,9435107.154643064,31884129.268093895,20487.78048780488
9435499.726372493,31885590.277574897,20000.0,16.099234205606095,9435204.989348857,31885162.921776664,19512.219512195123,9435548.64372539,31886107.10441628,19512.219512195123,9435794.46339613,31886017.633373138,20487.78048780488,9435450.809019597,31885073.450733516,20487.78048780488
9435843.380749026,31886534.460214518,20000.0,15.609902660461866,9435548.64372539,31886107.10441628,19512.219512195123,9435892.29810192,31887051.2870559,19512.219512195123,9436138.117772663,31886961.816012755,20487.78048780488,9435794.46339613,31886017.633373138,20487.78048780488
9436187.03512556,31887478.64285414,20000.0,13.671916543984773,9435892.29810192,31887051.2870559,19512.219512195123,9436235.952478454,31887995.46969552,19512.219512195123,9436481.772149194,31887905.998652376,20487.78048780488,9436138.117772663,31886961.816012755,20487.78048780488
9436530.68950209,31888422.825493757,20000.0,12.4398812926555,9436235.952478454,31887995.46969552,19512.219512195123,9436579.606854986,31888939.65233514,19512.219512195123,9436825.426525727,31888850.181291994,20487.78048780488,9436481.772149194,31887905.998652376,20487.78048780488
9436874.343878625,31889367.008133378,20000.0,9.423818060534224,9436579.606854986,31888939.65233514,19512.219512195123,9436923.26123152,31889883.834974762,19512.219512195123,9437169.08090226,31889794.363931615,20487.78048780488,9436825.426525727,31888850.181291994,20487.78048780488
9437217.998255156,31890311.190773,20000.0,7.462496814300957,9436923.26123152,31889883.834974762,19512.219512195123,9437266.915608052,31890828.017614383,19512.219512195123,9437512.735278793,31890738.546571236,20487.78048780488,9437169.08090226,31889794.363931615,20487.78048780488
9437561.652631689,31891255.37341262,20000.0,6.331064858336232,9437266.915608052,31890828.017614383,19512.219512195123,9437610.569984583,31891772.200254004,19512.219512195123,9437856.389655326,31891682.729210854,20487.78048780488,9437512.735278793,31890738.546571236,20487.78048780488
9437905.307008222,31892199.556052238,20000.0,5.45142621365292,9437610.569984583,31891772.200254004,19512.219512195123,9437954.224361116,31892716.382893622,19512.219512195123,9438200.044031858,31892626.911850475,20487.78048780488,9437856.389655326,31891682.729210854,20487.78048780488
9438248.961384755,31893143.73869186,20000.0,4.600258243830645,9437954.224361116,31892716.382893622,19512.219512195123,9438297.878737649,31893660.565533243,19512.219512195123,9438543.698408391,31893571.094490096,20487.78048780488,9438200.044031858,31892626.911850475,20487.78048780488
9438592.615761288,31894087.92133148,20000.0,4.661769999199202,9438297.878737649,31893660.565533243,19512.219512195123,9438641.533114182,31894604.748172864,19512.219512195123,9438887.352784924,31894515.277129713,20487.78048780488,9438543.698408391,31893571.094490096,20487.78048780488
9438936.27013782,31895032.103971098,20000.0,5.358764907126059,9438641.533114182,31894604.748172864,19512.219512195123,9438985.187490715,31895548.93081248,19512.219512195123,9439231.007161455,31895459.459769335,20487.78048780488,9438887.352784924,31894515.277129713,20487.78048780488
9439279.924514353,31895976.28661072,20000.0,6.607277779494879,9438985.187490715,31895548.93081248,19512.219512195123,9439328.841867248,31896493.113452103,19512.219512195123,9439574.661537988,31896403.642408956,20487.78048780488,9439231.007161455,31895459.459769335,20487.78048780488
9439623.578890884,31896920.46925034,20000.0,6.653964438532083,9439328.841867248,31896493.113452103,19512.219512195123,9439672.49624378,31897437.296091724,19512.219512195123,9439918.315914521,31897347.825048573,20487.78048780488,9439574.661537988,31896403.642408956,20487.78048780488
9439967.233267417,31897864.65188996,20000.0,7.393431093282754,9439672.49624378,31897437.296091724,19512.219512195123,9440016.150620313,31898381.47873134,19512.219512195123,9440261.970291054,31898292.0076882,20487.78048780488,9439918.315914521,31897347.825048573,20487.78048780488
9440310.88764395,31898808.834529575,20000.0,7.342107898191493,9440016.150620313,31898381.47873134,19512.219512195123,9440359.804996844,31899325.661370963,19512.219512195123,9440605.624667587,31899236.190327816,20487.78048780488,9440261.970291054,31898292.0076882,20487.78048780488
9440654.542020483,31899753.017169196,20000.0,6.5774559170493605,9440359.804996844,31899325.661370963,19512.219512195123,9440703.459373377,31900269.844010584,19512.219512195123,9440949.27904412,31900180.372967437,20487.78048780488,9440605.624667587,31899236.190327816,20487.78048780488
9440998.196397016,31900697.19980882,20000.0,9.502377431677852,9440703.459373377,31900269.844010584,19512.219512195123,9441047.11374991,31901214.0266502,19512.219512195123,9441292.933420653,31901124.555607058,20487.78048780488,9440949.27904412,31900180.372967437,20487.78048780488
9441341.850773547,31901641.38244844,20000.0,9.595763397616365,9441047.11374991,31901214.0266502,19512.219512195123,9441390.768126443,31902158.209289823,19512.219512195123,9441636.587797184,31902068.738246676,20487.78048780488,9441292.933420653,31901124.555607058,20487.78048780488
9441685.50515008,31902585.56508806,20000.0,10.194345910150702,9441390.768126443,31902158.209289823,19512.219512195123,9441734.422502976,31903102.391929444,19512.219512195123,9441980.242173716,31903012.920886297,20487.78048780488,9441636.587797184,31902068.738246676,20487.78048780488
9416157.246580875,31831682.39607341,20975.56097560976,1.0016568939433348,9415862.50955724,31831255.040275168,20487.78048780488,9416206.163933773,31832199.222914793,20487.78048780488,9416451.983604511,31832109.751871645,21463.341463414636,9416108.329227978,31831165.569232024,21463.341463414636
9416500.90095741,31832626.57871303,20975.56097560976,1.538480879113599,9416206.163933773,31832199.222914793,20487.78048780488,9416549.818310305,31833143.405554414,20487.78048780488,9416795.637981044,31833053.934511263,21463.341463414636,9416451.983604511,31832109.751871645,21463.341463414636
9416844.55533394,31833570.761352647,20975.56097560976,1.1464314331312764,9416549.818310305,31833143.405554414,20487.78048780488,9416893.472686836,31834087.58819403,20487.78048780488,9417139.292357577,31833998.117150884,21463.341463414636,9416795.637981044,31833053.934511263,21463.341463414636
9417188.209710473,31834514.94399227,20975.56097560976,1.2777510269550925,9416893.472686836,31834087.58819403,20487.78048780488,9417237.12706337,31835031.770833652,20487.78048780488,9417482.94673411,31834942.299790505,21463.341463414636,9417139.292357577,31833998.117150884,21463.341463414636
9417531.864087006,31835459.12663189,20975.56097560976,1.7076152725124696,9417237.12706337,31835031.770833652,20487.78048780488,9417580.781439902,31835975.95347327,20487.78048780488,9417826.601110643,31835886.482430123,21463.341463414636,9417482.94673411,31834942.299790505,21463.341463414636
9417875.518463537,31836403.309271507,20975.56097560976,1.7310710856820697,9417580.781439902,31835975.95347327,20487.78048780488,9417924.435816435,31836920.13611289,20487.78048780488,9418170.255487174,31836830.665069744,21463.341463414636,9417826.601110643,31835886.482430123,21463.341463414636
9418219.172840072,31837347.49191113,20975.56097560976,1.9513146468797633,9417924.435816435,31836920.13611289,20487.78048780488,9418268.090192968,31837864.318752512,20487.78048780488,9418513.909863707,31837774.847709365,21463.341463414636,9418170.255487174,31836830.665069744,21463.341463414636
9418562.827216603,31838291.674550746,20975.56097560976,1.7841985601429613,9418268.090192968,31837864.318752512,20487.78048780488,9418611.7445695,31838808.50139213,20487.78048780488,9418857.56424024,31838719.030348983,21463.341463414636,9418513.909863707,31837774.847709365,21463.341463414636
9418906.481593138,31839235.857190367,20975.56097560976,2.2984532938191697,9418611.7445695,31838808.50139213,20487.78048780488,9418955.398946032,31839752.68403175,20487.78048780488,9419201.218616772,31839663.212988604,21463.341463414636,9418857.56424024,31838719.030348983,21463.341463414636
9419250.135969669,31840180.039829988,20975.56097560976,4.055492725443717,9418955.398946032,31839752.68403175,20487.78048780488,9419299.053322565,31840696.866671372,20487.78048780488,9419544.872993305,31840607.39562823,21463.341463414636,9419201.218616772,31839663.212988604,21463.341463414636
9419593.790346202,31841124.222469606,20975.56097560976,5.255968059949221,9419299.053322565,31840696.866671372,20487.78048780488,9419642.707699098,31841641.04931099,20487.78048780488,9419888.527369838,31841551.578267846,21463.341463414636,9419544.872993305,31840607.39562823,21463.341463414636
9419937.444722734,31842068.405109227,20975.56097560976,4.989530246788169,9419642.707699098,31841641.04931099,20487.78048780488,9419986.36207563,31842585.23195061,20487.78048780488,9420232.18174637,31842495.760907464,21463.341463414636,9419888.527369838,31841551.578267846,21463.341463414636
9420281.099099265,31843012.587748848,20975.56097560976,5.765840881169059,9419986.36207563,31842585.23195061,20487.78048780488,9420330.016452163,31843529.41459023,20487.78048780488,9420575.836122902,31843439.943547085,21463.341463414636,9420232.18174637,31842495.760907464,21463.341463414636
9420624.753475798,31843956.77038847,20975.56097560976,6.54427527199857,9420330.016452163,31843529.41459023,20487.78048780488,9420673.670828694,31844473.59722985,20487.78048780488,9420919.490499435,31844384.126186706,21463.341463414636,9420575.836122902,31843439.943547085,21463.341463414636
9420968.407852331,31844900.95302809,20975.56097560976,5.679403646666418,9420673.670828694,31844473.59722985,20487.78048780488,9421017.325205227,31845417.77986947,20487.78048780488,9421263.144875968,31845328.308826324,21463.341463414636,9420919.490499435,31844384.126186706,21463.341463414636
9421312.062228862,31845845.135667708,20975.56097560976,5.493203109253492,9421017.325205227,31845417.77986947,20487.78048780488,9421360.97958176,31846361.962509092,20487.78048780488,9421606.7992525,31846272.491465945,21463.341463414636,9421263.144875968,31845328.308826324,21463.341463414636
9421655.716605397,31846789.31830733,20975.56097560976,6.88950525435171,9421360.97958176,31846361.962509092,20487.78048780488,9421704.633958293,31847306.145148713,20487.78048780488,9421950.453629034,31847216.674105566,21463.341463414636,9421606.7992525,31846272.491465945,21463.341463414636
9421999.370981928,31847733.500946946,20975.56097560976,8.522477789276499,9421704.633958293,31847306.145148713,20487.78048780488,9422048.288334826,31848250.32778833,20487.78048780488,9422294.108005565,31848160.856745183,21463.341463414636,9421950.453629034,31847216.674105566,21463.341463414636
9422343.025358463,31848677.683586568,20975.56097560976,11.802794623420388,9422048.288334826,31848250.32778833,20487.78048780488,9422391.942711359,31849194.51042795,20487.78048780488,9422637.762382098,31849105.039384805,21463.341463414636,9422294.108005565,31848160.856745183,21463.341463414636
9422686.679734994,31849621.86622619,20975.56097560976,11.750606828592751,9422391.942711359,31849194.51042795,20487.78048780488,9422735.597087892,31850138.693067573,20487.78048780488,9422981.41675863,31850049.222024426,21463.341463414636,9422637.762382098,31849105.039384805,21463.341463414636
9423030.334111527,31850566.048865806,20975.56097560976,12.870724374730862,9422735.597087892,31850138.693067573,20487.78048780488,9423079.251464423,31851082.87570719,20487.78048780488,9423325.071135163,31850993.404664043,21463.341463414636,9422981.41675863,31850049.222024426,21463.341463414636
9423373.98848806,31851510.231505428,20975.56097560976,11.782520241267635,9423079.251464423,31851082.87570719,20487.78048780488,9423422.905840956,31852027.05834681,20487.78048780488,9423668.725511696,31851937.587303665,21463.341463414636,9423325.071135163,31850993.404664043,21463.341463414636
9423717.64286459,31852454.41414505,20975.56097560976,9.405473923544237,9423422.905840956,31852027.05834681,20487.78048780488,9423766.560217489,31852971.240986433,20487.78048780488,9424012.37988823,31852881.769943286,21463.341463414636,9423668.725511696,31851937.587303665,21463.341463414636
9424061.297241125,31853398.596784666,20975.56097560976,8.080486273490544,9423766.560217489,31852971.240986433,20487.78048780488,9424110.214594021,31853915.42362605,20487.78048780488,9424356.034264762,31853825.952582907,21463.341463414636,9424012.37988823,31852881.769943286,21463.341463414636
9424404.951617658,31854342.779424287,20975.56097560976,6.854744240472563,9424110.214594021,31853915.42362605,20487.78048780488,9424453.868970554,31854859.60626567,20487.78048780488,9424699.688641295,31854770.135222528,21463.341463414636,9424356.034264762,31853825.952582907,21463.341463414636
9424748.605994191,31855286.96206391,20975.56097560976,6.034981281402607,9424453.868970554,31854859.60626567,20487.78048780488,9424797.523347087,31855803.788905293,20487.78048780488,9425043.343017826,31855714.31786215,21463.341463414636,9424699.688641295,31854770.135222528,21463.341463414636
9425092.260370722,31856231.144703534,20975.56097560976,4.62636437557781,9424797.523347087,31855803.788905293,20487.78048780488,9425141.17772362,31856747.97154491,20487.78048780488,9425386.997394359,31856658.500501767,21463.341463414636,9425043.343017826,31855714.31786215,21463.341463414636
9425435.914747257,31857175.32734315,20975.56097560976,4.194631180487843,9425141.17772362,31856747.97154491,20487.78048780488,9425484.832100153,31857692.15418453,20487.78048780488,9425730.651770892,31857602.683141388,21463.341463414636,9425386.997394359,31856658.500501767,21463.341463414636
9425779.569123788,31858119.50998277,20975.56097560976,5.187143279306458,9425484.832100153,31857692.15418453,20487.78048780488,9425828.486476684,31858636.336824156,20487.78048780488,9426074.306147425,31858546.865781005,21463.341463414636,9425730.651770892,31857602.683141388,21463.341463414636
9426123.223500319,31859063.69262239,20975.56097560976,5.208158674923212,9425828.486476684,31858636.336824156,20487.78048780488,9426172.140853217,31859580.519463774,20487.78048780488,9426417.960523957,31859491.048420627,21463.341463414636,9426074.306147425,31858546.865781005,21463.341463414636
9426466.877876854,31860007.87526201,20975.56097560976,4.46054995504668,9426172.140853217,31859580.519463774,20487.78048780488,9426515.79522975,31860524.702103395,20487.78048780488,9426761.61490049,31860435.231060248,21463.341463414636,9426417.960523957,31859491.048420627,21463.341463414636
9426810.532253386,31860952.05790163,20975.56097560976,3.3712105028391663,9426515.79522975,31860524.702103395,20487.78048780488,9426859.449606283,31861468.884743012,20487.78048780488,9427105.269277023,31861379.413699865,21463.341463414636,9426761.61490049,31860435.231060248,21463.341463414636
9427154.18662992,31861896.24054125,20975.56097560976,2.146922937712979,9426859.449606283,31861468.884743012,20487.78048780488,9427203.103982816,31862413.067382634,20487.78048780488,9427448.923653554,31862323.596339487,21463.341463414636,9427105.269277023,31861379.413699865,21463.341463414636
9427497.84100645,31862840.42318087,20975.56097560976,0.9696181518723983,9427203.103982816,31862413.067382634,20487.78048780488,9427546.758359348,31863357.250022255,20487.78048780488,9427792.578030087,31863267.778979108,21463.341463414636,9427448.923653554,31862323.596339487,21463.341463414636
9427841.495382983,31863784.605820492,20975.56097560976,0.6278373165764045,9427546.758359348,31863357.250022255,20487.78048780488,9427890.41273588,31864301.432661872,20487.78048780488,9428136.23240662,31864211.961618725,21463.341463414636,9427792.578030087,31863267.778979108,21463.341463414636
9428185.149759516,31864728.78846011,20975.56097560976,0.7025805251240145,9427890.41273588,31864301.432661872,20487.78048780488,9428234.067112412,31865245.615301494,20487.78048780488,9428479.886783153,31865156.144258346,21463.341463414636,9428136.23240662,31864211.961618725,21463.341463414636
9428528.804136047,31865672.97109973,20975.56097560976,0.5249370420496298,9428234.067112412,31865245.615301494,20487.78048780488,9428577.721488945,31866189.79794111,20487.78048780488,9428823.541159686,31866100.326897964,21463.341463414636,9428479.886783153,31865156.144258346,21463.341463414636
9428872.458512582,31866617.153739348,20975.56097560976,0.33829447166028015,9428577.721488945,31866189.79794111,20487.78048780488,9428921.375865478,31867133.980580732,20487.78048780488,9429167.195536217,31867044.50953759,21463.341463414636,9428823.541159686,31866100.326897964,21463.341463414636
9429216.112889113,31867561.336378966,20975.56097560976,0.21337849841423875,9428921.375865478,31867133.980580732,20487.78048780488,9429265.030242011,31868078.163220353,20487.78048780488,9429510.84991275,31867988.692177206,21463.341463414636,9429167.195536217,31867044.50953759,21463.341463414636
9429559.767265648,31868505.519018587,20975.56097560976,0.2233175757086988,9429265.030242011,31868078.163220353,20487.78048780488,9429608.684618544,31869022.34585997,20487.78048780488,9429854.504289282,31868932.874816827,21463.341463414636,9429510.84991275,31867988.692177206,21463.341463414636
9429903.421642179,31869449.70165821,20975.56097560976,0.5259274873503733,9429608.684618544,31869022.34585997,20487.78048780488,9429952.338995075,31869966.528499592,20487.78048780488,9430198.158665815,31869877.05745645,21463.341463414636,9429854.504289282,31868932.874816827,21463.341463414636
9430247.076018712,31870393.884297833,20975.56097560976,0.9996668943878871,9429952.338995075,31869966.528499592,20487.78048780488,9430295.993371608,31870910.711139213,20487.78048780488,9430541.813042348,31870821.240096066,21463.341463414636,9430198.158665815,31869877.05745645,21463.341463414636
9430590.730395244,31871338.06693745,20975.56097560976,1.0683676556900508,9430295.993371608,31870910.711139213,20487.78048780488,9430639.64774814,31871854.893778834,20487.78048780488,9430885.467418881,31871765.422735687,21463.341463414636,9430541.813042348,31870821.240096066,21463.341463414636
9430934.384771775,31872282.24957707,20975.56097560976,2.0103884060451422,9430639.64774814,31871854.893778834,20487.78048780488,9430983.302124674,31872799.076418456,20487.78048780488,9431229.121795414,31872709.60537531,21463.341463414636,9430885.467418881,31871765.422735687,21463.341463414636
9431278.03914831,31873226.43221669,20975.56097560976,2.774395690840354,9430983.302124674,31872799.076418456,20487.78048780488,9431326.956501206,31873743.259058073,20487.78048780488,9431572.776171945,31873653.788014926,21463.341463414636,9431229.121795414,31872709.60537531,21463.341463414636
9431621.693524841,31874170.61485631,20975.56097560976,3.8563107013233977,9431326.956501206,31873743.259058073,20487.78048780488,9431670.61087774,31874687.441697694,20487.78048780488,9431916.430548478,31874597.970654547,21463.341463414636,9431572.776171945,31873653.788014926,21463.341463414636
9431965.347901376,31875114.79749593,20975.56097560976,4.814510672227276,9431670.61087774,31874687.441697694,20487.78048780488,9432014.265254272,31875631.624337316,20487.78048780488,9432260.08492501,31875542.15329417,21463.341463414636,9431916.430548478,31874597.970654547,21463.341463414636
9432309.002277907,31876058.980135553,20975.56097560976,6.1163039377392305,9432014.265254272,31875631.624337316,20487.78048780488,9432357.919630803,31876575.806976933,20487.78048780488,9432603.739301544,31876486.335933786,21463.341463414636,9432260.08492501,31875542.15329417,21463.341463414636
9432652.65665444,31877003.16277517,20975.56097560976,7.182475530040109,9432357.919630803,31876575.806976933,20487.78048780488,9432701.574007336,31877519.989616554,20487.78048780488,9432947.393678077,31877430.518573407,21463.341463414636,9432603.739301544,31876486.335933786,21463.341463414636
9432996.311030973,31877947.34541479,20975.56097560976,9.205271124768228,9432701.574007336,31877519.989616554,20487.78048780488,9433045.228383869,31878464.172256175,20487.78048780488,9433291.04805461,31878374.70121303,21463.341463414636,9432947.393678077,31877430.518573407,21463.341463414636
9433339.965407504,31878891.52805441,20975.56097560976,10.112664024720678,9433045.228383869,31878464.172256175,20487.78048780488,9433388.882760402,31879408.354895793,20487.78048780488,9433634.702431142,31879318.883852646,21463.341463414636,9433291.04805461,31878374.70121303,21463.341463414636
9433683.619784039,31879835.71069403,20975.56097560976,10.641550795099,9433388.882760402,31879408.354895793,20487.78048780488,9433732.537136935,31880352.537535414,20487.78048780488,9433978.356807673,31880263.06649227,21463.341463414636,9433634.702431142,31879318.883852646,21463.341463414636
9434027.27416057,31880779.89333365,20975.56097560976,12.157094800910183,9433732.537136935,31880352.537535414,20487.78048780488,9434076.191513468,31881296.720175035,20487.78048780488,9434322.011184206,31881207.249131892,21463.341463414636,9433978.356807673,31880263.06649227,21463.341463414636
9434370.928537104,31881724.07597327,20975.56097560976,14.339407970556394,9434076.191513468,31881296.720175035,20487.78048780488,9434419.84589,31882240.902814653,20487.78048780488,9434665.66556074,31882151.43177151,21463.341463414636,9434322.011184206,31881207.249131892,21463.341463414636
9434714.582913635,31882668.258612894,20975.56097560976,16.48634043460669,9434419.84589,31882240.902814653,20487.78048780488,9434763.500266533,31883185.085454274,20487.78048780488,9435009.319937272,31883095.61441113,21463.341463414636,9434665.66556074,31882151.43177151,21463.341463414636
9435058.237290168,31883612.441252515,20975.56097560976,16.453906616614052,9434763.500266533,31883185.085454274,20487.78048780488,9435107.154643064,31884129.268093895,20487.78048780488,9435352.974313805,31884039.79705075,21463.341463414636,9435009.319937272,31883095.61441113,21463.341463414636
9435401.891666701,31884556.623892136,20975.56097560976,16.495395637625222,9435107.154643064,31884129.268093895,20487.78048780488,9435450.809019597,31885073.450733516,20487.78048780488,9435696.628690338,31884983.97969037,21463.341463414636,9435352.974313805,31884039.79705075,21463.341463414636
9435745.546043232,31885500.806531753,20975.56097560976,16.53134501269402,9435450.809019597,31885073.450733516,20487.78048780488,9435794.46339613,31886017.633373138,20487.78048780488,9436040.28306687,31885928.16232999,21463.341463414636,9435696.628690338,31884983.97969037,21463.341463414636
9436089.200419767,31886444.989171375,20975.56097560976,16.198579290453385,9435794.46339613,31886017.633373138,20487.78048780488,9436138.117772663,31886961.816012755,20487.78048780488,9436383.937443402,31886872.344969608,21463.341463414636,9436040.28306687,31885928.16232999,21463.341463414636
9436432.854796298,31887389.171810992,20975.56097560976,14.273677412382149,9436138.117772663,31886961.816012755,20487.78048780488,9436481.772149194,31887905.998652376,20487.78048780488,9436727.591819935,31887816.52760923,21463.341463414636,9436383.937443402,31886872.344969608,21463.341463414636
9436776.509172829,31888333.35445061,20975.56097560976,12.230510776950057,9436481.772149194,31887905.998652376,20487.78048780488,9436825.426525727,31888850.181291994,20487.78048780488,9437071.246196467,31888760.710248847,21463.341463414636,9436727.591819935,31887816.52760923,21463.341463414636
9437120.163549364,31889277.53709023,20975.56097560976,10.249860467998177,9436825.426525727,31888850.181291994,20487.78048780488,9437169.08090226,31889794.363931615,20487.78048780488,9437414.900573,31889704.892888468,21463.341463414636,9437071.246196467,31888760.710248847,21463.341463414636
9437463.817925896,31890221.719729852,20975.56097560976,8.367285710709314,9437169.08090226,31889794.363931615,20487.78048780488,9437512.735278793,31890738.546571236,20487.78048780488,9437758.554949533,31890649.07552809,21463.341463414636,9437414.900573,31889704.892888468,21463.341463414636
9437807.47230243,31891165.90236947,20975.56097560976,6.71880610639488,9437512.735278793,31890738.546571236,20487.78048780488,9437856.389655326,31891682.729210854,20487.78048780488,9438102.209326066,31891593.258167706,21463.341463414636,9437758.554949533,31890649.07552809,21463.341463414636
9438151.12667896,31892110.08500909,20975.56097560976,5.94685651380012,9437856.389655326,31891682.729210854,20487.78048780488,9438200.044031858,31892626.911850475,20487.78048780488,9438445.863702597,31892537.440807328,21463.341463414636,9438102.209326066,31891593.258167706,21463.341463414636
9438494.781055495,31893054.26764871,20975.56097560976,5.769254385920323,9438200.044031858,31892626.911850475,20487.78048780488,9438543.698408391,31893571.094490096,20487.78048780488,9438789.51807913,31893481.623446953,21463.341463414636,9438445.863702597,31892537.440807328,21463.341463414636
9438838.435432026,31893998.45028833,20975.56097560976,6.94852474301699,9438543.698408391,31893571.094490096,20487.78048780488,9438887.352784924,31894515.277129713,20487.78048780488,9439133.172455663,31894425.80608657,21463.341463414636,9438789.51807913,31893481.623446953,21463.341463414636
9439182.08980856,31894942.63292795,20975.56097560976,8.621656626814005,9438887.352784924,31894515.277129713,20487.78048780488,9439231.007161455,31895459.459769335,20487.78048780488,9439476.826832196,31895369.98872619,21463.341463414636,9439133.172455663,31894425.80608657,21463.341463414636
9439525.744185092,31895886.815567575,20975.56097560976,9.722047866657668,9439231.007161455,31895459.459769335,20487.78048780488,9439574.661537988,31896403.642408956,20487.78048780488,9439820.481208729,31896314.17136581,21463.341463414636,9439476.826832196,31895369.98872619,21463.341463414636
9439869.398561625,31896830.998207197,20975.56097560976,8.057994808513621,9439574.661537988,31896403.642408956,20487.78048780488,9439918.315914521,31897347.825048573,20487.78048780488,9440164.135585262,31897258.35400543,21463.341463414636,9439820.481208729,31896314.17136581,21463.341463414636
9440213.052938158,31897775.180846814,20975.56097560976,6.148021679225664,9439918.315914521,31897347.825048573,20487.78048780488,9440261.970291054,31898292.0076882,20487.78048780488,9440507.789961794,31898202.53664505,21463.341463414636,9440164.135585262,31897258.35400543,21463.341463414636
9440556.707314689,31898719.36348643,20975.56097560976,5.894793133811748,9440261.970291054,31898292.0076882,20487.78048780488,9440605.624667587,31899236.190327816,20487.78048780488,9440851.444338325,31899146.71928467,21463.341463414636,9440507.789961794,31898202.53664505,21463.341463414636
9440900.361691223,31899663.546126053,20975.56097560976,6.676536742172716,9440605.624667587,31899236.190327816,20487.78048780488,9440949.27904412,31900180.372967437,20487.78048780488,9441195.098714858,31900090.90192429,21463.341463414636,9440851.444338325,31899146.71928467,21463.341463414636
9441244.016067754,31900607.728765674,20975.56097560976,9.76221411284272,9440949.27904412,31900180.372967437,20487.78048780488,9441292.933420653,31901124.555607058,20487.78048780488,9441538.753091391,31901035.08456391,21463.341463414636,9441195.098714858,31900090.90192429,21463.341463414636
9441587.67044429,31901551.91140529,20975.56097560976,10.613149773137781,9441292.933420653,31901124.555607058,20487.78048780488,9441636.587797184,31902068.738246676,20487.78048780488,9441882.407467924,31901979.26720353,21463.341463414636,9441538.753091391,31901035.08456391,21463.341463414636
9441931.32482082,31902496.094044913,20975.56097560976,10.587744166901732,9441636.587797184,31902068.738246676,20487.78048780488,9441980.242173716,31903012.920886297,20487.78048780488,9442226.061844457,31902923.44984315,21463.341463414636,9441882.407467924,31901979.26720353,21463.341463414636
9416403.066251615,31831592.92503026,21951.121951219513,1.9353605806130976,9416108.329227978,31831165.569232024,21463.341463414636,9416451.983604511,31832109.751871645,21463.341463414636,9416697.80327525,31832020.2808285,22438.902439024394,9416354.148898717,31831076.098188877,22438.902439024394
9416746.720628148,31832537.10766988,21951.121951219513,2.1389778098812267,9416451.983604511,31832109.751871645,21463.341463414636,9416795.637981044,31833053.934511263,21463.341463414636,9417041.457651783,31832964.463468116,22438.902439024394,9416697.80327525,31832020.2808285,22438.902439024394
9417090.375004679,31833481.2903095,21951.121951219513,2.0723910843539977,9416795.637981044,31833053.934511263,21463.341463414636,9417139.292357577,31833998.117150884,21463.341463414636,9417385.112028314,31833908.646107737,22438.902439024394,9417041.457651783,31832964.463468116,22438.902439024394
9417434.029381214,31834425.47294912,21951.121951219513,2.4615839412359843,9417139.292357577,31833998.117150884,21463.341463414636,9417482.94673411,31834942.299790505,21463.341463414636,9417728.766404847,31834852.828747362,22438.902439024394,9417385.112028314,31833908.646107737,22438.902439024394
9417777.683757745,31835369.655588742,21951.121951219513,3.105611469065367,9417482.94673411,31834942.299790505,21463.341463414636,9417826.601110643,31835886.482430123,21463.341463414636,9418072.42078138,31835797.01138698,22438.902439024394,9417728.766404847,31834852.828747362,22438.902439024394
9418121.33813428,31836313.83822836,21951.121951219513,2.4281376242504575,9417826.601110643,31835886.482430123,21463.341463414636,9418170.255487174,31836830.665069744,21463.341463414636,9418416.075157912,31836741.1940266,22438.902439024394,9418072.42078138,31835797.01138698,22438.902439024394
9418464.99251081,31837258.02086798,21951.121951219513,1.9688411065233689,9418170.255487174,31836830.665069744,21463.341463414636,9418513.909863707,31837774.847709365,21463.341463414636,9418759.729534445,31837685.37666622,22438.902439024394,9418416.075157912,31836741.1940266,22438.902439024394
9418808.646887343,31838202.203507602,21951.121951219513,2.035641783876483,9418513.909863707,31837774.847709365,21463.341463414636,9418857.56424024,31838719.030348983,21463.341463414636,9419103.383910978,31838629.55930584,22438.902439024394,9418759.729534445,31837685.37666622,22438.902439024394
9419152.301263876,31839146.386147223,21951.121951219513,2.074586164756901,9418857.56424024,31838719.030348983,21463.341463414636,9419201.218616772,31839663.212988604,21463.341463414636,9419447.038287511,31839573.74194546,22438.902439024394,9419103.383910978,31838629.55930584,22438.902439024394
9419495.955640407,31840090.568786845,21951.121951219513,2.7342714767205045,9419201.218616772,31839663.212988604,21463.341463414636,9419544.872993305,31840607.39562823,21463.341463414636,9419790.692664044,31840517.92458508,22438.902439024394,9419447.038287511,31839573.74194546,22438.902439024394
9419839.610016942,31841034.751426462,21951.121951219513,3.5823289844437216,9419544.872993305,31840607.39562823,21463.341463414636,9419888.527369838,31841551.578267846,21463.341463414636,9420134.347040575,31841462.1072247,22438.902439024394,9419790.692664044,31840517.92458508,22438.902439024394
9420183.264393473,31841978.934066083,21951.121951219513,4.707419437045795,9419888.527369838,31841551.578267846,21463.341463414636,9420232.18174637,31842495.760907464,21463.341463414636,9420478.001417108,31842406.289864317,22438.902439024394,9420134.347040575,31841462.1072247,22438.902439024394
9420526.918770004,31842923.1167057,21951.121951219513,6.1628297492304505,9420232.18174637,31842495.760907464,21463.341463414636,9420575.836122902,31843439.943547085,21463.341463414636,9420821.65579364,31843350.472503938,22438.902439024394,9420478.001417108,31842406.289864317,22438.902439024394
9420870.573146539,31843867.299345322,21951.121951219513,6.840605958156095,9420575.836122902,31843439.943547085,21463.341463414636,9420919.490499435,31844384.126186706,21463.341463414636,9421165.310170174,31844294.65514356,22438.902439024394,9420821.65579364,31843350.472503938,22438.902439024394
9421214.22752307,31844811.481984943,21951.121951219513,6.350937900836421,9420919.490499435,31844384.126186706,21463.341463414636,9421263.144875968,31845328.308826324,21463.341463414636,9421508.964546705,31845238.837783176,22438.902439024394,9421165.310170174,31844294.65514356,22438.902439024394
9421557.881899605,31845755.66462456,21951.121951219513,6.2975640527738745,9421263.144875968,31845328.308826324,21463.341463414636,9421606.7992525,31846272.491465945,21463.341463414636,9421852.618923238,31846183.020422798,22438.902439024394,9421508.964546705,31845238.837783176,22438.902439024394
9421901.536276136,31846699.84726418,21951.121951219513,8.498166659680539,9421606.7992525,31846272.491465945,21463.341463414636,9421950.453629034,31847216.674105566,21463.341463414636,9422196.27329977,31847127.20306242,22438.902439024394,9421852.618923238,31846183.020422798,22438.902439024394
9422245.190652668,31847644.0299038,21951.121951219513,10.292089051243908,9421950.453629034,31847216.674105566,21463.341463414636,9422294.108005565,31848160.856745183,21463.341463414636,9422539.927676303,31848071.38570204,22438.902439024394,9422196.27329977,31847127.20306242,22438.902439024394
9422588.845029201,31848588.21254342,21951.121951219513,12.08143087438498,9422294.108005565,31848160.856745183,21463.341463414636,9422637.762382098,31849105.039384805,21463.341463414636,9422883.582052836,31849015.56834166,22438.902439024394,9422539.927676303,31848071.38570204,22438.902439024394
9422932.499405732,31849532.39518304,21951.121951219513,12.617990036615064,9422637.762382098,31849105.039384805,21463.341463414636,9422981.41675863,31850049.222024426,21463.341463414636,9423227.23642937,31849959.750981282,22438.902439024394,9422883.582052836,31849015.56834166,22438.902439024394
9423276.153782267,31850476.577822663,21951.121951219513,12.122038232648944,9422981.41675863,31850049.222024426,21463.341463414636,9423325.071135163,31850993.404664043,21463.341463414636,9423570.890805902,31850903.9336209,22438.902439024394,9423227.23642937,31849959.750981282,22438.902439024394
9423619.808158798,31851420.760462284,21951.121951219513,11.580501238216977,9423325.071135163,31850993.404664043,21463.341463414636,9423668.725511696,31851937.587303665,21463.341463414636,9423914.545182435,31851848.11626052,22438.902439024394,9423570.890805902,31850903.9336209,22438.902439024394
9423963.462535331,31852364.943101905,21951.121951219513,10.898345278830067,9423668.725511696,31851937.587303665,21463.341463414636,9424012.37988823,31852881.769943286,21463.341463414636,9424258.199558966,31852792.298900142,22438.902439024394,9423914.545182435,31851848.11626052,22438.902439024394
9424307.116911862,31853309.125741523,21951.121951219513,8.825205157298939,9424012.37988823,31852881.769943286,21463.341463414636,9424356.034264762,31853825.952582907,21463.341463414636,9424601.853935499,31853736.48153976,22438.902439024394,9424258.199558966,31852792.298900142,22438.902439024394
9424650.771288397,31854253.308381144,21951.121951219513,8.167785650839182,9424356.034264762,31853825.952582907,21463.341463414636,9424699.688641295,31854770.135222528,21463.341463414636,9424945.508312032,31854680.66417938,22438.902439024394,9424601.853935499,31853736.48153976,22438.902439024394
9424994.425664928,31855197.491020765,21951.121951219513,6.260165197739697,9424699.688641295,31854770.135222528,21463.341463414636,9425043.343017826,31855714.31786215,21463.341463414636,9425289.162688565,31855624.846819,22438.902439024394,9424945.508312032,31854680.66417938,22438.902439024394
9425338.08004146,31856141.673660386,21951.121951219513,4.535739350256072,9425043.343017826,31855714.31786215,21463.341463414636,9425386.997394359,31856658.500501767,21463.341463414636,9425632.817065097,31856569.02945862,22438.902439024394,9425289.162688565,31855624.846819,22438.902439024394
9425681.734417994,31857085.856300004,21951.121951219513,5.430472824331787,9425386.997394359,31856658.500501767,21463.341463414636,9425730.651770892,31857602.683141388,21463.341463414636,9425976.47144163,31857513.21209824,22438.902439024394,9425632.817065097,31856569.02945862,22438.902439024394
9426025.388794526,31858030.03893962,21951.121951219513,5.669202401972758,9425730.651770892,31857602.683141388,21463.341463414636,9426074.306147425,31858546.865781005,21463.341463414636,9426320.125818163,31858457.39473786,22438.902439024394,9425976.47144163,31857513.21209824,22438.902439024394
9426369.04317106,31858974.221579242,21951.121951219513,7.093411536971033,9426074.306147425,31858546.865781005,21463.341463414636,9426417.960523957,31859491.048420627,21463.341463414636,9426663.780194694,31859401.57737748,22438.902439024394,9426320.125818163,31858457.39473786,22438.902439024394
9426712.69754759,31859918.404218864,21951.121951219513,5.986452701107777,9426417.960523957,31859491.048420627,21463.341463414636,9426761.61490049,31860435.231060248,21463.341463414636,9427007.434571227,31860345.7600171,22438.902439024394,9426663.780194694,31859401.57737748,22438.902439024394
9427056.351924125,31860862.58685848,21951.121951219513,4.32357563364805,9426761.61490049,31860435.231060248,21463.341463414636,9427105.269277023,31861379.413699865,21463.341463414636,9427351.08894776,31861289.942656722,22438.902439024394,9427007.434571227,31860345.7600171,22438.902439024394
9427400.006300656,31861806.769498102,21951.121951219513,2.0624263929421547,9427105.269277023,31861379.413699865,21463.341463414636,9427448.923653554,31862323.596339487,21463.341463414636,9427694.743324293,31862234.125296343,22438.902439024394,9427351.08894776,31861289.942656722,22438.902439024394
9427743.660677187,31862750.952137724,21951.121951219513,0.8843797745941699,9427448.923653554,31862323.596339487,21463.341463414636,9427792.578030087,31863267.778979108,21463.341463414636,9428038.397700826,31863178.307935964,22438.902439024394,9427694.743324293,31862234.125296343,22438.902439024394
9428087.315053722,31863695.134777345,21951.121951219513,0.6980332690132447,9427792.578030087,31863267.778979108,21463.341463414636,9428136.23240662,31864211.961618725,21463.341463414636,9428382.052077357,31864122.49057558,22438.902439024394,9428038.397700826,31863178.307935964,22438.902439024394
9428430.969430253,31864639.317416966,21951.121951219513,0.5740514457020985,9428136.23240662,31864211.961618725,21463.341463414636,9428479.886783153,31865156.144258346,21463.341463414636,9428725.70645389,31865066.6732152,22438.902439024394,9428382.052077357,31864122.49057558,22438.902439024394
9428774.623806788,31865583.500056587,21951.121951219513,0.6447584470998272,9428479.886783153,31865156.144258346,21463.341463414636,9428823.541159686,31866100.326897964,21463.341463414636,9429069.360830422,31866010.85585482,22438.902439024394,9428725.70645389,31865066.6732152,22438.902439024394
9429118.278183319,31866527.682696205,21951.121951219513,0.6007019123899346,9428823.541159686,31866100.326897964,21463.341463414636,9429167.195536217,31867044.50953759,21463.341463414636,9429413.015206955,31866955.03849444,22438.902439024394,9429069.360830422,31866010.85585482,22438.902439024394
9429461.932559852,31867471.865335822,21951.121951219513,0.43905717638975517,9429167.195536217,31867044.50953759,21463.341463414636,9429510.84991275,31867988.692177206,21463.341463414636,9429756.669583488,31867899.22113406,22438.902439024394,9429413.015206955,31866955.03849444,22438.902439024394
9429805.586936384,31868416.047975443,21951.121951219513,0.40138143025534095,9429510.84991275,31867988.692177206,21463.341463414636,9429854.504289282,31868932.874816827,21463.341463414636,9430100.323960021,31868843.40377368,22438.902439024394,9429756.669583488,31867899.22113406,22438.902439024394
9430149.241312915,31869360.230615065,21951.121951219513,0.41555136014728467,9429854.504289282,31868932.874816827,21463.341463414636,9430198.158665815,31869877.05745645,21463.341463414636,9430443.978336554,31869787.5864133,22438.902439024394,9430100.323960021,31868843.40377368,22438.902439024394
9430492.89568945,31870304.413254682,21951.121951219513,0.6494352854672854,9430198.158665815,31869877.05745645,21463.341463414636,9430541.813042348,31870821.240096066,21463.341463414636,9430787.632713085,31870731.76905292,22438.902439024394,9430443.978336554,31869787.5864133,22438.902439024394
9430836.550065981,31871248.595894303,21951.121951219513,0.9012980983602864,9430541.813042348,31870821.240096066,21463.341463414636,9430885.467418881,31871765.422735687,21463.341463414636,9431131.287089618,31871675.95169254,22438.902439024394,9430787.632713085,31870731.76905292,22438.902439024394
9431180.204442516,31872192.778533924,21951.121951219513,1.240222833350676,9430885.467418881,31871765.422735687,21463.341463414636,9431229.121795414,31872709.60537531,21463.341463414636,9431474.94146615,31872620.13433216,22438.902439024394,9431131.287089618,31871675.95169254,22438.902439024394
9431523.858819047,31873136.96117354,21951.121951219513,1.8481534878544357,9431229.121795414,31872709.60537531,21463.341463414636,9431572.776171945,31873653.788014926,21463.341463414636,9431818.595842684,31873564.31697178,22438.902439024394,9431474.94146615,31872620.13433216,22438.902439024394
9431867.51319558,31874081.143813163,21951.121951219513,2.921633233594966,9431572.776171945,31873653.788014926,21463.341463414636,9431916.430548478,31874597.970654547,21463.341463414636,9432162.250219217,31874508.4996114,22438.902439024394,9431818.595842684,31873564.31697178,22438.902439024394
9432211.167572113,31875025.326452784,21951.121951219513,4.24938394448663,9431916.430548478,31874597.970654547,21463.341463414636,9432260.08492501,31875542.15329417,21463.341463414636,9432505.90459575,31875452.682251025,22438.902439024394,9432162.250219217,31874508.4996114,22438.902439024394
9432554.821948644,31875969.509092405,21951.121951219513,5.508961577762946,9432260.08492501,31875542.15329417,21463.341463414636,9432603.739301544,31876486.335933786,21463.341463414636,9432849.558972282,31876396.864890642,22438.902439024394,9432505.90459575,31875452.682251025,22438.902439024394
9432898.476325179,31876913.691732023,21951.121951219513,6.072572461834588,9432603.739301544,31876486.335933786,21463.341463414636,9432947.393678077,31877430.518573407,21463.341463414636,9433193.213348813,31877341.047530264,22438.902439024394,9432849.558972282,31876396.864890642,22438.902439024394
9433242.13070171,31877857.874371648,21951.121951219513,6.613046158695294,9432947.393678077,31877430.518573407,21463.341463414636,9433291.04805461,31878374.70121303,21463.341463414636,9433536.867725346,31878285.230169885,22438.902439024394,9433193.213348813,31877341.047530264,22438.902439024394
9433585.785078244,31878802.057011265,21951.121951219513,7.359602533611568,9433291.04805461,31878374.70121303,21463.341463414636,9433634.702431142,31879318.883852646,21463.341463414636,9433880.52210188,31879229.412809502,22438.902439024394,9433536.867725346,31878285.230169885,22438.902439024394
9433929.439454775,31879746.239650887,21951.121951219513,9.098541057744008,9433634.702431142,31879318.883852646,21463.341463414636,9433978.356807673,31880263.06649227,21463.341463414636,9434224.176478412,31880173.595449124,22438.902439024394,9433880.52210188,31879229.412809502,22438.902439024394
9434273.093831308,31880690.422290508,21951.121951219513,10.596163722368985,9433978.356807673,31880263.06649227,21463.341463414636,9434322.011184206,31881207.249131892,21463.341463414636,9434567.830854945,31881117.778088745,22438.902439024394,9434224.176478412,31880173.595449124,22438.902439024394
9434616.748207841,31881634.604930125,21951.121951219513,14.110551024385494,9434322.011184206,31881207.249131892,21463.341463414636,9434665.66556074,31882151.43177151,21463.341463414636,9434911.485231478,31882061.960728362,22438.902439024394,9434567.830854945,31881117.778088745,22438.902439024394
9434960.402584372,31882578.787569746,21951.121951219513,14.833484220548154,9434665.66556074,31882151.43177151,21463.341463414636,9435009.319937272,31883095.61441113,21463.341463414636,9435255.13960801,31883006.143367983,22438.902439024394,9434911.485231478,31882061.960728362,22438.902439024394
9435304.056960907,31883522.970209368,21951.121951219513,14.756355755281398,9435009.319937272,31883095.61441113,21463.341463414636,9435352.974313805,31884039.79705075,21463.341463414636,9435598.793984544,31883950.3260076,22438.902439024394,9435255.13960801,31883006.143367983,22438.902439024394
9435647.711337438,31884467.152848985,21951.121951219513,15.633435338741446,9435352.974313805,31884039.79705075,21463.341463414636,9435696.628690338,31884983.97969037,21463.341463414636,9435942.448361075,31884894.508647222,22438.902439024394,9435598.793984544,31883950.3260076,22438.902439024394
9435991.365713973,31885411.335488606,21951.121951219513,16.26013715894366,9435696.628690338,31884983.97969037,21463.341463414636,9436040.28306687,31885928.16232999,21463.341463414636,9436286.102737607,31885838.691286843,22438.902439024394,9435942.448361075,31884894.508647222,22438.902439024394
9436335.020090504,31886355.518128227,21951.121951219513,15.129742201497345,9436040.28306687,31885928.16232999,21463.341463414636,9436383.937443402,31886872.344969608,21463.341463414636,9436629.75711414,31886782.87392646,22438.902439024394,9436286.102737607,31885838.691286843,22438.902439024394
9436678.674467037,31887299.700767845,21951.121951219513,13.5588558760498,9436383.937443402,31886872.344969608,21463.341463414636,9436727.591819935,31887816.52760923,21463.341463414636,9436973.411490673,31887727.056566082,22438.902439024394,9436629.75711414,31886782.87392646,22438.902439024394
9437022.32884357,31888243.883407462,21951.121951219513,11.344748555228941,9436727.591819935,31887816.52760923,21463.341463414636,9437071.246196467,31888760.710248847,21463.341463414636,9437317.065867206,31888671.239205703,22438.902439024394,9436973.411490673,31887727.056566082,22438.902439024394
9437365.9832201,31889188.066047084,21951.121951219513,9.056998554175731,9437071.246196467,31888760.710248847,21463.341463414636,9437414.900573,31889704.892888468,21463.341463414636,9437660.720243737,31889615.421845324,22438.902439024394,9437317.065867206,31888671.239205703,22438.902439024394
9437709.637596635,31890132.248686705,21951.121951219513,7.805864493075125,9437414.900573,31889704.892888468,21463.341463414636,9437758.554949533,31890649.07552809,21463.341463414636,9438004.37462027,31890559.604484946,22438.902439024394,9437660.720243737,31889615.421845324,22438.902439024394
9438053.291973166,31891076.431326326,21951.121951219513,6.246832912011149,9437758.554949533,31890649.07552809,21463.341463414636,9438102.209326066,31891593.258167706,21463.341463414636,9438348.028996803,31891503.787124563,22438.902439024394,9438004.37462027,31890559.604484946,22438.902439024394
9438396.9463497,31892020.613965947,21951.121951219513,6.041511910228976,9438102.209326066,31891593.258167706,21463.341463414636,9438445.863702597,31892537.440807328,21463.341463414636,9438691.683373336,31892447.969764184,22438.902439024394,9438348.028996803,31891503.787124563,22438.902439024394
9438740.600726232,31892964.79660557,21951.121951219513,7.144970208852588,9438445.863702597,31892537.440807328,21463.341463414636,9438789.51807913,31893481.623446953,21463.341463414636,9439035.337749869,31893392.1524038,22438.902439024394,9438691.683373336,31892447.969764184,22438.902439024394
9439084.255102765,31893908.979245186,21951.121951219513,7.704024850733521,9438789.51807913,31893481.623446953,21463.341463414636,9439133.172455663,31894425.80608657,21463.341463414636,9439378.992126402,31894336.335043423,22438.902439024394,9439035.337749869,31893392.1524038,22438.902439024394
9439427.909479298,31894853.161884807,21951.121951219513,7.258523893850258,9439133.172455663,31894425.80608657,21463.341463414636,9439476.826832196,31895369.98872619,21463.341463414636,9439722.646502934,31895280.517683044,22438.902439024394,9439378.992126402,31894336.335043423,22438.902439024394
9439771.563855829,31895797.34452443,21951.121951219513,8.099990494192252,9439476.826832196,31895369.98872619,21463.341463414636,9439820.481208729,31896314.17136581,21463.341463414636,9440066.300879465,31896224.70032266,22438.902439024394,9439722.646502934,31895280.517683044,22438.902439024394
9440115.218232363,31896741.527164046,21951.121951219513,9.187657011780802,9439820.481208729,31896314.17136581,21463.341463414636,9440164.135585262,31897258.35400543,21463.341463414636,9440409.955255998,31897168.882962283,22438.902439024394,9440066.300879465,31896224.70032266,22438.902439024394
9440458.872608894,31897685.709803667,21951.121951219513,8.20169180001269,9440164.135585262,31897258.35400543,21463.341463414636,9440507.789961794,31898202.53664505,21463.341463414636,9440753.609632531,31898113.065601904,22438.902439024394,9440409.955255998,31897168.882962283,22438.902439024394
9440802.52698543,31898629.892443284,21951.121951219513,8.588826708336475,9440507.789961794,31898202.53664505,21463.341463414636,9440851.444338325,31899146.71928467,21463.341463414636,9441097.264009064,31899057.24824152,22438.902439024394,9440753.609632531,31898113.065601904,22438.902439024394
9441146.18136196,31899574.075082906,21951.121951219513,8.885320885148007,9440851.444338325,31899146.71928467,21463.341463414636,9441195.098714858,31900090.90192429,21463.341463414636,9441440.918385597,31900001.430881143,22438.902439024394,9441097.264009064,31899057.24824152,22438.902439024394
9441489.835738493,31900518.257722527,21951.121951219513,9.447405462510943,9441195.098714858,31900090.90192429,21463.341463414636,9441538.753091391,31901035.08456391,21463.341463414636,9441784.57276213,31900945.613520764,22438.902439024394,9441440.918385597,31900001.430881143,22438.902439024394
9441833.490115026,31901462.440362144,21951.121951219513,9.650325672499811,9441538.753091391,31901035.08456391,21463.341463414636,9441882.407467924,31901979.26720353,21463.341463414636,9442128.227138663,31901889.796160385,22438.902439024394,9441784.57276213,31900945.613520764,22438.902439024394
9442177.144491557,31902406.623001765,21951.121951219513,9.125972193708698,9441882.407467924,31901979.26720353,21463.341463414636,9442226.061844457,31902923.44984315,21463.341463414636,9442471.881515194,31902833.978800006,22438.902439024394,9442128.227138663,31901889.796160385,22438.902439024394
9416648.885922354,31831503.453987114,22926.68292682927,2.1340780187299697,9416354.148898717,31831076.098188877,22438.902439024394,9416697.80327525,31832020.2808285,22438.902439024394,9416943.622945989,31831930.809785355,23414.46341463415,9416599.968569456,31830986.627145734,23414.46341463415
9416992.540298885,31832447.636626735,22926.68292682927,2.223850922218177,9416697.80327525,31832020.2808285,22438.902439024394,9417041.457651783,31832964.463468116,22438.902439024394,9417287.277322521,31832874.992424972,23414.46341463415,9416943.622945989,31831930.809785355,23414.46341463415
9417336.19467542,31833391.819266357,22926.68292682927,2.1299223224813266,9417041.457651783,31832964.463468116,22438.902439024394,9417385.112028314,31833908.646107737,22438.902439024394,9417630.931699054,31833819.175064594,23414.46341463415,9417287.277322521,31832874.992424972,23414.46341463415
9417679.84905195,31834336.001905978,22926.68292682927,2.3558247877754113,9417385.112028314,31833908.646107737,22438.902439024394,9417728.766404847,31834852.828747362,22438.902439024394,9417974.586075587,31834763.357704215,23414.46341463415,9417630.931699054,31833819.175064594,23414.46341463415
9418023.503428483,31835280.1845456,22926.68292682927,2.3758305772079487,9417728.766404847,31834852.828747362,22438.902439024394,9418072.42078138,31835797.01138698,22438.902439024394,9418318.24045212,31835707.540343832,23414.46341463415,9417974.586075587,31834763.357704215,23414.46341463415
9418367.157805016,31836224.367185216,22926.68292682927,1.4381009369296378,9418072.42078138,31835797.01138698,22438.902439024394,9418416.075157912,31836741.1940266,22438.902439024394,9418661.894828653,31836651.722983453,23414.46341463415,9418318.24045212,31835707.540343832,23414.46341463415
9418710.812181547,31837168.549824838,22926.68292682927,2.1369740110619597,9418416.075157912,31836741.1940266,22438.902439024394,9418759.729534445,31837685.37666622,22438.902439024394,9419005.549205184,31837595.905623075,23414.46341463415,9418661.894828653,31836651.722983453,23414.46341463415
9419054.466558082,31838112.732464455,22926.68292682927,2.7473050873321063,9418759.729534445,31837685.37666622,22438.902439024394,9419103.383910978,31838629.55930584,22438.902439024394,9419349.203581717,31838540.088262692,23414.46341463415,9419005.549205184,31837595.905623075,23414.46341463415
9419398.120934613,31839056.915104076,22926.68292682927,2.6759171075592936,9419103.383910978,31838629.55930584,22438.902439024394,9419447.038287511,31839573.74194546,22438.902439024394,9419692.85795825,31839484.270902313,23414.46341463415,9419349.203581717,31838540.088262692,23414.46341463415
9419741.775311148,31840001.097743697,22926.68292682927,2.5298648743537093,9419447.038287511,31839573.74194546,22438.902439024394,9419790.692664044,31840517.92458508,22438.902439024394,9420036.512334783,31840428.453541934,23414.46341463415,9419692.85795825,31839484.270902313,23414.46341463415
9420085.429687679,31840945.280383315,22926.68292682927,3.2755025684150265,9419790.692664044,31840517.92458508,22438.902439024394,9420134.347040575,31841462.1072247,22438.902439024394,9420380.166711316,31841372.636181552,23414.46341463415,9420036.512334783,31840428.453541934,23414.46341463415
9420429.08406421,31841889.463022936,22926.68292682927,4.537851031352826,9420134.347040575,31841462.1072247,22438.902439024394,9420478.001417108,31842406.289864317,22438.902439024394,9420723.821087847,31842316.81882117,23414.46341463415,9420380.166711316,31841372.636181552,23414.46341463415
9420772.738440745,31842833.645662554,22926.68292682927,6.428401000919888,9420478.001417108,31842406.289864317,22438.902439024394,9420821.65579364,31843350.472503938,22438.902439024394,9421067.47546438,31843261.001460794,23414.46341463415,9420723.821087847,31842316.81882117,23414.46341463415
9421116.392817276,31843777.828302175,22926.68292682927,7.4061223672201875,9420821.65579364,31843350.472503938,22438.902439024394,9421165.310170174,31844294.65514356,22438.902439024394,9421411.129840912,31844205.184100416,23414.46341463415,9421067.47546438,31843261.001460794,23414.46341463415
9421460.047193808,31844722.010941796,22926.68292682927,7.627771175480516,9421165.310170174,31844294.65514356,22438.902439024394,9421508.964546705,31845238.837783176,22438.902439024394,9421754.784217445,31845149.366740033,23414.46341463415,9421411.129840912,31844205.184100416,23414.46341463415
9421803.701570341,31845666.193581417,22926.68292682927,8.332479193851329,9421508.964546705,31845238.837783176,22438.902439024394,9421852.618923238,31846183.020422798,22438.902439024394,9422098.438593978,31846093.549379654,23414.46341463415,9421754.784217445,31845149.366740033,23414.46341463415
9422147.355946872,31846610.37622104,22926.68292682927,10.588476081030063,9421852.618923238,31846183.020422798,22438.902439024394,9422196.27329977,31847127.20306242,22438.902439024394,9422442.092970511,31847037.732019275,23414.46341463415,9422098.438593978,31846093.549379654,23414.46341463415
9422491.010323407,31847554.558860656,22926.68292682927,11.224384869961886,9422196.27329977,31847127.20306242,22438.902439024394,9422539.927676303,31848071.38570204,22438.902439024394,9422785.747347044,31847981.914658893,23414.46341463415,9422442.092970511,31847037.732019275,23414.46341463415
9422834.66469994,31848498.741500277,22926.68292682927,11.374671166861638,9422539.927676303,31848071.38570204,22438.902439024394,9422883.582052836,31849015.56834166,22438.902439024394,9423129.401723577,31848926.097298514,23414.46341463415,9422785.747347044,31847981.914658893,23414.46341463415
9423178.319076473,31849442.9241399,22926.68292682927,12.793714382360523,9422883.582052836,31849015.56834166,22438.902439024394,9423227.23642937,31849959.750981282,22438.902439024394,9423473.056100108,31849870.279938135,23414.46341463415,9423129.401723577,31848926.097298514,23414.46341463415
9423521.973453004,31850387.106779516,22926.68292682927,13.948428697448481,9423227.23642937,31849959.750981282,22438.902439024394,9423570.890805902,31850903.9336209,22438.902439024394,9423816.71047664,31850814.462577753,23414.46341463415,9423473.056100108,31849870.279938135,23414.46341463415
9423865.627829539,31851331.289419137,22926.68292682927,12.19644825625089,9423570.890805902,31850903.9336209,22438.902439024394,9423914.545182435,31851848.11626052,22438.902439024394,9424160.364853173,31851758.645217374,23414.46341463415,9423816.71047664,31850814.462577753,23414.46341463415
9424209.28220607,31852275.47205876,22926.68292682927,10.154521764427432,9423914.545182435,31851848.11626052,22438.902439024394,9424258.199558966,31852792.298900142,22438.902439024394,9424504.019229706,31852702.82785699,23414.46341463415,9424160.364853173,31851758.645217374,23414.46341463415
9424552.9365826,31853219.654698376,22926.68292682927,8.133794546198505,9424258.199558966,31852792.298900142,22438.902439024394,9424601.853935499,31853736.48153976,22438.902439024394,9424847.67360624,31853647.010496613,23414.46341463415,9424504.019229706,31852702.82785699,23414.46341463415
9424896.590959135,31854163.837337997,22926.68292682927,8.385713732021271,9424601.853935499,31853736.48153976,22438.902439024394,9424945.508312032,31854680.66417938,22438.902439024394,9425191.327982772,31854591.193136234,23414.46341463415,9424847.67360624,31853647.010496613,23414.46341463415
9425240.245335668,31855108.019977618,22926.68292682927,7.216706020847251,9424945.508312032,31854680.66417938,22438.902439024394,9425289.162688565,31855624.846819,22438.902439024394,9425534.982359305,31855535.37577585,23414.46341463415,9425191.327982772,31854591.193136234,23414.46341463415
9425583.899712201,31856052.202617235,22926.68292682927,5.9215580929565075,9425289.162688565,31855624.846819,22438.902439024394,9425632.817065097,31856569.02945862,22438.902439024394,9425878.636735836,31856479.558415476,23414.46341463415,9425534.982359305,31855535.37577585,23414.46341463415
9425927.554088732,31856996.385256857,22926.68292682927,5.625761895920828,9425632.817065097,31856569.02945862,22438.902439024394,9425976.47144163,31857513.21209824,22438.902439024394,9426222.291112369,31857423.741055097,23414.46341463415,9425878.636735836,31856479.558415476,23414.46341463415
9426271.208465267,31857940.567896474,22926.68292682927,5.70373916971916,9425976.47144163,31857513.21209824,22438.902439024394,9426320.125818163,31858457.39473786,22438.902439024394,9426565.945488902,31858367.923694715,23414.46341463415,9426222.291112369,31857423.741055097,23414.46341463415
9426614.862841798,31858884.7505361,22926.68292682927,6.616307234960508,9426320.125818163,31858457.39473786,22438.902439024394,9426663.780194694,31859401.57737748,22438.902439024394,9426909.599865435,31859312.106334336,23414.46341463415,9426565.945488902,31858367.923694715,23414.46341463415
9426958.517218329,31859828.93317572,22926.68292682927,6.077038255431664,9426663.780194694,31859401.57737748,22438.902439024394,9427007.434571227,31860345.7600171,22438.902439024394,9427253.254241968,31860256.288973957,23414.46341463415,9426909.599865435,31859312.106334336,23414.46341463415
9427302.171594864,31860773.115815338,22926.68292682927,3.5641064202053774,9427007.434571227,31860345.7600171,22438.902439024394,9427351.08894776,31861289.942656722,22438.902439024394,9427596.9086185,31861200.471613575,23414.46341463415,9427253.254241968,31860256.288973957,23414.46341463415
9427645.825971397,31861717.29845496,22926.68292682927,1.7918835825704895,9427351.08894776,31861289.942656722,22438.902439024394,9427694.743324293,31862234.125296343,22438.902439024394,9427940.562995033,31862144.654253196,23414.46341463415,9427596.9086185,31861200.471613575,23414.46341463415
9427989.48034793,31862661.48109458,22926.68292682927,1.4936634710654586,9427694.743324293,31862234.125296343,22438.902439024394,9428038.397700826,31863178.307935964,22438.902439024394,9428284.217371564,31863088.836892817,23414.46341463415,9427940.562995033,31862144.654253196,23414.46341463415
9428333.13472446,31863605.6637342,22926.68292682927,1.497357816585436,9428038.397700826,31863178.307935964,22438.902439024394,9428382.052077357,31864122.49057558,22438.902439024394,9428627.871748097,31864033.019532435,23414.46341463415,9428284.217371564,31863088.836892817,23414.46341463415
9428676.789100993,31864549.84637382,22926.68292682927,1.1052264446150302,9428382.052077357,31864122.49057558,22438.902439024394,9428725.70645389,31865066.6732152,22438.902439024394,9428971.52612463,31864977.202172052,23414.46341463415,9428627.871748097,31864033.019532435,23414.46341463415
9429020.443477526,31865494.029013436,22926.68292682927,0.9733011347256278,9428725.70645389,31865066.6732152,22438.902439024394,9429069.360830422,31866010.85585482,22438.902439024394,9429315.180501163,31865921.384811673,23414.46341463415,9428971.52612463,31864977.202172052,23414.46341463415
9429364.097854057,31866438.211653057,22926.68292682927,0.9826693215872334,9429069.360830422,31866010.85585482,22438.902439024394,9429413.015206955,31866955.03849444,22438.902439024394,9429658.834877696,31866865.567451295,23414.46341463415,9429315.180501163,31865921.384811673,23414.46341463415
9429707.752230592,31867382.394292675,22926.68292682927,0.8554618749411793,9429413.015206955,31866955.03849444,22438.902439024394,9429756.669583488,31867899.22113406,22438.902439024394,9430002.489254227,31867809.750090912,23414.46341463415,9429658.834877696,31866865.567451295,23414.46341463415
9430051.406607123,31868326.576932296,22926.68292682927,0.606158650782715,9429756.669583488,31867899.22113406,22438.902439024394,9430100.323960021,31868843.40377368,22438.902439024394,9430346.14363076,31868753.932730533,23414.46341463415,9430002.489254227,31867809.750090912,23414.46341463415
9430395.060983658,31869270.759571917,22926.68292682927,0.7113841518507218,9430100.323960021,31868843.40377368,22438.902439024394,9430443.978336554,31869787.5864133,22438.902439024394,9430689.798007293,31869698.115370158,23414.46341463415,9430346.14363076,31868753.932730533,23414.46341463415
9430738.715360189,31870214.942211535,22926.68292682927,0.7347328303706304,9430443.978336554,31869787.5864133,22438.902439024394,9430787.632713085,31870731.76905292,22438.902439024394,9431033.452383824,31870642.298009776,23414.46341463415,9430689.798007293,31869698.115370158,23414.46341463415
9431082.369736722,31871159.124851156,22926.68292682927,0.9742878473549769,9430787.632713085,31870731.76905292,22438.902439024394,9431131.287089618,31871675.95169254,22438.902439024394,9431377.106760357,31871586.480649397,23414.46341463415,9431033.452383824,31870642.298009776,23414.46341463415
9431426.024113255,31872103.30749078,22926.68292682927,1.6280169548558723,9431131.287089618,31871675.95169254,22438.902439024394,9431474.94146615,31872620.13433216,22438.902439024394,9431720.76113689,31872530.663289018,23414.46341463415,9431377.106760357,31871586.480649397,23414.46341463415
9431769.678489786,31873047.4901304,22926.68292682927,2.1492774918123643,9431474.94146615,31872620.13433216,22438.902439024394,9431818.595842684,31873564.31697178,22438.902439024394,9432064.415513422,31873474.845928635,23414.46341463415,9431720.76113689,31872530.663289018,23414.46341463415
9432113.33286632,31873991.67277002,22926.68292682927,2.4689707271540327,9431818.595842684,31873564.31697178,22438.902439024394,9432162.250219217,31874508.4996114,22438.902439024394,9432408.069889953,31874419.028568257,23414.46341463415,9432064.415513422,31873474.845928635,23414.46341463415
9432456.987242851,31874935.85540964,22926.68292682927,3.641833047407799,9432162.250219217,31874508.4996114,22438.902439024394,9432505.90459575,31875452.682251025,22438.902439024394,9432751.724266486,31875363.211207878,23414.46341463415,9432408.069889953,31874419.028568257,23414.46341463415
9432800.641619386,31875880.038049262,22926.68292682927,4.153522309629621,9432505.90459575,31875452.682251025,22438.902439024394,9432849.558972282,31876396.864890642,22438.902439024394,9433095.37864302,31876307.393847495,23414.46341463415,9432751.724266486,31875363.211207878,23414.46341463415
9433144.295995917,31876824.22068888,22926.68292682927,3.8866032015021448,9432849.558972282,31876396.864890642,22438.902439024394,9433193.213348813,31877341.047530264,22438.902439024394,9433439.033019552,31877251.576487117,23414.46341463415,9433095.37864302,31876307.393847495,23414.46341463415
9433487.95037245,31877768.403328497,22926.68292682927,4.814057912797999,9433193.213348813,31877341.047530264,22438.902439024394,9433536.867725346,31878285.230169885,22438.902439024394,9433782.687396085,31878195.759126734,23414.46341463415,9433439.033019552,31877251.576487117,23414.46341463415
9433831.604748983,31878712.58596812,22926.68292682927,6.217323614097125,9433536.867725346,31878285.230169885,22438.902439024394,9433880.52210188,31879229.412809502,22438.902439024394,9434126.341772618,31879139.941766355,23414.46341463415,9433782.687396085,31878195.759126734,23414.46341463415
9434175.259125514,31879656.76860774,22926.68292682927,8.644285551449215,9433880.52210188,31879229.412809502,22438.902439024394,9434224.176478412,31880173.595449124,22438.902439024394,9434469.99614915,31880084.124405976,23414.46341463415,9434126.341772618,31879139.941766355,23414.46341463415
9434518.913502049,31880600.951247357,22926.68292682927,13.170466665575622,9434224.176478412,31880173.595449124,22438.902439024394,9434567.830854945,31881117.778088745,22438.902439024394,9434813.650525684,31881028.307045594,23414.46341463415,9434469.99614915,31880084.124405976,23414.46341463415
9434862.56787858,31881545.133886978,22926.68292682927,15.094572402415057,9434567.830854945,31881117.778088745,22438.902439024394,9434911.485231478,31882061.960728362,22438.902439024394,9435157.304902215,31881972.489685215,23414.46341463415,9434813.650525684,31881028.307045594,23414.46341463415
9435206.222255114,31882489.3165266,22926.68292682927,13.543815687388713,9434911.485231478,31882061.960728362,22438.902439024394,9435255.13960801,31883006.143367983,22438.902439024394,9435500.959278747,31882916.67232484,23414.46341463415,9435157.304902215,31881972.489685215,23414.46341463415
9435549.876631645,31883433.49916622,22926.68292682927,12.894667019576145,9435255.13960801,31883006.143367983,22438.902439024394,9435598.793984544,31883950.3260076,22438.902439024394,9435844.61365528,31883860.854964457,23414.46341463415,9435500.959278747,31882916.67232484,23414.46341463415
9435893.531008178,31884377.681805838,22926.68292682927,14.722937785558983,9435598.793984544,31883950.3260076,22438.902439024394,9435942.448361075,31884894.508647222,22438.902439024394,9436188.268031813,31884805.03760408,23414.46341463415,9435844.61365528,31883860.854964457,23414.46341463415
9436237.185384711,31885321.864445463,22926.68292682927,16.21428746088775,9435942.448361075,31884894.508647222,22438.902439024394,9436286.102737607,31885838.691286843,22438.902439024394,9436531.922408346,31885749.2202437,23414.46341463415,9436188.268031813,31884805.03760408,23414.46341463415
9436580.839761242,31886266.047085084,22926.68292682927,15.319767049075844,9436286.102737607,31885838.691286843,22438.902439024394,9436629.75711414,31886782.87392646,22438.902439024394,9436875.576784877,31886693.402883317,23414.46341463415,9436531.922408346,31885749.2202437,23414.46341463415
9436924.494137777,31887210.2297247,22926.68292682927,14.531268568930415,9436629.75711414,31886782.87392646,22438.902439024394,9436973.411490673,31887727.056566082,22438.902439024394,9437219.23116141,31887637.58552294,23414.46341463415,9436875.576784877,31886693.402883317,23414.46341463415
9437268.148514308,31888154.41236432,22926.68292682927,12.895043323469032,9436973.411490673,31887727.056566082,22438.902439024394,9437317.065867206,31888671.239205703,22438.902439024394,9437562.885537943,31888581.768162556,23414.46341463415,9437219.23116141,31887637.58552294,23414.46341463415
9437611.802890843,31889098.59500394,22926.68292682927,10.19070308776739,9437317.065867206,31888671.239205703,22438.902439024394,9437660.720243737,31889615.421845324,22438.902439024394,9437906.539914476,31889525.950802177,23414.46341463415,9437562.885537943,31888581.768162556,23414.46341463415
9437955.457267374,31890042.77764356,22926.68292682927,8.0401957674054,9437660.720243737,31889615.421845324,22438.902439024394,9438004.37462027,31890559.604484946,22438.902439024394,9438250.194291009,31890470.133441795,23414.46341463415,9437906.539914476,31889525.950802177,23414.46341463415
9438299.111643907,31890986.96028318,22926.68292682927,7.2172647551330815,9438004.37462027,31890559.604484946,22438.902439024394,9438348.028996803,31891503.787124563,22438.902439024394,9438593.848667542,31891414.316081416,23414.46341463415,9438250.194291009,31890470.133441795,23414.46341463415
9438642.76602044,31891931.1429228,22926.68292682927,8.275934461312994,9438348.028996803,31891503.787124563,22438.902439024394,9438691.683373336,31892447.969764184,22438.902439024394,9438937.503044074,31892358.498721037,23414.46341463415,9438593.848667542,31891414.316081416,23414.46341463415
9438986.42039697,31892875.325562418,22926.68292682927,9.442182257275125,9438691.683373336,31892447.969764184,22438.902439024394,9439035.337749869,31893392.1524038,22438.902439024394,9439281.157420605,31893302.681360655,23414.46341463415,9438937.503044074,31892358.498721037,23414.46341463415
9439330.074773505,31893819.50820204,22926.68292682927,9.746888936515067,9439035.337749869,31893392.1524038,22438.902439024394,9439378.992126402,31894336.335043423,22438.902439024394,9439624.811797138,31894246.864000276,23414.46341463415,9439281.157420605,31893302.681360655,23414.46341463415
9439673.729150036,31894763.69084166,22926.68292682927,9.86898455643881,9439378.992126402,31894336.335043423,22438.902439024394,9439722.646502934,31895280.517683044,22438.902439024394,9439968.466173671,31895191.046639897,23414.46341463415,9439624.811797138,31894246.864000276,23414.46341463415
9440017.383526571,31895707.87348128,22926.68292682927,8.7056564896283,9439722.646502934,31895280.517683044,22438.902439024394,9440066.300879465,31896224.70032266,22438.902439024394,9440312.120550204,31896135.229279518,23414.46341463415,9439968.466173671,31895191.046639897,23414.46341463415
9440361.037903102,31896652.0561209,22926.68292682927,9.371306343038796,9440066.300879465,31896224.70032266,22438.902439024394,9440409.955255998,31897168.882962283,22438.902439024394,9440655.774926737,31897079.41191914,23414.46341463415,9440312.120550204,31896135.229279518,23414.46341463415
9440704.692279635,31897596.23876052,22926.68292682927,8.775477972723397,9440409.955255998,31897168.882962283,22438.902439024394,9440753.609632531,31898113.065601904,22438.902439024394,9440999.42930327,31898023.59455876,23414.46341463415,9440655.774926737,31897079.41191914,23414.46341463415
9441048.346656168,31898540.42140014,22926.68292682927,7.435852844018502,9440753.609632531,31898113.065601904,22438.902439024394,9441097.264009064,31899057.24824152,22438.902439024394,9441343.083679803,31898967.777198378,23414.46341463415,9440999.42930327,31898023.59455876,23414.46341463415
9441392.001032699,31899484.604039762,22926.68292682927,9.119695163148606,9441097.264009064,31899057.24824152,22438.902439024394,9441440.918385597,31900001.430881143,22438.902439024394,9441686.738056334,31899911.959838,23414.46341463415,9441343.083679803,31898967.777198378,23414.46341463415
9441735.655409234,31900428.786679383,22926.68292682927,9.368165701519253,9441440.918385597,31900001.430881143,22438.902439024394,9441784.57276213,31900945.613520764,22438.902439024394,9442030.392432867,31900856.14247762,23414.46341463415,9441686.738056334,31899911.959838,23414.46341463415
9442079.309785765,31901372.969319,22926.68292682927,8.690689105039787,9441784.57276213,31900945.613520764,22438.902439024394,9442128.227138663,31901889.796160385,22438.902439024394,9442374.0468094,31901800.325117238,23414.46341463415,9442030.392432867,31900856.14247762,23414.46341463415
9442422.9641623,31902317.151958622,22926.68292682927,7.845412183550793,9442128.227138663,31901889.796160385,22438.902439024394,9442471.881515194,31902833.978800006,22438.902439024394,9442717.701185932,31902744.50775686,23414.46341463415,9442374.0468094,31901800.325117238,23414.46341463415
9416894.70559309,31831413.98294397,23902.24390243903,1.1565015884345682,9416599.968569456,31830986.627145734,23414.46341463415,9416943.622945989,31831930.809785355,23414.46341463415,9417189.442616727,31831841.338742208,24390.024390243903,9416845.788240194,31830897.156102587,24390.024390243903
9417238.359969623,31832358.16558359,23902.24390243903,1.2356297145846704,9416943.622945989,31831930.809785355,23414.46341463415,9417287.277322521,31832874.992424972,23414.46341463415,9417533.09699326,31832785.521381825,24390.024390243903,9417189.442616727,31831841.338742208,24390.024390243903
9417582.014346156,31833302.34822321,23902.24390243903,1.2479450342993812,9417287.277322521,31832874.992424972,23414.46341463415,9417630.931699054,31833819.175064594,23414.46341463415,9417876.751369793,31833729.704021446,24390.024390243903,9417533.09699326,31832785.521381825,24390.024390243903
9417925.668722687,31834246.53086283,23902.24390243903,1.9664098558329068,9417630.931699054,31833819.175064594,23414.46341463415,9417974.586075587,31834763.357704215,23414.46341463415,9418220.405746324,31834673.886661068,24390.024390243903,9417876.751369793,31833729.704021446,24390.024390243903
9418269.323099222,31835190.71350245,23902.24390243903,1.752429783985403,9417974.586075587,31834763.357704215,23414.46341463415,9418318.24045212,31835707.540343832,23414.46341463415,9418564.060122857,31835618.069300685,24390.024390243903,9418220.405746324,31834673.886661068,24390.024390243903
9418612.977475753,31836134.89614207,23902.24390243903,1.7298975364507259,9418318.24045212,31835707.540343832,23414.46341463415,9418661.894828653,31836651.722983453,23414.46341463415,9418907.71449939,31836562.251940306,24390.024390243903,9418564.060122857,31835618.069300685,24390.024390243903
9418956.631852288,31837079.07878169,23902.24390243903,1.6660366357210004,9418661.894828653,31836651.722983453,23414.46341463415,9419005.549205184,31837595.905623075,23414.46341463415,9419251.368875923,31837506.434579927,24390.024390243903,9418907.71449939,31836562.251940306,24390.024390243903
9419300.286228819,31838023.261421308,23902.24390243903,2.2715389184558177,9419005.549205184,31837595.905623075,23414.46341463415,9419349.203581717,31838540.088262692,23414.46341463415,9419595.023252456,31838450.61721955,24390.024390243903,9419251.368875923,31837506.434579927,24390.024390243903
9419643.940605352,31838967.44406093,23902.24390243903,2.6292598909665377,9419349.203581717,31838540.088262692,23414.46341463415,9419692.85795825,31839484.270902313,23414.46341463415,9419938.677628988,31839394.79985917,24390.024390243903,9419595.023252456,31838450.61721955,24390.024390243903
9419987.594981885,31839911.626700547,23902.24390243903,4.063079416823269,9419692.85795825,31839484.270902313,23414.46341463415,9420036.512334783,31840428.453541934,23414.46341463415,9420282.332005521,31840338.982498787,24390.024390243903,9419938.677628988,31839394.79985917,24390.024390243903
9420331.249358416,31840855.80934017,23902.24390243903,5.926439775546334,9420036.512334783,31840428.453541934,23414.46341463415,9420380.166711316,31841372.636181552,23414.46341463415,9420625.986382054,31841283.16513841,24390.024390243903,9420282.332005521,31840338.982498787,24390.024390243903
9420674.903734948,31841799.991979793,23902.24390243903,6.585089163236029,9420380.166711316,31841372.636181552,23414.46341463415,9420723.821087847,31842316.81882117,23414.46341463415,9420969.640758585,31842227.347778026,24390.024390243903,9420625.986382054,31841283.16513841,24390.024390243903
9421018.558111481,31842744.17461941,23902.24390243903,7.661179476812159,9420723.821087847,31842316.81882117,23414.46341463415,9421067.47546438,31843261.001460794,23414.46341463415,9421313.295135118,31843171.530417647,24390.024390243903,9420969.640758585,31842227.347778026,24390.024390243903
9421362.212488012,31843688.35725903,23902.24390243903,8.556412518362022,9421067.47546438,31843261.001460794,23414.46341463415,9421411.129840912,31844205.184100416,23414.46341463415,9421656.949511651,31844115.71305727,24390.024390243903,9421313.295135118,31843171.530417647,24390.024390243903
9421705.866864547,31844632.539898653,23902.24390243903,7.8392718998388435,9421411.129840912,31844205.184100416,23414.46341463415,9421754.784217445,31845149.366740033,23414.46341463415,9422000.603888184,31845059.895696886,24390.024390243903,9421656.949511651,31844115.71305727,24390.024390243903
9422049.52124108,31845576.72253827,23902.24390243903,8.651069574774985,9421754.784217445,31845149.366740033,23414.46341463415,9422098.438593978,31846093.549379654,23414.46341463415,9422344.258264717,31846004.078336507,24390.024390243903,9422000.603888184,31845059.895696886,24390.024390243903
9422393.175617613,31846520.90517789,23902.24390243903,9.823303420407067,9422098.438593978,31846093.549379654,23414.46341463415,9422442.092970511,31847037.732019275,23414.46341463415,9422687.912641248,31846948.26097613,24390.024390243903,9422344.258264717,31846004.078336507,24390.024390243903
9422736.829994144,31847465.08781751,23902.24390243903,11.33754279234105,9422442.092970511,31847037.732019275,23414.46341463415,9422785.747347044,31847981.914658893,23414.46341463415,9423031.56701778,31847892.443615746,24390.024390243903,9422687.912641248,31846948.26097613,24390.024390243903
9423080.484370679,31848409.27045713,23902.24390243903,12.74272817222865,9422785.747347044,31847981.914658893,23414.46341463415,9423129.401723577,31848926.097298514,23414.46341463415,9423375.221394313,31848836.626255367,24390.024390243903,9423031.56701778,31847892.443615746,24390.024390243903
9423424.13874721,31849353.45309675,23902.24390243903,10.47171678625084,9423129.401723577,31848926.097298514,23414.46341463415,9423473.056100108,31849870.279938135,23414.46341463415,9423718.875770846,31849780.808894984,24390.024390243903,9423375.221394313,31848836.626255367,24390.024390243903
9423767.79312374,31850297.63573637,23902.24390243903,10.68548246483027,9423473.056100108,31849870.279938135,23414.46341463415,9423816.71047664,31850814.462577753,23414.46341463415,9424062.53014738,31850724.991534606,24390.024390243903,9423718.875770846,31849780.808894984,24390.024390243903
9424111.447500275,31851241.81837599,23902.24390243903,9.883967525631691,9423816.71047664,31850814.462577753,23414.46341463415,9424160.364853173,31851758.645217374,23414.46341463415,9424406.184523912,31851669.17417423,24390.024390243903,9424062.53014738,31850724.991534606,24390.024390243903
9424455.101876808,31852186.001015607,23902.24390243903,8.219731190471546,9424160.364853173,31851758.645217374,23414.46341463415,9424504.019229706,31852702.82785699,23414.46341463415,9424749.838900445,31852613.356813848,24390.024390243903,9424406.184523912,31851669.17417423,24390.024390243903
9424798.756253341,31853130.18365523,23902.24390243903,7.022701963270311,9424504.019229706,31852702.82785699,23414.46341463415,9424847.67360624,31853647.010496613,23414.46341463415,9425093.493276976,31853557.53945347,24390.024390243903,9424749.838900445,31852613.356813848,24390.024390243903
9425142.410629872,31854074.366294853,23902.24390243903,7.378204447800079,9424847.67360624,31853647.010496613,23414.46341463415,9425191.327982772,31854591.193136234,23414.46341463415,9425437.147653509,31854501.72209309,24390.024390243903,9425093.493276976,31853557.53945347,24390.024390243903
9425486.065006407,31855018.548934475,23902.24390243903,8.37937065263272,9425191.327982772,31854591.193136234,23414.46341463415,9425534.982359305,31855535.37577585,23414.46341463415,9425780.802030042,31855445.904732708,24390.024390243903,9425437.147653509,31854501.72209309,24390.024390243903
9425829.719382938,31855962.731574092,23902.24390243903,6.669462181287991,9425534.982359305,31855535.37577585,23414.46341463415,9425878.636735836,31856479.558415476,23414.46341463415,9426124.456406575,31856390.08737233,24390.024390243903,9425780.802030042,31855445.904732708,24390.024390243903
9426173.373759469,31856906.914213713,23902.24390243903,6.7577866411053,9425878.636735836,31856479.558415476,23414.46341463415,9426222.291112369,31857423.741055097,23414.46341463415,9426468.110783108,31857334.27001195,24390.024390243903,9426124.456406575,31856390.08737233,24390.024390243903
9426517.028136004,31857851.09685333,23902.24390243903,6.3253498451911865,9426222.291112369,31857423.741055097,23414.46341463415,9426565.945488902,31858367.923694715,23414.46341463415,9426811.76515964,31858278.452651568,24390.024390243903,9426468.110783108,31857334.27001195,24390.024390243903
9426860.682512537,31858795.279492952,23902.24390243903,6.223442243089402,9426565.945488902,31858367.923694715,23414.46341463415,9426909.599865435,31859312.106334336,23414.46341463415,9427155.419536173,31859222.63529119,24390.024390243903,9426811.76515964,31858278.452651568,24390.024390243903
9427204.33688907,31859739.462132573,23902.24390243903,4.942268980709848,9426909.599865435,31859312.106334336,23414.46341463415,9427253.254241968,31860256.288973957,23414.46341463415,9427499.073912704,31860166.81793081,24390.024390243903,9427155.419536173,31859222.63529119,24390.024390243903
9427547.9912656,31860683.64477219,23902.24390243903,3.372735645071799,9427253.254241968,31860256.288973957,23414.46341463415,9427596.9086185,31861200.471613575,23414.46341463415,9427842.728289237,31861111.000570428,24390.024390243903,9427499.073912704,31860166.81793081,24390.024390243903
9427891.645642135,31861627.82741181,23902.24390243903,1.9191244726019447,9427596.9086185,31861200.471613575,23414.46341463415,9427940.562995033,31862144.654253196,23414.46341463415,9428186.38266577,31862055.18321005,24390.024390243903,9427842.728289237,31861111.000570428,24390.024390243903
9428235.300018666,31862572.010051433,23902.24390243903,1.341400164725015,9427940.562995033,31862144.654253196,23414.46341463415,9428284.217371564,31863088.836892817,23414.46341463415,9428530.037042303,31862999.36584967,24390.024390243903,9428186.38266577,31862055.18321005,24390.024390243903
9428578.954395197,31863516.192691054,23902.24390243903,1.387490255324021,9428284.217371564,31863088.836892817,23414.46341463415,9428627.871748097,31864033.019532435,23414.46341463415,9428873.691418836,31863943.548489287,24390.024390243903,9428530.037042303,31862999.36584967,24390.024390243903
9428922.608771732,31864460.37533067,23902.24390243903,1.782473856340597,9428627.871748097,31864033.019532435,23414.46341463415,9428971.52612463,31864977.202172052,23414.46341463415,9429217.345795367,31864887.73112891,24390.024390243903,9428873.691418836,31863943.548489287,24390.024390243903
9429266.263148263,31865404.55797029,23902.24390243903,1.3706240658672568,9428971.52612463,31864977.202172052,23414.46341463415,9429315.180501163,31865921.384811673,23414.46341463415,9429561.0001719,31865831.91376853,24390.024390243903,9429217.345795367,31864887.73112891,24390.024390243903
9429609.917524798,31866348.74060991,23902.24390243903,1.1245640815338644,9429315.180501163,31865921.384811673,23414.46341463415,9429658.834877696,31866865.567451295,23414.46341463415,9429904.654548433,31866776.09640815,24390.024390243903,9429561.0001719,31865831.91376853,24390.024390243903
9429953.571901329,31867292.92324953,23902.24390243903,1.1956970352021516,9429658.834877696,31866865.567451295,23414.46341463415,9430002.489254227,31867809.750090912,23414.46341463415,9430248.308924966,31867720.27904777,24390.024390243903,9429904.654548433,31866776.09640815,24390.024390243903
9430297.226277862,31868237.105889153,23902.24390243903,1.0691925879842967,9430002.489254227,31867809.750090912,23414.46341463415,9430346.14363076,31868753.932730533,23414.46341463415,9430591.963301498,31868664.46168739,24390.024390243903,9430248.308924966,31867720.27904777,24390.024390243903
9430640.880654395,31869181.288528774,23902.24390243903,0.8112119488441416,9430346.14363076,31868753.932730533,23414.46341463415,9430689.798007293,31869698.115370158,23414.46341463415,9430935.617678031,31869608.64432701,24390.024390243903,9430591.963301498,31868664.46168739,24390.024390243903
9430984.535030926,31870125.47116839,23902.24390243903,1.0509751866794124,9430689.798007293,31869698.115370158,23414.46341463415,9431033.452383824,31870642.298009776,23414.46341463415,9431279.272054564,31870552.82696663,24390.024390243903,9430935.617678031,31869608.64432701,24390.024390243903
9431328.18940746,31871069.653808013,23902.24390243903,1.2391130994649506,9431033.452383824,31870642.298009776,23414.46341463415,9431377.106760357,31871586.480649397,23414.46341463415,9431622.926431095,31871497.00960625,24390.024390243903,9431279.272054564,31870552.82696663,24390.024390243903
9431671.843783991,31872013.836447634,23902.24390243903,1.520101038896188,9431377.106760357,31871586.480649397,23414.46341463415,9431720.76113689,31872530.663289018,23414.46341463415,9431966.580807628,31872441.19224587,24390.024390243903,9431622.926431095,31871497.00960625,24390.024390243903
9432015.498160526,31872958.01908725,23902.24390243903,2.149592556212611,9431720.76113689,31872530.663289018,23414.46341463415,9432064.415513422,31873474.845928635,23414.46341463415,9432310.235184161,31873385.37488549,24390.024390243903,9431966.580807628,31872441.19224587,24390.024390243903
9432359.152537057,31873902.201726872,23902.24390243903,3.453354694250155,9432064.415513422,31873474.845928635,23414.46341463415,9432408.069889953,31874419.028568257,23414.46341463415,9432653.889560694,31874329.55752511,24390.024390243903,9432310.235184161,31873385.37488549,24390.024390243903
9432702.80691359,31874846.384366494,23902.24390243903,4.4915624299935555,9432408.069889953,31874419.028568257,23414.46341463415,9432751.724266486,31875363.211207878,23414.46341463415,9432997.543937227,31875273.740164727,24390.024390243903,9432653.889560694,31874329.55752511,24390.024390243903
9433046.461290123,31875790.567006115,23902.24390243903,3.934744808325198,9432751.724266486,31875363.211207878,23414.46341463415,9433095.37864302,31876307.393847495,23414.46341463415,9433341.19831376,31876217.92280435,24390.024390243903,9432997.543937227,31875273.740164727,24390.024390243903
9433390.115666654,31876734.749645732,23902.24390243903,4.0904312629395845,9433095.37864302,31876307.393847495,23414.46341463415,9433439.033019552,31877251.576487117,23414.46341463415,9433684.852690293,31877162.10544397,24390.024390243903,9433341.19831376,31876217.92280435,24390.024390243903
9433733.770043189,31877678.93228535,23902.24390243903,5.6680863224149105,9433439.033019552,31877251.576487117,23414.46341463415,9433782.687396085,31878195.759126734,23414.46341463415,9434028.507066825,31878106.28808359,24390.024390243903,9433684.852690293,31877162.10544397,24390.024390243903
9434077.42441972,31878623.11492497,23902.24390243903,7.016539834421283,9433782.687396085,31878195.759126734,23414.46341463415,9434126.341772618,31879139.941766355,23414.46341463415,9434372.161443356,31879050.47072321,24390.024390243903,9434028.507066825,31878106.28808359,24390.024390243903
9434421.078796254,31879567.297564592,23902.24390243903,8.056233614692392,9434126.341772618,31879139.941766355,23414.46341463415,9434469.99614915,31880084.124405976,23414.46341463415,9434715.81581989,31879994.653362833,24390.024390243903,9434372.161443356,31879050.47072321,24390.024390243903
9434764.733172785,31880511.480204213,23902.24390243903,11.578126930940323,9434469.99614915,31880084.124405976,23414.46341463415,9434813.650525684,31881028.307045594,23414.46341463415,9435059.470196422,31880938.83600245,24390.024390243903,9434715.81581989,31879994.653362833,24390.024390243903
9435108.387549318,31881455.662843835,23902.24390243903,13.772292870232919,9434813.650525684,31881028.307045594,23414.46341463415,9435157.304902215,31881972.489685215,23414.46341463415,9435403.124572955,31881883.01864207,24390.024390243903,9435059.470196422,31880938.83600245,24390.024390243903
9435452.041925851,31882399.845483456,23902.24390243903,13.430504128540715,9435157.304902215,31881972.489685215,23414.46341463415,9435500.959278747,31882916.67232484,23414.46341463415,9435746.778949488,31882827.201281693,24390.024390243903,9435403.124572955,31881883.01864207,24390.024390243903
9435795.696302382,31883344.028123077,23902.24390243903,12.86597512200407,9435500.959278747,31882916.67232484,23414.46341463415,9435844.61365528,31883860.854964457,23414.46341463415,9436090.43332602,31883771.38392131,24390.024390243903,9435746.778949488,31882827.201281693,24390.024390243903
9436139.350678917,31884288.210762694,23902.24390243903,13.599232118400264,9435844.61365528,31883860.854964457,23414.46341463415,9436188.268031813,31884805.03760408,23414.46341463415,9436434.087702554,31884715.56656093,24390.024390243903,9436090.43332602,31883771.38392131,24390.024390243903
9436483.005055448,31885232.393402316,23902.24390243903,16.097724897676077,9436188.268031813,31884805.03760408,23414.46341463415,9436531.922408346,31885749.2202437,23414.46341463415,9436777.742079085,31885659.749200553,24390.024390243903,9436434.087702554,31884715.56656093,24390.024390243903
9436826.659431983,31886176.576041937,23902.24390243903,16.028326853386936,9436531.922408346,31885749.2202437,23414.46341463415,9436875.576784877,31886693.402883317,23414.46341463415,9437121.396455618,31886603.93184017,24390.024390243903,9436777.742079085,31885659.749200553,24390.024390243903
9437170.313808514,31887120.75868155,23902.24390243903,14.15189876464148,9436875.576784877,31886693.402883317,23414.46341463415,9437219.23116141,31887637.58552294,23414.46341463415,9437465.05083215,31887548.114479788,24390.024390243903,9437121.396455618,31886603.93184017,24390.024390243903
9437513.968185047,31888064.94132117,23902.24390243903,11.979857215161358,9437219.23116141,31887637.58552294,23414.46341463415,9437562.885537943,31888581.768162556,23414.46341463415,9437808.705208683,31888492.29711941,24390.024390243903,9437465.05083215,31887548.114479788,24390.024390243903
9437857.62256158,31889009.123960793,23902.24390243903,8.930550723883986,9437562.885537943,31888581.768162556,23414.46341463415,9437906.539914476,31889525.950802177,23414.46341463415,9438152.359585216,31889436.47975903,24390.024390243903,9437808.705208683,31888492.29711941,24390.024390243903
9438201.27693811,31889953.30660041,23902.24390243903,8.481615218880346,9437906.539914476,31889525.950802177,23414.46341463415,9438250.194291009,31890470.133441795,23414.46341463415,9438496.013961747,31890380.662398648,24390.024390243903,9438152.359585216,31889436.47975903,24390.024390243903
9438544.931314645,31890897.48924003,23902.24390243903,9.53129843215554,9438250.194291009,31890470.133441795,23414.46341463415,9438593.848667542,31891414.316081416,23414.46341463415,9438839.66833828,31891324.845038272,24390.024390243903,9438496.013961747,31890380.662398648,24390.024390243903
9438888.585691176,31891841.671879653,23902.24390243903,11.378253806650857,9438593.848667542,31891414.316081416,23414.46341463415,9438937.503044074,31892358.498721037,23414.46341463415,9439183.322714813,31892269.027677894,24390.024390243903,9438839.66833828,31891324.845038272,24390.024390243903
9439232.240067711,31892785.85451927,23902.24390243903,13.211821598007106,9438937.503044074,31892358.498721037,23414.46341463415,9439281.157420605,31893302.681360655,23414.46341463415,9439526.977091346,31893213.21031751,24390.024390243903,9439183.322714813,31892269.027677894,24390.024390243903
9439575.894444242,31893730.037158895,23902.24390243903,13.195347704020708,9439281.157420605,31893302.681360655,23414.46341463415,9439624.811797138,31894246.864000276,23414.46341463415,9439870.631467879,31894157.392957132,24390.024390243903,9439526.977091346,31893213.21031751,24390.024390243903
9439919.548820775,31894674.219798516,23902.24390243903,10.730997937906286,9439624.811797138,31894246.864000276,23414.46341463415,9439968.466173671,31895191.046639897,23414.46341463415,9440214.285844412,31895101.575596754,24390.024390243903,9439870.631467879,31894157.392957132,24390.024390243903
9440263.203197308,31895618.402438138,23902.24390243903,10.46694364857029,9439968.466173671,31895191.046639897,23414.46341463415,9440312.120550204,31896135.229279518,23414.46341463415,9440557.940220945,31896045.75823637,24390.024390243903,9440214.285844412,31895101.575596754,24390.024390243903
9440606.857573839,31896562.585077755,23902.24390243903,9.003803562753683,9440312.120550204,31896135.229279518,23414.46341463415,9440655.774926737,31897079.41191914,23414.46341463415,9440901.594597476,31896989.940875992,24390.024390243903,9440557.940220945,31896045.75823637,24390.024390243903
9440950.511950374,31897506.767717376,23902.24390243903,6.337053107985211,9440655.774926737,31897079.41191914,23414.46341463415,9440999.42930327,31898023.59455876,23414.46341463415,9441245.248974008,31897934.123515613,24390.024390243903,9440901.594597476,31896989.940875992,24390.024390243903
9441294.166326905,31898450.950356994,23902.24390243903,5.359115823596224,9440999.42930327,31898023.59455876,23414.46341463415,9441343.083679803,31898967.777198378,23414.46341463415,9441588.903350541,31898878.30615523,24390.024390243903,9441245.248974008,31897934.123515613,24390.024390243903
9441637.82070344,31899395.132996615,23902.24390243903,6.7623856401758475,9441343.083679803,31898967.777198378,23414.46341463415,9441686.738056334,31899911.959838,23414.46341463415,9441932.557727074,31899822.488794852,24390.024390243903,9441588.903350541,31898878.30615523,24390.024390243903
9441981.47507997,31900339.315636236,23902.24390243903,6.663914557402788,9441686.738056334,31899911.959838,23414.46341463415,9442030.392432867,31900856.14247762,23414.46341463415,9442276.212103607,31900766.671434473,24390.024390243903,9441932.557727074,31899822.488794852,24390.024390243903
9442325.129456503,31901283.498275854,23902.24390243903,7.118987037853824,9442030.392432867,31900856.14247762,23414.46341463415,9442374.0468094,31901800.325117238,23414.46341463415,9442619.86648014,31901710.85407409,24390.024390243903,9442276.212103607,31900766.671434473,24390.024390243903
9442668.783833036,31902227.680915475,23902.24390243903,9.033047620511084,9442374.0468094,31901800.325117238,23414.46341463415,9442717.701185932,31902744.50775686,23414.46341463415,9442963.520856673,31902655.036713712,24390.024390243903,9442619.86648014,31901710.85407409,24390.024390243903
9417140.52526383,31831324.511900824,24877.804878048784,1.117276554418428,9416845.788240194,31830897.156102587,24390.024390243903,9417189.442616727,31831841.338742208,24390.024390243903,9417435.262287464,31831751.86769906,25365.58536585366,9417091.607910933,31830807.68505944,25365.58536585366
9417484.179640364,31832268.69454044,24877.804878048784,1.2927469712898327,9417189.442616727,31831841.338742208,24390.024390243903,9417533.09699326,31832785.521381825,24390.024390243903,9417778.916663997,31832696.050338678,25365.58536585366,9417435.262287464,31831751.86769906,25365.58536585366
9417827.834016895,31833212.877180062,24877.804878048784,2.2339897034276577,9417533.09699326,31832785.521381825,24390.024390243903,9417876.751369793,31833729.704021446,24390.024390243903,9418122.57104053,31833640.232978303,25365.58536585366,9417778.916663997,31832696.050338678,25365.58536585366
9418171.48839343,31834157.059819683,24877.804878048784,2.6736690678894055,9417876.751369793,31833729.704021446,24390.024390243903,9418220.405746324,31834673.886661068,24390.024390243903,9418466.225417063,31834584.415617924,25365.58536585366,9418122.57104053,31833640.232978303,25365.58536585366
9418515.14276996,31835101.242459305,24877.804878048784,2.5813291474119437,9418220.405746324,31834673.886661068,24390.024390243903,9418564.060122857,31835618.069300685,24390.024390243903,9418809.879793596,31835528.59825754,25365.58536585366,9418466.225417063,31834584.415617924,25365.58536585366
9418858.797146494,31836045.425098926,24877.804878048784,2.4658092519179773,9418564.060122857,31835618.069300685,24390.024390243903,9418907.71449939,31836562.251940306,24390.024390243903,9419153.534170128,31836472.780897163,25365.58536585366,9418809.879793596,31835528.59825754,25365.58536585366
9419202.451523026,31836989.607738543,24877.804878048784,2.2770619552256637,9418907.71449939,31836562.251940306,24390.024390243903,9419251.368875923,31837506.434579927,24390.024390243903,9419497.188546661,31837416.96353678,25365.58536585366,9419153.534170128,31836472.780897163,25365.58536585366
9419546.105899557,31837933.790378164,24877.804878048784,2.8124574187537448,9419251.368875923,31837506.434579927,24390.024390243903,9419595.023252456,31838450.61721955,24390.024390243903,9419840.842923194,31838361.1461764,25365.58536585366,9419497.188546661,31837416.96353678,25365.58536585366
9419889.760276092,31838877.973017786,24877.804878048784,3.0297813640610647,9419595.023252456,31838450.61721955,24390.024390243903,9419938.677628988,31839394.79985917,24390.024390243903,9420184.497299725,31839305.328816023,25365.58536585366,9419840.842923194,31838361.1461764,25365.58536585366
9420233.414652623,31839822.155657403,24877.804878048784,3.7174957236585784,9419938.677628988,31839394.79985917,24390.024390243903,9420282.332005521,31840338.982498787,24390.024390243903,9420528.151676258,31840249.51145564,25365.58536585366,9420184.497299725,31839305.328816023,25365.58536585366
9420577.069029158,31840766.338297024,24877.804878048784,5.298983965193609,9420282.332005521,31840338.982498787,24390.024390243903,9420625.986382054,31841283.16513841,24390.024390243903,9420871.806052791,31841193.69409526,25365.58536585366,9420528.151676258,31840249.51145564,25365.58536585366
9420920.723405689,31841710.520936646,24877.804878048784,7.038294480073083,9420625.986382054,31841283.16513841,24390.024390243903,9420969.640758585,31842227.347778026,24390.024390243903,9421215.460429324,31842137.87673488,25365.58536585366,9420871.806052791,31841193.69409526,25365.58536585366
9421264.377782222,31842654.703576263,24877.804878048784,7.152850721257004,9420969.640758585,31842227.347778026,24390.024390243903,9421313.295135118,31843171.530417647,24390.024390243903,9421559.114805857,31843082.0593745,25365.58536585366,9421215.460429324,31842137.87673488,25365.58536585366
9421608.032158755,31843598.886215884,24877.804878048784,6.608977144635588,9421313.295135118,31843171.530417647,24390.024390243903,9421656.949511651,31844115.71305727,24390.024390243903,9421902.769182388,31844026.24201412,25365.58536585366,9421559.114805857,31843082.0593745,25365.58536585366
9421951.686535286,31844543.068855505,24877.804878048784,6.097665832108135,9421656.949511651,31844115.71305727,24390.024390243903,9422000.603888184,31845059.895696886,24390.024390243903,9422246.42355892,31844970.42465374,25365.58536585366,9421902.769182388,31844026.24201412,25365.58536585366
9422295.34091182,31845487.251495123,24877.804878048784,8.019443866255212,9422000.603888184,31845059.895696886,24390.024390243903,9422344.258264717,31846004.078336507,24390.024390243903,9422590.077935454,31845914.60729336,25365.58536585366,9422246.42355892,31844970.42465374,25365.58536585366
9422638.995288352,31846431.43413474,24877.804878048784,9.153278550773459,9422344.258264717,31846004.078336507,24390.024390243903,9422687.912641248,31846948.26097613,24390.024390243903,9422933.732311986,31846858.78993298,25365.58536585366,9422590.077935454,31845914.60729336,25365.58536585366
9422982.649664883,31847375.61677436,24877.804878048784,9.515299298006802,9422687.912641248,31846948.26097613,24390.024390243903,9423031.56701778,31847892.443615746,24390.024390243903,9423277.38668852,31847802.972572602,25365.58536585366,9422933.732311986,31846858.78993298,25365.58536585366
9423326.304041417,31848319.799413983,24877.804878048784,10.536283670229988,9423031.56701778,31847892.443615746,24390.024390243903,9423375.221394313,31848836.626255367,24390.024390243903,9423621.041065052,31848747.155212224,25365.58536585366,9423277.38668852,31847802.972572602,25365.58536585366
9423669.95841795,31849263.982053604,24877.804878048784,11.892058239635144,9423375.221394313,31848836.626255367,24390.024390243903,9423718.875770846,31849780.808894984,24390.024390243903,9423964.695441585,31849691.33785184,25365.58536585366,9423621.041065052,31848747.155212224,25365.58536585366
9424013.612794483,31850208.164693225,24877.804878048784,9.768424962458806,9423718.875770846,31849780.808894984,24390.024390243903,9424062.53014738,31850724.991534606,24390.024390243903,9424308.349818116,31850635.520491462,25365.58536585366,9423964.695441585,31849691.33785184,25365.58536585366
9424357.267171014,31851152.347332846,24877.804878048784,7.7553958706111255,9424062.53014738,31850724.991534606,24390.024390243903,9424406.184523912,31851669.17417423,24390.024390243903,9424652.004194649,31851579.703131083,25365.58536585366,9424308.349818116,31850635.520491462,25365.58536585366
9424700.921547549,31852096.529972464,24877.804878048784,7.0433370702003195,9424406.184523912,31851669.17417423,24390.024390243903,9424749.838900445,31852613.356813848,24390.024390243903,9424995.658571182,31852523.8857707,25365.58536585366,9424652.004194649,31851579.703131083,25365.58536585366
9425044.57592408,31853040.712612085,24877.804878048784,8.539892459349177,9424749.838900445,31852613.356813848,24390.024390243903,9425093.493276976,31853557.53945347,24390.024390243903,9425339.312947715,31853468.068410322,25365.58536585366,9424995.658571182,31852523.8857707,25365.58536585366
9425388.23030061,31853984.895251706,24877.804878048784,9.156728938187843,9425093.493276976,31853557.53945347,24390.024390243903,9425437.147653509,31854501.72209309,24390.024390243903,9425682.967324248,31854412.251049943,25365.58536585366,9425339.312947715,31853468.068410322,25365.58536585366
9425731.884677146,31854929.077891327,24877.804878048784,8.73211683549525,9425437.147653509,31854501.72209309,24390.024390243903,9425780.802030042,31855445.904732708,24390.024390243903,9426026.62170078,31855356.43368956,25365.58536585366,9425682.967324248,31854412.251049943,25365.58536585366
9426075.539053679,31855873.260530945,24877.804878048784,6.582067064571706,9425780.802030042,31855445.904732708,24390.024390243903,9426124.456406575,31856390.08737233,24390.024390243903,9426370.276077313,31856300.616329182,25365.58536585366,9426026.62170078,31855356.43368956,25365.58536585366
9426419.193430211,31856817.443170566,24877.804878048784,6.3017275286133385,9426124.456406575,31856390.08737233,24390.024390243903,9426468.110783108,31857334.27001195,24390.024390243903,9426713.930453844,31857244.798968803,25365.58536585366,9426370.276077313,31856300.616329182,25365.58536585366
9426762.847806742,31857761.625810184,24877.804878048784,6.095073603408429,9426468.110783108,31857334.27001195,24390.024390243903,9426811.76515964,31858278.452651568,24390.024390243903,9427057.584830377,31858188.98160842,25365.58536585366,9426713.930453844,31857244.798968803,25365.58536585366
9427106.502183277,31858705.808449805,24877.804878048784,5.4840353752172275,9426811.76515964,31858278.452651568,24390.024390243903,9427155.419536173,31859222.63529119,24390.024390243903,9427401.23920691,31859133.16424804,25365.58536585366,9427057.584830377,31858188.98160842,25365.58536585366
9427450.156559808,31859649.991089426,24877.804878048784,4.643453120041495,9427155.419536173,31859222.63529119,24390.024390243903,9427499.073912704,31860166.81793081,24390.024390243903,9427744.893583443,31860077.346887667,25365.58536585366,9427401.23920691,31859133.16424804,25365.58536585366
9427793.81093634,31860594.173729043,24877.804878048784,3.1888332062974203,9427499.073912704,31860166.81793081,24390.024390243903,9427842.728289237,31861111.000570428,24390.024390243903,9428088.547959976,31861021.529527284,25365.58536585366,9427744.893583443,31860077.346887667,25365.58536585366
9428137.465312874,31861538.356368665,24877.804878048784,1.9844581806461432,9427842.728289237,31861111.000570428,24390.024390243903,9428186.38266577,31862055.18321005,24390.024390243903,9428432.202336509,31861965.712166905,25365.58536585366,9428088.547959976,31861021.529527284,25365.58536585366
9428481.119689407,31862482.53900829,24877.804878048784,1.1320216300528303,9428186.38266577,31862055.18321005,24390.024390243903,9428530.037042303,31862999.36584967,24390.024390243903,9428775.856713042,31862909.894806523,25365.58536585366,9428432.202336509,31861965.712166905,25365.58536585366
9428824.77406594,31863426.721647907,24877.804878048784,1.1297097936327825,9428530.037042303,31862999.36584967,24390.024390243903,9428873.691418836,31863943.548489287,24390.024390243903,9429119.511089573,31863854.077446144,25365.58536585366,9428775.856713042,31862909.894806523,25365.58536585366
9429168.42844247,31864370.90428753,24877.804878048784,1.6127034542123089,9428873.691418836,31863943.548489287,24390.024390243903,9429217.345795367,31864887.73112891,24390.024390243903,9429463.165466106,31864798.26008576,25365.58536585366,9429119.511089573,31863854.077446144,25365.58536585366
9429512.082819004,31865315.086927146,24877.804878048784,1.683312381598622,9429217.345795367,31864887.73112891,24390.024390243903,9429561.0001719,31865831.91376853,24390.024390243903,9429806.819842638,31865742.442725383,25365.58536585366,9429463.165466106,31864798.26008576,25365.58536585366
9429855.737195536,31866259.269566767,24877.804878048784,1.3734317265522886,9429561.0001719,31865831.91376853,24390.024390243903,9429904.654548433,31866776.09640815,24390.024390243903,9430150.474219171,31866686.625365004,25365.58536585366,9429806.819842638,31865742.442725383,25365.58536585366
9430199.391572068,31867203.452206384,24877.804878048784,1.203018003420138,9429904.654548433,31866776.09640815,24390.024390243903,9430248.308924966,31867720.27904777,24390.024390243903,9430494.128595704,31867630.80800462,25365.58536585366,9430150.474219171,31866686.625365004,25365.58536585366
9430543.045948602,31868147.634846006,24877.804878048784,1.116392343500498,9430248.308924966,31867720.27904777,24390.024390243903,9430591.963301498,31868664.46168739,24390.024390243903,9430837.782972235,31868574.990644243,25365.58536585366,9430494.128595704,31867630.80800462,25365.58536585366
9430886.700325133,31869091.817485627,24877.804878048784,0.8261688303112797,9430591.963301498,31868664.46168739,24390.024390243903,9430935.617678031,31869608.64432701,24390.024390243903,9431181.437348768,31869519.173283864,25365.58536585366,9430837.782972235,31868574.990644243,25365.58536585366
9431230.354701668,31870036.000125244,24877.804878048784,0.9259383739872556,9430935.617678031,31869608.64432701,24390.024390243903,9431279.272054564,31870552.82696663,24390.024390243903,9431525.091725301,31870463.35592348,25365.58536585366,9431181.437348768,31869519.173283864,25365.58536585366
9431574.009078199,31870980.182764865,24877.804878048784,1.5887052713139647,9431279.272054564,31870552.82696663,24390.024390243903,9431622.926431095,31871497.00960625,24390.024390243903,9431868.746101834,31871407.538563102,25365.58536585366,9431525.091725301,31870463.35592348,25365.58536585366
9431917.663454732,31871924.365404487,24877.804878048784,2.1310956467394675,9431622.926431095,31871497.00960625,24390.024390243903,9431966.580807628,31872441.19224587,24390.024390243903,9432212.400478367,31872351.721202724,25365.58536585366,9431868.746101834,31871407.538563102,25365.58536585366
9432261.317831265,31872868.548044104,24877.804878048784,2.4498493341087566,9431966.580807628,31872441.19224587,24390.024390243903,9432310.235184161,31873385.37488549,24390.024390243903,9432556.0548549,31873295.903842345,25365.58536585366,9432212.400478367,31872351.721202724,25365.58536585366
9432604.972207796,31873812.730683725,24877.804878048784,3.007634455365577,9432310.235184161,31873385.37488549,24390.024390243903,9432653.889560694,31874329.55752511,24390.024390243903,9432899.709231433,31874240.086481966,25365.58536585366,9432556.0548549,31873295.903842345,25365.58536585366
9432948.62658433,31874756.913323347,24877.804878048784,3.351853946678522,9432653.889560694,31874329.55752511,24390.024390243903,9432997.543937227,31875273.740164727,24390.024390243903,9433243.363607965,31875184.269121584,25365.58536585366,9432899.709231433,31874240.086481966,25365.58536585366
9433292.280960862,31875701.095962968,24877.804878048784,4.42338207531284,9432997.543937227,31875273.740164727,24390.024390243903,9433341.19831376,31876217.92280435,24390.024390243903,9433587.017984496,31876128.451761205,25365.58536585366,9433243.363607965,31875184.269121584,25365.58536585366
9433635.935337396,31876645.27860259,24877.804878048784,6.030911776031,9433341.19831376,31876217.92280435,24390.024390243903,9433684.852690293,31877162.10544397,24390.024390243903,9433930.67236103,31877072.634400826,25365.58536585366,9433587.017984496,31876128.451761205,25365.58536585366
9433979.589713927,31877589.461242206,24877.804878048784,6.933886551295099,9433684.852690293,31877162.10544397,24390.024390243903,9434028.507066825,31878106.28808359,24390.024390243903,9434274.326737562,31878016.817040443,25365.58536585366,9433930.67236103,31877072.634400826,25365.58536585366
9434323.24409046,31878533.643881828,24877.804878048784,8.793182873722712,9434028.507066825,31878106.28808359,24390.024390243903,9434372.161443356,31879050.47072321,24390.024390243903,9434617.981114095,31878960.999680065,25365.58536585366,9434274.326737562,31878016.817040443,25365.58536585366
9434666.898466993,31879477.82652145,24877.804878048784,10.338822061321913,9434372.161443356,31879050.47072321,24390.024390243903,9434715.81581989,31879994.653362833,24390.024390243903,9434961.635490628,31879905.182319686,25365.58536585366,9434617.981114095,31878960.999680065,25365.58536585366
9435010.552843524,31880422.009161066,24877.804878048784,10.092102977087912,9434715.81581989,31879994.653362833,24390.024390243903,9435059.470196422,31880938.83600245,24390.024390243903,9435305.28986716,31880849.364959303,25365.58536585366,9434961.635490628,31879905.182319686,25365.58536585366
9435354.207220059,31881366.191800687,24877.804878048784,12.151034327194267,9435059.470196422,31880938.83600245,24390.024390243903,9435403.124572955,31881883.01864207,24390.024390243903,9435648.944243694,31881793.547598924,25365.58536585366,9435305.28986716,31880849.364959303,25365.58536585366
9435697.86159659,31882310.37444031,24877.804878048784,12.8393616655977,9435403.124572955,31881883.01864207,24390.024390243903,9435746.778949488,31882827.201281693,24390.024390243903,9435992.598620225,31882737.730238546,25365.58536585366,9435648.944243694,31881793.547598924,25365.58536585366
9436041.515973125,31883254.55707993,24877.804878048784,13.583833285022195,9435746.778949488,31882827.201281693,24390.024390243903,9436090.43332602,31883771.38392131,24390.024390243903,9436336.252996758,31883681.912878163,25365.58536585366,9435992.598620225,31882737.730238546,25365.58536585366
9436385.170349656,31884198.739719547,24877.804878048784,14.530199594129432,9436090.43332602,31883771.38392131,24390.024390243903,9436434.087702554,31884715.56656093,24390.024390243903,9436679.90737329,31884626.095517784,25365.58536585366,9436336.252996758,31883681.912878163,25365.58536585366
9436728.824726189,31885142.92235917,24877.804878048784,14.050852576485932,9436434.087702554,31884715.56656093,24390.024390243903,9436777.742079085,31885659.749200553,24390.024390243903,9437023.561749823,31885570.278157406,25365.58536585366,9436679.90737329,31884626.095517784,25365.58536585366
9437072.479102721,31886087.10499879,24877.804878048784,12.72738161206389,9436777.742079085,31885659.749200553,24390.024390243903,9437121.396455618,31886603.93184017,24390.024390243903,9437367.216126356,31886514.460797027,25365.58536585366,9437023.561749823,31885570.278157406,25365.58536585366
9437416.133479252,31887031.287638403,24877.804878048784,9.18941732119159,9437121.396455618,31886603.93184017,24390.024390243903,9437465.05083215,31887548.114479788,24390.024390243903,9437710.870502887,31887458.643436644,25365.58536585366,9437367.216126356,31886514.460797027,25365.58536585366
9437759.787855785,31887975.470278025,24877.804878048784,8.19159726995173,9437465.05083215,31887548.114479788,24390.024390243903,9437808.705208683,31888492.29711941,24390.024390243903,9438054.52487942,31888402.826076265,25365.58536585366,9437710.870502887,31887458.643436644,25365.58536585366
9438103.442232318,31888919.65291765,24877.804878048784,9.39786502507451,9437808.705208683,31888492.29711941,24390.024390243903,9438152.359585216,31889436.47975903,24390.024390243903,9438398.179255953,31889347.008715887,25365.58536585366,9438054.52487942,31888402.826076265,25365.58536585366
9438447.096608851,31889863.835557267,24877.804878048784,11.098113557480813,9438152.359585216,31889436.47975903,24390.024390243903,9438496.013961747,31890380.662398648,24390.024390243903,9438741.833632486,31890291.191355504,25365.58536585366,9438398.179255953,31889347.008715887,25365.58536585366
9438790.750985384,31890808.01819689,24877.804878048784,10.919445365141517,9438496.013961747,31890380.662398648,24390.024390243903,9438839.66833828,31891324.845038272,24390.024390243903,9439085.488009019,31891235.373995125,25365.58536585366,9438741.833632486,31890291.191355504,25365.58536585366
9439134.405361915,31891752.20083651,24877.804878048784,10.413376507387216,9438839.66833828,31891324.845038272,24390.024390243903,9439183.322714813,31892269.027677894,24390.024390243903,9439429.142385552,31892179.556634746,25365.58536585366,9439085.488009019,31891235.373995125,25365.58536585366
9439478.059738448,31892696.383476127,24877.804878048784,10.345832192808288,9439183.322714813,31892269.027677894,24390.024390243903,9439526.977091346,31893213.21031751,24390.024390243903,9439772.796762085,31893123.739274364,25365.58536585366,9439429.142385552,31892179.556634746,25365.58536585366
9439821.714114979,31893640.566115748,24877.804878048784,11.193569386348546,9439526.977091346,31893213.21031751,24390.024390243903,9439870.631467879,31894157.392957132,24390.024390243903,9440116.451138616,31894067.921913985,25365.58536585366,9439772.796762085,31893123.739274364,25365.58536585366
9440165.368491514,31894584.74875537,24877.804878048784,11.330387765484373,9439870.631467879,31894157.392957132,24390.024390243903,9440214.285844412,31895101.575596754,24390.024390243903,9440460.105515148,31895012.104553606,25365.58536585366,9440116.451138616,31894067.921913985,25365.58536585366
9440509.022868045,31895528.93139499,24877.804878048784,9.331741737698442,9440214.285844412,31895101.575596754,24390.024390243903,9440557.940220945,31896045.75823637,24390.024390243903,9440803.759891681,31895956.287193224,25365.58536585366,9440460.105515148,31895012.104553606,25365.58536585366
9440852.67724458,31896473.114034608,24877.804878048784,7.557517483492919,9440557.940220945,31896045.75823637,24390.024390243903,9440901.594597476,31896989.940875992,24390.024390243903,9441147.414268214,31896900.469832845,25365.58536585366,9440803.759891681,31895956.287193224,25365.58536585366
9441196.33162111,31897417.29667423,24877.804878048784,5.529363760295127,9440901.594597476,31896989.940875992,24390.024390243903,9441245.248974008,31897934.123515613,24390.024390243903,9441491.068644747,31897844.652472466,25365.58536585366,9441147.414268214,31896900.469832845,25365.58536585366
9441539.985997643,31898361.479313847,24877.804878048784,3.934130006168911,9441245.248974008,31897934.123515613,24390.024390243903,9441588.903350541,31898878.30615523,24390.024390243903,9441834.72302128,31898788.835112084,25365.58536585366,9441491.068644747,31897844.652472466,25365.58536585366
9441883.640374176,31899305.661953468,24877.804878048784,4.909974113150212,9441588.903350541,31898878.30615523,24390.024390243903,9441932.557727074,31899822.488794852,24390.024390243903,9442178.377397813,31899733.01775171,25365.58536585366,9441834.72302128,31898788.835112084,25365.58536585366
9442227.294750707,31900249.844593085,24877.804878048784,4.516917577735995,9441932.557727074,31899822.488794852,24390.024390243903,9442276.212103607,31900766.671434473,24390.024390243903,9442522.031774344,31900677.200391326,25365.58536585366,9442178.377397813,31899733.01775171,25365.58536585366
9442570.949127242,31901194.027232707,24877.804878048784,4.997097196731258,9442276.212103607,31900766.671434473,24390.024390243903,9442619.86648014,31901710.85407409,24390.024390243903,9442865.686150877,31901621.383030947,25365.58536585366,9442522.031774344,31900677.200391326,25365.58536585366
9442914.603503773,31902138.20987233,24877.804878048784,6.291374802564943,9442619.86648014,31901710.85407409,24390.024390243903,9442963.520856673,31902655.036713712,24390.024390243903,9443209.34052741,31902565.56567057,25365.58536585366,9442865.686150877,31901621.383030947,25365.58536585366
9417386.34493457,31831235.04085768,25853.36585365854,0.7066732819531968,9417091.607910933,31830807.68505944,25365.58536585366,9417435.262287464,31831751.86769906,25365.58536585366,9417681.081958208,31831662.396655913,26341.146341463416,9417337.427581675,31830718.214016296,26341.146341463416
9417729.999311103,31832179.223497298,25853.36585365854,0.8200124577832254,9417435.262287464,31831751.86769906,25365.58536585366,9417778.916663997,31832696.050338678,25365.58536585366,9418024.736334741,31832606.579295535,26341.146341463416,9417681.081958208,31831662.396655913,26341.146341463416
9418073.653687635,31833123.40613692,25853.36585365854,1.8607571754963832,9417778.916663997,31832696.050338678,25365.58536585366,9418122.57104053,31833640.232978303,25365.58536585366,9418368.390711274,31833550.761935152,26341.146341463416,9418024.736334741,31832606.579295535,26341.146341463416
9418417.308064168,31834067.58877654,25853.36585365854,2.624337950657128,9418122.57104053,31833640.232978303,25365.58536585366,9418466.225417063,31834584.415617924,25365.58536585366,9418712.045087807,31834494.944574773,26341.146341463416,9418368.390711274,31833550.761935152,26341.146341463416
9418760.962440701,31835011.77141616,25853.36585365854,3.104379881687147,9418466.225417063,31834584.415617924,25365.58536585366,9418809.879793596,31835528.59825754,25365.58536585366,9419055.699464338,31835439.127214395,26341.146341463416,9418712.045087807,31834494.944574773,26341.146341463416
9419104.616817232,31835955.954055775,25853.36585365854,3.9265840347532173,9418809.879793596,31835528.59825754,25365.58536585366,9419153.534170128,31836472.780897163,25365.58536585366,9419399.35384087,31836383.309854012,26341.146341463416,9419055.699464338,31835439.127214395,26341.146341463416
9419448.271193765,31836900.136695396,25853.36585365854,4.187340710966258,9419153.534170128,31836472.780897163,25365.58536585366,9419497.188546661,31837416.96353678,25365.58536585366,9419743.008217404,31837327.492493633,26341.146341463416,9419399.35384087,31836383.309854012,26341.146341463416
9419791.9255703,31837844.319335017,25853.36585365854,4.230148899438354,9419497.188546661,31837416.96353678,25365.58536585366,9419840.842923194,31838361.1461764,25365.58536585366,9420086.662593937,31838271.675133254,26341.146341463416,9419743.008217404,31837327.492493633,26341.146341463416
9420135.57994683,31838788.501974635,25853.36585365854,4.630504803546543,9419840.842923194,31838361.1461764,25365.58536585366,9420184.497299725,31839305.328816023,25365.58536585366,9420430.31697047,31839215.85777287,26341.146341463416,9420086.662593937,31838271.675133254,26341.146341463416
9420479.234323364,31839732.684614256,25853.36585365854,4.553820813164895,9420184.497299725,31839305.328816023,25365.58536585366,9420528.151676258,31840249.51145564,25365.58536585366,9420773.971347002,31840160.040412493,26341.146341463416,9420430.31697047,31839215.85777287,26341.146341463416
9420822.888699897,31840676.867253877,25853.36585365854,5.373748166963016,9420528.151676258,31840249.51145564,25365.58536585366,9420871.806052791,31841193.69409526,25365.58536585366,9421117.625723535,31841104.223052118,26341.146341463416,9420773.971347002,31840160.040412493,26341.146341463416
9421166.54307643,31841621.0498935,25853.36585365854,6.246064294092618,9420871.806052791,31841193.69409526,25365.58536585366,9421215.460429324,31842137.87673488,25365.58536585366,9421461.280100066,31842048.405691735,26341.146341463416,9421117.625723535,31841104.223052118,26341.146341463416
9421510.19745296,31842565.232533116,25853.36585365854,7.642763278055342,9421215.460429324,31842137.87673488,25365.58536585366,9421559.114805857,31843082.0593745,25365.58536585366,9421804.9344766,31842992.588331353,26341.146341463416,9421461.280100066,31842048.405691735,26341.146341463416
9421853.851829493,31843509.41517274,25853.36585365854,8.099996876901498,9421559.114805857,31843082.0593745,25365.58536585366,9421902.769182388,31844026.24201412,25365.58536585366,9422148.588853132,31843936.770970974,26341.146341463416,9421804.9344766,31842992.588331353,26341.146341463416
9422197.506206026,31844453.597812362,25853.36585365854,7.5988111487957655,9421902.769182388,31844026.24201412,25365.58536585366,9422246.42355892,31844970.42465374,25365.58536585366,9422492.243229665,31844880.953610595,26341.146341463416,9422148.588853132,31843936.770970974,26341.146341463416
9422541.16058256,31845397.780451976,25853.36585365854,8.711941982490908,9422246.42355892,31844970.42465374,25365.58536585366,9422590.077935454,31845914.60729336,25365.58536585366,9422835.897606198,31845825.136250213,26341.146341463416,9422492.243229665,31844880.953610595,26341.146341463416
9422884.814959092,31846341.963091597,25853.36585365854,8.23702681068939,9422590.077935454,31845914.60729336,25365.58536585366,9422933.732311986,31846858.78993298,25365.58536585366,9423179.551982729,31846769.318889834,26341.146341463416,9422835.897606198,31845825.136250213,26341.146341463416
9423228.469335625,31847286.14573122,25853.36585365854,8.150516164006888,9422933.732311986,31846858.78993298,25365.58536585366,9423277.38668852,31847802.972572602,25365.58536585366,9423523.206359262,31847713.501529455,26341.146341463416,9423179.551982729,31846769.318889834,26341.146341463416
9423572.123712156,31848230.32837084,25853.36585365854,8.7037054354391,9423277.38668852,31847802.972572602,25365.58536585366,9423621.041065052,31848747.155212224,25365.58536585366,9423866.860735795,31848657.684169073,26341.146341463416,9423523.206359262,31847713.501529455,26341.146341463416
9423915.778088689,31849174.511010457,25853.36585365854,9.611586816765051,9423621.041065052,31848747.155212224,25365.58536585366,9423964.695441585,31849691.33785184,25365.58536585366,9424210.515112327,31849601.866808694,26341.146341463416,9423866.860735795,31848657.684169073,26341.146341463416
9424259.432465222,31850118.693650078,25853.36585365854,8.622546715486166,9423964.695441585,31849691.33785184,25365.58536585366,9424308.349818116,31850635.520491462,25365.58536585366,9424554.16948886,31850546.049448315,26341.146341463416,9424210.515112327,31849601.866808694,26341.146341463416
9424603.086841755,31851062.8762897,25853.36585365854,8.577634228245229,9424308.349818116,31850635.520491462,25365.58536585366,9424652.004194649,31851579.703131083,25365.58536585366,9424897.823865393,31851490.232087933,26341.146341463416,9424554.16948886,31850546.049448315,26341.146341463416
9424946.741218287,31852007.058929317,25853.36585365854,8.109856084445681,9424652.004194649,31851579.703131083,25365.58536585366,9424995.658571182,31852523.8857707,25365.58536585366,9425241.478241926,31852434.414727554,26341.146341463416,9424897.823865393,31851490.232087933,26341.146341463416
9425290.39559482,31852951.241568938,25853.36585365854,8.168809854778235,9424995.658571182,31852523.8857707,25365.58536585366,9425339.312947715,31853468.068410322,25365.58536585366,9425585.132618457,31853378.597367175,26341.146341463416,9425241.478241926,31852434.414727554,26341.146341463416
9425634.049971353,31853895.42420856,25853.36585365854,8.412785628236614,9425339.312947715,31853468.068410322,25365.58536585366,9425682.967324248,31854412.251049943,25365.58536585366,9425928.78699499,31854322.780006796,26341.146341463416,9425585.132618457,31853378.597367175,26341.146341463416
9425977.704347884,31854839.60684818,25853.36585365854,7.68450273751341,9425682.967324248,31854412.251049943,25365.58536585366,9426026.62170078,31855356.43368956,25365.58536585366,9426272.441371523,31855266.962646417,26341.146341463416,9425928.78699499,31854322.780006796,26341.146341463416
9426321.358724417,31855783.789487798,25853.36585365854,6.43777237030489,9426026.62170078,31855356.43368956,25365.58536585366,9426370.276077313,31856300.616329182,25365.58536585366,9426616.095748056,31856211.14528604,26341.146341463416,9426272.441371523,31855266.962646417,26341.146341463416
9426665.01310095,31856727.97212742,25853.36585365854,5.171616700980484,9426370.276077313,31856300.616329182,25365.58536585366,9426713.930453844,31857244.798968803,25365.58536585366,9426959.750124589,31857155.327925656,26341.146341463416,9426616.095748056,31856211.14528604,26341.146341463416
9427008.667477483,31857672.15476704,25853.36585365854,4.397135816262758,9426713.930453844,31857244.798968803,25365.58536585366,9427057.584830377,31858188.98160842,25365.58536585366,9427303.404501121,31858099.510565277,26341.146341463416,9426959.750124589,31857155.327925656,26341.146341463416
9427352.321854016,31858616.337406658,25853.36585365854,3.152458138253458,9427057.584830377,31858188.98160842,25365.58536585366,9427401.23920691,31859133.16424804,25365.58536585366,9427647.058877654,31859043.693204895,26341.146341463416,9427303.404501121,31858099.510565277,26341.146341463416
9427695.976230549,31859560.52004628,25853.36585365854,3.1889204068997747,9427401.23920691,31859133.16424804,25365.58536585366,9427744.893583443,31860077.346887667,25365.58536585366,9427990.713254187,31859987.875844516,26341.146341463416,9427647.058877654,31859043.693204895,26341.146341463416
9428039.630607082,31860504.7026859,25853.36585365854,3.069889128658526,9427744.893583443,31860077.346887667,25365.58536585366,9428088.547959976,31861021.529527284,25365.58536585366,9428334.367630718,31860932.058484137,26341.146341463416,9427990.713254187,31859987.875844516,26341.146341463416
9428383.284983613,31861448.88532552,25853.36585365854,2.717601467680163,9428088.547959976,31861021.529527284,25365.58536585366,9428432.202336509,31861965.712166905,25365.58536585366,9428678.022007251,31861876.241123755,26341.146341463416,9428334.367630718,31860932.058484137,26341.146341463416
9428726.939360145,31862393.06796514,25853.36585365854,2.3714700376033715,9428432.202336509,31861965.712166905,25365.58536585366,9428775.856713042,31862909.894806523,25365.58536585366,9429021.676383784,31862820.423763376,26341.146341463416,9428678.022007251,31861876.241123755,26341.146341463416
9429070.593736678,31863337.25060476,25853.36585365854,1.9675400268312702,9428775.856713042,31862909.894806523,25365.58536585366,9429119.511089573,31863854.077446144,25365.58536585366,9429365.330760317,31863764.606402993,26341.146341463416,9429021.676383784,31862820.423763376,26341.146341463416
9429414.248113211,31864281.43324438,25853.36585365854,1.5537207731678044,9429119.511089573,31863854.077446144,25365.58536585366,9429463.165466106,31864798.26008576,25365.58536585366,9429708.985136848,31864708.789042614,26341.146341463416,9429365.330760317,31863764.606402993,26341.146341463416
9429757.902489742,31865225.615884,25853.36585365854,1.686782654237807,9429463.165466106,31864798.26008576,25365.58536585366,9429806.819842638,31865742.442725383,25365.58536585366,9430052.63951338,31865652.971682236,26341.146341463416,9429708.985136848,31864708.789042614,26341.146341463416
9430101.556866275,31866169.798523616,25853.36585365854,1.9225125150087665,9429806.819842638,31865742.442725383,25365.58536585366,9430150.474219171,31866686.625365004,25365.58536585366,9430396.293889914,31866597.154321853,26341.146341463416,9430052.63951338,31865652.971682236,26341.146341463416
9430445.21124281,31867113.981163237,25853.36585365854,1.234649332619175,9430150.474219171,31866686.625365004,25365.58536585366,9430494.128595704,31867630.80800462,25365.58536585366,9430739.948266447,31867541.336961478,26341.146341463416,9430396.293889914,31866597.154321853,26341.146341463416
9430788.86561934,31868058.16380286,25853.36585365854,1.3369854272880868,9430494.128595704,31867630.80800462,25365.58536585366,9430837.782972235,31868574.990644243,25365.58536585366,9431083.60264298,31868485.5196011,26341.146341463416,9430739.948266447,31867541.336961478,26341.146341463416
9431132.519995874,31869002.34644248,25853.36585365854,1.1272839556985974,9430837.782972235,31868574.990644243,25365.58536585366,9431181.437348768,31869519.173283864,25365.58536585366,9431427.257019512,31869429.702240717,26341.146341463416,9431083.60264298,31868485.5196011,26341.146341463416
9431476.174372407,31869946.5290821,25853.36585365854,1.155230341796653,9431181.437348768,31869519.173283864,25365.58536585366,9431525.091725301,31870463.35592348,25365.58536585366,9431770.911396045,31870373.884880338,26341.146341463416,9431427.257019512,31869429.702240717,26341.146341463416
9431819.82874894,31870890.711721722,25853.36585365854,1.9570434505389225,9431525.091725301,31870463.35592348,25365.58536585366,9431868.746101834,31871407.538563102,25365.58536585366,9432114.565772578,31871318.067519955,26341.146341463416,9431770.911396045,31870373.884880338,26341.146341463416
9432163.483125472,31871834.89436134,25853.36585365854,2.33523206482028,9431868.746101834,31871407.538563102,25365.58536585366,9432212.400478367,31872351.721202724,25365.58536585366,9432458.22014911,31872262.250159577,26341.146341463416,9432114.565772578,31871318.067519955,26341.146341463416
9432507.137502003,31872779.07700096,25853.36585365854,2.385904689457118,9432212.400478367,31872351.721202724,25365.58536585366,9432556.0548549,31873295.903842345,25365.58536585366,9432801.874525642,31873206.432799198,26341.146341463416,9432458.22014911,31872262.250159577,26341.146341463416
9432850.791878538,31873723.259640582,25853.36585365854,2.753954246900578,9432556.0548549,31873295.903842345,25365.58536585366,9432899.709231433,31874240.086481966,25365.58536585366,9433145.528902175,31874150.615438815,26341.146341463416,9432801.874525642,31873206.432799198,26341.146341463416
9433194.44625507,31874667.442280203,25853.36585365854,3.0015253611558856,9432899.709231433,31874240.086481966,25365.58536585366,9433243.363607965,31875184.269121584,25365.58536585366,9433489.183278708,31875094.798078436,26341.146341463416,9433145.528902175,31874150.615438815,26341.146341463416
9433538.100631602,31875611.62491982,25853.36585365854,3.7704162033911386,9433243.363607965,31875184.269121584,25365.58536585366,9433587.017984496,31876128.451761205,25365.58536585366,9433832.83765524,31876038.980718058,26341.146341463416,9433489.183278708,31875094.798078436,26341.146341463416
9433881.755008135,31876555.807559438,25853.36585365854,5.462396484197317,9433587.017984496,31876128.451761205,25365.58536585366,9433930.67236103,31877072.634400826,25365.58536585366,9434176.492031774,31876983.163357675,26341.146341463416,9433832.83765524,31876038.980718058,26341.146341463416
9434225.409384668,31877499.99019906,25853.36585365854,7.268990387832934,9433930.67236103,31877072.634400826,25365.58536585366,9434274.326737562,31878016.817040443,25365.58536585366,9434520.146408306,31877927.345997296,26341.146341463416,9434176.492031774,31876983.163357675,26341.146341463416
9434569.0637612,31878444.17283868,25853.36585365854,9.039823341283403,9434274.326737562,31878016.817040443,25365.58536585366,9434617.981114095,31878960.999680065,25365.58536585366,9434863.800784837,31878871.528636917,26341.146341463416,9434520.146408306,31877927.345997296,26341.146341463416
9434912.718137732,31879388.355478298,25853.36585365854,10.114903183455198,9434617.981114095,31878960.999680065,25365.58536585366,9434961.635490628,31879905.182319686,25365.58536585366,9435207.45516137,31879815.711276535,26341.146341463416,9434863.800784837,31878871.528636917,26341.146341463416
9435256.372514267,31880332.53811792,25853.36585365854,10.688105599434111,9434961.635490628,31879905.182319686,25365.58536585366,9435305.28986716,31880849.364959303,25365.58536585366,9435551.109537903,31880759.89391616,26341.146341463416,9435207.45516137,31879815.711276535,26341.146341463416
9435600.026890798,31881276.72075754,25853.36585365854,9.441409672727692,9435305.28986716,31880849.364959303,25365.58536585366,9435648.944243694,31881793.547598924,25365.58536585366,9435894.763914436,31881704.07655578,26341.146341463416,9435551.109537903,31880759.89391616,26341.146341463416
9435943.68126733,31882220.90339716,25853.36585365854,9.132986627059392,9435648.944243694,31881793.547598924,25365.58536585366,9435992.598620225,31882737.730238546,25365.58536585366,9436238.418290969,31882648.2591954,26341.146341463416,9435894.763914436,31881704.07655578,26341.146341463416
9436287.335643863,31883165.08603678,25853.36585365854,10.230499944025848,9435992.598620225,31882737.730238546,25365.58536585366,9436336.252996758,31883681.912878163,25365.58536585366,9436582.072667502,31883592.44183502,26341.146341463416,9436238.418290969,31882648.2591954,26341.146341463416
9436630.990020396,31884109.268676404,25853.36585365854,11.174928227461328,9436336.252996758,31883681.912878163,25365.58536585366,9436679.90737329,31884626.095517784,25365.58536585366,9436925.727044035,31884536.62447464,26341.146341463416,9436582.072667502,31883592.44183502,26341.146341463416
9436974.64439693,31885053.451316025,25853.36585365854,9.706440823685286,9436679.90737329,31884626.095517784,25365.58536585366,9437023.561749823,31885570.278157406,25365.58536585366,9437269.381420566,31885480.80711426,26341.146341463416,9436925.727044035,31884536.62447464,26341.146341463416
9437318.29877346,31885997.633955646,25853.36585365854,9.249859629623902,9437023.561749823,31885570.278157406,25365.58536585366,9437367.216126356,31886514.460797027,25365.58536585366,9437613.035797099,31886424.989753876,26341.146341463416,9437269.381420566,31885480.80711426,26341.146341463416
9437661.953149993,31886941.81659526,25853.36585365854,7.776362924195851,9437367.216126356,31886514.460797027,25365.58536585366,9437710.870502887,31887458.643436644,25365.58536585366,9437956.690173632,31887369.172393497,26341.146341463416,9437613.035797099,31886424.989753876,26341.146341463416
9438005.607526526,31887885.99923488,25853.36585365854,8.077123800937072,9437710.870502887,31887458.643436644,25365.58536585366,9438054.52487942,31888402.826076265,25365.58536585366,9438300.344550164,31888313.35503312,26341.146341463416,9437956.690173632,31887369.172393497,26341.146341463416
9438349.261903059,31888830.181874502,25853.36585365854,7.932852931921113,9438054.52487942,31888402.826076265,25365.58536585366,9438398.179255953,31889347.008715887,25365.58536585366,9438643.998926697,31889257.537672736,26341.146341463416,9438300.344550164,31888313.35503312,26341.146341463416
9438692.916279592,31889774.36451412,25853.36585365854,8.07264418873111,9438398.179255953,31889347.008715887,25365.58536585366,9438741.833632486,31890291.191355504,25365.58536585366,9438987.653303228,31890201.720312357,26341.146341463416,9438643.998926697,31889257.537672736,26341.146341463416
9439036.570656123,31890718.54715374,25853.36585365854,9.448993397369247,9438741.833632486,31890291.191355504,25365.58536585366,9439085.488009019,31891235.373995125,25365.58536585366,9439331.307679761,31891145.90295198,26341.146341463416,9438987.653303228,31890201.720312357,26341.146341463416
9439380.225032656,31891662.729793362,25853.36585365854,9.547070144374658,9439085.488009019,31891235.373995125,25365.58536585366,9439429.142385552,31892179.556634746,25365.58536585366,9439674.962056294,31892090.085591596,26341.146341463416,9439331.307679761,31891145.90295198,26341.146341463416
9439723.879409188,31892606.91243298,25853.36585365854,10.498571970584615,9439429.142385552,31892179.556634746,25365.58536585366,9439772.796762085,31893123.739274364,25365.58536585366,9440018.616432827,31893034.268231217,26341.146341463416,9439674.962056294,31892090.085591596,26341.146341463416
9440067.533785721,31893551.0950726,25853.36585365854,10.23052793301544,9439772.796762085,31893123.739274364,25365.58536585366,9440116.451138616,31894067.921913985,25365.58536585366,9440362.27080936,31893978.45087084,26341.146341463416,9440018.616432827,31893034.268231217,26341.146341463416
9440411.188162254,31894495.277712222,25853.36585365854,9.11453618046636,9440116.451138616,31894067.921913985,25365.58536585366,9440460.105515148,31895012.104553606,25365.58536585366,9440705.925185893,31894922.63351046,26341.146341463416,9440362.27080936,31893978.45087084,26341.146341463416
9440754.842538787,31895439.460351843,25853.36585365854,6.715386866012758,9440460.105515148,31895012.104553606,25365.58536585366,9440803.759891681,31895956.287193224,25365.58536585366,9441049.579562426,31895866.81615008,26341.146341463416,9440705.925185893,31894922.63351046,26341.146341463416
9441098.49691532,31896383.64299146,25853.36585365854,6.800918474227249,9440803.759891681,31895956.287193224,25365.58536585366,9441147.414268214,31896900.469832845,25365.58536585366,9441393.233938957,31896810.998789698,26341.146341463416,9441049.579562426,31895866.81615008,26341.146341463416
9441442.151291851,31897327.825631082,25853.36585365854,5.477414652289247,9441147.414268214,31896900.469832845,25365.58536585366,9441491.068644747,31897844.652472466,25365.58536585366,9441736.88831549,31897755.18142932,26341.146341463416,9441393.233938957,31896810.998789698,26341.146341463416
9441785.805668384,31898272.008270703,25853.36585365854,3.8449540595010756,9441491.068644747,31897844.652472466,25365.58536585366,9441834.72302128,31898788.835112084,25365.58536585366,9442080.542692022,31898699.36406894,26341.146341463416,9441736.88831549,31897755.18142932,26341.146341463416
9442129.460044917,31899216.19091032,25853.36585365854,3.6452482307968475,9441834.72302128,31898788.835112084,25365.58536585366,9442178.377397813,31899733.01775171,25365.58536585366,9442424.197068553,31899643.546708558,26341.146341463416,9442080.542692022,31898699.36406894,26341.146341463416
9442473.11442145,31900160.373549942,25853.36585365854,3.951342022357847,9442178.377397813,31899733.01775171,25365.58536585366,9442522.031774344,31900677.200391326,25365.58536585366,9442767.851445086,31900587.72934818,26341.146341463416,9442424.197068553,31899643.546708558,26341.146341463416
9442816.768797982,31901104.556189563,25853.36585365854,4.481086540545207,9442522.031774344,31900677.200391326,25365.58536585366,9442865.686150877,31901621.383030947,25365.58536585366,9443111.50582162,31901531.9119878,26341.146341463416,9442767.851445086,31900587.72934818,26341.146341463416
9443160.423174515,31902048.738829184,25853.36585365854,4.512816343589699,9442865.686150877,31901621.383030947,25365.58536585366,9443209.34052741,31902565.56567057,25365.58536585366,9443455.160198152,31902476.094627418,26341.146341463416,9443111.50582162,31901531.9119878,26341.146341463416
9417632.164605312,31831145.56981453,26828.926829268297,0.4558426410602084,9417337.427581675,31830718.214016296,26341.146341463416,9417681.081958208,31831662.396655913,26341.146341463416,9417926.901628947,31831572.925612766,27316.707317073175,9417583.247252414,31830628.742973145,27316.707317073175
9417975.818981843,31832089.75245415,26828.926829268297,0.9860149434989134,9417681.081958208,31831662.396655913,26341.146341463416,9418024.736334741,31832606.579295535,26341.146341463416,9418270.556005478,31832517.108252387,27316.707317073175,9417926.901628947,31831572.925612766,27316.707317073175
9418319.473358376,31833033.93509377,26828.926829268297,1.5644542168077784,9418024.736334741,31832606.579295535,26341.146341463416,9418368.390711274,31833550.761935152,26341.146341463416,9418614.21038201,31833461.290892005,27316.707317073175,9418270.556005478,31832517.108252387,27316.707317073175
9418663.127734907,31833978.11773339,26828.926829268297,1.7240052076199812,9418368.390711274,31833550.761935152,26341.146341463416,9418712.045087807,31834494.944574773,26341.146341463416,9418957.864758544,31834405.473531626,27316.707317073175,9418614.21038201,31833461.290892005,27316.707317073175
9419006.78211144,31834922.30037301,26828.926829268297,3.289061706731328,9418712.045087807,31834494.944574773,26341.146341463416,9419055.699464338,31835439.127214395,26341.146341463416,9419301.519135077,31835349.656171247,27316.707317073175,9418957.864758544,31834405.473531626,27316.707317073175
9419350.436487973,31835866.483012628,26828.926829268297,4.5753964380745495,9419055.699464338,31835439.127214395,26341.146341463416,9419399.35384087,31836383.309854012,26341.146341463416,9419645.17351161,31836293.83881087,27316.707317073175,9419301.519135077,31835349.656171247,27316.707317073175
9419694.090864506,31836810.66565225,26828.926829268297,3.8290519364950866,9419399.35384087,31836383.309854012,26341.146341463416,9419743.008217404,31837327.492493633,26341.146341463416,9419988.827888142,31837238.02145049,27316.707317073175,9419645.17351161,31836293.83881087,27316.707317073175
9420037.745241039,31837754.84829187,26828.926829268297,3.4244688596474178,9419743.008217404,31837327.492493633,26341.146341463416,9420086.662593937,31838271.675133254,26341.146341463416,9420332.482264675,31838182.20409011,27316.707317073175,9419988.827888142,31837238.02145049,27316.707317073175
9420381.39961757,31838699.03093149,26828.926829268297,4.0708231872689,9420086.662593937,31838271.675133254,26341.146341463416,9420430.31697047,31839215.85777287,26341.146341463416,9420676.136641206,31839126.38672973,27316.707317073175,9420332.482264675,31838182.20409011,27316.707317073175
9420725.053994104,31839643.213571113,26828.926829268297,5.270016294445194,9420430.31697047,31839215.85777287,26341.146341463416,9420773.971347002,31840160.040412493,26341.146341463416,9421019.79101774,31840070.56936935,27316.707317073175,9420676.136641206,31839126.38672973,27316.707317073175
9421068.708370635,31840587.396210734,26828.926829268297,6.144616064000178,9420773.971347002,31840160.040412493,26341.146341463416,9421117.625723535,31841104.223052118,26341.146341463416,9421363.445394272,31841014.75200897,27316.707317073175,9421019.79101774,31840070.56936935,27316.707317073175
9421412.362747168,31841531.578850355,26828.926829268297,6.458391674242059,9421117.625723535,31841104.223052118,26341.146341463416,9421461.280100066,31842048.405691735,26341.146341463416,9421707.099770805,31841958.93464859,27316.707317073175,9421363.445394272,31841014.75200897,27316.707317073175
9421756.017123701,31842475.761489972,26828.926829268297,6.916575253756376,9421461.280100066,31842048.405691735,26341.146341463416,9421804.9344766,31842992.588331353,26341.146341463416,9422050.754147338,31842903.117288206,27316.707317073175,9421707.099770805,31841958.93464859,27316.707317073175
9422099.671500232,31843419.94412959,26828.926829268297,7.109710931810421,9421804.9344766,31842992.588331353,26341.146341463416,9422148.588853132,31843936.770970974,26341.146341463416,9422394.408523869,31843847.299927827,27316.707317073175,9422050.754147338,31842903.117288206,27316.707317073175
9422443.325876767,31844364.12676921,26828.926829268297,6.981451664332742,9422148.588853132,31843936.770970974,26341.146341463416,9422492.243229665,31844880.953610595,26341.146341463416,9422738.062900402,31844791.48256745,27316.707317073175,9422394.408523869,31843847.299927827,27316.707317073175
9422786.980253298,31845308.30940883,26828.926829268297,6.828172336863176,9422492.243229665,31844880.953610595,26341.146341463416,9422835.897606198,31845825.136250213,26341.146341463416,9423081.717276935,31845735.665207066,27316.707317073175,9422738.062900402,31844791.48256745,27316.707317073175
9423130.634629833,31846252.49204845,26828.926829268297,7.137043714830344,9422835.897606198,31845825.136250213,26341.146341463416,9423179.551982729,31846769.318889834,26341.146341463416,9423425.371653467,31846679.847846687,27316.707317073175,9423081.717276935,31845735.665207066,27316.707317073175
9423474.289006364,31847196.67468807,26828.926829268297,7.326733937356739,9423179.551982729,31846769.318889834,26341.146341463416,9423523.206359262,31847713.501529455,26341.146341463416,9423769.02603,31847624.030486308,27316.707317073175,9423425.371653467,31846679.847846687,27316.707317073175
9423817.943382896,31848140.85732769,26828.926829268297,6.231147281368459,9423523.206359262,31847713.501529455,26341.146341463416,9423866.860735795,31848657.684169073,26341.146341463416,9424112.680406533,31848568.213125926,27316.707317073175,9423769.02603,31847624.030486308,27316.707317073175
9424161.59775943,31849085.03996731,26828.926829268297,7.198000516632148,9423866.860735795,31848657.684169073,26341.146341463416,9424210.515112327,31849601.866808694,26341.146341463416,9424456.334783066,31849512.39576555,27316.707317073175,9424112.680406533,31848568.213125926,27316.707317073175
9424505.25213596,31850029.22260693,26828.926829268297,8.509638895716485,9424210.515112327,31849601.866808694,26341.146341463416,9424554.16948886,31850546.049448315,26341.146341463416,9424799.989159597,31850456.57840517,27316.707317073175,9424456.334783066,31849512.39576555,27316.707317073175
9424848.906512495,31850973.40524655,26828.926829268297,6.749106739249063,9424554.16948886,31850546.049448315,26341.146341463416,9424897.823865393,31851490.232087933,26341.146341463416,9425143.64353613,31851400.76104479,27316.707317073175,9424799.989159597,31850456.57840517,27316.707317073175
9425192.560889026,31851917.587886173,26828.926829268297,6.682264728917661,9424897.823865393,31851490.232087933,26341.146341463416,9425241.478241926,31852434.414727554,26341.146341463416,9425487.297912663,31852344.94368441,27316.707317073175,9425143.64353613,31851400.76104479,27316.707317073175
9425536.21526556,31852861.770525794,26828.926829268297,8.235435009731273,9425241.478241926,31852434.414727554,26341.146341463416,9425585.132618457,31853378.597367175,26341.146341463416,9425830.952289196,31853289.12632403,27316.707317073175,9425487.297912663,31852344.94368441,27316.707317073175
9425879.869642092,31853805.953165416,26828.926829268297,6.390594729143292,9425585.132618457,31853378.597367175,26341.146341463416,9425928.78699499,31854322.780006796,26341.146341463416,9426174.606665729,31854233.30896365,27316.707317073175,9425830.952289196,31853289.12632403,27316.707317073175
9426223.524018625,31854750.135805033,26828.926829268297,4.6519624638063926,9425928.78699499,31854322.780006796,26341.146341463416,9426272.441371523,31855266.962646417,26341.146341463416,9426518.261042261,31855177.49160327,27316.707317073175,9426174.606665729,31854233.30896365,27316.707317073175
9426567.178395158,31855694.31844465,26828.926829268297,4.4360474543097554,9426272.441371523,31855266.962646417,26341.146341463416,9426616.095748056,31856211.14528604,26341.146341463416,9426861.915418794,31856121.674242888,27316.707317073175,9426518.261042261,31855177.49160327,27316.707317073175
9426910.832771689,31856638.50108427,26828.926829268297,4.369338046198796,9426616.095748056,31856211.14528604,26341.146341463416,9426959.750124589,31857155.327925656,26341.146341463416,9427205.569795325,31857065.85688251,27316.707317073175,9426861.915418794,31856121.674242888,27316.707317073175
9427254.487148223,31857582.683723893,26828.926829268297,3.095455319591056,9426959.750124589,31857155.327925656,26341.146341463416,9427303.404501121,31858099.510565277,26341.146341463416,9427549.224171858,31858010.03952213,27316.707317073175,9427205.569795325,31857065.85688251,27316.707317073175
9427598.141524754,31858526.86636351,26828.926829268297,2.2842659195191577,9427303.404501121,31858099.510565277,26341.146341463416,9427647.058877654,31859043.693204895,26341.146341463416,9427892.878548391,31858954.222161748,27316.707317073175,9427549.224171858,31858010.03952213,27316.707317073175
9427941.79590129,31859471.04900313,26828.926829268297,2.3677488268520013,9427647.058877654,31859043.693204895,26341.146341463416,9427990.713254187,31859987.875844516,26341.146341463416,9428236.532924924,31859898.40480137,27316.707317073175,9427892.878548391,31858954.222161748,27316.707317073175
9428285.45027782,31860415.231642753,26828.926829268297,2.5605655130522176,9427990.713254187,31859987.875844516,26341.146341463416,9428334.367630718,31860932.058484137,26341.146341463416,9428580.187301457,31860842.58744099,27316.707317073175,9428236.532924924,31859898.40480137,27316.707317073175
9428629.104654353,31861359.414282374,26828.926829268297,2.650048882341273,9428334.367630718,31860932.058484137,26341.146341463416,9428678.022007251,31861876.241123755,26341.146341463416,9428923.84167799,31861786.770080607,27316.707317073175,9428580.187301457,31860842.58744099,27316.707317073175
9428972.759030886,31862303.59692199,26828.926829268297,2.7818867606486117,9428678.022007251,31861876.241123755,26341.146341463416,9429021.676383784,31862820.423763376,26341.146341463416,9429267.496054523,31862730.952720232,27316.707317073175,9428923.84167799,31861786.770080607,27316.707317073175
9429316.413407417,31863247.779561613,26828.926829268297,2.3821909671565895,9429021.676383784,31862820.423763376,26341.146341463416,9429365.330760317,31863764.606402993,26341.146341463416,9429611.150431054,31863675.13535985,27316.707317073175,9429267.496054523,31862730.952720232,27316.707317073175
9429660.06778395,31864191.96220123,26828.926829268297,1.7487434486192288,9429365.330760317,31863764.606402993,26341.146341463416,9429708.985136848,31864708.789042614,26341.146341463416,9429954.804807587,31864619.31799947,27316.707317073175,9429611.150431054,31863675.13535985,27316.707317073175
9430003.722160483,31865136.14484085,26828.926829268297,1.8849881591234763,9429708.985136848,31864708.789042614,26341.146341463416,9430052.63951338,31865652.971682236,26341.146341463416,9430298.45918412,31865563.50063909,27316.707317073175,9429954.804807587,31864619.31799947,27316.707317073175
9430347.376537014,31866080.327480473,26828.926829268297,2.178167701793573,9430052.63951338,31865652.971682236,26341.146341463416,9430396.293889914,31866597.154321853,26341.146341463416,9430642.113560652,31866507.68327871,27316.707317073175,9430298.45918412,31865563.50063909,27316.707317073175
9430691.030913549,31867024.510120094,26828.926829268297,2.3029726443921277,9430396.293889914,31866597.154321853,26341.146341463416,9430739.948266447,31867541.336961478,26341.146341463416,9430985.767937185,31867451.86591833,27316.707317073175,9430642.113560652,31866507.68327871,27316.707317073175
9431034.685290081,31867968.692759715,26828.926829268297,2.0089042903648875,9430739.948266447,31867541.336961478,26341.146341463416,9431083.60264298,31868485.5196011,26341.146341463416,9431329.422313718,31868396.04855795,27316.707317073175,9430985.767937185,31867451.86591833,27316.707317073175
9431378.339666614,31868912.875399332,26828.926829268297,2.5214329234248867,9431083.60264298,31868485.5196011,26341.146341463416,9431427.257019512,31869429.702240717,26341.146341463416,9431673.07669025,31869340.23119757,27316.707317073175,9431329.422313718,31868396.04855795,27316.707317073175
9431721.994043145,31869857.058038954,26828.926829268297,3.0030828526760085,9431427.257019512,31869429.702240717,26341.146341463416,9431770.911396045,31870373.884880338,26341.146341463416,9432016.731066782,31870284.41383719,27316.707317073175,9431673.07669025,31869340.23119757,27316.707317073175
9432065.64841968,31870801.24067857,26828.926829268297,3.5417889379953245,9431770.911396045,31870373.884880338,26341.146341463416,9432114.565772578,31871318.067519955,26341.146341463416,9432360.385443315,31871228.59647681,27316.707317073175,9432016.731066782,31870284.41383719,27316.707317073175
9432409.302796211,31871745.423318192,26828.926829268297,2.900263384586652,9432114.565772578,31871318.067519955,26341.146341463416,9432458.22014911,31872262.250159577,26341.146341463416,9432704.039819848,31872172.77911643,27316.707317073175,9432360.385443315,31871228.59647681,27316.707317073175
9432752.957172742,31872689.605957814,26828.926829268297,2.438613909468301,9432458.22014911,31872262.250159577,26341.146341463416,9432801.874525642,31873206.432799198,26341.146341463416,9433047.69419638,31873116.96175605,27316.707317073175,9432704.039819848,31872172.77911643,27316.707317073175
9433096.611549277,31873633.788597435,26828.926829268297,2.7873639536981005,9432801.874525642,31873206.432799198,26341.146341463416,9433145.528902175,31874150.615438815,26341.146341463416,9433391.348572914,31874061.144395668,27316.707317073175,9433047.69419638,31873116.96175605,27316.707317073175
9433440.26592581,31874577.971237052,26828.926829268297,3.9961395216342486,9433145.528902175,31874150.615438815,26341.146341463416,9433489.183278708,31875094.798078436,26341.146341463416,9433735.002949446,31875005.32703529,27316.707317073175,9433391.348572914,31874061.144395668,27316.707317073175
9433783.920302343,31875522.153876673,26828.926829268297,4.965824690576115,9433489.183278708,31875094.798078436,26341.146341463416,9433832.83765524,31876038.980718058,26341.146341463416,9434078.657325977,31875949.509674914,27316.707317073175,9433735.002949446,31875005.32703529,27316.707317073175
9434127.574678874,31876466.33651629,26828.926829268297,6.173771664530495,9433832.83765524,31876038.980718058,26341.146341463416,9434176.492031774,31876983.163357675,26341.146341463416,9434422.31170251,31876893.69231453,27316.707317073175,9434078.657325977,31875949.509674914,27316.707317073175
9434471.229055408,31877410.519155912,26828.926829268297,7.212651455813722,9434176.492031774,31876983.163357675,26341.146341463416,9434520.146408306,31877927.345997296,26341.146341463416,9434765.966079043,31877837.874954153,27316.707317073175,9434422.31170251,31876893.69231453,27316.707317073175
9434814.88343194,31878354.701795537,26828.926829268297,8.512772607976897,9434520.146408306,31877927.345997296,26341.146341463416,9434863.800784837,31878871.528636917,26341.146341463416,9435109.620455576,31878782.057593774,27316.707317073175,9434765.966079043,31877837.874954153,27316.707317073175
9435158.53780847,31879298.884435154,26828.926829268297,9.313197548858934,9434863.800784837,31878871.528636917,26341.146341463416,9435207.45516137,31879815.711276535,26341.146341463416,9435453.274832109,31879726.24023339,27316.707317073175,9435109.620455576,31878782.057593774,27316.707317073175
9435502.192185005,31880243.067074776,26828.926829268297,9.417878992584065,9435207.45516137,31879815.711276535,26341.146341463416,9435551.109537903,31880759.89391616,26341.146341463416,9435796.929208642,31880670.422873013,27316.707317073175,9435453.274832109,31879726.24023339,27316.707317073175
9435845.846561538,31881187.249714397,26828.926829268297,8.486947221890034,9435551.109537903,31880759.89391616,26341.146341463416,9435894.763914436,31881704.07655578,26341.146341463416,9436140.583585175,31881614.605512634,27316.707317073175,9435796.929208642,31880670.422873013,27316.707317073175
9436189.500938071,31882131.432354018,26828.926829268297,8.954492715244262,9435894.763914436,31881704.07655578,26341.146341463416,9436238.418290969,31882648.2591954,26341.146341463416,9436484.237961706,31882558.78815225,27316.707317073175,9436140.583585175,31881614.605512634,27316.707317073175
9436533.155314602,31883075.614993636,26828.926829268297,7.9701187794876125,9436238.418290969,31882648.2591954,26341.146341463416,9436582.072667502,31883592.44183502,26341.146341463416,9436827.892338239,31883502.970791873,27316.707317073175,9436484.237961706,31882558.78815225,27316.707317073175
9436876.809691137,31884019.797633257,26828.926829268297,7.981459605689273,9436582.072667502,31883592.44183502,26341.146341463416,9436925.727044035,31884536.62447464,26341.146341463416,9437171.546714772,31884447.15343149,27316.707317073175,9436827.892338239,31883502.970791873,27316.707317073175
9437220.464067668,31884963.980272878,26828.926829268297,7.867417649599471,9436925.727044035,31884536.62447464,26341.146341463416,9437269.381420566,31885480.80711426,26341.146341463416,9437515.201091304,31885391.33607111,27316.707317073175,9437171.546714772,31884447.15343149,27316.707317073175
9437564.118444199,31885908.16291249,26828.926829268297,8.491273626157552,9437269.381420566,31885480.80711426,26341.146341463416,9437613.035797099,31886424.989753876,26341.146341463416,9437858.855467837,31886335.51871073,27316.707317073175,9437515.201091304,31885391.33607111,27316.707317073175
9437907.772820733,31886852.345552113,26828.926829268297,6.847463129030456,9437613.035797099,31886424.989753876,26341.146341463416,9437956.690173632,31887369.172393497,26341.146341463416,9438202.509844368,31887279.70135035,27316.707317073175,9437858.855467837,31886335.51871073,27316.707317073175
9438251.427197265,31887796.528191734,26828.926829268297,6.184240982149015,9437956.690173632,31887369.172393497,26341.146341463416,9438300.344550164,31888313.35503312,26341.146341463416,9438546.164220901,31888223.88398997,27316.707317073175,9438202.509844368,31887279.70135035,27316.707317073175
9438595.0815738,31888740.71083135,26828.926829268297,5.504649130323919,9438300.344550164,31888313.35503312,26341.146341463416,9438643.998926697,31889257.537672736,26341.146341463416,9438889.818597434,31889168.066629592,27316.707317073175,9438546.164220901,31888223.88398997,27316.707317073175
9438938.73595033,31889684.893470973,26828.926829268297,6.059624718023276,9438643.998926697,31889257.537672736,26341.146341463416,9438987.653303228,31890201.720312357,26341.146341463416,9439233.472973967,31890112.249269214,27316.707317073175,9438889.818597434,31889168.066629592,27316.707317073175
9439282.390326863,31890629.076110594,26828.926829268297,6.406065350026187,9438987.653303228,31890201.720312357,26341.146341463416,9439331.307679761,31891145.90295198,26341.146341463416,9439577.1273505,31891056.431908835,27316.707317073175,9439233.472973967,31890112.249269214,27316.707317073175
9439626.044703396,31891573.258750215,26828.926829268297,7.178474177508804,9439331.307679761,31891145.90295198,26341.146341463416,9439674.962056294,31892090.085591596,26341.146341463416,9439920.781727033,31892000.614548452,27316.707317073175,9439577.1273505,31891056.431908835,27316.707317073175
9439969.699079927,31892517.441389836,26828.926829268297,8.391208179254601,9439674.962056294,31892090.085591596,26341.146341463416,9440018.616432827,31893034.268231217,26341.146341463416,9440264.436103566,31892944.797188073,27316.707317073175,9439920.781727033,31892000.614548452,27316.707317073175
9440313.353456462,31893461.624029458,26828.926829268297,9.121071464140858,9440018.616432827,31893034.268231217,26341.146341463416,9440362.27080936,31893978.45087084,26341.146341463416,9440608.090480097,31893888.97982769,27316.707317073175,9440264.436103566,31892944.797188073,27316.707317073175
9440657.007832993,31894405.80666908,26828.926829268297,8.252293472219215,9440362.27080936,31893978.45087084,26341.146341463416,9440705.925185893,31894922.63351046,26341.146341463416,9440951.74485663,31894833.162467312,27316.707317073175,9440608.090480097,31893888.97982769,27316.707317073175
9441000.662209528,31895349.989308696,26828.926829268297,6.224800370643741,9440705.925185893,31894922.63351046,26341.146341463416,9441049.579562426,31895866.81615008,26341.146341463416,9441295.399233162,31895777.345106933,27316.707317073175,9440951.74485663,31894833.162467312,27316.707317073175
9441344.316586059,31896294.171948314,26828.926829268297,5.626462837504036,9441049.579562426,31895866.81615008,26341.146341463416,9441393.233938957,31896810.998789698,26341.146341463416,9441639.053609695,31896721.52774655,27316.707317073175,9441295.399233162,31895777.345106933,27316.707317073175
9441687.970962591,31897238.354587935,26828.926829268297,4.423794603920708,9441393.233938957,31896810.998789698,26341.146341463416,9441736.88831549,31897755.18142932,26341.146341463416,9441982.707986228,31897665.710386172,27316.707317073175,9441639.053609695,31896721.52774655,27316.707317073175
9442031.625339124,31898182.537227556,26828.926829268297,2.9785160841700997,9441736.88831549,31897755.18142932,26341.146341463416,9442080.542692022,31898699.36406894,26341.146341463416,9442326.362362761,31898609.893025793,27316.707317073175,9441982.707986228,31897665.710386172,27316.707317073175
9442375.279715655,31899126.719867174,26828.926829268297,2.2853530135349533,9442080.542692022,31898699.36406894,26341.146341463416,9442424.197068553,31899643.546708558,26341.146341463416,9442670.016739294,31899554.07566541,27316.707317073175,9442326.362362761,31898609.893025793,27316.707317073175
9442718.93409219,31900070.902506795,26828.926829268297,3.045204277438996,9442424.197068553,31899643.546708558,26341.146341463416,9442767.851445086,31900587.72934818,26341.146341463416,9443013.671115827,31900498.25830503,27316.707317073175,9442670.016739294,31899554.07566541,27316.707317073175
9443062.588468721,31901015.085146416,26828.926829268297,2.9462200831526193,9442767.851445086,31900587.72934818,26341.146341463416,9443111.50582162,31901531.9119878,26341.146341463416,9443357.325492358,31901442.440944653,27316.707317073175,9443013.671115827,31900498.25830503,27316.707317073175
9443406.242845256,31901959.267786037,26828.926829268297,3.147501298124627,9443111.50582162,31901531.9119878,26341.146341463416,9443455.160198152,31902476.094627418,26341.146341463416,9443700.97986889,31902386.623584274,27316.707317073175,9443357.325492358,31901442.440944653,27316.707317073175
9417877.984276049,31831056.098771382,27804.487804878052,0.3902064846534686,9417583.247252414,31830628.742973145,27316.707317073175,9417926.901628947,31831572.925612766,27316.707317073175,9418172.721299686,31831483.454569623,28292.26829268293,9417829.066923153,31830539.27193,28292.26829268293
9418221.638652582,31832000.281411003,27804.487804878052,0.6706392110903227,9417926.901628947,31831572.925612766,27316.707317073175,9418270.556005478,31832517.108252387,27316.707317073175,9418516.375676218,31832427.637209244,28292.26829268293,9418172.721299686,31831483.454569623,28292.26829268293
9418565.293029115,31832944.464050625,27804.487804878052,1.1720106108174095,9418270.556005478,31832517.108252387,27316.707317073175,9418614.21038201,31833461.290892005,27316.707317073175,9418860.030052751,31833371.81984886,28292.26829268293,9418516.375676218,31832427.637209244,28292.26829268293
9418908.947405646,31833888.646690246,27804.487804878052,1.2570868416353418,9418614.21038201,31833461.290892005,27316.707317073175,9418957.864758544,31834405.473531626,27316.707317073175,9419203.684429284,31834316.002488483,28292.26829268293,9418860.030052751,31833371.81984886,28292.26829268293
9419252.60178218,31834832.829329867,27804.487804878052,1.583391647458914,9418957.864758544,31834405.473531626,27316.707317073175,9419301.519135077,31835349.656171247,27316.707317073175,9419547.338805817,31835260.185128104,28292.26829268293,9419203.684429284,31834316.002488483,28292.26829268293
9419596.256158711,31835777.011969484,27804.487804878052,1.8890966296665634,9419301.519135077,31835349.656171247,27316.707317073175,9419645.17351161,31836293.83881087,27316.707317073175,9419890.993182348,31836204.36776772,28292.26829268293,9419547.338805817,31835260.185128104,28292.26829268293
9419939.910535246,31836721.194609106,27804.487804878052,2.4812562196983943,9419645.17351161,31836293.83881087,27316.707317073175,9419988.827888142,31837238.02145049,27316.707317073175,9420234.647558881,31837148.550407343,28292.26829268293,9419890.993182348,31836204.36776772,28292.26829268293
9420283.564911777,31837665.377248727,27804.487804878052,3.1575505510380086,9419988.827888142,31837238.02145049,27316.707317073175,9420332.482264675,31838182.20409011,27316.707317073175,9420578.301935414,31838092.733046964,28292.26829268293,9420234.647558881,31837148.550407343,28292.26829268293
9420627.21928831,31838609.559888344,27804.487804878052,3.122939546811711,9420332.482264675,31838182.20409011,27316.707317073175,9420676.136641206,31839126.38672973,27316.707317073175,9420921.956311947,31839036.91568658,28292.26829268293,9420578.301935414,31838092.733046964,28292.26829268293
9420970.873664843,31839553.742527965,27804.487804878052,3.558708965631344,9420676.136641206,31839126.38672973,27316.707317073175,9421019.79101774,31840070.56936935,27316.707317073175,9421265.61068848,31839981.098326202,28292.26829268293,9420921.956311947,31839036.91568658,28292.26829268293
9421314.528041374,31840497.925167587,27804.487804878052,4.595304092689422,9421019.79101774,31840070.56936935,27316.707317073175,9421363.445394272,31841014.75200897,27316.707317073175,9421609.265065012,31840925.280965824,28292.26829268293,9421265.61068848,31839981.098326202,28292.26829268293
9421658.182417909,31841442.107807208,27804.487804878052,5.2226734641681745,9421363.445394272,31841014.75200897,27316.707317073175,9421707.099770805,31841958.93464859,27316.707317073175,9421952.919441544,31841869.46360544,28292.26829268293,9421609.265065012,31840925.280965824,28292.26829268293
9422001.83679444,31842386.290446825,27804.487804878052,5.453487444701774,9421707.099770805,31841958.93464859,27316.707317073175,9422050.754147338,31842903.117288206,27316.707317073175,9422296.573818076,31842813.64624506,28292.26829268293,9421952.919441544,31841869.46360544,28292.26829268293
9422345.491170974,31843330.473086443,27804.487804878052,6.232079114048677,9422050.754147338,31842903.117288206,27316.707317073175,9422394.408523869,31843847.299927827,27316.707317073175,9422640.22819461,31843757.82888468,28292.26829268293,9422296.573818076,31842813.64624506,28292.26829268293
9422689.145547505,31844274.655726064,27804.487804878052,6.039850108221332,9422394.408523869,31843847.299927827,27316.707317073175,9422738.062900402,31844791.48256745,27316.707317073175,9422983.882571142,31844702.011524305,28292.26829268293,9422640.22819461,31843757.82888468,28292.26829268293
9423032.799924038,31845218.83836568,27804.487804878052,5.3497749336347535,9422738.062900402,31844791.48256745,27316.707317073175,9423081.717276935,31845735.665207066,27316.707317073175,9423327.536947675,31845646.194163922,28292.26829268293,9422983.882571142,31844702.011524305,28292.26829268293
9423376.454300571,31846163.021005303,27804.487804878052,5.697880439496493,9423081.717276935,31845735.665207066,27316.707317073175,9423425.371653467,31846679.847846687,27316.707317073175,9423671.191324208,31846590.376803543,28292.26829268293,9423327.536947675,31845646.194163922,28292.26829268293
9423720.108677102,31847107.203644928,27804.487804878052,5.543610663415815,9423425.371653467,31846679.847846687,27316.707317073175,9423769.02603,31847624.030486308,27316.707317073175,9424014.845700739,31847534.559443165,28292.26829268293,9423671.191324208,31846590.376803543,28292.26829268293
9424063.763053637,31848051.386284545,27804.487804878052,5.291092114045716,9423769.02603,31847624.030486308,27316.707317073175,9424112.680406533,31848568.213125926,27316.707317073175,9424358.500077272,31848478.742082782,28292.26829268293,9424014.845700739,31847534.559443165,28292.26829268293
9424407.417430168,31848995.568924166,27804.487804878052,5.600271012872744,9424112.680406533,31848568.213125926,27316.707317073175,9424456.334783066,31849512.39576555,27316.707317073175,9424702.154453805,31849422.924722403,28292.26829268293,9424358.500077272,31848478.742082782,28292.26829268293
9424751.071806703,31849939.751563787,27804.487804878052,5.9240850937929945,9424456.334783066,31849512.39576555,27316.707317073175,9424799.989159597,31850456.57840517,27316.707317073175,9425045.808830338,31850367.107362024,28292.26829268293,9424702.154453805,31849422.924722403,28292.26829268293
9425094.726183234,31850883.934203405,27804.487804878052,4.673333267727037,9424799.989159597,31850456.57840517,27316.707317073175,9425143.64353613,31851400.76104479,27316.707317073175,9425389.463206869,31851311.290001642,28292.26829268293,9425045.808830338,31850367.107362024,28292.26829268293
9425438.380559767,31851828.116843026,27804.487804878052,5.882660216917985,9425143.64353613,31851400.76104479,27316.707317073175,9425487.297912663,31852344.94368441,27316.707317073175,9425733.117583402,31852255.472641263,28292.26829268293,9425389.463206869,31851311.290001642,28292.26829268293
9425782.0349363,31852772.299482647,27804.487804878052,6.419144486662346,9425487.297912663,31852344.94368441,27316.707317073175,9425830.952289196,31853289.12632403,27316.707317073175,9426076.771959934,31853199.65528088,28292.26829268293,9425733.117583402,31852255.472641263,28292.26829268293
9426125.68931283,31853716.48212227,27804.487804878052,5.197789653202657,9425830.952289196,31853289.12632403,27316.707317073175,9426174.606665729,31854233.30896365,27316.707317073175,9426420.426336467,31854143.8379205,28292.26829268293,9426076.771959934,31853199.65528088,28292.26829268293
9426469.343689365,31854660.664761886,27804.487804878052,5.197197475197702,9426174.606665729,31854233.30896365,27316.707317073175,9426518.261042261,31855177.49160327,27316.707317073175,9426764.080712998,31855088.020560123,28292.26829268293,9426420.426336467,31854143.8379205,28292.26829268293
9426812.998065896,31855604.847401503,27804.487804878052,4.114635784370092,9426518.261042261,31855177.49160327,27316.707317073175,9426861.915418794,31856121.674242888,27316.707317073175,9427107.735089531,31856032.20319974,28292.26829268293,9426764.080712998,31855088.020560123,28292.26829268293
9427156.652442431,31856549.030041125,27804.487804878052,4.102153399534083,9426861.915418794,31856121.674242888,27316.707317073175,9427205.569795325,31857065.85688251,27316.707317073175,9427451.389466064,31856976.38583936,28292.26829268293,9427107.735089531,31856032.20319974,28292.26829268293
9427500.306818962,31857493.212680746,27804.487804878052,3.931452573160849,9427205.569795325,31857065.85688251,27316.707317073175,9427549.224171858,31858010.03952213,27316.707317073175,9427795.043842597,31857920.568478987,28292.26829268293,9427451.389466064,31856976.38583936,28292.26829268293
9427843.961195495,31858437.395320363,27804.487804878052,3.590425394635751,9427549.224171858,31858010.03952213,27316.707317073175,9427892.878548391,31858954.222161748,27316.707317073175,9428138.69821913,31858864.751118604,28292.26829268293,9427795.043842597,31857920.568478987,28292.26829268293
9428187.615572028,31859381.577959985,27804.487804878052,2.8842221134079935,9427892.878548391,31858954.222161748,27316.707317073175,9428236.532924924,31859898.40480137,27316.707317073175,9428482.352595663,31859808.933758225,28292.26829268293,9428138.69821913,31858864.751118604,28292.26829268293
9428531.269948559,31860325.76059961,27804.487804878052,2.992144426437317,9428236.532924924,31859898.40480137,27316.707317073175,9428580.187301457,31860842.58744099,27316.707317073175,9428826.006972196,31860753.116397846,28292.26829268293,9428482.352595663,31859808.933758225,28292.26829268293
9428874.924325094,31861269.94323923,27804.487804878052,2.71277581691302,9428580.187301457,31860842.58744099,27316.707317073175,9428923.84167799,31861786.770080607,27316.707317073175,9429169.661348727,31861697.299037464,28292.26829268293,9428826.006972196,31860753.116397846,28292.26829268293
9429218.578701625,31862214.125878848,27804.487804878052,1.844888384727677,9428923.84167799,31861786.770080607,27316.707317073175,9429267.496054523,31862730.952720232,27316.707317073175,9429513.31572526,31862641.481677085,28292.26829268293,9429169.661348727,31861697.299037464,28292.26829268293
9429562.23307816,31863158.30851847,27804.487804878052,1.5683814056669094,9429267.496054523,31862730.952720232,27316.707317073175,9429611.150431054,31863675.13535985,27316.707317073175,9429856.970101792,31863585.664316703,28292.26829268293,9429513.31572526,31862641.481677085,28292.26829268293
9429905.88745469,31864102.491158087,27804.487804878052,1.505314891729308,9429611.150431054,31863675.13535985,27316.707317073175,9429954.804807587,31864619.31799947,27316.707317073175,9430200.624478325,31864529.846956324,28292.26829268293,9429856.970101792,31863585.664316703,28292.26829268293
9430249.541831223,31865046.673797704,27804.487804878052,1.405935302734932,9429954.804807587,31864619.31799947,27316.707317073175,9430298.45918412,31865563.50063909,27316.707317073175,9430544.278854858,31865474.02959594,28292.26829268293,9430200.624478325,31864529.846956324,28292.26829268293
9430593.196207756,31865990.856437325,27804.487804878052,1.5663937923805704,9430298.45918412,31865563.50063909,27316.707317073175,9430642.113560652,31866507.68327871,27316.707317073175,9430887.93323139,31866418.212235563,28292.26829268293,9430544.278854858,31865474.02959594,28292.26829268293
9430936.850584287,31866935.039076947,27804.487804878052,1.918749490637878,9430642.113560652,31866507.68327871,27316.707317073175,9430985.767937185,31867451.86591833,27316.707317073175,9431231.587607922,31867362.394875184,28292.26829268293,9430887.93323139,31866418.212235563,28292.26829268293
9431280.504960822,31867879.221716564,27804.487804878052,2.4714089031849427,9430985.767937185,31867451.86591833,27316.707317073175,9431329.422313718,31868396.04855795,27316.707317073175,9431575.241984455,31868306.5775148,28292.26829268293,9431231.587607922,31867362.394875184,28292.26829268293
9431624.159337353,31868823.404356185,27804.487804878052,3.1761744638707157,9431329.422313718,31868396.04855795,27316.707317073175,9431673.07669025,31869340.23119757,27316.707317073175,9431918.896360988,31869250.760154422,28292.26829268293,9431575.241984455,31868306.5775148,28292.26829268293
9431967.813713884,31869767.586995807,27804.487804878052,3.661485829575475,9431673.07669025,31869340.23119757,27316.707317073175,9432016.731066782,31870284.41383719,27316.707317073175,9432262.55073752,31870194.942794044,28292.26829268293,9431918.896360988,31869250.760154422,28292.26829268293
9432311.468090419,31870711.769635424,27804.487804878052,4.363835052140981,9432016.731066782,31870284.41383719,27316.707317073175,9432360.385443315,31871228.59647681,27316.707317073175,9432606.205114054,31871139.125433665,28292.26829268293,9432262.55073752,31870194.942794044,28292.26829268293
9432655.122466952,31871655.952275045,27804.487804878052,4.305125496286139,9432360.385443315,31871228.59647681,27316.707317073175,9432704.039819848,31872172.77911643,27316.707317073175,9432949.859490586,31872083.308073286,28292.26829268293,9432606.205114054,31871139.125433665,28292.26829268293
9432998.776843484,31872600.134914666,27804.487804878052,3.8431261611740264,9432704.039819848,31872172.77911643,27316.707317073175,9433047.69419638,31873116.96175605,27316.707317073175,9433293.513867117,31873027.490712907,28292.26829268293,9432949.859490586,31872083.308073286,28292.26829268293
9433342.431220016,31873544.31755429,27804.487804878052,3.1561917462736315,9433047.69419638,31873116.96175605,27316.707317073175,9433391.348572914,31874061.144395668,27316.707317073175,9433637.16824365,31873971.673352525,28292.26829268293,9433293.513867117,31873027.490712907,28292.26829268293
9433686.08559655,31874488.50019391,27804.487804878052,3.1837569668349857,9433391.348572914,31874061.144395668,27316.707317073175,9433735.002949446,31875005.32703529,27316.707317073175,9433980.822620183,31874915.855992146,28292.26829268293,9433637.16824365,31873971.673352525,28292.26829268293
9434029.739973081,31875432.68283353,27804.487804878052,4.882693070702271,9433735.002949446,31875005.32703529,27316.707317073175,9434078.657325977,31875949.509674914,27316.707317073175,9434324.476996716,31875860.038631767,28292.26829268293,9433980.822620183,31874915.855992146,28292.26829268293
9434373.394349612,31876376.865473147,27804.487804878052,6.7950795108613615,9434078.657325977,31875949.509674914,27316.707317073175,9434422.31170251,31876893.69231453,27316.707317073175,9434668.131373249,31876804.221271385,28292.26829268293,9434324.476996716,31875860.038631767,28292.26829268293
9434717.048726147,31877321.04811277,27804.487804878052,8.304146368941945,9434422.31170251,31876893.69231453,27316.707317073175,9434765.966079043,31877837.874954153,27316.707317073175,9435011.785749782,31877748.403911006,28292.26829268293,9434668.131373249,31876804.221271385,28292.26829268293
9435060.70310268,31878265.23075239,27804.487804878052,8.796305270818321,9434765.966079043,31877837.874954153,27316.707317073175,9435109.620455576,31878782.057593774,27316.707317073175,9435355.440126315,31878692.586550627,28292.26829268293,9435011.785749782,31877748.403911006,28292.26829268293
9435404.357479213,31879209.413392007,27804.487804878052,8.04373780779295,9435109.620455576,31878782.057593774,27316.707317073175,9435453.274832109,31879726.24023339,27316.707317073175,9435699.094502846,31879636.769190244,28292.26829268293,9435355.440126315,31878692.586550627,28292.26829268293
9435748.011855744,31880153.59603163,27804.487804878052,8.598930159035573,9435453.274832109,31879726.24023339,27316.707317073175,9435796.929208642,31880670.422873013,27316.707317073175,9436042.748879379,31880580.951829866,28292.26829268293,9435699.094502846,31879636.769190244,28292.26829268293
9436091.666232279,31881097.77867125,27804.487804878052,9.765974102948604,9435796.929208642,31880670.422873013,27316.707317073175,9436140.583585175,31881614.605512634,27316.707317073175,9436386.403255912,31881525.134469483,28292.26829268293,9436042.748879379,31880580.951829866,28292.26829268293
9436435.32060881,31882041.961310867,27804.487804878052,8.331506654413898,9436140.583585175,31881614.605512634,27316.707317073175,9436484.237961706,31882558.78815225,27316.707317073175,9436730.057632444,31882469.317109104,28292.26829268293,9436386.403255912,31881525.134469483,28292.26829268293
9436778.97498534,31882986.14395049,27804.487804878052,7.185562060661959,9436484.237961706,31882558.78815225,27316.707317073175,9436827.892338239,31883502.970791873,27316.707317073175,9437073.712008977,31883413.499748725,28292.26829268293,9436730.057632444,31882469.317109104,28292.26829268293
9437122.629361875,31883930.32659011,27804.487804878052,7.121188210091645,9436827.892338239,31883502.970791873,27316.707317073175,9437171.546714772,31884447.15343149,27316.707317073175,9437417.36638551,31884357.682388347,28292.26829268293,9437073.712008977,31883413.499748725,28292.26829268293
9437466.283738408,31884874.509229727,27804.487804878052,6.67459806664885,9437171.546714772,31884447.15343149,27316.707317073175,9437515.201091304,31885391.33607111,27316.707317073175,9437761.020762043,31885301.865027968,28292.26829268293,9437417.36638551,31884357.682388347,28292.26829268293
9437809.938114941,31885818.691869345,27804.487804878052,6.152097504616782,9437515.201091304,31885391.33607111,27316.707317073175,9437858.855467837,31886335.51871073,27316.707317073175,9438104.675138574,31886246.047667585,28292.26829268293,9437761.020762043,31885301.865027968,28292.26829268293
9438153.592491472,31886762.87450897,27804.487804878052,6.10160076689406,9437858.855467837,31886335.51871073,27316.707317073175,9438202.509844368,31887279.70135035,27316.707317073175,9438448.329515107,31887190.230307207,28292.26829268293,9438104.675138574,31886246.047667585,28292.26829268293
9438497.246868005,31887707.05714859,27804.487804878052,7.236420276174735,9438202.509844368,31887279.70135035,27316.707317073175,9438546.164220901,31888223.88398997,27316.707317073175,9438791.98389164,31888134.412946828,28292.26829268293,9438448.329515107,31887190.230307207,28292.26829268293
9438840.901244538,31888651.23978821,27804.487804878052,7.1444192343310275,9438546.164220901,31888223.88398997,27316.707317073175,9438889.818597434,31889168.066629592,27316.707317073175,9439135.638268173,31889078.595586445,28292.26829268293,9438791.98389164,31888134.412946828,28292.26829268293
9439184.555621069,31889595.42242783,27804.487804878052,6.971127154615223,9438889.818597434,31889168.066629592,27316.707317073175,9439233.472973967,31890112.249269214,27316.707317073175,9439479.292644706,31890022.778226066,28292.26829268293,9439135.638268173,31889078.595586445,28292.26829268293
9439528.209997604,31890539.60506745,27804.487804878052,5.641523587042523,9439233.472973967,31890112.249269214,27316.707317073175,9439577.1273505,31891056.431908835,27316.707317073175,9439822.947021237,31890966.960865684,28292.26829268293,9439479.292644706,31890022.778226066,28292.26829268293
9439871.864374135,31891483.787707068,27804.487804878052,4.3830940469704025,9439577.1273505,31891056.431908835,27316.707317073175,9439920.781727033,31892000.614548452,27316.707317073175,9440166.60139777,31891911.143505305,28292.26829268293,9439822.947021237,31890966.960865684,28292.26829268293
9440215.51875067,31892427.97034669,27804.487804878052,4.70487517643294,9439920.781727033,31892000.614548452,27316.707317073175,9440264.436103566,31892944.797188073,27316.707317073175,9440510.255774302,31892855.326144926,28292.26829268293,9440166.60139777,31891911.143505305,28292.26829268293
9440559.1731272,31893372.15298631,27804.487804878052,4.7889939207454235,9440264.436103566,31892944.797188073,27316.707317073175,9440608.090480097,31893888.97982769,27316.707317073175,9440853.910150835,31893799.508784544,28292.26829268293,9440510.255774302,31892855.326144926,28292.26829268293
9440902.827503733,31894316.335625928,27804.487804878052,5.436529238092711,9440608.090480097,31893888.97982769,27316.707317073175,9440951.74485663,31894833.162467312,27316.707317073175,9441197.564527368,31894743.691424165,28292.26829268293,9440853.910150835,31893799.508784544,28292.26829268293
9441246.481880266,31895260.51826555,27804.487804878052,5.360194495963821,9440951.74485663,31894833.162467312,27316.707317073175,9441295.399233162,31895777.345106933,27316.707317073175,9441541.218903901,31895687.874063786,28292.26829268293,9441197.564527368,31894743.691424165,28292.26829268293
9441590.136256797,31896204.700905167,27804.487804878052,4.685097309678048,9441295.399233162,31895777.345106933,27316.707317073175,9441639.053609695,31896721.52774655,27316.707317073175,9441884.873280434,31896632.056703404,28292.26829268293,9441541.218903901,31895687.874063786,28292.26829268293
9441933.790633332,31897148.883544788,27804.487804878052,3.901239320732287,9441639.053609695,31896721.52774655,27316.707317073175,9441982.707986228,31897665.710386172,27316.707317073175,9442228.527656967,31897576.23934303,28292.26829268293,9441884.873280434,31896632.056703404,28292.26829268293
9442277.445009863,31898093.06618441,27804.487804878052,3.252974344492564,9441982.707986228,31897665.710386172,27316.707317073175,9442326.362362761,31898609.893025793,27316.707317073175,9442572.182033498,31898520.42198265,28292.26829268293,9442228.527656967,31897576.23934303,28292.26829268293
9442621.099386398,31899037.248824026,27804.487804878052,3.1309725852997263,9442326.362362761,31898609.893025793,27316.707317073175,9442670.016739294,31899554.07566541,27316.707317073175,9442915.83641003,31899464.604622267,28292.26829268293,9442572.182033498,31898520.42198265,28292.26829268293
9442964.753762929,31899981.43146365,27804.487804878052,3.247013732933405,9442670.016739294,31899554.07566541,27316.707317073175,9443013.671115827,31900498.25830503,27316.707317073175,9443259.490786564,31900408.78726189,28292.26829268293,9442915.83641003,31899464.604622267,28292.26829268293
9443308.408139462,31900925.614103273,27804.487804878052,2.775402201965881,9443013.671115827,31900498.25830503,27316.707317073175,9443357.325492358,31901442.440944653,27316.707317073175,9443603.145163096,31901352.96990151,28292.26829268293,9443259.490786564,31900408.78726189,28292.26829268293
9443652.062515995,31901869.796742894,27804.487804878052,2.431166032073541,9443357.325492358,31901442.440944653,27316.707317073175,9443700.97986889,31902386.623584274,27316.707317073175,9443946.79953963,31902297.152541127,28292.26829268293,9443603.145163096,31901352.96990151,28292.26829268293
9418123.803946786,31830966.62772824,28780.04878048781,0.3642970218756743,9417829.066923153,31830539.27193,28292.26829268293,9418172.721299686,31831483.454569623,28292.26829268293,9418418.540970424,31831393.983526476,29267.829268292688,9418074.886593891,31830449.800886855,29267.829268292688
9418467.45832332,31831910.81036786,28780.04878048781,0.5517860797714379,9418172.721299686,31831483.454569623,28292.26829268293,9418516.375676218,31832427.637209244,28292.26829268293,9418762.195346957,31832338.166166097,29267.829268292688,9418418.540970424,31831393.983526476,29267.829268292688
9418811.112699851,31832854.99300748,28780.04878048781,0.7391297910603446,9418516.375676218,31832427.637209244,28292.26829268293,9418860.030052751,31833371.81984886,28292.26829268293,9419105.849723488,31833282.348805714,29267.829268292688,9418762.195346957,31832338.166166097,29267.829268292688
9419154.767076386,31833799.1756471,28780.04878048781,0.7789217700453656,9418860.030052751,31833371.81984886,28292.26829268293,9419203.684429284,31834316.002488483,28292.26829268293,9419449.504100021,31834226.531445336,29267.829268292688,9419105.849723488,31833282.348805714,29267.829268292688
9419498.421452917,31834743.35828672,28780.04878048781,1.2531024731890783,9419203.684429284,31834316.002488483,28292.26829268293,9419547.338805817,31835260.185128104,28292.26829268293,9419793.158476554,31835170.714084957,29267.829268292688,9419449.504100021,31834226.531445336,29267.829268292688
9419842.07582945,31835687.540926337,28780.04878048781,1.3144754334577218,9419547.338805817,31835260.185128104,28292.26829268293,9419890.993182348,31836204.36776772,28292.26829268293,9420136.812853087,31836114.896724574,29267.829268292688,9419793.158476554,31835170.714084957,29267.829268292688
9420185.730205983,31836631.72356596,28780.04878048781,2.208729547002664,9419890.993182348,31836204.36776772,28292.26829268293,9420234.647558881,31837148.550407343,28292.26829268293,9420480.46722962,31837059.079364195,29267.829268292688,9420136.812853087,31836114.896724574,29267.829268292688
9420529.384582514,31837575.90620558,28780.04878048781,2.6152557392549682,9420234.647558881,31837148.550407343,28292.26829268293,9420578.301935414,31838092.733046964,28292.26829268293,9420824.121606153,31838003.262003817,29267.829268292688,9420480.46722962,31837059.079364195,29267.829268292688
9420873.038959049,31838520.088845197,28780.04878048781,1.970451341524786,9420578.301935414,31838092.733046964,28292.26829268293,9420921.956311947,31839036.91568658,28292.26829268293,9421167.775982685,31838947.444643438,29267.829268292688,9420824.121606153,31838003.262003817,29267.829268292688
9421216.69333558,31839464.27148482,28780.04878048781,2.4443556636833783,9420921.956311947,31839036.91568658,28292.26829268293,9421265.61068848,31839981.098326202,28292.26829268293,9421511.430359216,31839891.62728306,29267.829268292688,9421167.775982685,31838947.444643438,29267.829268292688
9421560.347712114,31840408.45412444,28780.04878048781,3.217549750155402,9421265.61068848,31839981.098326202,28292.26829268293,9421609.265065012,31840925.280965824,28292.26829268293,9421855.08473575,31840835.809922677,29267.829268292688,9421511.430359216,31839891.62728306,29267.829268292688
9421904.002088645,31841352.636764057,28780.04878048781,3.9467016701224766,9421609.265065012,31840925.280965824,28292.26829268293,9421952.919441544,31841869.46360544,28292.26829268293,9422198.739112282,31841779.992562298,29267.829268292688,9421855.08473575,31840835.809922677,29267.829268292688
9422247.656465178,31842296.819403682,28780.04878048781,4.419749702908482,9421952.919441544,31841869.46360544,28292.26829268293,9422296.573818076,31842813.64624506,28292.26829268293,9422542.393488815,31842724.175201915,29267.829268292688,9422198.739112282,31841779.992562298,29267.829268292688
9422591.310841711,31843241.0020433,28780.04878048781,4.171811919729956,9422296.573818076,31842813.64624506,28292.26829268293,9422640.22819461,31843757.82888468,28292.26829268293,9422886.047865348,31843668.357841536,29267.829268292688,9422542.393488815,31842724.175201915,29267.829268292688
9422934.965218242,31844185.18468292,28780.04878048781,5.354624162188966,9422640.22819461,31843757.82888468,28292.26829268293,9422983.882571142,31844702.011524305,28292.26829268293,9423229.702241879,31844612.540481158,29267.829268292688,9422886.047865348,31843668.357841536,29267.829268292688
9423278.619594777,31845129.367322538,28780.04878048781,4.905990083998065,9422983.882571142,31844702.011524305,28292.26829268293,9423327.536947675,31845646.194163922,28292.26829268293,9423573.356618412,31845556.723120775,29267.829268292688,9423229.702241879,31844612.540481158,29267.829268292688
9423622.273971308,31846073.54996216,28780.04878048781,3.6156606689599258,9423327.536947675,31845646.194163922,28292.26829268293,9423671.191324208,31846590.376803543,28292.26829268293,9423917.010994945,31846500.905760396,29267.829268292688,9423573.356618412,31845556.723120775,29267.829268292688
9423965.928347843,31847017.73260178,28780.04878048781,3.689678148858248,9423671.191324208,31846590.376803543,28292.26829268293,9424014.845700739,31847534.559443165,28292.26829268293,9424260.665371478,31847445.088400017,29267.829268292688,9423917.010994945,31846500.905760396,29267.829268292688
9424309.582724374,31847961.915241398,28780.04878048781,4.681983206406938,9424014.845700739,31847534.559443165,28292.26829268293,9424358.500077272,31848478.742082782,28292.26829268293,9424604.31974801,31848389.271039635,29267.829268292688,9424260.665371478,31847445.088400017,29267.829268292688
9424653.237100907,31848906.09788102,28780.04878048781,6.3884857378217,9424358.500077272,31848478.742082782,28292.26829268293,9424702.154453805,31849422.924722403,28292.26829268293,9424947.974124543,31849333.453679256,29267.829268292688,9424604.31974801,31848389.271039635,29267.829268292688
9424996.89147744,31849850.28052064,28780.04878048781,6.090626881868092,9424702.154453805,31849422.924722403,28292.26829268293,9425045.808830338,31850367.107362024,28292.26829268293,9425291.628501076,31850277.636318874,29267.829268292688,9424947.974124543,31849333.453679256,29267.829268292688
9425340.54585397,31850794.463160258,28780.04878048781,4.98275614012643,9425045.808830338,31850367.107362024,28292.26829268293,9425389.463206869,31851311.290001642,28292.26829268293,9425635.282877607,31851221.818958495,29267.829268292688,9425291.628501076,31850277.636318874,29267.829268292688
9425684.200230505,31851738.64579988,28780.04878048781,6.27519551920292,9425389.463206869,31851311.290001642,28292.26829268293,9425733.117583402,31852255.472641263,28292.26829268293,9425978.93725414,31852166.00159812,29267.829268292688,9425635.282877607,31851221.818958495,29267.829268292688
9426027.854607036,31852682.8284395,28780.04878048781,5.718169227817394,9425733.117583402,31852255.472641263,28292.26829268293,9426076.771959934,31853199.65528088,28292.26829268293,9426322.591630673,31853110.184237737,29267.829268292688,9425978.93725414,31852166.00159812,29267.829268292688
9426371.508983571,31853627.011079118,28780.04878048781,5.851553358895759,9426076.771959934,31853199.65528088,28292.26829268293,9426420.426336467,31854143.8379205,28292.26829268293,9426666.246007206,31854054.36687736,29267.829268292688,9426322.591630673,31853110.184237737,29267.829268292688
9426715.163360102,31854571.19371874,28780.04878048781,6.570371548360812,9426420.426336467,31854143.8379205,28292.26829268293,9426764.080712998,31855088.020560123,28292.26829268293,9427009.900383739,31854998.54951698,29267.829268292688,9426666.246007206,31854054.36687736,29267.829268292688
9427058.817736635,31855515.37635836,28780.04878048781,6.772062092171414,9426764.080712998,31855088.020560123,28292.26829268293,9427107.735089531,31856032.20319974,28292.26829268293,9427353.554760272,31855942.732156597,29267.829268292688,9427009.900383739,31854998.54951698,29267.829268292688
9427402.472113168,31856459.55899798,28780.04878048781,5.433363731740471,9427107.735089531,31856032.20319974,28292.26829268293,9427451.389466064,31856976.38583936,28292.26829268293,9427697.209136805,31856886.91479622,29267.829268292688,9427353.554760272,31855942.732156597,29267.829268292688
9427746.126489699,31857403.741637602,28780.04878048781,4.446804213806076,9427451.389466064,31856976.38583936,28292.26829268293,9427795.043842597,31857920.568478987,28292.26829268293,9428040.863513337,31857831.09743584,29267.829268292688,9427697.209136805,31856886.91479622,29267.829268292688
9428089.780866234,31858347.92427722,28780.04878048781,4.512196027306092,9427795.043842597,31857920.568478987,28292.26829268293,9428138.69821913,31858864.751118604,28292.26829268293,9428384.517889868,31858775.280075457,29267.829268292688,9428040.863513337,31857831.09743584,29267.829268292688
9428433.435242765,31859292.10691684,28780.04878048781,4.273121457298376,9428138.69821913,31858864.751118604,28292.26829268293,9428482.352595663,31859808.933758225,28292.26829268293,9428728.172266401,31859719.46271508,29267.829268292688,9428384.517889868,31858775.280075457,29267.829268292688
9428777.0896193,31860236.289556462,28780.04878048781,3.4537917828499634,9428482.352595663,31859808.933758225,28292.26829268293,9428826.006972196,31860753.116397846,28292.26829268293,9429071.826642934,31860663.6453547,29267.829268292688,9428728.172266401,31859719.46271508,29267.829268292688
9429120.74399583,31861180.472196084,28780.04878048781,2.037112927813893,9428826.006972196,31860753.116397846,28292.26829268293,9429169.661348727,31861697.299037464,28292.26829268293,9429415.481019467,31861607.827994317,29267.829268292688,9429071.826642934,31860663.6453547,29267.829268292688
9429464.398372363,31862124.6548357,28780.04878048781,1.457354311538151,9429169.661348727,31861697.299037464,28292.26829268293,9429513.31572526,31862641.481677085,28292.26829268293,9429759.135396,31862552.010633938,29267.829268292688,9429415.481019467,31861607.827994317,29267.829268292688
9429808.052748896,31863068.837475322,28780.04878048781,1.9605518593423334,9429513.31572526,31862641.481677085,28292.26829268293,9429856.970101792,31863585.664316703,28292.26829268293,9430102.789772531,31863496.193273555,29267.829268292688,9429759.135396,31862552.010633938,29267.829268292688
9430151.707125427,31864013.02011494,28780.04878048781,1.5018509720197586,9429856.970101792,31863585.664316703,28292.26829268293,9430200.624478325,31864529.846956324,28292.26829268293,9430446.444149064,31864440.375913177,29267.829268292688,9430102.789772531,31863496.193273555,29267.829268292688
9430495.361501962,31864957.202754557,28780.04878048781,1.0997696096107674,9430200.624478325,31864529.846956324,28292.26829268293,9430544.278854858,31865474.02959594,28292.26829268293,9430790.098525597,31865384.558552798,29267.829268292688,9430446.444149064,31864440.375913177,29267.829268292688
9430839.015878493,31865901.38539418,28780.04878048781,1.431335509547308,9430544.278854858,31865474.02959594,28292.26829268293,9430887.93323139,31866418.212235563,28292.26829268293,9431133.75290213,31866328.74119242,29267.829268292688,9430790.098525597,31865384.558552798,29267.829268292688
9431182.670255024,31866845.5680338,28780.04878048781,2.032653250157472,9430887.93323139,31866418.212235563,28292.26829268293,9431231.587607922,31867362.394875184,28292.26829268293,9431477.407278663,31867272.92383204,29267.829268292688,9431133.75290213,31866328.74119242,29267.829268292688
9431526.324631559,31867789.75067342,28780.04878048781,2.74100062742958,9431231.587607922,31867362.394875184,28292.26829268293,9431575.241984455,31868306.5775148,28292.26829268293,9431821.061655195,31868217.106471658,29267.829268292688,9431477.407278663,31867272.92383204,29267.829268292688
9431869.979008092,31868733.933313042,28780.04878048781,2.9927032542942573,9431575.241984455,31868306.5775148,28292.26829268293,9431918.896360988,31869250.760154422,28292.26829268293,9432164.716031728,31869161.28911128,29267.829268292688,9431821.061655195,31868217.106471658,29267.829268292688
9432213.633384624,31869678.115952663,28780.04878048781,3.587876087490876,9431918.896360988,31869250.760154422,28292.26829268293,9432262.55073752,31870194.942794044,28292.26829268293,9432508.37040826,31870105.4717509,29267.829268292688,9432164.716031728,31869161.28911128,29267.829268292688
9432557.287761156,31870622.29859228,28780.04878048781,4.305227028888366,9432262.55073752,31870194.942794044,28292.26829268293,9432606.205114054,31871139.125433665,28292.26829268293,9432852.024784792,31871049.654390518,29267.829268292688,9432508.37040826,31870105.4717509,29267.829268292688
9432900.94213769,31871566.4812319,28780.04878048781,4.686272760614584,9432606.205114054,31871139.125433665,28292.26829268293,9432949.859490586,31872083.308073286,28292.26829268293,9433195.679161325,31871993.83703014,29267.829268292688,9432852.024784792,31871049.654390518,29267.829268292688
9433244.596514221,31872510.663871523,28780.04878048781,5.493726910160393,9432949.859490586,31872083.308073286,28292.26829268293,9433293.513867117,31873027.490712907,28292.26829268293,9433539.333537858,31872938.01966976,29267.829268292688,9433195.679161325,31871993.83703014,29267.829268292688
9433588.250890752,31873454.846511144,28780.04878048781,4.244262133193291,9433293.513867117,31873027.490712907,28292.26829268293,9433637.16824365,31873971.673352525,28292.26829268293,9433882.98791439,31873882.202309377,29267.829268292688,9433539.333537858,31872938.01966976,29267.829268292688
9433931.905267287,31874399.02915076,28780.04878048781,3.760442506417129,9433637.16824365,31873971.673352525,28292.26829268293,9433980.822620183,31874915.855992146,28292.26829268293,9434226.642290924,31874826.384949,29267.829268292688,9433882.98791439,31873882.202309377,29267.829268292688
9434275.55964382,31875343.21179038,28780.04878048781,5.2769420187497,9433980.822620183,31874915.855992146,28292.26829268293,9434324.476996716,31875860.038631767,28292.26829268293,9434570.296667457,31875770.567588616,29267.829268292688,9434226.642290924,31874826.384949,29267.829268292688
9434619.214020353,31876287.39443,28780.04878048781,7.208392805861136,9434324.476996716,31875860.038631767,28292.26829268293,9434668.131373249,31876804.221271385,28292.26829268293,9434913.951043988,31876714.750228237,29267.829268292688,9434570.296667457,31875770.567588616,29267.829268292688
9434962.868396884,31877231.57706962,28780.04878048781,8.930343653639444,9434668.131373249,31876804.221271385,28292.26829268293,9435011.785749782,31877748.403911006,28292.26829268293,9435257.60542052,31877658.93286786,29267.829268292688,9434913.951043988,31876714.750228237,29267.829268292688
9435306.522773419,31878175.75970924,28780.04878048781,8.962140538874662,9435011.785749782,31877748.403911006,28292.26829268293,9435355.440126315,31878692.586550627,28292.26829268293,9435601.259797053,31878603.11550748,29267.829268292688,9435257.60542052,31877658.93286786,29267.829268292688
9435650.17714995,31879119.94234886,28780.04878048781,7.0859364423913185,9435355.440126315,31878692.586550627,28292.26829268293,9435699.094502846,31879636.769190244,28292.26829268293,9435944.914173586,31879547.2981471,29267.829268292688,9435601.259797053,31878603.11550748,29267.829268292688
9435993.83152648,31880064.12498848,28780.04878048781,6.589173348103037,9435699.094502846,31879636.769190244,28292.26829268293,9436042.748879379,31880580.951829866,28292.26829268293,9436288.56855012,31880491.480786722,29267.829268292688,9435944.914173586,31879547.2981471,29267.829268292688
9436337.485903015,31881008.307628103,28780.04878048781,6.637110174378893,9436042.748879379,31880580.951829866,28292.26829268293,9436386.403255912,31881525.134469483,28292.26829268293,9436632.222926652,31881435.66342634,29267.829268292688,9436288.56855012,31880491.480786722,29267.829268292688
9436681.140279548,31881952.490267724,28780.04878048781,5.0512828824799465,9436386.403255912,31881525.134469483,28292.26829268293,9436730.057632444,31882469.317109104,28292.26829268293,9436975.877303185,31882379.84606596,29267.829268292688,9436632.222926652,31881435.66342634,29267.829268292688
9437024.794656081,31882896.672907345,28780.04878048781,4.4558353338742664,9436730.057632444,31882469.317109104,28292.26829268293,9437073.712008977,31883413.499748725,28292.26829268293,9437319.531679716,31883324.028705582,29267.829268292688,9436975.877303185,31882379.84606596,29267.829268292688
9437368.449032612,31883840.855546966,28780.04878048781,4.5719158090532925,9437073.712008977,31883413.499748725,28292.26829268293,9437417.36638551,31884357.682388347,28292.26829268293,9437663.186056249,31884268.2113452,29267.829268292688,9437319.531679716,31883324.028705582,29267.829268292688
9437712.103409147,31884785.038186584,28780.04878048781,5.280763054636114,9437417.36638551,31884357.682388347,28292.26829268293,9437761.020762043,31885301.865027968,28292.26829268293,9438006.840432782,31885212.39398482,29267.829268292688,9437663.186056249,31884268.2113452,29267.829268292688
9438055.757785678,31885729.2208262,28780.04878048781,4.873048822214822,9437761.020762043,31885301.865027968,28292.26829268293,9438104.675138574,31886246.047667585,28292.26829268293,9438350.494809315,31886156.57662444,29267.829268292688,9438006.840432782,31885212.39398482,29267.829268292688
9438399.412162209,31886673.403465822,28780.04878048781,4.624440872823642,9438104.675138574,31886246.047667585,28292.26829268293,9438448.329515107,31887190.230307207,28292.26829268293,9438694.149185847,31887100.75926406,29267.829268292688,9438350.494809315,31886156.57662444,29267.829268292688
9438743.066538744,31887617.586105444,28780.04878048781,5.582530594745105,9438448.329515107,31887190.230307207,28292.26829268293,9438791.98389164,31888134.412946828,28292.26829268293,9439037.803562379,31888044.941903677,29267.829268292688,9438694.149185847,31887100.75926406,29267.829268292688
9439086.720915275,31888561.76874506,28780.04878048781,6.87369496199591,9438791.98389164,31888134.412946828,28292.26829268293,9439135.638268173,31889078.595586445,28292.26829268293,9439381.457938911,31888989.124543298,29267.829268292688,9439037.803562379,31888044.941903677,29267.829268292688
9439430.37529181,31889505.951384682,28780.04878048781,5.788335502945895,9439135.638268173,31889078.595586445,28292.26829268293,9439479.292644706,31890022.778226066,28292.26829268293,9439725.112315444,31889933.30718292,29267.829268292688,9439381.457938911,31888989.124543298,29267.829268292688
9439774.02966834,31890450.1340243,28780.04878048781,4.91302827690001,9439479.292644706,31890022.778226066,28292.26829268293,9439822.947021237,31890966.960865684,28292.26829268293,9440068.766691977,31890877.489822537,29267.829268292688,9439725.112315444,31889933.30718292,29267.829268292688
9440117.684044873,31891394.31666392,28780.04878048781,4.7209112438058085,9439822.947021237,31890966.960865684,28292.26829268293,9440166.60139777,31891911.143505305,28292.26829268293,9440412.42106851,31891821.672462158,29267.829268292688,9440068.766691977,31890877.489822537,29267.829268292688
9440461.338421406,31892338.499303542,28780.04878048781,4.896534258973411,9440166.60139777,31891911.143505305,28292.26829268293,9440510.255774302,31892855.326144926,28292.26829268293,9440756.075445043,31892765.855101783,29267.829268292688,9440412.42106851,31891821.672462158,29267.829268292688
9440804.992797937,31893282.681943163,28780.04878048781,4.647785394813768,9440510.255774302,31892855.326144926,28292.26829268293,9440853.910150835,31893799.508784544,28292.26829268293,9441099.729821576,31893710.0377414,29267.829268292688,9440756.075445043,31892765.855101783,29267.829268292688
9441148.647174472,31894226.86458278,28780.04878048781,4.02915833405376,9440853.910150835,31893799.508784544,28292.26829268293,9441197.564527368,31894743.691424165,28292.26829268293,9441443.384198109,31894654.22038102,29267.829268292688,9441099.729821576,31893710.0377414,29267.829268292688
9441492.301551003,31895171.047222406,28780.04878048781,3.4905614025683303,9441197.564527368,31894743.691424165,28292.26829268293,9441541.218903901,31895687.874063786,28292.26829268293,9441787.03857464,31895598.403020643,29267.829268292688,9441443.384198109,31894654.22038102,29267.829268292688
9441835.955927538,31896115.229862023,28780.04878048781,2.593193152273683,9441541.218903901,31895687.874063786,28292.26829268293,9441884.873280434,31896632.056703404,28292.26829268293,9442130.692951173,31896542.58566026,29267.829268292688,9441787.03857464,31895598.403020643,29267.829268292688
9442179.610304069,31897059.412501644,28780.04878048781,2.7104392255786776,9441884.873280434,31896632.056703404,28292.26829268293,9442228.527656967,31897576.23934303,28292.26829268293,9442474.347327705,31897486.76829988,29267.829268292688,9442130.692951173,31896542.58566026,29267.829268292688
9442523.264680602,31898003.595141266,28780.04878048781,2.7532603311785775,9442228.527656967,31897576.23934303,28292.26829268293,9442572.182033498,31898520.42198265,28292.26829268293,9442818.001704238,31898430.950939503,29267.829268292688,9442474.347327705,31897486.76829988,29267.829268292688
9442866.919057135,31898947.777780883,28780.04878048781,2.992372734554819,9442572.182033498,31898520.42198265,28292.26829268293,9442915.83641003,31899464.604622267,28292.26829268293,9443161.656080771,31899375.13357912,29267.829268292688,9442818.001704238,31898430.950939503,29267.829268292688
9443210.573433666,31899891.960420504,28780.04878048781,3.034632489885389,9442915.83641003,31899464.604622267,28292.26829268293,9443259.490786564,31900408.78726189,28292.26829268293,9443505.310457304,31900319.31621874,29267.829268292688,9443161.656080771,31899375.13357912,29267.829268292688
9443554.2278102,31900836.143060125,28780.04878048781,2.4540276901185067,9443259.490786564,31900408.78726189,28292.26829268293,9443603.145163096,31901352.96990151,28292.26829268293,9443848.964833837,31901263.498858362,29267.829268292688,9443505.310457304,31900319.31621874,29267.829268292688
9443897.882186731,31901780.325699747,28780.04878048781,2.2286739153925894,9443603.145163096,31901352.96990151,28292.26829268293,9443946.79953963,31902297.152541127,28292.26829268293,9444192.619210368,31902207.68149798,29267.829268292688,9443848.964833837,31901263.498858362,29267.829268292688
9418369.623617528,31830877.15668509,29755.60975609756,0.0474149779065001,9418074.886593891,31830449.800886855,29267.829268292688,9418418.540970424,31831393.983526476,29267.829268292688,9418664.360641161,31831304.51248333,30243.390243902442,9418320.706264628,31830360.329843707,30243.390243902442
9418713.277994059,31831821.339324713,29755.60975609756,0.1637931189740964,9418418.540970424,31831393.983526476,29267.829268292688,9418762.195346957,31832338.166166097,29267.829268292688,9419008.015017694,31832248.69512295,30243.390243902442,9418664.360641161,31831304.51248333,30243.390243902442
9419056.932370592,31832765.521964334,29755.60975609756,0.3055245799045898,9418762.195346957,31832338.166166097,29267.829268292688,9419105.849723488,31833282.348805714,29267.829268292688,9419351.669394227,31833192.877762567,30243.390243902442,9419008.015017694,31832248.69512295,30243.390243902442
9419400.586747125,31833709.70460395,29755.60975609756,0.39313839784423377,9419105.849723488,31833282.348805714,29267.829268292688,9419449.504100021,31834226.531445336,29267.829268292688,9419695.32377076,31834137.060402192,30243.390243902442,9419351.669394227,31833192.877762567,30243.390243902442
9419744.241123656,31834653.887243573,29755.60975609756,0.48112580191481935,9419449.504100021,31834226.531445336,29267.829268292688,9419793.158476554,31835170.714084957,29267.829268292688,9420038.978147293,31835081.243041813,30243.390243902442,9419695.32377076,31834137.060402192,30243.390243902442
9420087.89550019,31835598.06988319,29755.60975609756,0.5115144291610545,9419793.158476554,31835170.714084957,29267.829268292688,9420136.812853087,31836114.896724574,29267.829268292688,9420382.632523825,31836025.42568143,30243.390243902442,9420038.978147293,31835081.243041813,30243.390243902442
9420431.549876722,31836542.252522815,29755.60975609756,0.7965652835652111,9420136.812853087,31836114.896724574,29267.829268292688,9420480.46722962,31837059.079364195,29267.829268292688,9420726.286900356,31836969.608321052,30243.390243902442,9420382.632523825,31836025.42568143,30243.390243902442
9420775.204253256,31837486.435162432,29755.60975609756,1.4545365941785333,9420480.46722962,31837059.079364195,29267.829268292688,9420824.121606153,31838003.262003817,29267.829268292688,9421069.94127689,31837913.79096067,30243.390243902442,9420726.286900356,31836969.608321052,30243.390243902442
9421118.858629787,31838430.617802054,29755.60975609756,1.8835387137704342,9420824.121606153,31838003.262003817,29267.829268292688,9421167.775982685,31838947.444643438,29267.829268292688,9421413.595653422,31838857.97360029,30243.390243902442,9421069.94127689,31837913.79096067,30243.390243902442
9421462.51300632,31839374.800441675,29755.60975609756,2.3562401394154544,9421167.775982685,31838947.444643438,29267.829268292688,9421511.430359216,31839891.62728306,29267.829268292688,9421757.250029955,31839802.156239912,30243.390243902442,9421413.595653422,31838857.97360029,30243.390243902442
9421806.167382853,31840318.983081296,29755.60975609756,3.398403162690502,9421511.430359216,31839891.62728306,29267.829268292688,9421855.08473575,31840835.809922677,29267.829268292688,9422100.904406488,31840746.33887953,30243.390243902442,9421757.250029955,31839802.156239912,30243.390243902442
9422149.821759384,31841263.165720914,29755.60975609756,3.7582170490955384,9421855.08473575,31840835.809922677,29267.829268292688,9422198.739112282,31841779.992562298,29267.829268292688,9422444.558783019,31841690.52151915,30243.390243902442,9422100.904406488,31840746.33887953,30243.390243902442
9422493.476135919,31842207.348360535,29755.60975609756,2.677243007260029,9422198.739112282,31841779.992562298,29267.829268292688,9422542.393488815,31842724.175201915,29267.829268292688,9422788.213159552,31842634.704158768,30243.390243902442,9422444.558783019,31841690.52151915,30243.390243902442
9422837.13051245,31843151.531000152,29755.60975609756,2.4301111737610293,9422542.393488815,31842724.175201915,29267.829268292688,9422886.047865348,31843668.357841536,29267.829268292688,9423131.867536085,31843578.88679839,30243.390243902442,9422788.213159552,31842634.704158768,30243.390243902442
9423180.784888985,31844095.713639773,29755.60975609756,2.712786816240249,9422886.047865348,31843668.357841536,29267.829268292688,9423229.702241879,31844612.540481158,29267.829268292688,9423475.521912618,31844523.06943801,30243.390243902442,9423131.867536085,31843578.88679839,30243.390243902442
9423524.439265516,31845039.89627939,29755.60975609756,3.420511764652341,9423229.702241879,31844612.540481158,29267.829268292688,9423573.356618412,31845556.723120775,29267.829268292688,9423819.17628915,31845467.252077628,30243.390243902442,9423475.521912618,31844523.06943801,30243.390243902442
9423868.093642049,31845984.078919012,29755.60975609756,3.5986795673725296,9423573.356618412,31845556.723120775,29267.829268292688,9423917.010994945,31846500.905760396,29267.829268292688,9424162.830665683,31846411.43471725,30243.390243902442,9423819.17628915,31845467.252077628,30243.390243902442
9424211.748018581,31846928.261558633,29755.60975609756,4.164357703803217,9423917.010994945,31846500.905760396,29267.829268292688,9424260.665371478,31847445.088400017,29267.829268292688,9424506.485042216,31847355.61735687,30243.390243902442,9424162.830665683,31846411.43471725,30243.390243902442
9424555.402395112,31847872.44419825,29755.60975609756,4.739188487254456,9424260.665371478,31847445.088400017,29267.829268292688,9424604.31974801,31848389.271039635,29267.829268292688,9424850.139418747,31848299.79999649,30243.390243902442,9424506.485042216,31847355.61735687,30243.390243902442
9424899.056771647,31848816.626837872,29755.60975609756,5.05917978111797,9424604.31974801,31848389.271039635,29267.829268292688,9424947.974124543,31849333.453679256,29267.829268292688,9425193.79379528,31849243.982636113,30243.390243902442,9424850.139418747,31848299.79999649,30243.390243902442
9425242.711148178,31849760.809477493,29755.60975609756,5.96634062020574,9424947.974124543,31849333.453679256,29267.829268292688,9425291.628501076,31850277.636318874,29267.829268292688,9425537.448171813,31850188.16527573,30243.390243902442,9425193.79379528,31849243.982636113,30243.390243902442
9425586.365524713,31850704.992117114,29755.60975609756,6.2149466694464115,9425291.628501076,31850277.636318874,29267.829268292688,9425635.282877607,31851221.818958495,29267.829268292688,9425881.102548346,31851132.34791535,30243.390243902442,9425537.448171813,31850188.16527573,30243.390243902442
9425930.019901244,31851649.174756736,29755.60975609756,7.359819629782647,9425635.282877607,31851221.818958495,29267.829268292688,9425978.93725414,31852166.00159812,29267.829268292688,9426224.756924879,31852076.530554973,30243.390243902442,9425881.102548346,31851132.34791535,30243.390243902442
9426273.674277777,31852593.357396357,29755.60975609756,6.9078246788742685,9425978.93725414,31852166.00159812,29267.829268292688,9426322.591630673,31853110.184237737,29267.829268292688,9426568.411301412,31853020.71319459,30243.390243902442,9426224.756924879,31852076.530554973,30243.390243902442
9426617.32865431,31853537.540035974,29755.60975609756,7.225248966051338,9426322.591630673,31853110.184237737,29267.829268292688,9426666.246007206,31854054.36687736,29267.829268292688,9426912.065677945,31853964.89583421,30243.390243902442,9426568.411301412,31853020.71319459,30243.390243902442
9426960.98303084,31854481.722675595,29755.60975609756,6.923565885124964,9426666.246007206,31854054.36687736,29267.829268292688,9427009.900383739,31854998.54951698,29267.829268292688,9427255.720054477,31854909.078473832,30243.390243902442,9426912.065677945,31853964.89583421,30243.390243902442
9427304.637407375,31855425.905315213,29755.60975609756,5.849164233437174,9427009.900383739,31854998.54951698,29267.829268292688,9427353.554760272,31855942.732156597,29267.829268292688,9427599.374431008,31855853.26111345,30243.390243902442,9427255.720054477,31854909.078473832,30243.390243902442
9427648.291783907,31856370.087954834,29755.60975609756,4.57146166520995,9427353.554760272,31855942.732156597,29267.829268292688,9427697.209136805,31856886.91479622,29267.829268292688,9427943.028807541,31856797.44375307,30243.390243902442,9427599.374431008,31855853.26111345,30243.390243902442
9427991.946160441,31857314.270594455,29755.60975609756,3.9294120201327947,9427697.209136805,31856886.91479622,29267.829268292688,9428040.863513337,31857831.09743584,29267.829268292688,9428286.683184074,31857741.626392692,30243.390243902442,9427943.028807541,31856797.44375307,30243.390243902442
9428335.600536972,31858258.453234073,29755.60975609756,4.168127465055231,9428040.863513337,31857831.09743584,29267.829268292688,9428384.517889868,31858775.280075457,29267.829268292688,9428630.337560607,31858685.80903231,30243.390243902442,9428286.683184074,31857741.626392692,30243.390243902442
9428679.254913505,31859202.635873694,29755.60975609756,3.8803051073508175,9428384.517889868,31858775.280075457,29267.829268292688,9428728.172266401,31859719.46271508,29267.829268292688,9428973.99193714,31859629.99167193,30243.390243902442,9428630.337560607,31858685.80903231,30243.390243902442
9429022.909290038,31860146.818513315,29755.60975609756,3.2816926271890803,9428728.172266401,31859719.46271508,29267.829268292688,9429071.826642934,31860663.6453547,29267.829268292688,9429317.646313673,31860574.174311556,30243.390243902442,9428973.99193714,31859629.99167193,30243.390243902442
9429366.56366657,31861091.001152936,29755.60975609756,2.9696613652033053,9429071.826642934,31860663.6453547,29267.829268292688,9429415.481019467,31861607.827994317,29267.829268292688,9429661.300690206,31861518.356951173,30243.390243902442,9429317.646313673,31860574.174311556,30243.390243902442
9429710.218043104,31862035.183792554,29755.60975609756,2.606505657608079,9429415.481019467,31861607.827994317,29267.829268292688,9429759.135396,31862552.010633938,29267.829268292688,9430004.955066737,31862462.539590795,30243.390243902442,9429661.300690206,31861518.356951173,30243.390243902442
9430053.872419635,31862979.366432175,29755.60975609756,1.9589331220964643,9429759.135396,31862552.010633938,29267.829268292688,9430102.789772531,31863496.193273555,29267.829268292688,9430348.60944327,31863406.722230412,30243.390243902442,9430004.955066737,31862462.539590795,30243.390243902442
9430397.526796166,31863923.549071796,29755.60975609756,1.5787924280444687,9430102.789772531,31863496.193273555,29267.829268292688,9430446.444149064,31864440.375913177,29267.829268292688,9430692.263819803,31864350.904870033,30243.390243902442,9430348.60944327,31863406.722230412,30243.390243902442
9430741.1811727,31864867.731711414,29755.60975609756,0.8307096095354376,9430446.444149064,31864440.375913177,29267.829268292688,9430790.098525597,31865384.558552798,29267.829268292688,9431035.918196335,31865295.08750965,30243.390243902442,9430692.263819803,31864350.904870033,30243.390243902442
9431084.835549233,31865811.914351035,29755.60975609756,1.071520079307857,9430790.098525597,31865384.558552798,29267.829268292688,9431133.75290213,31866328.74119242,29267.829268292688,9431379.572572868,31866239.270149272,30243.390243902442,9431035.918196335,31865295.08750965,30243.390243902442
9431428.489925766,31866756.096990656,29755.60975609756,1.517143730067268,9431133.75290213,31866328.74119242,29267.829268292688,9431477.407278663,31867272.92383204,29267.829268292688,9431723.2269494,31867183.452788893,30243.390243902442,9431379.572572868,31866239.270149272,30243.390243902442
9431772.144302297,31867700.279630274,29755.60975609756,2.384641326539352,9431477.407278663,31867272.92383204,29267.829268292688,9431821.061655195,31868217.106471658,29267.829268292688,9432066.881325932,31868127.63542851,30243.390243902442,9431723.2269494,31867183.452788893,30243.390243902442
9432115.79867883,31868644.462269895,29755.60975609756,3.206652496311734,9431821.061655195,31868217.106471658,29267.829268292688,9432164.716031728,31869161.28911128,29267.829268292688,9432410.535702465,31869071.81806813,30243.390243902442,9432066.881325932,31868127.63542851,30243.390243902442
9432459.453055363,31869588.644909516,29755.60975609756,3.042260220003824,9432164.716031728,31869161.28911128,29267.829268292688,9432508.37040826,31870105.4717509,29267.829268292688,9432754.190078998,31870016.000707753,30243.390243902442,9432410.535702465,31869071.81806813,30243.390243902442
9432803.107431894,31870532.827549133,29755.60975609756,3.180922581124705,9432508.37040826,31870105.4717509,29267.829268292688,9432852.024784792,31871049.654390518,29267.829268292688,9433097.84445553,31870960.18334737,30243.390243902442,9432754.190078998,31870016.000707753,30243.390243902442
9433146.761808429,31871477.010188755,29755.60975609756,3.487046525821348,9432852.024784792,31871049.654390518,29267.829268292688,9433195.679161325,31871993.83703014,29267.829268292688,9433441.498832064,31871904.36598699,30243.390243902442,9433097.84445553,31870960.18334737,30243.390243902442
9433490.41618496,31872421.192828376,29755.60975609756,4.877421734352934,9433195.679161325,31871993.83703014,29267.829268292688,9433539.333537858,31872938.01966976,29267.829268292688,9433785.153208597,31872848.54862661,30243.390243902442,9433441.498832064,31871904.36598699,30243.390243902442
9433834.070561493,31873365.375467997,29755.60975609756,5.04846342945626,9433539.333537858,31872938.01966976,29267.829268292688,9433882.98791439,31873882.202309377,29267.829268292688,9434128.807585128,31873792.731266234,30243.390243902442,9433785.153208597,31872848.54862661,30243.390243902442
9434177.724938024,31874309.558107615,29755.60975609756,4.633038645053555,9433882.98791439,31873882.202309377,29267.829268292688,9434226.642290924,31874826.384949,29267.829268292688,9434472.46196166,31874736.913905855,30243.390243902442,9434128.807585128,31873792.731266234,30243.390243902442
9434521.379314559,31875253.740747232,29755.60975609756,6.379191166235739,9434226.642290924,31874826.384949,29267.829268292688,9434570.296667457,31875770.567588616,29267.829268292688,9434816.116338193,31875681.096545473,30243.390243902442,9434472.46196166,31874736.913905855,30243.390243902442
9434865.03369109,31876197.923386857,29755.60975609756,7.573056126043647,9434570.296667457,31875770.567588616,29267.829268292688,9434913.951043988,31876714.750228237,29267.829268292688,9435159.770714726,31876625.279185094,30243.390243902442,9434816.116338193,31875681.096545473,30243.390243902442
9435208.688067622,31877142.106026478,29755.60975609756,6.612815967050336,9434913.951043988,31876714.750228237,29267.829268292688,9435257.60542052,31877658.93286786,29267.829268292688,9435503.42509126,31877569.461824715,30243.390243902442,9435159.770714726,31876625.279185094,30243.390243902442
9435552.342444155,31878086.288666096,29755.60975609756,6.269232003508125,9435257.60542052,31877658.93286786,29267.829268292688,9435601.259797053,31878603.11550748,29267.829268292688,9435847.079467792,31878513.644464333,30243.390243902442,9435503.42509126,31877569.461824715,30243.390243902442
9435895.996820688,31879030.471305717,29755.60975609756,5.629701291594156,9435601.259797053,31878603.11550748,29267.829268292688,9435944.914173586,31879547.2981471,29267.829268292688,9436190.733844325,31879457.827103954,30243.390243902442,9435847.079467792,31878513.644464333,30243.390243902442
9436239.651197221,31879974.653945338,29755.60975609756,4.100424325710586,9435944.914173586,31879547.2981471,29267.829268292688,9436288.56855012,31880491.480786722,29267.829268292688,9436534.388220856,31880402.009743575,30243.390243902442,9436190.733844325,31879457.827103954,30243.390243902442
9436583.305573752,31880918.83658496,29755.60975609756,3.515275572037887,9436288.56855012,31880491.480786722,29267.829268292688,9436632.222926652,31881435.66342634,29267.829268292688,9436878.042597389,31881346.192383192,30243.390243902442,9436534.388220856,31880402.009743575,30243.390243902442
9436926.959950287,31881863.019224577,29755.60975609756,3.1383965337321564,9436632.222926652,31881435.66342634,29267.829268292688,9436975.877303185,31882379.84606596,29267.829268292688,9437221.696973922,31882290.375022814,30243.390243902442,9436878.042597389,31881346.192383192,30243.390243902442
9437270.614326818,31882807.201864198,29755.60975609756,2.8509022786268483,9436975.877303185,31882379.84606596,29267.829268292688,9437319.531679716,31883324.028705582,29267.829268292688,9437565.351350455,31883234.557662435,30243.390243902442,9437221.696973922,31882290.375022814,30243.390243902442
9437614.268703349,31883751.38450382,29755.60975609756,3.3165739591206647,9437319.531679716,31883324.028705582,29267.829268292688,9437663.186056249,31884268.2113452,29267.829268292688,9437909.005726987,31884178.740302052,30243.390243902442,9437565.351350455,31883234.557662435,30243.390243902442
9437957.923079884,31884695.567143437,29755.60975609756,4.2162235202301375,9437663.186056249,31884268.2113452,29267.829268292688,9438006.840432782,31885212.39398482,29267.829268292688,9438252.66010352,31885122.922941674,30243.390243902442,9437909.005726987,31884178.740302052,30243.390243902442
9438301.577456415,31885639.749783054,29755.60975609756,3.997941985810133,9438006.840432782,31885212.39398482,29267.829268292688,9438350.494809315,31886156.57662444,29267.829268292688,9438596.314480051,31886067.10558129,30243.390243902442,9438252.66010352,31885122.922941674,30243.390243902442
9438645.23183295,31886583.932422675,29755.60975609756,3.5647929012904793,9438350.494809315,31886156.57662444,29267.829268292688,9438694.149185847,31887100.75926406,29267.829268292688,9438939.968856584,31887011.288220916,30243.390243902442,9438596.314480051,31886067.10558129,30243.390243902442
9438988.88620948,31887528.115062293,29755.60975609756,3.198191734471867,9438694.149185847,31887100.75926406,29267.829268292688,9439037.803562379,31888044.941903677,29267.829268292688,9439283.623233117,31887955.470860533,30243.390243902442,9438939.968856584,31887011.288220916,30243.390243902442
9439332.540586013,31888472.297701914,29755.60975609756,3.2026475015340843,9439037.803562379,31888044.941903677,29267.829268292688,9439381.457938911,31888989.124543298,29267.829268292688,9439627.27760965,31888899.653500155,30243.390243902442,9439283.623233117,31887955.470860533,30243.390243902442
9439676.194962546,31889416.48034154,29755.60975609756,3.7717593841797656,9439381.457938911,31888989.124543298,29267.829268292688,9439725.112315444,31889933.30718292,29267.829268292688,9439970.931986183,31889843.836139776,30243.390243902442,9439627.27760965,31888899.653500155,30243.390243902442
9440019.849339077,31890360.662981156,29755.60975609756,3.8882257573357917,9439725.112315444,31889933.30718292,29267.829268292688,9440068.766691977,31890877.489822537,29267.829268292688,9440314.586362716,31890788.018779393,30243.390243902442,9439970.931986183,31889843.836139776,30243.390243902442
9440363.503715612,31891304.845620777,29755.60975609756,4.052383135892579,9440068.766691977,31890877.489822537,29267.829268292688,9440412.42106851,31891821.672462158,29267.829268292688,9440658.240739249,31891732.201419014,30243.390243902442,9440314.586362716,31890788.018779393,30243.390243902442
9440707.158092143,31892249.0282604,29755.60975609756,3.722727282389397,9440412.42106851,31891821.672462158,29267.829268292688,9440756.075445043,31892765.855101783,29267.829268292688,9441001.89511578,31892676.384058636,30243.390243902442,9440658.240739249,31891732.201419014,30243.390243902442
9441050.812468678,31893193.21090002,29755.60975609756,3.4361014457507233,9440756.075445043,31892765.855101783,29267.829268292688,9441099.729821576,31893710.0377414,29267.829268292688,9441345.549492313,31893620.566698253,30243.390243902442,9441001.89511578,31892676.384058636,30243.390243902442
9441394.466845209,31894137.393539637,29755.60975609756,2.725373879967697,9441099.729821576,31893710.0377414,29267.829268292688,9441443.384198109,31894654.22038102,29267.829268292688,9441689.203868845,31894564.749337874,30243.390243902442,9441345.549492313,31893620.566698253,30243.390243902442
9441738.121221742,31895081.57617926,29755.60975609756,1.6945943707999978,9441443.384198109,31894654.22038102,29267.829268292688,9441787.03857464,31895598.403020643,29267.829268292688,9442032.858245378,31895508.931977496,30243.390243902442,9441689.203868845,31894564.749337874,30243.390243902442
9442081.775598275,31896025.758818876,29755.60975609756,1.4769669360055744,9441787.03857464,31895598.403020643,29267.829268292688,9442130.692951173,31896542.58566026,29267.829268292688,9442376.512621911,31896453.114617113,30243.390243902442,9442032.858245378,31895508.931977496,30243.390243902442
9442425.429974806,31896969.941458497,29755.60975609756,1.8762663263539758,9442130.692951173,31896542.58566026,29267.829268292688,9442474.347327705,31897486.76829988,29267.829268292688,9442720.166998444,31897397.297256734,30243.390243902442,9442376.512621911,31896453.114617113,30243.390243902442
9442769.08435134,31897914.12409812,29755.60975609756,2.5477120828154916,9442474.347327705,31897486.76829988,29267.829268292688,9442818.001704238,31898430.950939503,29267.829268292688,9443063.821374977,31898341.479896355,30243.390243902442,9442720.166998444,31897397.297256734,30243.390243902442
9443112.738727871,31898858.306737736,29755.60975609756,2.4250617446609994,9442818.001704238,31898430.950939503,29267.829268292688,9443161.656080771,31899375.13357912,29267.829268292688,9443407.475751508,31899285.662535973,30243.390243902442,9443063.821374977,31898341.479896355,30243.390243902442
9443456.393104406,31899802.489377357,29755.60975609756,2.492823824195695,9443161.656080771,31899375.13357912,29267.829268292688,9443505.310457304,31900319.31621874,29267.829268292688,9443751.13012804,31900229.845175598,30243.390243902442,9443407.475751508,31899285.662535973,30243.390243902442
9443800.047480937,31900746.67201698,29755.60975609756,2.7094504755938384,9443505.310457304,31900319.31621874,29267.829268292688,9443848.964833837,31901263.498858362,29267.829268292688,9444094.784504574,31901174.027815215,30243.390243902442,9443751.13012804,31900229.845175598,30243.390243902442
9444143.70185747,31901690.854656596,29755.60975609756,2.351880709869207,9443848.964833837,31901263.498858362,29267.829268292688,9444192.619210368,31902207.68149798,29267.829268292688,9444438.438881107,31902118.210454836,30243.390243902442,9444094.784504574,31901174.027815215,30243.390243902442
9418615.443288265,31830787.685641944,30731.170731707323,0.009275250360023217,9418320.706264628,31830360.329843707,30243.390243902442,9418664.360641161,31831304.51248333,30243.390243902442,9418910.180311901,31831215.041440185,31218.9512195122,9418566.525935369,31830270.858800564,31218.9512195122
9418959.097664796,31831731.86828157,30731.170731707323,0.10699540450820821,9418664.360641161,31831304.51248333,30243.390243902442,9419008.015017694,31832248.69512295,30243.390243902442,9419253.834688434,31832159.224079806,31218.9512195122,9418910.180311901,31831215.041440185,31218.9512195122
9419302.75204133,31832676.05092119,30731.170731707323,0.14333222204614504,9419008.015017694,31832248.69512295,30243.390243902442,9419351.669394227,31833192.877762567,30243.390243902442,9419597.489064967,31833103.406719424,31218.9512195122,9419253.834688434,31832159.224079806,31218.9512195122
9419646.406417862,31833620.233560808,30731.170731707323,0.22111766672900052,9419351.669394227,31833192.877762567,30243.390243902442,9419695.32377076,31834137.060402192,30243.390243902442,9419941.143441498,31834047.589359045,31218.9512195122,9419597.489064967,31833103.406719424,31218.9512195122
9419990.060794396,31834564.416200425,30731.170731707323,0.28572970340059617,9419695.32377076,31834137.060402192,30243.390243902442,9420038.978147293,31835081.243041813,30243.390243902442,9420284.797818031,31834991.771998663,31218.9512195122,9419941.143441498,31834047.589359045,31218.9512195122
9420333.715170927,31835508.598840047,30731.170731707323,0.30227562758002147,9420038.978147293,31835081.243041813,30243.390243902442,9420382.632523825,31836025.42568143,30243.390243902442,9420628.452194564,31835935.954638284,31218.9512195122,9420284.797818031,31834991.771998663,31218.9512195122
9420677.36954746,31836452.781479668,30731.170731707323,0.4762064906646522,9420382.632523825,31836025.42568143,30243.390243902442,9420726.286900356,31836969.608321052,30243.390243902442,9420972.106571097,31836880.137277905,31218.9512195122,9420628.452194564,31835935.954638284,31218.9512195122
9421021.023923993,31837396.964119285,30731.170731707323,0.8661910129435519,9420726.286900356,31836969.608321052,30243.390243902442,9421069.94127689,31837913.79096067,30243.390243902442,9421315.76094763,31837824.319917522,31218.9512195122,9420972.106571097,31836880.137277905,31218.9512195122
9421364.678300524,31838341.146758907,30731.170731707323,0.9899341744078869,9421069.94127689,31837913.79096067,30243.390243902442,9421413.595653422,31838857.97360029,30243.390243902442,9421659.415324163,31838768.502557144,31218.9512195122,9421315.76094763,31837824.319917522,31218.9512195122
9421708.332677059,31839285.329398528,30731.170731707323,1.612305602904972,9421413.595653422,31838857.97360029,30243.390243902442,9421757.250029955,31839802.156239912,30243.390243902442,9422003.069700696,31839712.685196765,31218.9512195122,9421659.415324163,31838768.502557144,31218.9512195122
9422051.98705359,31840229.51203815,30731.170731707323,2.45249774538985,9421757.250029955,31839802.156239912,30243.390243902442,9422100.904406488,31840746.33887953,30243.390243902442,9422346.724077227,31840656.867836382,31218.9512195122,9422003.069700696,31839712.685196765,31218.9512195122
9422395.641430125,31841173.694677766,30731.170731707323,2.455824136948271,9422100.904406488,31840746.33887953,30243.390243902442,9422444.558783019,31841690.52151915,30243.390243902442,9422690.37845376,31841601.050476003,31218.9512195122,9422346.724077227,31840656.867836382,31218.9512195122
9422739.295806656,31842117.877317388,30731.170731707323,2.1822902491118006,9422444.558783019,31841690.52151915,30243.390243902442,9422788.213159552,31842634.704158768,30243.390243902442,9423034.032830292,31842545.233115625,31218.9512195122,9422690.37845376,31841601.050476003,31218.9512195122
9423082.950183189,31843062.059957005,30731.170731707323,1.1873435342080574,9422788.213159552,31842634.704158768,30243.390243902442,9423131.867536085,31843578.88679839,30243.390243902442,9423377.687206825,31843489.415755246,31218.9512195122,9423034.032830292,31842545.233115625,31218.9512195122
9423426.604559721,31844006.242596623,30731.170731707323,1.4038490458270847,9423131.867536085,31843578.88679839,30243.390243902442,9423475.521912618,31844523.06943801,30243.390243902442,9423721.341583358,31844433.598394863,31218.9512195122,9423377.687206825,31843489.415755246,31218.9512195122
9423770.258936252,31844950.425236247,30731.170731707323,2.587244308795437,9423475.521912618,31844523.06943801,30243.390243902442,9423819.17628915,31845467.252077628,30243.390243902442,9424064.99595989,31845377.781034485,31218.9512195122,9423721.341583358,31844433.598394863,31218.9512195122
9424113.913312787,31845894.60787587,30731.170731707323,3.6712542183035035,9423819.17628915,31845467.252077628,30243.390243902442,9424162.830665683,31846411.43471725,30243.390243902442,9424408.650336422,31846321.963674106,31218.9512195122,9424064.99595989,31845377.781034485,31218.9512195122
9424457.567689318,31846838.790515486,30731.170731707323,3.034202073267991,9424162.830665683,31846411.43471725,30243.390243902442,9424506.485042216,31847355.61735687,30243.390243902442,9424752.304712955,31847266.146313723,31218.9512195122,9424408.650336422,31846321.963674106,31218.9512195122
9424801.222065853,31847782.973155107,30731.170731707323,3.471148694441587,9424506.485042216,31847355.61735687,30243.390243902442,9424850.139418747,31848299.79999649,30243.390243902442,9425095.959089488,31848210.328953344,31218.9512195122,9424752.304712955,31847266.146313723,31218.9512195122
9425144.876442384,31848727.15579473,30731.170731707323,3.9288015801802003,9424850.139418747,31848299.79999649,30243.390243902442,9425193.79379528,31849243.982636113,30243.390243902442,9425439.61346602,31849154.511592966,31218.9512195122,9425095.959089488,31848210.328953344,31218.9512195122
9425488.530818917,31849671.338434346,30731.170731707323,4.892532579462086,9425193.79379528,31849243.982636113,30243.390243902442,9425537.448171813,31850188.16527573,30243.390243902442,9425783.267842554,31850098.694232583,31218.9512195122,9425439.61346602,31849154.511592966,31218.9512195122
9425832.18519545,31850615.521073967,30731.170731707323,6.973267047914927,9425537.448171813,31850188.16527573,30243.390243902442,9425881.102548346,31851132.34791535,30243.390243902442,9426126.922219086,31851042.876872204,31218.9512195122,9425783.267842554,31850098.694232583,31218.9512195122
9426175.83957198,31851559.70371359,30731.170731707323,8.130462351950538,9425881.102548346,31851132.34791535,30243.390243902442,9426224.756924879,31852076.530554973,30243.390243902442,9426470.57659562,31851987.059511825,31218.9512195122,9426126.922219086,31851042.876872204,31218.9512195122
9426519.493948516,31852503.88635321,30731.170731707323,8.85499580186941,9426224.756924879,31852076.530554973,30243.390243902442,9426568.411301412,31853020.71319459,30243.390243902442,9426814.23097215,31852931.242151443,31218.9512195122,9426470.57659562,31851987.059511825,31218.9512195122
9426863.148325047,31853448.068992827,30731.170731707323,9.027331340197247,9426568.411301412,31853020.71319459,30243.390243902442,9426912.065677945,31853964.89583421,30243.390243902442,9427157.885348683,31853875.424791064,31218.9512195122,9426814.23097215,31852931.242151443,31218.9512195122
9427206.802701581,31854392.25163245,30731.170731707323,6.460043192231212,9426912.065677945,31853964.89583421,30243.390243902442,9427255.720054477,31854909.078473832,30243.390243902442,9427501.539725216,31854819.607430685,31218.9512195122,9427157.885348683,31853875.424791064,31218.9512195122
9427550.457078112,31855336.434272066,30731.170731707323,4.979990032699137,9427255.720054477,31854909.078473832,30243.390243902442,9427599.374431008,31855853.26111345,30243.390243902442,9427845.194101749,31855763.790070307,31218.9512195122,9427501.539725216,31854819.607430685,31218.9512195122
9427894.111454645,31856280.616911687,30731.170731707323,5.486364878380701,9427599.374431008,31855853.26111345,30243.390243902442,9427943.028807541,31856797.44375307,30243.390243902442,9428188.848478282,31856707.972709928,31218.9512195122,9427845.194101749,31855763.790070307,31218.9512195122
9428237.765831178,31857224.79955131,30731.170731707323,4.399376141078186,9427943.028807541,31856797.44375307,30243.390243902442,9428286.683184074,31857741.626392692,30243.390243902442,9428532.502854815,31857652.15534955,31218.9512195122,9428188.848478282,31856707.972709928,31218.9512195122
9428581.42020771,31858168.98219093,30731.170731707323,4.547066086962086,9428286.683184074,31857741.626392692,30243.390243902442,9428630.337560607,31858685.80903231,30243.390243902442,9428876.157231348,31858596.337989166,31218.9512195122,9428532.502854815,31857652.15534955,31218.9512195122
9428925.074584244,31859113.16483055,30731.170731707323,3.8942920935328456,9428630.337560607,31858685.80903231,30243.390243902442,9428973.99193714,31859629.99167193,30243.390243902442,9429219.811607879,31859540.520628788,31218.9512195122,9428876.157231348,31858596.337989166,31218.9512195122
9429268.728960775,31860057.34747017,30731.170731707323,2.8234731779570454,9428973.99193714,31859629.99167193,30243.390243902442,9429317.646313673,31860574.174311556,30243.390243902442,9429563.465984412,31860484.703268405,31218.9512195122,9429219.811607879,31859540.520628788,31218.9512195122
9429612.38333731,31861001.53010979,30731.170731707323,2.893092033103975,9429317.646313673,31860574.174311556,30243.390243902442,9429661.300690206,31861518.356951173,30243.390243902442,9429907.120360944,31861428.885908026,31218.9512195122,9429563.465984412,31860484.703268405,31218.9512195122
9429956.03771384,31861945.71274941,30731.170731707323,2.75685140933172,9429661.300690206,31861518.356951173,30243.390243902442,9430004.955066737,31862462.539590795,30243.390243902442,9430250.774737477,31862373.068547647,31218.9512195122,9429907.120360944,31861428.885908026,31218.9512195122
9430299.692090373,31862889.89538903,30731.170731707323,2.011040855129774,9430004.955066737,31862462.539590795,30243.390243902442,9430348.60944327,31863406.722230412,30243.390243902442,9430594.42911401,31863317.251187265,31218.9512195122,9430250.774737477,31862373.068547647,31218.9512195122
9430643.346466906,31863834.07802865,30731.170731707323,1.4013273132716637,9430348.60944327,31863406.722230412,30243.390243902442,9430692.263819803,31864350.904870033,30243.390243902442,9430938.083490541,31864261.433826886,31218.9512195122,9430594.42911401,31863317.251187265,31218.9512195122
9430987.000843437,31864778.260668267,30731.170731707323,1.0651349421595417,9430692.263819803,31864350.904870033,30243.390243902442,9431035.918196335,31865295.08750965,30243.390243902442,9431281.737867074,31865205.616466504,31218.9512195122,9430938.083490541,31864261.433826886,31218.9512195122
9431330.655219972,31865722.443307888,30731.170731707323,1.3476857944719376,9431035.918196335,31865295.08750965,30243.390243902442,9431379.572572868,31866239.270149272,30243.390243902442,9431625.392243607,31866149.799106125,31218.9512195122,9431281.737867074,31865205.616466504,31218.9512195122
9431674.309596503,31866666.62594751,30731.170731707323,1.6136201311358374,9431379.572572868,31866239.270149272,30243.390243902442,9431723.2269494,31867183.452788893,30243.390243902442,9431969.04662014,31867093.981745746,31218.9512195122,9431625.392243607,31866149.799106125,31218.9512195122
9432017.963973034,31867610.808587126,30731.170731707323,2.0161547626309373,9431723.2269494,31867183.452788893,30243.390243902442,9432066.881325932,31868127.63542851,30243.390243902442,9432312.700996673,31868038.164385363,31218.9512195122,9431969.04662014,31867093.981745746,31218.9512195122
9432361.618349569,31868554.991226748,30731.170731707323,2.1268292789491032,9432066.881325932,31868127.63542851,30243.390243902442,9432410.535702465,31869071.81806813,30243.390243902442,9432656.355373206,31868982.34702499,31218.9512195122,9432312.700996673,31868038.164385363,31218.9512195122
9432705.272726102,31869499.17386637,30731.170731707323,2.665810706503397,9432410.535702465,31869071.81806813,30243.390243902442,9432754.190078998,31870016.000707753,30243.390243902442,9433000.009749738,31869926.529664606,31218.9512195122,9432656.355373206,31868982.34702499,31218.9512195122
9433048.927102635,31870443.356505986,30731.170731707323,3.841960720104759,9432754.190078998,31870016.000707753,30243.390243902442,9433097.84445553,31870960.18334737,30243.390243902442,9433343.66412627,31870870.712304227,31218.9512195122,9433000.009749738,31869926.529664606,31218.9512195122
9433392.581479166,31871387.53914561,30731.170731707323,3.7179265730994686,9433097.84445553,31870960.18334737,30243.390243902442,9433441.498832064,31871904.36598699,30243.390243902442,9433687.318502802,31871814.89494385,31218.9512195122,9433343.66412627,31870870.712304227,31218.9512195122
9433736.2358557,31872331.721785232,30731.170731707323,3.5925509357636383,9433441.498832064,31871904.36598699,30243.390243902442,9433785.153208597,31872848.54862661,30243.390243902442,9434030.972879335,31872759.077583466,31218.9512195122,9433687.318502802,31871814.89494385,31218.9512195122
9434079.890232231,31873275.90442485,30731.170731707323,3.479978701534397,9433785.153208597,31872848.54862661,30243.390243902442,9434128.807585128,31873792.731266234,30243.390243902442,9434374.627255868,31873703.260223087,31218.9512195122,9434030.972879335,31872759.077583466,31218.9512195122
9434423.544608762,31874220.08706447,30731.170731707323,4.156506764336303,9434128.807585128,31873792.731266234,30243.390243902442,9434472.46196166,31874736.913905855,30243.390243902442,9434718.281632401,31874647.442862708,31218.9512195122,9434374.627255868,31873703.260223087,31218.9512195122
9434767.198985297,31875164.26970409,30731.170731707323,6.493903518449783,9434472.46196166,31874736.913905855,30243.390243902442,9434816.116338193,31875681.096545473,30243.390243902442,9435061.936008934,31875591.625502326,31218.9512195122,9434718.281632401,31874647.442862708,31218.9512195122
9435110.85336183,31876108.45234371,30731.170731707323,7.233744308013361,9434816.116338193,31875681.096545473,30243.390243902442,9435159.770714726,31876625.279185094,30243.390243902442,9435405.590385467,31876535.808141947,31218.9512195122,9435061.936008934,31875591.625502326,31218.9512195122
9435454.507738363,31877052.63498333,30731.170731707323,5.648115597184021,9435159.770714726,31876625.279185094,30243.390243902442,9435503.42509126,31877569.461824715,30243.390243902442,9435749.244761998,31877479.990781568,31218.9512195122,9435405.590385467,31876535.808141947,31218.9512195122
9435798.162114894,31877996.81762295,30731.170731707323,3.76828352924318,9435503.42509126,31877569.461824715,30243.390243902442,9435847.079467792,31878513.644464333,30243.390243902442,9436092.89913853,31878424.173421185,31218.9512195122,9435749.244761998,31877479.990781568,31218.9512195122
9436141.816491429,31878941.00026257,30731.170731707323,3.7884220276159017,9435847.079467792,31878513.644464333,30243.390243902442,9436190.733844325,31879457.827103954,30243.390243902442,9436436.553515064,31879368.356060807,31218.9512195122,9436092.89913853,31878424.173421185,31218.9512195122
9436485.47086796,31879885.18290219,30731.170731707323,2.866593689330776,9436190.733844325,31879457.827103954,30243.390243902442,9436534.388220856,31880402.009743575,30243.390243902442,9436780.207891596,31880312.538700428,31218.9512195122,9436436.553515064,31879368.356060807,31218.9512195122
9436829.12524449,31880829.365541812,30731.170731707323,1.8915653302796207,9436534.388220856,31880402.009743575,30243.390243902442,9436878.042597389,31881346.192383192,30243.390243902442,9437123.86226813,31881256.721340045,31218.9512195122,9436780.207891596,31880312.538700428,31218.9512195122
9437172.779621026,31881773.54818143,30731.170731707323,1.6321627195687751,9436878.042597389,31881346.192383192,30243.390243902442,9437221.696973922,31882290.375022814,30243.390243902442,9437467.516644662,31882200.90397967,31218.9512195122,9437123.86226813,31881256.721340045,31218.9512195122
9437516.433997558,31882717.73082105,30731.170731707323,1.3797552115089988,9437221.696973922,31882290.375022814,30243.390243902442,9437565.351350455,31883234.557662435,30243.390243902442,9437811.171021195,31883145.08661929,31218.9512195122,9437467.516644662,31882200.90397967,31218.9512195122
9437860.088374091,31883661.913460672,30731.170731707323,1.2989247221018,9437565.351350455,31883234.557662435,30243.390243902442,9437909.005726987,31884178.740302052,30243.390243902442,9438154.825397728,31884089.26925891,31218.9512195122,9437811.171021195,31883145.08661929,31218.9512195122
9438203.742750622,31884606.096100293,30731.170731707323,1.9303169240473121,9437909.005726987,31884178.740302052,30243.390243902442,9438252.66010352,31885122.922941674,30243.390243902442,9438498.479774259,31885033.45189853,31218.9512195122,9438154.825397728,31884089.26925891,31218.9512195122
9438547.397127155,31885550.27873991,30731.170731707323,2.559313171773206,9438252.66010352,31885122.922941674,30243.390243902442,9438596.314480051,31886067.10558129,30243.390243902442,9438842.134150792,31885977.634538148,31218.9512195122,9438498.479774259,31885033.45189853,31218.9512195122
9438891.051503688,31886494.46137953,30731.170731707323,2.1318000484383686,9438596.314480051,31886067.10558129,30243.390243902442,9438939.968856584,31887011.288220916,30243.390243902442,9439185.788527325,31886921.81717777,31218.9512195122,9438842.134150792,31885977.634538148,31218.9512195122
9439234.70588022,31887438.64401915,30731.170731707323,1.9331813723282378,9438939.968856584,31887011.288220916,30243.390243902442,9439283.623233117,31887955.470860533,30243.390243902442,9439529.442903858,31887865.999817386,31218.9512195122,9439185.788527325,31886921.81717777,31218.9512195122
9439578.360256754,31888382.82665877,30731.170731707323,1.9483298252038543,9439283.623233117,31887955.470860533,30243.390243902442,9439627.27760965,31888899.653500155,30243.390243902442,9439873.09728039,31888810.182457007,31218.9512195122,9439529.442903858,31887865.999817386,31218.9512195122
9439922.014633285,31889327.00929839,30731.170731707323,2.453006719332951,9439627.27760965,31888899.653500155,30243.390243902442,9439970.931986183,31889843.836139776,30243.390243902442,9440216.751656922,31889754.36509663,31218.9512195122,9439873.09728039,31888810.182457007,31218.9512195122
9440265.66900982,31890271.19193801,30731.170731707323,3.0003320898531856,9439970.931986183,31889843.836139776,30243.390243902442,9440314.586362716,31890788.018779393,30243.390243902442,9440560.406033454,31890698.547736246,31218.9512195122,9440216.751656922,31889754.36509663,31218.9512195122
9440609.32338635,31891215.37457763,30731.170731707323,3.136286289767432,9440314.586362716,31890788.018779393,30243.390243902442,9440658.240739249,31891732.201419014,30243.390243902442,9440904.060409985,31891642.730375867,31218.9512195122,9440560.406033454,31890698.547736246,31218.9512195122
9440952.977762884,31892159.55721725,30731.170731707323,3.001451504674011,9440658.240739249,31891732.201419014,30243.390243902442,9441001.89511578,31892676.384058636,30243.390243902442,9441247.714786518,31892586.91301549,31218.9512195122,9440904.060409985,31891642.730375867,31218.9512195122
9441296.632139416,31893103.739856873,30731.170731707323,2.730404039890591,9441001.89511578,31892676.384058636,30243.390243902442,9441345.549492313,31893620.566698253,30243.390243902442,9441591.369163051,31893531.095655106,31218.9512195122,9441247.714786518,31892586.91301549,31218.9512195122
9441640.286515947,31894047.92249649,30731.170731707323,2.4723800879010582,9441345.549492313,31893620.566698253,30243.390243902442,9441689.203868845,31894564.749337874,30243.390243902442,9441935.023539584,31894475.278294727,31218.9512195122,9441591.369163051,31893531.095655106,31218.9512195122
9441983.940892482,31894992.10513611,30731.170731707323,1.6988128211723443,9441689.203868845,31894564.749337874,30243.390243902442,9442032.858245378,31895508.931977496,30243.390243902442,9442278.677916117,31895419.460934352,31218.9512195122,9441935.023539584,31894475.278294727,31218.9512195122
9442327.595269013,31895936.28777573,30731.170731707323,1.4170862622637137,9442032.858245378,31895508.931977496,30243.390243902442,9442376.512621911,31896453.114617113,30243.390243902442,9442622.332292648,31896363.64357397,31218.9512195122,9442278.677916117,31895419.460934352,31218.9512195122
9442671.249645548,31896880.47041535,30731.170731707323,1.830041695228683,9442376.512621911,31896453.114617113,30243.390243902442,9442720.166998444,31897397.297256734,30243.390243902442,9442965.98666918,31897307.82621359,31218.9512195122,9442622.332292648,31896363.64357397,31218.9512195122
9443014.904022079,31897824.65305497,30731.170731707323,2.5052608520472917,9442720.166998444,31897397.297256734,30243.390243902442,9443063.821374977,31898341.479896355,30243.390243902442,9443309.641045714,31898252.00885321,31218.9512195122,9442965.98666918,31897307.82621359,31218.9512195122
9443358.558398612,31898768.835694592,30731.170731707323,1.823399894147263,9443063.821374977,31898341.479896355,30243.390243902442,9443407.475751508,31899285.662535973,30243.390243902442,9443653.295422247,31899196.19149283,31218.9512195122,9443309.641045714,31898252.00885321,31218.9512195122
9443702.212775145,31899713.018334214,30731.170731707323,1.7072759202317602,9443407.475751508,31899285.662535973,30243.390243902442,9443751.13012804,31900229.845175598,30243.390243902442,9443996.94979878,31900140.37413245,31218.9512195122,9443653.295422247,31899196.19149283,31218.9512195122
9444045.867151676,31900657.200973835,30731.170731707323,2.424958970816085,9443751.13012804,31900229.845175598,30243.390243902442,9444094.784504574,31901174.027815215,30243.390243902442,9444340.604175312,31901084.55677207,31218.9512195122,9443996.94979878,31900140.37413245,31218.9512195122
9444389.52152821,31901601.383613452,30731.170731707323,2.053969275307503,9444094.784504574,31901174.027815215,30243.390243902442,9444438.438881107,31902118.210454836,30243.390243902442,9444684.258551845,31902028.73941169,31218.9512195122,9444340.604175312,31901084.55677207,31218.9512195122
9418861.262959003,31830698.2145988,31706.731707317074,0.05807189573392637,9418566.525935369,31830270.858800564,31218.9512195122,9418910.180311901,31831215.041440185,31218.9512195122,9419155.999982642,31831125.570397034,32194.51219512195,9418812.34560611,31830181.387757417,32194.51219512195
9419204.917335538,31831642.397238422,31706.731707317074,0.05483273996642823,9418910.180311901,31831215.041440185,31218.9512195122,9419253.834688434,31832159.224079806,31218.9512195122,9419499.654359175,31832069.753036655,32194.51219512195,9419155.999982642,31831125.570397034,32194.51219512195
9419548.57171207,31832586.579878043,31706.731707317074,0.07928439808936356,9419253.834688434,31832159.224079806,31218.9512195122,9419597.489064967,31833103.406719424,31218.9512195122,9419843.308735708,31833013.935676277,32194.51219512195,9419499.654359175,31832069.753036655,32194.51219512195
9419892.226088602,31833530.762517657,31706.731707317074,0.23801363599308548,9419597.489064967,31833103.406719424,31218.9512195122,9419941.143441498,31834047.589359045,31218.9512195122,9420186.96311224,31833958.118315894,32194.51219512195,9419843.308735708,31833013.935676277,32194.51219512195
9420235.880465135,31834474.94515728,31706.731707317074,0.2273224766728646,9419941.143441498,31834047.589359045,31218.9512195122,9420284.797818031,31834991.771998663,31218.9512195122,9420530.617488774,31834902.300955515,32194.51219512195,9420186.96311224,31833958.118315894,32194.51219512195
9420579.534841668,31835419.1277969,31706.731707317074,0.2746034544866259,9420284.797818031,31834991.771998663,31218.9512195122,9420628.452194564,31835935.954638284,31218.9512195122,9420874.271865306,31835846.483595137,32194.51219512195,9420530.617488774,31834902.300955515,32194.51219512195
9420923.1892182,31836363.310436517,31706.731707317074,0.41040917324851695,9420628.452194564,31835935.954638284,31218.9512195122,9420972.106571097,31836880.137277905,31218.9512195122,9421217.92624184,31836790.666234758,32194.51219512195,9420874.271865306,31835846.483595137,32194.51219512195
9421266.843594734,31837307.49307614,31706.731707317074,0.5227436390729502,9420972.106571097,31836880.137277905,31218.9512195122,9421315.76094763,31837824.319917522,31218.9512195122,9421561.58061837,31837734.84887438,32194.51219512195,9421217.92624184,31836790.666234758,32194.51219512195
9421610.497971267,31838251.67571576,31706.731707317074,0.7253775222466996,9421315.76094763,31837824.319917522,31218.9512195122,9421659.415324163,31838768.502557144,31218.9512195122,9421905.234994903,31838679.031514,32194.51219512195,9421561.58061837,31837734.84887438,32194.51219512195
9421954.152347798,31839195.85835538,31706.731707317074,0.6279263390658176,9421659.415324163,31838768.502557144,31218.9512195122,9422003.069700696,31839712.685196765,31218.9512195122,9422248.889371436,31839623.214153618,32194.51219512195,9421905.234994903,31838679.031514,32194.51219512195
9422297.80672433,31840140.040995,31706.731707317074,0.5222477170873736,9422003.069700696,31839712.685196765,31218.9512195122,9422346.724077227,31840656.867836382,31218.9512195122,9422592.543747969,31840567.39679324,32194.51219512195,9422248.889371436,31839623.214153618,32194.51219512195
9422641.461100863,31841084.223634623,31706.731707317074,0.5844946994529678,9422346.724077227,31840656.867836382,31218.9512195122,9422690.37845376,31841601.050476003,31218.9512195122,9422936.1981245,31841511.579432856,32194.51219512195,9422592.543747969,31840567.39679324,32194.51219512195
9422985.115477394,31842028.406274244,31706.731707317074,0.6437901692757958,9422690.37845376,31841601.050476003,31218.9512195122,9423034.032830292,31842545.233115625,31218.9512195122,9423279.852501033,31842455.762072477,32194.51219512195,9422936.1981245,31841511.579432856,32194.51219512195
9423328.769853927,31842972.588913858,31706.731707317074,0.6822844170776621,9423034.032830292,31842545.233115625,31218.9512195122,9423377.687206825,31843489.415755246,31218.9512195122,9423623.506877566,31843399.944712095,32194.51219512195,9423279.852501033,31842455.762072477,32194.51219512195
9423672.42423046,31843916.77155348,31706.731707317074,1.0189583176737638,9423377.687206825,31843489.415755246,31218.9512195122,9423721.341583358,31844433.598394863,31218.9512195122,9423967.161254099,31844344.127351716,32194.51219512195,9423623.506877566,31843399.944712095,32194.51219512195
9424016.078606993,31844860.9541931,31706.731707317074,1.494376131053785,9423721.341583358,31844433.598394863,31218.9512195122,9424064.99595989,31845377.781034485,31218.9512195122,9424310.815630632,31845288.309991337,32194.51219512195,9423967.161254099,31844344.127351716,32194.51219512195
9424359.732983526,31845805.13683272,31706.731707317074,2.3663323193311916,9424064.99595989,31845377.781034485,31218.9512195122,9424408.650336422,31846321.963674106,31218.9512195122,9424654.470007164,31846232.492630955,32194.51219512195,9424310.815630632,31845288.309991337,32194.51219512195
9424703.387360059,31846749.31947234,31706.731707317074,2.471072271467535,9424408.650336422,31846321.963674106,31218.9512195122,9424752.304712955,31847266.146313723,31218.9512195122,9424998.124383697,31847176.675270576,32194.51219512195,9424654.470007164,31846232.492630955,32194.51219512195
9425047.041736592,31847693.50211196,31706.731707317074,2.837833631812985,9424752.304712955,31847266.146313723,31218.9512195122,9425095.959089488,31848210.328953344,31218.9512195122,9425341.77876023,31848120.857910197,32194.51219512195,9424998.124383697,31847176.675270576,32194.51219512195
9425390.696113124,31848637.68475158,31706.731707317074,4.155408627880417,9425095.959089488,31848210.328953344,31218.9512195122,9425439.61346602,31849154.511592966,31218.9512195122,9425685.433136761,31849065.040549815,32194.51219512195,9425341.77876023,31848120.857910197,32194.51219512195
9425734.350489656,31849581.8673912,31706.731707317074,6.330842293977414,9425439.61346602,31849154.511592966,31218.9512195122,9425783.267842554,31850098.694232583,31218.9512195122,9426029.087513294,31850009.223189436,32194.51219512195,9425685.433136761,31849065.040549815,32194.51219512195
9426078.004866188,31850526.05003082,31706.731707317074,7.105778417261846,9425783.267842554,31850098.694232583,31218.9512195122,9426126.922219086,31851042.876872204,31218.9512195122,9426372.741889827,31850953.40582906,32194.51219512195,9426029.087513294,31850009.223189436,32194.51219512195
9426421.659242723,31851470.23267044,31706.731707317074,7.7792520175115625,9426126.922219086,31851042.876872204,31218.9512195122,9426470.57659562,31851987.059511825,31218.9512195122,9426716.39626636,31851897.58846868,32194.51219512195,9426372.741889827,31850953.40582906,32194.51219512195
9426765.313619254,31852414.415310062,31706.731707317074,7.866844281723969,9426470.57659562,31851987.059511825,31218.9512195122,9426814.23097215,31852931.242151443,31218.9512195122,9427060.050642893,31852841.7711083,32194.51219512195,9426716.39626636,31851897.58846868,32194.51219512195
9427108.967995787,31853358.597949684,31706.731707317074,7.485423089340822,9426814.23097215,31852931.242151443,31218.9512195122,9427157.885348683,31853875.424791064,31218.9512195122,9427403.705019426,31853785.95374792,32194.51219512195,9427060.050642893,31852841.7711083,32194.51219512195
9427452.62237232,31854302.7805893,31706.731707317074,7.3387441255202095,9427157.885348683,31853875.424791064,31218.9512195122,9427501.539725216,31854819.607430685,31218.9512195122,9427747.359395958,31854730.13638754,32194.51219512195,9427403.705019426,31853785.95374792,32194.51219512195
9427796.276748853,31855246.963228922,31706.731707317074,5.1580740709155695,9427501.539725216,31854819.607430685,31218.9512195122,9427845.194101749,31855763.790070307,31218.9512195122,9428091.01377249,31855674.31902716,32194.51219512195,9427747.359395958,31854730.13638754,32194.51219512195
9428139.931125384,31856191.14586854,31706.731707317074,5.109943516983936,9427845.194101749,31855763.790070307,31218.9512195122,9428188.848478282,31856707.972709928,31218.9512195122,9428434.668149022,31856618.501666777,32194.51219512195,9428091.01377249,31855674.31902716,32194.51219512195
9428483.585501917,31857135.32850816,31706.731707317074,5.092611897083127,9428188.848478282,31856707.972709928,31218.9512195122,9428532.502854815,31857652.15534955,31218.9512195122,9428778.322525555,31857562.684306398,32194.51219512195,9428434.668149022,31856618.501666777,32194.51219512195
9428827.239878451,31858079.511147782,31706.731707317074,5.163183599747728,9428532.502854815,31857652.15534955,31218.9512195122,9428876.157231348,31858596.337989166,31218.9512195122,9429121.976902088,31858506.86694602,32194.51219512195,9428778.322525555,31857562.684306398,32194.51219512195
9429170.894254982,31859023.693787403,31706.731707317074,4.772868707628503,9428876.157231348,31858596.337989166,31218.9512195122,9429219.811607879,31859540.520628788,31218.9512195122,9429465.631278621,31859451.049585637,32194.51219512195,9429121.976902088,31858506.86694602,32194.51219512195
9429514.548631515,31859967.87642702,31706.731707317074,5.560213277704144,9429219.811607879,31859540.520628788,31218.9512195122,9429563.465984412,31860484.703268405,31218.9512195122,9429809.285655154,31860395.232225258,32194.51219512195,9429465.631278621,31859451.049585637,32194.51219512195
9429858.203008048,31860912.059066642,31706.731707317074,4.955157310616507,9429563.465984412,31860484.703268405,31218.9512195122,9429907.120360944,31861428.885908026,31218.9512195122,9430152.940031687,31861339.41486488,32194.51219512195,9429809.285655154,31860395.232225258,32194.51219512195
9430201.857384581,31861856.241706263,31706.731707317074,3.6747495733839055,9429907.120360944,31861428.885908026,31218.9512195122,9430250.774737477,31862373.068547647,31218.9512195122,9430496.594408218,31862283.597504497,32194.51219512195,9430152.940031687,31861339.41486488,32194.51219512195
9430545.511761112,31862800.424345884,31706.731707317074,2.6170564768242777,9430250.774737477,31862373.068547647,31218.9512195122,9430594.42911401,31863317.251187265,31218.9512195122,9430840.24878475,31863227.780144118,32194.51219512195,9430496.594408218,31862283.597504497,32194.51219512195
9430889.166137645,31863744.6069855,31706.731707317074,2.7833235214805323,9430594.42911401,31863317.251187265,31218.9512195122,9430938.083490541,31864261.433826886,31218.9512195122,9431183.903161284,31864171.96278374,32194.51219512195,9430840.24878475,31863227.780144118,32194.51219512195
9431232.820514178,31864688.78962512,31706.731707317074,2.6840906277209156,9430938.083490541,31864261.433826886,31218.9512195122,9431281.737867074,31865205.616466504,31218.9512195122,9431527.557537816,31865116.14542336,32194.51219512195,9431183.903161284,31864171.96278374,32194.51219512195
9431576.47489071,31865632.97226474,31706.731707317074,2.279753172999178,9431281.737867074,31865205.616466504,31218.9512195122,9431625.392243607,31866149.799106125,31218.9512195122,9431871.21191435,31866060.328062978,32194.51219512195,9431527.557537816,31865116.14542336,32194.51219512195
9431920.129267244,31866577.154904366,31706.731707317074,2.714270068994823,9431625.392243607,31866149.799106125,31218.9512195122,9431969.04662014,31867093.981745746,31218.9512195122,9432214.86629088,31867004.5107026,32194.51219512195,9431871.21191435,31866060.328062978,32194.51219512195
9432263.783643777,31867521.337543983,31706.731707317074,2.6076721019617217,9431969.04662014,31867093.981745746,31218.9512195122,9432312.700996673,31868038.164385363,31218.9512195122,9432558.520667413,31867948.69334222,32194.51219512195,9432214.86629088,31867004.5107026,32194.51219512195
9432607.438020308,31868465.520183604,31706.731707317074,2.5346101523950044,9432312.700996673,31868038.164385363,31218.9512195122,9432656.355373206,31868982.34702499,31218.9512195122,9432902.175043946,31868892.875981838,32194.51219512195,9432558.520667413,31867948.69334222,32194.51219512195
9432951.09239684,31869409.70282322,31706.731707317074,3.1407119577793345,9432656.355373206,31868982.34702499,31218.9512195122,9433000.009749738,31869926.529664606,31218.9512195122,9433245.829420479,31869837.05862146,32194.51219512195,9432902.175043946,31868892.875981838,32194.51219512195
9433294.746773373,31870353.885462843,31706.731707317074,4.429858064197686,9433000.009749738,31869926.529664606,31218.9512195122,9433343.66412627,31870870.712304227,31218.9512195122,9433589.483797012,31870781.24126108,32194.51219512195,9433245.829420479,31869837.05862146,32194.51219512195
9433638.401149906,31871298.068102464,31706.731707317074,4.100664498535788,9433343.66412627,31870870.712304227,31218.9512195122,9433687.318502802,31871814.89494385,31218.9512195122,9433933.138173545,31871725.423900697,32194.51219512195,9433589.483797012,31870781.24126108,32194.51219512195
9433982.05552644,31872242.250742085,31706.731707317074,4.080424263894146,9433687.318502802,31871814.89494385,31218.9512195122,9434030.972879335,31872759.077583466,31218.9512195122,9434276.792550078,31872669.60654032,32194.51219512195,9433933.138173545,31871725.423900697,32194.51219512195
9434325.709902972,31873186.433381703,31706.731707317074,3.9737198326281256,9434030.972879335,31872759.077583466,31218.9512195122,9434374.627255868,31873703.260223087,31218.9512195122,9434620.446926609,31873613.78917994,32194.51219512195,9434276.792550078,31872669.60654032,32194.51219512195
9434669.364279505,31874130.61602132,31706.731707317074,4.606471557993186,9434374.627255868,31873703.260223087,31218.9512195122,9434718.281632401,31874647.442862708,31218.9512195122,9434964.101303142,31874557.971819557,32194.51219512195,9434620.446926609,31873613.78917994,32194.51219512195
9435013.018656036,31875074.79866094,31706.731707317074,7.0044920721261885,9434718.281632401,31874647.442862708,31218.9512195122,9435061.936008934,31875591.625502326,31218.9512195122,9435307.755679674,31875502.15445918,32194.51219512195,9434964.101303142,31874557.971819557,32194.51219512195
9435356.673032569,31876018.981300563,31706.731707317074,7.8594657437818505,9435061.936008934,31875591.625502326,31218.9512195122,9435405.590385467,31876535.808141947,31218.9512195122,9435651.410056207,31876446.3370988,32194.51219512195,9435307.755679674,31875502.15445918,32194.51219512195
9435700.327409102,31876963.16394018,31706.731707317074,7.128647003280151,9435405.590385467,31876535.808141947,31218.9512195122,9435749.244761998,31877479.990781568,31218.9512195122,9435995.06443274,31877390.51973842,32194.51219512195,9435651.410056207,31876446.3370988,32194.51219512195
9436043.981785635,31877907.3465798,31706.731707317074,5.683161880330237,9435749.244761998,31877479.990781568,31218.9512195122,9436092.89913853,31878424.173421185,31218.9512195122,9436338.718809273,31878334.702378042,32194.51219512195,9435995.06443274,31877390.51973842,32194.51219512195
9436387.636162167,31878851.529219422,31706.731707317074,4.767198941006304,9436092.89913853,31878424.173421185,31218.9512195122,9436436.553515064,31879368.356060807,31218.9512195122,9436682.373185806,31879278.885017663,32194.51219512195,9436338.718809273,31878334.702378042,32194.51219512195
9436731.2905387,31879795.711859047,31706.731707317074,3.131513342726341,9436436.553515064,31879368.356060807,31218.9512195122,9436780.207891596,31880312.538700428,31218.9512195122,9437026.027562339,31880223.06765728,32194.51219512195,9436682.373185806,31879278.885017663,32194.51219512195
9437074.944915233,31880739.894498665,31706.731707317074,1.9539157639110065,9436780.207891596,31880312.538700428,31218.9512195122,9437123.86226813,31881256.721340045,31218.9512195122,9437369.68193887,31881167.250296902,32194.51219512195,9437026.027562339,31880223.06765728,32194.51219512195
9437418.599291764,31881684.077138286,31706.731707317074,1.9514321982537517,9437123.86226813,31881256.721340045,31218.9512195122,9437467.516644662,31882200.90397967,31218.9512195122,9437713.336315403,31882111.432936523,32194.51219512195,9437369.68193887,31881167.250296902,32194.51219512195
9437762.253668297,31882628.259777907,31706.731707317074,1.6410179431432073,9437467.516644662,31882200.90397967,31218.9512195122,9437811.171021195,31883145.08661929,31218.9512195122,9438056.990691936,31883055.61557614,32194.51219512195,9437713.336315403,31882111.432936523,32194.51219512195
9438105.90804483,31883572.44241753,31706.731707317074,1.8384670228944306,9437811.171021195,31883145.08661929,31218.9512195122,9438154.825397728,31884089.26925891,31218.9512195122,9438400.645068469,31883999.79821576,32194.51219512195,9438056.990691936,31883055.61557614,32194.51219512195
9438449.562421363,31884516.625057142,31706.731707317074,2.182704411186456,9438154.825397728,31884089.26925891,31218.9512195122,9438498.479774259,31885033.45189853,31218.9512195122,9438744.299445001,31884943.98085538,32194.51219512195,9438400.645068469,31883999.79821576,32194.51219512195
9438793.216797896,31885460.807696763,31706.731707317074,2.400269343452986,9438498.479774259,31885033.45189853,31218.9512195122,9438842.134150792,31885977.634538148,31218.9512195122,9439087.953821532,31885888.163495,32194.51219512195,9438744.299445001,31884943.98085538,32194.51219512195
9439136.871174427,31886404.990336385,31706.731707317074,1.9832580923482226,9438842.134150792,31885977.634538148,31218.9512195122,9439185.788527325,31886921.81717777,31218.9512195122,9439431.608198065,31886832.346134618,32194.51219512195,9439087.953821532,31885888.163495,32194.51219512195
9439480.525550961,31887349.172976002,31706.731707317074,1.5781946871461803,9439185.788527325,31886921.81717777,31218.9512195122,9439529.442903858,31887865.999817386,31218.9512195122,9439775.262574598,31887776.52877424,32194.51219512195,9439431.608198065,31886832.346134618,32194.51219512195
9439824.179927493,31888293.355615623,31706.731707317074,1.3623057094361215,9439529.442903858,31887865.999817386,31218.9512195122,9439873.09728039,31888810.182457007,31218.9512195122,9440118.916951131,31888720.71141386,32194.51219512195,9439775.262574598,31887776.52877424,32194.51219512195
9440167.834304025,31889237.538255244,31706.731707317074,2.448387727482862,9439873.09728039,31888810.182457007,31218.9512195122,9440216.751656922,31889754.36509663,31218.9512195122,9440462.571327664,31889664.89405348,32194.51219512195,9440118.916951131,31888720.71141386,32194.51219512195
9440511.488680558,31890181.720894862,31706.731707317074,2.515817029261756,9440216.751656922,31889754.36509663,31218.9512195122,9440560.406033454,31890698.547736246,31218.9512195122,9440806.225704197,31890609.076693103,32194.51219512195,9440462.571327664,31889664.89405348,32194.51219512195
9440855.143057091,31891125.903534483,31706.731707317074,2.5783907428191712,9440560.406033454,31890698.547736246,31218.9512195122,9440904.060409985,31891642.730375867,31218.9512195122,9441149.88008073,31891553.259332724,32194.51219512195,9440806.225704197,31890609.076693103,32194.51219512195
9441198.797433624,31892070.086174104,31706.731707317074,2.5245885827321515,9440904.060409985,31891642.730375867,31218.9512195122,9441247.714786518,31892586.91301549,31218.9512195122,9441493.53445726,31892497.44197234,32194.51219512195,9441149.88008073,31891553.259332724,32194.51219512195
9441542.451810155,31893014.26881373,31706.731707317074,3.322562324035152,9441247.714786518,31892586.91301549,31218.9512195122,9441591.369163051,31893531.095655106,31218.9512195122,9441837.188833794,31893441.624611963,32194.51219512195,9441493.53445726,31892497.44197234,32194.51219512195
9441886.10618669,31893958.451453343,31706.731707317074,3.4665062298301352,9441591.369163051,31893531.095655106,31218.9512195122,9441935.023539584,31894475.278294727,31218.9512195122,9442180.843210327,31894385.80725158,32194.51219512195,9441837.188833794,31893441.624611963,32194.51219512195
9442229.76056322,31894902.634092964,31706.731707317074,2.9485548047545564,9441935.023539584,31894475.278294727,31218.9512195122,9442278.677916117,31895419.460934352,31218.9512195122,9442524.49758686,31895329.9898912,32194.51219512195,9442180.843210327,31894385.80725158,32194.51219512195
9442573.414939754,31895846.816732585,31706.731707317074,2.638282469743301,9442278.677916117,31895419.460934352,31218.9512195122,9442622.332292648,31896363.64357397,31218.9512195122,9442868.151963392,31896274.172530822,32194.51219512195,9442524.49758686,31895329.9898912,32194.51219512195
9442917.069316287,31896790.999372203,31706.731707317074,1.5107813483249457,9442622.332292648,31896363.64357397,31218.9512195122,9442965.98666918,31897307.82621359,31218.9512195122,9443211.806339925,31897218.35517044,32194.51219512195,9442868.151963392,31896274.172530822,32194.51219512195
9443260.72369282,31897735.182011824,31706.731707317074,1.4204791930754275,9442965.98666918,31897307.82621359,31218.9512195122,9443309.641045714,31898252.00885321,31218.9512195122,9443555.460716458,31898162.53781006,32194.51219512195,9443211.806339925,31897218.35517044,32194.51219512195
9443604.378069352,31898679.364651445,31706.731707317074,0.9327941499948343,9443309.641045714,31898252.00885321,31218.9512195122,9443653.295422247,31899196.19149283,31218.9512195122,9443899.115092989,31899106.720449682,32194.51219512195,9443555.460716458,31898162.53781006,32194.51219512195
9443948.032445883,31899623.547291066,31706.731707317074,1.00412107996753,9443653.295422247,31899196.19149283,31218.9512195122,9443996.94979878,31900140.37413245,31218.9512195122,9444242.769469522,31900050.9030893,32194.51219512195,9443899.115092989,31899106.720449682,32194.51219512195
9444291.686822418,31900567.729930684,31706.731707317074,1.2419151693050448,9443996.94979878,31900140.37413245,31218.9512195122,9444340.604175312,31901084.55677207,31218.9512195122,9444586.423846055,31900995.08572892,32194.51219512195,9444242.769469522,31900050.9030893,32194.51219512195
9444635.34119895,31901511.912570305,31706.731707317074,1.1707740110715372,9444340.604175312,31901084.55677207,31218.9512195122,9444684.258551845,31902028.73941169,31218.9512195122,9444930.078222588,31901939.268368542,32194.51219512195,9444586.423846055,31900995.08572892,32194.51219512195
9419107.082629744,31830608.743555654,32682.29268292683,0.12358958926111573,9418812.34560611,31830181.387757417,32194.51219512195,9419155.999982642,31831125.570397034,32194.51219512195,9419401.819653383,31831036.099353887,33170.0731707317,9419058.16527685,31830091.91671427,33170.0731707317
9419450.737006279,31831552.92619527,32682.29268292683,0.2170957308414734,9419155.999982642,31831125.570397034,32194.51219512195,9419499.654359175,31832069.753036655,32194.51219512195,9419745.474029914,31831980.281993512,33170.0731707317,9419401.819653383,31831036.099353887,33170.0731707317
9419794.391382812,31832497.108834893,32682.29268292683,0.1740785379468636,9419499.654359175,31832069.753036655,32194.51219512195,9419843.308735708,31833013.935676277,32194.51219512195,9420089.128406446,31832924.464633133,33170.0731707317,9419745.474029914,31831980.281993512,33170.0731707317
9420138.045759344,31833441.29147451,32682.29268292683,0.17622739066679405,9419843.308735708,31833013.935676277,32194.51219512195,9420186.96311224,31833958.118315894,32194.51219512195,9420432.78278298,31833868.64727275,33170.0731707317,9420089.128406446,31832924.464633133,33170.0731707317
9420481.700135875,31834385.474114135,32682.29268292683,0.3442938131223094,9420186.96311224,31833958.118315894,32194.51219512195,9420530.617488774,31834902.300955515,32194.51219512195,9420776.437159512,31834812.829912372,33170.0731707317,9420432.78278298,31833868.64727275,33170.0731707317
9420825.35451241,31835329.656753756,32682.29268292683,0.4283257821411256,9420530.617488774,31834902.300955515,32194.51219512195,9420874.271865306,31835846.483595137,32194.51219512195,9421120.091536043,31835757.012551993,33170.0731707317,9420776.437159512,31834812.829912372,33170.0731707317
9421169.008888941,31836273.839393374,32682.29268292683,0.6743664194766181,9420874.271865306,31835846.483595137,32194.51219512195,9421217.92624184,31836790.666234758,32194.51219512195,9421463.745912576,31836701.19519161,33170.0731707317,9421120.091536043,31835757.012551993,33170.0731707317
9421512.663265476,31837218.022032995,32682.29268292683,0.6540360380744912,9421217.92624184,31836790.666234758,32194.51219512195,9421561.58061837,31837734.84887438,32194.51219512195,9421807.400289109,31837645.37783123,33170.0731707317,9421463.745912576,31836701.19519161,33170.0731707317
9421856.317642007,31838162.204672616,32682.29268292683,0.5006754162120369,9421561.58061837,31837734.84887438,32194.51219512195,9421905.234994903,31838679.031514,32194.51219512195,9422151.054665642,31838589.560470853,33170.0731707317,9421807.400289109,31837645.37783123,33170.0731707317
9422199.97201854,31839106.387312237,32682.29268292683,0.3965290993155692,9421905.234994903,31838679.031514,32194.51219512195,9422248.889371436,31839623.214153618,32194.51219512195,9422494.709042175,31839533.74311047,33170.0731707317,9422151.054665642,31838589.560470853,33170.0731707317
9422543.626395073,31840050.569951855,32682.29268292683,0.36673814952400924,9422248.889371436,31839623.214153618,32194.51219512195,9422592.543747969,31840567.39679324,32194.51219512195,9422838.363418708,31840477.92575009,33170.0731707317,9422494.709042175,31839533.74311047,33170.0731707317
9422887.280771604,31840994.752591476,32682.29268292683,0.5055189652958387,9422592.543747969,31840567.39679324,32194.51219512195,9422936.1981245,31841511.579432856,32194.51219512195,9423182.017795239,31841422.10838971,33170.0731707317,9422838.363418708,31840477.92575009,33170.0731707317
9423230.935148137,31841938.935231093,32682.29268292683,0.606290399459185,9422936.1981245,31841511.579432856,32194.51219512195,9423279.852501033,31842455.762072477,32194.51219512195,9423525.672171772,31842366.29102933,33170.0731707317,9423182.017795239,31841422.10838971,33170.0731707317
9423574.58952467,31842883.11787071,32682.29268292683,0.6371986845358866,9423279.852501033,31842455.762072477,32194.51219512195,9423623.506877566,31843399.944712095,32194.51219512195,9423869.326548304,31843310.473668948,33170.0731707317,9423525.672171772,31842366.29102933,33170.0731707317
9423918.2439012,31843827.300510332,32682.29268292683,0.8286753949225065,9423623.506877566,31843399.944712095,32194.51219512195,9423967.161254099,31844344.127351716,32194.51219512195,9424212.980924837,31844254.65630857,33170.0731707317,9423869.326548304,31843310.473668948,33170.0731707317
9424261.898277735,31844771.483149953,32682.29268292683,1.2295616823811832,9423967.161254099,31844344.127351716,32194.51219512195,9424310.815630632,31845288.309991337,32194.51219512195,9424556.63530137,31845198.838948194,33170.0731707317,9424212.980924837,31844254.65630857,33170.0731707317
9424605.552654266,31845715.66578957,32682.29268292683,1.5082825007367513,9424310.815630632,31845288.309991337,32194.51219512195,9424654.470007164,31846232.492630955,32194.51219512195,9424900.289677901,31846143.02158781,33170.0731707317,9424556.63530137,31845198.838948194,33170.0731707317
9424949.207030801,31846659.84842919,32682.29268292683,2.2851149646738267,9424654.470007164,31846232.492630955,32194.51219512195,9424998.124383697,31847176.675270576,32194.51219512195,9425243.944054434,31847087.204227433,33170.0731707317,9424900.289677901,31846143.02158781,33170.0731707317
9425292.861407332,31847604.031068817,32682.29268292683,2.805332184760932,9424998.124383697,31847176.675270576,32194.51219512195,9425341.77876023,31848120.857910197,32194.51219512195,9425587.598430967,31848031.386867054,33170.0731707317,9425243.944054434,31847087.204227433,33170.0731707317
9425636.515783865,31848548.213708434,32682.29268292683,3.9861432452156067,9425341.77876023,31848120.857910197,32194.51219512195,9425685.433136761,31849065.040549815,32194.51219512195,9425931.2528075,31848975.56950667,33170.0731707317,9425587.598430967,31848031.386867054,33170.0731707317
9425980.170160398,31849492.396348055,32682.29268292683,6.400156195185562,9425685.433136761,31849065.040549815,32194.51219512195,9426029.087513294,31850009.223189436,32194.51219512195,9426274.907184033,31849919.752146292,33170.0731707317,9425931.2528075,31848975.56950667,33170.0731707317
9426323.824536929,31850436.578987677,32682.29268292683,7.411243073829587,9426029.087513294,31850009.223189436,32194.51219512195,9426372.741889827,31850953.40582906,32194.51219512195,9426618.561560566,31850863.934785914,33170.0731707317,9426274.907184033,31849919.752146292,33170.0731707317
9426667.478913464,31851380.761627298,32682.29268292683,6.617175833728183,9426372.741889827,31850953.40582906,32194.51219512195,9426716.39626636,31851897.58846868,32194.51219512195,9426962.215937098,31851808.11742553,33170.0731707317,9426618.561560566,31850863.934785914,33170.0731707317
9427011.133289995,31852324.944266915,32682.29268292683,5.512229184512015,9426716.39626636,31851897.58846868,32194.51219512195,9427060.050642893,31852841.7711083,32194.51219512195,9427305.87031363,31852752.300065152,33170.0731707317,9426962.215937098,31851808.11742553,33170.0731707317
9427354.78766653,31853269.126906533,32682.29268292683,5.539079234275618,9427060.050642893,31852841.7711083,32194.51219512195,9427403.705019426,31853785.95374792,32194.51219512195,9427649.524690162,31853696.48270477,33170.0731707317,9427305.87031363,31852752.300065152,33170.0731707317
9427698.44204306,31854213.309546154,32682.29268292683,6.189108024505617,9427403.705019426,31853785.95374792,32194.51219512195,9427747.359395958,31854730.13638754,32194.51219512195,9427993.179066695,31854640.66534439,33170.0731707317,9427649.524690162,31853696.48270477,33170.0731707317
9428042.096419593,31855157.492185775,32682.29268292683,5.469474676682925,9427747.359395958,31854730.13638754,32194.51219512195,9428091.01377249,31855674.31902716,32194.51219512195,9428336.833443228,31855584.847984012,33170.0731707317,9427993.179066695,31854640.66534439,33170.0731707317
9428385.750796126,31856101.674825393,32682.29268292683,5.559968999058805,9428091.01377249,31855674.31902716,32194.51219512195,9428434.668149022,31856618.501666777,32194.51219512195,9428680.487819761,31856529.03062363,33170.0731707317,9428336.833443228,31855584.847984012,33170.0731707317
9428729.405172657,31857045.857465014,32682.29268292683,7.051016739949578,9428434.668149022,31856618.501666777,32194.51219512195,9428778.322525555,31857562.684306398,32194.51219512195,9429024.142196294,31857473.21326325,33170.0731707317,9428680.487819761,31856529.03062363,33170.0731707317
9429073.059549192,31857990.040104635,32682.29268292683,5.8745799251719095,9428778.322525555,31857562.684306398,32194.51219512195,9429121.976902088,31858506.86694602,32194.51219512195,9429367.796572827,31858417.395902876,33170.0731707317,9429024.142196294,31857473.21326325,33170.0731707317
9429416.713925723,31858934.222744256,32682.29268292683,5.579666681599982,9429121.976902088,31858506.86694602,32194.51219512195,9429465.631278621,31859451.049585637,32194.51219512195,9429711.450949358,31859361.578542493,33170.0731707317,9429367.796572827,31858417.395902876,33170.0731707317
9429760.368302258,31859878.405383874,32682.29268292683,5.796358827918253,9429465.631278621,31859451.049585637,32194.51219512195,9429809.285655154,31860395.232225258,32194.51219512195,9430055.10532589,31860305.761182114,33170.0731707317,9429711.450949358,31859361.578542493,33170.0731707317
9430104.022678789,31860822.5880235,32682.29268292683,5.448675812358023,9429809.285655154,31860395.232225258,32194.51219512195,9430152.940031687,31861339.41486488,32194.51219512195,9430398.759702424,31861249.943821736,33170.0731707317,9430055.10532589,31860305.761182114,33170.0731707317
9430447.677055322,31861766.77066312,32682.29268292683,4.234619653817694,9430152.940031687,31861339.41486488,32194.51219512195,9430496.594408218,31862283.597504497,32194.51219512195,9430742.414078956,31862194.126461353,33170.0731707317,9430398.759702424,31861249.943821736,33170.0731707317
9430791.331431855,31862710.953302734,32682.29268292683,3.8802531366260196,9430496.594408218,31862283.597504497,32194.51219512195,9430840.24878475,31863227.780144118,32194.51219512195,9431086.06845549,31863138.30910097,33170.0731707317,9430742.414078956,31862194.126461353,33170.0731707317
9431134.985808386,31863655.135942355,32682.29268292683,4.204389882929223,9430840.24878475,31863227.780144118,32194.51219512195,9431183.903161284,31864171.96278374,32194.51219512195,9431429.72283202,31864082.49174059,33170.0731707317,9431086.06845549,31863138.30910097,33170.0731707317
9431478.64018492,31864599.318581976,32682.29268292683,3.699095026697244,9431183.903161284,31864171.96278374,32194.51219512195,9431527.557537816,31865116.14542336,32194.51219512195,9431773.377208553,31865026.674380213,33170.0731707317,9431429.72283202,31864082.49174059,33170.0731707317
9431822.294561451,31865543.501221593,32682.29268292683,2.9297463610263774,9431527.557537816,31865116.14542336,32194.51219512195,9431871.21191435,31866060.328062978,32194.51219512195,9432117.031585086,31865970.85701983,33170.0731707317,9431773.377208553,31865026.674380213,33170.0731707317
9432165.948937986,31866487.683861215,32682.29268292683,3.264726240575213,9431871.21191435,31866060.328062978,32194.51219512195,9432214.86629088,31867004.5107026,32194.51219512195,9432460.685961619,31866915.03965945,33170.0731707317,9432117.031585086,31865970.85701983,33170.0731707317
9432509.603314517,31867431.866500836,32682.29268292683,3.72340766166086,9432214.86629088,31867004.5107026,32194.51219512195,9432558.520667413,31867948.69334222,32194.51219512195,9432804.340338152,31867859.222299073,33170.0731707317,9432460.685961619,31866915.03965945,33170.0731707317
9432853.25769105,31868376.049140453,32682.29268292683,4.063424097812801,9432558.520667413,31867948.69334222,32194.51219512195,9432902.175043946,31868892.875981838,32194.51219512195,9433147.994714685,31868803.40493869,33170.0731707317,9432804.340338152,31867859.222299073,33170.0731707317
9433196.912067583,31869320.231780075,32682.29268292683,4.101647630361865,9432902.175043946,31868892.875981838,32194.51219512195,9433245.829420479,31869837.05862146,32194.51219512195,9433491.649091218,31869747.58757831,33170.0731707317,9433147.994714685,31868803.40493869,33170.0731707317
9433540.566444114,31870264.414419696,32682.29268292683,3.5892366908358184,9433245.829420479,31869837.05862146,32194.51219512195,9433589.483797012,31870781.24126108,32194.51219512195,9433835.303467749,31870691.770217933,33170.0731707317,9433491.649091218,31869747.58757831,33170.0731707317
9433884.220820649,31871208.597059317,32682.29268292683,3.2927864629242287,9433589.483797012,31870781.24126108,32194.51219512195,9433933.138173545,31871725.423900697,32194.51219512195,9434178.957844282,31871635.952857554,33170.0731707317,9433835.303467749,31870691.770217933,33170.0731707317
9434227.87519718,31872152.779698934,32682.29268292683,3.9265447790767785,9433933.138173545,31871725.423900697,32194.51219512195,9434276.792550078,31872669.60654032,32194.51219512195,9434522.612220814,31872580.135497175,33170.0731707317,9434178.957844282,31871635.952857554,33170.0731707317
9434571.529573714,31873096.962338556,32682.29268292683,3.844061862168105,9434276.792550078,31872669.60654032,32194.51219512195,9434620.446926609,31873613.78917994,32194.51219512195,9434866.266597347,31873524.318136796,33170.0731707317,9434522.612220814,31872580.135497175,33170.0731707317
9434915.183950245,31874041.144978177,32682.29268292683,4.842739219025329,9434620.446926609,31873613.78917994,32194.51219512195,9434964.101303142,31874557.971819557,32194.51219512195,9435209.92097388,31874468.500776414,33170.0731707317,9434866.266597347,31873524.318136796,33170.0731707317
9435258.838326778,31874985.327617798,32682.29268292683,6.991779476597951,9434964.101303142,31874557.971819557,32194.51219512195,9435307.755679674,31875502.15445918,32194.51219512195,9435553.575350413,31875412.683416035,33170.0731707317,9435209.92097388,31874468.500776414,33170.0731707317
9435602.492703311,31875929.51025742,32682.29268292683,8.730461375237358,9435307.755679674,31875502.15445918,32194.51219512195,9435651.410056207,31876446.3370988,32194.51219512195,9435897.229726946,31876356.866055656,33170.0731707317,9435553.575350413,31875412.683416035,33170.0731707317
9435946.147079842,31876873.692897037,32682.29268292683,6.38729054027371,9435651.410056207,31876446.3370988,32194.51219512195,9435995.06443274,31877390.51973842,32194.51219512195,9436240.884103479,31877301.048695274,33170.0731707317,9435897.229726946,31876356.866055656,33170.0731707317
9436289.801456377,31877817.875536658,32682.29268292683,4.315012667667598,9435995.06443274,31877390.51973842,32194.51219512195,9436338.718809273,31878334.702378042,32194.51219512195,9436584.53848001,31878245.231334895,33170.0731707317,9436240.884103479,31877301.048695274,33170.0731707317
9436633.455832908,31878762.05817628,32682.29268292683,3.900475900108051,9436338.718809273,31878334.702378042,32194.51219512195,9436682.373185806,31879278.885017663,32194.51219512195,9436928.192856543,31879189.413974516,33170.0731707317,9436584.53848001,31878245.231334895,33170.0731707317
9436977.110209443,31879706.2408159,32682.29268292683,2.991549847569912,9436682.373185806,31879278.885017663,32194.51219512195,9437026.027562339,31880223.06765728,32194.51219512195,9437271.847233076,31880133.596614134,33170.0731707317,9436928.192856543,31879189.413974516,33170.0731707317
9437320.764585974,31880650.423455518,32682.29268292683,2.6968023751758086,9437026.027562339,31880223.06765728,32194.51219512195,9437369.68193887,31881167.250296902,32194.51219512195,9437615.501609609,31881077.779253755,33170.0731707317,9437271.847233076,31880133.596614134,33170.0731707317
9437664.418962507,31881594.60609514,32682.29268292683,2.557825608972874,9437369.68193887,31881167.250296902,32194.51219512195,9437713.336315403,31882111.432936523,32194.51219512195,9437959.155986141,31882021.961893372,33170.0731707317,9437615.501609609,31881077.779253755,33170.0731707317
9438008.07333904,31882538.78873476,32682.29268292683,2.1741079522071907,9437713.336315403,31882111.432936523,32194.51219512195,9438056.990691936,31883055.61557614,32194.51219512195,9438302.810362674,31882966.144532993,33170.0731707317,9437959.155986141,31882021.961893372,33170.0731707317
9438351.72771557,31883482.971374378,32682.29268292683,2.2860850157276045,9438056.990691936,31883055.61557614,32194.51219512195,9438400.645068469,31883999.79821576,32194.51219512195,9438646.464739207,31883910.327172615,33170.0731707317,9438302.810362674,31882966.144532993,33170.0731707317
9438695.382092105,31884427.154013995,32682.29268292683,1.6720522878927682,9438400.645068469,31883999.79821576,32194.51219512195,9438744.299445001,31884943.98085538,32194.51219512195,9438990.119115738,31884854.509812236,33170.0731707317,9438646.464739207,31883910.327172615,33170.0731707317
9439039.036468636,31885371.336653616,32682.29268292683,1.1565371312125652,9438744.299445001,31884943.98085538,32194.51219512195,9439087.953821532,31885888.163495,32194.51219512195,9439333.773492271,31885798.692451857,33170.0731707317,9438990.119115738,31884854.509812236,33170.0731707317
9439382.690845167,31886315.519293234,32682.29268292683,1.170713685434248,9439087.953821532,31885888.163495,32194.51219512195,9439431.608198065,31886832.346134618,32194.51219512195,9439677.427868804,31886742.875091475,33170.0731707317,9439333.773492271,31885798.692451857,33170.0731707317
9439726.345221702,31887259.70193286,32682.29268292683,1.3485195081719015,9439431.608198065,31886832.346134618,32194.51219512195,9439775.262574598,31887776.52877424,32194.51219512195,9440021.082245337,31887687.057731096,33170.0731707317,9439677.427868804,31886742.875091475,33170.0731707317
9440069.999598235,31888203.88457248,32682.29268292683,1.498611355429487,9439775.262574598,31887776.52877424,32194.51219512195,9440118.916951131,31888720.71141386,32194.51219512195,9440364.73662187,31888631.240370717,33170.0731707317,9440021.082245337,31887687.057731096,33170.0731707317
9440413.653974768,31889148.067212097,32682.29268292683,2.030334061262347,9440118.916951131,31888720.71141386,32194.51219512195,9440462.571327664,31889664.89405348,32194.51219512195,9440708.3909984,31889575.423010334,33170.0731707317,9440364.73662187,31888631.240370717,33170.0731707317
9440757.308351299,31890092.24985172,32682.29268292683,1.942471356684443,9440462.571327664,31889664.89405348,32194.51219512195,9440806.225704197,31890609.076693103,32194.51219512195,9441052.045374934,31890519.605649956,33170.0731707317,9440708.3909984,31889575.423010334,33170.0731707317
9441100.962727834,31891036.43249134,32682.29268292683,2.300271149782344,9440806.225704197,31890609.076693103,32194.51219512195,9441149.88008073,31891553.259332724,32194.51219512195,9441395.699751467,31891463.788289573,33170.0731707317,9441052.045374934,31890519.605649956,33170.0731707317
9441444.617104365,31891980.61513096,32682.29268292683,2.8720679843515002,9441149.88008073,31891553.259332724,32194.51219512195,9441493.53445726,31892497.44197234,32194.51219512195,9441739.354128,31892407.970929194,33170.0731707317,9441395.699751467,31891463.788289573,33170.0731707317
9441788.271480896,31892924.79777058,32682.29268292683,3.087526903471189,9441493.53445726,31892497.44197234,32194.51219512195,9441837.188833794,31893441.624611963,32194.51219512195,9442083.008504532,31893352.153568815,33170.0731707317,9441739.354128,31892407.970929194,33170.0731707317
9442131.92585743,31893868.980410196,32682.29268292683,2.7307818024793433,9441837.188833794,31893441.624611963,32194.51219512195,9442180.843210327,31894385.80725158,32194.51219512195,9442426.662881065,31894296.336208433,33170.0731707317,9442083.008504532,31893352.153568815,33170.0731707317
9442475.580233963,31894813.163049817,32682.29268292683,2.089155569643579,9442180.843210327,31894385.80725158,32194.51219512195,9442524.49758686,31895329.9898912,32194.51219512195,9442770.317257598,31895240.518848054,33170.0731707317,9442426.662881065,31894296.336208433,33170.0731707317
9442819.234610496,31895757.34568944,32682.29268292683,1.7176422539616216,9442524.49758686,31895329.9898912,32194.51219512195,9442868.151963392,31896274.172530822,32194.51219512195,9443113.971634129,31896184.701487675,33170.0731707317,9442770.317257598,31895240.518848054,33170.0731707317
9443162.888987027,31896701.528329056,32682.29268292683,1.5716430797224459,9442868.151963392,31896274.172530822,32194.51219512195,9443211.806339925,31897218.35517044,32194.51219512195,9443457.626010662,31897128.884127293,33170.0731707317,9443113.971634129,31896184.701487675,33170.0731707317
9443506.54336356,31897645.710968677,32682.29268292683,1.5942077960219292,9443211.806339925,31897218.35517044,32194.51219512195,9443555.460716458,31898162.53781006,32194.51219512195,9443801.280387195,31898073.066766918,33170.0731707317,9443457.626010662,31897128.884127293,33170.0731707317
9443850.197740093,31898589.8936083,32682.29268292683,1.3645289227221213,9443555.460716458,31898162.53781006,32194.51219512195,9443899.115092989,31899106.720449682,32194.51219512195,9444144.934763728,31899017.24940654,33170.0731707317,9443801.280387195,31898073.066766918,33170.0731707317
9444193.852116624,31899534.07624792,32682.29268292683,1.1492603098537744,9443899.115092989,31899106.720449682,32194.51219512195,9444242.769469522,31900050.9030893,32194.51219512195,9444488.58914026,31899961.432046156,33170.0731707317,9444144.934763728,31899017.24940654,33170.0731707317
9444537.506493159,31900478.258887537,32682.29268292683,0.9689885303660062,9444242.769469522,31900050.9030893,32194.51219512195,9444586.423846055,31900995.08572892,32194.51219512195,9444832.243516793,31900905.614685778,33170.0731707317,9444488.58914026,31899961.432046156,33170.0731707317
9444881.16086969,31901422.44152716,32682.29268292683,1.5868707266255795,9444586.423846055,31900995.08572892,32194.51219512195,9444930.078222588,31901939.268368542,32194.51219512195,9445175.897893326,31901849.7973254,33170.0731707317,9444832.243516793,31900905.614685778,33170.0731707317
9419352.902300484,31830519.27251251,33657.85365853658,0.1334964742535158,9419058.16527685,31830091.91671427,33170.0731707317,9419401.819653383,31831036.099353887,33170.0731707317,9419647.63932412,31830946.628310744,34145.634146341465,9419303.984947588,31830002.445671126,34145.634146341465
9419696.556677015,31831463.455152128,33657.85365853658,0.23859332329278332,9419401.819653383,31831036.099353887,33170.0731707317,9419745.474029914,31831980.281993512,33170.0731707317,9419991.293700652,31831890.810950365,34145.634146341465,9419647.63932412,31830946.628310744,34145.634146341465
9420040.21105355,31832407.63779175,33657.85365853658,0.1943504450984985,9419745.474029914,31831980.281993512,33170.0731707317,9420089.128406446,31832924.464633133,33170.0731707317,9420334.948077185,31832834.993589986,34145.634146341465,9419991.293700652,31831890.810950365,34145.634146341465
9420383.865430081,31833351.820431367,33657.85365853658,0.35452467107779306,9420089.128406446,31832924.464633133,33170.0731707317,9420432.78278298,31833868.64727275,33170.0731707317,9420678.602453718,31833779.176229604,34145.634146341465,9420334.948077185,31832834.993589986,34145.634146341465
9420727.519806612,31834296.003070988,33657.85365853658,0.40042699578230395,9420432.78278298,31833868.64727275,33170.0731707317,9420776.437159512,31834812.829912372,33170.0731707317,9421022.25683025,31834723.358869225,34145.634146341465,9420678.602453718,31833779.176229604,34145.634146341465
9421071.174183147,31835240.18571061,33657.85365853658,0.33811155994725284,9420776.437159512,31834812.829912372,33170.0731707317,9421120.091536043,31835757.012551993,33170.0731707317,9421365.911206784,31835667.541508846,34145.634146341465,9421022.25683025,31834723.358869225,34145.634146341465
9421414.82855968,31836184.368350226,33657.85365853658,0.6939050798814722,9421120.091536043,31835757.012551993,33170.0731707317,9421463.745912576,31836701.19519161,33170.0731707317,9421709.565583317,31836611.724148463,34145.634146341465,9421365.911206784,31835667.541508846,34145.634146341465
9421758.482936213,31837128.550989848,33657.85365853658,1.1545178908845561,9421463.745912576,31836701.19519161,33170.0731707317,9421807.400289109,31837645.37783123,33170.0731707317,9422053.21995985,31837555.906788085,34145.634146341465,9421709.565583317,31836611.724148463,34145.634146341465
9422102.137312744,31838072.73362947,33657.85365853658,0.690582041881712,9421807.400289109,31837645.37783123,33170.0731707317,9422151.054665642,31838589.560470853,33170.0731707317,9422396.87433638,31838500.089427706,34145.634146341465,9422053.21995985,31837555.906788085,34145.634146341465
9422445.791689279,31839016.91626909,33657.85365853658,0.6312926353766523,9422151.054665642,31838589.560470853,33170.0731707317,9422494.709042175,31839533.74311047,33170.0731707317,9422740.528712913,31839444.272067323,34145.634146341465,9422396.87433638,31838500.089427706,34145.634146341465
9422789.44606581,31839961.098908707,33657.85365853658,0.5014064064007168,9422494.709042175,31839533.74311047,33170.0731707317,9422838.363418708,31840477.92575009,33170.0731707317,9423084.183089446,31840388.45470695,34145.634146341465,9422740.528712913,31839444.272067323,34145.634146341465
9423133.100442344,31840905.28154833,33657.85365853658,0.563248633077203,9422838.363418708,31840477.92575009,33170.0731707317,9423182.017795239,31841422.10838971,33170.0731707317,9423427.83746598,31841332.637346566,34145.634146341465,9423084.183089446,31840388.45470695,34145.634146341465
9423476.754818875,31841849.464187946,33657.85365853658,0.5690447809977004,9423182.017795239,31841422.10838971,33170.0731707317,9423525.672171772,31842366.29102933,33170.0731707317,9423771.491842512,31842276.819986187,34145.634146341465,9423427.83746598,31841332.637346566,34145.634146341465
9423820.409195406,31842793.646827567,33657.85365853658,0.6262560292631356,9423525.672171772,31842366.29102933,33170.0731707317,9423869.326548304,31843310.473668948,33170.0731707317,9424115.146219043,31843221.002625804,34145.634146341465,9423771.491842512,31842276.819986187,34145.634146341465
9424164.063571941,31843737.82946719,33657.85365853658,0.6172437463470692,9423869.326548304,31843310.473668948,33170.0731707317,9424212.980924837,31844254.65630857,33170.0731707317,9424458.800595576,31844165.185265426,34145.634146341465,9424115.146219043,31843221.002625804,34145.634146341465
9424507.717948472,31844682.01210681,33657.85365853658,0.8508987495084918,9424212.980924837,31844254.65630857,33170.0731707317,9424556.63530137,31845198.838948194,33170.0731707317,9424802.454972109,31845109.367905047,34145.634146341465,9424458.800595576,31844165.185265426,34145.634146341465
9424851.372325005,31845626.194746427,33657.85365853658,1.7917480298035235,9424556.63530137,31845198.838948194,33170.0731707317,9424900.289677901,31846143.02158781,33170.0731707317,9425146.109348642,31846053.550544664,34145.634146341465,9424802.454972109,31845109.367905047,34145.634146341465
9425195.026701538,31846570.37738605,33657.85365853658,2.4242727331408402,9424900.289677901,31846143.02158781,33170.0731707317,9425243.944054434,31847087.204227433,33170.0731707317,9425489.763725175,31846997.733184285,34145.634146341465,9425146.109348642,31846053.550544664,34145.634146341465
9425538.681078069,31847514.56002567,33657.85365853658,3.2171903962272195,9425243.944054434,31847087.204227433,33170.0731707317,9425587.598430967,31848031.386867054,33170.0731707317,9425833.418101707,31847941.915823907,34145.634146341465,9425489.763725175,31846997.733184285,34145.634146341465
9425882.335454604,31848458.742665287,33657.85365853658,3.375837084174838,9425587.598430967,31848031.386867054,33170.0731707317,9425931.2528075,31848975.56950667,33170.0731707317,9426177.07247824,31848886.098463524,34145.634146341465,9425833.418101707,31847941.915823907,34145.634146341465
9426225.989831135,31849402.92530491,33657.85365853658,3.7674254914826077,9425931.2528075,31848975.56950667,33170.0731707317,9426274.907184033,31849919.752146292,33170.0731707317,9426520.726854771,31849830.281103145,34145.634146341465,9426177.07247824,31848886.098463524,34145.634146341465
9426569.64420767,31850347.10794453,33657.85365853658,4.352898539860764,9426274.907184033,31849919.752146292,33170.0731707317,9426618.561560566,31850863.934785914,33170.0731707317,9426864.381231304,31850774.463742763,34145.634146341465,9426520.726854771,31849830.281103145,34145.634146341465
9426913.2985842,31851291.29058415,33657.85365853658,5.105469786508516,9426618.561560566,31850863.934785914,33170.0731707317,9426962.215937098,31851808.11742553,33170.0731707317,9427208.035607837,31851718.646382384,34145.634146341465,9426864.381231304,31850774.463742763,34145.634146341465
9427256.952960733,31852235.47322377,33657.85365853658,5.5570095725860895,9426962.215937098,31851808.11742553,33170.0731707317,9427305.87031363,31852752.300065152,33170.0731707317,9427551.68998437,31852662.829022005,34145.634146341465,9427208.035607837,31851718.646382384,34145.634146341465
9427600.607337266,31853179.655863386,33657.85365853658,5.78138374701594,9427305.87031363,31852752.300065152,33170.0731707317,9427649.524690162,31853696.48270477,33170.0731707317,9427895.344360903,31853607.011661626,34145.634146341465,9427551.68998437,31852662.829022005,34145.634146341465
9427944.261713797,31854123.838503007,33657.85365853658,5.043772264693629,9427649.524690162,31853696.48270477,33170.0731707317,9427993.179066695,31854640.66534439,33170.0731707317,9428238.998737436,31854551.194301248,34145.634146341465,9427895.344360903,31853607.011661626,34145.634146341465
9428287.916090332,31855068.021142628,33657.85365853658,4.748194149898612,9427993.179066695,31854640.66534439,33170.0731707317,9428336.833443228,31855584.847984012,33170.0731707317,9428582.653113969,31855495.37694087,34145.634146341465,9428238.998737436,31854551.194301248,34145.634146341465
9428631.570466863,31856012.20378225,33657.85365853658,6.45654776230119,9428336.833443228,31855584.847984012,33170.0731707317,9428680.487819761,31856529.03062363,33170.0731707317,9428926.3074905,31856439.559580486,34145.634146341465,9428582.653113969,31855495.37694087,34145.634146341465
9428975.224843398,31856956.38642187,33657.85365853658,7.904820019719428,9428680.487819761,31856529.03062363,33170.0731707317,9429024.142196294,31857473.21326325,33170.0731707317,9429269.961867033,31857383.742220107,34145.634146341465,9428926.3074905,31856439.559580486,34145.634146341465
9429318.879219929,31857900.56906149,33657.85365853658,5.855596549764017,9429024.142196294,31857473.21326325,33170.0731707317,9429367.796572827,31858417.395902876,33170.0731707317,9429613.616243565,31858327.92485973,34145.634146341465,9429269.961867033,31857383.742220107,34145.634146341465
9429662.533596462,31858844.751701113,33657.85365853658,4.499814731835778,9429367.796572827,31858417.395902876,33170.0731707317,9429711.450949358,31859361.578542493,33170.0731707317,9429957.270620098,31859272.107499346,34145.634146341465,9429613.616243565,31858327.92485973,34145.634146341465
9430006.187972995,31859788.93434073,33657.85365853658,4.195038030409455,9429711.450949358,31859361.578542493,33170.0731707317,9430055.10532589,31860305.761182114,33170.0731707317,9430300.924996631,31860216.290138967,34145.634146341465,9429957.270620098,31859272.107499346,34145.634146341465
9430349.842349526,31860733.11698035,33657.85365853658,5.926664263421164,9430055.10532589,31860305.761182114,33170.0731707317,9430398.759702424,31861249.943821736,33170.0731707317,9430644.579373164,31861160.47277859,34145.634146341465,9430300.924996631,31860216.290138967,34145.634146341465
9430693.49672606,31861677.299619973,33657.85365853658,6.223268306878579,9430398.759702424,31861249.943821736,33170.0731707317,9430742.414078956,31862194.126461353,33170.0731707317,9430988.233749697,31862104.655418206,34145.634146341465,9430644.579373164,31861160.47277859,34145.634146341465
9431037.151102591,31862621.482259586,33657.85365853658,5.382341497641471,9430742.414078956,31862194.126461353,33170.0731707317,9431086.06845549,31863138.30910097,33170.0731707317,9431331.888126228,31863048.838057823,34145.634146341465,9430988.233749697,31862104.655418206,34145.634146341465
9431380.805479126,31863565.664899208,33657.85365853658,4.200164161819777,9431086.06845549,31863138.30910097,33170.0731707317,9431429.72283202,31864082.49174059,33170.0731707317,9431675.54250276,31863993.020697445,34145.634146341465,9431331.888126228,31863048.838057823,34145.634146341465
9431724.459855657,31864509.84753883,33657.85365853658,3.59132012304363,9431429.72283202,31864082.49174059,33170.0731707317,9431773.377208553,31865026.674380213,33170.0731707317,9432019.196879294,31864937.203337066,34145.634146341465,9431675.54250276,31863993.020697445,34145.634146341465
9432068.11423219,31865454.030178446,33657.85365853658,3.0339671150150074,9431773.377208553,31865026.674380213,33170.0731707317,9432117.031585086,31865970.85701983,33170.0731707317,9432362.851255827,31865881.385976683,34145.634146341465,9432019.196879294,31864937.203337066,34145.634146341465
9432411.768608723,31866398.212818068,33657.85365853658,3.1827841861388393,9432117.031585086,31865970.85701983,33170.0731707317,9432460.685961619,31866915.03965945,33170.0731707317,9432706.50563236,31866825.56861631,34145.634146341465,9432362.851255827,31865881.385976683,34145.634146341465
9432755.422985254,31867342.39545769,33657.85365853658,3.5300240733412944,9432460.685961619,31866915.03965945,33170.0731707317,9432804.340338152,31867859.222299073,33170.0731707317,9433050.16000889,31867769.75125593,34145.634146341465,9432706.50563236,31866825.56861631,34145.634146341465
9433099.077361789,31868286.578097306,33657.85365853658,4.1676680892215225,9432804.340338152,31867859.222299073,33170.0731707317,9433147.994714685,31868803.40493869,33170.0731707317,9433393.814385423,31868713.933895547,34145.634146341465,9433050.16000889,31867769.75125593,34145.634146341465
9433442.73173832,31869230.76073693,33657.85365853658,3.7147443635735695,9433147.994714685,31868803.40493869,33170.0731707317,9433491.649091218,31869747.58757831,33170.0731707317,9433737.468761956,31869658.11653517,34145.634146341465,9433393.814385423,31868713.933895547,34145.634146341465
9433786.386114854,31870174.943376552,33657.85365853658,2.9209124655578798,9433491.649091218,31869747.58757831,33170.0731707317,9433835.303467749,31870691.770217933,33170.0731707317,9434081.12313849,31870602.29917479,34145.634146341465,9433737.468761956,31869658.11653517,34145.634146341465
9434130.040491385,31871119.126016174,33657.85365853658,3.140418007060578,9433835.303467749,31870691.770217933,33170.0731707317,9434178.957844282,31871635.952857554,33170.0731707317,9434424.777515022,31871546.481814407,34145.634146341465,9434081.12313849,31870602.29917479,34145.634146341465
9434473.694867918,31872063.30865579,33657.85365853658,3.453701171643862,9434178.957844282,31871635.952857554,33170.0731707317,9434522.612220814,31872580.135497175,33170.0731707317,9434768.431891555,31872490.664454028,34145.634146341465,9434424.777515022,31871546.481814407,34145.634146341465
9434817.349244451,31873007.491295412,33657.85365853658,3.9916492057604844,9434522.612220814,31872580.135497175,33170.0731707317,9434866.266597347,31873524.318136796,33170.0731707317,9435112.086268088,31873434.84709365,34145.634146341465,9434768.431891555,31872490.664454028,34145.634146341465
9435161.003620982,31873951.67393503,33657.85365853658,4.602948621857254,9434866.266597347,31873524.318136796,33170.0731707317,9435209.92097388,31874468.500776414,33170.0731707317,9435455.74064462,31874379.029733267,34145.634146341465,9435112.086268088,31873434.84709365,34145.634146341465
9435504.657997517,31874895.85657465,33657.85365853658,5.463686235871892,9435209.92097388,31874468.500776414,33170.0731707317,9435553.575350413,31875412.683416035,33170.0731707317,9435799.395021152,31875323.212372888,34145.634146341465,9435455.74064462,31874379.029733267,34145.634146341465
9435848.312374048,31875840.039214272,33657.85365853658,6.891743154673594,9435553.575350413,31875412.683416035,33170.0731707317,9435897.229726946,31876356.866055656,33170.0731707317,9436143.049397685,31876267.39501251,34145.634146341465,9435799.395021152,31875323.212372888,34145.634146341465
9436191.966750583,31876784.22185389,33657.85365853658,5.963330936944272,9435897.229726946,31876356.866055656,33170.0731707317,9436240.884103479,31877301.048695274,33170.0731707317,9436486.703774218,31877211.577652127,34145.634146341465,9436143.049397685,31876267.39501251,34145.634146341465
9436535.621127114,31877728.40449351,33657.85365853658,3.776584539215843,9436240.884103479,31877301.048695274,33170.0731707317,9436584.53848001,31878245.231334895,33170.0731707317,9436830.35815075,31878155.760291748,34145.634146341465,9436486.703774218,31877211.577652127,34145.634146341465
9436879.275503647,31878672.587133132,33657.85365853658,3.274484722540462,9436584.53848001,31878245.231334895,33170.0731707317,9436928.192856543,31879189.413974516,33170.0731707317,9437174.012527283,31879099.942931365,34145.634146341465,9436830.35815075,31878155.760291748,34145.634146341465
9437222.92988018,31879616.76977275,33657.85365853658,3.7770880612578295,9436928.192856543,31879189.413974516,33170.0731707317,9437271.847233076,31880133.596614134,33170.0731707317,9437517.666903816,31880044.12557099,34145.634146341465,9437174.012527283,31879099.942931365,34145.634146341465
9437566.58425671,31880560.95241237,33657.85365853658,3.541143891696589,9437271.847233076,31880133.596614134,33170.0731707317,9437615.501609609,31881077.779253755,33170.0731707317,9437861.321280349,31880988.30821061,34145.634146341465,9437517.666903816,31880044.12557099,34145.634146341465
9437910.238633245,31881505.13505199,33657.85365853658,2.8818405292343776,9437615.501609609,31881077.779253755,33170.0731707317,9437959.155986141,31882021.961893372,33170.0731707317,9438204.97565688,31881932.49085023,34145.634146341465,9437861.321280349,31880988.30821061,34145.634146341465
9438253.893009776,31882449.317691613,33657.85365853658,2.6861035124112203,9437959.155986141,31882021.961893372,33170.0731707317,9438302.810362674,31882966.144532993,33170.0731707317,9438548.630033413,31882876.67348985,34145.634146341465,9438204.97565688,31881932.49085023,34145.634146341465
9438597.547386311,31883393.500331234,33657.85365853658,2.468256618671402,9438302.810362674,31882966.144532993,33170.0731707317,9438646.464739207,31883910.327172615,33170.0731707317,9438892.284409946,31883820.85612947,34145.634146341465,9438548.630033413,31882876.67348985,34145.634146341465
9438941.201762842,31884337.68297085,33657.85365853658,1.5765441180680877,9438646.464739207,31883910.327172615,33170.0731707317,9438990.119115738,31884854.509812236,33170.0731707317,9439235.938786479,31884765.03876909,34145.634146341465,9438892.284409946,31883820.85612947,34145.634146341465
9439284.856139375,31885281.865610473,33657.85365853658,1.113235138370779,9438990.119115738,31884854.509812236,33170.0731707317,9439333.773492271,31885798.692451857,33170.0731707317,9439579.593163012,31885709.22140871,34145.634146341465,9439235.938786479,31884765.03876909,34145.634146341465
9439628.510515908,31886226.04825009,33657.85365853658,1.028384185111161,9439333.773492271,31885798.692451857,33170.0731707317,9439677.427868804,31886742.875091475,33170.0731707317,9439923.247539543,31886653.404048327,34145.634146341465,9439579.593163012,31885709.22140871,34145.634146341465
9439972.164892439,31887170.23088971,33657.85365853658,1.4360415575133636,9439677.427868804,31886742.875091475,33170.0731707317,9440021.082245337,31887687.057731096,33170.0731707317,9440266.901916075,31887597.58668795,34145.634146341465,9439923.247539543,31886653.404048327,34145.634146341465
9440315.819268974,31888114.413529333,33657.85365853658,1.7119281212503745,9440021.082245337,31887687.057731096,33170.0731707317,9440364.73662187,31888631.240370717,33170.0731707317,9440610.556292608,31888541.769327566,34145.634146341465,9440266.901916075,31887597.58668795,34145.634146341465
9440659.473645505,31889058.59616895,33657.85365853658,2.0838583508877715,9440364.73662187,31888631.240370717,33170.0731707317,9440708.3909984,31889575.423010334,33170.0731707317,9440954.210669141,31889485.951967187,34145.634146341465,9440610.556292608,31888541.769327566,34145.634146341465
9441003.128022036,31890002.77880857,33657.85365853658,1.6149947665154485,9440708.3909984,31889575.423010334,33170.0731707317,9441052.045374934,31890519.605649956,33170.0731707317,9441297.865045674,31890430.13460681,34145.634146341465,9440954.210669141,31889485.951967187,34145.634146341465
9441346.78239857,31890946.961448193,33657.85365853658,1.6507188811056535,9441052.045374934,31890519.605649956,33170.0731707317,9441395.699751467,31891463.788289573,33170.0731707317,9441641.519422207,31891374.317246426,34145.634146341465,9441297.865045674,31890430.13460681,34145.634146341465
9441690.436775103,31891891.14408781,33657.85365853658,1.5566447996271453,9441395.699751467,31891463.788289573,33170.0731707317,9441739.354128,31892407.970929194,33170.0731707317,9441985.17379874,31892318.499886047,34145.634146341465,9441641.519422207,31891374.317246426,34145.634146341465
9442034.091151636,31892835.32672743,33657.85365853658,1.3888726232654973,9441739.354128,31892407.970929194,33170.0731707317,9442083.008504532,31893352.153568815,33170.0731707317,9442328.82817527,31893262.682525672,34145.634146341465,9441985.17379874,31892318.499886047,34145.634146341465
9442377.745528167,31893779.50936705,33657.85365853658,1.796885604888714,9442083.008504532,31893352.153568815,33170.0731707317,9442426.662881065,31894296.336208433,33170.0731707317,9442672.482551804,31894206.86516529,34145.634146341465,9442328.82817527,31893262.682525672,34145.634146341465
9442721.399904702,31894723.69200667,33657.85365853658,2.000616628297031,9442426.662881065,31894296.336208433,33170.0731707317,9442770.317257598,31895240.518848054,33170.0731707317,9443016.136928337,31895151.04780491,34145.634146341465,9442672.482551804,31894206.86516529,34145.634146341465
9443065.054281233,31895667.874646295,33657.85365853658,1.4238975592625709,9442770.317257598,31895240.518848054,33170.0731707317,9443113.971634129,31896184.701487675,33170.0731707317,9443359.79130487,31896095.230444532,34145.634146341465,9443016.136928337,31895151.04780491,34145.634146341465
9443408.708657764,31896612.057285912,33657.85365853658,1.5010496273361706,9443113.971634129,31896184.701487675,33170.0731707317,9443457.626010662,31897128.884127293,33170.0731707317,9443703.445681402,31897039.41308415,34145.634146341465,9443359.79130487,31896095.230444532,34145.634146341465
9443752.363034299,31897556.239925534,33657.85365853658,1.9178934143472797,9443457.626010662,31897128.884127293,33170.0731707317,9443801.280387195,31898073.066766918,33170.0731707317,9444047.100057935,31897983.59572377,34145.634146341465,9443703.445681402,31897039.41308415,34145.634146341465
9444096.017410832,31898500.422565155,33657.85365853658,1.1183751859010522,9443801.280387195,31898073.066766918,33170.0731707317,9444144.934763728,31899017.24940654,33170.0731707317,9444390.754434468,31898927.77836339,34145.634146341465,9444047.100057935,31897983.59572377,34145.634146341465
9444439.671787364,31899444.605204776,33657.85365853658,0.8340332725115223,9444144.934763728,31899017.24940654,33170.0731707317,9444488.58914026,31899961.432046156,33170.0731707317,9444734.408811,31899871.96100301,34145.634146341465,9444390.754434468,31898927.77836339,34145.634146341465
9444783.326163895,31900388.787844393,33657.85365853658,1.449438810985841,9444488.58914026,31899961.432046156,33170.0731707317,9444832.243516793,31900905.614685778,33170.0731707317,9445078.063187532,31900816.14364263,34145.634146341465,9444734.408811,31899871.96100301,34145.634146341465
9445126.98054043,31901332.970484015,33657.85365853658,1.8745598955786866,9444832.243516793,31900905.614685778,33170.0731707317,9445175.897893326,31901849.7973254,33170.0731707317,9445421.717564065,31901760.32628225,34145.634146341465,9445078.063187532,31900816.14364263,34145.634146341465
9419598.721971223,31830429.801469363,34633.41463414634,0.1098621376837058,9419303.984947588,31830002.445671126,34145.634146341465,9419647.63932412,31830946.628310744,34145.634146341465,9419893.458994858,31830857.157267597,35121.19512195122,9419549.804618325,31829912.97462798,35121.19512195122
9419942.376347754,31831373.98410898,34633.41463414634,0.21835153781378946,9419647.63932412,31830946.628310744,34145.634146341465,9419991.293700652,31831890.810950365,34145.634146341465,9420237.11337139,31831801.339907218,35121.19512195122,9419893.458994858,31830857.157267597,35121.19512195122
9420286.030724289,31832318.166748602,34633.41463414634,0.19515631126444122,9419991.293700652,31831890.810950365,34145.634146341465,9420334.948077185,31832834.993589986,34145.634146341465,9420580.767747924,31832745.52254684,35121.19512195122,9420237.11337139,31831801.339907218,35121.19512195122
9420629.685100822,31833262.34938822,34633.41463414634,0.21266152669821078,9420334.948077185,31832834.993589986,34145.634146341465,9420678.602453718,31833779.176229604,34145.634146341465,9420924.422124457,31833689.705186456,35121.19512195122,9420580.767747924,31832745.52254684,35121.19512195122
9420973.339477355,31834206.53202784,34633.41463414634,0.23924773518150144,9420678.602453718,31833779.176229604,34145.634146341465,9421022.25683025,31834723.358869225,34145.634146341465,9421268.07650099,31834633.887826078,35121.19512195122,9420924.422124457,31833689.705186456,35121.19512195122
9421316.993853886,31835150.71466746,34633.41463414634,0.23385127936157465,9421022.25683025,31834723.358869225,34145.634146341465,9421365.911206784,31835667.541508846,34145.634146341465,9421611.73087752,31835578.070465703,35121.19512195122,9421268.07650099,31834633.887826078,35121.19512195122
9421660.64823042,31836094.89730708,34633.41463414634,0.4665802547493924,9421365.911206784,31835667.541508846,34145.634146341465,9421709.565583317,31836611.724148463,34145.634146341465,9421955.385254053,31836522.25310532,35121.19512195122,9421611.73087752,31835578.070465703,35121.19512195122
9422004.302606951,31837039.0799467,34633.41463414634,0.5584207096651437,9421709.565583317,31836611.724148463,34145.634146341465,9422053.21995985,31837555.906788085,34145.634146341465,9422299.039630586,31837466.43574494,35121.19512195122,9421955.385254053,31836522.25310532,35121.19512195122
9422347.956983486,31837983.262586325,34633.41463414634,0.512925200922222,9422053.21995985,31837555.906788085,34145.634146341465,9422396.87433638,31838500.089427706,34145.634146341465,9422642.69400712,31838410.61838456,35121.19512195122,9422299.039630586,31837466.43574494,35121.19512195122
9422691.611360017,31838927.445225943,34633.41463414634,0.5327109854997295,9422396.87433638,31838500.089427706,34145.634146341465,9422740.528712913,31839444.272067323,34145.634146341465,9422986.348383652,31839354.80102418,35121.19512195122,9422642.69400712,31838410.61838456,35121.19512195122
9423035.26573655,31839871.627865564,34633.41463414634,0.514059426458187,9422740.528712913,31839444.272067323,34145.634146341465,9423084.183089446,31840388.45470695,34145.634146341465,9423330.002760185,31840298.9836638,35121.19512195122,9422986.348383652,31839354.80102418,35121.19512195122
9423378.920113083,31840815.810505185,34633.41463414634,0.4441607521091282,9423084.183089446,31840388.45470695,34145.634146341465,9423427.83746598,31841332.637346566,34145.634146341465,9423673.657136716,31841243.16630342,35121.19512195122,9423330.002760185,31840298.9836638,35121.19512195122
9423722.574489614,31841759.993144803,34633.41463414634,0.5907603701185735,9423427.83746598,31841332.637346566,34145.634146341465,9423771.491842512,31842276.819986187,34145.634146341465,9424017.311513249,31842187.34894304,35121.19512195122,9423673.657136716,31841243.16630342,35121.19512195122
9424066.228866147,31842704.17578442,34633.41463414634,0.8936219140244673,9423771.491842512,31842276.819986187,34145.634146341465,9424115.146219043,31843221.002625804,34145.634146341465,9424360.965889782,31843131.531582657,35121.19512195122,9424017.311513249,31842187.34894304,35121.19512195122
9424409.88324268,31843648.35842404,34633.41463414634,1.2096190819898902,9424115.146219043,31843221.002625804,34145.634146341465,9424458.800595576,31844165.185265426,34145.634146341465,9424704.620266315,31844075.71422228,35121.19512195122,9424360.965889782,31843131.531582657,35121.19512195122
9424753.53761921,31844592.541063663,34633.41463414634,1.3758730062368885,9424458.800595576,31844165.185265426,34145.634146341465,9424802.454972109,31845109.367905047,34145.634146341465,9425048.274642847,31845019.8968619,35121.19512195122,9424704.620266315,31844075.71422228,35121.19512195122
9425097.191995746,31845536.72370328,34633.41463414634,1.4791914841764646,9424802.454972109,31845109.367905047,34145.634146341465,9425146.109348642,31846053.550544664,34145.634146341465,9425391.92901938,31845964.079501517,35121.19512195122,9425048.274642847,31845019.8968619,35121.19512195122
9425440.846372277,31846480.9063429,34633.41463414634,1.6213380850857528,9425146.109348642,31846053.550544664,34145.634146341465,9425489.763725175,31846997.733184285,34145.634146341465,9425735.583395911,31846908.26214114,35121.19512195122,9425391.92901938,31845964.079501517,35121.19512195122
9425784.500748811,31847425.088982522,34633.41463414634,1.9209745408174705,9425489.763725175,31846997.733184285,34145.634146341465,9425833.418101707,31847941.915823907,34145.634146341465,9426079.237772444,31847852.44478076,35121.19512195122,9425735.583395911,31846908.26214114,35121.19512195122
9426128.155125342,31848369.27162214,34633.41463414634,1.7419014840492513,9425833.418101707,31847941.915823907,34145.634146341465,9426177.07247824,31848886.098463524,34145.634146341465,9426422.892148977,31848796.62742038,35121.19512195122,9426079.237772444,31847852.44478076,35121.19512195122
9426471.809501875,31849313.45426176,34633.41463414634,2.142421014207501,9426177.07247824,31848886.098463524,34145.634146341465,9426520.726854771,31849830.281103145,34145.634146341465,9426766.54652551,31849740.810060002,35121.19512195122,9426422.892148977,31848796.62742038,35121.19512195122
9426815.463878408,31850257.636901382,34633.41463414634,3.0814186455922306,9426520.726854771,31849830.281103145,34145.634146341465,9426864.381231304,31850774.463742763,34145.634146341465,9427110.200902043,31850684.99269962,35121.19512195122,9426766.54652551,31849740.810060002,35121.19512195122
9427159.11825494,31851201.819541004,34633.41463414634,3.700334227306681,9426864.381231304,31850774.463742763,34145.634146341465,9427208.035607837,31851718.646382384,34145.634146341465,9427453.855278576,31851629.17533924,35121.19512195122,9427110.200902043,31850684.99269962,35121.19512195122
9427502.772631474,31852146.002180625,34633.41463414634,5.204733329733842,9427208.035607837,31851718.646382384,34145.634146341465,9427551.68998437,31852662.829022005,34145.634146341465,9427797.509655109,31852573.35797886,35121.19512195122,9427453.855278576,31851629.17533924,35121.19512195122
9427846.427008005,31853090.184820242,34633.41463414634,6.260898974627302,9427551.68998437,31852662.829022005,34145.634146341465,9427895.344360903,31853607.011661626,34145.634146341465,9428141.16403164,31853517.54061848,35121.19512195122,9427797.509655109,31852573.35797886,35121.19512195122
9428190.081384538,31854034.367459863,34633.41463414634,5.87621527277412,9427895.344360903,31853607.011661626,34145.634146341465,9428238.998737436,31854551.194301248,34145.634146341465,9428484.818408173,31854461.7232581,35121.19512195122,9428141.16403164,31853517.54061848,35121.19512195122
9428533.735761069,31854978.550099485,34633.41463414634,6.142370079415219,9428238.998737436,31854551.194301248,34145.634146341465,9428582.653113969,31855495.37694087,34145.634146341465,9428828.472784705,31855405.90589772,35121.19512195122,9428484.818408173,31854461.7232581,35121.19512195122
9428877.390137602,31855922.732739102,34633.41463414634,5.900863457086957,9428582.653113969,31855495.37694087,34145.634146341465,9428926.3074905,31856439.559580486,34145.634146341465,9429172.127161238,31856350.08853734,35121.19512195122,9428828.472784705,31855405.90589772,35121.19512195122
9429221.044514135,31856866.915378723,34633.41463414634,6.485375944702697,9428926.3074905,31856439.559580486,34145.634146341465,9429269.961867033,31857383.742220107,34145.634146341465,9429515.781537771,31857294.27117696,35121.19512195122,9429172.127161238,31856350.08853734,35121.19512195122
9429564.698890667,31857811.098018344,34633.41463414634,6.169484533751228,9429269.961867033,31857383.742220107,34145.634146341465,9429613.616243565,31858327.92485973,34145.634146341465,9429859.435914304,31858238.45381658,35121.19512195122,9429515.781537771,31857294.27117696,35121.19512195122
9429908.3532672,31858755.280657966,34633.41463414634,4.314544608472994,9429613.616243565,31858327.92485973,34145.634146341465,9429957.270620098,31859272.107499346,34145.634146341465,9430203.090290837,31859182.6364562,35121.19512195122,9429859.435914304,31858238.45381658,35121.19512195122
9430252.007643731,31859699.463297583,34633.41463414634,4.4506459823496165,9429957.270620098,31859272.107499346,34145.634146341465,9430300.924996631,31860216.290138967,34145.634146341465,9430546.744667368,31860126.81909582,35121.19512195122,9430203.090290837,31859182.6364562,35121.19512195122
9430595.662020266,31860643.645937204,34633.41463414634,4.670690974232321,9430300.924996631,31860216.290138967,34145.634146341465,9430644.579373164,31861160.47277859,34145.634146341465,9430890.3990439,31861071.00173544,35121.19512195122,9430546.744667368,31860126.81909582,35121.19512195122
9430939.316396797,31861587.828576826,34633.41463414634,4.317881469476568,9430644.579373164,31861160.47277859,34145.634146341465,9430988.233749697,31862104.655418206,34145.634146341465,9431234.053420434,31862015.184375063,35121.19512195122,9430890.3990439,31861071.00173544,35121.19512195122
9431282.97077333,31862532.01121644,34633.41463414634,4.998524222064213,9430988.233749697,31862104.655418206,34145.634146341465,9431331.888126228,31863048.838057823,34145.634146341465,9431577.707796967,31862959.36701468,35121.19512195122,9431234.053420434,31862015.184375063,35121.19512195122
9431626.625149863,31863476.19385606,34633.41463414634,4.606367285843828,9431331.888126228,31863048.838057823,34145.634146341465,9431675.54250276,31863993.020697445,34145.634146341465,9431921.3621735,31863903.5496543,35121.19512195122,9431577.707796967,31862959.36701468,35121.19512195122
9431970.279526394,31864420.376495685,34633.41463414634,4.279109960608669,9431675.54250276,31863993.020697445,34145.634146341465,9432019.196879294,31864937.203337066,34145.634146341465,9432265.01655003,31864847.732293922,35121.19512195122,9431921.3621735,31863903.5496543,35121.19512195122
9432313.933902929,31865364.559135303,34633.41463414634,3.3836380954716363,9432019.196879294,31864937.203337066,34145.634146341465,9432362.851255827,31865881.385976683,34145.634146341465,9432608.670926563,31865791.91493354,35121.19512195122,9432265.01655003,31864847.732293922,35121.19512195122
9432657.58827946,31866308.741774924,34633.41463414634,2.7103746247533658,9432362.851255827,31865881.385976683,34145.634146341465,9432706.50563236,31866825.56861631,34145.634146341465,9432952.325303096,31866736.09757316,35121.19512195122,9432608.670926563,31865791.91493354,35121.19512195122
9433001.242655994,31867252.924414545,34633.41463414634,2.909431657009237,9432706.50563236,31866825.56861631,34145.634146341465,9433050.16000889,31867769.75125593,34145.634146341465,9433295.97967963,31867680.280212782,35121.19512195122,9432952.325303096,31866736.09757316,35121.19512195122
9433344.897032525,31868197.107054163,34633.41463414634,2.868341667432607,9433050.16000889,31867769.75125593,34145.634146341465,9433393.814385423,31868713.933895547,34145.634146341465,9433639.634056162,31868624.4628524,35121.19512195122,9433295.97967963,31867680.280212782,35121.19512195122
9433688.551409058,31869141.289693784,34633.41463414634,2.7231175492298907,9433393.814385423,31868713.933895547,34145.634146341465,9433737.468761956,31869658.11653517,34145.634146341465,9433983.288432695,31869568.64549202,35121.19512195122,9433639.634056162,31868624.4628524,35121.19512195122
9434032.205785591,31870085.472333405,34633.41463414634,3.150157989003751,9433737.468761956,31869658.11653517,34145.634146341465,9434081.12313849,31870602.29917479,34145.634146341465,9434326.942809228,31870512.828131642,35121.19512195122,9433983.288432695,31869568.64549202,35121.19512195122
9434375.860162122,31871029.654973026,34633.41463414634,3.5231546675532277,9434081.12313849,31870602.29917479,34145.634146341465,9434424.777515022,31871546.481814407,34145.634146341465,9434670.59718576,31871457.01077126,35121.19512195122,9434326.942809228,31870512.828131642,35121.19512195122
9434719.514538657,31871973.837612644,34633.41463414634,4.4143997682646905,9434424.777515022,31871546.481814407,34145.634146341465,9434768.431891555,31872490.664454028,34145.634146341465,9435014.251562292,31872401.19341088,35121.19512195122,9434670.59718576,31871457.01077126,35121.19512195122
9435063.168915188,31872918.02025226,34633.41463414634,5.406380451898997,9434768.431891555,31872490.664454028,34145.634146341465,9435112.086268088,31873434.84709365,34145.634146341465,9435357.905938825,31873345.3760505,35121.19512195122,9435014.251562292,31872401.19341088,35121.19512195122
9435406.823291723,31873862.202891883,34633.41463414634,4.982515492126655,9435112.086268088,31873434.84709365,34145.634146341465,9435455.74064462,31874379.029733267,34145.634146341465,9435701.560315358,31874289.55869012,35121.19512195122,9435357.905938825,31873345.3760505,35121.19512195122
9435750.477668254,31874806.385531504,34633.41463414634,4.719541089593638,9435455.74064462,31874379.029733267,34145.634146341465,9435799.395021152,31875323.212372888,34145.634146341465,9436045.21469189,31875233.741329744,35121.19512195122,9435701.560315358,31874289.55869012,35121.19512195122
9436094.132044787,31875750.56817112,34633.41463414634,4.145909494458807,9435799.395021152,31875323.212372888,34145.634146341465,9436143.049397685,31876267.39501251,34145.634146341465,9436388.869068423,31876177.923969362,35121.19512195122,9436045.21469189,31875233.741329744,35121.19512195122
9436437.78642132,31876694.750810742,34633.41463414634,4.115387194865881,9436143.049397685,31876267.39501251,34145.634146341465,9436486.703774218,31877211.577652127,34145.634146341465,9436732.523444956,31877122.106608983,35121.19512195122,9436388.869068423,31876177.923969362,35121.19512195122
9436781.44079785,31877638.933450367,34633.41463414634,3.876625549791786,9436486.703774218,31877211.577652127,34145.634146341465,9436830.35815075,31878155.760291748,34145.634146341465,9437076.177821489,31878066.289248604,35121.19512195122,9436732.523444956,31877122.106608983,35121.19512195122
9437125.095174385,31878583.11608999,34633.41463414634,4.170761414387888,9436830.35815075,31878155.760291748,34145.634146341465,9437174.012527283,31879099.942931365,34145.634146341465,9437419.83219802,31879010.47188822,35121.19512195122,9437076.177821489,31878066.289248604,35121.19512195122
9437468.749550916,31879527.298729606,34633.41463414634,5.346978558695114,9437174.012527283,31879099.942931365,34145.634146341465,9437517.666903816,31880044.12557099,34145.634146341465,9437763.486574553,31879954.654527843,35121.19512195122,9437419.83219802,31879010.47188822,35121.19512195122
9437812.403927451,31880471.481369227,34633.41463414634,4.361394654449329,9437517.666903816,31880044.12557099,34145.634146341465,9437861.321280349,31880988.30821061,34145.634146341465,9438107.140951086,31880898.837167464,35121.19512195122,9437763.486574553,31879954.654527843,35121.19512195122
9438156.058303982,31881415.66400885,34633.41463414634,3.7963064907598443,9437861.321280349,31880988.30821061,34145.634146341465,9438204.97565688,31881932.49085023,34145.634146341465,9438450.795327619,31881843.01980708,35121.19512195122,9438107.140951086,31880898.837167464,35121.19512195122
9438499.712680515,31882359.846648466,34633.41463414634,3.580273821775252,9438204.97565688,31881932.49085023,34145.634146341465,9438548.630033413,31882876.67348985,34145.634146341465,9438794.449704152,31882787.202446703,35121.19512195122,9438450.795327619,31881843.01980708,35121.19512195122
9438843.367057048,31883304.029288087,34633.41463414634,3.561411612245653,9438548.630033413,31882876.67348985,34145.634146341465,9438892.284409946,31883820.85612947,34145.634146341465,9439138.104080684,31883731.385086324,35121.19512195122,9438794.449704152,31882787.202446703,35121.19512195122
9439187.021433579,31884248.211927705,34633.41463414634,3.1723019740132967,9438892.284409946,31883820.85612947,34145.634146341465,9439235.938786479,31884765.03876909,34145.634146341465,9439481.758457217,31884675.56772594,35121.19512195122,9439138.104080684,31883731.385086324,35121.19512195122
9439530.675810114,31885192.394567326,34633.41463414634,2.830784586551306,9439235.938786479,31884765.03876909,34145.634146341465,9439579.593163012,31885709.22140871,34145.634146341465,9439825.412833748,31885619.75036556,35121.19512195122,9439481.758457217,31884675.56772594,35121.19512195122
9439874.330186645,31886136.577206943,34633.41463414634,1.828877224227229,9439579.593163012,31885709.22140871,34145.634146341465,9439923.247539543,31886653.404048327,34145.634146341465,9440169.067210281,31886563.93300518,35121.19512195122,9439825.412833748,31885619.75036556,35121.19512195122
9440217.984563176,31887080.759846564,34633.41463414634,2.0130478515004486,9439923.247539543,31886653.404048327,34145.634146341465,9440266.901916075,31887597.58668795,34145.634146341465,9440512.721586814,31887508.1156448,35121.19512195122,9440169.067210281,31886563.93300518,35121.19512195122
9440561.63893971,31888024.94248618,34633.41463414634,1.4888234514727516,9440266.901916075,31887597.58668795,34145.634146341465,9440610.556292608,31888541.769327566,34145.634146341465,9440856.375963347,31888452.298284423,35121.19512195122,9440512.721586814,31887508.1156448,35121.19512195122
9440905.293316243,31888969.125125803,34633.41463414634,1.5233455853581395,9440610.556292608,31888541.769327566,34145.634146341465,9440954.210669141,31889485.951967187,34145.634146341465,9441200.03033988,31889396.480924044,35121.19512195122,9440856.375963347,31888452.298284423,35121.19512195122
9441248.947692776,31889913.307765424,34633.41463414634,2.0373987605179287,9440954.210669141,31889485.951967187,34145.634146341465,9441297.865045674,31890430.13460681,34145.634146341465,9441543.684716411,31890340.663563665,35121.19512195122,9441200.03033988,31889396.480924044,35121.19512195122
9441592.602069307,31890857.49040505,34633.41463414634,1.8343090189700562,9441297.865045674,31890430.13460681,34145.634146341465,9441641.519422207,31891374.317246426,34145.634146341465,9441887.339092944,31891284.846203282,35121.19512195122,9441543.684716411,31890340.663563665,35121.19512195122
9441936.256445842,31891801.673044667,34633.41463414634,1.5788142726948942,9441641.519422207,31891374.317246426,34145.634146341465,9441985.17379874,31892318.499886047,34145.634146341465,9442230.993469477,31892229.028842904,35121.19512195122,9441887.339092944,31891284.846203282,35121.19512195122
9442279.910822373,31892745.855684288,34633.41463414634,1.3041763264372195,9441985.17379874,31892318.499886047,34145.634146341465,9442328.82817527,31893262.682525672,34145.634146341465,9442574.64784601,31893173.211482525,35121.19512195122,9442230.993469477,31892229.028842904,35121.19512195122
9442623.565198904,31893690.038323905,34633.41463414634,1.4367917946395312,9442328.82817527,31893262.682525672,34145.634146341465,9442672.482551804,31894206.86516529,34145.634146341465,9442918.302222542,31894117.394122142,35121.19512195122,9442574.64784601,31893173.211482525,35121.19512195122
9442967.219575439,31894634.220963527,34633.41463414634,1.0362240853607576,9442672.482551804,31894206.86516529,34145.634146341465,9443016.136928337,31895151.04780491,34145.634146341465,9443261.956599075,31895061.576761764,35121.19512195122,9442918.302222542,31894117.394122142,35121.19512195122
9443310.873951972,31895578.403603148,34633.41463414634,0.8056582217435364,9443016.136928337,31895151.04780491,34145.634146341465,9443359.79130487,31896095.230444532,34145.634146341465,9443605.610975608,31896005.759401385,35121.19512195122,9443261.956599075,31895061.576761764,35121.19512195122
9443654.528328504,31896522.586242765,34633.41463414634,1.0419064670954283,9443359.79130487,31896095.230444532,34145.634146341465,9443703.445681402,31897039.41308415,34145.634146341465,9443949.26535214,31896949.942041002,35121.19512195122,9443605.610975608,31896005.759401385,35121.19512195122
9443998.182705035,31897466.768882386,34633.41463414634,1.3494118749555053,9443703.445681402,31897039.41308415,34145.634146341465,9444047.100057935,31897983.59572377,34145.634146341465,9444292.919728672,31897894.124680623,35121.19512195122,9443949.26535214,31896949.942041002,35121.19512195122
9444341.83708157,31898410.951522008,34633.41463414634,0.84262247456436,9444047.100057935,31897983.59572377,34145.634146341465,9444390.754434468,31898927.77836339,34145.634146341465,9444636.574105205,31898838.307320245,35121.19512195122,9444292.919728672,31897894.124680623,35121.19512195122
9444685.491458101,31899355.13416163,34633.41463414634,0.8501698431345457,9444390.754434468,31898927.77836339,34145.634146341465,9444734.408811,31899871.96100301,34145.634146341465,9444980.228481738,31899782.489959862,35121.19512195122,9444636.574105205,31898838.307320245,35121.19512195122
9445029.145834632,31900299.316801246,34633.41463414634,1.1695723224942192,9444734.408811,31899871.96100301,34145.634146341465,9445078.063187532,31900816.14364263,34145.634146341465,9445323.88285827,31900726.672599483,35121.19512195122,9444980.228481738,31899782.489959862,35121.19512195122
9445372.800211167,31901243.499440867,34633.41463414634,2.138026047161549,9445078.063187532,31900816.14364263,34145.634146341465,9445421.717564065,31901760.32628225,34145.634146341465,9445667.537234804,31901670.855239104,35121.19512195122,9445323.88285827,31900726.672599483,35121.19512195122
9419844.541641962,31830340.330426216,35608.975609756104,0.12679702151875366,9419549.804618325,31829912.97462798,35121.19512195122,9419893.458994858,31830857.157267597,35121.19512195122,9420139.278665598,31830767.686224453,36096.756097560974,9419795.624289066,31829823.503584832,36096.756097560974
9420188.196018495,31831284.513065834,35608.975609756104,0.15925968480530808,9419893.458994858,31830857.157267597,35121.19512195122,9420237.11337139,31831801.339907218,35121.19512195122,9420482.933042131,31831711.868864074,36096.756097560974,9420139.278665598,31830767.686224453,36096.756097560974
9420531.850395026,31832228.695705455,35608.975609756104,0.16460290952242634,9420237.11337139,31831801.339907218,35121.19512195122,9420580.767747924,31832745.52254684,35121.19512195122,9420826.587418662,31832656.051503696,36096.756097560974,9420482.933042131,31831711.868864074,36096.756097560974
9420875.50477156,31833172.878345076,35608.975609756104,0.2665819939063214,9420580.767747924,31832745.52254684,35121.19512195122,9420924.422124457,31833689.705186456,35121.19512195122,9421170.241795195,31833600.234143313,36096.756097560974,9420826.587418662,31832656.051503696,36096.756097560974
9421219.159148091,31834117.060984697,35608.975609756104,0.18543069264765163,9420924.422124457,31833689.705186456,35121.19512195122,9421268.07650099,31834633.887826078,35121.19512195122,9421513.896171728,31834544.416782934,36096.756097560974,9421170.241795195,31833600.234143313,36096.756097560974
9421562.813524626,31835061.243624315,35608.975609756104,0.15216600557299398,9421268.07650099,31834633.887826078,35121.19512195122,9421611.73087752,31835578.070465703,35121.19512195122,9421857.550548261,31835488.59942255,36096.756097560974,9421513.896171728,31834544.416782934,36096.756097560974
9421906.467901157,31836005.426263936,35608.975609756104,0.23671363426415365,9421611.73087752,31835578.070465703,35121.19512195122,9421955.385254053,31836522.25310532,35121.19512195122,9422201.204924794,31836432.782062173,36096.756097560974,9421857.550548261,31835488.59942255,36096.756097560974
9422250.12227769,31836949.608903557,35608.975609756104,0.20283550009861365,9421955.385254053,31836522.25310532,35121.19512195122,9422299.039630586,31837466.43574494,35121.19512195122,9422544.859301327,31837376.964701794,36096.756097560974,9422201.204924794,31836432.782062173,36096.756097560974
9422593.776654223,31837893.79154318,35608.975609756104,0.2300099111234699,9422299.039630586,31837466.43574494,35121.19512195122,9422642.69400712,31838410.61838456,35121.19512195122,9422888.51367786,31838321.14734141,36096.756097560974,9422544.859301327,31837376.964701794,36096.756097560974
9422937.431030754,31838837.974182796,35608.975609756104,0.3102644517031672,9422642.69400712,31838410.61838456,35121.19512195122,9422986.348383652,31839354.80102418,35121.19512195122,9423232.16805439,31839265.329981033,36096.756097560974,9422888.51367786,31838321.14734141,36096.756097560974
9423281.085407289,31839782.156822417,35608.975609756104,0.5296268117715899,9422986.348383652,31839354.80102418,35121.19512195122,9423330.002760185,31840298.9836638,35121.19512195122,9423575.822430924,31840209.512620654,36096.756097560974,9423232.16805439,31839265.329981033,36096.756097560974
9423624.73978382,31840726.339462038,35608.975609756104,0.6290618421735555,9423330.002760185,31840298.9836638,35121.19512195122,9423673.657136716,31841243.16630342,35121.19512195122,9423919.476807456,31841153.69526027,36096.756097560974,9423575.822430924,31840209.512620654,36096.756097560974
9423968.39416035,31841670.522101656,35608.975609756104,0.7715763434602407,9423673.657136716,31841243.16630342,35121.19512195122,9424017.311513249,31842187.34894304,35121.19512195122,9424263.13118399,31842097.877899893,36096.756097560974,9423919.476807456,31841153.69526027,36096.756097560974
9424312.048536886,31842614.704741273,35608.975609756104,1.0082731549365058,9424017.311513249,31842187.34894304,35121.19512195122,9424360.965889782,31843131.531582657,35121.19512195122,9424606.785560522,31843042.060539514,36096.756097560974,9424263.13118399,31842097.877899893,36096.756097560974
9424655.702913417,31843558.887380894,35608.975609756104,1.3002238972129831,9424360.965889782,31843131.531582657,35121.19512195122,9424704.620266315,31844075.71422228,35121.19512195122,9424950.439937053,31843986.243179135,36096.756097560974,9424606.785560522,31843042.060539514,36096.756097560974
9424999.357289951,31844503.070020515,35608.975609756104,1.7653985578624962,9424704.620266315,31844075.71422228,35121.19512195122,9425048.274642847,31845019.8968619,35121.19512195122,9425294.094313586,31844930.425818752,36096.756097560974,9424950.439937053,31843986.243179135,36096.756097560974
9425343.011666482,31845447.252660137,35608.975609756104,1.968988058037228,9425048.274642847,31845019.8968619,35121.19512195122,9425391.92901938,31845964.079501517,35121.19512195122,9425637.748690119,31845874.608458374,36096.756097560974,9425294.094313586,31844930.425818752,36096.756097560974
9425686.666043015,31846391.435299758,35608.975609756104,1.3588472037320496,9425391.92901938,31845964.079501517,35121.19512195122,9425735.583395911,31846908.26214114,35121.19512195122,9425981.403066652,31846818.791097995,36096.756097560974,9425637.748690119,31845874.608458374,36096.756097560974
9426030.320419548,31847335.617939375,35608.975609756104,1.4786221260237775,9425735.583395911,31846908.26214114,35121.19512195122,9426079.237772444,31847852.44478076,35121.19512195122,9426325.057443185,31847762.973737612,36096.756097560974,9425981.403066652,31846818.791097995,36096.756097560974
9426373.97479608,31848279.800578997,35608.975609756104,1.7420729183462618,9426079.237772444,31847852.44478076,35121.19512195122,9426422.892148977,31848796.62742038,35121.19512195122,9426668.711819718,31848707.156377234,36096.756097560974,9426325.057443185,31847762.973737612,36096.756097560974
9426717.629172614,31849223.983218618,35608.975609756104,2.3637405072845317,9426422.892148977,31848796.62742038,35121.19512195122,9426766.54652551,31849740.810060002,35121.19512195122,9427012.36619625,31849651.339016855,36096.756097560974,9426668.711819718,31848707.156377234,36096.756097560974
9427061.283549145,31850168.16585824,35608.975609756104,3.48518774523386,9426766.54652551,31849740.810060002,35121.19512195122,9427110.200902043,31850684.99269962,35121.19512195122,9427356.020572782,31850595.521656472,36096.756097560974,9427012.36619625,31849651.339016855,36096.756097560974
9427404.93792568,31851112.348497856,35608.975609756104,4.168794752873097,9427110.200902043,31850684.99269962,35121.19512195122,9427453.855278576,31851629.17533924,35121.19512195122,9427699.674949314,31851539.704296093,36096.756097560974,9427356.020572782,31850595.521656472,36096.756097560974
9427748.59230221,31852056.531137478,35608.975609756104,4.251218544400453,9427453.855278576,31851629.17533924,35121.19512195122,9427797.509655109,31852573.35797886,35121.19512195122,9428043.329325847,31852483.886935715,36096.756097560974,9427699.674949314,31851539.704296093,36096.756097560974
9428092.246678744,31853000.713777095,35608.975609756104,4.502123852459795,9427797.509655109,31852573.35797886,35121.19512195122,9428141.16403164,31853517.54061848,35121.19512195122,9428386.98370238,31853428.069575332,36096.756097560974,9428043.329325847,31852483.886935715,36096.756097560974
9428435.901055276,31853944.896416716,35608.975609756104,5.484141796834083,9428141.16403164,31853517.54061848,35121.19512195122,9428484.818408173,31854461.7232581,35121.19512195122,9428730.638078913,31854372.252214953,36096.756097560974,9428386.98370238,31853428.069575332,36096.756097560974
9428779.555431807,31854889.079056337,35608.975609756104,5.150432583442872,9428484.818408173,31854461.7232581,35121.19512195122,9428828.472784705,31855405.90589772,35121.19512195122,9429074.292455446,31855316.434854575,36096.756097560974,9428730.638078913,31854372.252214953,36096.756097560974
9429123.209808342,31855833.261695955,35608.975609756104,4.12442151822425,9428828.472784705,31855405.90589772,35121.19512195122,9429172.127161238,31856350.08853734,35121.19512195122,9429417.946831979,31856260.617494196,36096.756097560974,9429074.292455446,31855316.434854575,36096.756097560974
9429466.864184873,31856777.444335576,35608.975609756104,4.404411560789363,9429172.127161238,31856350.08853734,35121.19512195122,9429515.781537771,31857294.27117696,35121.19512195122,9429761.60120851,31857204.800133817,36096.756097560974,9429417.946831979,31856260.617494196,36096.756097560974
9429810.518561408,31857721.626975197,35608.975609756104,3.4758318641647543,9429515.781537771,31857294.27117696,35121.19512195122,9429859.435914304,31858238.45381658,35121.19512195122,9430105.255585043,31858148.982773438,36096.756097560974,9429761.60120851,31857204.800133817,36096.756097560974
9430154.172937939,31858665.80961482,35608.975609756104,3.217121662810035,9429859.435914304,31858238.45381658,35121.19512195122,9430203.090290837,31859182.6364562,35121.19512195122,9430448.909961576,31859093.165413056,36096.756097560974,9430105.255585043,31858148.982773438,36096.756097560974
9430497.827314472,31859609.99225444,35608.975609756104,3.208081353887714,9430203.090290837,31859182.6364562,35121.19512195122,9430546.744667368,31860126.81909582,35121.19512195122,9430792.564338109,31860037.348052677,36096.756097560974,9430448.909961576,31859093.165413056,36096.756097560974
9430841.481691005,31860554.17489406,35608.975609756104,3.7556347366791183,9430546.744667368,31860126.81909582,35121.19512195122,9430890.3990439,31861071.00173544,35121.19512195122,9431136.218714641,31860981.530692294,36096.756097560974,9430792.564338109,31860037.348052677,36096.756097560974
9431185.136067536,31861498.357533682,35608.975609756104,2.9084087267621945,9430890.3990439,31861071.00173544,35121.19512195122,9431234.053420434,31862015.184375063,35121.19512195122,9431479.873091174,31861925.713331915,36096.756097560974,9431136.218714641,31860981.530692294,36096.756097560974
9431528.79044407,31862442.540173296,35608.975609756104,3.3793070435230055,9431234.053420434,31862015.184375063,35121.19512195122,9431577.707796967,31862959.36701468,35121.19512195122,9431823.527467705,31862869.895971533,36096.756097560974,9431479.873091174,31861925.713331915,36096.756097560974
9431872.444820601,31863386.722812917,35608.975609756104,3.627433129257727,9431577.707796967,31862959.36701468,35121.19512195122,9431921.3621735,31863903.5496543,35121.19512195122,9432167.181844238,31863814.078611154,36096.756097560974,9431823.527467705,31862869.895971533,36096.756097560974
9432216.099197136,31864330.90545254,35608.975609756104,3.4247205163320316,9431921.3621735,31863903.5496543,35121.19512195122,9432265.01655003,31864847.732293922,35121.19512195122,9432510.836220771,31864758.261250775,36096.756097560974,9432167.181844238,31863814.078611154,36096.756097560974
9432559.753573667,31865275.088092156,35608.975609756104,2.9101491690572856,9432265.01655003,31864847.732293922,35121.19512195122,9432608.670926563,31865791.91493354,35121.19512195122,9432854.490597304,31865702.443890393,36096.756097560974,9432510.836220771,31864758.261250775,36096.756097560974
9432903.4079502,31866219.270731777,35608.975609756104,2.2390649527720816,9432608.670926563,31865791.91493354,35121.19512195122,9432952.325303096,31866736.09757316,35121.19512195122,9433198.144973837,31866646.626530014,36096.756097560974,9432854.490597304,31865702.443890393,36096.756097560974
9433247.062326733,31867163.4533714,35608.975609756104,2.362431838441339,9432952.325303096,31866736.09757316,35121.19512195122,9433295.97967963,31867680.280212782,35121.19512195122,9433541.79935037,31867590.809169635,36096.756097560974,9433198.144973837,31866646.626530014,36096.756097560974
9433590.716703264,31868107.636011016,35608.975609756104,2.8080737147963113,9433295.97967963,31867680.280212782,35121.19512195122,9433639.634056162,31868624.4628524,35121.19512195122,9433885.453726903,31868534.991809253,36096.756097560974,9433541.79935037,31867590.809169635,36096.756097560974
9433934.371079799,31869051.818650637,35608.975609756104,3.8075743136707962,9433639.634056162,31868624.4628524,35121.19512195122,9433983.288432695,31869568.64549202,35121.19512195122,9434229.108103434,31869479.174448878,36096.756097560974,9433885.453726903,31868534.991809253,36096.756097560974
9434278.02545633,31869996.001290258,35608.975609756104,3.641025994063544,9433983.288432695,31869568.64549202,35121.19512195122,9434326.942809228,31870512.828131642,35121.19512195122,9434572.762479967,31870423.357088495,36096.756097560974,9434229.108103434,31869479.174448878,36096.756097560974
9434621.679832865,31870940.18392988,35608.975609756104,5.462173752205714,9434326.942809228,31870512.828131642,35121.19512195122,9434670.59718576,31871457.01077126,35121.19512195122,9434916.4168565,31871367.539728116,36096.756097560974,9434572.762479967,31870423.357088495,36096.756097560974
9434965.334209396,31871884.366569497,35608.975609756104,7.052950581982843,9434670.59718576,31871457.01077126,35121.19512195122,9435014.251562292,31872401.19341088,35121.19512195122,9435260.07123303,31872311.722367737,36096.756097560974,9434916.4168565,31871367.539728116,36096.756097560974
9435308.988585928,31872828.549209118,35608.975609756104,7.382575309381298,9435014.251562292,31872401.19341088,35121.19512195122,9435357.905938825,31873345.3760505,35121.19512195122,9435603.725609563,31873255.905007355,36096.756097560974,9435260.07123303,31872311.722367737,36096.756097560974
9435652.642962461,31873772.73184874,35608.975609756104,7.5117263800376515,9435357.905938825,31873345.3760505,35121.19512195122,9435701.560315358,31874289.55869012,35121.19512195122,9435947.379986096,31874200.087646976,36096.756097560974,9435603.725609563,31873255.905007355,36096.756097560974
9435996.297338992,31874716.91448836,35608.975609756104,6.361806103336591,9435701.560315358,31874289.55869012,35121.19512195122,9436045.21469189,31875233.741329744,35121.19512195122,9436291.034362629,31875144.270286597,36096.756097560974,9435947.379986096,31874200.087646976,36096.756097560974
9436339.951715527,31875661.097127978,35608.975609756104,6.020484178742442,9436045.21469189,31875233.741329744,35121.19512195122,9436388.869068423,31876177.923969362,35121.19512195122,9436634.68873916,31876088.452926215,36096.756097560974,9436291.034362629,31875144.270286597,36096.756097560974
9436683.606092058,31876605.2797676,35608.975609756104,4.076731859442349,9436388.869068423,31876177.923969362,35121.19512195122,9436732.523444956,31877122.106608983,35121.19512195122,9436978.343115693,31877032.635565836,36096.756097560974,9436634.68873916,31876088.452926215,36096.756097560974
9437027.260468593,31877549.46240722,35608.975609756104,4.136223923486003,9436732.523444956,31877122.106608983,35121.19512195122,9437076.177821489,31878066.289248604,35121.19512195122,9437321.997492226,31877976.818205457,36096.756097560974,9436978.343115693,31877032.635565836,36096.756097560974
9437370.914845124,31878493.64504684,35608.975609756104,4.597382721382261,9437076.177821489,31878066.289248604,35121.19512195122,9437419.83219802,31879010.47188822,35121.19512195122,9437665.651868759,31878921.000845075,36096.756097560974,9437321.997492226,31877976.818205457,36096.756097560974
9437714.569221657,31879437.82768646,35608.975609756104,5.309636222947668,9437419.83219802,31879010.47188822,35121.19512195122,9437763.486574553,31879954.654527843,35121.19512195122,9438009.306245292,31879865.183484696,36096.756097560974,9437665.651868759,31878921.000845075,36096.756097560974
9438058.22359819,31880382.01032608,35608.975609756104,5.073229348578502,9437763.486574553,31879954.654527843,35121.19512195122,9438107.140951086,31880898.837167464,35121.19512195122,9438352.960621824,31880809.366124317,36096.756097560974,9438009.306245292,31879865.183484696,36096.756097560974
9438401.87797472,31881326.1929657,35608.975609756104,4.830487138403343,9438107.140951086,31880898.837167464,35121.19512195122,9438450.795327619,31881843.01980708,35121.19512195122,9438696.614998357,31881753.548763935,36096.756097560974,9438352.960621824,31880809.366124317,36096.756097560974
9438745.532351255,31882270.37560532,35608.975609756104,4.7833399062164075,9438450.795327619,31881843.01980708,35121.19512195122,9438794.449704152,31882787.202446703,35121.19512195122,9439040.269374888,31882697.731403556,36096.756097560974,9438696.614998357,31881753.548763935,36096.756097560974
9439089.186727786,31883214.55824494,35608.975609756104,5.198485073056866,9438794.449704152,31882787.202446703,35121.19512195122,9439138.104080684,31883731.385086324,35121.19512195122,9439383.923751421,31883641.91404318,36096.756097560974,9439040.269374888,31882697.731403556,36096.756097560974
9439432.841104321,31884158.740884557,35608.975609756104,4.416382186457714,9439138.104080684,31883731.385086324,35121.19512195122,9439481.758457217,31884675.56772594,35121.19512195122,9439727.578127954,31884586.096682798,36096.756097560974,9439383.923751421,31883641.91404318,36096.756097560974
9439776.495480852,31885102.92352418,35608.975609756104,2.8846243144592005,9439481.758457217,31884675.56772594,35121.19512195122,9439825.412833748,31885619.75036556,35121.19512195122,9440071.232504487,31885530.279322416,36096.756097560974,9439727.578127954,31884586.096682798,36096.756097560974
9440120.149857385,31886047.1061638,35608.975609756104,2.295647989246894,9439825.412833748,31885619.75036556,35121.19512195122,9440169.067210281,31886563.93300518,35121.19512195122,9440414.88688102,31886474.461962037,36096.756097560974,9440071.232504487,31885530.279322416,36096.756097560974
9440463.804233918,31886991.28880342,35608.975609756104,2.2267749252946043,9440169.067210281,31886563.93300518,35121.19512195122,9440512.721586814,31887508.1156448,35121.19512195122,9440758.541257551,31887418.644601658,36096.756097560974,9440414.88688102,31886474.461962037,36096.756097560974
9440807.458610449,31887935.47144304,35608.975609756104,1.5819212430665297,9440512.721586814,31887508.1156448,35121.19512195122,9440856.375963347,31888452.298284423,35121.19512195122,9441102.195634084,31888362.827241275,36096.756097560974,9440758.541257551,31887418.644601658,36096.756097560974
9441151.112986984,31888879.65408266,35608.975609756104,1.4885075923394437,9440856.375963347,31888452.298284423,35121.19512195122,9441200.03033988,31889396.480924044,35121.19512195122,9441445.850010617,31889307.009880897,36096.756097560974,9441102.195634084,31888362.827241275,36096.756097560974
9441494.767363515,31889823.83672228,35608.975609756104,1.3992742271731209,9441200.03033988,31889396.480924044,35121.19512195122,9441543.684716411,31890340.663563665,35121.19512195122,9441789.50438715,31890251.192520518,36096.756097560974,9441445.850010617,31889307.009880897,36096.756097560974
9441838.421740046,31890768.019361902,35608.975609756104,1.0749719613196098,9441543.684716411,31890340.663563665,35121.19512195122,9441887.339092944,31891284.846203282,35121.19512195122,9442133.158763682,31891195.375160135,36096.756097560974,9441789.50438715,31890251.192520518,36096.756097560974
9442182.07611658,31891712.20200152,35608.975609756104,1.0900234263962165,9441887.339092944,31891284.846203282,35121.19512195122,9442230.993469477,31892229.028842904,35121.19512195122,9442476.813140215,31892139.557799757,36096.756097560974,9442133.158763682,31891195.375160135,36096.756097560974
9442525.730493113,31892656.38464114,35608.975609756104,1.3946043432285247,9442230.993469477,31892229.028842904,35121.19512195122,9442574.64784601,31893173.211482525,35121.19512195122,9442820.467516748,31893083.740439378,36096.756097560974,9442476.813140215,31892139.557799757,36096.756097560974
9442869.384869646,31893600.56728076,35608.975609756104,1.6113881752950465,9442574.64784601,31893173.211482525,35121.19512195122,9442918.302222542,31894117.394122142,35121.19512195122,9443164.12189328,31894027.923078995,36096.756097560974,9442820.467516748,31893083.740439378,36096.756097560974
9443213.039246177,31894544.74992038,35608.975609756104,1.375258479250961,9442918.302222542,31894117.394122142,35121.19512195122,9443261.956599075,31895061.576761764,35121.19512195122,9443507.776269812,31894972.105718616,36096.756097560974,9443164.12189328,31894027.923078995,36096.756097560974
9443556.693622712,31895488.93256,35608.975609756104,1.2362544021954192,9443261.956599075,31895061.576761764,35121.19512195122,9443605.610975608,31896005.759401385,35121.19512195122,9443851.430646345,31895916.288358238,36096.756097560974,9443507.776269812,31894972.105718616,36096.756097560974
9443900.347999243,31896433.115199618,35608.975609756104,1.3390884308242437,9443605.610975608,31896005.759401385,35121.19512195122,9443949.26535214,31896949.942041002,35121.19512195122,9444195.085022878,31896860.47099786,36096.756097560974,9443851.430646345,31895916.288358238,36096.756097560974
9444244.002375774,31897377.29783924,35608.975609756104,1.4479286931440842,9443949.26535214,31896949.942041002,35121.19512195122,9444292.919728672,31897894.124680623,35121.19512195122,9444538.73939941,31897804.65363748,36096.756097560974,9444195.085022878,31896860.47099786,36096.756097560974
9444587.656752309,31898321.48047886,35608.975609756104,1.2372396168321629,9444292.919728672,31897894.124680623,35121.19512195122,9444636.574105205,31898838.307320245,35121.19512195122,9444882.393775944,31898748.836277097,36096.756097560974,9444538.73939941,31897804.65363748,36096.756097560974
9444931.311128842,31899265.66311848,35608.975609756104,1.1029068648093732,9444636.574105205,31898838.307320245,35121.19512195122,9444980.228481738,31899782.489959862,35121.19512195122,9445226.048152477,31899693.01891672,36096.756097560974,9444882.393775944,31898748.836277097,36096.756097560974
9445274.965505375,31900209.845758103,35608.975609756104,1.4967581421786003,9444980.228481738,31899782.489959862,35121.19512195122,9445323.88285827,31900726.672599483,35121.19512195122,9445569.70252901,31900637.20155634,36096.756097560974,9445226.048152477,31899693.01891672,36096.756097560974
9445618.619881906,31901154.028397724,35608.975609756104,1.8551390542792814,9445323.88285827,31900726.672599483,35121.19512195122,9445667.537234804,31901670.855239104,35121.19512195122,9445913.35690554,31901581.384195957,36096.756097560974,9445569.70252901,31900637.20155634,36096.756097560974
9420090.3613127,31830250.859383073,36584.53658536585,0.16123644128686218,9419795.624289066,31829823.503584832,36096.756097560974,9420139.278665598,31830767.686224453,36096.756097560974,9420385.098336335,31830678.215181306,37072.31707317073,9420041.443959802,31829734.03254169,37072.31707317073
9420434.015689231,31831195.04202269,36584.53658536585,0.20259149876991797,9420139.278665598,31830767.686224453,36096.756097560974,9420482.933042131,31831711.868864074,36096.756097560974,9420728.752712868,31831622.397820927,37072.31707317073,9420385.098336335,31830678.215181306,37072.31707317073
9420777.670065766,31832139.224662308,36584.53658536585,0.20825143914472072,9420482.933042131,31831711.868864074,36096.756097560974,9420826.587418662,31832656.051503696,36096.756097560974,9421072.407089401,31832566.580460545,37072.31707317073,9420728.752712868,31831622.397820927,37072.31707317073
9421121.324442297,31833083.40730193,36584.53658536585,0.414241495335805,9420826.587418662,31832656.051503696,36096.756097560974,9421170.241795195,31833600.234143313,36096.756097560974,9421416.061465934,31833510.763100166,37072.31707317073,9421072.407089401,31832566.580460545,37072.31707317073
9421464.97881883,31834027.58994155,36584.53658536585,0.40689397336245414,9421170.241795195,31833600.234143313,36096.756097560974,9421513.896171728,31834544.416782934,36096.756097560974,9421759.715842467,31834454.945739787,37072.31707317073,9421416.061465934,31833510.763100166,37072.31707317073
9421808.633195363,31834971.772581168,36584.53658536585,0.3080384502302964,9421513.896171728,31834544.416782934,36096.756097560974,9421857.550548261,31835488.59942255,36096.756097560974,9422103.370219,31835399.128379405,37072.31707317073,9421759.715842467,31834454.945739787,37072.31707317073
9422152.287571894,31835915.95522079,36584.53658536585,0.2703525528231562,9421857.550548261,31835488.59942255,36096.756097560974,9422201.204924794,31836432.782062173,36096.756097560974,9422447.02459553,31836343.311019026,37072.31707317073,9422103.370219,31835399.128379405,37072.31707317073
9422495.941948429,31836860.13786041,36584.53658536585,0.2926211019621312,9422201.204924794,31836432.782062173,36096.756097560974,9422544.859301327,31837376.964701794,36096.756097560974,9422790.678972064,31837287.493658647,37072.31707317073,9422447.02459553,31836343.311019026,37072.31707317073
9422839.59632496,31837804.32050003,36584.53658536585,0.33031355583759536,9422544.859301327,31837376.964701794,36096.756097560974,9422888.51367786,31838321.14734141,36096.756097560974,9423134.333348596,31838231.67629827,37072.31707317073,9422790.678972064,31837287.493658647,37072.31707317073
9423183.250701495,31838748.50313965,36584.53658536585,0.31045063957616004,9422888.51367786,31838321.14734141,36096.756097560974,9423232.16805439,31839265.329981033,36096.756097560974,9423477.98772513,31839175.85893789,37072.31707317073,9423134.333348596,31838231.67629827,37072.31707317073
9423526.905078026,31839692.68577927,36584.53658536585,0.40516872657866,9423232.16805439,31839265.329981033,36096.756097560974,9423575.822430924,31840209.512620654,36096.756097560974,9423821.642101662,31840120.04157751,37072.31707317073,9423477.98772513,31839175.85893789,37072.31707317073
9423870.559454557,31840636.868418895,36584.53658536585,0.6092423396551454,9423575.822430924,31840209.512620654,36096.756097560974,9423919.476807456,31841153.69526027,36096.756097560974,9424165.296478193,31841064.224217128,37072.31707317073,9423821.642101662,31840120.04157751,37072.31707317073
9424214.213831091,31841581.05105851,36584.53658536585,0.8818728491024248,9423919.476807456,31841153.69526027,36096.756097560974,9424263.13118399,31842097.877899893,36096.756097560974,9424508.950854726,31842008.406856745,37072.31707317073,9424165.296478193,31841064.224217128,37072.31707317073
9424557.868207622,31842525.23369813,36584.53658536585,0.9389921259376082,9424263.13118399,31842097.877899893,36096.756097560974,9424606.785560522,31843042.060539514,36096.756097560974,9424852.605231259,31842952.589496367,37072.31707317073,9424508.950854726,31842008.406856745,37072.31707317073
9424901.522584155,31843469.41633775,36584.53658536585,1.0200897683908936,9424606.785560522,31843042.060539514,36096.756097560974,9424950.439937053,31843986.243179135,36096.756097560974,9425196.259607792,31843896.772135988,37072.31707317073,9424852.605231259,31842952.589496367,37072.31707317073
9425245.176960688,31844413.59897737,36584.53658536585,1.2739893167602516,9424950.439937053,31843986.243179135,36096.756097560974,9425294.094313586,31844930.425818752,36096.756097560974,9425539.913984325,31844840.954775605,37072.31707317073,9425196.259607792,31843896.772135988,37072.31707317073
9425588.83133722,31845357.78161699,36584.53658536585,1.5788731150882513,9425294.094313586,31844930.425818752,36096.756097560974,9425637.748690119,31845874.608458374,36096.756097560974,9425883.568360858,31845785.137415227,37072.31707317073,9425539.913984325,31844840.954775605,37072.31707317073
9425932.485713754,31846301.96425661,36584.53658536585,1.8009788143107637,9425637.748690119,31845874.608458374,36096.756097560974,9425981.403066652,31846818.791097995,36096.756097560974,9426227.22273739,31846729.320054848,37072.31707317073,9425883.568360858,31845785.137415227,37072.31707317073
9426276.140090285,31847246.14689623,36584.53658536585,1.8012817690623015,9425981.403066652,31846818.791097995,36096.756097560974,9426325.057443185,31847762.973737612,36096.756097560974,9426570.877113922,31847673.502694465,37072.31707317073,9426227.22273739,31846729.320054848,37072.31707317073
9426619.79446682,31848190.32953585,36584.53658536585,1.8611245808316248,9426325.057443185,31847762.973737612,36096.756097560974,9426668.711819718,31848707.156377234,36096.756097560974,9426914.531490454,31848617.685334086,37072.31707317073,9426570.877113922,31847673.502694465,37072.31707317073
9426963.44884335,31849134.51217547,36584.53658536585,1.5416837500449208,9426668.711819718,31848707.156377234,36096.756097560974,9427012.36619625,31849651.339016855,36096.756097560974,9427258.185866987,31849561.867973708,37072.31707317073,9426914.531490454,31848617.685334086,37072.31707317073
9427307.103219884,31850078.69481509,36584.53658536585,2.4135339799846744,9427012.36619625,31849651.339016855,36096.756097560974,9427356.020572782,31850595.521656472,36096.756097560974,9427601.84024352,31850506.050613325,37072.31707317073,9427258.185866987,31849561.867973708,37072.31707317073
9427650.757596416,31851022.87745471,36584.53658536585,3.9183905724649244,9427356.020572782,31850595.521656472,36096.756097560974,9427699.674949314,31851539.704296093,36096.756097560974,9427945.494620053,31851450.23325295,37072.31707317073,9427601.84024352,31850506.050613325,37072.31707317073
9427994.411972947,31851967.06009433,36584.53658536585,3.67598176792086,9427699.674949314,31851539.704296093,36096.756097560974,9428043.329325847,31852483.886935715,36096.756097560974,9428289.148996586,31852394.41589257,37072.31707317073,9427945.494620053,31851450.23325295,37072.31707317073
9428338.066349482,31852911.242733948,36584.53658536585,3.140912911309988,9428043.329325847,31852483.886935715,36096.756097560974,9428386.98370238,31853428.069575332,36096.756097560974,9428632.803373119,31853338.59853219,37072.31707317073,9428289.148996586,31852394.41589257,37072.31707317073
9428681.720726013,31853855.425373573,36584.53658536585,3.2717660224041114,9428386.98370238,31853428.069575332,36096.756097560974,9428730.638078913,31854372.252214953,36096.756097560974,9428976.45774965,31854282.78117181,37072.31707317073,9428632.803373119,31853338.59853219,37072.31707317073
9429025.375102548,31854799.608013194,36584.53658536585,3.437829072774672,9428730.638078913,31854372.252214953,36096.756097560974,9429074.292455446,31855316.434854575,36096.756097560974,9429320.112126183,31855226.96381143,37072.31707317073,9428976.45774965,31854282.78117181,37072.31707317073
9429369.029479079,31855743.79065281,36584.53658536585,3.14852651378029,9429074.292455446,31855316.434854575,36096.756097560974,9429417.946831979,31856260.617494196,36096.756097560974,9429663.766502716,31856171.14645105,37072.31707317073,9429320.112126183,31855226.96381143,37072.31707317073
9429712.683855612,31856687.973292433,36584.53658536585,2.9516125860173994,9429417.946831979,31856260.617494196,36096.756097560974,9429761.60120851,31857204.800133817,36096.756097560974,9430007.420879249,31857115.32909067,37072.31707317073,9429663.766502716,31856171.14645105,37072.31707317073
9430056.338232145,31857632.155932054,36584.53658536585,2.417950036010168,9429761.60120851,31857204.800133817,36096.756097560974,9430105.255585043,31858148.982773438,36096.756097560974,9430351.075255781,31858059.511730287,37072.31707317073,9430007.420879249,31857115.32909067,37072.31707317073
9430399.992608676,31858576.33857167,36584.53658536585,2.3375428508468654,9430105.255585043,31858148.982773438,36096.756097560974,9430448.909961576,31859093.165413056,36096.756097560974,9430694.729632314,31859003.69436991,37072.31707317073,9430351.075255781,31858059.511730287,37072.31707317073
9430743.64698521,31859520.521211293,36584.53658536585,2.2689695957896543,9430448.909961576,31859093.165413056,36096.756097560974,9430792.564338109,31860037.348052677,36096.756097560974,9431038.384008847,31859947.87700953,37072.31707317073,9430694.729632314,31859003.69436991,37072.31707317073
9431087.301361743,31860464.703850914,36584.53658536585,2.195361028957153,9430792.564338109,31860037.348052677,36096.756097560974,9431136.218714641,31860981.530692294,36096.756097560974,9431382.03838538,31860892.059649147,37072.31707317073,9431038.384008847,31859947.87700953,37072.31707317073
9431430.955738276,31861408.88649053,36584.53658536585,2.443693460913439,9431136.218714641,31860981.530692294,36096.756097560974,9431479.873091174,31861925.713331915,36096.756097560974,9431725.692761911,31861836.24228877,37072.31707317073,9431382.03838538,31860892.059649147,37072.31707317073
9431774.610114807,31862353.06913015,36584.53658536585,2.577436046876388,9431479.873091174,31861925.713331915,36096.756097560974,9431823.527467705,31862869.895971533,36096.756097560974,9432069.347138444,31862780.424928386,37072.31707317073,9431725.692761911,31861836.24228877,37072.31707317073
9432118.26449134,31863297.25176977,36584.53658536585,2.4158634789927094,9431823.527467705,31862869.895971533,36096.756097560974,9432167.181844238,31863814.078611154,36096.756097560974,9432413.001514977,31863724.607568007,37072.31707317073,9432069.347138444,31862780.424928386,37072.31707317073
9432461.918867873,31864241.43440939,36584.53658536585,2.41267609880969,9432167.181844238,31863814.078611154,36096.756097560974,9432510.836220771,31864758.261250775,36096.756097560974,9432756.65589151,31864668.790207632,37072.31707317073,9432413.001514977,31863724.607568007,37072.31707317073
9432805.573244404,31865185.61704901,36584.53658536585,2.597191842352504,9432510.836220771,31864758.261250775,36096.756097560974,9432854.490597304,31865702.443890393,36096.756097560974,9433100.31026804,31865612.97284725,37072.31707317073,9432756.65589151,31864668.790207632,37072.31707317073
9433149.227620939,31866129.79968863,36584.53658536585,3.142210439125669,9432854.490597304,31865702.443890393,36096.756097560974,9433198.144973837,31866646.626530014,36096.756097560974,9433443.964644574,31866557.15548687,37072.31707317073,9433100.31026804,31865612.97284725,37072.31707317073
9433492.88199747,31867073.982328255,36584.53658536585,2.7395781793333702,9433198.144973837,31866646.626530014,36096.756097560974,9433541.79935037,31867590.809169635,36096.756097560974,9433787.619021107,31867501.338126488,37072.31707317073,9433443.964644574,31866557.15548687,37072.31707317073
9433836.536374005,31868018.164967872,36584.53658536585,3.564042995458612,9433541.79935037,31867590.809169635,36096.756097560974,9433885.453726903,31868534.991809253,36096.756097560974,9434131.27339764,31868445.52076611,37072.31707317073,9433787.619021107,31867501.338126488,37072.31707317073
9434180.190750536,31868962.347607493,36584.53658536585,5.755606791879045,9433885.453726903,31868534.991809253,36096.756097560974,9434229.108103434,31869479.174448878,36096.756097560974,9434474.927774172,31869389.70340573,37072.31707317073,9434131.27339764,31868445.52076611,37072.31707317073
9434523.845127068,31869906.530247115,36584.53658536585,6.141268537071873,9434229.108103434,31869479.174448878,36096.756097560974,9434572.762479967,31870423.357088495,36096.756097560974,9434818.582150705,31870333.886045348,37072.31707317073,9434474.927774172,31869389.70340573,37072.31707317073
9434867.499503601,31870850.712886732,36584.53658536585,5.752857014403316,9434572.762479967,31870423.357088495,36096.756097560974,9434916.4168565,31871367.539728116,36096.756097560974,9435162.236527238,31871278.06868497,37072.31707317073,9434818.582150705,31870333.886045348,37072.31707317073
9435211.153880132,31871794.895526353,36584.53658536585,6.595948157317904,9434916.4168565,31871367.539728116,36096.756097560974,9435260.07123303,31872311.722367737,36096.756097560974,9435505.89090377,31872222.25132459,37072.31707317073,9435162.236527238,31871278.06868497,37072.31707317073
9435554.808256667,31872739.07816597,36584.53658536585,7.988497427951526,9435260.07123303,31872311.722367737,36096.756097560974,9435603.725609563,31873255.905007355,36096.756097560974,9435849.545280302,31873166.433964208,37072.31707317073,9435505.89090377,31872222.25132459,37072.31707317073
9435898.462633198,31873683.260805592,36584.53658536585,7.573734728999072,9435603.725609563,31873255.905007355,36096.756097560974,9435947.379986096,31874200.087646976,36096.756097560974,9436193.199656835,31874110.61660383,37072.31707317073,9435849.545280302,31873166.433964208,37072.31707317073
9436242.117009733,31874627.443445213,36584.53658536585,6.1799880676202665,9435947.379986096,31874200.087646976,36096.756097560974,9436291.034362629,31875144.270286597,36096.756097560974,9436536.854033368,31875054.79924345,37072.31707317073,9436193.199656835,31874110.61660383,37072.31707317073
9436585.771386264,31875571.62608483,36584.53658536585,4.55344494673453,9436291.034362629,31875144.270286597,36096.756097560974,9436634.68873916,31876088.452926215,36096.756097560974,9436880.5084099,31875998.981883068,37072.31707317073,9436536.854033368,31875054.79924345,37072.31707317073
9436929.425762797,31876515.80872445,36584.53658536585,4.49178636739788,9436634.68873916,31876088.452926215,36096.756097560974,9436978.343115693,31877032.635565836,36096.756097560974,9437224.162786433,31876943.16452269,37072.31707317073,9436880.5084099,31875998.981883068,37072.31707317073
9437273.08013933,31877459.991364073,36584.53658536585,4.320991249445508,9436978.343115693,31877032.635565836,36096.756097560974,9437321.997492226,31877976.818205457,36096.756097560974,9437567.817162966,31877887.347162314,37072.31707317073,9437224.162786433,31876943.16452269,37072.31707317073
9437616.73451586,31878404.174003694,36584.53658536585,3.917685186702378,9437321.997492226,31877976.818205457,36096.756097560974,9437665.651868759,31878921.000845075,36096.756097560974,9437911.4715395,31878831.52980193,37072.31707317073,9437567.817162966,31877887.347162314,37072.31707317073
9437960.388892395,31879348.35664331,36584.53658536585,4.209680641989697,9437665.651868759,31878921.000845075,36096.756097560974,9438009.306245292,31879865.183484696,36096.756097560974,9438255.12591603,31879775.712441552,37072.31707317073,9437911.4715395,31878831.52980193,37072.31707317073
9438304.043268926,31880292.539282933,36584.53658536585,4.209050776317627,9438009.306245292,31879865.183484696,36096.756097560974,9438352.960621824,31880809.366124317,36096.756097560974,9438598.780292563,31880719.895081174,37072.31707317073,9438255.12591603,31879775.712441552,37072.31707317073
9438647.697645461,31881236.721922558,36584.53658536585,5.440682587761523,9438352.960621824,31880809.366124317,36096.756097560974,9438696.614998357,31881753.548763935,36096.756097560974,9438942.434669096,31881664.07772079,37072.31707317073,9438598.780292563,31880719.895081174,37072.31707317073
9438991.352021992,31882180.904562175,36584.53658536585,7.531389879094352,9438696.614998357,31881753.548763935,36096.756097560974,9439040.269374888,31882697.731403556,36096.756097560974,9439286.089045629,31882608.260360412,37072.31707317073,9438942.434669096,31881664.07772079,37072.31707317073
9439335.006398525,31883125.087201796,36584.53658536585,5.801604347602374,9439040.269374888,31882697.731403556,36096.756097560974,9439383.923751421,31883641.91404318,36096.756097560974,9439629.743422162,31883552.443000033,37072.31707317073,9439286.089045629,31882608.260360412,37072.31707317073
9439678.660775058,31884069.269841414,36584.53658536585,4.322008353467899,9439383.923751421,31883641.91404318,36096.756097560974,9439727.578127954,31884586.096682798,36096.756097560974,9439973.397798695,31884496.62563965,37072.31707317073,9439629.743422162,31883552.443000033,37072.31707317073
9440022.315151589,31885013.45248103,36584.53658536585,3.9854983992974904,9439727.578127954,31884586.096682798,36096.756097560974,9440071.232504487,31885530.279322416,36096.756097560974,9440317.052175226,31885440.80827927,37072.31707317073,9439973.397798695,31884496.62563965,37072.31707317073
9440365.969528124,31885957.635120653,36584.53658536585,3.2919269366752535,9440071.232504487,31885530.279322416,36096.756097560974,9440414.88688102,31886474.461962037,36096.756097560974,9440660.706551759,31886384.99091889,37072.31707317073,9440317.052175226,31885440.80827927,37072.31707317073
9440709.623904655,31886901.817760274,36584.53658536585,2.702758971474241,9440414.88688102,31886474.461962037,36096.756097560974,9440758.541257551,31887418.644601658,36096.756097560974,9441004.360928291,31887329.17355851,37072.31707317073,9440660.706551759,31886384.99091889,37072.31707317073
9441053.278281186,31887846.00039989,36584.53658536585,2.171143831476906,9440758.541257551,31887418.644601658,36096.756097560974,9441102.195634084,31888362.827241275,36096.756097560974,9441348.015304824,31888273.35619813,37072.31707317073,9441004.360928291,31887329.17355851,37072.31707317073
9441396.93265772,31888790.183039512,36584.53658536585,1.9275886566550828,9441102.195634084,31888362.827241275,36096.756097560974,9441445.850010617,31889307.009880897,36096.756097560974,9441691.669681357,31889217.53883775,37072.31707317073,9441348.015304824,31888273.35619813,37072.31707317073
9441740.587034253,31889734.365679134,36584.53658536585,1.097928487547974,9441445.850010617,31889307.009880897,36096.756097560974,9441789.50438715,31890251.192520518,36096.756097560974,9442035.32405789,31890161.72147737,37072.31707317073,9441691.669681357,31889217.53883775,37072.31707317073
9442084.241410786,31890678.548318755,36584.53658536585,1.0548057037337586,9441789.50438715,31890251.192520518,36096.756097560974,9442133.158763682,31891195.375160135,36096.756097560974,9442378.978434421,31891105.904116992,37072.31707317073,9442035.32405789,31890161.72147737,37072.31707317073
9442427.895787317,31891622.730958372,36584.53658536585,1.0331549937767146,9442133.158763682,31891195.375160135,36096.756097560974,9442476.813140215,31892139.557799757,36096.756097560974,9442722.632810954,31892050.086756613,37072.31707317073,9442378.978434421,31891105.904116992,37072.31707317073
9442771.550163852,31892566.913597994,36584.53658536585,1.0218082696021522,9442476.813140215,31892139.557799757,36096.756097560974,9442820.467516748,31893083.740439378,36096.756097560974,9443066.287187487,31892994.269396234,37072.31707317073,9442722.632810954,31892050.086756613,37072.31707317073
9443115.204540383,31893511.096237615,36584.53658536585,1.5563045407202276,9442820.467516748,31893083.740439378,36096.756097560974,9443164.12189328,31894027.923078995,36096.756097560974,9443409.94156402,31893938.45203585,37072.31707317073,9443066.287187487,31892994.269396234,37072.31707317073
9443458.858916914,31894455.278877236,36584.53658536585,2.090055183106314,9443164.12189328,31894027.923078995,36096.756097560974,9443507.776269812,31894972.105718616,36096.756097560974,9443753.595940553,31894882.634675473,37072.31707317073,9443409.94156402,31893938.45203585,37072.31707317073
9443802.513293449,31895399.461516853,36584.53658536585,3.504530376376233,9443507.776269812,31894972.105718616,36096.756097560974,9443851.430646345,31895916.288358238,36096.756097560974,9444097.250317086,31895826.81731509,37072.31707317073,9443753.595940553,31894882.634675473,37072.31707317073
9444146.167669982,31896343.644156475,36584.53658536585,3.2221442804822056,9443851.430646345,31895916.288358238,36096.756097560974,9444195.085022878,31896860.47099786,36096.756097560974,9444440.904693618,31896770.99995471,37072.31707317073,9444097.250317086,31895826.81731509,37072.31707317073
9444489.822046515,31897287.826796096,36584.53658536585,1.6817513303671945,9444195.085022878,31896860.47099786,36096.756097560974,9444538.73939941,31897804.65363748,36096.756097560974,9444784.559070151,31897715.182594333,37072.31707317073,9444440.904693618,31896770.99995471,37072.31707317073
9444833.476423046,31898232.009435717,36584.53658536585,1.984582544731818,9444538.73939941,31897804.65363748,36096.756097560974,9444882.393775944,31898748.836277097,36096.756097560974,9445128.213446682,31898659.36523395,37072.31707317073,9444784.559070151,31897715.182594333,37072.31707317073
9445177.13079958,31899176.192075334,36584.53658536585,2.042303263249856,9444882.393775944,31898748.836277097,36096.756097560974,9445226.048152477,31899693.01891672,36096.756097560974,9445471.867823215,31899603.54787357,37072.31707317073,9445128.213446682,31898659.36523395,37072.31707317073
9445520.785176111,31900120.374714956,36584.53658536585,1.6318071294096723,9445226.048152477,31899693.01891672,36096.756097560974,9445569.70252901,31900637.20155634,36096.756097560974,9445815.522199748,31900547.730513193,37072.31707317073,9445471.867823215,31899603.54787357,37072.31707317073
9445864.439552646,31901064.557354577,36584.53658536585,1.4058807173539443,9445569.70252901,31900637.20155634,36096.756097560974,9445913.35690554,31901581.384195957,36096.756097560974,9446159.176576281,31901491.91315281,37072.31707317073,9445815.522199748,31900547.730513193,37072.31707317073
9420336.180983441,31830161.388339926,37560.097560975606,0.7123895428272163,9420041.443959802,31829734.03254169,37072.31707317073,9420385.098336335,31830678.215181306,37072.31707317073,9420630.918007078,31830588.74413816,38047.87804878049,9420287.263630545,31829644.561498538,38047.87804878049
9420679.835359974,31831105.57097954,37560.097560975606,0.43611853688951113,9420385.098336335,31830678.215181306,37072.31707317073,9420728.752712868,31831622.397820927,37072.31707317073,9420974.57238361,31831532.926777776,38047.87804878049,9420630.918007078,31830588.74413816,38047.87804878049
9421023.489736507,31832049.75361916,37560.097560975606,0.4769819729007724,9420728.752712868,31831622.397820927,37072.31707317073,9421072.407089401,31832566.580460545,37072.31707317073,9421318.226760142,31832477.109417398,38047.87804878049,9420974.57238361,31831532.926777776,38047.87804878049
9421367.144113038,31832993.93625878,37560.097560975606,0.7047898589153472,9421072.407089401,31832566.580460545,37072.31707317073,9421416.061465934,31833510.763100166,37072.31707317073,9421661.881136674,31833421.292057022,38047.87804878049,9421318.226760142,31832477.109417398,38047.87804878049
9421710.79848957,31833938.1188984,37560.097560975606,0.7670747484718491,9421416.061465934,31833510.763100166,37072.31707317073,9421759.715842467,31834454.945739787,37072.31707317073,9422005.535513207,31834365.47469664,38047.87804878049,9421661.881136674,31833421.292057022,38047.87804878049
9422054.452866104,31834882.30153802,37560.097560975606,0.6927801930191168,9421759.715842467,31834454.945739787,37072.31707317073,9422103.370219,31835399.128379405,37072.31707317073,9422349.18988974,31835309.65733626,38047.87804878049,9422005.535513207,31834365.47469664,38047.87804878049
9422398.107242636,31835826.484177645,37560.097560975606,0.4882801877365588,9422103.370219,31835399.128379405,37072.31707317073,9422447.02459553,31836343.311019026,37072.31707317073,9422692.844266273,31836253.839975882,38047.87804878049,9422349.18988974,31835309.65733626,38047.87804878049
9422741.76161917,31836770.666817266,37560.097560975606,0.656320042402075,9422447.02459553,31836343.311019026,37072.31707317073,9422790.678972064,31837287.493658647,37072.31707317073,9423036.498642806,31837198.0226155,38047.87804878049,9422692.844266273,31836253.839975882,38047.87804878049
9423085.415995702,31837714.849456884,37560.097560975606,0.8274404730075792,9422790.678972064,31837287.493658647,37072.31707317073,9423134.333348596,31838231.67629827,37072.31707317073,9423380.153019339,31838142.20525512,38047.87804878049,9423036.498642806,31837198.0226155,38047.87804878049
9423429.070372235,31838659.032096505,37560.097560975606,0.7578672736424359,9423134.333348596,31838231.67629827,37072.31707317073,9423477.98772513,31839175.85893789,37072.31707317073,9423723.80739587,31839086.387894742,38047.87804878049,9423380.153019339,31838142.20525512,38047.87804878049
9423772.724748766,31839603.214736126,37560.097560975606,0.673590954221274,9423477.98772513,31839175.85893789,37072.31707317073,9423821.642101662,31840120.04157751,37072.31707317073,9424067.461772403,31840030.57053436,38047.87804878049,9423723.80739587,31839086.387894742,38047.87804878049
9424116.379125299,31840547.397375748,37560.097560975606,0.6030434250725489,9423821.642101662,31840120.04157751,37072.31707317073,9424165.296478193,31841064.224217128,37072.31707317073,9424411.116148936,31840974.753173977,38047.87804878049,9424067.461772403,31840030.57053436,38047.87804878049
9424460.033501832,31841491.58001536,37560.097560975606,0.6254054142527998,9424165.296478193,31841064.224217128,37072.31707317073,9424508.950854726,31842008.406856745,37072.31707317073,9424754.770525469,31841918.9358136,38047.87804878049,9424411.116148936,31840974.753173977,38047.87804878049
9424803.687878365,31842435.762654983,37560.097560975606,0.8998202479677081,9424508.950854726,31842008.406856745,37072.31707317073,9424852.605231259,31842952.589496367,37072.31707317073,9425098.424902001,31842863.11845322,38047.87804878049,9424754.770525469,31841918.9358136,38047.87804878049
9425147.342254898,31843379.945294604,37560.097560975606,0.989243445514544,9424852.605231259,31842952.589496367,37072.31707317073,9425196.259607792,31843896.772135988,37072.31707317073,9425442.079278532,31843807.301092837,38047.87804878049,9425098.424902001,31842863.11845322,38047.87804878049
9425490.996631429,31844324.12793422,37560.097560975606,1.0189146449454285,9425196.259607792,31843896.772135988,37072.31707317073,9425539.913984325,31844840.954775605,37072.31707317073,9425785.733655065,31844751.48373246,38047.87804878049,9425442.079278532,31843807.301092837,38047.87804878049
9425834.651007963,31845268.310573842,37560.097560975606,1.3876306404653473,9425539.913984325,31844840.954775605,37072.31707317073,9425883.568360858,31845785.137415227,37072.31707317073,9426129.388031598,31845695.66637208,38047.87804878049,9425785.733655065,31844751.48373246,38047.87804878049
9426178.305384494,31846212.493213464,37560.097560975606,1.497126786430425,9425883.568360858,31845785.137415227,37072.31707317073,9426227.22273739,31846729.320054848,37072.31707317073,9426473.042408131,31846639.8490117,38047.87804878049,9426129.388031598,31845695.66637208,38047.87804878049
9426521.959761027,31847156.67585308,37560.097560975606,2.1236151045755536,9426227.22273739,31846729.320054848,37072.31707317073,9426570.877113922,31847673.502694465,37072.31707317073,9426816.696784664,31847584.03165132,38047.87804878049,9426473.042408131,31846639.8490117,38047.87804878049
9426865.61413756,31848100.858492702,37560.097560975606,2.1165598811060735,9426570.877113922,31847673.502694465,37072.31707317073,9426914.531490454,31848617.685334086,37072.31707317073,9427160.351161197,31848528.214290943,38047.87804878049,9426816.696784664,31847584.03165132,38047.87804878049
9427209.268514093,31849045.041132327,37560.097560975606,1.4039565539823031,9426914.531490454,31848617.685334086,37072.31707317073,9427258.185866987,31849561.867973708,37072.31707317073,9427504.00553773,31849472.39693056,38047.87804878049,9427160.351161197,31848528.214290943,38047.87804878049
9427552.922890626,31849989.22377195,37560.097560975606,1.6781587248745675,9427258.185866987,31849561.867973708,37072.31707317073,9427601.84024352,31850506.050613325,37072.31707317073,9427847.65991426,31850416.57957018,38047.87804878049,9427504.00553773,31849472.39693056,38047.87804878049
9427896.577267157,31850933.406411566,37560.097560975606,2.072161413588289,9427601.84024352,31850506.050613325,37072.31707317073,9427945.494620053,31851450.23325295,37072.31707317073,9428191.314290794,31851360.762209803,38047.87804878049,9427847.65991426,31850416.57957018,38047.87804878049
9428240.231643692,31851877.589051183,37560.097560975606,2.7039412121081967,9427945.494620053,31851450.23325295,37072.31707317073,9428289.148996586,31852394.41589257,37072.31707317073,9428534.968667326,31852304.94484942,38047.87804878049,9428191.314290794,31851360.762209803,38047.87804878049
9428583.886020223,31852821.771690805,37560.097560975606,2.763413268737261,9428289.148996586,31852394.41589257,37072.31707317073,9428632.803373119,31853338.59853219,37072.31707317073,9428878.62304386,31853249.12748904,38047.87804878049,9428534.968667326,31852304.94484942,38047.87804878049
9428927.540396756,31853765.954330422,37560.097560975606,1.8468224509885482,9428632.803373119,31853338.59853219,37072.31707317073,9428976.45774965,31854282.78117181,37072.31707317073,9429222.277420392,31854193.31012866,38047.87804878049,9428878.62304386,31853249.12748904,38047.87804878049
9429271.194773288,31854710.136970043,37560.097560975606,1.891167542272483,9428976.45774965,31854282.78117181,37072.31707317073,9429320.112126183,31855226.96381143,37072.31707317073,9429565.931796925,31855137.49276828,38047.87804878049,9429222.277420392,31854193.31012866,38047.87804878049
9429614.849149821,31855654.319609664,37560.097560975606,1.5542990072423997,9429320.112126183,31855226.96381143,37072.31707317073,9429663.766502716,31856171.14645105,37072.31707317073,9429909.586173458,31856081.6754079,38047.87804878049,9429565.931796925,31855137.49276828,38047.87804878049
9429958.503526354,31856598.502249286,37560.097560975606,2.34348970326376,9429663.766502716,31856171.14645105,37072.31707317073,9430007.420879249,31857115.32909067,37072.31707317073,9430253.24054999,31857025.85804752,38047.87804878049,9429909.586173458,31856081.6754079,38047.87804878049
9430302.157902887,31857542.684888903,37560.097560975606,1.7904769129403284,9430007.420879249,31857115.32909067,37072.31707317073,9430351.075255781,31858059.511730287,37072.31707317073,9430596.894926522,31857970.04068714,38047.87804878049,9430253.24054999,31857025.85804752,38047.87804878049
9430645.81227942,31858486.867528524,37560.097560975606,1.276842236240901,9430351.075255781,31858059.511730287,37072.31707317073,9430694.729632314,31859003.69436991,37072.31707317073,9430940.549303055,31858914.22332676,38047.87804878049,9430596.894926522,31857970.04068714,38047.87804878049
9430989.466655951,31859431.050168145,37560.097560975606,1.2308180124364692,9430694.729632314,31859003.69436991,37072.31707317073,9431038.384008847,31859947.87700953,37072.31707317073,9431284.203679588,31859858.405966382,38047.87804878049,9430940.549303055,31858914.22332676,38047.87804878049
9431333.121032484,31860375.232807767,37560.097560975606,1.0318133450193256,9431038.384008847,31859947.87700953,37072.31707317073,9431382.03838538,31860892.059649147,37072.31707317073,9431627.85805612,31860802.588606004,38047.87804878049,9431284.203679588,31859858.405966382,38047.87804878049
9431676.775409017,31861319.415447384,37560.097560975606,1.33917722535162,9431382.03838538,31860892.059649147,37072.31707317073,9431725.692761911,31861836.24228877,37072.31707317073,9431971.512432653,31861746.771245625,38047.87804878049,9431627.85805612,31860802.588606004,38047.87804878049
9432020.42978555,31862263.598087005,37560.097560975606,2.072371494872506,9431725.692761911,31861836.24228877,37072.31707317073,9432069.347138444,31862780.424928386,37072.31707317073,9432315.166809184,31862690.953885242,38047.87804878049,9431971.512432653,31861746.771245625,38047.87804878049
9432364.08416208,31863207.780726627,37560.097560975606,2.7881366122394473,9432069.347138444,31862780.424928386,37072.31707317073,9432413.001514977,31863724.607568007,37072.31707317073,9432658.821185717,31863635.136524864,38047.87804878049,9432315.166809184,31862690.953885242,38047.87804878049
9432707.738538614,31864151.963366248,37560.097560975606,2.6625912864926384,9432413.001514977,31863724.607568007,37072.31707317073,9432756.65589151,31864668.790207632,37072.31707317073,9433002.47556225,31864579.31916448,38047.87804878049,9432658.821185717,31863635.136524864,38047.87804878049
9433051.392915146,31865096.146005865,37560.097560975606,3.466446735043065,9432756.65589151,31864668.790207632,37072.31707317073,9433100.31026804,31865612.97284725,37072.31707317073,9433346.129938783,31865523.501804102,38047.87804878049,9433002.47556225,31864579.31916448,38047.87804878049
9433395.04729168,31866040.328645486,37560.097560975606,4.700085177432926,9433100.31026804,31865612.97284725,37072.31707317073,9433443.964644574,31866557.15548687,37072.31707317073,9433689.784315316,31866467.68444372,38047.87804878049,9433346.129938783,31865523.501804102,38047.87804878049
9433738.701668212,31866984.511285104,37560.097560975606,4.42029364790102,9433443.964644574,31866557.15548687,37072.31707317073,9433787.619021107,31867501.338126488,37072.31707317073,9434033.438691849,31867411.86708334,38047.87804878049,9433689.784315316,31866467.68444372,38047.87804878049
9434082.356044745,31867928.693924725,37560.097560975606,4.479820213215556,9433787.619021107,31867501.338126488,37072.31707317073,9434131.27339764,31868445.52076611,37072.31707317073,9434377.093068382,31868356.049722962,38047.87804878049,9434033.438691849,31867411.86708334,38047.87804878049
9434426.010421278,31868872.876564346,37560.097560975606,6.3228559576376675,9434131.27339764,31868445.52076611,37072.31707317073,9434474.927774172,31869389.70340573,37072.31707317073,9434720.747444913,31869300.23236258,38047.87804878049,9434377.093068382,31868356.049722962,38047.87804878049
9434769.664797809,31869817.059203967,37560.097560975606,7.276429568711534,9434474.927774172,31869389.70340573,37072.31707317073,9434818.582150705,31870333.886045348,37072.31707317073,9435064.401821446,31870244.4150022,38047.87804878049,9434720.747444913,31869300.23236258,38047.87804878049
9435113.319174342,31870761.241843585,37560.097560975606,7.189646094291359,9434818.582150705,31870333.886045348,37072.31707317073,9435162.236527238,31871278.06868497,37072.31707317073,9435408.056197979,31871188.597641822,38047.87804878049,9435064.401821446,31870244.4150022,38047.87804878049
9435456.973550877,31871705.424483202,37560.097560975606,7.6943049467408935,9435162.236527238,31871278.06868497,37072.31707317073,9435505.89090377,31872222.25132459,37072.31707317073,9435751.710574511,31872132.78028144,38047.87804878049,9435408.056197979,31871188.597641822,38047.87804878049
9435800.627927408,31872649.607122824,37560.097560975606,7.777246139944551,9435505.89090377,31872222.25132459,37072.31707317073,9435849.545280302,31873166.433964208,37072.31707317073,9436095.364951044,31873076.962921064,38047.87804878049,9435751.710574511,31872132.78028144,38047.87804878049
9436144.28230394,31873593.789762445,37560.097560975606,5.5504772892974685,9435849.545280302,31873166.433964208,37072.31707317073,9436193.199656835,31874110.61660383,37072.31707317073,9436439.019327577,31874021.145560686,38047.87804878049,9436095.364951044,31873076.962921064,38047.87804878049
9436487.936680473,31874537.972402062,37560.097560975606,5.464334386371627,9436193.199656835,31874110.61660383,37072.31707317073,9436536.854033368,31875054.79924345,37072.31707317073,9436782.67370411,31874965.328200303,38047.87804878049,9436439.019327577,31874021.145560686,38047.87804878049
9436831.591057006,31875482.155041687,37560.097560975606,4.486297276394094,9436536.854033368,31875054.79924345,37072.31707317073,9436880.5084099,31875998.981883068,37072.31707317073,9437126.328080641,31875909.510839924,38047.87804878049,9436782.67370411,31874965.328200303,38047.87804878049
9437175.245433537,31876426.33768131,37560.097560975606,3.919042820035487,9436880.5084099,31875998.981883068,37072.31707317073,9437224.162786433,31876943.16452269,37072.31707317073,9437469.982457174,31876853.693479545,38047.87804878049,9437126.328080641,31875909.510839924,38047.87804878049
9437518.89981007,31877370.52032093,37560.097560975606,3.7704435997041035,9437224.162786433,31876943.16452269,37072.31707317073,9437567.817162966,31877887.347162314,37072.31707317073,9437813.636833707,31877797.876119163,38047.87804878049,9437469.982457174,31876853.693479545,38047.87804878049
9437862.554186605,31878314.702960547,37560.097560975606,4.1969620883041,9437567.817162966,31877887.347162314,37072.31707317073,9437911.4715395,31878831.52980193,37072.31707317073,9438157.29121024,31878742.058758784,38047.87804878049,9437813.636833707,31877797.876119163,38047.87804878049
9438206.208563136,31879258.88560017,37560.097560975606,4.175042134132751,9437911.4715395,31878831.52980193,37072.31707317073,9438255.12591603,31879775.712441552,37072.31707317073,9438500.945586773,31879686.241398405,38047.87804878049,9438157.29121024,31878742.058758784,38047.87804878049
9438549.862939669,31880203.06823979,37560.097560975606,5.049190828924496,9438255.12591603,31879775.712441552,37072.31707317073,9438598.780292563,31880719.895081174,37072.31707317073,9438844.599963306,31880630.424038023,38047.87804878049,9438500.945586773,31879686.241398405,38047.87804878049
9438893.517316202,31881147.25087941,37560.097560975606,5.398247753543216,9438598.780292563,31880719.895081174,37072.31707317073,9438942.434669096,31881664.07772079,37072.31707317073,9439188.254339838,31881574.606677644,38047.87804878049,9438844.599963306,31880630.424038023,38047.87804878049
9439237.171692735,31882091.433519024,37560.097560975606,5.5513167836939,9438942.434669096,31881664.07772079,37072.31707317073,9439286.089045629,31882608.260360412,37072.31707317073,9439531.90871637,31882518.78931726,38047.87804878049,9439188.254339838,31881574.606677644,38047.87804878049
9439580.826069266,31883035.616158646,37560.097560975606,4.040007706705893,9439286.089045629,31882608.260360412,37072.31707317073,9439629.743422162,31883552.443000033,37072.31707317073,9439875.563092902,31883462.971956883,38047.87804878049,9439531.90871637,31882518.78931726,38047.87804878049
9439924.480445798,31883979.798798267,37560.097560975606,3.297973444687569,9439629.743422162,31883552.443000033,37072.31707317073,9439973.397798695,31884496.62563965,37072.31707317073,9440219.217469435,31884407.154596504,38047.87804878049,9439875.563092902,31883462.971956883,38047.87804878049
9440268.134822331,31884923.981437884,37560.097560975606,3.310820998357624,9439973.397798695,31884496.62563965,37072.31707317073,9440317.052175226,31885440.80827927,37072.31707317073,9440562.871845968,31885351.33723612,38047.87804878049,9440219.217469435,31884407.154596504,38047.87804878049
9440611.789198864,31885868.164077505,37560.097560975606,3.2455317799651775,9440317.052175226,31885440.80827927,37072.31707317073,9440660.706551759,31886384.99091889,37072.31707317073,9440906.526222501,31886295.519875746,38047.87804878049,9440562.871845968,31885351.33723612,38047.87804878049
9440955.443575397,31886812.346717127,37560.097560975606,3.406252344187005,9440660.706551759,31886384.99091889,37072.31707317073,9441004.360928291,31887329.17355851,37072.31707317073,9441250.180599032,31887239.702515364,38047.87804878049,9440906.526222501,31886295.519875746,38047.87804878049
9441299.097951928,31887756.529356744,37560.097560975606,2.9122210264691795,9441004.360928291,31887329.17355851,37072.31707317073,9441348.015304824,31888273.35619813,37072.31707317073,9441593.834975565,31888183.885154985,38047.87804878049,9441250.180599032,31887239.702515364,38047.87804878049
9441642.752328461,31888700.71199637,37560.097560975606,2.444939603140296,9441348.015304824,31888273.35619813,37072.31707317073,9441691.669681357,31889217.53883775,37072.31707317073,9441937.489352098,31889128.067794606,38047.87804878049,9441593.834975565,31888183.885154985,38047.87804878049
9441986.406704992,31889644.89463599,37560.097560975606,1.8126086333481592,9441691.669681357,31889217.53883775,37072.31707317073,9442035.32405789,31890161.72147737,37072.31707317073,9442281.14372863,31890072.250434224,38047.87804878049,9441937.489352098,31889128.067794606,38047.87804878049
9442330.061081525,31890589.07727561,37560.097560975606,1.8453008311187278,9442035.32405789,31890161.72147737,37072.31707317073,9442378.978434421,31891105.904116992,37072.31707317073,9442624.798105163,31891016.433073845,38047.87804878049,9442281.14372863,31890072.250434224,38047.87804878049
9442673.715458058,31891533.259915225,37560.097560975606,1.2832629540347509,9442378.978434421,31891105.904116992,37072.31707317073,9442722.632810954,31892050.086756613,37072.31707317073,9442968.452481696,31891960.615713462,38047.87804878049,9442624.798105163,31891016.433073845,38047.87804878049
9443017.36983459,31892477.442554846,37560.097560975606,1.7291356726462106,9442722.632810954,31892050.086756613,37072.31707317073,9443066.287187487,31892994.269396234,37072.31707317073,9443312.10685823,31892904.798353083,38047.87804878049,9442968.452481696,31891960.615713462,38047.87804878049
9443361.024211124,31893421.625194468,37560.097560975606,1.8908747462406177,9443066.287187487,31892994.269396234,37072.31707317073,9443409.94156402,31893938.45203585,37072.31707317073,9443655.761234762,31893848.980992705,38047.87804878049,9443312.10685823,31892904.798353083,38047.87804878049
9443704.678587656,31894365.807834085,37560.097560975606,2.5236522997635222,9443409.94156402,31893938.45203585,37072.31707317073,9443753.595940553,31894882.634675473,37072.31707317073,9443999.415611293,31894793.163632322,38047.87804878049,9443655.761234762,31893848.980992705,38047.87804878049
9444048.332964187,31895309.990473706,37560.097560975606,3.255435655144281,9443753.595940553,31894882.634675473,37072.31707317073,9444097.250317086,31895826.81731509,37072.31707317073,9444343.069987826,31895737.346271943,38047.87804878049,9443999.415611293,31894793.163632322,38047.87804878049
9444391.98734072,31896254.173113327,37560.097560975606,2.249917358000036,9444097.250317086,31895826.81731509,37072.31707317073,9444440.904693618,31896770.99995471,37072.31707317073,9444686.724364359,31896681.528911564,38047.87804878049,9444343.069987826,31895737.346271943,38047.87804878049
9444735.641717253,31897198.35575295,37560.097560975606,1.4942805490818654,9444440.904693618,31896770.99995471,37072.31707317073,9444784.559070151,31897715.182594333,37072.31707317073,9445030.378740892,31897625.711551182,38047.87804878049,9444686.724364359,31896681.528911564,38047.87804878049
9445079.296093786,31898142.538392566,37560.097560975606,1.3842694898475818,9444784.559070151,31897715.182594333,37072.31707317073,9445128.213446682,31898659.36523395,37072.31707317073,9445374.033117425,31898569.894190803,38047.87804878049,9445030.378740892,31897625.711551182,38047.87804878049
9445422.950470319,31899086.721032187,37560.097560975606,1.1888664812318168,9445128.213446682,31898659.36523395,37072.31707317073,9445471.867823215,31899603.54787357,37072.31707317073,9445717.687493958,31899514.076830428,38047.87804878049,9445374.033117425,31898569.894190803,38047.87804878049
9445766.604846852,31900030.90367181,37560.097560975606,1.06112194801571,9445471.867823215,31899603.54787357,37072.31707317073,9445815.522199748,31900547.730513193,37072.31707317073,9446061.34187049,31900458.259470046,38047.87804878049,9445717.687493958,31899514.076830428,38047.87804878049
9446110.259223385,31900975.08631143,37560.097560975606,0.8698533476532668,9445815.522199748,31900547.730513193,37072.31707317073,9446159.176576281,31901491.91315281,37072.31707317073,9446404.996247021,31901402.442109667,38047.87804878049,9446061.34187049,31900458.259470046,38047.87804878049
9420582.00065418,31830071.917296775,38535.65853658537,0.48166185266661926,9420287.263630545,31829644.561498538,38047.87804878049,9420630.918007078,31830588.74413816,38047.87804878049,9420876.737677816,31830499.273095015,39023.439024390245,9420533.083301283,31829555.090455394,39023.439024390245
9420925.655030714,31831016.099936396,38535.65853658537,0.5528664853840454,9420630.918007078,31830588.74413816,38047.87804878049,9420974.57238361,31831532.926777776,38047.87804878049,9421220.39205435,31831443.455734633,39023.439024390245,9420876.737677816,31830499.273095015,39023.439024390245
9421269.309407245,31831960.282576017,38535.65853658537,1.0448409985192213,9420974.57238361,31831532.926777776,38047.87804878049,9421318.226760142,31832477.109417398,38047.87804878049,9421564.046430882,31832387.638374254,39023.439024390245,9421220.39205435,31831443.455734633,39023.439024390245
9421612.963783778,31832904.46521564,38535.65853658537,1.4340898941366598,9421318.226760142,31832477.109417398,38047.87804878049,9421661.881136674,31833421.292057022,38047.87804878049,9421907.700807415,31833331.821013875,39023.439024390245,9421564.046430882,31832387.638374254,39023.439024390245
9421956.618160311,31833848.647855256,38535.65853658537,1.1594843932681713,9421661.881136674,31833421.292057022,38047.87804878049,9422005.535513207,31834365.47469664,38047.87804878049,9422251.355183948,31834276.003653493,39023.439024390245,9421907.700807415,31833331.821013875,39023.439024390245
9422300.272536842,31834792.830494877,38535.65853658537,1.2344132339502942,9422005.535513207,31834365.47469664,38047.87804878049,9422349.18988974,31835309.65733626,38047.87804878049,9422595.00956048,31835220.186293114,39023.439024390245,9422251.355183948,31834276.003653493,39023.439024390245
9422643.926913377,31835737.0131345,38535.65853658537,0.9986402191476424,9422349.18988974,31835309.65733626,38047.87804878049,9422692.844266273,31836253.839975882,38047.87804878049,9422938.663937012,31836164.368932735,39023.439024390245,9422595.00956048,31835220.186293114,39023.439024390245
9422987.581289908,31836681.19577412,38535.65853658537,1.3488919490710891,9422692.844266273,31836253.839975882,38047.87804878049,9423036.498642806,31837198.0226155,38047.87804878049,9423282.318313545,31837108.551572353,39023.439024390245,9422938.663937012,31836164.368932735,39023.439024390245
9423331.235666443,31837625.378413737,38535.65853658537,1.575040913413947,9423036.498642806,31837198.0226155,38047.87804878049,9423380.153019339,31838142.20525512,38047.87804878049,9423625.972690077,31838052.734211974,39023.439024390245,9423282.318313545,31837108.551572353,39023.439024390245
9423674.890042974,31838569.561053358,38535.65853658537,1.5106092016584376,9423380.153019339,31838142.20525512,38047.87804878049,9423723.80739587,31839086.387894742,38047.87804878049,9423969.62706661,31838996.916851595,39023.439024390245,9423625.972690077,31838052.734211974,39023.439024390245
9424018.544419507,31839513.74369298,38535.65853658537,0.9073127322908578,9423723.80739587,31839086.387894742,38047.87804878049,9424067.461772403,31840030.57053436,38047.87804878049,9424313.281443143,31839941.099491213,39023.439024390245,9423969.62706661,31838996.916851595,39023.439024390245
9424362.19879604,31840457.926332593,38535.65853658537,0.8668875042551099,9424067.461772403,31840030.57053436,38047.87804878049,9424411.116148936,31840974.753173977,38047.87804878049,9424656.935819674,31840885.282130834,39023.439024390245,9424313.281443143,31839941.099491213,39023.439024390245
9424705.85317257,31841402.108972214,38535.65853658537,0.8822329820080074,9424411.116148936,31840974.753173977,38047.87804878049,9424754.770525469,31841918.9358136,38047.87804878049,9425000.590196207,31841829.464770455,39023.439024390245,9424656.935819674,31840885.282130834,39023.439024390245
9425049.507549105,31842346.291611835,38535.65853658537,0.8048468049419781,9424754.770525469,31841918.9358136,38047.87804878049,9425098.424902001,31842863.11845322,38047.87804878049,9425344.24457274,31842773.647410076,39023.439024390245,9425000.590196207,31841829.464770455,39023.439024390245
9425393.161925636,31843290.474251457,38535.65853658537,1.1743355915840488,9425098.424902001,31842863.11845322,38047.87804878049,9425442.079278532,31843807.301092837,38047.87804878049,9425687.898949273,31843717.830049694,39023.439024390245,9425344.24457274,31842773.647410076,39023.439024390245
9425736.816302167,31844234.656891078,38535.65853658537,1.2236594152920182,9425442.079278532,31843807.301092837,38047.87804878049,9425785.733655065,31844751.48373246,38047.87804878049,9426031.553325806,31844662.012689315,39023.439024390245,9425687.898949273,31843717.830049694,39023.439024390245
9426080.470678702,31845178.8395307,38535.65853658537,1.353482352181275,9425785.733655065,31844751.48373246,38047.87804878049,9426129.388031598,31845695.66637208,38047.87804878049,9426375.207702339,31845606.195328936,39023.439024390245,9426031.553325806,31844662.012689315,39023.439024390245
9426424.125055235,31846123.022170316,38535.65853658537,1.393466495028192,9426129.388031598,31845695.66637208,38047.87804878049,9426473.042408131,31846639.8490117,38047.87804878049,9426718.862078872,31846550.377968553,39023.439024390245,9426375.207702339,31845606.195328936,39023.439024390245
9426767.779431768,31847067.204809938,38535.65853658537,2.122566450737284,9426473.042408131,31846639.8490117,38047.87804878049,9426816.696784664,31847584.03165132,38047.87804878049,9427062.516455403,31847494.560608175,39023.439024390245,9426718.862078872,31846550.377968553,39023.439024390245
9427111.433808299,31848011.38744956,38535.65853658537,2.3740768442521807,9426816.696784664,31847584.03165132,38047.87804878049,9427160.351161197,31848528.214290943,38047.87804878049,9427406.170831935,31848438.743247796,39023.439024390245,9427062.516455403,31847494.560608175,39023.439024390245
9427455.088184834,31848955.57008918,38535.65853658537,1.4398072788082925,9427160.351161197,31848528.214290943,38047.87804878049,9427504.00553773,31849472.39693056,38047.87804878049,9427749.825208468,31849382.925887413,39023.439024390245,9427406.170831935,31848438.743247796,39023.439024390245
9427798.742561365,31849899.752728797,38535.65853658537,1.3826056435255831,9427504.00553773,31849472.39693056,38047.87804878049,9427847.65991426,31850416.57957018,38047.87804878049,9428093.479585001,31850327.108527035,39023.439024390245,9427749.825208468,31849382.925887413,39023.439024390245
9428142.396937896,31850843.935368415,38535.65853658537,1.8188622020115988,9427847.65991426,31850416.57957018,38047.87804878049,9428191.314290794,31851360.762209803,38047.87804878049,9428437.133961534,31851271.291166652,39023.439024390245,9428093.479585001,31850327.108527035,39023.439024390245
9428486.05131443,31851788.118008036,38535.65853658537,1.451934285423633,9428191.314290794,31851360.762209803,38047.87804878049,9428534.968667326,31852304.94484942,38047.87804878049,9428780.788338067,31852215.473806273,39023.439024390245,9428437.133961534,31851271.291166652,39023.439024390245
9428829.705690963,31852732.300647657,38535.65853658537,1.3000146857355097,9428534.968667326,31852304.94484942,38047.87804878049,9428878.62304386,31853249.12748904,38047.87804878049,9429124.4427146,31853159.656445894,39023.439024390245,9428780.788338067,31852215.473806273,39023.439024390245
9429173.360067496,31853676.483287275,38535.65853658537,0.8745414898125875,9428878.62304386,31853249.12748904,38047.87804878049,9429222.277420392,31854193.31012866,38047.87804878049,9429468.097091133,31854103.839085516,39023.439024390245,9429124.4427146,31853159.656445894,39023.439024390245
9429517.014444027,31854620.665926896,38535.65853658537,0.9829619431685331,9429222.277420392,31854193.31012866,38047.87804878049,9429565.931796925,31855137.49276828,38047.87804878049,9429811.751467664,31855048.021725137,39023.439024390245,9429468.097091133,31854103.839085516,39023.439024390245
9429860.668820562,31855564.848566517,38535.65853658537,0.84006349808518,9429565.931796925,31855137.49276828,38047.87804878049,9429909.586173458,31856081.6754079,38047.87804878049,9430155.405844197,31855992.204364758,39023.439024390245,9429811.751467664,31855048.021725137,39023.439024390245
9430204.323197093,31856509.03120614,38535.65853658537,1.0036937539837507,9429909.586173458,31856081.6754079,38047.87804878049,9430253.24054999,31857025.85804752,38047.87804878049,9430499.06022073,31856936.387004375,39023.439024390245,9430155.405844197,31855992.204364758,39023.439024390245
9430547.977573628,31857453.21384576,38535.65853658537,0.8610262803299501,9430253.24054999,31857025.85804752,38047.87804878049,9430596.894926522,31857970.04068714,38047.87804878049,9430842.714597262,31857880.569643997,39023.439024390245,9430499.06022073,31856936.387004375,39023.439024390245
9430891.631950159,31858397.39648538,38535.65853658537,0.549201441118486,9430596.894926522,31857970.04068714,38047.87804878049,9430940.549303055,31858914.22332676,38047.87804878049,9431186.368973795,31858824.752283618,39023.439024390245,9430842.714597262,31857880.569643997,39023.439024390245
9431235.286326692,31859341.579125002,38535.65853658537,0.578011414786424,9430940.549303055,31858914.22332676,38047.87804878049,9431284.203679588,31859858.405966382,38047.87804878049,9431530.023350328,31859768.934923235,39023.439024390245,9431186.368973795,31858824.752283618,39023.439024390245
9431578.940703224,31860285.76176462,38535.65853658537,0.6165878000004189,9431284.203679588,31859858.405966382,38047.87804878049,9431627.85805612,31860802.588606004,38047.87804878049,9431873.677726861,31860713.117562857,39023.439024390245,9431530.023350328,31859768.934923235,39023.439024390245
9431922.595079755,31861229.94440424,38535.65853658537,1.2223564375115326,9431627.85805612,31860802.588606004,38047.87804878049,9431971.512432653,31861746.771245625,38047.87804878049,9432217.332103392,31861657.300202478,39023.439024390245,9431873.677726861,31860713.117562857,39023.439024390245
9432266.249456288,31862174.12704386,38535.65853658537,2.2471766695551505,9431971.512432653,31861746.771245625,38047.87804878049,9432315.166809184,31862690.953885242,38047.87804878049,9432560.986479925,31862601.482842095,39023.439024390245,9432217.332103392,31861657.300202478,39023.439024390245
9432609.903832821,31863118.30968348,38535.65853658537,2.9724068180136425,9432315.166809184,31862690.953885242,38047.87804878049,9432658.821185717,31863635.136524864,38047.87804878049,9432904.640856458,31863545.665481713,39023.439024390245,9432560.986479925,31862601.482842095,39023.439024390245
9432953.558209352,31864062.492323097,38535.65853658537,3.33076064512119,9432658.821185717,31863635.136524864,38047.87804878049,9433002.47556225,31864579.31916448,38047.87804878049,9433248.29523299,31864489.848121334,39023.439024390245,9432904.640856458,31863545.665481713,39023.439024390245
9433297.212585887,31865006.674962718,38535.65853658537,3.3868605857576553,9433002.47556225,31864579.31916448,38047.87804878049,9433346.129938783,31865523.501804102,38047.87804878049,9433591.949609524,31865434.030760955,39023.439024390245,9433248.29523299,31864489.848121334,39023.439024390245
9433640.866962418,31865950.857602336,38535.65853658537,4.043334941518631,9433346.129938783,31865523.501804102,38047.87804878049,9433689.784315316,31866467.68444372,38047.87804878049,9433935.603986055,31866378.213400573,39023.439024390245,9433591.949609524,31865434.030760955,39023.439024390245
9433984.521338953,31866895.040241957,38535.65853658537,4.623925818395974,9433689.784315316,31866467.68444372,38047.87804878049,9434033.438691849,31867411.86708334,38047.87804878049,9434279.258362588,31867322.396040194,39023.439024390245,9433935.603986055,31866378.213400573,39023.439024390245
9434328.175715484,31867839.222881578,38535.65853658537,4.409497801441376,9434033.438691849,31867411.86708334,38047.87804878049,9434377.093068382,31868356.049722962,38047.87804878049,9434622.91273912,31868266.57867982,39023.439024390245,9434279.258362588,31867322.396040194,39023.439024390245
9434671.830092017,31868783.4055212,38535.65853658537,4.145822794408269,9434377.093068382,31868356.049722962,38047.87804878049,9434720.747444913,31869300.23236258,38047.87804878049,9434966.567115653,31869210.761319436,39023.439024390245,9434622.91273912,31868266.57867982,39023.439024390245
9435015.48446855,31869727.588160817,38535.65853658537,4.316404836780154,9434720.747444913,31869300.23236258,38047.87804878049,9435064.401821446,31870244.4150022,38047.87804878049,9435310.221492186,31870154.943959057,39023.439024390245,9434966.567115653,31869210.761319436,39023.439024390245
9435359.13884508,31870671.77080044,38535.65853658537,4.579055885305672,9435064.401821446,31870244.4150022,38047.87804878049,9435408.056197979,31871188.597641822,38047.87804878049,9435653.87586872,31871099.12659868,39023.439024390245,9435310.221492186,31870154.943959057,39023.439024390245
9435702.793221615,31871615.95344006,38535.65853658537,5.4803916633883984,9435408.056197979,31871188.597641822,38047.87804878049,9435751.710574511,31872132.78028144,38047.87804878049,9435997.530245252,31872043.309238296,39023.439024390245,9435653.87586872,31871099.12659868,39023.439024390245
9436046.447598146,31872560.13607968,38535.65853658537,6.2340109862116435,9435751.710574511,31872132.78028144,38047.87804878049,9436095.364951044,31873076.962921064,38047.87804878049,9436341.184621783,31872987.491877917,39023.439024390245,9435997.530245252,31872043.309238296,39023.439024390245
9436390.101974681,31873504.3187193,38535.65853658537,6.066796047670127,9436095.364951044,31873076.962921064,38047.87804878049,9436439.019327577,31874021.145560686,38047.87804878049,9436684.838998316,31873931.67451754,39023.439024390245,9436341.184621783,31872987.491877917,39023.439024390245
9436733.756351212,31874448.50135892,38535.65853658537,6.091134542687474,9436439.019327577,31874021.145560686,38047.87804878049,9436782.67370411,31874965.328200303,38047.87804878049,9437028.493374849,31874875.857157156,39023.439024390245,9436684.838998316,31873931.67451754,39023.439024390245
9437077.410727745,31875392.68399854,38535.65853658537,4.5779077849962215,9436782.67370411,31874965.328200303,38047.87804878049,9437126.328080641,31875909.510839924,38047.87804878049,9437372.147751382,31875820.039796777,39023.439024390245,9437028.493374849,31874875.857157156,39023.439024390245
9437421.065104278,31876336.86663816,38535.65853658537,3.94366998617398,9437126.328080641,31875909.510839924,38047.87804878049,9437469.982457174,31876853.693479545,38047.87804878049,9437715.802127915,31876764.2224364,39023.439024390245,9437372.147751382,31875820.039796777,39023.439024390245
9437764.719480809,31877281.049277782,38535.65853658537,4.66748473925354,9437469.982457174,31876853.693479545,38047.87804878049,9437813.636833707,31877797.876119163,38047.87804878049,9438059.456504447,31877708.405076016,39023.439024390245,9437715.802127915,31876764.2224364,39023.439024390245
9438108.373857344,31878225.2319174,38535.65853658537,4.529583411440018,9437813.636833707,31877797.876119163,38047.87804878049,9438157.29121024,31878742.058758784,38047.87804878049,9438403.11088098,31878652.587715637,39023.439024390245,9438059.456504447,31877708.405076016,39023.439024390245
9438452.028233875,31879169.41455702,38535.65853658537,5.215929026438602,9438157.29121024,31878742.058758784,38047.87804878049,9438500.945586773,31879686.241398405,38047.87804878049,9438746.765257511,31879596.770355254,39023.439024390245,9438403.11088098,31878652.587715637,39023.439024390245
9438795.68261041,31880113.597196642,38535.65853658537,4.460081658778494,9438500.945586773,31879686.241398405,38047.87804878049,9438844.599963306,31880630.424038023,38047.87804878049,9439090.419634044,31880540.952994876,39023.439024390245,9438746.765257511,31879596.770355254,39023.439024390245
9439139.33698694,31881057.77983626,38535.65853658537,4.737752231224184,9438844.599963306,31880630.424038023,38047.87804878049,9439188.254339838,31881574.606677644,38047.87804878049,9439434.074010577,31881485.1356345,39023.439024390245,9439090.419634044,31880540.952994876,39023.439024390245
9439482.991363473,31882001.962475877,38535.65853658537,4.984618302340458,9439188.254339838,31881574.606677644,38047.87804878049,9439531.90871637,31882518.78931726,38047.87804878049,9439777.72838711,31882429.318274118,39023.439024390245,9439434.074010577,31881485.1356345,39023.439024390245
9439826.645740006,31882946.1451155,38535.65853658537,4.220682255247732,9439531.90871637,31882518.78931726,38047.87804878049,9439875.563092902,31883462.971956883,38047.87804878049,9440121.382763643,31883373.50091374,39023.439024390245,9439777.72838711,31882429.318274118,39023.439024390245
9440170.300116537,31883890.327755123,38535.65853658537,3.489871012834938,9439875.563092902,31883462.971956883,38047.87804878049,9440219.217469435,31884407.154596504,38047.87804878049,9440465.037140176,31884317.68355336,39023.439024390245,9440121.382763643,31883373.50091374,39023.439024390245
9440513.954493072,31884834.51039474,38535.65853658537,4.669427749984386,9440219.217469435,31884407.154596504,38047.87804878049,9440562.871845968,31885351.33723612,38047.87804878049,9440808.691516707,31885261.866192978,39023.439024390245,9440465.037140176,31884317.68355336,39023.439024390245
9440857.608869603,31885778.693034362,38535.65853658537,4.64043975904775,9440562.871845968,31885351.33723612,38047.87804878049,9440906.526222501,31886295.519875746,38047.87804878049,9441152.34589324,31886206.0488326,39023.439024390245,9440808.691516707,31885261.866192978,39023.439024390245
9441201.263246138,31886722.87567398,38535.65853658537,3.4085593220246166,9440906.526222501,31886295.519875746,38047.87804878049,9441250.180599032,31887239.702515364,38047.87804878049,9441496.000269772,31887150.231472217,39023.439024390245,9441152.34589324,31886206.0488326,39023.439024390245
9441544.917622669,31887667.0583136,38535.65853658537,2.4444854339198847,9441250.180599032,31887239.702515364,38047.87804878049,9441593.834975565,31888183.885154985,38047.87804878049,9441839.654646305,31888094.414111838,39023.439024390245,9441496.000269772,31887150.231472217,39023.439024390245
9441888.571999202,31888611.240953222,38535.65853658537,1.7730771894768598,9441593.834975565,31888183.885154985,38047.87804878049,9441937.489352098,31889128.067794606,38047.87804878049,9442183.309022838,31889038.596751455,39023.439024390245,9441839.654646305,31888094.414111838,39023.439024390245
9442232.226375734,31889555.423592843,38535.65853658537,2.07714383014162,9441937.489352098,31889128.067794606,38047.87804878049,9442281.14372863,31890072.250434224,38047.87804878049,9442526.963399371,31889982.779391076,39023.439024390245,9442183.309022838,31889038.596751455,39023.439024390245
9442575.880752265,31890499.60623246,38535.65853658537,1.8266671961717875,9442281.14372863,31890072.250434224,38047.87804878049,9442624.798105163,31891016.433073845,38047.87804878049,9442870.617775904,31890926.962030698,39023.439024390245,9442526.963399371,31889982.779391076,39023.439024390245
9442919.5351288,31891443.788872078,38535.65853658537,1.867731712143447,9442624.798105163,31891016.433073845,38047.87804878049,9442968.452481696,31891960.615713462,38047.87804878049,9443214.272152435,31891871.144670315,39023.439024390245,9442870.617775904,31890926.962030698,39023.439024390245
9443263.189505331,31892387.9715117,38535.65853658537,1.9333401898968168,9442968.452481696,31891960.615713462,38047.87804878049,9443312.10685823,31892904.798353083,38047.87804878049,9443557.926528968,31892815.327309936,39023.439024390245,9443214.272152435,31891871.144670315,39023.439024390245
9443606.843881866,31893332.15415132,38535.65853658537,1.9087306386947198,9443312.10685823,31892904.798353083,38047.87804878049,9443655.761234762,31893848.980992705,38047.87804878049,9443901.5809055,31893759.509949557,39023.439024390245,9443557.926528968,31892815.327309936,39023.439024390245
9443950.498258397,31894276.336790938,38535.65853658537,1.6555856667447928,9443655.761234762,31893848.980992705,38047.87804878049,9443999.415611293,31894793.163632322,38047.87804878049,9444245.235282034,31894703.69258918,39023.439024390245,9443901.5809055,31893759.509949557,39023.439024390245
9444294.15263493,31895220.51943056,38535.65853658537,1.238123689595826,9443999.415611293,31894793.163632322,38047.87804878049,9444343.069987826,31895737.346271943,38047.87804878049,9444588.889658567,31895647.8752288,39023.439024390245,9444245.235282034,31894703.69258918,39023.439024390245
9444637.807011463,31896164.70207018,38535.65853658537,1.2887216228579614,9444343.069987826,31895737.346271943,38047.87804878049,9444686.724364359,31896681.528911564,38047.87804878049,9444932.5440351,31896592.05786842,39023.439024390245,9444588.889658567,31895647.8752288,39023.439024390245
9444981.461387994,31897108.884709805,38535.65853658537,1.2721773299377082,9444686.724364359,31896681.528911564,38047.87804878049,9445030.378740892,31897625.711551182,38047.87804878049,9445276.198411632,31897536.24050804,39023.439024390245,9444932.5440351,31896592.05786842,39023.439024390245
9445325.115764529,31898053.067349423,38535.65853658537,1.4047332503822811,9445030.378740892,31897625.711551182,38047.87804878049,9445374.033117425,31898569.894190803,38047.87804878049,9445619.852788163,31898480.42314766,39023.439024390245,9445276.198411632,31897536.24050804,39023.439024390245
9445668.77014106,31898997.249989044,38535.65853658537,1.1913672610728392,9445374.033117425,31898569.894190803,38047.87804878049,9445717.687493958,31899514.076830428,38047.87804878049,9445963.507164696,31899424.60578728,39023.439024390245,9445619.852788163,31898480.42314766,39023.439024390245
9446012.424517594,31899941.432628665,38535.65853658537,1.0007625289799729,9445717.687493958,31899514.076830428,38047.87804878049,9446061.34187049,31900458.259470046,38047.87804878049,9446307.16154123,31900368.7884269,39023.439024390245,9445963.507164696,31899424.60578728,39023.439024390245
9446356.078894125,31900885.615268283,38535.65853658537,1.0581429326936593,9446061.34187049,31900458.259470046,38047.87804878049,9446404.996247021,31901402.442109667,38047.87804878049,9446650.81591776,31901312.97106652,39023.439024390245,9446307.16154123,31900368.7884269,39023.439024390245
9420827.82032492,31829982.44625363,39511.21951219512,0.5209950872490157,9420533.083301283,31829555.090455394,39023.439024390245,9420876.737677816,31830499.273095015,39023.439024390245,9421122.557348555,31830409.80205187,39999.0,9420778.902972022,31829465.619412247,39999.0
9421171.474701453,31830926.62889325,39511.21951219512,0.593393352986546,9420876.737677816,31830499.273095015,39023.439024390245,9421220.39205435,31831443.455734633,39023.439024390245,9421466.211725088,31831353.984691486,39999.0,9421122.557348555,31830409.80205187,39999.0
9421515.129077984,31831870.81153287,39511.21951219512,0.8574135570672373,9421220.39205435,31831443.455734633,39023.439024390245,9421564.046430882,31832387.638374254,39023.439024390245,9421809.86610162,31832298.167331107,39999.0,9421466.211725088,31831353.984691486,39999.0
9421858.783454519,31832814.99417249,39511.21951219512,1.0102314669562056,9421564.046430882,31832387.638374254,39023.439024390245,9421907.700807415,31833331.821013875,39023.439024390245,9422153.520478152,31833242.34997073,39999.0,9421809.86610162,31832298.167331107,39999.0
9422202.43783105,31833759.17681211,39511.21951219512,0.980002301235063,9421907.700807415,31833331.821013875,39023.439024390245,9422251.355183948,31834276.003653493,39023.439024390245,9422497.174854685,31834186.532610346,39999.0,9422153.520478152,31833242.34997073,39999.0
9422546.092207583,31834703.35945173,39511.21951219512,1.4399418211071089,9422251.355183948,31834276.003653493,39023.439024390245,9422595.00956048,31835220.186293114,39023.439024390245,9422840.829231218,31835130.715249967,39999.0,9422497.174854685,31834186.532610346,39999.0
9422889.746584114,31835647.54209135,39511.21951219512,1.2116446449062612,9422595.00956048,31835220.186293114,39023.439024390245,9422938.663937012,31836164.368932735,39023.439024390245,9423184.48360775,31836074.89788959,39999.0,9422840.829231218,31835130.715249967,39999.0
9423233.400960647,31836591.724730972,39511.21951219512,1.9708927102614648,9422938.663937012,31836164.368932735,39023.439024390245,9423282.318313545,31837108.551572353,39023.439024390245,9423528.137984283,31837019.08052921,39999.0,9423184.48360775,31836074.89788959,39999.0
9423577.05533718,31837535.90737059,39511.21951219512,2.120924878556624,9423282.318313545,31837108.551572353,39023.439024390245,9423625.972690077,31838052.734211974,39023.439024390245,9423871.792360816,31837963.26316883,39999.0,9423528.137984283,31837019.08052921,39999.0
9423920.709713712,31838480.09001021,39511.21951219512,1.6962614593028436,9423625.972690077,31838052.734211974,39023.439024390245,9423969.62706661,31838996.916851595,39023.439024390245,9424215.446737349,31838907.445808448,39999.0,9423871.792360816,31837963.26316883,39999.0
9424264.364090245,31839424.272649836,39511.21951219512,1.0394611911628153,9423969.62706661,31838996.916851595,39023.439024390245,9424313.281443143,31839941.099491213,39023.439024390245,9424559.10111388,31839851.62844807,39999.0,9424215.446737349,31838907.445808448,39999.0
9424608.018466776,31840368.45528945,39511.21951219512,0.8671794857654814,9424313.281443143,31839941.099491213,39023.439024390245,9424656.935819674,31840885.282130834,39023.439024390245,9424902.755490413,31840795.811087687,39999.0,9424559.10111388,31839851.62844807,39999.0
9424951.672843307,31841312.63792907,39511.21951219512,1.090511906226053,9424656.935819674,31840885.282130834,39023.439024390245,9425000.590196207,31841829.464770455,39023.439024390245,9425246.409866946,31841739.993727308,39999.0,9424902.755490413,31840795.811087687,39999.0
9425295.327219842,31842256.820568692,39511.21951219512,1.0455799275864743,9425000.590196207,31841829.464770455,39023.439024390245,9425344.24457274,31842773.647410076,39023.439024390245,9425590.064243479,31842684.17636693,39999.0,9425246.409866946,31841739.993727308,39999.0
9425638.981596375,31843201.00320831,39511.21951219512,0.8442517241915264,9425344.24457274,31842773.647410076,39023.439024390245,9425687.898949273,31843717.830049694,39023.439024390245,9425933.718620012,31843628.359006546,39999.0,9425590.064243479,31842684.17636693,39999.0
9425982.635972908,31844145.18584793,39511.21951219512,0.7338046895679058,9425687.898949273,31843717.830049694,39023.439024390245,9426031.553325806,31844662.012689315,39023.439024390245,9426277.372996543,31844572.541646168,39999.0,9425933.718620012,31843628.359006546,39999.0
9426326.290349439,31845089.36848755,39511.21951219512,0.9226244397620872,9426031.553325806,31844662.012689315,39023.439024390245,9426375.207702339,31845606.195328936,39023.439024390245,9426621.027373075,31845516.72428579,39999.0,9426277.372996543,31844572.541646168,39999.0
9426669.944725974,31846033.55112717,39511.21951219512,0.914252945112727,9426375.207702339,31845606.195328936,39023.439024390245,9426718.862078872,31846550.377968553,39023.439024390245,9426964.681749608,31846460.906925406,39999.0,9426621.027373075,31845516.72428579,39999.0
9427013.599102505,31846977.73376679,39511.21951219512,2.00619484499716,9426718.862078872,31846550.377968553,39023.439024390245,9427062.516455403,31847494.560608175,39023.439024390245,9427308.336126141,31847405.089565028,39999.0,9426964.681749608,31846460.906925406,39999.0
9427357.253479036,31847921.91640641,39511.21951219512,1.676142789532466,9427062.516455403,31847494.560608175,39023.439024390245,9427406.170831935,31848438.743247796,39023.439024390245,9427651.990502674,31848349.272204645,39999.0,9427308.336126141,31847405.089565028,39999.0
9427700.90785557,31848866.099046033,39511.21951219512,0.8468849963659106,9427406.170831935,31848438.743247796,39023.439024390245,9427749.825208468,31849382.925887413,39023.439024390245,9427995.644879207,31849293.45484427,39999.0,9427651.990502674,31848349.272204645,39999.0
9428044.562232103,31849810.28168565,39511.21951219512,0.9654702061088041,9427749.825208468,31849382.925887413,39023.439024390245,9428093.479585001,31850327.108527035,39023.439024390245,9428339.29925574,31850237.63748389,39999.0,9427995.644879207,31849293.45484427,39999.0
9428388.216608636,31850754.464325268,39511.21951219512,0.9831055306088674,9428093.479585001,31850327.108527035,39023.439024390245,9428437.133961534,31851271.291166652,39023.439024390245,9428682.953632273,31851181.82012351,39999.0,9428339.29925574,31850237.63748389,39999.0
9428731.870985167,31851698.646964893,39511.21951219512,1.010395412139943,9428437.133961534,31851271.291166652,39023.439024390245,9428780.788338067,31852215.473806273,39023.439024390245,9429026.608008804,31852126.00276313,39999.0,9428682.953632273,31851181.82012351,39999.0
9429075.525361702,31852642.829604514,39511.21951219512,1.0833069218573073,9428780.788338067,31852215.473806273,39023.439024390245,9429124.4427146,31853159.656445894,39023.439024390245,9429370.262385337,31853070.18540275,39999.0,9429026.608008804,31852126.00276313,39999.0
9429419.179738233,31853587.01224413,39511.21951219512,0.808035496037727,9429124.4427146,31853159.656445894,39023.439024390245,9429468.097091133,31854103.839085516,39023.439024390245,9429713.91676187,31854014.36804237,39999.0,9429370.262385337,31853070.18540275,39999.0
9429762.834114768,31854531.194883753,39511.21951219512,0.5291842482433046,9429468.097091133,31854103.839085516,39023.439024390245,9429811.751467664,31855048.021725137,39023.439024390245,9430057.571138402,31854958.55068199,39999.0,9429713.91676187,31854014.36804237,39999.0
9430106.488491299,31855475.377523374,39511.21951219512,0.3340662222540882,9429811.751467664,31855048.021725137,39023.439024390245,9430155.405844197,31855992.204364758,39023.439024390245,9430401.225514935,31855902.73332161,39999.0,9430057.571138402,31854958.55068199,39999.0
9430450.142867832,31856419.560162995,39511.21951219512,0.4957950436902906,9430155.405844197,31855992.204364758,39023.439024390245,9430499.06022073,31856936.387004375,39023.439024390245,9430744.879891468,31856846.91596123,39999.0,9430401.225514935,31855902.73332161,39999.0
9430793.797244364,31857363.742802612,39511.21951219512,0.4369355225717127,9430499.06022073,31856936.387004375,39023.439024390245,9430842.714597262,31857880.569643997,39023.439024390245,9431088.534268001,31857791.09860085,39999.0,9430744.879891468,31856846.91596123,39999.0
9431137.451620895,31858307.925442234,39511.21951219512,0.34942598341412484,9430842.714597262,31857880.569643997,39023.439024390245,9431186.368973795,31858824.752283618,39023.439024390245,9431432.188644532,31858735.28124047,39999.0,9431088.534268001,31857791.09860085,39999.0
9431481.10599743,31859252.108081855,39511.21951219512,0.4864952461172922,9431186.368973795,31858824.752283618,39023.439024390245,9431530.023350328,31859768.934923235,39023.439024390245,9431775.843021065,31859679.46388009,39999.0,9431432.188644532,31858735.28124047,39999.0
9431824.760373961,31860196.290721472,39511.21951219512,0.5057835979995541,9431530.023350328,31859768.934923235,39023.439024390245,9431873.677726861,31860713.117562857,39023.439024390245,9432119.497397598,31860623.64651971,39999.0,9431775.843021065,31859679.46388009,39999.0
9432168.414750496,31861140.473361094,39511.21951219512,0.967161327733923,9431873.677726861,31860713.117562857,39023.439024390245,9432217.332103392,31861657.300202478,39023.439024390245,9432463.15177413,31861567.82915933,39999.0,9432119.497397598,31860623.64651971,39999.0
9432512.069127027,31862084.65600071,39511.21951219512,1.7303105477750944,9432217.332103392,31861657.300202478,39023.439024390245,9432560.986479925,31862601.482842095,39023.439024390245,9432806.806150664,31862512.01179895,39999.0,9432463.15177413,31861567.82915933,39999.0
9432855.723503558,31863028.83864033,39511.21951219512,2.442249784506872,9432560.986479925,31862601.482842095,39023.439024390245,9432904.640856458,31863545.665481713,39023.439024390245,9433150.460527195,31863456.19443857,39999.0,9432806.806150664,31862512.01179895,39999.0
9433199.377880093,31863973.02127995,39511.21951219512,2.516830928177625,9432904.640856458,31863545.665481713,39023.439024390245,9433248.29523299,31864489.848121334,39023.439024390245,9433494.114903728,31864400.37707819,39999.0,9433150.460527195,31863456.19443857,39999.0
9433543.032256624,31864917.203919575,39511.21951219512,2.440828016432336,9433248.29523299,31864489.848121334,39023.439024390245,9433591.949609524,31865434.030760955,39023.439024390245,9433837.76928026,31865344.55971781,39999.0,9433494.114903728,31864400.37707819,39999.0
9433886.686633157,31865861.386559192,39511.21951219512,2.5061304026472873,9433591.949609524,31865434.030760955,39023.439024390245,9433935.603986055,31866378.213400573,39023.439024390245,9434181.423656793,31866288.74235743,39999.0,9433837.76928026,31865344.55971781,39999.0
9434230.34100969,31866805.569198813,39511.21951219512,3.0661321899182723,9433935.603986055,31866378.213400573,39023.439024390245,9434279.258362588,31867322.396040194,39023.439024390245,9434525.078033326,31867232.92499705,39999.0,9434181.423656793,31866288.74235743,39999.0
9434573.99538622,31867749.751838434,39511.21951219512,2.9659061563052918,9434279.258362588,31867322.396040194,39023.439024390245,9434622.91273912,31868266.57867982,39023.439024390245,9434868.73240986,31868177.10763667,39999.0,9434525.078033326,31867232.92499705,39999.0
9434917.649762755,31868693.934478056,39511.21951219512,3.572726623570229,9434622.91273912,31868266.57867982,39023.439024390245,9434966.567115653,31869210.761319436,39023.439024390245,9435212.386786392,31869121.29027629,39999.0,9434868.73240986,31868177.10763667,39999.0
9435261.304139286,31869638.117117673,39511.21951219512,4.372457195706676,9434966.567115653,31869210.761319436,39023.439024390245,9435310.221492186,31870154.943959057,39023.439024390245,9435556.041162923,31870065.47291591,39999.0,9435212.386786392,31869121.29027629,39999.0
9435604.958515821,31870582.299757294,39511.21951219512,4.618775423772091,9435310.221492186,31870154.943959057,39023.439024390245,9435653.87586872,31871099.12659868,39023.439024390245,9435899.695539456,31871009.65555553,39999.0,9435556.041162923,31870065.47291591,39999.0
9435948.612892352,31871526.48239691,39511.21951219512,4.871692859315727,9435653.87586872,31871099.12659868,39023.439024390245,9435997.530245252,31872043.309238296,39023.439024390245,9436243.349915989,31871953.83819515,39999.0,9435899.695539456,31871009.65555553,39999.0
9436292.267268885,31872470.665036533,39511.21951219512,5.357054078280441,9435997.530245252,31872043.309238296,39023.439024390245,9436341.184621783,31872987.491877917,39023.439024390245,9436587.004292522,31872898.02083477,39999.0,9436243.349915989,31871953.83819515,39999.0
9436635.921645418,31873414.847676154,39511.21951219512,5.875552992150831,9436341.184621783,31872987.491877917,39023.439024390245,9436684.838998316,31873931.67451754,39023.439024390245,9436930.658669055,31873842.20347439,39999.0,9436587.004292522,31872898.02083477,39999.0
9436979.576021949,31874359.03031577,39511.21951219512,4.104605185960451,9436684.838998316,31873931.67451754,39023.439024390245,9437028.493374849,31874875.857157156,39023.439024390245,9437274.313045587,31874786.38611401,39999.0,9436930.658669055,31873842.20347439,39999.0
9437323.230398484,31875303.212955393,39511.21951219512,2.9713122506721334,9437028.493374849,31874875.857157156,39023.439024390245,9437372.147751382,31875820.039796777,39023.439024390245,9437617.96742212,31875730.568753634,39999.0,9437274.313045587,31874786.38611401,39999.0
9437666.884775015,31876247.395595014,39511.21951219512,3.506736474556422,9437372.147751382,31875820.039796777,39023.439024390245,9437715.802127915,31876764.2224364,39023.439024390245,9437961.621798651,31876674.75139325,39999.0,9437617.96742212,31875730.568753634,39999.0
9438010.53915155,31877191.57823463,39511.21951219512,4.443606540690453,9437715.802127915,31876764.2224364,39023.439024390245,9438059.456504447,31877708.405076016,39023.439024390245,9438305.276175184,31877618.934032872,39999.0,9437961.621798651,31876674.75139325,39999.0
9438354.19352808,31878135.760874256,39511.21951219512,4.584987198926927,9438059.456504447,31877708.405076016,39023.439024390245,9438403.11088098,31878652.587715637,39023.439024390245,9438648.930551717,31878563.116672494,39999.0,9438305.276175184,31877618.934032872,39999.0
9438697.847904613,31879079.943513878,39511.21951219512,4.431427163215503,9438403.11088098,31878652.587715637,39023.439024390245,9438746.765257511,31879596.770355254,39023.439024390245,9438992.58492825,31879507.29931211,39999.0,9438648.930551717,31878563.116672494,39999.0
9439041.502281146,31880024.126153495,39511.21951219512,3.5771332624647068,9438746.765257511,31879596.770355254,39023.439024390245,9439090.419634044,31880540.952994876,39023.439024390245,9439336.239304783,31880451.481951732,39999.0,9438992.58492825,31879507.29931211,39999.0
9439385.156657677,31880968.308793116,39511.21951219512,3.223652379153841,9439090.419634044,31880540.952994876,39023.439024390245,9439434.074010577,31881485.1356345,39023.439024390245,9439679.893681316,31881395.664591353,39999.0,9439336.239304783,31880451.481951732,39999.0
9439728.811034212,31881912.491432734,39511.21951219512,3.2581614355296176,9439434.074010577,31881485.1356345,39023.439024390245,9439777.72838711,31882429.318274118,39023.439024390245,9440023.548057849,31882339.84723097,39999.0,9439679.893681316,31881395.664591353,39999.0
9440072.465410745,31882856.674072355,39511.21951219512,3.7140986365101734,9439777.72838711,31882429.318274118,39023.439024390245,9440121.382763643,31883373.50091374,39023.439024390245,9440367.202434381,31883284.029870592,39999.0,9440023.548057849,31882339.84723097,39999.0
9440416.119787278,31883800.856711976,39511.21951219512,3.4803519499443243,9440121.382763643,31883373.50091374,39023.439024390245,9440465.037140176,31884317.68355336,39023.439024390245,9440710.856810912,31884228.212510213,39999.0,9440367.202434381,31883284.029870592,39999.0
9440759.774163809,31884745.039351594,39511.21951219512,3.3637076571041034,9440465.037140176,31884317.68355336,39023.439024390245,9440808.691516707,31885261.866192978,39023.439024390245,9441054.511187445,31885172.39514983,39999.0,9440710.856810912,31884228.212510213,39999.0
9441103.428540342,31885689.221991215,39511.21951219512,3.2283655778014877,9440808.691516707,31885261.866192978,39023.439024390245,9441152.34589324,31886206.0488326,39023.439024390245,9441398.165563978,31886116.57778945,39999.0,9441054.511187445,31885172.39514983,39999.0
9441447.082916874,31886633.404630832,39511.21951219512,2.719065640501837,9441152.34589324,31886206.0488326,39023.439024390245,9441496.000269772,31887150.231472217,39023.439024390245,9441741.819940511,31887060.76042907,39999.0,9441398.165563978,31886116.57778945,39999.0
9441790.737293405,31887577.587270454,39511.21951219512,2.216579184028028,9441496.000269772,31887150.231472217,39023.439024390245,9441839.654646305,31888094.414111838,39023.439024390245,9442085.474317044,31888004.94306869,39999.0,9441741.819940511,31887060.76042907,39999.0
9442134.39166994,31888521.769910075,39511.21951219512,1.4828432396944788,9441839.654646305,31888094.414111838,39023.439024390245,9442183.309022838,31889038.596751455,39023.439024390245,9442429.128693575,31888949.12570831,39999.0,9442085.474317044,31888004.94306869,39999.0
9442478.046046471,31889465.952549692,39511.21951219512,1.11048000301064,9442183.309022838,31889038.596751455,39023.439024390245,9442526.963399371,31889982.779391076,39023.439024390245,9442772.783070108,31889893.308347933,39999.0,9442429.128693575,31888949.12570831,39999.0
9442821.700423006,31890410.135189313,39511.21951219512,1.1397168988850568,9442526.963399371,31889982.779391076,39023.439024390245,9442870.617775904,31890926.962030698,39023.439024390245,9443116.43744664,31890837.490987554,39999.0,9442772.783070108,31889893.308347933,39999.0
9443165.354799537,31891354.317828935,39511.21951219512,1.369582993077835,9442870.617775904,31890926.962030698,39023.439024390245,9443214.272152435,31891871.144670315,39023.439024390245,9443460.091823174,31891781.67362717,39999.0,9443116.43744664,31890837.490987554,39999.0
9443509.00917607,31892298.500468556,39511.21951219512,1.4990472019705645,9443214.272152435,31891871.144670315,39023.439024390245,9443557.926528968,31892815.327309936,39023.439024390245,9443803.746199707,31892725.856266793,39999.0,9443460.091823174,31891781.67362717,39999.0
9443852.663552603,31893242.683108177,39511.21951219512,1.4129238976275336,9443557.926528968,31892815.327309936,39023.439024390245,9443901.5809055,31893759.509949557,39023.439024390245,9444147.40057624,31893670.038906414,39999.0,9443803.746199707,31892725.856266793,39999.0
9444196.317929134,31894186.865747795,39511.21951219512,1.2790549455338671,9443901.5809055,31893759.509949557,39023.439024390245,9444245.235282034,31894703.69258918,39023.439024390245,9444491.054952772,31894614.22154603,39999.0,9444147.40057624,31893670.038906414,39999.0
9444539.972305669,31895131.048387416,39511.21951219512,1.1467562761556225,9444245.235282034,31894703.69258918,39023.439024390245,9444588.889658567,31895647.8752288,39023.439024390245,9444834.709329303,31895558.404185653,39999.0,9444491.054952772,31894614.22154603,39999.0
9444883.6266822,31896075.231027037,39511.21951219512,1.0658637515394085,9444588.889658567,31895647.8752288,39023.439024390245,9444932.5440351,31896592.05786842,39023.439024390245,9445178.363705836,31896502.586825274,39999.0,9444834.709329303,31895558.404185653,39999.0
9445227.281058734,31897019.413666658,39511.21951219512,1.4797503290297997,9444932.5440351,31896592.05786842,39023.439024390245,9445276.198411632,31897536.24050804,39023.439024390245,9445522.01808237,31897446.76946489,39999.0,9445178.363705836,31896502.586825274,39999.0
9445570.935435265,31897963.596306276,39511.21951219512,1.9482337514996877,9445276.198411632,31897536.24050804,39023.439024390245,9445619.852788163,31898480.42314766,39023.439024390245,9445865.672458902,31898390.952104513,39999.0,9445522.01808237,31897446.76946489,39999.0
9445914.589811798,31898907.778945897,39511.21951219512,1.658965089532155,9445619.852788163,31898480.42314766,39023.439024390245,9445963.507164696,31899424.60578728,39023.439024390245,9446209.326835435,31899335.134744134,39999.0,9445865.672458902,31898390.952104513,39999.0
9446258.244188331,31899851.961585518,39511.21951219512,1.4779338897409604,9445963.507164696,31899424.60578728,39023.439024390245,9446307.16154123,31900368.7884269,39023.439024390245,9446552.981211968,31900279.31738375,39999.0,9446209.326835435,31899335.134744134,39999.0
9446601.898564862,31900796.144225135,39511.21951219512,1.2135164887576804,9446307.16154123,31900368.7884269,39023.439024390245,9446650.81591776,31901312.97106652,39023.439024390245,9446896.6355885,31901223.500023372,39999.0,9446552.981211968,31900279.31738375,39999.0
