clon,clat,cdep,slip,lon1,lat1,dep1,lon2,lat2,dep2,lon3,lat3,dep3,lon4,lat4,dep4
9413512.932284083,31832644.847767487,488.7804878048781,0.36133888595217956,9413218.195260448,31832217.491969246,1.0,9413561.849636981,31833161.674608868,1.0,9413807.669307718,31833072.203565724,976.5609756097562,9413464.014931187,31832128.020926103,976.5609756097562
9413856.586660614,31833589.03040711,488.7804878048781,0.47310633088969406,9413561.849636981,31833161.674608868,1.0,9413905.504013514,31834105.85724849,1.0,9414151.323684251,31834016.38620534,976.5609756097562,9413807.669307718,31833072.203565724,976.5609756097562
9414200.241037149,31834533.213046726,488.7804878048781,0.666681852182974,9413905.504013514,31834105.85724849,1.0,9414249.158390047,31835050.03988811,1.0,9414494.978060784,31834960.568844963,976.5609756097562,9414151.323684251,31834016.38620534,976.5609756097562
9414543.89541368,31835477.395686343,488.7804878048781,0.6669729360503067,9414249.158390047,31835050.03988811,1.0,9414592.812766578,31835994.22252773,1.0,9414838.632437317,31835904.75148458,976.5609756097562,9414494.978060784,31834960.568844963,976.5609756097562
9414887.549790211,31836421.578325965,488.7804878048781,0.7904560713768549,9414592.812766578,31835994.22252773,1.0,9414936.46714311,31836938.40516735,1.0,9415182.28681385,31836848.9341242,976.5609756097562,9414838.632437317,31835904.75148458,976.5609756097562
9415231.204166746,31837365.760965586,488.7804878048781,0.7958577818212834,9414936.46714311,31836938.40516735,1.0,9415280.121519644,31837882.58780697,1.0,9415525.941190382,31837793.116763823,976.5609756097562,9415182.28681385,31836848.9341242,976.5609756097562
9415574.858543279,31838309.943605203,488.7804878048781,0.6409549002472534,9415280.121519644,31837882.58780697,1.0,9415623.775896177,31838826.770446587,1.0,9415869.595566915,31838737.29940344,976.5609756097562,9415525.941190382,31837793.116763823,976.5609756097562
9415918.512919812,31839254.126244824,488.7804878048781,0.33648315095538534,9415623.775896177,31838826.770446587,1.0,9415967.43027271,31839770.95308621,1.0,9416213.249943448,31839681.48204306,976.5609756097562,9415869.595566915,31838737.29940344,976.5609756097562
9416262.167296343,31840198.308884446,488.7804878048781,0.28513159162854834,9415967.43027271,31839770.95308621,1.0,9416311.084649242,31840715.13572583,1.0,9416556.90431998,31840625.664682683,976.5609756097562,9416213.249943448,31839681.48204306,976.5609756097562
9416605.821672877,31841142.491524063,488.7804878048781,0.2593952845521123,9416311.084649242,31840715.13572583,1.0,9416654.739025775,31841659.318365447,1.0,9416900.558696512,31841569.8473223,976.5609756097562,9416556.90431998,31840625.664682683,976.5609756097562
9416949.476049408,31842086.674163684,488.7804878048781,0.45931864662400596,9416654.739025775,31841659.318365447,1.0,9416998.393402308,31842603.50100507,1.0,9417244.213073045,31842514.029961925,976.5609756097562,9416900.558696512,31841569.8473223,976.5609756097562
9417293.130425943,31843030.856803305,488.7804878048781,0.6708287856230977,9416998.393402308,31842603.50100507,1.0,9417342.04777884,31843547.683644686,1.0,9417587.867449578,31843458.212601542,976.5609756097562,9417244.213073045,31842514.029961925,976.5609756097562
9417636.784802474,31843975.039442923,488.7804878048781,0.7642015016134414,9417342.04777884,31843547.683644686,1.0,9417685.702155372,31844491.866284307,1.0,9417931.52182611,31844402.395241164,976.5609756097562,9417587.867449578,31843458.212601542,976.5609756097562
9417980.439179005,31844919.222082544,488.7804878048781,0.5809885370895818,9417685.702155372,31844491.866284307,1.0,9418029.356531905,31845436.04892393,1.0,9418275.176202642,31845346.57788078,976.5609756097562,9417931.52182611,31844402.395241164,976.5609756097562
9418324.09355554,31845863.404722165,488.7804878048781,0.5902637126536882,9418029.356531905,31845436.04892393,1.0,9418373.010908438,31846380.231563546,1.0,9418618.830579175,31846290.760520402,976.5609756097562,9418275.176202642,31845346.57788078,976.5609756097562
9418667.74793207,31846807.587361787,488.7804878048781,0.526327509129602,9418373.010908438,31846380.231563546,1.0,9418716.66528497,31847324.41420317,1.0,9418962.484955708,31847234.943160024,976.5609756097562,9418618.830579175,31846290.760520402,976.5609756097562
9419011.402308606,31847751.770001404,488.7804878048781,0.32889073285005604,9418716.66528497,31847324.41420317,1.0,9419060.319661504,31848268.59684279,1.0,9419306.13933224,31848179.12579964,976.5609756097562,9418962.484955708,31847234.943160024,976.5609756097562
9419355.056685137,31848695.952641025,488.7804878048781,0.3957110410917166,9419060.319661504,31848268.59684279,1.0,9419403.974038035,31849212.77948241,1.0,9419649.793708773,31849123.308439262,976.5609756097562,9419306.13933224,31848179.12579964,976.5609756097562
9419698.711061668,31849640.135280646,488.7804878048781,0.3797472271842853,9419403.974038035,31849212.77948241,1.0,9419747.628414568,31850156.96212203,1.0,9419993.448085306,31850067.491078883,976.5609756097562,9419649.793708773,31849123.308439262,976.5609756097562
9420042.365438202,31850584.317920268,488.7804878048781,0.6706504493007631,9419747.628414568,31850156.96212203,1.0,9420091.2827911,31851101.144761648,1.0,9420337.10246184,31851011.6737185,976.5609756097562,9419993.448085306,31850067.491078883,976.5609756097562
9420386.019814735,31851528.500559885,488.7804878048781,0.6282444795826164,9420091.2827911,31851101.144761648,1.0,9420434.937167633,31852045.32740127,1.0,9420680.756838372,31851955.856358122,976.5609756097562,9420337.10246184,31851011.6737185,976.5609756097562
9420729.674191268,31852472.683199506,488.7804878048781,0.3244062340078763,9420434.937167633,31852045.32740127,1.0,9420778.591544166,31852989.51004089,1.0,9421024.411214903,31852900.038997743,976.5609756097562,9420680.756838372,31851955.856358122,976.5609756097562
9421073.3285678,31853416.865839127,488.7804878048781,0.27308526940641936,9420778.591544166,31852989.51004089,1.0,9421122.2459207,31853933.692680508,1.0,9421368.065591436,31853844.22163736,976.5609756097562,9421024.411214903,31852900.038997743,976.5609756097562
9421416.982944334,31854361.048478745,488.7804878048781,0.32213937404872894,9421122.2459207,31853933.692680508,1.0,9421465.900297232,31854877.87532013,1.0,9421711.719967969,31854788.404276982,976.5609756097562,9421368.065591436,31853844.22163736,976.5609756097562
9421760.637320865,31855305.231118366,488.7804878048781,0.5199859961098554,9421465.900297232,31854877.87532013,1.0,9421809.554673765,31855822.05795975,1.0,9422055.374344502,31855732.586916607,976.5609756097562,9421711.719967969,31854788.404276982,976.5609756097562
9422104.2916974,31856249.413757984,488.7804878048781,0.6672025943810037,9421809.554673765,31855822.05795975,1.0,9422153.209050296,31856766.240599368,1.0,9422399.028721035,31856676.769556224,976.5609756097562,9422055.374344502,31855732.586916607,976.5609756097562
9422447.94607393,31857193.596397605,488.7804878048781,0.7690625393980294,9422153.209050296,31856766.240599368,1.0,9422496.863426829,31857710.42323899,1.0,9422742.683097567,31857620.952195846,976.5609756097562,9422399.028721035,31856676.769556224,976.5609756097562
9422791.600450464,31858137.77903723,488.7804878048781,0.9439377341509777,9422496.863426829,31857710.42323899,1.0,9422840.517803362,31858654.60587861,1.0,9423086.3374741,31858565.134835463,976.5609756097562,9422742.683097567,31857620.952195846,976.5609756097562
9423135.254826996,31859081.961676847,488.7804878048781,1.0070083588320176,9422840.517803362,31858654.60587861,1.0,9423184.172179895,31859598.788518228,1.0,9423429.991850633,31859509.317475084,976.5609756097562,9423086.3374741,31858565.134835463,976.5609756097562
9423478.909203527,31860026.14431647,488.7804878048781,1.028780105919478,9423184.172179895,31859598.788518228,1.0,9423527.826556427,31860542.971157853,1.0,9423773.646227164,31860453.500114705,976.5609756097562,9423429.991850633,31859509.317475084,976.5609756097562
9423822.563580062,31860970.326956086,488.7804878048781,0.7325908514059288,9423527.826556427,31860542.971157853,1.0,9423871.48093296,31861487.15379747,1.0,9424117.300603697,31861397.682754323,976.5609756097562,9423773.646227164,31860453.500114705,976.5609756097562
9424166.217956593,31861914.509595707,488.7804878048781,0.44918164184381826,9423871.48093296,31861487.15379747,1.0,9424215.135309493,31862431.33643709,1.0,9424460.95498023,31862341.865393944,976.5609756097562,9424117.300603697,31861397.682754323,976.5609756097562
9424509.872333128,31862858.69223533,488.7804878048781,0.6874421471512455,9424215.135309493,31862431.33643709,1.0,9424558.789686026,31863375.519076712,1.0,9424804.609356763,31863286.048033565,976.5609756097562,9424460.95498023,31862341.865393944,976.5609756097562
9424853.526709659,31863802.87487495,488.7804878048781,0.8880190184773034,9424558.789686026,31863375.519076712,1.0,9424902.444062557,31864319.70171633,1.0,9425148.263733296,31864230.230673183,976.5609756097562,9424804.609356763,31863286.048033565,976.5609756097562
9425197.181086192,31864747.057514567,488.7804878048781,1.007905523096844,9424902.444062557,31864319.70171633,1.0,9425246.09843909,31865263.88435595,1.0,9425491.918109829,31865174.413312804,976.5609756097562,9425148.263733296,31864230.230673183,976.5609756097562
9425540.835462725,31865691.240154184,488.7804878048781,1.4152987766970009,9425246.09843909,31865263.88435595,1.0,9425589.752815623,31866208.06699557,1.0,9425835.57248636,31866118.59595242,976.5609756097562,9425491.918109829,31865174.413312804,976.5609756097562
9425884.489839256,31866635.422793806,488.7804878048781,1.8176112322661568,9425589.752815623,31866208.06699557,1.0,9425933.407192156,31867152.24963519,1.0,9426179.226862893,31867062.778592043,976.5609756097562,9425835.57248636,31866118.59595242,976.5609756097562
9426228.14421579,31867579.605433423,488.7804878048781,1.8530461315843691,9425933.407192156,31867152.24963519,1.0,9426277.061568689,31868096.43227481,1.0,9426522.881239425,31868006.961231664,976.5609756097562,9426179.226862893,31867062.778592043,976.5609756097562
9426571.798592322,31868523.788073044,488.7804878048781,1.9398846083343626,9426277.061568689,31868096.43227481,1.0,9426620.71594522,31869040.61491443,1.0,9426866.535615958,31868951.143871285,976.5609756097562,9426522.881239425,31868006.961231664,976.5609756097562
9426915.452968853,31869467.970712665,488.7804878048781,2.06132920420169,9426620.71594522,31869040.61491443,1.0,9426964.370321753,31869984.79755405,1.0,9427210.189992491,31869895.326510906,976.5609756097562,9426866.535615958,31868951.143871285,976.5609756097562
9427259.107345387,31870412.153352287,488.7804878048781,2.2568288474644405,9426964.370321753,31869984.79755405,1.0,9427308.024698285,31870928.980193667,1.0,9427553.844369024,31870839.509150524,976.5609756097562,9427210.189992491,31869895.326510906,976.5609756097562
9427602.76172192,31871356.335991908,488.7804878048781,2.5326454809351384,9427308.024698285,31870928.980193667,1.0,9427651.679074818,31871873.16283329,1.0,9427897.498745557,31871783.691790145,976.5609756097562,9427553.844369024,31870839.509150524,976.5609756097562
9427946.416098453,31872300.51863153,488.7804878048781,2.5543496417671583,9427651.679074818,31871873.16283329,1.0,9427995.333451351,31872817.34547291,1.0,9428241.15312209,31872727.874429766,976.5609756097562,9427897.498745557,31871783.691790145,976.5609756097562
9428290.070474984,31873244.70127115,488.7804878048781,2.3797258457816763,9427995.333451351,31872817.34547291,1.0,9428338.987827882,31873761.52811253,1.0,9428584.80749862,31873672.057069384,976.5609756097562,9428241.15312209,31872727.874429766,976.5609756097562
9428633.724851519,31874188.883910768,488.7804878048781,2.095251712573773,9428338.987827882,31873761.52811253,1.0,9428682.642204415,31874705.710752152,1.0,9428928.461875154,31874616.239709005,976.5609756097562,9428584.80749862,31873672.057069384,976.5609756097562
9428977.37922805,31875133.06655039,488.7804878048781,1.9956221069678206,9428682.642204415,31874705.710752152,1.0,9429026.296580948,31875649.893391773,1.0,9429272.116251687,31875560.422348626,976.5609756097562,9428928.461875154,31874616.239709005,976.5609756097562
9429321.033604585,31876077.249190006,488.7804878048781,1.831350825366918,9429026.296580948,31875649.893391773,1.0,9429369.95095748,31876594.07603139,1.0,9429615.77062822,31876504.604988243,976.5609756097562,9429272.116251687,31875560.422348626,976.5609756097562
9429664.687981116,31877021.431829628,488.7804878048781,1.8633546065016098,9429369.95095748,31876594.07603139,1.0,9429713.605334012,31877538.25867101,1.0,9429959.425004752,31877448.787627865,976.5609756097562,9429615.77062822,31876504.604988243,976.5609756097562
9430008.342357649,31877965.61446925,488.7804878048781,2.0148259408938785,9429713.605334012,31877538.25867101,1.0,9430057.259710545,31878482.441310633,1.0,9430303.079381285,31878392.970267486,976.5609756097562,9429959.425004752,31877448.787627865,976.5609756097562
9430351.996734181,31878909.797108866,488.7804878048781,2.441490115126378,9430057.259710545,31878482.441310633,1.0,9430400.914087078,31879426.62395025,1.0,9430646.733757818,31879337.152907103,976.5609756097562,9430303.079381285,31878392.970267486,976.5609756097562
9430695.651110712,31879853.979748487,488.7804878048781,2.1639577120746667,9430400.914087078,31879426.62395025,1.0,9430744.56846361,31880370.80658987,1.0,9430990.388134351,31880281.335546724,976.5609756097562,9430646.733757818,31879337.152907103,976.5609756097562
9431039.305487247,31880798.16238811,488.7804878048781,1.8346825720047102,9430744.56846361,31880370.80658987,1.0,9431088.222840143,31881314.989229493,1.0,9431334.042510882,31881225.518186346,976.5609756097562,9430990.388134351,31880281.335546724,976.5609756097562
9431382.959863778,31881742.345027726,488.7804878048781,1.505171305299286,9431088.222840143,31881314.989229493,1.0,9431431.877216676,31882259.17186911,1.0,9431677.696887415,31882169.700825967,976.5609756097562,9431334.042510882,31881225.518186346,976.5609756097562
9431726.614240313,31882686.527667347,488.7804878048781,1.5285930987027327,9431431.877216676,31882259.17186911,1.0,9431775.53159321,31883203.35450873,1.0,9432021.351263948,31883113.883465588,976.5609756097562,9431677.696887415,31882169.700825967,976.5609756097562
9432070.268616844,31883630.71030697,488.7804878048781,1.3886292070833728,9431775.53159321,31883203.35450873,1.0,9432119.18596974,31884147.537148353,1.0,9432365.00564048,31884058.066105206,976.5609756097562,9432021.351263948,31883113.883465588,976.5609756097562
9432413.922993377,31884574.892946593,488.7804878048781,1.2634444956853614,9432119.18596974,31884147.537148353,1.0,9432462.840346273,31885091.71978797,1.0,9432708.660017014,31885002.248744827,976.5609756097562,9432365.00564048,31884058.066105206,976.5609756097562
9432757.57736991,31885519.07558621,488.7804878048781,1.2849481930972309,9432462.840346273,31885091.71978797,1.0,9432806.494722806,31886035.90242759,1.0,9433052.314393546,31885946.431384448,976.5609756097562,9432708.660017014,31885002.248744827,976.5609756097562
9433101.23174644,31886463.25822583,488.7804878048781,1.094922879983086,9432806.494722806,31886035.90242759,1.0,9433150.149099339,31886980.085067213,1.0,9433395.96877008,31886890.614024065,976.5609756097562,9433052.314393546,31885946.431384448,976.5609756097562
9433444.886122975,31887407.44086545,488.7804878048781,0.8630154529757914,9433150.149099339,31886980.085067213,1.0,9433493.803475872,31887924.267706834,1.0,9433739.62314661,31887834.796663687,976.5609756097562,9433395.96877008,31886890.614024065,976.5609756097562
9433788.540499507,31888351.623505067,488.7804878048781,0.5879557966450948,9433493.803475872,31887924.267706834,1.0,9433837.457852403,31888868.45034645,1.0,9434083.277523143,31888778.979303304,976.5609756097562,9433739.62314661,31887834.796663687,976.5609756097562
9434132.194876038,31889295.80614469,488.7804878048781,0.40518013334304587,9433837.457852403,31888868.45034645,1.0,9434181.112228936,31889812.632986072,1.0,9434426.931899676,31889723.161942925,976.5609756097562,9434083.277523143,31888778.979303304,976.5609756097562
9434475.849252572,31890239.98878431,488.7804878048781,0.5547585795694905,9434181.112228936,31889812.632986072,1.0,9434524.766605468,31890756.815625694,1.0,9434770.586276209,31890667.344582543,976.5609756097562,9434426.931899676,31889723.161942925,976.5609756097562
9434819.503629105,31891184.171423927,488.7804878048781,0.9669562410278152,9434524.766605468,31890756.815625694,1.0,9434868.420982001,31891700.99826531,1.0,9435114.240652742,31891611.527222164,976.5609756097562,9434770.586276209,31890667.344582543,976.5609756097562
9435163.158005638,31892128.35406355,488.7804878048781,1.126643358936274,9434868.420982001,31891700.99826531,1.0,9435212.075358534,31892645.180904932,1.0,9435457.895029275,31892555.709861785,976.5609756097562,9435114.240652742,31891611.527222164,976.5609756097562
9435506.812382169,31893072.53670317,488.7804878048781,1.1298735205271513,9435212.075358534,31892645.180904932,1.0,9435555.729735067,31893589.36354455,1.0,9435801.549405806,31893499.892501403,976.5609756097562,9435457.895029275,31892555.709861785,976.5609756097562
9435850.466758704,31894016.719342787,488.7804878048781,1.2447706223706057,9435555.729735067,31893589.36354455,1.0,9435899.3841116,31894533.54618417,1.0,9436145.203782339,31894444.075141024,976.5609756097562,9435801.549405806,31893499.892501403,976.5609756097562
9436194.121135235,31894960.901982408,488.7804878048781,1.4055312791562558,9435899.3841116,31894533.54618417,1.0,9436243.038488133,31895477.728823792,1.0,9436488.858158872,31895388.25778065,976.5609756097562,9436145.203782339,31894444.075141024,976.5609756097562
9436537.77551177,31895905.084622025,488.7804878048781,1.19118121885654,9436243.038488133,31895477.728823792,1.0,9436586.692864664,31896421.91146341,1.0,9436832.512535404,31896332.440420266,976.5609756097562,9436488.858158872,31895388.25778065,976.5609756097562
9436881.4298883,31896849.267261647,488.7804878048781,1.0422298909890855,9436586.692864664,31896421.91146341,1.0,9436930.347241197,31897366.09410303,1.0,9437176.166911937,31897276.623059887,976.5609756097562,9436832.512535404,31896332.440420266,976.5609756097562
9437225.084264833,31897793.44990127,488.7804878048781,0.7590521115158134,9436930.347241197,31897366.09410303,1.0,9437274.00161773,31898310.276742652,1.0,9437519.82128847,31898220.80569951,976.5609756097562,9437176.166911937,31897276.623059887,976.5609756097562
9437568.738641366,31898737.63254089,488.7804878048781,0.7220261457264855,9437274.00161773,31898310.276742652,1.0,9437617.655994263,31899254.45938227,1.0,9437863.475665003,31899164.988339126,976.5609756097562,9437519.82128847,31898220.80569951,976.5609756097562
9437912.393017897,31899681.81518051,488.7804878048781,0.7887309409900884,9437617.655994263,31899254.45938227,1.0,9437961.310370795,31900198.642021894,1.0,9438207.130041536,31900109.170978747,976.5609756097562,9437863.475665003,31899164.988339126,976.5609756097562
9438256.047394432,31900625.99782013,488.7804878048781,0.8785017358136981,9437961.310370795,31900198.642021894,1.0,9438304.964747328,31901142.824661516,1.0,9438550.784418067,31901053.35361837,976.5609756097562,9438207.130041536,31900109.170978747,976.5609756097562
9438599.701770963,31901570.18045975,488.7804878048781,1.0321067823155252,9438304.964747328,31901142.824661516,1.0,9438648.619123861,31902087.007301133,1.0,9438894.4387946,31901997.536257986,976.5609756097562,9438550.784418067,31901053.35361837,976.5609756097562
9438943.356147498,31902514.36309937,488.7804878048781,1.2086437485247223,9438648.619123861,31902087.007301133,1.0,9438992.273500394,31903031.189940754,1.0,9439238.093171133,31902941.718897607,976.5609756097562,9438894.4387946,31901997.536257986,976.5609756097562
9439287.010524029,31903458.54573899,488.7804878048781,1.3292093541310641,9438992.273500394,31903031.189940754,1.0,9439335.927876925,31903975.372580376,1.0,9439581.747547666,31903885.90153723,976.5609756097562,9439238.093171133,31902941.718897607,976.5609756097562
9413758.751954822,31832555.37672434,1464.3414634146343,0.6651361277703636,9413464.014931187,31832128.020926103,976.5609756097562,9413807.669307718,31833072.203565724,976.5609756097562,9414053.488978457,31832982.732522573,1952.1219512195123,9413709.834601924,31832038.549882956,1952.1219512195123
9414102.406331353,31833499.55936396,1464.3414634146343,0.6649018723719223,9413807.669307718,31833072.203565724,976.5609756097562,9414151.323684251,31834016.38620534,976.5609756097562,9414397.14335499,31833926.915162195,1952.1219512195123,9414053.488978457,31832982.732522573,1952.1219512195123
9414446.060707888,31834443.74200358,1464.3414634146343,0.6910994439752655,9414151.323684251,31834016.38620534,976.5609756097562,9414494.978060784,31834960.568844963,976.5609756097562,9414740.797731522,31834871.097801816,1952.1219512195123,9414397.14335499,31833926.915162195,1952.1219512195123
9414789.71508442,31835387.924643196,1464.3414634146343,0.6839361572288665,9414494.978060784,31834960.568844963,976.5609756097562,9414838.632437317,31835904.75148458,976.5609756097562,9415084.452108055,31835815.280441433,1952.1219512195123,9414740.797731522,31834871.097801816,1952.1219512195123
9415133.369460953,31836332.107282817,1464.3414634146343,0.6861932146353767,9414838.632437317,31835904.75148458,976.5609756097562,9415182.28681385,31836848.9341242,976.5609756097562,9415428.106484588,31836759.463081058,1952.1219512195123,9415084.452108055,31835815.280441433,1952.1219512195123
9415477.023837484,31837276.28992244,1464.3414634146343,0.6292553571390982,9415182.28681385,31836848.9341242,976.5609756097562,9415525.941190382,31837793.116763823,976.5609756097562,9415771.76086112,31837703.64572068,1952.1219512195123,9415428.106484588,31836759.463081058,1952.1219512195123
9415820.67821402,31838220.472562056,1464.3414634146343,0.6737815145153904,9415525.941190382,31837793.116763823,976.5609756097562,9415869.595566915,31838737.29940344,976.5609756097562,9416115.415237652,31838647.828360297,1952.1219512195123,9415771.76086112,31837703.64572068,1952.1219512195123
9416164.33259055,31839164.65520168,1464.3414634146343,0.7133944806075586,9415869.595566915,31838737.29940344,976.5609756097562,9416213.249943448,31839681.48204306,976.5609756097562,9416459.069614185,31839592.010999918,1952.1219512195123,9416115.415237652,31838647.828360297,1952.1219512195123
9416507.986967085,31840108.837841302,1464.3414634146343,0.62463705060271,9416213.249943448,31839681.48204306,976.5609756097562,9416556.90431998,31840625.664682683,976.5609756097562,9416802.723990718,31840536.19363954,1952.1219512195123,9416459.069614185,31839592.010999918,1952.1219512195123
9416851.641343616,31841053.02048092,1464.3414634146343,0.4579243471777295,9416556.90431998,31840625.664682683,976.5609756097562,9416900.558696512,31841569.8473223,976.5609756097562,9417146.37836725,31841480.376279157,1952.1219512195123,9416802.723990718,31840536.19363954,1952.1219512195123
9417195.295720149,31841997.20312054,1464.3414634146343,0.6175838155425938,9416900.558696512,31841569.8473223,976.5609756097562,9417244.213073045,31842514.029961925,976.5609756097562,9417490.032743784,31842424.558918778,1952.1219512195123,9417146.37836725,31841480.376279157,1952.1219512195123
9417538.950096682,31842941.385760162,1464.3414634146343,0.7201479223812388,9417244.213073045,31842514.029961925,976.5609756097562,9417587.867449578,31843458.212601542,976.5609756097562,9417833.687120315,31843368.741558395,1952.1219512195123,9417490.032743784,31842424.558918778,1952.1219512195123
9417882.604473213,31843885.56839978,1464.3414634146343,0.6862876214631661,9417587.867449578,31843458.212601542,976.5609756097562,9417931.52182611,31844402.395241164,976.5609756097562,9418177.341496848,31844312.924198017,1952.1219512195123,9417833.687120315,31843368.741558395,1952.1219512195123
9418226.258849746,31844829.751039397,1464.3414634146343,0.3218370939300724,9417931.52182611,31844402.395241164,976.5609756097562,9418275.176202642,31845346.57788078,976.5609756097562,9418520.99587338,31845257.106837634,1952.1219512195123,9418177.341496848,31844312.924198017,1952.1219512195123
9418569.913226278,31845773.93367902,1464.3414634146343,0.29753995157998525,9418275.176202642,31845346.57788078,976.5609756097562,9418618.830579175,31846290.760520402,976.5609756097562,9418864.650249913,31846201.289477255,1952.1219512195123,9418520.99587338,31845257.106837634,1952.1219512195123
9418913.56760281,31846718.11631864,1464.3414634146343,0.46829458738883606,9418618.830579175,31846290.760520402,976.5609756097562,9418962.484955708,31847234.943160024,976.5609756097562,9419208.304626446,31847145.472116876,1952.1219512195123,9418864.650249913,31846201.289477255,1952.1219512195123
9419257.221979344,31847662.298958257,1464.3414634146343,0.593495230197062,9418962.484955708,31847234.943160024,976.5609756097562,9419306.13933224,31848179.12579964,976.5609756097562,9419551.95900298,31848089.654756494,1952.1219512195123,9419208.304626446,31847145.472116876,1952.1219512195123
9419600.876355877,31848606.481597878,1464.3414634146343,0.3426377288890244,9419306.13933224,31848179.12579964,976.5609756097562,9419649.793708773,31849123.308439262,976.5609756097562,9419895.613379512,31849033.837396115,1952.1219512195123,9419551.95900298,31848089.654756494,1952.1219512195123
9419944.53073241,31849550.6642375,1464.3414634146343,0.2021330973352169,9419649.793708773,31849123.308439262,976.5609756097562,9419993.448085306,31850067.491078883,976.5609756097562,9420239.267756043,31849978.02003574,1952.1219512195123,9419895.613379512,31849033.837396115,1952.1219512195123
9420288.185108941,31850494.84687712,1464.3414634146343,0.15185563424902257,9419993.448085306,31850067.491078883,976.5609756097562,9420337.10246184,31851011.6737185,976.5609756097562,9420582.922132576,31850922.202675357,1952.1219512195123,9420239.267756043,31849978.02003574,1952.1219512195123
9420631.839485476,31851439.029516738,1464.3414634146343,0.1605814936559847,9420337.10246184,31851011.6737185,976.5609756097562,9420680.756838372,31851955.856358122,976.5609756097562,9420926.576509109,31851866.38531498,1952.1219512195123,9420582.922132576,31850922.202675357,1952.1219512195123
9420975.493862007,31852383.212156363,1464.3414634146343,0.2004657153551767,9420680.756838372,31851955.856358122,976.5609756097562,9421024.411214903,31852900.038997743,976.5609756097562,9421270.230885642,31852810.5679546,1952.1219512195123,9420926.576509109,31851866.38531498,1952.1219512195123
9421319.148238538,31853327.394795984,1464.3414634146343,0.3323374630023048,9421024.411214903,31852900.038997743,976.5609756097562,9421368.065591436,31853844.22163736,976.5609756097562,9421613.885262175,31853754.750594217,1952.1219512195123,9421270.230885642,31852810.5679546,1952.1219512195123
9421662.802615073,31854271.5774356,1464.3414634146343,0.5138756251922383,9421368.065591436,31853844.22163736,976.5609756097562,9421711.719967969,31854788.404276982,976.5609756097562,9421957.539638707,31854698.93323384,1952.1219512195123,9421613.885262175,31853754.750594217,1952.1219512195123
9422006.456991605,31855215.76007522,1464.3414634146343,0.6302037302372968,9421711.719967969,31854788.404276982,976.5609756097562,9422055.374344502,31855732.586916607,976.5609756097562,9422301.19401524,31855643.115873456,1952.1219512195123,9421957.539638707,31854698.93323384,1952.1219512195123
9422350.111368138,31856159.94271484,1464.3414634146343,0.7818257970720933,9422055.374344502,31855732.586916607,976.5609756097562,9422399.028721035,31856676.769556224,976.5609756097562,9422644.848391773,31856587.298513077,1952.1219512195123,9422301.19401524,31855643.115873456,1952.1219512195123
9422693.76574467,31857104.12535446,1464.3414634146343,0.656243243487819,9422399.028721035,31856676.769556224,976.5609756097562,9422742.683097567,31857620.952195846,976.5609756097562,9422988.502768304,31857531.4811527,1952.1219512195123,9422644.848391773,31856587.298513077,1952.1219512195123
9423037.420121204,31858048.30799408,1464.3414634146343,0.7531895648095542,9422742.683097567,31857620.952195846,976.5609756097562,9423086.3374741,31858565.134835463,976.5609756097562,9423332.157144837,31858475.663792316,1952.1219512195123,9422988.502768304,31857531.4811527,1952.1219512195123
9423381.074497735,31858992.4906337,1464.3414634146343,1.283134257093132,9423086.3374741,31858565.134835463,976.5609756097562,9423429.991850633,31859509.317475084,976.5609756097562,9423675.81152137,31859419.846431937,1952.1219512195123,9423332.157144837,31858475.663792316,1952.1219512195123
9423724.72887427,31859936.67327332,1464.3414634146343,1.7301653636986014,9423429.991850633,31859509.317475084,976.5609756097562,9423773.646227164,31860453.500114705,976.5609756097562,9424019.465897903,31860364.02907156,1952.1219512195123,9423675.81152137,31859419.846431937,1952.1219512195123
9424068.3832508,31860880.85591294,1464.3414634146343,1.5132706883422722,9423773.646227164,31860453.500114705,976.5609756097562,9424117.300603697,31861397.682754323,976.5609756097562,9424363.120274436,31861308.211711176,1952.1219512195123,9424019.465897903,31860364.02907156,1952.1219512195123
9424412.037627334,31861825.03855256,1464.3414634146343,0.9083531610335781,9424117.300603697,31861397.682754323,976.5609756097562,9424460.95498023,31862341.865393944,976.5609756097562,9424706.774650969,31862252.394350797,1952.1219512195123,9424363.120274436,31861308.211711176,1952.1219512195123
9424755.692003867,31862769.22119218,1464.3414634146343,0.694373305891909,9424460.95498023,31862341.865393944,976.5609756097562,9424804.609356763,31863286.048033565,976.5609756097562,9425050.429027501,31863196.576990418,1952.1219512195123,9424706.774650969,31862252.394350797,1952.1219512195123
9425099.346380398,31863713.403831802,1464.3414634146343,1.1175097931739766,9424804.609356763,31863286.048033565,976.5609756097562,9425148.263733296,31864230.230673183,976.5609756097562,9425394.083404034,31864140.75963004,1952.1219512195123,9425050.429027501,31863196.576990418,1952.1219512195123
9425443.000756932,31864657.58647142,1464.3414634146343,1.8893258578227692,9425148.263733296,31864230.230673183,976.5609756097562,9425491.918109829,31865174.413312804,976.5609756097562,9425737.737780565,31865084.94226966,1952.1219512195123,9425394.083404034,31864140.75963004,1952.1219512195123
9425786.655133463,31865601.76911104,1464.3414634146343,1.979639715486518,9425491.918109829,31865174.413312804,976.5609756097562,9425835.57248636,31866118.59595242,976.5609756097562,9426081.392157098,31866029.124909278,1952.1219512195123,9425737.737780565,31865084.94226966,1952.1219512195123
9426130.309509994,31866545.951750662,1464.3414634146343,2.210977815086057,9425835.57248636,31866118.59595242,976.5609756097562,9426179.226862893,31867062.778592043,976.5609756097562,9426425.046533631,31866973.3075489,1952.1219512195123,9426081.392157098,31866029.124909278,1952.1219512195123
9426473.96388653,31867490.13439028,1464.3414634146343,2.1918514157008233,9426179.226862893,31867062.778592043,976.5609756097562,9426522.881239425,31868006.961231664,976.5609756097562,9426768.700910164,31867917.490188517,1952.1219512195123,9426425.046533631,31866973.3075489,1952.1219512195123
9426817.618263062,31868434.3170299,1464.3414634146343,2.475803098453152,9426522.881239425,31868006.961231664,976.5609756097562,9426866.535615958,31868951.143871285,976.5609756097562,9427112.355286697,31868861.672828138,1952.1219512195123,9426768.700910164,31867917.490188517,1952.1219512195123
9427161.272639595,31869378.499669522,1464.3414634146343,2.3948156782054566,9426866.535615958,31868951.143871285,976.5609756097562,9427210.189992491,31869895.326510906,976.5609756097562,9427456.009663228,31869805.85546776,1952.1219512195123,9427112.355286697,31868861.672828138,1952.1219512195123
9427504.927016126,31870322.682309143,1464.3414634146343,1.96580652537517,9427210.189992491,31869895.326510906,976.5609756097562,9427553.844369024,31870839.509150524,976.5609756097562,9427799.66403976,31870750.038107377,1952.1219512195123,9427456.009663228,31869805.85546776,1952.1219512195123
9427848.58139266,31871266.86494876,1464.3414634146343,2.0565792054251153,9427553.844369024,31870839.509150524,976.5609756097562,9427897.498745557,31871783.691790145,976.5609756097562,9428143.318416294,31871694.220746998,1952.1219512195123,9427799.66403976,31870750.038107377,1952.1219512195123
9428192.235769192,31872211.047588382,1464.3414634146343,2.1285105819375563,9427897.498745557,31871783.691790145,976.5609756097562,9428241.15312209,31872727.874429766,976.5609756097562,9428486.972792827,31872638.40338662,1952.1219512195123,9428143.318416294,31871694.220746998,1952.1219512195123
9428535.890145727,31873155.230228003,1464.3414634146343,2.3467434897532238,9428241.15312209,31872727.874429766,976.5609756097562,9428584.80749862,31873672.057069384,976.5609756097562,9428830.62716936,31873582.586026236,1952.1219512195123,9428486.972792827,31872638.40338662,1952.1219512195123
9428879.544522258,31874099.41286762,1464.3414634146343,2.5128673749178536,9428584.80749862,31873672.057069384,976.5609756097562,9428928.461875154,31874616.239709005,976.5609756097562,9429174.281545892,31874526.768665858,1952.1219512195123,9428830.62716936,31873582.586026236,1952.1219512195123
9429223.19889879,31875043.59550724,1464.3414634146343,2.0382985272938443,9428928.461875154,31874616.239709005,976.5609756097562,9429272.116251687,31875560.422348626,976.5609756097562,9429517.935922425,31875470.95130548,1952.1219512195123,9429174.281545892,31874526.768665858,1952.1219512195123
9429566.853275323,31875987.77814686,1464.3414634146343,1.8381876836183886,9429272.116251687,31875560.422348626,976.5609756097562,9429615.77062822,31876504.604988243,976.5609756097562,9429861.590298958,31876415.1339451,1952.1219512195123,9429517.935922425,31875470.95130548,1952.1219512195123
9429910.507651854,31876931.96078648,1464.3414634146343,1.8951019107209421,9429615.77062822,31876504.604988243,976.5609756097562,9429959.425004752,31877448.787627865,976.5609756097562,9430205.24467549,31877359.31658472,1952.1219512195123,9429861.590298958,31876415.1339451,1952.1219512195123
9430254.162028389,31877876.1434261,1464.3414634146343,1.8867583323410821,9429959.425004752,31877448.787627865,976.5609756097562,9430303.079381285,31878392.970267486,976.5609756097562,9430548.899052022,31878303.499224342,1952.1219512195123,9430205.24467549,31877359.31658472,1952.1219512195123
9430597.81640492,31878820.326065723,1464.3414634146343,1.8667894818272939,9430303.079381285,31878392.970267486,976.5609756097562,9430646.733757818,31879337.152907103,976.5609756097562,9430892.553428555,31879247.68186396,1952.1219512195123,9430548.899052022,31878303.499224342,1952.1219512195123
9430941.470781455,31879764.508705344,1464.3414634146343,1.64248919068161,9430646.733757818,31879337.152907103,976.5609756097562,9430990.388134351,31880281.335546724,976.5609756097562,9431236.207805088,31880191.86450358,1952.1219512195123,9430892.553428555,31879247.68186396,1952.1219512195123
9431285.125157986,31880708.691344965,1464.3414634146343,1.0718149788106053,9430990.388134351,31880281.335546724,976.5609756097562,9431334.042510882,31881225.518186346,976.5609756097562,9431579.86218162,31881136.0471432,1952.1219512195123,9431236.207805088,31880191.86450358,1952.1219512195123
9431628.779534519,31881652.873984583,1464.3414634146343,1.0057850603546086,9431334.042510882,31881225.518186346,976.5609756097562,9431677.696887415,31882169.700825967,976.5609756097562,9431923.516558154,31882080.22978282,1952.1219512195123,9431579.86218162,31881136.0471432,1952.1219512195123
9431972.433911052,31882597.056624204,1464.3414634146343,1.0022828055755224,9431677.696887415,31882169.700825967,976.5609756097562,9432021.351263948,31883113.883465588,976.5609756097562,9432267.170934686,31883024.41242244,1952.1219512195123,9431923.516558154,31882080.22978282,1952.1219512195123
9432316.088287583,31883541.239263825,1464.3414634146343,0.8432183037388928,9432021.351263948,31883113.883465588,976.5609756097562,9432365.00564048,31884058.066105206,976.5609756097562,9432610.82531122,31883968.59506206,1952.1219512195123,9432267.170934686,31883024.41242244,1952.1219512195123
9432659.742664117,31884485.421903443,1464.3414634146343,0.6440896632203662,9432365.00564048,31884058.066105206,976.5609756097562,9432708.660017014,31885002.248744827,976.5609756097562,9432954.47968775,31884912.77770168,1952.1219512195123,9432610.82531122,31883968.59506206,1952.1219512195123
9433003.397040648,31885429.604543064,1464.3414634146343,0.4509599269050659,9432708.660017014,31885002.248744827,976.5609756097562,9433052.314393546,31885946.431384448,976.5609756097562,9433298.134064283,31885856.9603413,1952.1219512195123,9432954.47968775,31884912.77770168,1952.1219512195123
9433347.051417183,31886373.78718268,1464.3414634146343,0.4381501275398924,9433052.314393546,31885946.431384448,976.5609756097562,9433395.96877008,31886890.614024065,976.5609756097562,9433641.788440816,31886801.14298092,1952.1219512195123,9433298.134064283,31885856.9603413,1952.1219512195123
9433690.705793714,31887317.9698223,1464.3414634146343,0.2392883194152831,9433395.96877008,31886890.614024065,976.5609756097562,9433739.62314661,31887834.796663687,976.5609756097562,9433985.442817349,31887745.325620536,1952.1219512195123,9433641.788440816,31886801.14298092,1952.1219512195123
9434034.360170247,31888262.15246192,1464.3414634146343,0.1825047616730291,9433739.62314661,31887834.796663687,976.5609756097562,9434083.277523143,31888778.979303304,976.5609756097562,9434329.097193882,31888689.508260157,1952.1219512195123,9433985.442817349,31887745.325620536,1952.1219512195123
9434378.01454678,31889206.33510154,1464.3414634146343,0.30772912229941074,9434083.277523143,31888778.979303304,976.5609756097562,9434426.931899676,31889723.161942925,976.5609756097562,9434672.751570415,31889633.690899782,1952.1219512195123,9434329.097193882,31888689.508260157,1952.1219512195123
9434721.668923311,31890150.517741162,1464.3414634146343,0.28935513543814695,9434426.931899676,31889723.161942925,976.5609756097562,9434770.586276209,31890667.344582543,976.5609756097562,9435016.405946946,31890577.8735394,1952.1219512195123,9434672.751570415,31889633.690899782,1952.1219512195123
9435065.323299844,31891094.70038078,1464.3414634146343,0.49942672770938784,9434770.586276209,31890667.344582543,976.5609756097562,9435114.240652742,31891611.527222164,976.5609756097562,9435360.060323479,31891522.05617902,1952.1219512195123,9435016.405946946,31890577.8735394,1952.1219512195123
9435408.977676377,31892038.8830204,1464.3414634146343,0.610067313676078,9435114.240652742,31891611.527222164,976.5609756097562,9435457.895029275,31892555.709861785,976.5609756097562,9435703.714700012,31892466.23881864,1952.1219512195123,9435360.060323479,31891522.05617902,1952.1219512195123
9435752.63205291,31892983.065660026,1464.3414634146343,0.43707786560268597,9435457.895029275,31892555.709861785,976.5609756097562,9435801.549405806,31893499.892501403,976.5609756097562,9436047.369076544,31893410.42145826,1952.1219512195123,9435703.714700012,31892466.23881864,1952.1219512195123
9436096.286429442,31893927.248299643,1464.3414634146343,0.349968486526824,9435801.549405806,31893499.892501403,976.5609756097562,9436145.203782339,31894444.075141024,976.5609756097562,9436391.023453077,31894354.60409788,1952.1219512195123,9436047.369076544,31893410.42145826,1952.1219512195123
9436439.940805973,31894871.430939265,1464.3414634146343,0.4873691810548664,9436145.203782339,31894444.075141024,976.5609756097562,9436488.858158872,31895388.25778065,976.5609756097562,9436734.67782961,31895298.7867375,1952.1219512195123,9436391.023453077,31894354.60409788,1952.1219512195123
9436783.595182506,31895815.613578882,1464.3414634146343,0.46177985782211345,9436488.858158872,31895388.25778065,976.5609756097562,9436832.512535404,31896332.440420266,976.5609756097562,9437078.332206143,31896242.96937712,1952.1219512195123,9436734.67782961,31895298.7867375,1952.1219512195123
9437127.249559037,31896759.796218503,1464.3414634146343,0.46698609451886114,9436832.512535404,31896332.440420266,976.5609756097562,9437176.166911937,31897276.623059887,976.5609756097562,9437421.986582676,31897187.15201674,1952.1219512195123,9437078.332206143,31896242.96937712,1952.1219512195123
9437470.903935572,31897703.978858124,1464.3414634146343,0.4794656206909713,9437176.166911937,31897276.623059887,976.5609756097562,9437519.82128847,31898220.80569951,976.5609756097562,9437765.640959207,31898131.33465636,1952.1219512195123,9437421.986582676,31897187.15201674,1952.1219512195123
9437814.558312103,31898648.161497742,1464.3414634146343,0.37989520109224795,9437519.82128847,31898220.80569951,976.5609756097562,9437863.475665003,31899164.988339126,976.5609756097562,9438109.29533574,31899075.51729598,1952.1219512195123,9437765.640959207,31898131.33465636,1952.1219512195123
9438158.212688638,31899592.344137363,1464.3414634146343,0.5063164739099839,9437863.475665003,31899164.988339126,976.5609756097562,9438207.130041536,31900109.170978747,976.5609756097562,9438452.949712273,31900019.6999356,1952.1219512195123,9438109.29533574,31899075.51729598,1952.1219512195123
9438501.867065169,31900536.526776984,1464.3414634146343,0.5707677088335944,9438207.130041536,31900109.170978747,976.5609756097562,9438550.784418067,31901053.35361837,976.5609756097562,9438796.604088806,31900963.88257522,1952.1219512195123,9438452.949712273,31900019.6999356,1952.1219512195123
9438845.521441702,31901480.7094166,1464.3414634146343,0.656234392956,9438550.784418067,31901053.35361837,976.5609756097562,9438894.4387946,31901997.536257986,976.5609756097562,9439140.258465338,31901908.06521484,1952.1219512195123,9438796.604088806,31900963.88257522,1952.1219512195123
9439189.175818235,31902424.892056223,1464.3414634146343,0.8600789289557557,9438894.4387946,31901997.536257986,976.5609756097562,9439238.093171133,31902941.718897607,976.5609756097562,9439483.912841871,31902852.247854464,1952.1219512195123,9439140.258465338,31901908.06521484,1952.1219512195123
9439532.830194766,31903369.074695844,1464.3414634146343,1.0452052716183027,9439238.093171133,31902941.718897607,976.5609756097562,9439581.747547666,31903885.90153723,976.5609756097562,9439827.567218404,31903796.43049408,1952.1219512195123,9439483.912841871,31902852.247854464,1952.1219512195123
9414004.571625562,31832465.905681193,2439.9024390243903,0.569026764535491,9413709.834601924,31832038.549882956,1952.1219512195123,9414053.488978457,31832982.732522573,1952.1219512195123,9414299.3086492,31832893.26147943,2927.682926829268,9413955.654272668,31831949.07883981,2927.682926829268
9414348.226002095,31833410.08832081,2439.9024390243903,0.42120181206760043,9414053.488978457,31832982.732522573,1952.1219512195123,9414397.14335499,31833926.915162195,1952.1219512195123,9414642.963025732,31833837.44411905,2927.682926829268,9414299.3086492,31832893.26147943,2927.682926829268
9414691.880378626,31834354.27096043,2439.9024390243903,0.32339153383187746,9414397.14335499,31833926.915162195,1952.1219512195123,9414740.797731522,31834871.097801816,1952.1219512195123,9414986.617402265,31834781.62675867,2927.682926829268,9414642.963025732,31833837.44411905,2927.682926829268
9415035.53475516,31835298.453600053,2439.9024390243903,0.3464621995377528,9414740.797731522,31834871.097801816,1952.1219512195123,9415084.452108055,31835815.280441433,1952.1219512195123,9415330.271778798,31835725.80939829,2927.682926829268,9414986.617402265,31834781.62675867,2927.682926829268
9415379.189131692,31836242.636239674,2439.9024390243903,0.43109098462021345,9415084.452108055,31835815.280441433,1952.1219512195123,9415428.106484588,31836759.463081058,1952.1219512195123,9415673.92615533,31836669.99203791,2927.682926829268,9415330.271778798,31835725.80939829,2927.682926829268
9415722.843508225,31837186.818879295,2439.9024390243903,0.6917377214228976,9415428.106484588,31836759.463081058,1952.1219512195123,9415771.76086112,31837703.64572068,1952.1219512195123,9416017.580531863,31837614.17467753,2927.682926829268,9415673.92615533,31836669.99203791,2927.682926829268
9416066.497884758,31838131.001518913,2439.9024390243903,0.6397434263794494,9415771.76086112,31837703.64572068,1952.1219512195123,9416115.415237652,31838647.828360297,1952.1219512195123,9416361.234908396,31838558.35731715,2927.682926829268,9416017.580531863,31837614.17467753,2927.682926829268
9416410.15226129,31839075.184158534,2439.9024390243903,0.608505835328469,9416115.415237652,31838647.828360297,1952.1219512195123,9416459.069614185,31839592.010999918,1952.1219512195123,9416704.88928493,31839502.53995677,2927.682926829268,9416361.234908396,31838558.35731715,2927.682926829268
9416753.806637824,31840019.366798155,2439.9024390243903,0.6384495696428953,9416459.069614185,31839592.010999918,1952.1219512195123,9416802.723990718,31840536.19363954,1952.1219512195123,9417048.54366146,31840446.72259639,2927.682926829268,9416704.88928493,31839502.53995677,2927.682926829268
9417097.461014355,31840963.549437772,2439.9024390243903,0.389727184841162,9416802.723990718,31840536.19363954,1952.1219512195123,9417146.37836725,31841480.376279157,1952.1219512195123,9417392.198037993,31841390.90523601,2927.682926829268,9417048.54366146,31840446.72259639,2927.682926829268
9417441.115390887,31841907.732077394,2439.9024390243903,0.5003645156224875,9417146.37836725,31841480.376279157,1952.1219512195123,9417490.032743784,31842424.558918778,1952.1219512195123,9417735.852414526,31842335.08787563,2927.682926829268,9417392.198037993,31841390.90523601,2927.682926829268
9417784.76976742,31842851.914717015,2439.9024390243903,0.4098790755675007,9417490.032743784,31842424.558918778,1952.1219512195123,9417833.687120315,31843368.741558395,1952.1219512195123,9418079.506791059,31843279.27051525,2927.682926829268,9417735.852414526,31842335.08787563,2927.682926829268
9418128.424143953,31843796.09735663,2439.9024390243903,0.25150108345625505,9417833.687120315,31843368.741558395,1952.1219512195123,9418177.341496848,31844312.924198017,1952.1219512195123,9418423.161167592,31844223.453154866,2927.682926829268,9418079.506791059,31843279.27051525,2927.682926829268
9418472.078520486,31844740.27999625,2439.9024390243903,0.20038488677946587,9418177.341496848,31844312.924198017,1952.1219512195123,9418520.99587338,31845257.106837634,1952.1219512195123,9418766.815544125,31845167.63579449,2927.682926829268,9418423.161167592,31844223.453154866,2927.682926829268
9418815.732897019,31845684.46263587,2439.9024390243903,0.25926712101211663,9418520.99587338,31845257.106837634,1952.1219512195123,9418864.650249913,31846201.289477255,1952.1219512195123,9419110.469920656,31846111.81843411,2927.682926829268,9418766.815544125,31845167.63579449,2927.682926829268
9419159.387273552,31846628.64527549,2439.9024390243903,0.2943966603516543,9418864.650249913,31846201.289477255,1952.1219512195123,9419208.304626446,31847145.472116876,1952.1219512195123,9419454.124297189,31847056.00107373,2927.682926829268,9419110.469920656,31846111.81843411,2927.682926829268
9419503.041650083,31847572.827915113,2439.9024390243903,0.30273787283806314,9419208.304626446,31847145.472116876,1952.1219512195123,9419551.95900298,31848089.654756494,1952.1219512195123,9419797.778673721,31848000.18371335,2927.682926829268,9419454.124297189,31847056.00107373,2927.682926829268
9419846.696026616,31848517.010554735,2439.9024390243903,0.28120385480911153,9419551.95900298,31848089.654756494,1952.1219512195123,9419895.613379512,31849033.837396115,1952.1219512195123,9420141.433050254,31848944.36635297,2927.682926829268,9419797.778673721,31848000.18371335,2927.682926829268
9420190.350403149,31849461.193194356,2439.9024390243903,0.17147574001707847,9419895.613379512,31849033.837396115,1952.1219512195123,9420239.267756043,31849978.02003574,1952.1219512195123,9420485.087426787,31849888.54899259,2927.682926829268,9420141.433050254,31848944.36635297,2927.682926829268
9420534.004779682,31850405.375833973,2439.9024390243903,0.2504244954277823,9420239.267756043,31849978.02003574,1952.1219512195123,9420582.922132576,31850922.202675357,1952.1219512195123,9420828.74180332,31850832.73163221,2927.682926829268,9420485.087426787,31849888.54899259,2927.682926829268
9420877.659156214,31851349.558473594,2439.9024390243903,0.23483557150960815,9420582.922132576,31850922.202675357,1952.1219512195123,9420926.576509109,31851866.38531498,1952.1219512195123,9421172.396179853,31851776.914271828,2927.682926829268,9420828.74180332,31850832.73163221,2927.682926829268
9421221.313532747,31852293.741113216,2439.9024390243903,0.2747657416584825,9420926.576509109,31851866.38531498,1952.1219512195123,9421270.230885642,31852810.5679546,1952.1219512195123,9421516.050556386,31852721.09691145,2927.682926829268,9421172.396179853,31851776.914271828,2927.682926829268
9421564.96790928,31853237.923752837,2439.9024390243903,0.9213905430741068,9421270.230885642,31852810.5679546,1952.1219512195123,9421613.885262175,31853754.750594217,1952.1219512195123,9421859.704932917,31853665.27955107,2927.682926829268,9421516.050556386,31852721.09691145,2927.682926829268
9421908.622285811,31854182.10639245,2439.9024390243903,1.1199351256541619,9421613.885262175,31853754.750594217,1952.1219512195123,9421957.539638707,31854698.93323384,1952.1219512195123,9422203.35930945,31854609.462190688,2927.682926829268,9421859.704932917,31853665.27955107,2927.682926829268
9422252.276662344,31855126.28903207,2439.9024390243903,1.1605834250343126,9421957.539638707,31854698.93323384,1952.1219512195123,9422301.19401524,31855643.115873456,1952.1219512195123,9422547.013685983,31855553.64483031,2927.682926829268,9422203.35930945,31854609.462190688,2927.682926829268
9422595.931038877,31856070.471671693,2439.9024390243903,1.1864882963198913,9422301.19401524,31855643.115873456,1952.1219512195123,9422644.848391773,31856587.298513077,1952.1219512195123,9422890.668062516,31856497.82746993,2927.682926829268,9422547.013685983,31855553.64483031,2927.682926829268
9422939.58541541,31857014.654311314,2439.9024390243903,1.5546160096456856,9422644.848391773,31856587.298513077,1952.1219512195123,9422988.502768304,31857531.4811527,1952.1219512195123,9423234.322439048,31857442.010109548,2927.682926829268,9422890.668062516,31856497.82746993,2927.682926829268
9423283.239791943,31857958.83695093,2439.9024390243903,1.5813879091571619,9422988.502768304,31857531.4811527,1952.1219512195123,9423332.157144837,31858475.663792316,1952.1219512195123,9423577.976815581,31858386.192749172,2927.682926829268,9423234.322439048,31857442.010109548,2927.682926829268
9423626.894168476,31858903.019590553,2439.9024390243903,1.6668138514280746,9423332.157144837,31858475.663792316,1952.1219512195123,9423675.81152137,31859419.846431937,1952.1219512195123,9423921.631192114,31859330.375388794,2927.682926829268,9423577.976815581,31858386.192749172,2927.682926829268
9423970.548545009,31859847.202230174,2439.9024390243903,1.7089153078336674,9423675.81152137,31859419.846431937,1952.1219512195123,9424019.465897903,31860364.02907156,1952.1219512195123,9424265.285568647,31860274.55802841,2927.682926829268,9423921.631192114,31859330.375388794,2927.682926829268
9424314.202921541,31860791.384869795,2439.9024390243903,1.4942899341587328,9424019.465897903,31860364.02907156,1952.1219512195123,9424363.120274436,31861308.211711176,1952.1219512195123,9424608.939945178,31861218.740668032,2927.682926829268,9424265.285568647,31860274.55802841,2927.682926829268
9424657.857298072,31861735.567509416,2439.9024390243903,1.1552437653454495,9424363.120274436,31861308.211711176,1952.1219512195123,9424706.774650969,31862252.394350797,1952.1219512195123,9424952.594321711,31862162.923307654,2927.682926829268,9424608.939945178,31861218.740668032,2927.682926829268
9425001.511674605,31862679.750149038,2439.9024390243903,1.0923146343641075,9424706.774650969,31862252.394350797,1952.1219512195123,9425050.429027501,31863196.576990418,1952.1219512195123,9425296.248698244,31863107.10594727,2927.682926829268,9424952.594321711,31862162.923307654,2927.682926829268
9425345.16605114,31863623.93278866,2439.9024390243903,1.2058201268679893,9425050.429027501,31863196.576990418,1952.1219512195123,9425394.083404034,31864140.75963004,1952.1219512195123,9425639.903074777,31864051.288586892,2927.682926829268,9425296.248698244,31863107.10594727,2927.682926829268
9425688.820427671,31864568.115428276,2439.9024390243903,1.3840697019785169,9425394.083404034,31864140.75963004,1952.1219512195123,9425737.737780565,31865084.94226966,1952.1219512195123,9425983.55745131,31864995.471226513,2927.682926829268,9425639.903074777,31864051.288586892,2927.682926829268
9426032.474804204,31865512.298067894,2439.9024390243903,1.6861304036829257,9425737.737780565,31865084.94226966,1952.1219512195123,9426081.392157098,31866029.124909278,1952.1219512195123,9426327.21182784,31865939.65386613,2927.682926829268,9425983.55745131,31864995.471226513,2927.682926829268
9426376.129180737,31866456.48070751,2439.9024390243903,1.6675152992238893,9426081.392157098,31866029.124909278,1952.1219512195123,9426425.046533631,31866973.3075489,1952.1219512195123,9426670.866204374,31866883.83650575,2927.682926829268,9426327.21182784,31865939.65386613,2927.682926829268
9426719.783557268,31867400.663347133,2439.9024390243903,1.6117453114839355,9426425.046533631,31866973.3075489,1952.1219512195123,9426768.700910164,31867917.490188517,1952.1219512195123,9427014.520580906,31867828.01914537,2927.682926829268,9426670.866204374,31866883.83650575,2927.682926829268
9427063.4379338,31868344.845986754,2439.9024390243903,1.9579492545432864,9426768.700910164,31867917.490188517,1952.1219512195123,9427112.355286697,31868861.672828138,1952.1219512195123,9427358.17495744,31868772.20178499,2927.682926829268,9427014.520580906,31867828.01914537,2927.682926829268
9427407.092310334,31869289.028626375,2439.9024390243903,2.0023354194416982,9427112.355286697,31868861.672828138,1952.1219512195123,9427456.009663228,31869805.85546776,1952.1219512195123,9427701.829333972,31869716.38442461,2927.682926829268,9427358.17495744,31868772.20178499,2927.682926829268
9427750.746686867,31870233.211265992,2439.9024390243903,1.931167083069206,9427456.009663228,31869805.85546776,1952.1219512195123,9427799.66403976,31870750.038107377,1952.1219512195123,9428045.483710505,31870660.56706423,2927.682926829268,9427701.829333972,31869716.38442461,2927.682926829268
9428094.4010634,31871177.393905614,2439.9024390243903,2.070713331711765,9427799.66403976,31870750.038107377,1952.1219512195123,9428143.318416294,31871694.220746998,1952.1219512195123,9428389.138087038,31871604.749703854,2927.682926829268,9428045.483710505,31870660.56706423,2927.682926829268
9428438.055439932,31872121.576545235,2439.9024390243903,2.376987618096905,9428143.318416294,31871694.220746998,1952.1219512195123,9428486.972792827,31872638.40338662,1952.1219512195123,9428732.79246357,31872548.93234347,2927.682926829268,9428389.138087038,31871604.749703854,2927.682926829268
9428781.709816465,31873065.759184856,2439.9024390243903,2.522196519590287,9428486.972792827,31872638.40338662,1952.1219512195123,9428830.62716936,31873582.586026236,1952.1219512195123,9429076.446840102,31873493.114983093,2927.682926829268,9428732.79246357,31872548.93234347,2927.682926829268
9429125.364192996,31874009.941824477,2439.9024390243903,2.4552911996871813,9428830.62716936,31873582.586026236,1952.1219512195123,9429174.281545892,31874526.768665858,1952.1219512195123,9429420.101216635,31874437.297622714,2927.682926829268,9429076.446840102,31873493.114983093,2927.682926829268
9429469.018569529,31874954.124464095,2439.9024390243903,2.0832684314808625,9429174.281545892,31874526.768665858,1952.1219512195123,9429517.935922425,31875470.95130548,1952.1219512195123,9429763.755593168,31875381.48026233,2927.682926829268,9429420.101216635,31874437.297622714,2927.682926829268
9429812.672946062,31875898.307103716,2439.9024390243903,1.7961583223084367,9429517.935922425,31875470.95130548,1952.1219512195123,9429861.590298958,31876415.1339451,1952.1219512195123,9430107.4099697,31876325.662901953,2927.682926829268,9429763.755593168,31875381.48026233,2927.682926829268
9430156.327322595,31876842.489743337,2439.9024390243903,1.6339402028498942,9429861.590298958,31876415.1339451,1952.1219512195123,9430205.24467549,31877359.31658472,1952.1219512195123,9430451.064346233,31877269.84554157,2927.682926829268,9430107.4099697,31876325.662901953,2927.682926829268
9430499.981699128,31877786.67238296,2439.9024390243903,1.479059062699943,9430205.24467549,31877359.31658472,1952.1219512195123,9430548.899052022,31878303.499224342,1952.1219512195123,9430794.718722766,31878214.02818119,2927.682926829268,9430451.064346233,31877269.84554157,2927.682926829268
9430843.63607566,31878730.855022576,2439.9024390243903,1.1548932291617857,9430548.899052022,31878303.499224342,1952.1219512195123,9430892.553428555,31879247.68186396,1952.1219512195123,9431138.3730993,31879158.210820813,2927.682926829268,9430794.718722766,31878214.02818119,2927.682926829268
9431187.290452193,31879675.037662197,2439.9024390243903,0.8687927137912438,9430892.553428555,31879247.68186396,1952.1219512195123,9431236.207805088,31880191.86450358,1952.1219512195123,9431482.027475832,31880102.39346043,2927.682926829268,9431138.3730993,31879158.210820813,2927.682926829268
9431530.944828726,31880619.220301814,2439.9024390243903,0.7398977746401358,9431236.207805088,31880191.86450358,1952.1219512195123,9431579.86218162,31881136.0471432,1952.1219512195123,9431825.681852363,31881046.57610005,2927.682926829268,9431482.027475832,31880102.39346043,2927.682926829268
9431874.599205257,31881563.402941436,2439.9024390243903,0.9706029754142379,9431579.86218162,31881136.0471432,1952.1219512195123,9431923.516558154,31882080.22978282,1952.1219512195123,9432169.336228896,31881990.758739673,2927.682926829268,9431825.681852363,31881046.57610005,2927.682926829268
9432218.25358179,31882507.585581057,2439.9024390243903,1.0356854136798974,9431923.516558154,31882080.22978282,1952.1219512195123,9432267.170934686,31883024.41242244,1952.1219512195123,9432512.990605429,31882934.94137929,2927.682926829268,9432169.336228896,31881990.758739673,2927.682926829268
9432561.907958325,31883451.768220678,2439.9024390243903,0.6782489514809723,9432267.170934686,31883024.41242244,1952.1219512195123,9432610.82531122,31883968.59506206,1952.1219512195123,9432856.644981962,31883879.12401891,2927.682926829268,9432512.990605429,31882934.94137929,2927.682926829268
9432905.562334856,31884395.950860295,2439.9024390243903,0.6365236395061867,9432610.82531122,31883968.59506206,1952.1219512195123,9432954.47968775,31884912.77770168,1952.1219512195123,9433200.299358495,31884823.306658536,2927.682926829268,9432856.644981962,31883879.12401891,2927.682926829268
9433249.216711389,31885340.133499913,2439.9024390243903,0.3108212792984548,9432954.47968775,31884912.77770168,1952.1219512195123,9433298.134064283,31885856.9603413,1952.1219512195123,9433543.953735027,31885767.489298154,2927.682926829268,9433200.299358495,31884823.306658536,2927.682926829268
9433592.871087922,31886284.316139534,2439.9024390243903,0.26034589861479807,9433298.134064283,31885856.9603413,1952.1219512195123,9433641.788440816,31886801.14298092,1952.1219512195123,9433887.60811156,31886711.671937775,2927.682926829268,9433543.953735027,31885767.489298154,2927.682926829268
9433936.525464455,31887228.498779155,2439.9024390243903,0.3455727949564045,9433641.788440816,31886801.14298092,1952.1219512195123,9433985.442817349,31887745.325620536,1952.1219512195123,9434231.262488091,31887655.854577392,2927.682926829268,9433887.60811156,31886711.671937775,2927.682926829268
9434280.179840986,31888172.681418777,2439.9024390243903,0.2924764891776525,9433985.442817349,31887745.325620536,1952.1219512195123,9434329.097193882,31888689.508260157,1952.1219512195123,9434574.916864624,31888600.037217014,2927.682926829268,9434231.262488091,31887655.854577392,2927.682926829268
9434623.834217519,31889116.864058398,2439.9024390243903,0.5000278621056664,9434329.097193882,31888689.508260157,1952.1219512195123,9434672.751570415,31889633.690899782,1952.1219512195123,9434918.571241157,31889544.21985663,2927.682926829268,9434574.916864624,31888600.037217014,2927.682926829268
9434967.488594051,31890061.046698015,2439.9024390243903,0.38959644221662837,9434672.751570415,31889633.690899782,1952.1219512195123,9435016.405946946,31890577.8735394,1952.1219512195123,9435262.22561769,31890488.402496252,2927.682926829268,9434918.571241157,31889544.21985663,2927.682926829268
9435311.142970584,31891005.229337636,2439.9024390243903,0.3024180510228717,9435016.405946946,31890577.8735394,1952.1219512195123,9435360.060323479,31891522.05617902,1952.1219512195123,9435605.879994223,31891432.585135873,2927.682926829268,9435262.22561769,31890488.402496252,2927.682926829268
9435654.797347117,31891949.411977258,2439.9024390243903,0.42797998481748906,9435360.060323479,31891522.05617902,1952.1219512195123,9435703.714700012,31892466.23881864,1952.1219512195123,9435949.534370756,31892376.76777549,2927.682926829268,9435605.879994223,31891432.585135873,2927.682926829268
9435998.45172365,31892893.59461688,2439.9024390243903,0.43007755967314226,9435703.714700012,31892466.23881864,1952.1219512195123,9436047.369076544,31893410.42145826,1952.1219512195123,9436293.188747287,31893320.950415112,2927.682926829268,9435949.534370756,31892376.76777549,2927.682926829268
9436342.106100181,31893837.777256496,2439.9024390243903,0.29145693658272204,9436047.369076544,31893410.42145826,1952.1219512195123,9436391.023453077,31894354.60409788,1952.1219512195123,9436636.84312382,31894265.133054733,2927.682926829268,9436293.188747287,31893320.950415112,2927.682926829268
9436685.760476714,31894781.959896114,2439.9024390243903,0.23844564867524093,9436391.023453077,31894354.60409788,1952.1219512195123,9436734.67782961,31895298.7867375,1952.1219512195123,9436980.497500353,31895209.31569435,2927.682926829268,9436636.84312382,31894265.133054733,2927.682926829268
9437029.414853247,31895726.142535735,2439.9024390243903,0.1769138576482663,9436734.67782961,31895298.7867375,1952.1219512195123,9437078.332206143,31896242.96937712,1952.1219512195123,9437324.151876885,31896153.498333972,2927.682926829268,9436980.497500353,31895209.31569435,2927.682926829268
9437373.069229782,31896670.325175356,2439.9024390243903,0.1427077523505264,9437078.332206143,31896242.96937712,1952.1219512195123,9437421.986582676,31897187.15201674,1952.1219512195123,9437667.806253418,31897097.680973593,2927.682926829268,9437324.151876885,31896153.498333972,2927.682926829268
9437716.723606313,31897614.507814977,2439.9024390243903,0.14015986401061922,9437421.986582676,31897187.15201674,1952.1219512195123,9437765.640959207,31898131.33465636,1952.1219512195123,9438011.460629951,31898041.863613214,2927.682926829268,9437667.806253418,31897097.680973593,2927.682926829268
9438060.377982846,31898558.690454595,2439.9024390243903,0.27148329733536797,9437765.640959207,31898131.33465636,1952.1219512195123,9438109.29533574,31899075.51729598,1952.1219512195123,9438355.115006484,31898986.046252836,2927.682926829268,9438011.460629951,31898041.863613214,2927.682926829268
9438404.032359378,31899502.873094216,2439.9024390243903,0.5705474885592233,9438109.29533574,31899075.51729598,1952.1219512195123,9438452.949712273,31900019.6999356,1952.1219512195123,9438698.769383017,31899930.228892453,2927.682926829268,9438355.115006484,31898986.046252836,2927.682926829268
9438747.686735911,31900447.055733837,2439.9024390243903,0.8186020647680661,9438452.949712273,31900019.6999356,1952.1219512195123,9438796.604088806,31900963.88257522,1952.1219512195123,9439042.423759548,31900874.411532074,2927.682926829268,9438698.769383017,31899930.228892453,2927.682926829268
9439091.341112442,31901391.23837346,2439.9024390243903,0.9901404180249723,9438796.604088806,31900963.88257522,1952.1219512195123,9439140.258465338,31901908.06521484,1952.1219512195123,9439386.07813608,31901818.594171695,2927.682926829268,9439042.423759548,31900874.411532074,2927.682926829268
9439434.995488975,31902335.42101308,2439.9024390243903,0.9440739151031391,9439140.258465338,31901908.06521484,1952.1219512195123,9439483.912841871,31902852.247854464,1952.1219512195123,9439729.732512612,31902762.776811313,2927.682926829268,9439386.07813608,31901818.594171695,2927.682926829268
9439778.64986551,31903279.6036527,2439.9024390243903,0.8161701037684079,9439483.912841871,31902852.247854464,1952.1219512195123,9439827.567218404,31903796.43049408,1952.1219512195123,9440073.386889145,31903706.959450934,2927.682926829268,9439729.732512612,31902762.776811313,2927.682926829268
9414250.391296305,31832376.434638046,3415.4634146341464,0.5765555782201978,9413955.654272668,31831949.07883981,2927.682926829268,9414299.3086492,31832893.26147943,2927.682926829268,9414545.128319938,31832803.790436283,3903.2439024390246,9414201.473943405,31831859.60779666,3903.2439024390246
9414594.045672836,31833320.617277667,3415.4634146341464,0.5239336400886874,9414299.3086492,31832893.26147943,2927.682926829268,9414642.963025732,31833837.44411905,2927.682926829268,9414888.78269647,31833747.973075904,3903.2439024390246,9414545.128319938,31832803.790436283,3903.2439024390246
9414937.700049369,31834264.799917284,3415.4634146341464,0.5938597840022903,9414642.963025732,31833837.44411905,2927.682926829268,9414986.617402265,31834781.62675867,2927.682926829268,9415232.437073004,31834692.15571552,3903.2439024390246,9414888.78269647,31833747.973075904,3903.2439024390246
9415281.354425902,31835208.982556906,3415.4634146341464,0.45730338967995093,9414986.617402265,31834781.62675867,2927.682926829268,9415330.271778798,31835725.80939829,2927.682926829268,9415576.091449536,31835636.338355143,3903.2439024390246,9415232.437073004,31834692.15571552,3903.2439024390246
9415625.008802433,31836153.165196527,3415.4634146341464,0.46009405866777725,9415330.271778798,31835725.80939829,2927.682926829268,9415673.92615533,31836669.99203791,2927.682926829268,9415919.74582607,31836580.520994764,3903.2439024390246,9415576.091449536,31835636.338355143,3903.2439024390246
9415968.663178965,31837097.347836144,3415.4634146341464,0.6488824075205686,9415673.92615533,31836669.99203791,2927.682926829268,9416017.580531863,31837614.17467753,2927.682926829268,9416263.4002026,31837524.70363438,3903.2439024390246,9415919.74582607,31836580.520994764,3903.2439024390246
9416312.317555498,31838041.530475765,3415.4634146341464,0.8138920595941112,9416017.580531863,31837614.17467753,2927.682926829268,9416361.234908396,31838558.35731715,2927.682926829268,9416607.054579133,31838468.886274002,3903.2439024390246,9416263.4002026,31837524.70363438,3903.2439024390246
9416655.971932031,31838985.713115387,3415.4634146341464,1.0662767557591273,9416361.234908396,31838558.35731715,2927.682926829268,9416704.88928493,31839502.53995677,2927.682926829268,9416950.708955666,31839413.068913624,3903.2439024390246,9416607.054579133,31838468.886274002,3903.2439024390246
9416999.626308564,31839929.895755004,3415.4634146341464,0.9920139499154432,9416704.88928493,31839502.53995677,2927.682926829268,9417048.54366146,31840446.72259639,2927.682926829268,9417294.363332199,31840357.251553245,3903.2439024390246,9416950.708955666,31839413.068913624,3903.2439024390246
9417343.280685095,31840874.078394625,3415.4634146341464,0.9785010073479012,9417048.54366146,31840446.72259639,2927.682926829268,9417392.198037993,31841390.90523601,2927.682926829268,9417638.017708732,31841301.434192866,3903.2439024390246,9417294.363332199,31840357.251553245,3903.2439024390246
9417686.935061628,31841818.261034247,3415.4634146341464,1.006239659901287,9417392.198037993,31841390.90523601,2927.682926829268,9417735.852414526,31842335.08787563,2927.682926829268,9417981.672085265,31842245.616832484,3903.2439024390246,9417638.017708732,31841301.434192866,3903.2439024390246
9418030.589438159,31842762.44367387,3415.4634146341464,0.6818861297210439,9417735.852414526,31842335.08787563,2927.682926829268,9418079.506791059,31843279.27051525,2927.682926829268,9418325.326461796,31843189.799472105,3903.2439024390246,9417981.672085265,31842245.616832484,3903.2439024390246
9418374.243814694,31843706.626313485,3415.4634146341464,0.6458520409874552,9418079.506791059,31843279.27051525,2927.682926829268,9418423.161167592,31844223.453154866,2927.682926829268,9418668.980838329,31844133.982111722,3903.2439024390246,9418325.326461796,31843189.799472105,3903.2439024390246
9418717.898191225,31844650.808953106,3415.4634146341464,0.4837472198510145,9418423.161167592,31844223.453154866,2927.682926829268,9418766.815544125,31845167.63579449,2927.682926829268,9419012.635214861,31845078.164751343,3903.2439024390246,9418668.980838329,31844133.982111722,3903.2439024390246
9419061.55256776,31845594.991592728,3415.4634146341464,0.3965930054921536,9418766.815544125,31845167.63579449,2927.682926829268,9419110.469920656,31846111.81843411,2927.682926829268,9419356.289591394,31846022.347390965,3903.2439024390246,9419012.635214861,31845078.164751343,3903.2439024390246
9419405.20694429,31846539.174232345,3415.4634146341464,0.26941018588334587,9419110.469920656,31846111.81843411,2927.682926829268,9419454.124297189,31847056.00107373,2927.682926829268,9419699.943967927,31846966.530030582,3903.2439024390246,9419356.289591394,31846022.347390965,3903.2439024390246
9419748.861320823,31847483.356871966,3415.4634146341464,0.45291927762859513,9419454.124297189,31847056.00107373,2927.682926829268,9419797.778673721,31848000.18371335,2927.682926829268,9420043.59834446,31847910.712670203,3903.2439024390246,9419699.943967927,31846966.530030582,3903.2439024390246
9420092.515697356,31848427.539511587,3415.4634146341464,0.665093019510455,9419797.778673721,31848000.18371335,2927.682926829268,9420141.433050254,31848944.36635297,2927.682926829268,9420387.252720993,31848854.89530982,3903.2439024390246,9420043.59834446,31847910.712670203,3903.2439024390246
9420436.170073887,31849371.722151205,3415.4634146341464,0.8251855244759352,9420141.433050254,31848944.36635297,2927.682926829268,9420485.087426787,31849888.54899259,2927.682926829268,9420730.907097524,31849799.077949442,3903.2439024390246,9420387.252720993,31848854.89530982,3903.2439024390246
9420779.824450422,31850315.904790826,3415.4634146341464,0.5356025117180704,9420485.087426787,31849888.54899259,2927.682926829268,9420828.74180332,31850832.73163221,2927.682926829268,9421074.561474057,31850743.260589063,3903.2439024390246,9420730.907097524,31849799.077949442,3903.2439024390246
9421123.478826953,31851260.087430447,3415.4634146341464,0.39913966152504965,9420828.74180332,31850832.73163221,2927.682926829268,9421172.396179853,31851776.914271828,2927.682926829268,9421418.21585059,31851687.44322868,3903.2439024390246,9421074.561474057,31850743.260589063,3903.2439024390246
9421467.133203488,31852204.270070065,3415.4634146341464,0.5341521328349506,9421172.396179853,31851776.914271828,2927.682926829268,9421516.050556386,31852721.09691145,2927.682926829268,9421761.870227123,31852631.6258683,3903.2439024390246,9421418.21585059,31851687.44322868,3903.2439024390246
9421810.787580019,31853148.452709686,3415.4634146341464,0.7861625503045835,9421516.050556386,31852721.09691145,2927.682926829268,9421859.704932917,31853665.27955107,2927.682926829268,9422105.524603656,31853575.808507927,3903.2439024390246,9421761.870227123,31852631.6258683,3903.2439024390246
9422154.441956552,31854092.635349303,3415.4634146341464,1.0859933558112411,9421859.704932917,31853665.27955107,2927.682926829268,9422203.35930945,31854609.462190688,2927.682926829268,9422449.178980188,31854519.991147544,3903.2439024390246,9422105.524603656,31853575.808507927,3903.2439024390246
9422498.096333085,31855036.817988925,3415.4634146341464,1.20781273242609,9422203.35930945,31854609.462190688,2927.682926829268,9422547.013685983,31855553.64483031,2927.682926829268,9422792.833356721,31855464.173787165,3903.2439024390246,9422449.178980188,31854519.991147544,3903.2439024390246
9422841.750709616,31855981.00062855,3415.4634146341464,1.4000634668909708,9422547.013685983,31855553.64483031,2927.682926829268,9422890.668062516,31856497.82746993,2927.682926829268,9423136.487733254,31856408.356426787,3903.2439024390246,9422792.833356721,31855464.173787165,3903.2439024390246
9423185.40508615,31856925.183268167,3415.4634146341464,1.3148615542834623,9422890.668062516,31856497.82746993,2927.682926829268,9423234.322439048,31857442.010109548,2927.682926829268,9423480.142109785,31857352.539066404,3903.2439024390246,9423136.487733254,31856408.356426787,3903.2439024390246
9423529.059462681,31857869.36590779,3415.4634146341464,1.4674016227427642,9423234.322439048,31857442.010109548,2927.682926829268,9423577.976815581,31858386.192749172,2927.682926829268,9423823.796486318,31858296.721706025,3903.2439024390246,9423480.142109785,31857352.539066404,3903.2439024390246
9423872.713839216,31858813.54854741,3415.4634146341464,1.4753023920123722,9423577.976815581,31858386.192749172,2927.682926829268,9423921.631192114,31859330.375388794,2927.682926829268,9424167.450862851,31859240.904345647,3903.2439024390246,9423823.796486318,31858296.721706025,3903.2439024390246
9424216.368215747,31859757.731187027,3415.4634146341464,1.6354759761084963,9423921.631192114,31859330.375388794,2927.682926829268,9424265.285568647,31860274.55802841,2927.682926829268,9424511.105239384,31860185.086985264,3903.2439024390246,9424167.450862851,31859240.904345647,3903.2439024390246
9424560.02259228,31860701.91382665,3415.4634146341464,1.509277002177129,9424265.285568647,31860274.55802841,2927.682926829268,9424608.939945178,31861218.740668032,2927.682926829268,9424854.759615917,31861129.269624885,3903.2439024390246,9424511.105239384,31860185.086985264,3903.2439024390246
9424903.676968813,31861646.09646627,3415.4634146341464,1.4206229400158954,9424608.939945178,31861218.740668032,2927.682926829268,9424952.594321711,31862162.923307654,2927.682926829268,9425198.41399245,31862073.452264506,3903.2439024390246,9424854.759615917,31861129.269624885,3903.2439024390246
9425247.331345344,31862590.27910589,3415.4634146341464,1.404518882082131,9424952.594321711,31862162.923307654,2927.682926829268,9425296.248698244,31863107.10594727,2927.682926829268,9425542.068368983,31863017.634904124,3903.2439024390246,9425198.41399245,31862073.452264506,3903.2439024390246
9425590.985721879,31863534.461745508,3415.4634146341464,1.809737594480846,9425296.248698244,31863107.10594727,2927.682926829268,9425639.903074777,31864051.288586892,2927.682926829268,9425885.722745515,31863961.817543745,3903.2439024390246,9425542.068368983,31863017.634904124,3903.2439024390246
9425934.64009841,31864478.644385125,3415.4634146341464,1.9986321270787624,9425639.903074777,31864051.288586892,2927.682926829268,9425983.55745131,31864995.471226513,2927.682926829268,9426229.377122046,31864906.000183363,3903.2439024390246,9425885.722745515,31863961.817543745,3903.2439024390246
9426278.294474944,31865422.827024747,3415.4634146341464,1.9184496668924675,9425983.55745131,31864995.471226513,2927.682926829268,9426327.21182784,31865939.65386613,2927.682926829268,9426573.03149858,31865850.182822984,3903.2439024390246,9426229.377122046,31864906.000183363,3903.2439024390246
9426621.948851475,31866367.009664364,3415.4634146341464,1.9182231722885137,9426327.21182784,31865939.65386613,2927.682926829268,9426670.866204374,31866883.83650575,2927.682926829268,9426916.685875112,31866794.365462605,3903.2439024390246,9426573.03149858,31865850.182822984,3903.2439024390246
9426965.603228008,31867311.192303985,3415.4634146341464,1.8107187761853125,9426670.866204374,31866883.83650575,2927.682926829268,9427014.520580906,31867828.01914537,2927.682926829268,9427260.340251645,31867738.548102226,3903.2439024390246,9426916.685875112,31866794.365462605,3903.2439024390246
9427309.257604541,31868255.374943607,3415.4634146341464,1.9277943465042375,9427014.520580906,31867828.01914537,2927.682926829268,9427358.17495744,31868772.20178499,2927.682926829268,9427603.994628178,31868682.730741847,3903.2439024390246,9427260.340251645,31867738.548102226,3903.2439024390246
9427652.911981072,31869199.55758323,3415.4634146341464,2.047290001290573,9427358.17495744,31868772.20178499,2927.682926829268,9427701.829333972,31869716.38442461,2927.682926829268,9427947.64900471,31869626.913381465,3903.2439024390246,9427603.994628178,31868682.730741847,3903.2439024390246
9427996.566357607,31870143.74022285,3415.4634146341464,2.3012374411683263,9427701.829333972,31869716.38442461,2927.682926829268,9428045.483710505,31870660.56706423,2927.682926829268,9428291.303381242,31870571.096021086,3903.2439024390246,9427947.64900471,31869626.913381465,3903.2439024390246
9428340.220734138,31871087.92286247,3415.4634146341464,2.0745213753057743,9428045.483710505,31870660.56706423,2927.682926829268,9428389.138087038,31871604.749703854,2927.682926829268,9428634.957757775,31871515.278660707,3903.2439024390246,9428291.303381242,31870571.096021086,3903.2439024390246
9428683.875110673,31872032.10550209,3415.4634146341464,2.3829917344503544,9428389.138087038,31871604.749703854,2927.682926829268,9428732.79246357,31872548.93234347,2927.682926829268,9428978.612134308,31872459.461300325,3903.2439024390246,9428634.957757775,31871515.278660707,3903.2439024390246
9429027.529487204,31872976.28814171,3415.4634146341464,3.122211068317813,9428732.79246357,31872548.93234347,2927.682926829268,9429076.446840102,31873493.114983093,2927.682926829268,9429322.26651084,31873403.643939946,3903.2439024390246,9428978.612134308,31872459.461300325,3903.2439024390246
9429371.183863737,31873920.470781326,3415.4634146341464,3.0529307023813153,9429076.446840102,31873493.114983093,2927.682926829268,9429420.101216635,31874437.297622714,2927.682926829268,9429665.920887373,31874347.826579563,3903.2439024390246,9429322.26651084,31873403.643939946,3903.2439024390246
9429714.83824027,31874864.653420947,3415.4634146341464,2.978349407615011,9429420.101216635,31874437.297622714,2927.682926829268,9429763.755593168,31875381.48026233,2927.682926829268,9430009.575263906,31875292.009219185,3903.2439024390246,9429665.920887373,31874347.826579563,3903.2439024390246
9430058.4926168,31875808.83606057,3415.4634146341464,2.332541845763598,9429763.755593168,31875381.48026233,2927.682926829268,9430107.4099697,31876325.662901953,2927.682926829268,9430353.22964044,31876236.191858806,3903.2439024390246,9430009.575263906,31875292.009219185,3903.2439024390246
9430402.146993335,31876753.018700186,3415.4634146341464,1.8917267013336112,9430107.4099697,31876325.662901953,2927.682926829268,9430451.064346233,31877269.84554157,2927.682926829268,9430696.884016972,31877180.374498423,3903.2439024390246,9430353.22964044,31876236.191858806,3903.2439024390246
9430745.801369866,31877697.201339807,3415.4634146341464,1.5330655796385129,9430451.064346233,31877269.84554157,2927.682926829268,9430794.718722766,31878214.02818119,2927.682926829268,9431040.538393503,31878124.557138044,3903.2439024390246,9430696.884016972,31877180.374498423,3903.2439024390246
9431089.455746401,31878641.38397943,3415.4634146341464,1.11088019593785,9430794.718722766,31878214.02818119,2927.682926829268,9431138.3730993,31879158.210820813,2927.682926829268,9431384.192770036,31879068.739777666,3903.2439024390246,9431040.538393503,31878124.557138044,3903.2439024390246
9431433.110122932,31879585.566619046,3415.4634146341464,0.8854031937871626,9431138.3730993,31879158.210820813,2927.682926829268,9431482.027475832,31880102.39346043,2927.682926829268,9431727.847146569,31880012.922417287,3903.2439024390246,9431384.192770036,31879068.739777666,3903.2439024390246
9431776.764499465,31880529.749258667,3415.4634146341464,0.846319841283607,9431482.027475832,31880102.39346043,2927.682926829268,9431825.681852363,31881046.57610005,2927.682926829268,9432071.501523102,31880957.105056908,3903.2439024390246,9431727.847146569,31880012.922417287,3903.2439024390246
9432120.418875998,31881473.93189829,3415.4634146341464,0.8666478190799498,9431825.681852363,31881046.57610005,2927.682926829268,9432169.336228896,31881990.758739673,2927.682926829268,9432415.155899635,31881901.28769653,3903.2439024390246,9432071.501523102,31880957.105056908,3903.2439024390246
9432464.073252529,31882418.114537913,3415.4634146341464,0.8799875238386861,9432169.336228896,31881990.758739673,2927.682926829268,9432512.990605429,31882934.94137929,2927.682926829268,9432758.810276167,31882845.470336147,3903.2439024390246,9432415.155899635,31881901.28769653,3903.2439024390246
9432807.727629064,31883362.29717753,3415.4634146341464,0.7606394312248778,9432512.990605429,31882934.94137929,2927.682926829268,9432856.644981962,31883879.12401891,2927.682926829268,9433102.4646527,31883789.652975768,3903.2439024390246,9432758.810276167,31882845.470336147,3903.2439024390246
9433151.382005597,31884306.479817152,3415.4634146341464,0.537506366400411,9432856.644981962,31883879.12401891,2927.682926829268,9433200.299358495,31884823.306658536,2927.682926829268,9433446.119029233,31884733.83561539,3903.2439024390246,9433102.4646527,31883789.652975768,3903.2439024390246
9433495.03638213,31885250.66245677,3415.4634146341464,0.3534756823184848,9433200.299358495,31884823.306658536,2927.682926829268,9433543.953735027,31885767.489298154,2927.682926829268,9433789.773405764,31885678.018255007,3903.2439024390246,9433446.119029233,31884733.83561539,3903.2439024390246
9433838.69075866,31886194.84509639,3415.4634146341464,0.38731779468713257,9433543.953735027,31885767.489298154,2927.682926829268,9433887.60811156,31886711.671937775,2927.682926829268,9434133.427782297,31886622.200894628,3903.2439024390246,9433789.773405764,31885678.018255007,3903.2439024390246
9434182.345135193,31887139.02773601,3415.4634146341464,0.30709850526691596,9433887.60811156,31886711.671937775,2927.682926829268,9434231.262488091,31887655.854577392,2927.682926829268,9434477.08215883,31887566.383534245,3903.2439024390246,9434133.427782297,31886622.200894628,3903.2439024390246
9434525.999511726,31888083.21037563,3415.4634146341464,0.339692964081186,9434231.262488091,31887655.854577392,2927.682926829268,9434574.916864624,31888600.037217014,2927.682926829268,9434820.736535363,31888510.566173866,3903.2439024390246,9434477.08215883,31887566.383534245,3903.2439024390246
9434869.653888257,31889027.39301525,3415.4634146341464,0.3237981142835097,9434574.916864624,31888600.037217014,2927.682926829268,9434918.571241157,31889544.21985663,2927.682926829268,9435164.390911896,31889454.748813484,3903.2439024390246,9434820.736535363,31888510.566173866,3903.2439024390246
9435213.308264792,31889971.575654868,3415.4634146341464,0.37147058766269003,9434918.571241157,31889544.21985663,2927.682926829268,9435262.22561769,31890488.402496252,2927.682926829268,9435508.045288427,31890398.931453105,3903.2439024390246,9435164.390911896,31889454.748813484,3903.2439024390246
9435556.962641323,31890915.75829449,3415.4634146341464,0.3889721490251205,9435262.22561769,31890488.402496252,2927.682926829268,9435605.879994223,31891432.585135873,2927.682926829268,9435851.69966496,31891343.114092726,3903.2439024390246,9435508.045288427,31890398.931453105,3903.2439024390246
9435900.617017858,31891859.94093411,3415.4634146341464,0.6261536696092972,9435605.879994223,31891432.585135873,2927.682926829268,9435949.534370756,31892376.76777549,2927.682926829268,9436195.354041493,31892287.296732344,3903.2439024390246,9435851.69966496,31891343.114092726,3903.2439024390246
9436244.271394389,31892804.123573728,3415.4634146341464,0.7148831982516495,9435949.534370756,31892376.76777549,2927.682926829268,9436293.188747287,31893320.950415112,2927.682926829268,9436539.008418025,31893231.47937197,3903.2439024390246,9436195.354041493,31892287.296732344,3903.2439024390246
9436587.925770922,31893748.30621335,3415.4634146341464,1.0197031492692548,9436293.188747287,31893320.950415112,2927.682926829268,9436636.84312382,31894265.133054733,2927.682926829268,9436882.662794558,31894175.66201159,3903.2439024390246,9436539.008418025,31893231.47937197,3903.2439024390246
9436931.580147455,31894692.488852967,3415.4634146341464,0.7969717350964646,9436636.84312382,31894265.133054733,2927.682926829268,9436980.497500353,31895209.31569435,2927.682926829268,9437226.317171091,31895119.844651207,3903.2439024390246,9436882.662794558,31894175.66201159,3903.2439024390246
9437275.234523986,31895636.67149259,3415.4634146341464,0.6871986478412772,9436980.497500353,31895209.31569435,2927.682926829268,9437324.151876885,31896153.498333972,2927.682926829268,9437569.971547624,31896064.02729083,3903.2439024390246,9437226.317171091,31895119.844651207,3903.2439024390246
9437618.88890052,31896580.854132213,3415.4634146341464,0.6302873507634978,9437324.151876885,31896153.498333972,2927.682926829268,9437667.806253418,31897097.680973593,2927.682926829268,9437913.625924157,31897008.209930446,3903.2439024390246,9437569.971547624,31896064.02729083,3903.2439024390246
9437962.543277051,31897525.03677183,3415.4634146341464,0.6179655480969718,9437667.806253418,31897097.680973593,2927.682926829268,9438011.460629951,31898041.863613214,2927.682926829268,9438257.280300688,31897952.392570067,3903.2439024390246,9437913.625924157,31897008.209930446,3903.2439024390246
9438306.197653586,31898469.21941145,3415.4634146341464,0.8139825885675339,9438011.460629951,31898041.863613214,2927.682926829268,9438355.115006484,31898986.046252836,2927.682926829268,9438600.93467722,31898896.57520969,3903.2439024390246,9438257.280300688,31897952.392570067,3903.2439024390246
9438649.852030117,31899413.40205107,3415.4634146341464,1.0525331137096567,9438355.115006484,31898986.046252836,2927.682926829268,9438698.769383017,31899930.228892453,2927.682926829268,9438944.589053754,31899840.757849306,3903.2439024390246,9438600.93467722,31898896.57520969,3903.2439024390246
9438993.50640665,31900357.58469069,3415.4634146341464,1.0940688495056168,9438698.769383017,31899930.228892453,2927.682926829268,9439042.423759548,31900874.411532074,2927.682926829268,9439288.243430287,31900784.940488927,3903.2439024390246,9438944.589053754,31899840.757849306,3903.2439024390246
9439337.160783183,31901301.76733031,3415.4634146341464,1.2218982291405858,9439042.423759548,31900874.411532074,2927.682926829268,9439386.07813608,31901818.594171695,2927.682926829268,9439631.89780682,31901729.12312855,3903.2439024390246,9439288.243430287,31900784.940488927,3903.2439024390246
9439680.815159714,31902245.949969932,3415.4634146341464,1.1760645037954314,9439386.07813608,31901818.594171695,2927.682926829268,9439729.732512612,31902762.776811313,2927.682926829268,9439975.552183352,31902673.305768166,3903.2439024390246,9439631.89780682,31901729.12312855,3903.2439024390246
9440024.469536249,31903190.13260955,3415.4634146341464,1.0539270013391089,9439729.732512612,31902762.776811313,2927.682926829268,9440073.386889145,31903706.959450934,2927.682926829268,9440319.206559885,31903617.488407787,3903.2439024390246,9439975.552183352,31902673.305768166,3903.2439024390246
9414496.210967042,31832286.9635949,4391.024390243902,0.47614815601065896,9414201.473943405,31831859.60779666,3903.2439024390246,9414545.128319938,31832803.790436283,3903.2439024390246,9414790.947990678,31832714.319393136,4878.804878048781,9414447.293614145,31831770.136753514,4878.804878048781
9414839.865343573,31833231.14623452,4391.024390243902,0.38694349001087064,9414545.128319938,31832803.790436283,3903.2439024390246,9414888.78269647,31833747.973075904,3903.2439024390246,9415134.602367211,31833658.502032757,4878.804878048781,9414790.947990678,31832714.319393136,4878.804878048781
9415183.519720107,31834175.328874137,4391.024390243902,0.5443134235490984,9414888.78269647,31833747.973075904,3903.2439024390246,9415232.437073004,31834692.15571552,3903.2439024390246,9415478.256743742,31834602.684672378,4878.804878048781,9415134.602367211,31833658.502032757,4878.804878048781
9415527.174096638,31835119.51151376,4391.024390243902,0.5948511014455393,9415232.437073004,31834692.15571552,3903.2439024390246,9415576.091449536,31835636.338355143,3903.2439024390246,9415821.911120275,31835546.867312,4878.804878048781,9415478.256743742,31834602.684672378,4878.804878048781
9415870.828473173,31836063.69415338,4391.024390243902,0.5698457416812249,9415576.091449536,31835636.338355143,3903.2439024390246,9415919.74582607,31836580.520994764,3903.2439024390246,9416165.565496808,31836491.04995162,4878.804878048781,9415821.911120275,31835546.867312,4878.804878048781
9416214.482849704,31837007.876793,4391.024390243902,0.6733474225538513,9415919.74582607,31836580.520994764,3903.2439024390246,9416263.4002026,31837524.70363438,3903.2439024390246,9416509.21987334,31837435.232591238,4878.804878048781,9416165.565496808,31836491.04995162,4878.804878048781
9416558.137226237,31837952.059432622,4391.024390243902,0.8150088081505917,9416263.4002026,31837524.70363438,3903.2439024390246,9416607.054579133,31838468.886274002,3903.2439024390246,9416852.874249874,31838379.41523086,4878.804878048781,9416509.21987334,31837435.232591238,4878.804878048781
9416901.79160277,31838896.242072243,4391.024390243902,0.9282983272167641,9416607.054579133,31838468.886274002,3903.2439024390246,9416950.708955666,31839413.068913624,3903.2439024390246,9417196.528626407,31839323.597870477,4878.804878048781,9416852.874249874,31838379.41523086,4878.804878048781
9417245.4459793,31839840.42471186,4391.024390243902,1.0848614155501755,9416950.708955666,31839413.068913624,3903.2439024390246,9417294.363332199,31840357.251553245,3903.2439024390246,9417540.18300294,31840267.780510098,4878.804878048781,9417196.528626407,31839323.597870477,4878.804878048781
9417589.100355836,31840784.607351482,4391.024390243902,1.0861320415673326,9417294.363332199,31840357.251553245,3903.2439024390246,9417638.017708732,31841301.434192866,3903.2439024390246,9417883.837379472,31841211.96314972,4878.804878048781,9417540.18300294,31840267.780510098,4878.804878048781
9417932.754732367,31841728.789991103,4391.024390243902,1.3233714051151333,9417638.017708732,31841301.434192866,3903.2439024390246,9417981.672085265,31842245.616832484,3903.2439024390246,9418227.491756003,31842156.145789336,4878.804878048781,9417883.837379472,31841211.96314972,4878.804878048781
9418276.409108901,31842672.97263072,4391.024390243902,1.2660237291290537,9417981.672085265,31842245.616832484,3903.2439024390246,9418325.326461796,31843189.799472105,3903.2439024390246,9418571.146132536,31843100.328428958,4878.804878048781,9418227.491756003,31842156.145789336,4878.804878048781
9418620.063485432,31843617.155270338,4391.024390243902,0.9897191797583397,9418325.326461796,31843189.799472105,3903.2439024390246,9418668.980838329,31844133.982111722,3903.2439024390246,9418914.80050907,31844044.511068575,4878.804878048781,9418571.146132536,31843100.328428958,4878.804878048781
9418963.717861965,31844561.33790996,4391.024390243902,0.7021194430081442,9418668.980838329,31844133.982111722,3903.2439024390246,9419012.635214861,31845078.164751343,3903.2439024390246,9419258.454885602,31844988.693708196,4878.804878048781,9418914.80050907,31844044.511068575,4878.804878048781
9419307.372238498,31845505.520549577,4391.024390243902,0.8279986210423359,9419012.635214861,31845078.164751343,3903.2439024390246,9419356.289591394,31846022.347390965,3903.2439024390246,9419602.109262135,31845932.876347814,4878.804878048781,9419258.454885602,31844988.693708196,4878.804878048781
9419651.02661503,31846449.703189198,4391.024390243902,0.936825856784459,9419356.289591394,31846022.347390965,3903.2439024390246,9419699.943967927,31846966.530030582,3903.2439024390246,9419945.763638666,31846877.058987435,4878.804878048781,9419602.109262135,31845932.876347814,4878.804878048781
9419994.680991564,31847393.88582882,4391.024390243902,0.890875537881565,9419699.943967927,31846966.530030582,3903.2439024390246,9420043.59834446,31847910.712670203,3903.2439024390246,9420289.418015199,31847821.24162706,4878.804878048781,9419945.763638666,31846877.058987435,4878.804878048781
9420338.335368095,31848338.06846844,4391.024390243902,1.0247057689393664,9420043.59834446,31847910.712670203,3903.2439024390246,9420387.252720993,31848854.89530982,3903.2439024390246,9420633.072391732,31848765.424266677,4878.804878048781,9420289.418015199,31847821.24162706,4878.804878048781
9420681.98974463,31849282.251108058,4391.024390243902,0.9599113553113172,9420387.252720993,31848854.89530982,3903.2439024390246,9420730.907097524,31849799.077949442,3903.2439024390246,9420976.726768265,31849709.6069063,4878.804878048781,9420633.072391732,31848765.424266677,4878.804878048781
9421025.64412116,31850226.43374768,4391.024390243902,0.9928421535960925,9420730.907097524,31849799.077949442,3903.2439024390246,9421074.561474057,31850743.260589063,3903.2439024390246,9421320.381144797,31850653.78954592,4878.804878048781,9420976.726768265,31849709.6069063,4878.804878048781
9421369.298497694,31851170.616387304,4391.024390243902,0.9785367840834812,9421074.561474057,31850743.260589063,3903.2439024390246,9421418.21585059,31851687.44322868,3903.2439024390246,9421664.03552133,31851597.972185537,4878.804878048781,9421320.381144797,31850653.78954592,4878.804878048781
9421712.952874226,31852114.79902692,4391.024390243902,0.99819610020225,9421418.21585059,31851687.44322868,3903.2439024390246,9421761.870227123,31852631.6258683,3903.2439024390246,9422007.689897863,31852542.15482516,4878.804878048781,9421664.03552133,31851597.972185537,4878.804878048781
9422056.607250758,31853058.981666543,4391.024390243902,1.2509546122949067,9421761.870227123,31852631.6258683,3903.2439024390246,9422105.524603656,31853575.808507927,3903.2439024390246,9422351.344274396,31853486.33746478,4878.804878048781,9422007.689897863,31852542.15482516,4878.804878048781
9422400.261627292,31854003.16430616,4391.024390243902,1.4532472157407723,9422105.524603656,31853575.808507927,3903.2439024390246,9422449.178980188,31854519.991147544,3903.2439024390246,9422694.998650927,31854430.520104397,4878.804878048781,9422351.344274396,31853486.33746478,4878.804878048781
9422743.916003823,31854947.34694578,4391.024390243902,1.7154080218746024,9422449.178980188,31854519.991147544,3903.2439024390246,9422792.833356721,31855464.173787165,3903.2439024390246,9423038.65302746,31855374.70274402,4878.804878048781,9422694.998650927,31854430.520104397,4878.804878048781
9423087.570380358,31855891.529585402,4391.024390243902,1.7737190046647102,9422792.833356721,31855464.173787165,3903.2439024390246,9423136.487733254,31856408.356426787,3903.2439024390246,9423382.307403993,31856318.88538364,4878.804878048781,9423038.65302746,31855374.70274402,4878.804878048781
9423431.224756889,31856835.71222502,4391.024390243902,1.491496692366392,9423136.487733254,31856408.356426787,3903.2439024390246,9423480.142109785,31857352.539066404,3903.2439024390246,9423725.961780526,31857263.068023257,4878.804878048781,9423382.307403993,31856318.88538364,4878.804878048781
9423774.879133422,31857779.89486464,4391.024390243902,1.4174977212073514,9423480.142109785,31857352.539066404,3903.2439024390246,9423823.796486318,31858296.721706025,3903.2439024390246,9424069.616157057,31858207.25066288,4878.804878048781,9423725.961780526,31857263.068023257,4878.804878048781
9424118.533509955,31858724.077504262,4391.024390243902,1.7406596132641736,9423823.796486318,31858296.721706025,3903.2439024390246,9424167.450862851,31859240.904345647,3903.2439024390246,9424413.27053359,31859151.4333025,4878.804878048781,9424069.616157057,31858207.25066288,4878.804878048781
9424462.187886486,31859668.26014388,4391.024390243902,1.726239322229988,9424167.450862851,31859240.904345647,3903.2439024390246,9424511.105239384,31860185.086985264,3903.2439024390246,9424756.924910123,31860095.615942117,4878.804878048781,9424413.27053359,31859151.4333025,4878.804878048781
9424805.84226302,31860612.4427835,4391.024390243902,1.918898216399171,9424511.105239384,31860185.086985264,3903.2439024390246,9424854.759615917,31861129.269624885,3903.2439024390246,9425100.579286655,31861039.79858174,4878.804878048781,9424756.924910123,31860095.615942117,4878.804878048781
9425149.496639552,31861556.625423122,4391.024390243902,1.9475716362853883,9424854.759615917,31861129.269624885,3903.2439024390246,9425198.41399245,31862073.452264506,3903.2439024390246,9425444.233663186,31861983.98122136,4878.804878048781,9425100.579286655,31861039.79858174,4878.804878048781
9425493.151016086,31862500.808062743,4391.024390243902,2.1025528771105777,9425198.41399245,31862073.452264506,3903.2439024390246,9425542.068368983,31863017.634904124,3903.2439024390246,9425787.88803972,31862928.16386098,4878.804878048781,9425444.233663186,31861983.98122136,4878.804878048781
9425836.805392617,31863444.99070236,4391.024390243902,2.0247332722808618,9425542.068368983,31863017.634904124,3903.2439024390246,9425885.722745515,31863961.817543745,3903.2439024390246,9426131.542416252,31863872.3465006,4878.804878048781,9425787.88803972,31862928.16386098,4878.804878048781
9426180.45976915,31864389.173341982,4391.024390243902,2.123935318406179,9425885.722745515,31863961.817543745,3903.2439024390246,9426229.377122046,31864906.000183363,3903.2439024390246,9426475.196792785,31864816.52914022,4878.804878048781,9426131.542416252,31863872.3465006,4878.804878048781
9426524.114145683,31865333.355981603,4391.024390243902,2.4775515749992785,9426229.377122046,31864906.000183363,3903.2439024390246,9426573.03149858,31865850.182822984,3903.2439024390246,9426818.851169318,31865760.71177984,4878.804878048781,9426475.196792785,31864816.52914022,4878.804878048781
9426867.768522214,31866277.53862122,4391.024390243902,2.6840243944438402,9426573.03149858,31865850.182822984,3903.2439024390246,9426916.685875112,31866794.365462605,3903.2439024390246,9427162.505545849,31866704.894419458,4878.804878048781,9426818.851169318,31865760.71177984,4878.804878048781
9427211.422898749,31867221.721260842,4391.024390243902,3.0001384033346667,9426916.685875112,31866794.365462605,3903.2439024390246,9427260.340251645,31867738.548102226,3903.2439024390246,9427506.159922382,31867649.07705908,4878.804878048781,9427162.505545849,31866704.894419458,4878.804878048781
9427555.07727528,31868165.903900463,4391.024390243902,2.439044025190037,9427260.340251645,31867738.548102226,3903.2439024390246,9427603.994628178,31868682.730741847,3903.2439024390246,9427849.814298915,31868593.2596987,4878.804878048781,9427506.159922382,31867649.07705908,4878.804878048781
9427898.731651815,31869110.086540084,4391.024390243902,2.159883949155273,9427603.994628178,31868682.730741847,3903.2439024390246,9427947.64900471,31869626.913381465,3903.2439024390246,9428193.468675448,31869537.442338318,4878.804878048781,9427849.814298915,31868593.2596987,4878.804878048781
9428242.386028346,31870054.2691797,4391.024390243902,2.261896974688103,9427947.64900471,31869626.913381465,3903.2439024390246,9428291.303381242,31870571.096021086,3903.2439024390246,9428537.12305198,31870481.62497794,4878.804878048781,9428193.468675448,31869537.442338318,4878.804878048781
9428586.040404879,31870998.451819323,4391.024390243902,2.5491497208606315,9428291.303381242,31870571.096021086,3903.2439024390246,9428634.957757775,31871515.278660707,3903.2439024390246,9428880.777428513,31871425.807617556,4878.804878048781,9428537.12305198,31870481.62497794,4878.804878048781
9428929.694781411,31871942.634458944,4391.024390243902,2.9385991048698674,9428634.957757775,31871515.278660707,3903.2439024390246,9428978.612134308,31872459.461300325,3903.2439024390246,9429224.431805046,31872369.990257178,4878.804878048781,9428880.777428513,31871425.807617556,4878.804878048781
9429273.349157942,31872886.81709856,4391.024390243902,2.849760294495507,9428978.612134308,31872459.461300325,3903.2439024390246,9429322.26651084,31873403.643939946,3903.2439024390246,9429568.08618158,31873314.1728968,4878.804878048781,9429224.431805046,31872369.990257178,4878.804878048781
9429617.003534477,31873830.99973818,4391.024390243902,2.8181565588572233,9429322.26651084,31873403.643939946,3903.2439024390246,9429665.920887373,31874347.826579563,3903.2439024390246,9429911.74055811,31874258.35553642,4878.804878048781,9429568.08618158,31873314.1728968,4878.804878048781
9429960.657911008,31874775.1823778,4391.024390243902,2.7076095341258344,9429665.920887373,31874347.826579563,3903.2439024390246,9430009.575263906,31875292.009219185,3903.2439024390246,9430255.394934643,31875202.53817604,4878.804878048781,9429911.74055811,31874258.35553642,4878.804878048781
9430304.312287543,31875719.36501742,4391.024390243902,2.271342534766763,9430009.575263906,31875292.009219185,3903.2439024390246,9430353.22964044,31876236.191858806,3903.2439024390246,9430599.049311176,31876146.720815662,4878.804878048781,9430255.394934643,31875202.53817604,4878.804878048781
9430647.966664074,31876663.547657043,4391.024390243902,1.9766073711056342,9430353.22964044,31876236.191858806,3903.2439024390246,9430696.884016972,31877180.374498423,3903.2439024390246,9430942.703687709,31877090.90345528,4878.804878048781,9430599.049311176,31876146.720815662,4878.804878048781
9430991.621040607,31877607.730296664,4391.024390243902,2.0654342216362944,9430696.884016972,31877180.374498423,3903.2439024390246,9431040.538393503,31878124.557138044,3903.2439024390246,9431286.358064242,31878035.0860949,4878.804878048781,9430942.703687709,31877090.90345528,4878.804878048781
9431335.27541714,31878551.912936285,4391.024390243902,1.602827178353138,9431040.538393503,31878124.557138044,3903.2439024390246,9431384.192770036,31879068.739777666,3903.2439024390246,9431630.012440775,31878979.268734522,4878.804878048781,9431286.358064242,31878035.0860949,4878.804878048781
9431678.92979367,31879496.095575903,4391.024390243902,1.188456935727803,9431384.192770036,31879068.739777666,3903.2439024390246,9431727.847146569,31880012.922417287,3903.2439024390246,9431973.666817307,31879923.45137414,4878.804878048781,9431630.012440775,31878979.268734522,4878.804878048781
9432022.584170206,31880440.278215524,4391.024390243902,1.1960631161111253,9431727.847146569,31880012.922417287,3903.2439024390246,9432071.501523102,31880957.105056908,3903.2439024390246,9432317.32119384,31880867.63401376,4878.804878048781,9431973.666817307,31879923.45137414,4878.804878048781
9432366.238546737,31881384.460855145,4391.024390243902,1.1023088065931672,9432071.501523102,31880957.105056908,3903.2439024390246,9432415.155899635,31881901.28769653,3903.2439024390246,9432660.975570371,31881811.816653382,4878.804878048781,9432317.32119384,31880867.63401376,4878.804878048781
9432709.892923271,31882328.643494766,4391.024390243902,0.8914372340179487,9432415.155899635,31881901.28769653,3903.2439024390246,9432758.810276167,31882845.470336147,3903.2439024390246,9433004.629946904,31882755.999293,4878.804878048781,9432660.975570371,31881811.816653382,4878.804878048781
9433053.547299802,31883272.826134384,4391.024390243902,0.8524242955095284,9432758.810276167,31882845.470336147,3903.2439024390246,9433102.4646527,31883789.652975768,3903.2439024390246,9433348.284323437,31883700.18193262,4878.804878048781,9433004.629946904,31882755.999293,4878.804878048781
9433397.201676337,31884217.008774,4391.024390243902,0.771088913443559,9433102.4646527,31883789.652975768,3903.2439024390246,9433446.119029233,31884733.83561539,3903.2439024390246,9433691.93869997,31884644.36457224,4878.804878048781,9433348.284323437,31883700.18193262,4878.804878048781
9433740.856052868,31885161.191413622,4391.024390243902,0.5230116622574654,9433446.119029233,31884733.83561539,3903.2439024390246,9433789.773405764,31885678.018255007,3903.2439024390246,9434035.593076503,31885588.54721186,4878.804878048781,9433691.93869997,31884644.36457224,4878.804878048781
9434084.5104294,31886105.374053244,4391.024390243902,0.5373697681740347,9433789.773405764,31885678.018255007,3903.2439024390246,9434133.427782297,31886622.200894628,3903.2439024390246,9434379.247453036,31886532.72985148,4878.804878048781,9434035.593076503,31885588.54721186,4878.804878048781
9434428.164805934,31887049.55669286,4391.024390243902,0.6189621381161917,9434133.427782297,31886622.200894628,3903.2439024390246,9434477.08215883,31887566.383534245,3903.2439024390246,9434722.901829567,31887476.9124911,4878.804878048781,9434379.247453036,31886532.72985148,4878.804878048781
9434771.819182465,31887993.739332482,4391.024390243902,0.6876815363782385,9434477.08215883,31887566.383534245,3903.2439024390246,9434820.736535363,31888510.566173866,3903.2439024390246,9435066.5562061,31888421.095130723,4878.804878048781,9434722.901829567,31887476.9124911,4878.804878048781
9435115.473559,31888937.921972103,4391.024390243902,0.5283499028383569,9434820.736535363,31888510.566173866,3903.2439024390246,9435164.390911896,31889454.748813484,3903.2439024390246,9435410.210582633,31889365.27777034,4878.804878048781,9435066.5562061,31888421.095130723,4878.804878048781
9435459.12793553,31889882.104611725,4391.024390243902,0.6059915357702436,9435164.390911896,31889454.748813484,3903.2439024390246,9435508.045288427,31890398.931453105,3903.2439024390246,9435753.864959165,31890309.46040996,4878.804878048781,9435410.210582633,31889365.27777034,4878.804878048781
9435802.782312064,31890826.287251346,4391.024390243902,0.9420559269007837,9435508.045288427,31890398.931453105,3903.2439024390246,9435851.69966496,31891343.114092726,3903.2439024390246,9436097.519335698,31891253.643049583,4878.804878048781,9435753.864959165,31890309.46040996,4878.804878048781
9436146.436688596,31891770.469890967,4391.024390243902,1.0270421181424396,9435851.69966496,31891343.114092726,3903.2439024390246,9436195.354041493,31892287.296732344,3903.2439024390246,9436441.173712231,31892197.8256892,4878.804878048781,9436097.519335698,31891253.643049583,4878.804878048781
9436490.091065127,31892714.652530584,4391.024390243902,1.0824913573907782,9436195.354041493,31892287.296732344,3903.2439024390246,9436539.008418025,31893231.47937197,3903.2439024390246,9436784.828088764,31893142.00832882,4878.804878048781,9436441.173712231,31892197.8256892,4878.804878048781
9436833.745441662,31893658.835170202,4391.024390243902,0.9440871192242586,9436539.008418025,31893231.47937197,3903.2439024390246,9436882.662794558,31894175.66201159,3903.2439024390246,9437128.482465297,31894086.19096844,4878.804878048781,9436784.828088764,31893142.00832882,4878.804878048781
9437177.399818193,31894603.017809823,4391.024390243902,0.9208352993912343,9436882.662794558,31894175.66201159,3903.2439024390246,9437226.317171091,31895119.844651207,3903.2439024390246,9437472.136841828,31895030.37360806,4878.804878048781,9437128.482465297,31894086.19096844,4878.804878048781
9437521.054194728,31895547.200449444,4391.024390243902,0.9981985583731837,9437226.317171091,31895119.844651207,3903.2439024390246,9437569.971547624,31896064.02729083,3903.2439024390246,9437815.79121836,31895974.55624768,4878.804878048781,9437472.136841828,31895030.37360806,4878.804878048781
9437864.708571259,31896491.38308906,4391.024390243902,1.1800413482611105,9437569.971547624,31896064.02729083,3903.2439024390246,9437913.625924157,31897008.209930446,3903.2439024390246,9438159.445594894,31896918.7388873,4878.804878048781,9437815.79121836,31895974.55624768,4878.804878048781
9438208.362947792,31897435.565728683,4391.024390243902,1.4887498915569257,9437913.625924157,31897008.209930446,3903.2439024390246,9438257.280300688,31897952.392570067,3903.2439024390246,9438503.099971427,31897862.92152692,4878.804878048781,9438159.445594894,31896918.7388873,4878.804878048781
9438552.017324325,31898379.748368304,4391.024390243902,1.7270606845062972,9438257.280300688,31897952.392570067,3903.2439024390246,9438600.93467722,31898896.57520969,3903.2439024390246,9438846.75434796,31898807.10416654,4878.804878048781,9438503.099971427,31897862.92152692,4878.804878048781
9438895.671700856,31899323.93100792,4391.024390243902,2.0610536052368404,9438600.93467722,31898896.57520969,3903.2439024390246,9438944.589053754,31899840.757849306,3903.2439024390246,9439190.408724492,31899751.28680616,4878.804878048781,9438846.75434796,31898807.10416654,4878.804878048781
9439239.32607739,31900268.113647543,4391.024390243902,2.1513152769123796,9438944.589053754,31899840.757849306,3903.2439024390246,9439288.243430287,31900784.940488927,3903.2439024390246,9439534.063101025,31900695.46944578,4878.804878048781,9439190.408724492,31899751.28680616,4878.804878048781
9439582.980453923,31901212.296287164,4391.024390243902,2.2458577774254667,9439288.243430287,31900784.940488927,3903.2439024390246,9439631.89780682,31901729.12312855,3903.2439024390246,9439877.717477558,31901639.652085405,4878.804878048781,9439534.063101025,31900695.46944578,4878.804878048781
9439926.634830456,31902156.478926785,4391.024390243902,2.1670396415460464,9439631.89780682,31901729.12312855,3903.2439024390246,9439975.552183352,31902673.305768166,3903.2439024390246,9440221.37185409,31902583.834725022,4878.804878048781,9439877.717477558,31901639.652085405,4878.804878048781
9440270.289206987,31903100.661566403,4391.024390243902,1.8332303308496791,9439975.552183352,31902673.305768166,3903.2439024390246,9440319.206559885,31903617.488407787,3903.2439024390246,9440565.026230622,31903528.017364644,4878.804878048781,9440221.37185409,31902583.834725022,4878.804878048781
9414742.030637778,31832197.492551755,5366.585365853659,0.24079002713553488,9414447.293614145,31831770.136753514,4878.804878048781,9414790.947990678,31832714.319393136,4878.804878048781,9415036.767661415,31832624.848349992,5854.365853658537,9414693.113284882,31831680.66571037,5854.365853658537
9415085.685014313,31833141.675191376,5366.585365853659,0.1285905829750102,9414790.947990678,31832714.319393136,4878.804878048781,9415134.602367211,31833658.502032757,4878.804878048781,9415380.422037948,31833569.030989613,5854.365853658537,9415036.767661415,31832624.848349992,5854.365853658537
9415429.339390844,31834085.857830994,5366.585365853659,0.19018261355866817,9415134.602367211,31833658.502032757,4878.804878048781,9415478.256743742,31834602.684672378,4878.804878048781,9415724.07641448,31834513.21362923,5854.365853658537,9415380.422037948,31833569.030989613,5854.365853658537
9415772.993767377,31835030.040470615,5366.585365853659,0.22901796036755914,9415478.256743742,31834602.684672378,4878.804878048781,9415821.911120275,31835546.867312,4878.804878048781,9416067.730791014,31835457.396268852,5854.365853658537,9415724.07641448,31834513.21362923,5854.365853658537
9416116.64814391,31835974.223110236,5366.585365853659,0.3258755258696523,9415821.911120275,31835546.867312,4878.804878048781,9416165.565496808,31836491.04995162,4878.804878048781,9416411.385167547,31836401.57890847,5854.365853658537,9416067.730791014,31835457.396268852,5854.365853658537
9416460.30252044,31836918.405749854,5366.585365853659,0.46669057758664134,9416165.565496808,31836491.04995162,4878.804878048781,9416509.21987334,31837435.232591238,4878.804878048781,9416755.03954408,31837345.76154809,5854.365853658537,9416411.385167547,31836401.57890847,5854.365853658537
9416803.956896976,31837862.588389475,5366.585365853659,0.6732718857269769,9416509.21987334,31837435.232591238,4878.804878048781,9416852.874249874,31838379.41523086,4878.804878048781,9417098.69392061,31838289.944187712,5854.365853658537,9416755.03954408,31837345.76154809,5854.365853658537
9417147.611273507,31838806.771029092,5366.585365853659,1.0846057724574836,9416852.874249874,31838379.41523086,4878.804878048781,9417196.528626407,31839323.597870477,4878.804878048781,9417442.348297143,31839234.12682733,5854.365853658537,9417098.69392061,31838289.944187712,5854.365853658537
9417491.265650041,31839750.953668714,5366.585365853659,0.9744226941922258,9417196.528626407,31839323.597870477,4878.804878048781,9417540.18300294,31840267.780510098,4878.804878048781,9417786.002673676,31840178.30946695,5854.365853658537,9417442.348297143,31839234.12682733,5854.365853658537
9417834.920026572,31840695.136308335,5366.585365853659,1.0051855831189442,9417540.18300294,31840267.780510098,4878.804878048781,9417883.837379472,31841211.96314972,4878.804878048781,9418129.65705021,31841122.49210657,5854.365853658537,9417786.002673676,31840178.30946695,5854.365853658537
9418178.574403105,31841639.318947956,5366.585365853659,1.0892572482668301,9417883.837379472,31841211.96314972,4878.804878048781,9418227.491756003,31842156.145789336,4878.804878048781,9418473.311426742,31842066.67474619,5854.365853658537,9418129.65705021,31841122.49210657,5854.365853658537
9418522.228779638,31842583.50158757,5366.585365853659,1.3161699172356294,9418227.491756003,31842156.145789336,4878.804878048781,9418571.146132536,31843100.328428958,4878.804878048781,9418816.965803275,31843010.85738581,5854.365853658537,9418473.311426742,31842066.67474619,5854.365853658537
9418865.88315617,31843527.68422719,5366.585365853659,1.2672423908386634,9418571.146132536,31843100.328428958,4878.804878048781,9418914.80050907,31844044.511068575,4878.804878048781,9419160.620179806,31843955.04002543,5854.365853658537,9418816.965803275,31843010.85738581,5854.365853658537
9419209.537532704,31844471.866866812,5366.585365853659,1.1447807715212457,9418914.80050907,31844044.511068575,4878.804878048781,9419258.454885602,31844988.693708196,4878.804878048781,9419504.274556339,31844899.222665053,5854.365853658537,9419160.620179806,31843955.04002543,5854.365853658537
9419553.191909235,31845416.049506433,5366.585365853659,1.1744263543112956,9419258.454885602,31844988.693708196,4878.804878048781,9419602.109262135,31845932.876347814,4878.804878048781,9419847.928932872,31845843.40530467,5854.365853658537,9419504.274556339,31844899.222665053,5854.365853658537
9419896.84628577,31846360.232146055,5366.585365853659,1.0422922803779868,9419602.109262135,31845932.876347814,4878.804878048781,9419945.763638666,31846877.058987435,4878.804878048781,9420191.583309405,31846787.58794429,5854.365853658537,9419847.928932872,31845843.40530467,5854.365853658537
9420240.5006623,31847304.414785676,5366.585365853659,0.9672078853573851,9419945.763638666,31846877.058987435,4878.804878048781,9420289.418015199,31847821.24162706,4878.804878048781,9420535.237685937,31847731.770583913,5854.365853658537,9420191.583309405,31846787.58794429,5854.365853658537
9420584.155038834,31848248.597425297,5366.585365853659,0.8005719470007413,9420289.418015199,31847821.24162706,4878.804878048781,9420633.072391732,31848765.424266677,4878.804878048781,9420878.89206247,31848675.95322353,5854.365853658537,9420535.237685937,31847731.770583913,5854.365853658537
9420927.809415367,31849192.780064914,5366.585365853659,0.8300279981890907,9420633.072391732,31848765.424266677,4878.804878048781,9420976.726768265,31849709.6069063,4878.804878048781,9421222.546439003,31849620.13586315,5854.365853658537,9420878.89206247,31848675.95322353,5854.365853658537
9421271.463791898,31850136.962704536,5366.585365853659,1.0620564773182717,9420976.726768265,31849709.6069063,4878.804878048781,9421320.381144797,31850653.78954592,4878.804878048781,9421566.200815536,31850564.318502773,5854.365853658537,9421222.546439003,31849620.13586315,5854.365853658537
9421615.118168432,31851081.145344157,5366.585365853659,1.1387976780250846,9421320.381144797,31850653.78954592,4878.804878048781,9421664.03552133,31851597.972185537,4878.804878048781,9421909.855192067,31851508.50114239,5854.365853658537,9421566.200815536,31850564.318502773,5854.365853658537
9421958.772544963,31852025.327983774,5366.585365853659,1.2511346628000433,9421664.03552133,31851597.972185537,4878.804878048781,9422007.689897863,31852542.15482516,4878.804878048781,9422253.5095686,31852452.68378201,5854.365853658537,9421909.855192067,31851508.50114239,5854.365853658537
9422302.426921498,31852969.510623395,5366.585365853659,1.4175191313020787,9422007.689897863,31852542.15482516,4878.804878048781,9422351.344274396,31853486.33746478,4878.804878048781,9422597.163945133,31853396.866421632,5854.365853658537,9422253.5095686,31852452.68378201,5854.365853658537
9422646.081298029,31853913.693263013,5366.585365853659,1.4330474777115252,9422351.344274396,31853486.33746478,4878.804878048781,9422694.998650927,31854430.520104397,4878.804878048781,9422940.818321666,31854341.04906125,5854.365853658537,9422597.163945133,31853396.866421632,5854.365853658537
9422989.735674562,31854857.875902634,5366.585365853659,1.5904565901906988,9422694.998650927,31854430.520104397,4878.804878048781,9423038.65302746,31855374.70274402,4878.804878048781,9423284.472698199,31855285.23170087,5854.365853658537,9422940.818321666,31854341.04906125,5854.365853658537
9423333.390051095,31855802.058542255,5366.585365853659,1.8764900854493942,9423038.65302746,31855374.70274402,4878.804878048781,9423382.307403993,31856318.88538364,4878.804878048781,9423628.127074732,31856229.414340496,5854.365853658537,9423284.472698199,31855285.23170087,5854.365853658537
9423677.044427626,31856746.241181873,5366.585365853659,1.8857010231575848,9423382.307403993,31856318.88538364,4878.804878048781,9423725.961780526,31857263.068023257,4878.804878048781,9423971.781451264,31857173.596980114,5854.365853658537,9423628.127074732,31856229.414340496,5854.365853658537
9424020.69880416,31857690.423821494,5366.585365853659,1.6774673497250498,9423725.961780526,31857263.068023257,4878.804878048781,9424069.616157057,31858207.25066288,4878.804878048781,9424315.435827797,31858117.779619735,5854.365853658537,9423971.781451264,31857173.596980114,5854.365853658537
9424364.353180692,31858634.60646112,5366.585365853659,1.7548125289433434,9424069.616157057,31858207.25066288,4878.804878048781,9424413.27053359,31859151.4333025,4878.804878048781,9424659.090204328,31859061.962259352,5854.365853658537,9424315.435827797,31858117.779619735,5854.365853658537
9424708.007557226,31859578.789100736,5366.585365853659,1.9202867318362935,9424413.27053359,31859151.4333025,4878.804878048781,9424756.924910123,31860095.615942117,4878.804878048781,9425002.744580861,31860006.144898973,5854.365853658537,9424659.090204328,31859061.962259352,5854.365853658537
9425051.661933757,31860522.971740358,5366.585365853659,1.895440162294963,9424756.924910123,31860095.615942117,4878.804878048781,9425100.579286655,31861039.79858174,4878.804878048781,9425346.398957394,31860950.327538595,5854.365853658537,9425002.744580861,31860006.144898973,5854.365853658537
9425395.31631029,31861467.15437998,5366.585365853659,1.7132343221328257,9425100.579286655,31861039.79858174,4878.804878048781,9425444.233663186,31861983.98122136,4878.804878048781,9425690.053333927,31861894.510178212,5854.365853658537,9425346.398957394,31860950.327538595,5854.365853658537
9425738.970686823,31862411.337019596,5366.585365853659,1.9562256247541732,9425444.233663186,31861983.98122136,4878.804878048781,9425787.88803972,31862928.16386098,4878.804878048781,9426033.70771046,31862838.692817833,5854.365853658537,9425690.053333927,31861894.510178212,5854.365853658537
9426082.625063354,31863355.519659217,5366.585365853659,2.0611453480065687,9425787.88803972,31862928.16386098,4878.804878048781,9426131.542416252,31863872.3465006,4878.804878048781,9426377.362086993,31863782.875457454,5854.365853658537,9426033.70771046,31862838.692817833,5854.365853658537
9426426.279439889,31864299.702298835,5366.585365853659,2.220985251668854,9426131.542416252,31863872.3465006,4878.804878048781,9426475.196792785,31864816.52914022,4878.804878048781,9426721.016463526,31864727.058097072,5854.365853658537,9426377.362086993,31863782.875457454,5854.365853658537
9426769.93381642,31865243.884938456,5366.585365853659,2.702491858521348,9426475.196792785,31864816.52914022,4878.804878048781,9426818.851169318,31865760.71177984,4878.804878048781,9427064.670840057,31865671.240736693,5854.365853658537,9426721.016463526,31864727.058097072,5854.365853658537
9427113.588192955,31866188.067578074,5366.585365853659,2.4298316889626843,9426818.851169318,31865760.71177984,4878.804878048781,9427162.505545849,31866704.894419458,4878.804878048781,9427408.32521659,31866615.42337631,5854.365853658537,9427064.670840057,31865671.240736693,5854.365853658537
9427457.242569486,31867132.250217695,5366.585365853659,2.6239068078818892,9427162.505545849,31866704.894419458,4878.804878048781,9427506.159922382,31867649.07705908,4878.804878048781,9427751.979593122,31867559.60601593,5854.365853658537,9427408.32521659,31866615.42337631,5854.365853658537
9427800.896946019,31868076.432857316,5366.585365853659,2.182207812679315,9427506.159922382,31867649.07705908,4878.804878048781,9427849.814298915,31868593.2596987,4878.804878048781,9428095.633969655,31868503.78865555,5854.365853658537,9427751.979593122,31867559.60601593,5854.365853658537
9428144.551322551,31869020.615496933,5366.585365853659,2.0186212094841816,9427849.814298915,31868593.2596987,4878.804878048781,9428193.468675448,31869537.442338318,4878.804878048781,9428439.288346188,31869447.971295174,5854.365853658537,9428095.633969655,31868503.78865555,5854.365853658537
9428488.205699082,31869964.798136555,5366.585365853659,2.31622643656698,9428193.468675448,31869537.442338318,4878.804878048781,9428537.12305198,31870481.62497794,4878.804878048781,9428782.942722721,31870392.153934795,5854.365853658537,9428439.288346188,31869447.971295174,5854.365853658537
9428831.860075617,31870908.980776176,5366.585365853659,2.90395641681651,9428537.12305198,31870481.62497794,4878.804878048781,9428880.777428513,31871425.807617556,4878.804878048781,9429126.597099252,31871336.336574413,5854.365853658537,9428782.942722721,31870392.153934795,5854.365853658537
9429175.514452148,31871853.163415797,5366.585365853659,2.975659393521466,9428880.777428513,31871425.807617556,4878.804878048781,9429224.431805046,31872369.990257178,4878.804878048781,9429470.251475785,31872280.519214034,5854.365853658537,9429126.597099252,31871336.336574413,5854.365853658537
9429519.168828683,31872797.34605542,5366.585365853659,2.3832042511845297,9429224.431805046,31872369.990257178,4878.804878048781,9429568.08618158,31873314.1728968,4878.804878048781,9429813.905852318,31873224.701853655,5854.365853658537,9429470.251475785,31872280.519214034,5854.365853658537
9429862.823205214,31873741.528695036,5366.585365853659,2.2944706800288155,9429568.08618158,31873314.1728968,4878.804878048781,9429911.74055811,31874258.35553642,4878.804878048781,9430157.56022885,31874168.884493273,5854.365853658537,9429813.905852318,31873224.701853655,5854.365853658537
9430206.477581747,31874685.711334657,5366.585365853659,2.421745977843211,9429911.74055811,31874258.35553642,4878.804878048781,9430255.394934643,31875202.53817604,4878.804878048781,9430501.214605384,31875113.067132894,5854.365853658537,9430157.56022885,31874168.884493273,5854.365853658537
9430550.13195828,31875629.893974278,5366.585365853659,2.363208953364629,9430255.394934643,31875202.53817604,4878.804878048781,9430599.049311176,31876146.720815662,4878.804878048781,9430844.868981916,31876057.249772515,5854.365853658537,9430501.214605384,31875113.067132894,5854.365853658537
9430893.78633481,31876574.076613896,5366.585365853659,2.2340757209867395,9430599.049311176,31876146.720815662,4878.804878048781,9430942.703687709,31877090.90345528,4878.804878048781,9431188.52335845,31877001.432412133,5854.365853658537,9430844.868981916,31876057.249772515,5854.365853658537
9431237.440711346,31877518.259253517,5366.585365853659,2.008028442448206,9430942.703687709,31877090.90345528,4878.804878048781,9431286.358064242,31878035.0860949,4878.804878048781,9431532.177734982,31877945.615051754,5854.365853658537,9431188.52335845,31877001.432412133,5854.365853658537
9431581.095087877,31878462.441893138,5366.585365853659,1.9108704733450674,9431286.358064242,31878035.0860949,4878.804878048781,9431630.012440775,31878979.268734522,4878.804878048781,9431875.832111513,31878889.797691375,5854.365853658537,9431532.177734982,31877945.615051754,5854.365853658537
9431924.749464411,31879406.624532755,5366.585365853659,1.2290823748197057,9431630.012440775,31878979.268734522,4878.804878048781,9431973.666817307,31879923.45137414,4878.804878048781,9432219.486488046,31879833.980330992,5854.365853658537,9431875.832111513,31878889.797691375,5854.365853658537
9432268.403840942,31880350.807172377,5366.585365853659,1.0381380946827818,9431973.666817307,31879923.45137414,4878.804878048781,9432317.32119384,31880867.63401376,4878.804878048781,9432563.140864579,31880778.162970614,5854.365853658537,9432219.486488046,31879833.980330992,5854.365853658537
9432612.058217475,31881294.989811998,5366.585365853659,1.0603839263567512,9432317.32119384,31880867.63401376,4878.804878048781,9432660.975570371,31881811.816653382,4878.804878048781,9432906.795241112,31881722.34561023,5854.365853658537,9432563.140864579,31880778.162970614,5854.365853658537
9432955.712594008,31882239.17245162,5366.585365853659,1.0550095489419142,9432660.975570371,31881811.816653382,4878.804878048781,9433004.629946904,31882755.999293,4878.804878048781,9433250.449617645,31882666.528249856,5854.365853658537,9432906.795241112,31881722.34561023,5854.365853658537
9433299.36697054,31883183.355091237,5366.585365853659,0.9814741601135344,9433004.629946904,31882755.999293,4878.804878048781,9433348.284323437,31883700.18193262,4878.804878048781,9433594.103994178,31883610.710889477,5854.365853658537,9433250.449617645,31882666.528249856,5854.365853658537
9433643.021347074,31884127.537730854,5366.585365853659,0.9319995346909521,9433348.284323437,31883700.18193262,4878.804878048781,9433691.93869997,31884644.36457224,4878.804878048781,9433937.75837071,31884554.893529095,5854.365853658537,9433594.103994178,31883610.710889477,5854.365853658537
9433986.675723607,31885071.72037048,5366.585365853659,0.7651917618572575,9433691.93869997,31884644.36457224,4878.804878048781,9434035.593076503,31885588.54721186,4878.804878048781,9434281.412747243,31885499.076168716,5854.365853658537,9433937.75837071,31884554.893529095,5854.365853658537
9434330.33010014,31886015.9030101,5366.585365853659,0.7318749425169999,9434035.593076503,31885588.54721186,4878.804878048781,9434379.247453036,31886532.72985148,4878.804878048781,9434625.067123774,31886443.258808337,5854.365853658537,9434281.412747243,31885499.076168716,5854.365853658537
9434673.98447667,31886960.085649718,5366.585365853659,0.589735461942575,9434379.247453036,31886532.72985148,4878.804878048781,9434722.901829567,31887476.9124911,4878.804878048781,9434968.721500307,31887387.441447955,5854.365853658537,9434625.067123774,31886443.258808337,5854.365853658537
9435017.638853204,31887904.26828934,5366.585365853659,0.5239582205392092,9434722.901829567,31887476.9124911,4878.804878048781,9435066.5562061,31888421.095130723,4878.804878048781,9435312.37587684,31888331.624087576,5854.365853658537,9434968.721500307,31887387.441447955,5854.365853658537
9435361.293229736,31888848.45092896,5366.585365853659,0.6539327866534085,9435066.5562061,31888421.095130723,4878.804878048781,9435410.210582633,31889365.27777034,4878.804878048781,9435656.030253373,31889275.806727193,5854.365853658537,9435312.37587684,31888331.624087576,5854.365853658537
9435704.947606267,31889792.633568577,5366.585365853659,0.6544747235143601,9435410.210582633,31889365.27777034,4878.804878048781,9435753.864959165,31890309.46040996,4878.804878048781,9435999.684629906,31890219.989366814,5854.365853658537,9435656.030253373,31889275.806727193,5854.365853658537
9436048.601982802,31890736.8162082,5366.585365853659,1.0821703002671041,9435753.864959165,31890309.46040996,4878.804878048781,9436097.519335698,31891253.643049583,4878.804878048781,9436343.339006437,31891164.172006432,5854.365853658537,9435999.684629906,31890219.989366814,5854.365853658537
9436392.256359333,31891680.99884782,5366.585365853659,1.0999093603231547,9436097.519335698,31891253.643049583,4878.804878048781,9436441.173712231,31892197.8256892,4878.804878048781,9436686.99338297,31892108.354646053,5854.365853658537,9436343.339006437,31891164.172006432,5854.365853658537
9436735.910735868,31892625.181487437,5366.585365853659,1.1507656737452092,9436441.173712231,31892197.8256892,4878.804878048781,9436784.828088764,31893142.00832882,4878.804878048781,9437030.647759503,31893052.537285674,5854.365853658537,9436686.99338297,31892108.354646053,5854.365853658537
9437079.565112399,31893569.364127055,5366.585365853659,1.1654138354106407,9436784.828088764,31893142.00832882,4878.804878048781,9437128.482465297,31894086.19096844,4878.804878048781,9437374.302136036,31893996.71992529,5854.365853658537,9437030.647759503,31893052.537285674,5854.365853658537
9437423.219488932,31894513.546766676,5366.585365853659,1.4012951493732864,9437128.482465297,31894086.19096844,4878.804878048781,9437472.136841828,31895030.37360806,4878.804878048781,9437717.956512569,31894940.902564913,5854.365853658537,9437374.302136036,31893996.71992529,5854.365853658537
9437766.873865465,31895457.729406297,5366.585365853659,1.3344740294049833,9437472.136841828,31895030.37360806,4878.804878048781,9437815.79121836,31895974.55624768,4878.804878048781,9438061.610889101,31895885.085204538,5854.365853658537,9437717.956512569,31894940.902564913,5854.365853658537
9438110.528241996,31896401.912045915,5366.585365853659,1.440942137954924,9437815.79121836,31895974.55624768,4878.804878048781,9438159.445594894,31896918.7388873,4878.804878048781,9438405.265265634,31896829.267844155,5854.365853658537,9438061.610889101,31895885.085204538,5854.365853658537
9438454.18261853,31897346.094685536,5366.585365853659,1.5563525374869716,9438159.445594894,31896918.7388873,4878.804878048781,9438503.099971427,31897862.92152692,4878.804878048781,9438748.919642167,31897773.450483777,5854.365853658537,9438405.265265634,31896829.267844155,5854.365853658537
9438797.836995061,31898290.27732516,5366.585365853659,1.5644962271611116,9438503.099971427,31897862.92152692,4878.804878048781,9438846.75434796,31898807.10416654,4878.804878048781,9439092.574018698,31898717.633123398,5854.365853658537,9438748.919642167,31897773.450483777,5854.365853658537
9439141.491371596,31899234.45996478,5366.585365853659,1.7855291911089242,9438846.75434796,31898807.10416654,4878.804878048781,9439190.408724492,31899751.28680616,4878.804878048781,9439436.228395231,31899661.815763015,5854.365853658537,9439092.574018698,31898717.633123398,5854.365853658537
9439485.145748127,31900178.6426044,5366.585365853659,2.0513894781162425,9439190.408724492,31899751.28680616,4878.804878048781,9439534.063101025,31900695.46944578,4878.804878048781,9439779.882771764,31900605.998402636,5854.365853658537,9439436.228395231,31899661.815763015,5854.365853658537
9439828.800124662,31901122.82524402,5366.585365853659,2.2038265915829873,9439534.063101025,31900695.46944578,4878.804878048781,9439877.717477558,31901639.652085405,4878.804878048781,9440123.537148297,31901550.181042258,5854.365853658537,9439779.882771764,31900605.998402636,5854.365853658537
9440172.454501193,31902067.007883642,5366.585365853659,2.487086023277391,9439877.717477558,31901639.652085405,4878.804878048781,9440221.37185409,31902583.834725022,4878.804878048781,9440467.19152483,31902494.363681875,5854.365853658537,9440123.537148297,31901550.181042258,5854.365853658537
9440516.108877724,31903011.19052326,5366.585365853659,2.1880532486424396,9440221.37185409,31902583.834725022,4878.804878048781,9440565.026230622,31903528.017364644,4878.804878048781,9440810.845901363,31903438.546321496,5854.365853658537,9440467.19152483,31902494.363681875,5854.365853658537
9414987.850308519,31832108.021508608,6342.146341463415,0.2671285164938535,9414693.113284882,31831680.66571037,5854.365853658537,9415036.767661415,31832624.848349992,5854.365853658537,9415282.587332154,31832535.377306845,6829.926829268294,9414938.93295562,31831591.194667224,6829.926829268294
9415331.504685052,31833052.204148225,6342.146341463415,0.25457672414093635,9415036.767661415,31832624.848349992,5854.365853658537,9415380.422037948,31833569.030989613,5854.365853658537,9415626.241708687,31833479.559946463,6829.926829268294,9415282.587332154,31832535.377306845,6829.926829268294
9415675.159061583,31833996.386787847,6342.146341463415,0.2414112903983897,9415380.422037948,31833569.030989613,5854.365853658537,9415724.07641448,31834513.21362923,5854.365853658537,9415969.89608522,31834423.742586084,6829.926829268294,9415626.241708687,31833479.559946463,6829.926829268294
9416018.813438118,31834940.569427468,6342.146341463415,0.42894489162941124,9415724.07641448,31834513.21362923,5854.365853658537,9416067.730791014,31835457.396268852,5854.365853658537,9416313.55046175,31835367.925225705,6829.926829268294,9415969.89608522,31834423.742586084,6829.926829268294
9416362.467814649,31835884.752067085,6342.146341463415,0.8275126791077403,9416067.730791014,31835457.396268852,5854.365853658537,9416411.385167547,31836401.57890847,5854.365853658537,9416657.204838283,31836312.107865322,6829.926829268294,9416313.55046175,31835367.925225705,6829.926829268294
9416706.122191183,31836828.934706707,6342.146341463415,1.0198624397236105,9416411.385167547,31836401.57890847,5854.365853658537,9416755.03954408,31837345.76154809,5854.365853658537,9417000.859214816,31837256.290504944,6829.926829268294,9416657.204838283,31836312.107865322,6829.926829268294
9417049.776567714,31837773.117346328,6342.146341463415,1.1581148777962313,9416755.03954408,31837345.76154809,5854.365853658537,9417098.69392061,31838289.944187712,5854.365853658537,9417344.51359135,31838200.47314457,6829.926829268294,9417000.859214816,31837256.290504944,6829.926829268294
9417393.430944247,31838717.299985945,6342.146341463415,1.125403168425315,9417098.69392061,31838289.944187712,5854.365853658537,9417442.348297143,31839234.12682733,5854.365853658537,9417688.167967882,31839144.655784186,6829.926829268294,9417344.51359135,31838200.47314457,6829.926829268294
9417737.08532078,31839661.482625566,6342.146341463415,1.0487675138658596,9417442.348297143,31839234.12682733,5854.365853658537,9417786.002673676,31840178.30946695,5854.365853658537,9418031.822344415,31840088.838423807,6829.926829268294,9417688.167967882,31839144.655784186,6829.926829268294
9418080.739697311,31840605.66526519,6342.146341463415,0.9659764003212754,9417786.002673676,31840178.30946695,5854.365853658537,9418129.65705021,31841122.49210657,5854.365853658537,9418375.476720948,31841033.02106343,6829.926829268294,9418031.822344415,31840088.838423807,6829.926829268294
9418424.394073846,31841549.847904813,6342.146341463415,1.0960184180741606,9418129.65705021,31841122.49210657,5854.365853658537,9418473.311426742,31842066.67474619,5854.365853658537,9418719.13109748,31841977.203703046,6829.926829268294,9418375.476720948,31841033.02106343,6829.926829268294
9418768.048450377,31842494.030544426,6342.146341463415,1.169763202349895,9418473.311426742,31842066.67474619,5854.365853658537,9418816.965803275,31843010.85738581,5854.365853658537,9419062.785474012,31842921.386342663,6829.926829268294,9418719.13109748,31841977.203703046,6829.926829268294
9419111.702826912,31843438.213184047,6342.146341463415,1.406450485651631,9418816.965803275,31843010.85738581,5854.365853658537,9419160.620179806,31843955.04002543,5854.365853658537,9419406.439850545,31843865.568982285,6829.926829268294,9419062.785474012,31842921.386342663,6829.926829268294
9419455.357203443,31844382.39582367,6342.146341463415,1.4979819686611742,9419160.620179806,31843955.04002543,5854.365853658537,9419504.274556339,31844899.222665053,5854.365853658537,9419750.094227077,31844809.751621906,6829.926829268294,9419406.439850545,31843865.568982285,6829.926829268294
9419799.011579975,31845326.578463286,6342.146341463415,1.5015682844155815,9419504.274556339,31844899.222665053,5854.365853658537,9419847.928932872,31845843.40530467,5854.365853658537,9420093.74860361,31845753.934261523,6829.926829268294,9419750.094227077,31844809.751621906,6829.926829268294
9420142.665956508,31846270.761102907,6342.146341463415,1.268691264033056,9419847.928932872,31845843.40530467,5854.365853658537,9420191.583309405,31846787.58794429,5854.365853658537,9420437.402980143,31846698.116901144,6829.926829268294,9420093.74860361,31845753.934261523,6829.926829268294
9420486.32033304,31847214.94374253,6342.146341463415,1.283401304193198,9420191.583309405,31846787.58794429,5854.365853658537,9420535.237685937,31847731.770583913,5854.365853658537,9420781.057356674,31847642.299540766,6829.926829268294,9420437.402980143,31846698.116901144,6829.926829268294
9420829.974709574,31848159.12638215,6342.146341463415,1.095226136840869,9420535.237685937,31847731.770583913,5854.365853658537,9420878.89206247,31848675.95322353,5854.365853658537,9421124.711733207,31848586.482180383,6829.926829268294,9420781.057356674,31847642.299540766,6829.926829268294
9421173.629086105,31849103.309021767,6342.146341463415,1.0924146462748687,9420878.89206247,31848675.95322353,5854.365853658537,9421222.546439003,31849620.13586315,5854.365853658537,9421468.36610974,31849530.664820004,6829.926829268294,9421124.711733207,31848586.482180383,6829.926829268294
9421517.28346264,31850047.49166139,6342.146341463415,1.3060768755516743,9421222.546439003,31849620.13586315,5854.365853658537,9421566.200815536,31850564.318502773,5854.365853658537,9421812.020486273,31850474.847459625,6829.926829268294,9421468.36610974,31849530.664820004,6829.926829268294
9421860.93783917,31850991.67430101,6342.146341463415,1.521534872345543,9421566.200815536,31850564.318502773,5854.365853658537,9421909.855192067,31851508.50114239,5854.365853658537,9422155.674862806,31851419.030099247,6829.926829268294,9421812.020486273,31850474.847459625,6829.926829268294
9422204.592215704,31851935.856940627,6342.146341463415,1.8332186543687425,9421909.855192067,31851508.50114239,5854.365853658537,9422253.5095686,31852452.68378201,5854.365853658537,9422499.329239339,31852363.212738868,6829.926829268294,9422155.674862806,31851419.030099247,6829.926829268294
9422548.246592237,31852880.03958025,6342.146341463415,2.3390739549580735,9422253.5095686,31852452.68378201,5854.365853658537,9422597.163945133,31853396.866421632,5854.365853658537,9422842.983615872,31853307.39537849,6829.926829268294,9422499.329239339,31852363.212738868,6829.926829268294
9422891.900968768,31853824.22221987,6342.146341463415,2.2784694812757915,9422597.163945133,31853396.866421632,5854.365853658537,9422940.818321666,31854341.04906125,5854.365853658537,9423186.637992404,31854251.578018107,6829.926829268294,9422842.983615872,31853307.39537849,6829.926829268294
9423235.555345302,31854768.40485949,6342.146341463415,2.3968101480158226,9422940.818321666,31854341.04906125,5854.365853658537,9423284.472698199,31855285.23170087,5854.365853658537,9423530.292368935,31855195.760657728,6829.926829268294,9423186.637992404,31854251.578018107,6829.926829268294
9423579.209721833,31855712.587499112,6342.146341463415,2.7188666764378446,9423284.472698199,31855285.23170087,5854.365853658537,9423628.127074732,31856229.414340496,5854.365853658537,9423873.946745468,31856139.943297345,6829.926829268294,9423530.292368935,31855195.760657728,6829.926829268294
9423922.864098368,31856656.77013873,6342.146341463415,2.3358232963900396,9423628.127074732,31856229.414340496,5854.365853658537,9423971.781451264,31857173.596980114,5854.365853658537,9424217.601122001,31857084.125936966,6829.926829268294,9423873.946745468,31856139.943297345,6829.926829268294
9424266.5184749,31857600.95277835,6342.146341463415,2.6116397832967557,9423971.781451264,31857173.596980114,5854.365853658537,9424315.435827797,31858117.779619735,5854.365853658537,9424561.255498534,31858028.308576588,6829.926829268294,9424217.601122001,31857084.125936966,6829.926829268294
9424610.172851432,31858545.135417968,6342.146341463415,2.2772562867279618,9424315.435827797,31858117.779619735,5854.365853658537,9424659.090204328,31859061.962259352,5854.365853658537,9424904.909875067,31858972.491216205,6829.926829268294,9424561.255498534,31858028.308576588,6829.926829268294
9424953.827227965,31859489.31805759,6342.146341463415,1.864538447618466,9424659.090204328,31859061.962259352,5854.365853658537,9425002.744580861,31860006.144898973,5854.365853658537,9425248.5642516,31859916.673855826,6829.926829268294,9424904.909875067,31858972.491216205,6829.926829268294
9425297.481604496,31860433.50069721,6342.146341463415,1.7429782398006255,9425002.744580861,31860006.144898973,5854.365853658537,9425346.398957394,31860950.327538595,5854.365853658537,9425592.218628133,31860860.856495447,6829.926829268294,9425248.5642516,31859916.673855826,6829.926829268294
9425641.13598103,31861377.68333683,6342.146341463415,1.9440821818583984,9425346.398957394,31860950.327538595,5854.365853658537,9425690.053333927,31861894.510178212,5854.365853658537,9425935.873004666,31861805.039135065,6829.926829268294,9425592.218628133,31860860.856495447,6829.926829268294
9425984.790357562,31862321.86597645,6342.146341463415,2.3093163176118083,9425690.053333927,31861894.510178212,5854.365853658537,9426033.70771046,31862838.692817833,5854.365853658537,9426279.527381197,31862749.221774686,6829.926829268294,9425935.873004666,31861805.039135065,6829.926829268294
9426328.444734097,31863266.04861607,6342.146341463415,2.3843274533174497,9426033.70771046,31862838.692817833,5854.365853658537,9426377.362086993,31863782.875457454,5854.365853658537,9426623.18175773,31863693.404414307,6829.926829268294,9426279.527381197,31862749.221774686,6829.926829268294
9426672.099110628,31864210.231255688,6342.146341463415,2.677378487384016,9426377.362086993,31863782.875457454,5854.365853658537,9426721.016463526,31864727.058097072,5854.365853658537,9426966.836134262,31864637.58705393,6829.926829268294,9426623.18175773,31863693.404414307,6829.926829268294
9427015.75348716,31865154.413895305,6342.146341463415,2.883125952376586,9426721.016463526,31864727.058097072,5854.365853658537,9427064.670840057,31865671.240736693,5854.365853658537,9427310.490510795,31865581.769693546,6829.926829268294,9426966.836134262,31864637.58705393,6829.926829268294
9427359.407863693,31866098.596534926,6342.146341463415,2.9375864522509674,9427064.670840057,31865671.240736693,5854.365853658537,9427408.32521659,31866615.42337631,5854.365853658537,9427654.144887328,31866525.952333167,6829.926829268294,9427310.490510795,31865581.769693546,6829.926829268294
9427703.062240224,31867042.77917455,6342.146341463415,2.6650730847774584,9427408.32521659,31866615.42337631,5854.365853658537,9427751.979593122,31867559.60601593,5854.365853658537,9427997.799263861,31867470.13497279,6829.926829268294,9427654.144887328,31866525.952333167,6829.926829268294
9428046.71661676,31867986.961814173,6342.146341463415,2.7023461848799255,9427751.979593122,31867559.60601593,5854.365853658537,9428095.633969655,31868503.78865555,5854.365853658537,9428341.453640392,31868414.317612406,6829.926829268294,9427997.799263861,31867470.13497279,6829.926829268294
9428390.37099329,31868931.14445379,6342.146341463415,2.729455800504736,9428095.633969655,31868503.78865555,5854.365853658537,9428439.288346188,31869447.971295174,5854.365853658537,9428685.108016925,31869358.500252027,6829.926829268294,9428341.453640392,31868414.317612406,6829.926829268294
9428734.025369825,31869875.32709341,6342.146341463415,2.6459898293721418,9428439.288346188,31869447.971295174,5854.365853658537,9428782.942722721,31870392.153934795,5854.365853658537,9429028.762393458,31870302.68289165,6829.926829268294,9428685.108016925,31869358.500252027,6829.926829268294
9429077.679746356,31870819.509733032,6342.146341463415,2.8459852299248087,9428782.942722721,31870392.153934795,5854.365853658537,9429126.597099252,31871336.336574413,5854.365853658537,9429372.41676999,31871246.865531266,6829.926829268294,9429028.762393458,31870302.68289165,6829.926829268294
9429421.334122889,31871763.69237265,6342.146341463415,2.884846741699651,9429126.597099252,31871336.336574413,5854.365853658537,9429470.251475785,31872280.519214034,5854.365853658537,9429716.071146524,31872191.048170887,6829.926829268294,9429372.41676999,31871246.865531266,6829.926829268294
9429764.988499422,31872707.87501227,6342.146341463415,2.479834690043166,9429470.251475785,31872280.519214034,5854.365853658537,9429813.905852318,31873224.701853655,5854.365853658537,9430059.725523056,31873135.230810508,6829.926829268294,9429716.071146524,31872191.048170887,6829.926829268294
9430108.642875953,31873652.05765189,6342.146341463415,2.3202883621317687,9429813.905852318,31873224.701853655,5854.365853658537,9430157.56022885,31874168.884493273,5854.365853658537,9430403.37989959,31874079.413450126,6829.926829268294,9430059.725523056,31873135.230810508,6829.926829268294
9430452.297252487,31874596.24029151,6342.146341463415,2.6942617218635543,9430157.56022885,31874168.884493273,5854.365853658537,9430501.214605384,31875113.067132894,5854.365853658537,9430747.034276122,31875023.596089747,6829.926829268294,9430403.37989959,31874079.413450126,6829.926829268294
9430795.951629018,31875540.42293113,6342.146341463415,2.9094367474152003,9430501.214605384,31875113.067132894,5854.365853658537,9430844.868981916,31876057.249772515,5854.365853658537,9431090.688652653,31875967.778729368,6829.926829268294,9430747.034276122,31875023.596089747,6829.926829268294
9431139.606005551,31876484.60557075,6342.146341463415,2.7137215624185047,9430844.868981916,31876057.249772515,5854.365853658537,9431188.52335845,31877001.432412133,5854.365853658537,9431434.343029186,31876911.961368985,6829.926829268294,9431090.688652653,31875967.778729368,6829.926829268294
9431483.260382082,31877428.78821037,6342.146341463415,2.346865713473135,9431188.52335845,31877001.432412133,5854.365853658537,9431532.177734982,31877945.615051754,5854.365853658537,9431777.997405719,31877856.14400861,6829.926829268294,9431434.343029186,31876911.961368985,6829.926829268294
9431826.914758615,31878372.97084999,6342.146341463415,1.9087089298815643,9431532.177734982,31877945.615051754,5854.365853658537,9431875.832111513,31878889.797691375,5854.365853658537,9432121.651782252,31878800.326648228,6829.926829268294,9431777.997405719,31877856.14400861,6829.926829268294
9432170.569135148,31879317.15348961,6342.146341463415,1.4201442909776103,9431875.832111513,31878889.797691375,5854.365853658537,9432219.486488046,31879833.980330992,5854.365853658537,9432465.306158785,31879744.50928785,6829.926829268294,9432121.651782252,31878800.326648228,6829.926829268294
9432514.223511681,31880261.336129233,6342.146341463415,1.1513338564917626,9432219.486488046,31879833.980330992,5854.365853658537,9432563.140864579,31880778.162970614,5854.365853658537,9432808.960535318,31880688.69192747,6829.926829268294,9432465.306158785,31879744.50928785,6829.926829268294
9432857.877888214,31881205.518768854,6342.146341463415,1.1419415913950914,9432563.140864579,31880778.162970614,5854.365853658537,9432906.795241112,31881722.34561023,5854.365853658537,9433152.61491185,31881632.874567088,6829.926829268294,9432808.960535318,31880688.69192747,6829.926829268294
9433201.532264747,31882149.701408472,6342.146341463415,1.112241749494643,9432906.795241112,31881722.34561023,5854.365853658537,9433250.449617645,31882666.528249856,5854.365853658537,9433496.269288383,31882577.05720671,6829.926829268294,9433152.61491185,31881632.874567088,6829.926829268294
9433545.18664128,31883093.884048093,6342.146341463415,1.0815881787419435,9433250.449617645,31882666.528249856,5854.365853658537,9433594.103994178,31883610.710889477,5854.365853658537,9433839.923664914,31883521.23984633,6829.926829268294,9433496.269288383,31882577.05720671,6829.926829268294
9433888.84101781,31884038.06668771,6342.146341463415,1.0174738558006116,9433594.103994178,31883610.710889477,5854.365853658537,9433937.75837071,31884554.893529095,5854.365853658537,9434183.578041447,31884465.422485948,6829.926829268294,9433839.923664914,31883521.23984633,6829.926829268294
9434232.495394345,31884982.24932733,6342.146341463415,0.7705929945154513,9433937.75837071,31884554.893529095,5854.365853658537,9434281.412747243,31885499.076168716,5854.365853658537,9434527.23241798,31885409.60512557,6829.926829268294,9434183.578041447,31884465.422485948,6829.926829268294
9434576.149770876,31885926.431966953,6342.146341463415,0.39847393912526324,9434281.412747243,31885499.076168716,5854.365853658537,9434625.067123774,31886443.258808337,5854.365853658537,9434870.886794513,31886353.78776519,6829.926829268294,9434527.23241798,31885409.60512557,6829.926829268294
9434919.804147407,31886870.61460657,6342.146341463415,0.42994913878631846,9434625.067123774,31886443.258808337,5854.365853658537,9434968.721500307,31887387.441447955,5854.365853658537,9435214.541171046,31887297.970404807,6829.926829268294,9434870.886794513,31886353.78776519,6829.926829268294
9435263.458523942,31887814.79724619,6342.146341463415,0.5142923021560789,9434968.721500307,31887387.441447955,5854.365853658537,9435312.37587684,31888331.624087576,5854.365853658537,9435558.195547577,31888242.153044425,6829.926829268294,9435214.541171046,31887297.970404807,6829.926829268294
9435607.112900473,31888758.97988581,6342.146341463415,0.41829560894286044,9435312.37587684,31888331.624087576,5854.365853658537,9435656.030253373,31889275.806727193,5854.365853658537,9435901.84992411,31889186.335684046,6829.926829268294,9435558.195547577,31888242.153044425,6829.926829268294
9435950.767277008,31889703.16252543,6342.146341463415,0.6685500996359537,9435656.030253373,31889275.806727193,5854.365853658537,9435999.684629906,31890219.989366814,5854.365853658537,9436245.504300643,31890130.518323667,6829.926829268294,9435901.84992411,31889186.335684046,6829.926829268294
9436294.421653539,31890647.34516505,6342.146341463415,1.0401858504659467,9435999.684629906,31890219.989366814,5854.365853658537,9436343.339006437,31891164.172006432,5854.365853658537,9436589.158677176,31891074.70096329,6829.926829268294,9436245.504300643,31890130.518323667,6829.926829268294
9436638.076030072,31891591.52780467,6342.146341463415,1.2632044502546442,9436343.339006437,31891164.172006432,5854.365853658537,9436686.99338297,31892108.354646053,5854.365853658537,9436932.813053709,31892018.88360291,6829.926829268294,9436589.158677176,31891074.70096329,6829.926829268294
9436981.730406605,31892535.71044429,6342.146341463415,1.2908760801919346,9436686.99338297,31892108.354646053,5854.365853658537,9437030.647759503,31893052.537285674,5854.365853658537,9437276.467430241,31892963.06624253,6829.926829268294,9436932.813053709,31892018.88360291,6829.926829268294
9437325.384783136,31893479.89308391,6342.146341463415,1.3084127188456312,9437030.647759503,31893052.537285674,5854.365853658537,9437374.302136036,31893996.71992529,5854.365853658537,9437620.121806774,31893907.24888215,6829.926829268294,9437276.467430241,31892963.06624253,6829.926829268294
9437669.03915967,31894424.075723533,6342.146341463415,1.6215168349480122,9437374.302136036,31893996.71992529,5854.365853658537,9437717.956512569,31894940.902564913,5854.365853658537,9437963.776183307,31894851.43152177,6829.926829268294,9437620.121806774,31893907.24888215,6829.926829268294
9438012.693536201,31895368.258363154,6342.146341463415,1.6243155905697793,9437717.956512569,31894940.902564913,5854.365853658537,9438061.610889101,31895885.085204538,5854.365853658537,9438307.430559838,31895795.61416139,6829.926829268294,9437963.776183307,31894851.43152177,6829.926829268294
9438356.347912736,31896312.44100277,6342.146341463415,1.7282785943943242,9438061.610889101,31895885.085204538,5854.365853658537,9438405.265265634,31896829.267844155,5854.365853658537,9438651.084936371,31896739.79680101,6829.926829268294,9438307.430559838,31895795.61416139,6829.926829268294
9438700.002289267,31897256.623642392,6342.146341463415,1.6054236686959187,9438405.265265634,31896829.267844155,5854.365853658537,9438748.919642167,31897773.450483777,5854.365853658537,9438994.739312904,31897683.97944063,6829.926829268294,9438651.084936371,31896739.79680101,6829.926829268294
9439043.6566658,31898200.806282014,6342.146341463415,1.4893595847782806,9438748.919642167,31897773.450483777,5854.365853658537,9439092.574018698,31898717.633123398,5854.365853658537,9439338.393689437,31898628.16208025,6829.926829268294,9438994.739312904,31897683.97944063,6829.926829268294
9439387.311042333,31899144.98892163,6342.146341463415,1.4238837403824196,9439092.574018698,31898717.633123398,5854.365853658537,9439436.228395231,31899661.815763015,5854.365853658537,9439682.04806597,31899572.34471987,6829.926829268294,9439338.393689437,31898628.16208025,6829.926829268294
9439730.965418864,31900089.171561252,6342.146341463415,1.2378518868306745,9439436.228395231,31899661.815763015,5854.365853658537,9439779.882771764,31900605.998402636,5854.365853658537,9440025.702442503,31900516.52735949,6829.926829268294,9439682.04806597,31899572.34471987,6829.926829268294
9440074.619795399,31901033.354200874,6342.146341463415,1.3762354403672106,9439779.882771764,31900605.998402636,5854.365853658537,9440123.537148297,31901550.181042258,5854.365853658537,9440369.356819035,31901460.70999911,6829.926829268294,9440025.702442503,31900516.52735949,6829.926829268294
9440418.274171932,31901977.536840495,6342.146341463415,1.723484860964347,9440123.537148297,31901550.181042258,5854.365853658537,9440467.19152483,31902494.363681875,5854.365853658537,9440713.011195568,31902404.892638728,6829.926829268294,9440369.356819035,31901460.70999911,6829.926829268294
9440761.928548465,31902921.719480112,6342.146341463415,1.989290870676169,9440467.19152483,31902494.363681875,5854.365853658537,9440810.845901363,31903438.546321496,5854.365853658537,9441056.6655721,31903349.07527835,6829.926829268294,9440713.011195568,31902404.892638728,6829.926829268294
9415233.669979258,31832018.55046546,7317.707317073172,0.9757805077966663,9414938.93295562,31831591.194667224,6829.926829268294,9415282.587332154,31832535.377306845,6829.926829268294,9415528.407002892,31832445.906263698,7805.48780487805,9415184.752626361,31831501.723624077,7805.48780487805
9415577.324355789,31832962.73310508,7317.707317073172,1.1012348605610498,9415282.587332154,31832535.377306845,6829.926829268294,9415626.241708687,31833479.559946463,6829.926829268294,9415872.061379425,31833390.08890332,7805.48780487805,9415528.407002892,31832445.906263698,7805.48780487805
9415920.978732323,31833906.9157447,7317.707317073172,1.1674637631599731,9415626.241708687,31833479.559946463,6829.926829268294,9415969.89608522,31834423.742586084,6829.926829268294,9416215.715755958,31834334.27154294,7805.48780487805,9415872.061379425,31833390.08890332,7805.48780487805
9416264.633108854,31834851.09838432,7317.707317073172,1.4604521181328587,9415969.89608522,31834423.742586084,6829.926829268294,9416313.55046175,31835367.925225705,6829.926829268294,9416559.370132491,31835278.45418256,7805.48780487805,9416215.715755958,31834334.27154294,7805.48780487805
9416608.287485387,31835795.281023942,7317.707317073172,1.5533871739267382,9416313.55046175,31835367.925225705,6829.926829268294,9416657.204838283,31836312.107865322,6829.926829268294,9416903.024509024,31836222.63682218,7805.48780487805,9416559.370132491,31835278.45418256,7805.48780487805
9416951.94186192,31836739.463663563,7317.707317073172,1.7813790951408643,9416657.204838283,31836312.107865322,6829.926829268294,9417000.859214816,31837256.290504944,6829.926829268294,9417246.678885557,31837166.8194618,7805.48780487805,9416903.024509024,31836222.63682218,7805.48780487805
9417295.596238451,31837683.646303184,7317.707317073172,1.6626553992511073,9417000.859214816,31837256.290504944,6829.926829268294,9417344.51359135,31838200.47314457,6829.926829268294,9417590.33326209,31838111.00210142,7805.48780487805,9417246.678885557,31837166.8194618,7805.48780487805
9417639.250614986,31838627.8289428,7317.707317073172,1.5776006557140854,9417344.51359135,31838200.47314457,6829.926829268294,9417688.167967882,31839144.655784186,6829.926829268294,9417933.987638623,31839055.18474104,7805.48780487805,9417590.33326209,31838111.00210142,7805.48780487805
9417982.904991517,31839572.011582423,7317.707317073172,1.2450637822231205,9417688.167967882,31839144.655784186,6829.926829268294,9418031.822344415,31840088.838423807,6829.926829268294,9418277.642015154,31839999.36738066,7805.48780487805,9417933.987638623,31839055.18474104,7805.48780487805
9418326.559368052,31840516.194222044,7317.707317073172,1.2450581833961711,9418031.822344415,31840088.838423807,6829.926829268294,9418375.476720948,31841033.02106343,6829.926829268294,9418621.296391686,31840943.55002028,7805.48780487805,9418277.642015154,31839999.36738066,7805.48780487805
9418670.213744583,31841460.376861665,7317.707317073172,1.2972132135914507,9418375.476720948,31841033.02106343,6829.926829268294,9418719.13109748,31841977.203703046,6829.926829268294,9418964.95076822,31841887.7326599,7805.48780487805,9418621.296391686,31840943.55002028,7805.48780487805
9419013.868121115,31842404.55950128,7317.707317073172,1.4930428745189044,9418719.13109748,31841977.203703046,6829.926829268294,9419062.785474012,31842921.386342663,6829.926829268294,9419308.605144752,31842831.915299516,7805.48780487805,9418964.95076822,31841887.7326599,7805.48780487805
9419357.522497648,31843348.7421409,7317.707317073172,1.436994718427609,9419062.785474012,31842921.386342663,6829.926829268294,9419406.439850545,31843865.568982285,6829.926829268294,9419652.259521285,31843776.097939137,7805.48780487805,9419308.605144752,31842831.915299516,7805.48780487805
9419701.17687418,31844292.92478052,7317.707317073172,1.2359038199265442,9419406.439850545,31843865.568982285,6829.926829268294,9419750.094227077,31844809.751621906,6829.926829268294,9419995.913897816,31844720.28057876,7805.48780487805,9419652.259521285,31843776.097939137,7805.48780487805
9420044.831250714,31845237.10742014,7317.707317073172,1.1978247707485494,9419750.094227077,31844809.751621906,6829.926829268294,9420093.74860361,31845753.934261523,6829.926829268294,9420339.568274349,31845664.46321838,7805.48780487805,9419995.913897816,31844720.28057876,7805.48780487805
9420388.485627245,31846181.29005976,7317.707317073172,1.1725611884590599,9420093.74860361,31845753.934261523,6829.926829268294,9420437.402980143,31846698.116901144,6829.926829268294,9420683.222650882,31846608.645858,7805.48780487805,9420339.568274349,31845664.46321838,7805.48780487805
9420732.14000378,31847125.47269938,7317.707317073172,1.3353267290222561,9420437.402980143,31846698.116901144,6829.926829268294,9420781.057356674,31847642.299540766,6829.926829268294,9421026.877027415,31847552.828497622,7805.48780487805,9420683.222650882,31846608.645858,7805.48780487805
9421075.79438031,31848069.655339003,7317.707317073172,1.5607071736009992,9420781.057356674,31847642.299540766,6829.926829268294,9421124.711733207,31848586.482180383,6829.926829268294,9421370.531403948,31848497.01113724,7805.48780487805,9421026.877027415,31847552.828497622,7805.48780487805
9421419.448756844,31849013.837978624,7317.707317073172,1.4604464301188305,9421124.711733207,31848586.482180383,6829.926829268294,9421468.36610974,31849530.664820004,6829.926829268294,9421714.18578048,31849441.19377686,7805.48780487805,9421370.531403948,31848497.01113724,7805.48780487805
9421763.103133377,31849958.020618245,7317.707317073172,1.6124826742445677,9421468.36610974,31849530.664820004,6829.926829268294,9421812.020486273,31850474.847459625,6829.926829268294,9422057.840157013,31850385.376416482,7805.48780487805,9421714.18578048,31849441.19377686,7805.48780487805
9422106.757509908,31850902.203257866,7317.707317073172,1.6066976425702069,9421812.020486273,31850474.847459625,6829.926829268294,9422155.674862806,31851419.030099247,6829.926829268294,9422401.494533546,31851329.5590561,7805.48780487805,9422057.840157013,31850385.376416482,7805.48780487805
9422450.411886442,31851846.385897484,7317.707317073172,2.0705639790886443,9422155.674862806,31851419.030099247,6829.926829268294,9422499.329239339,31852363.212738868,6829.926829268294,9422745.148910077,31852273.74169572,7805.48780487805,9422401.494533546,31851329.5590561,7805.48780487805
9422794.066262973,31852790.5685371,7317.707317073172,2.830326822384715,9422499.329239339,31852363.212738868,6829.926829268294,9422842.983615872,31853307.39537849,6829.926829268294,9423088.80328661,31853217.92433534,7805.48780487805,9422745.148910077,31852273.74169572,7805.48780487805
9423137.720639508,31853734.751176722,7317.707317073172,2.9578212571173856,9422842.983615872,31853307.39537849,6829.926829268294,9423186.637992404,31854251.578018107,6829.926829268294,9423432.457663143,31854162.10697496,7805.48780487805,9423088.80328661,31853217.92433534,7805.48780487805
9423481.37501604,31854678.933816344,7317.707317073172,3.4434556320522747,9423186.637992404,31854251.578018107,6829.926829268294,9423530.292368935,31855195.760657728,6829.926829268294,9423776.112039676,31855106.28961458,7805.48780487805,9423432.457663143,31854162.10697496,7805.48780487805
9423825.029392572,31855623.11645596,7317.707317073172,3.819969867738538,9423530.292368935,31855195.760657728,6829.926829268294,9423873.946745468,31856139.943297345,6829.926829268294,9424119.766416209,31856050.472254198,7805.48780487805,9423776.112039676,31855106.28961458,7805.48780487805
9424168.683769105,31856567.299095582,7317.707317073172,3.233463103113462,9423873.946745468,31856139.943297345,6829.926829268294,9424217.601122001,31857084.125936966,6829.926829268294,9424463.420792742,31856994.65489382,7805.48780487805,9424119.766416209,31856050.472254198,7805.48780487805
9424512.338145636,31857511.481735203,7317.707317073172,2.894186999558677,9424217.601122001,31857084.125936966,6829.926829268294,9424561.255498534,31858028.308576588,6829.926829268294,9424807.075169275,31857938.83753344,7805.48780487805,9424463.420792742,31856994.65489382,7805.48780487805
9424855.99252217,31858455.66437482,7317.707317073172,3.055953067255545,9424561.255498534,31858028.308576588,6829.926829268294,9424904.909875067,31858972.491216205,6829.926829268294,9425150.729545807,31858883.020173058,7805.48780487805,9424807.075169275,31857938.83753344,7805.48780487805
9425199.646898702,31859399.847014442,7317.707317073172,3.003845436936469,9424904.909875067,31858972.491216205,6829.926829268294,9425248.5642516,31859916.673855826,6829.926829268294,9425494.383922338,31859827.202812683,7805.48780487805,9425150.729545807,31858883.020173058,7805.48780487805
9425543.301275237,31860344.029654063,7317.707317073172,2.9322236320317923,9425248.5642516,31859916.673855826,6829.926829268294,9425592.218628133,31860860.856495447,6829.926829268294,9425838.038298871,31860771.385452304,7805.48780487805,9425494.383922338,31859827.202812683,7805.48780487805
9425886.955651768,31861288.212293684,7317.707317073172,2.8340046241062997,9425592.218628133,31860860.856495447,6829.926829268294,9425935.873004666,31861805.039135065,6829.926829268294,9426181.692675404,31861715.56809192,7805.48780487805,9425838.038298871,31860771.385452304,7805.48780487805
9426230.6100283,31862232.394933306,7317.707317073172,2.3216286908004693,9425935.873004666,31861805.039135065,6829.926829268294,9426279.527381197,31862749.221774686,6829.926829268294,9426525.347051937,31862659.750731543,7805.48780487805,9426181.692675404,31861715.56809192,7805.48780487805
9426574.264404833,31863176.577572927,7317.707317073172,2.937536348347012,9426279.527381197,31862749.221774686,6829.926829268294,9426623.18175773,31863693.404414307,6829.926829268294,9426869.00142847,31863603.933371164,7805.48780487805,9426525.347051937,31862659.750731543,7805.48780487805
9426917.918781364,31864120.760212544,7317.707317073172,2.776948282373009,9426623.18175773,31863693.404414307,6829.926829268294,9426966.836134262,31864637.58705393,6829.926829268294,9427212.655805003,31864548.11601078,7805.48780487805,9426869.00142847,31863603.933371164,7805.48780487805
9427261.5731579,31865064.94285216,7317.707317073172,2.6344825725751093,9426966.836134262,31864637.58705393,6829.926829268294,9427310.490510795,31865581.769693546,6829.926829268294,9427556.310181534,31865492.2986504,7805.48780487805,9427212.655805003,31864548.11601078,7805.48780487805
9427605.22753443,31866009.125491783,7317.707317073172,2.502484421144909,9427310.490510795,31865581.769693546,6829.926829268294,9427654.144887328,31866525.952333167,6829.926829268294,9427899.964558067,31866436.48129002,7805.48780487805,9427556.310181534,31865492.2986504,7805.48780487805
9427948.881910965,31866953.308131404,7317.707317073172,2.3235208105803298,9427654.144887328,31866525.952333167,6829.926829268294,9427997.799263861,31867470.13497279,6829.926829268294,9428243.6189346,31867380.66392964,7805.48780487805,9427899.964558067,31866436.48129002,7805.48780487805
9428292.536287496,31867897.490771025,7317.707317073172,2.0801084688536973,9427997.799263861,31867470.13497279,6829.926829268294,9428341.453640392,31868414.317612406,6829.926829268294,9428587.273311133,31868324.84656926,7805.48780487805,9428243.6189346,31867380.66392964,7805.48780487805
9428636.190664029,31868841.673410643,7317.707317073172,1.9619469827744116,9428341.453640392,31868414.317612406,6829.926829268294,9428685.108016925,31869358.500252027,6829.926829268294,9428930.927687665,31869269.02920888,7805.48780487805,9428587.273311133,31868324.84656926,7805.48780487805
9428979.845040562,31869785.856050264,7317.707317073172,2.2334432863058464,9428685.108016925,31869358.500252027,6829.926829268294,9429028.762393458,31870302.68289165,6829.926829268294,9429274.582064198,31870213.2118485,7805.48780487805,9428930.927687665,31869269.02920888,7805.48780487805
9429323.499417093,31870730.038689885,7317.707317073172,2.7454468888532055,9429028.762393458,31870302.68289165,6829.926829268294,9429372.41676999,31871246.865531266,6829.926829268294,9429618.236440731,31871157.39448812,7805.48780487805,9429274.582064198,31870213.2118485,7805.48780487805
9429667.153793627,31871674.221329503,7317.707317073172,3.280739049131962,9429372.41676999,31871246.865531266,6829.926829268294,9429716.071146524,31872191.048170887,6829.926829268294,9429961.890817262,31872101.57712774,7805.48780487805,9429618.236440731,31871157.39448812,7805.48780487805
9430010.808170158,31872618.403969124,7317.707317073172,3.1398149523604117,9429716.071146524,31872191.048170887,6829.926829268294,9430059.725523056,31873135.230810508,6829.926829268294,9430305.545193795,31873045.759767365,7805.48780487805,9429961.890817262,31872101.57712774,7805.48780487805
9430354.462546693,31873562.58660874,7317.707317073172,3.0376013929568204,9430059.725523056,31873135.230810508,6829.926829268294,9430403.37989959,31874079.413450126,6829.926829268294,9430649.199570328,31873989.942406982,7805.48780487805,9430305.545193795,31873045.759767365,7805.48780487805
9430698.116923224,31874506.769248363,7317.707317073172,3.350403395416987,9430403.37989959,31874079.413450126,6829.926829268294,9430747.034276122,31875023.596089747,6829.926829268294,9430992.85394686,31874934.125046603,7805.48780487805,9430649.199570328,31873989.942406982,7805.48780487805
9431041.771299757,31875450.951887988,7317.707317073172,3.1237372500834977,9430747.034276122,31875023.596089747,6829.926829268294,9431090.688652653,31875967.778729368,6829.926829268294,9431336.508323394,31875878.30768622,7805.48780487805,9430992.85394686,31874934.125046603,7805.48780487805
9431385.42567629,31876395.134527605,7317.707317073172,2.6282483413186535,9431090.688652653,31875967.778729368,6829.926829268294,9431434.343029186,31876911.961368985,6829.926829268294,9431680.162699927,31876822.490325842,7805.48780487805,9431336.508323394,31875878.30768622,7805.48780487805
9431729.080052821,31877339.317167226,7317.707317073172,2.5971194056057474,9431434.343029186,31876911.961368985,6829.926829268294,9431777.997405719,31877856.14400861,6829.926829268294,9432023.81707646,31877766.672965463,7805.48780487805,9431680.162699927,31876822.490325842,7805.48780487805
9432072.734429356,31878283.499806844,7317.707317073172,2.524994820178401,9431777.997405719,31877856.14400861,6829.926829268294,9432121.651782252,31878800.326648228,6829.926829268294,9432367.471452992,31878710.85560508,7805.48780487805,9432023.81707646,31877766.672965463,7805.48780487805
9432416.388805887,31879227.682446465,7317.707317073172,2.0053011239386103,9432121.651782252,31878800.326648228,6829.926829268294,9432465.306158785,31879744.50928785,6829.926829268294,9432711.125829523,31879655.038244702,7805.48780487805,9432367.471452992,31878710.85560508,7805.48780487805
9432760.043182421,31880171.865086086,7317.707317073172,1.8058887594463642,9432465.306158785,31879744.50928785,6829.926829268294,9432808.960535318,31880688.69192747,6829.926829268294,9433054.780206056,31880599.220884323,7805.48780487805,9432711.125829523,31879655.038244702,7805.48780487805
9433103.697558952,31881116.047725707,7317.707317073172,1.8870352239412838,9432808.960535318,31880688.69192747,6829.926829268294,9433152.61491185,31881632.874567088,6829.926829268294,9433398.43458259,31881543.40352394,7805.48780487805,9433054.780206056,31880599.220884323,7805.48780487805
9433447.351935487,31882060.230365325,7317.707317073172,1.7306441820686314,9433152.61491185,31881632.874567088,6829.926829268294,9433496.269288383,31882577.05720671,6829.926829268294,9433742.088959122,31882487.58616356,7805.48780487805,9433398.43458259,31881543.40352394,7805.48780487805
9433791.006312018,31883004.413004946,7317.707317073172,1.6106800611790428,9433496.269288383,31882577.05720671,6829.926829268294,9433839.923664914,31883521.23984633,6829.926829268294,9434085.743335655,31883431.768803183,7805.48780487805,9433742.088959122,31882487.58616356,7805.48780487805
9434134.66068855,31883948.595644563,7317.707317073172,1.2343904776458925,9433839.923664914,31883521.23984633,6829.926829268294,9434183.578041447,31884465.422485948,6829.926829268294,9434429.397712188,31884375.9514428,7805.48780487805,9434085.743335655,31883431.768803183,7805.48780487805
9434478.315065084,31884892.778284185,7317.707317073172,1.0214440208185436,9434183.578041447,31884465.422485948,6829.926829268294,9434527.23241798,31885409.60512557,6829.926829268294,9434773.05208872,31885320.13408242,7805.48780487805,9434429.397712188,31884375.9514428,7805.48780487805
9434821.969441617,31885836.960923806,7317.707317073172,0.8105930488042128,9434527.23241798,31885409.60512557,6829.926829268294,9434870.886794513,31886353.78776519,6829.926829268294,9435116.706465254,31886264.316722047,7805.48780487805,9434773.05208872,31885320.13408242,7805.48780487805
9435165.62381815,31886781.143563423,7317.707317073172,1.0013153830363917,9434870.886794513,31886353.78776519,6829.926829268294,9435214.541171046,31887297.970404807,6829.926829268294,9435460.360841785,31887208.499361664,7805.48780487805,9435116.706465254,31886264.316722047,7805.48780487805
9435509.27819468,31887725.326203045,7317.707317073172,0.9183586490358027,9435214.541171046,31887297.970404807,6829.926829268294,9435558.195547577,31888242.153044425,6829.926829268294,9435804.015218318,31888152.68200128,7805.48780487805,9435460.360841785,31887208.499361664,7805.48780487805
9435852.932571214,31888669.508842666,7317.707317073172,0.8374520843639783,9435558.195547577,31888242.153044425,6829.926829268294,9435901.84992411,31889186.335684046,6829.926829268294,9436147.66959485,31889096.864640903,7805.48780487805,9435804.015218318,31888152.68200128,7805.48780487805
9436196.586947747,31889613.691482287,7317.707317073172,1.008243679840666,9435901.84992411,31889186.335684046,6829.926829268294,9436245.504300643,31890130.518323667,6829.926829268294,9436491.323971383,31890041.047280524,7805.48780487805,9436147.66959485,31889096.864640903,7805.48780487805
9436540.241324278,31890557.874121908,7317.707317073172,1.1573742776156875,9436245.504300643,31890130.518323667,6829.926829268294,9436589.158677176,31891074.70096329,6829.926829268294,9436834.978347916,31890985.22992014,7805.48780487805,9436491.323971383,31890041.047280524,7805.48780487805
9436883.895700812,31891502.056761526,7317.707317073172,1.5044203477604479,9436589.158677176,31891074.70096329,6829.926829268294,9436932.813053709,31892018.88360291,6829.926829268294,9437178.632724449,31891929.412559763,7805.48780487805,9436834.978347916,31890985.22992014,7805.48780487805
9437227.550077343,31892446.239401147,7317.707317073172,1.5745469738311382,9436932.813053709,31892018.88360291,6829.926829268294,9437276.467430241,31892963.06624253,6829.926829268294,9437522.28710098,31892873.595199384,7805.48780487805,9437178.632724449,31891929.412559763,7805.48780487805
9437571.204453878,31893390.422040764,7317.707317073172,1.528099275778169,9437276.467430241,31892963.06624253,6829.926829268294,9437620.121806774,31893907.24888215,6829.926829268294,9437865.941477513,31893817.777839,7805.48780487805,9437522.28710098,31892873.595199384,7805.48780487805
9437914.85883041,31894334.604680385,7317.707317073172,1.3796920525866543,9437620.121806774,31893907.24888215,6829.926829268294,9437963.776183307,31894851.43152177,6829.926829268294,9438209.595854044,31894761.960478622,7805.48780487805,9437865.941477513,31893817.777839,7805.48780487805
9438258.513206942,31895278.787320007,7317.707317073172,1.4151429071594348,9437963.776183307,31894851.43152177,6829.926829268294,9438307.430559838,31895795.61416139,6829.926829268294,9438553.250230577,31895706.143118244,7805.48780487805,9438209.595854044,31894761.960478622,7805.48780487805
9438602.167583475,31896222.969959624,7317.707317073172,1.4708487519102584,9438307.430559838,31895795.61416139,6829.926829268294,9438651.084936371,31896739.79680101,6829.926829268294,9438896.90460711,31896650.32575786,7805.48780487805,9438553.250230577,31895706.143118244,7805.48780487805
9438945.821960006,31897167.152599245,7317.707317073172,1.5844868401283567,9438651.084936371,31896739.79680101,6829.926829268294,9438994.739312904,31897683.97944063,6829.926829268294,9439240.558983643,31897594.508397482,7805.48780487805,9438896.90460711,31896650.32575786,7805.48780487805
9439289.47633654,31898111.335238867,7317.707317073172,1.3244261076111563,9438994.739312904,31897683.97944063,6829.926829268294,9439338.393689437,31898628.16208025,6829.926829268294,9439584.213360175,31898538.691037104,7805.48780487805,9439240.558983643,31897594.508397482,7805.48780487805
9439633.130713074,31899055.517878484,7317.707317073172,1.2881347790481894,9439338.393689437,31898628.16208025,6829.926829268294,9439682.04806597,31899572.34471987,6829.926829268294,9439927.867736708,31899482.873676725,7805.48780487805,9439584.213360175,31898538.691037104,7805.48780487805
9439976.785089606,31899999.700518105,7317.707317073172,1.5315298994311888,9439682.04806597,31899572.34471987,6829.926829268294,9440025.702442503,31900516.52735949,6829.926829268294,9440271.52211324,31900427.056316346,7805.48780487805,9439927.867736708,31899482.873676725,7805.48780487805
9440320.439466137,31900943.883157726,7317.707317073172,1.463625161112469,9440025.702442503,31900516.52735949,6829.926829268294,9440369.356819035,31901460.70999911,6829.926829268294,9440615.176489772,31901371.238955963,7805.48780487805,9440271.52211324,31900427.056316346,7805.48780487805
9440664.093842672,31901888.06579735,7317.707317073172,1.6112201022462405,9440369.356819035,31901460.70999911,6829.926829268294,9440713.011195568,31902404.892638728,6829.926829268294,9440958.830866305,31902315.421595585,7805.48780487805,9440615.176489772,31901371.238955963,7805.48780487805
9441007.748219203,31902832.24843697,7317.707317073172,1.7644036210651841,9440713.011195568,31902404.892638728,6829.926829268294,9441056.6655721,31903349.07527835,6829.926829268294,9441302.485242838,31903259.604235206,7805.48780487805,9440958.830866305,31902315.421595585,7805.48780487805
9415479.489649996,31831929.079422314,8293.268292682927,1.3122657716967725,9415184.752626361,31831501.723624077,7805.48780487805,9415528.407002892,31832445.906263698,7805.48780487805,9415774.226673635,31832356.43522055,8781.048780487805,9415430.572297102,31831412.252580933,8781.048780487805
9415823.144026529,31832873.262061935,8293.268292682927,1.6173108409174455,9415528.407002892,31832445.906263698,7805.48780487805,9415872.061379425,31833390.08890332,7805.48780487805,9416117.881050168,31833300.617860172,8781.048780487805,9415774.226673635,31832356.43522055,8781.048780487805
9416166.798403062,31833817.444701556,8293.268292682927,1.319265097663017,9415872.061379425,31833390.08890332,7805.48780487805,9416215.715755958,31834334.27154294,7805.48780487805,9416461.5354267,31834244.800499793,8781.048780487805,9416117.881050168,31833300.617860172,8781.048780487805
9416510.452779595,31834761.627341177,8293.268292682927,1.3405367907042869,9416215.715755958,31834334.27154294,7805.48780487805,9416559.370132491,31835278.45418256,7805.48780487805,9416805.189803232,31835188.98313941,8781.048780487805,9416461.5354267,31834244.800499793,8781.048780487805
9416854.107156126,31835705.809980795,8293.268292682927,1.6209506280197634,9416559.370132491,31835278.45418256,7805.48780487805,9416903.024509024,31836222.63682218,7805.48780487805,9417148.844179764,31836133.16577903,8781.048780487805,9416805.189803232,31835188.98313941,8781.048780487805
9417197.761532659,31836649.992620416,8293.268292682927,1.6701999341511191,9416903.024509024,31836222.63682218,7805.48780487805,9417246.678885557,31837166.8194618,7805.48780487805,9417492.498556297,31837077.348418653,8781.048780487805,9417148.844179764,31836133.16577903,8781.048780487805
9417541.415909193,31837594.175260037,8293.268292682927,1.7682028462962904,9417246.678885557,31837166.8194618,7805.48780487805,9417590.33326209,31838111.00210142,7805.48780487805,9417836.15293283,31838021.53105827,8781.048780487805,9417492.498556297,31837077.348418653,8781.048780487805
9417885.070285724,31838538.357899655,8293.268292682927,1.5932067439924358,9417590.33326209,31838111.00210142,7805.48780487805,9417933.987638623,31839055.18474104,7805.48780487805,9418179.807309363,31838965.71369789,8781.048780487805,9417836.15293283,31838021.53105827,8781.048780487805
9418228.724662257,31839482.540539276,8293.268292682927,1.5976409835983716,9417933.987638623,31839055.18474104,7805.48780487805,9418277.642015154,31839999.36738066,7805.48780487805,9418523.461685896,31839909.896337513,8781.048780487805,9418179.807309363,31838965.71369789,8781.048780487805
9418572.37903879,31840426.723178897,8293.268292682927,1.5665902700142131,9418277.642015154,31839999.36738066,7805.48780487805,9418621.296391686,31840943.55002028,7805.48780487805,9418867.116062429,31840854.078977134,8781.048780487805,9418523.461685896,31839909.896337513,8781.048780487805
9418916.033415323,31841370.90581852,8293.268292682927,1.593840761294599,9418621.296391686,31840943.55002028,7805.48780487805,9418964.95076822,31841887.7326599,7805.48780487805,9419210.770438962,31841798.261616755,8781.048780487805,9418867.116062429,31840854.078977134,8781.048780487805
9419259.687791856,31842315.088458132,8293.268292682927,1.8146143620038235,9418964.95076822,31841887.7326599,7805.48780487805,9419308.605144752,31842831.915299516,7805.48780487805,9419554.424815493,31842742.444256373,8781.048780487805,9419210.770438962,31841798.261616755,8781.048780487805
9419603.342168387,31843259.271097757,8293.268292682927,1.66375016313851,9419308.605144752,31842831.915299516,7805.48780487805,9419652.259521285,31843776.097939137,7805.48780487805,9419898.079192026,31843686.626895994,8781.048780487805,9419554.424815493,31842742.444256373,8781.048780487805
9419946.99654492,31844203.453737374,8293.268292682927,1.5499771740631128,9419652.259521285,31843776.097939137,7805.48780487805,9419995.913897816,31844720.28057876,7805.48780487805,9420241.733568558,31844630.80953561,8781.048780487805,9419898.079192026,31843686.626895994,8781.048780487805
9420290.650921453,31845147.636376996,8293.268292682927,1.5405759811407531,9419995.913897816,31844720.28057876,7805.48780487805,9420339.568274349,31845664.46321838,7805.48780487805,9420585.387945091,31845574.992175233,8781.048780487805,9420241.733568558,31844630.80953561,8781.048780487805
9420634.305297986,31846091.819016617,8293.268292682927,1.4518731426295706,9420339.568274349,31845664.46321838,7805.48780487805,9420683.222650882,31846608.645858,7805.48780487805,9420929.042321624,31846519.174814854,8781.048780487805,9420585.387945091,31845574.992175233,8781.048780487805
9420977.959674519,31847036.001656238,8293.268292682927,1.3744878040365578,9420683.222650882,31846608.645858,7805.48780487805,9421026.877027415,31847552.828497622,7805.48780487805,9421272.696698157,31847463.35745447,8781.048780487805,9420929.042321624,31846519.174814854,8781.048780487805
9421321.614051051,31847980.184295855,8293.268292682927,1.6661125096171605,9421026.877027415,31847552.828497622,7805.48780487805,9421370.531403948,31848497.01113724,7805.48780487805,9421616.351074688,31848407.540094092,8781.048780487805,9421272.696698157,31847463.35745447,8781.048780487805
9421665.268427582,31848924.366935477,8293.268292682927,2.1096337189641496,9421370.531403948,31848497.01113724,7805.48780487805,9421714.18578048,31849441.19377686,7805.48780487805,9421960.005451221,31849351.72273371,8781.048780487805,9421616.351074688,31848407.540094092,8781.048780487805
9422008.922804115,31849868.549575098,8293.268292682927,2.0019516475907624,9421714.18578048,31849441.19377686,7805.48780487805,9422057.840157013,31850385.376416482,7805.48780487805,9422303.659827754,31850295.90537333,8781.048780487805,9421960.005451221,31849351.72273371,8781.048780487805
9422352.57718065,31850812.73221472,8293.268292682927,1.9590115886818529,9422057.840157013,31850385.376416482,7805.48780487805,9422401.494533546,31851329.5590561,7805.48780487805,9422647.314204287,31851240.088012952,8781.048780487805,9422303.659827754,31850295.90537333,8781.048780487805
9422696.231557181,31851756.914854333,8293.268292682927,2.023389895025628,9422401.494533546,31851329.5590561,7805.48780487805,9422745.148910077,31852273.74169572,7805.48780487805,9422990.96858082,31852184.27065257,8781.048780487805,9422647.314204287,31851240.088012952,8781.048780487805
9423039.885933714,31852701.097493954,8293.268292682927,2.640520088058113,9422745.148910077,31852273.74169572,7805.48780487805,9423088.80328661,31853217.92433534,7805.48780487805,9423334.622957353,31853128.45329219,8781.048780487805,9422990.96858082,31852184.27065257,8781.048780487805
9423383.540310247,31853645.280133575,8293.268292682927,3.1265600625255834,9423088.80328661,31853217.92433534,7805.48780487805,9423432.457663143,31854162.10697496,7805.48780487805,9423678.277333885,31854072.635931816,8781.048780487805,9423334.622957353,31853128.45329219,8781.048780487805
9423727.19468678,31854589.462773196,8293.268292682927,3.2905191148146273,9423432.457663143,31854162.10697496,7805.48780487805,9423776.112039676,31855106.28961458,7805.48780487805,9424021.931710418,31855016.818571433,8781.048780487805,9423678.277333885,31854072.635931816,8781.048780487805
9424070.849063313,31855533.645412814,8293.268292682927,3.187885752833041,9423776.112039676,31855106.28961458,7805.48780487805,9424119.766416209,31856050.472254198,7805.48780487805,9424365.58608695,31855961.001211055,8781.048780487805,9424021.931710418,31855016.818571433,8781.048780487805
9424414.503439844,31856477.82805244,8293.268292682927,3.1553387375213706,9424119.766416209,31856050.472254198,7805.48780487805,9424463.420792742,31856994.65489382,7805.48780487805,9424709.240463482,31856905.183850676,8781.048780487805,9424365.58608695,31855961.001211055,8781.048780487805
9424758.157816378,31857422.01069206,8293.268292682927,2.631953310435464,9424463.420792742,31856994.65489382,7805.48780487805,9424807.075169275,31857938.83753344,7805.48780487805,9425052.894840015,31857849.366490293,8781.048780487805,9424709.240463482,31856905.183850676,8781.048780487805
9425101.81219291,31858366.193331677,8293.268292682927,3.0141369927431065,9424807.075169275,31857938.83753344,7805.48780487805,9425150.729545807,31858883.020173058,7805.48780487805,9425396.549216548,31858793.549129914,8781.048780487805,9425052.894840015,31857849.366490293,8781.048780487805
9425445.466569442,31859310.3759713,8293.268292682927,3.3153363474764634,9425150.729545807,31858883.020173058,7805.48780487805,9425494.383922338,31859827.202812683,7805.48780487805,9425740.20359308,31859737.731769536,8781.048780487805,9425396.549216548,31858793.549129914,8781.048780487805
9425789.120945975,31860254.55861092,8293.268292682927,3.5575973349944827,9425494.383922338,31859827.202812683,7805.48780487805,9425838.038298871,31860771.385452304,7805.48780487805,9426083.857969614,31860681.914409153,8781.048780487805,9425740.20359308,31859737.731769536,8781.048780487805
9426132.775322508,31861198.74125054,8293.268292682927,3.399663137660863,9425838.038298871,31860771.385452304,7805.48780487805,9426181.692675404,31861715.56809192,7805.48780487805,9426427.512346147,31861626.097048774,8781.048780487805,9426083.857969614,31860681.914409153,8781.048780487805
9426476.429699041,31862142.92389016,8293.268292682927,2.4809195139778732,9426181.692675404,31861715.56809192,7805.48780487805,9426525.347051937,31862659.750731543,7805.48780487805,9426771.16672268,31862570.279688396,8781.048780487805,9426427.512346147,31861626.097048774,8781.048780487805
9426820.084075574,31863087.106529776,8293.268292682927,2.476096778905577,9426525.347051937,31862659.750731543,7805.48780487805,9426869.00142847,31863603.933371164,7805.48780487805,9427114.82109921,31863514.462328013,8781.048780487805,9426771.16672268,31862570.279688396,8781.048780487805
9427163.738452107,31864031.289169397,8293.268292682927,2.8778280820395357,9426869.00142847,31863603.933371164,7805.48780487805,9427212.655805003,31864548.11601078,7805.48780487805,9427458.475475743,31864458.644967634,8781.048780487805,9427114.82109921,31863514.462328013,8781.048780487805
9427507.392828638,31864975.471809015,8293.268292682927,3.0140631918868794,9427212.655805003,31864548.11601078,7805.48780487805,9427556.310181534,31865492.2986504,7805.48780487805,9427802.129852276,31865402.82760725,8781.048780487805,9427458.475475743,31864458.644967634,8781.048780487805
9427851.04720517,31865919.654448636,8293.268292682927,2.52761714528295,9427556.310181534,31865492.2986504,7805.48780487805,9427899.964558067,31866436.48129002,7805.48780487805,9428145.78422881,31866347.010246873,8781.048780487805,9427802.129852276,31865402.82760725,8781.048780487805
9428194.701581703,31866863.837088257,8293.268292682927,2.1949798418905737,9427899.964558067,31866436.48129002,7805.48780487805,9428243.6189346,31867380.66392964,7805.48780487805,9428489.438605342,31867291.192886494,8781.048780487805,9428145.78422881,31866347.010246873,8781.048780487805
9428538.355958236,31867808.019727875,8293.268292682927,2.46858557790617,9428243.6189346,31867380.66392964,7805.48780487805,9428587.273311133,31868324.84656926,7805.48780487805,9428833.092981873,31868235.375526115,8781.048780487805,9428489.438605342,31867291.192886494,8781.048780487805
9428882.010334767,31868752.202367496,8293.268292682927,2.9457037585918173,9428587.273311133,31868324.84656926,7805.48780487805,9428930.927687665,31869269.02920888,7805.48780487805,9429176.747358406,31869179.558165736,8781.048780487805,9428833.092981873,31868235.375526115,8781.048780487805
9429225.6647113,31869696.38500712,8293.268292682927,3.247788281906859,9428930.927687665,31869269.02920888,7805.48780487805,9429274.582064198,31870213.2118485,7805.48780487805,9429520.401734939,31870123.740805354,8781.048780487805,9429176.747358406,31869179.558165736,8781.048780487805
9429569.319087835,31870640.567646742,8293.268292682927,3.5953650310873013,9429274.582064198,31870213.2118485,7805.48780487805,9429618.236440731,31871157.39448812,7805.48780487805,9429864.056111472,31871067.923444975,8781.048780487805,9429520.401734939,31870123.740805354,8781.048780487805
9429912.973464366,31871584.75028636,8293.268292682927,3.8472352214911725,9429618.236440731,31871157.39448812,7805.48780487805,9429961.890817262,31872101.57712774,7805.48780487805,9430207.710488005,31872012.106084596,8781.048780487805,9429864.056111472,31871067.923444975,8781.048780487805
9430256.627840899,31872528.932925977,8293.268292682927,4.069118085710664,9429961.890817262,31872101.57712774,7805.48780487805,9430305.545193795,31873045.759767365,7805.48780487805,9430551.364864537,31872956.288724214,8781.048780487805,9430207.710488005,31872012.106084596,8781.048780487805
9430600.282217432,31873473.115565598,8293.268292682927,4.0084304847143555,9430305.545193795,31873045.759767365,7805.48780487805,9430649.199570328,31873989.942406982,7805.48780487805,9430895.01924107,31873900.471363835,8781.048780487805,9430551.364864537,31872956.288724214,8781.048780487805
9430943.936593965,31874417.29820522,8293.268292682927,3.4564623377246457,9430649.199570328,31873989.942406982,7805.48780487805,9430992.85394686,31874934.125046603,7805.48780487805,9431238.673617603,31874844.654003453,8781.048780487805,9430895.01924107,31873900.471363835,8781.048780487805
9431287.590970498,31875361.480844837,8293.268292682927,3.2917234722480497,9430992.85394686,31874934.125046603,7805.48780487805,9431336.508323394,31875878.30768622,7805.48780487805,9431582.327994134,31875788.836643074,8781.048780487805,9431238.673617603,31874844.654003453,8781.048780487805
9431631.245347029,31876305.663484458,8293.268292682927,3.4292862206648853,9431336.508323394,31875878.30768622,7805.48780487805,9431680.162699927,31876822.490325842,7805.48780487805,9431925.982370667,31876733.019282695,8781.048780487805,9431582.327994134,31875788.836643074,8781.048780487805
9431974.899723563,31877249.84612408,8293.268292682927,3.8901922393512507,9431680.162699927,31876822.490325842,7805.48780487805,9432023.81707646,31877766.672965463,7805.48780487805,9432269.6367472,31877677.201922312,8781.048780487805,9431925.982370667,31876733.019282695,8781.048780487805
9432318.554100094,31878194.028763697,8293.268292682927,3.8549484394562974,9432023.81707646,31877766.672965463,7805.48780487805,9432367.471452992,31878710.85560508,7805.48780487805,9432613.291123733,31878621.384561934,8781.048780487805,9432269.6367472,31877677.201922312,8781.048780487805
9432662.208476627,31879138.211403318,8293.268292682927,3.2582805071434104,9432367.471452992,31878710.85560508,7805.48780487805,9432711.125829523,31879655.038244702,7805.48780487805,9432956.945500266,31879565.567201555,8781.048780487805,9432613.291123733,31878621.384561934,8781.048780487805
9433005.86285316,31880082.39404294,8293.268292682927,2.626617121279041,9432711.125829523,31879655.038244702,7805.48780487805,9433054.780206056,31880599.220884323,7805.48780487805,9433300.599876799,31880509.749841176,8781.048780487805,9432956.945500266,31879565.567201555,8781.048780487805
9433349.517229693,31881026.57668256,8293.268292682927,2.4968718056764976,9433054.780206056,31880599.220884323,7805.48780487805,9433398.43458259,31881543.40352394,7805.48780487805,9433644.254253332,31881453.932480797,8781.048780487805,9433300.599876799,31880509.749841176,8781.048780487805
9433693.171606226,31881970.759322178,8293.268292682927,2.5974885052311456,9433398.43458259,31881543.40352394,7805.48780487805,9433742.088959122,31882487.58616356,7805.48780487805,9433987.908629864,31882398.11512042,8781.048780487805,9433644.254253332,31881453.932480797,8781.048780487805
9434036.825982759,31882914.9419618,8293.268292682927,2.711102915378758,9433742.088959122,31882487.58616356,7805.48780487805,9434085.743335655,31883431.768803183,7805.48780487805,9434331.563006395,31883342.297760036,8781.048780487805,9433987.908629864,31882398.11512042,8781.048780487805
9434380.480359292,31883859.12460142,8293.268292682927,2.3653814931912875,9434085.743335655,31883431.768803183,7805.48780487805,9434429.397712188,31884375.9514428,7805.48780487805,9434675.217382928,31884286.480399657,8781.048780487805,9434331.563006395,31883342.297760036,8781.048780487805
9434724.134735823,31884803.30724104,8293.268292682927,1.6585574771990201,9434429.397712188,31884375.9514428,7805.48780487805,9434773.05208872,31885320.13408242,7805.48780487805,9435018.871759461,31885230.66303928,8781.048780487805,9434675.217382928,31884286.480399657,8781.048780487805
9435067.789112356,31885747.48988066,8293.268292682927,1.3468433692178918,9434773.05208872,31885320.13408242,7805.48780487805,9435116.706465254,31886264.316722047,7805.48780487805,9435362.526135994,31886174.845678896,8781.048780487805,9435018.871759461,31885230.66303928,8781.048780487805
9435411.443488888,31886691.67252028,8293.268292682927,1.319103786959993,9435116.706465254,31886264.316722047,7805.48780487805,9435460.360841785,31887208.499361664,7805.48780487805,9435706.180512527,31887119.028318513,8781.048780487805,9435362.526135994,31886174.845678896,8781.048780487805
9435755.097865421,31887635.855159897,8293.268292682927,1.234379095911853,9435460.360841785,31887208.499361664,7805.48780487805,9435804.015218318,31888152.68200128,7805.48780487805,9436049.834889058,31888063.210958134,8781.048780487805,9435706.180512527,31887119.028318513,8781.048780487805
9436098.752241952,31888580.03779952,8293.268292682927,1.4838297921896266,9435804.015218318,31888152.68200128,7805.48780487805,9436147.66959485,31889096.864640903,7805.48780487805,9436393.48926559,31889007.393597756,8781.048780487805,9436049.834889058,31888063.210958134,8781.048780487805
9436442.406618485,31889524.22043914,8293.268292682927,1.544571239578114,9436147.66959485,31889096.864640903,7805.48780487805,9436491.323971383,31890041.047280524,7805.48780487805,9436737.143642124,31889951.576237373,8781.048780487805,9436393.48926559,31889007.393597756,8781.048780487805
9436786.06099502,31890468.40307876,8293.268292682927,1.6254188711460433,9436491.323971383,31890041.047280524,7805.48780487805,9436834.978347916,31890985.22992014,7805.48780487805,9437080.798018657,31890895.758876994,8781.048780487805,9436737.143642124,31889951.576237373,8781.048780487805
9437129.715371551,31891412.58571838,8293.268292682927,1.8917869035031905,9436834.978347916,31890985.22992014,7805.48780487805,9437178.632724449,31891929.412559763,7805.48780487805,9437424.45239519,31891839.941516615,8781.048780487805,9437080.798018657,31890895.758876994,8781.048780487805
9437473.369748084,31892356.768357996,8293.268292682927,2.3313519126885254,9437178.632724449,31891929.412559763,7805.48780487805,9437522.28710098,31892873.595199384,7805.48780487805,9437768.106771722,31892784.124156233,8781.048780487805,9437424.45239519,31891839.941516615,8781.048780487805
9437817.024124617,31893300.950997617,8293.268292682927,2.0791856899751435,9437522.28710098,31892873.595199384,7805.48780487805,9437865.941477513,31893817.777839,7805.48780487805,9438111.761148255,31893728.306795858,8781.048780487805,9437768.106771722,31892784.124156233,8781.048780487805
9438160.67850115,31894245.13363724,8293.268292682927,1.9502949756632908,9437865.941477513,31893817.777839,7805.48780487805,9438209.595854044,31894761.960478622,7805.48780487805,9438455.415524788,31894672.48943548,8781.048780487805,9438111.761148255,31893728.306795858,8781.048780487805
9438504.332877683,31895189.31627686,8293.268292682927,1.6897441863251395,9438209.595854044,31894761.960478622,7805.48780487805,9438553.250230577,31895706.143118244,7805.48780487805,9438799.06990132,31895616.672075097,8781.048780487805,9438455.415524788,31894672.48943548,8781.048780487805
9438847.987254214,31896133.49891648,8293.268292682927,1.5434910125237629,9438553.250230577,31895706.143118244,7805.48780487805,9438896.90460711,31896650.32575786,7805.48780487805,9439142.724277852,31896560.854714718,8781.048780487805,9438799.06990132,31895616.672075097,8781.048780487805
9439191.641630748,31897077.681556102,8293.268292682927,1.6894432757993778,9438896.90460711,31896650.32575786,7805.48780487805,9439240.558983643,31897594.508397482,7805.48780487805,9439486.378654385,31897505.037354335,8781.048780487805,9439142.724277852,31896560.854714718,8781.048780487805
9439535.29600728,31898021.86419572,8293.268292682927,1.576015478283395,9439240.558983643,31897594.508397482,7805.48780487805,9439584.213360175,31898538.691037104,7805.48780487805,9439830.033030918,31898449.219993956,8781.048780487805,9439486.378654385,31897505.037354335,8781.048780487805
9439878.950383812,31898966.04683534,8293.268292682927,1.2323788658698143,9439584.213360175,31898538.691037104,7805.48780487805,9439927.867736708,31899482.873676725,7805.48780487805,9440173.68740745,31899393.402633578,8781.048780487805,9439830.033030918,31898449.219993956,8781.048780487805
9440222.604760345,31899910.22947496,8293.268292682927,1.5857953706706023,9439927.867736708,31899482.873676725,7805.48780487805,9440271.52211324,31900427.056316346,7805.48780487805,9440517.341783984,31900337.585273195,8781.048780487805,9440173.68740745,31899393.402633578,8781.048780487805
9440566.259136878,31900854.412114583,8293.268292682927,1.8413538035634824,9440271.52211324,31900427.056316346,7805.48780487805,9440615.176489772,31901371.238955963,7805.48780487805,9440860.996160517,31901281.767912816,8781.048780487805,9440517.341783984,31900337.585273195,8781.048780487805
9440909.91351341,31901798.5947542,8293.268292682927,1.5862689106243937,9440615.176489772,31901371.238955963,7805.48780487805,9440958.830866305,31902315.421595585,7805.48780487805,9441204.65053705,31902225.950552437,8781.048780487805,9440860.996160517,31901281.767912816,8781.048780487805
9441253.567889944,31902742.777393818,8293.268292682927,1.293756735994448,9440958.830866305,31902315.421595585,7805.48780487805,9441302.485242838,31903259.604235206,7805.48780487805,9441548.30491358,31903170.133192055,8781.048780487805,9441204.65053705,31902225.950552437,8781.048780487805
9415725.309320737,31831839.608379167,9268.829268292682,1.264335981783664,9415430.572297102,31831412.252580933,8781.048780487805,9415774.226673635,31832356.43522055,8781.048780487805,9416020.046344373,31832266.964177404,9756.609756097561,9415676.391967842,31831322.781537786,9756.609756097561
9416068.963697271,31832783.791018788,9268.829268292682,1.546824396044235,9415774.226673635,31832356.43522055,8781.048780487805,9416117.881050168,31833300.617860172,8781.048780487805,9416363.700720906,31833211.146817025,9756.609756097561,9416020.046344373,31832266.964177404,9756.609756097561
9416412.618073802,31833727.97365841,9268.829268292682,1.7504802581088923,9416117.881050168,31833300.617860172,8781.048780487805,9416461.5354267,31834244.800499793,8781.048780487805,9416707.35509744,31834155.329456646,9756.609756097561,9416363.700720906,31833211.146817025,9756.609756097561
9416756.272450335,31834672.156298026,9268.829268292682,1.5536077577475895,9416461.5354267,31834244.800499793,8781.048780487805,9416805.189803232,31835188.98313941,8781.048780487805,9417051.009473972,31835099.512096263,9756.609756097561,9416707.35509744,31834155.329456646,9756.609756097561
9417099.926826868,31835616.338937648,9268.829268292682,1.6598869871676467,9416805.189803232,31835188.98313941,8781.048780487805,9417148.844179764,31836133.16577903,8781.048780487805,9417394.663850505,31836043.69473589,9756.609756097561,9417051.009473972,31835099.512096263,9756.609756097561
9417443.5812034,31836560.52157727,9268.829268292682,1.7400909271703764,9417148.844179764,31836133.16577903,8781.048780487805,9417492.498556297,31837077.348418653,8781.048780487805,9417738.318227038,31836987.87737551,9756.609756097561,9417394.663850505,31836043.69473589,9756.609756097561
9417787.235579934,31837504.704216886,9268.829268292682,1.7327593401766992,9417492.498556297,31837077.348418653,8781.048780487805,9417836.15293283,31838021.53105827,8781.048780487805,9418081.97260357,31837932.060015127,9756.609756097561,9417738.318227038,31836987.87737551,9756.609756097561
9418130.889956467,31838448.88685651,9268.829268292682,1.6730021874595489,9417836.15293283,31838021.53105827,8781.048780487805,9418179.807309363,31838965.71369789,8781.048780487805,9418425.626980102,31838876.24265475,9756.609756097561,9418081.97260357,31837932.060015127,9756.609756097561
9418474.544333,31839393.069496132,9268.829268292682,1.3260157248690307,9418179.807309363,31838965.71369789,8781.048780487805,9418523.461685896,31839909.896337513,8781.048780487805,9418769.281356635,31839820.425294366,9756.609756097561,9418425.626980102,31838876.24265475,9756.609756097561
9418818.19870953,31840337.252135754,9268.829268292682,1.1876527465357347,9418523.461685896,31839909.896337513,8781.048780487805,9418867.116062429,31840854.078977134,8781.048780487805,9419112.935733166,31840764.607933987,9756.609756097561,9418769.281356635,31839820.425294366,9756.609756097561
9419161.853086066,31841281.43477537,9268.829268292682,1.312338133118834,9418867.116062429,31840854.078977134,8781.048780487805,9419210.770438962,31841798.261616755,8781.048780487805,9419456.590109698,31841708.790573608,9756.609756097561,9419112.935733166,31840764.607933987,9756.609756097561
9419505.507462597,31842225.61741499,9268.829268292682,1.2129161669316881,9419210.770438962,31841798.261616755,8781.048780487805,9419554.424815493,31842742.444256373,8781.048780487805,9419800.244486231,31842652.973213226,9756.609756097561,9419456.590109698,31841708.790573608,9756.609756097561
9419849.161839128,31843169.80005461,9268.829268292682,1.2925151225406106,9419554.424815493,31842742.444256373,8781.048780487805,9419898.079192026,31843686.626895994,8781.048780487805,9420143.898862764,31843597.155852847,9756.609756097561,9419800.244486231,31842652.973213226,9756.609756097561
9420192.816215662,31844113.982694227,9268.829268292682,1.3525148311083535,9419898.079192026,31843686.626895994,8781.048780487805,9420241.733568558,31844630.80953561,8781.048780487805,9420487.553239295,31844541.338492464,9756.609756097561,9420143.898862764,31843597.155852847,9756.609756097561
9420536.470592193,31845058.16533385,9268.829268292682,1.3730286201442605,9420241.733568558,31844630.80953561,8781.048780487805,9420585.387945091,31845574.992175233,8781.048780487805,9420831.207615828,31845485.521132085,9756.609756097561,9420487.553239295,31844541.338492464,9756.609756097561
9420880.124968728,31846002.34797347,9268.829268292682,1.4251919559293407,9420585.387945091,31845574.992175233,8781.048780487805,9420929.042321624,31846519.174814854,8781.048780487805,9421174.861992361,31846429.703771703,9756.609756097561,9420831.207615828,31845485.521132085,9756.609756097561
9421223.77934526,31846946.530613087,9268.829268292682,1.597396972536711,9420929.042321624,31846519.174814854,8781.048780487805,9421272.696698157,31847463.35745447,8781.048780487805,9421518.516368894,31847373.886411324,9756.609756097561,9421174.861992361,31846429.703771703,9756.609756097561
9421567.433721792,31847890.71325271,9268.829268292682,1.8749387753240818,9421272.696698157,31847463.35745447,8781.048780487805,9421616.351074688,31848407.540094092,8781.048780487805,9421862.170745427,31848318.069050945,9756.609756097561,9421518.516368894,31847373.886411324,9756.609756097561
9421911.088098325,31848834.89589233,9268.829268292682,2.015440323827825,9421616.351074688,31848407.540094092,8781.048780487805,9421960.005451221,31849351.72273371,8781.048780487805,9422205.82512196,31849262.251690567,9756.609756097561,9421862.170745427,31848318.069050945,9756.609756097561
9422254.742474856,31849779.078531947,9268.829268292682,2.2624011043604266,9421960.005451221,31849351.72273371,8781.048780487805,9422303.659827754,31850295.90537333,8781.048780487805,9422549.479498493,31850206.434330188,9756.609756097561,9422205.82512196,31849262.251690567,9756.609756097561
9422598.39685139,31850723.26117157,9268.829268292682,2.8902084030218735,9422303.659827754,31850295.90537333,8781.048780487805,9422647.314204287,31851240.088012952,8781.048780487805,9422893.133875025,31851150.61696981,9756.609756097561,9422549.479498493,31850206.434330188,9756.609756097561
9422942.051227922,31851667.44381119,9268.829268292682,2.575369119587143,9422647.314204287,31851240.088012952,8781.048780487805,9422990.96858082,31852184.27065257,8781.048780487805,9423236.788251556,31852094.799609426,9756.609756097561,9422893.133875025,31851150.61696981,9756.609756097561
9423285.705604456,31852611.62645081,9268.829268292682,3.1367499328651727,9422990.96858082,31852184.27065257,8781.048780487805,9423334.622957353,31853128.45329219,8781.048780487805,9423580.44262809,31853038.982249048,9756.609756097561,9423236.788251556,31852094.799609426,9756.609756097561
9423629.359980987,31853555.80909043,9268.829268292682,3.4058259011938694,9423334.622957353,31853128.45329219,8781.048780487805,9423678.277333885,31854072.635931816,8781.048780487805,9423924.097004622,31853983.16488867,9756.609756097561,9423580.44262809,31853038.982249048,9756.609756097561
9423973.014357522,31854499.99173005,9268.829268292682,3.4552801448491963,9423678.277333885,31854072.635931816,8781.048780487805,9424021.931710418,31855016.818571433,8781.048780487805,9424267.751381155,31854927.347528286,9756.609756097561,9423924.097004622,31853983.16488867,9756.609756097561
9424316.668734053,31855444.17436967,9268.829268292682,3.7221750086891054,9424021.931710418,31855016.818571433,8781.048780487805,9424365.58608695,31855961.001211055,8781.048780487805,9424611.405757688,31855871.530167907,9756.609756097561,9424267.751381155,31854927.347528286,9756.609756097561
9424660.323110584,31856388.35700929,9268.829268292682,3.466271189643128,9424365.58608695,31855961.001211055,8781.048780487805,9424709.240463482,31856905.183850676,8781.048780487805,9424955.06013422,31856815.71280753,9756.609756097561,9424611.405757688,31855871.530167907,9756.609756097561
9425003.977487119,31857332.53964891,9268.829268292682,2.9840956515362707,9424709.240463482,31856905.183850676,8781.048780487805,9425052.894840015,31857849.366490293,8781.048780487805,9425298.714510754,31857759.895447146,9756.609756097561,9424955.06013422,31856815.71280753,9756.609756097561
9425347.631863652,31858276.72228853,9268.829268292682,2.7724026898840997,9425052.894840015,31857849.366490293,8781.048780487805,9425396.549216548,31858793.549129914,8781.048780487805,9425642.368887287,31858704.078086767,9756.609756097561,9425298.714510754,31857759.895447146,9756.609756097561
9425691.286240185,31859220.90492815,9268.829268292682,2.886451154400553,9425396.549216548,31858793.549129914,8781.048780487805,9425740.20359308,31859737.731769536,8781.048780487805,9425986.023263818,31859648.26072639,9756.609756097561,9425642.368887287,31858704.078086767,9756.609756097561
9426034.940616716,31860165.087567773,9268.829268292682,3.058845400342322,9425740.20359308,31859737.731769536,8781.048780487805,9426083.857969614,31860681.914409153,8781.048780487805,9426329.67764035,31860592.443366006,9756.609756097561,9425986.023263818,31859648.26072639,9756.609756097561
9426378.59499325,31861109.27020739,9268.829268292682,3.7534085384871183,9426083.857969614,31860681.914409153,8781.048780487805,9426427.512346147,31861626.097048774,8781.048780487805,9426673.332016883,31861536.626005627,9756.609756097561,9426329.67764035,31860592.443366006,9756.609756097561
9426722.249369781,31862053.452847008,9268.829268292682,4.3036227935880795,9426427.512346147,31861626.097048774,8781.048780487805,9426771.16672268,31862570.279688396,8781.048780487805,9427016.986393416,31862480.80864525,9756.609756097561,9426673.332016883,31861536.626005627,9756.609756097561
9427065.903746316,31862997.63548663,9268.829268292682,3.4992156085141155,9426771.16672268,31862570.279688396,8781.048780487805,9427114.82109921,31863514.462328013,8781.048780487805,9427360.64076995,31863424.99128487,9756.609756097561,9427016.986393416,31862480.80864525,9756.609756097561
9427409.558122847,31863941.81812625,9268.829268292682,3.6054535343815806,9427114.82109921,31863514.462328013,8781.048780487805,9427458.475475743,31864458.644967634,8781.048780487805,9427704.295146482,31864369.17392449,9756.609756097561,9427360.64076995,31863424.99128487,9756.609756097561
9427753.212499378,31864886.00076587,9268.829268292682,3.1540711178775416,9427458.475475743,31864458.644967634,8781.048780487805,9427802.129852276,31865402.82760725,8781.048780487805,9428047.949523013,31865313.35656411,9756.609756097561,9427704.295146482,31864369.17392449,9756.609756097561
9428096.866875913,31865830.183405492,9268.829268292682,2.737111480497728,9427802.129852276,31865402.82760725,8781.048780487805,9428145.78422881,31866347.010246873,8781.048780487805,9428391.603899546,31866257.53920373,9756.609756097561,9428047.949523013,31865313.35656411,9756.609756097561
9428440.521252444,31866774.366045114,9268.829268292682,3.119551749729865,9428145.78422881,31866347.010246873,8781.048780487805,9428489.438605342,31867291.192886494,8781.048780487805,9428735.258276079,31867201.721843347,9756.609756097561,9428391.603899546,31866257.53920373,9756.609756097561
9428784.175628977,31867718.54868473,9268.829268292682,3.143599048729187,9428489.438605342,31867291.192886494,8781.048780487805,9428833.092981873,31868235.375526115,8781.048780487805,9429078.912652612,31868145.90448297,9756.609756097561,9428735.258276079,31867201.721843347,9756.609756097561
9429127.83000551,31868662.731324352,9268.829268292682,3.2914943150519975,9428833.092981873,31868235.375526115,8781.048780487805,9429176.747358406,31869179.558165736,8781.048780487805,9429422.567029145,31869090.08712259,9756.609756097561,9429078.912652612,31868145.90448297,9756.609756097561
9429471.48438204,31869606.913963974,9268.829268292682,3.3049904822704996,9429176.747358406,31869179.558165736,8781.048780487805,9429520.401734939,31870123.740805354,8781.048780487805,9429766.221405677,31870034.269762207,9756.609756097561,9429422.567029145,31869090.08712259,9756.609756097561
9429815.138758576,31870551.09660359,9268.829268292682,3.972813494727264,9429520.401734939,31870123.740805354,8781.048780487805,9429864.056111472,31871067.923444975,8781.048780487805,9430109.87578221,31870978.452401828,9756.609756097561,9429766.221405677,31870034.269762207,9756.609756097561
9430158.793135108,31871495.27924321,9268.829268292682,4.228877486102847,9429864.056111472,31871067.923444975,8781.048780487805,9430207.710488005,31872012.106084596,8781.048780487805,9430453.530158743,31871922.635041445,9756.609756097561,9430109.87578221,31870978.452401828,9756.609756097561
9430502.447511641,31872439.46188283,9268.829268292682,4.3354991544280015,9430207.710488005,31872012.106084596,8781.048780487805,9430551.364864537,31872956.288724214,8781.048780487805,9430797.184535274,31872866.817681067,9756.609756097561,9430453.530158743,31871922.635041445,9756.609756097561
9430846.101888172,31873383.64452245,9268.829268292682,4.286518042044704,9430551.364864537,31872956.288724214,8781.048780487805,9430895.01924107,31873900.471363835,8781.048780487805,9431140.838911807,31873811.000320688,9756.609756097561,9430797.184535274,31872866.817681067,9756.609756097561
9431189.756264707,31874327.82716207,9268.829268292682,3.89728814512426,9430895.01924107,31873900.471363835,8781.048780487805,9431238.673617603,31874844.654003453,8781.048780487805,9431484.49328834,31874755.182960305,9756.609756097561,9431140.838911807,31873811.000320688,9756.609756097561
9431533.410641238,31875272.00980169,9268.829268292682,4.278092709472082,9431238.673617603,31874844.654003453,8781.048780487805,9431582.327994134,31875788.836643074,8781.048780487805,9431828.147664873,31875699.36559993,9756.609756097561,9431484.49328834,31874755.182960305,9756.609756097561
9431877.06501777,31876216.19244131,9268.829268292682,4.838047673226644,9431582.327994134,31875788.836643074,8781.048780487805,9431925.982370667,31876733.019282695,8781.048780487805,9432171.802041406,31876643.54823955,9756.609756097561,9431828.147664873,31875699.36559993,9756.609756097561
9432220.719394304,31877160.37508093,9268.829268292682,5.366932677887687,9431925.982370667,31876733.019282695,8781.048780487805,9432269.6367472,31877677.201922312,8781.048780487805,9432515.456417939,31877587.73087917,9756.609756097561,9432171.802041406,31876643.54823955,9756.609756097561
9432564.373770837,31878104.557720553,9268.829268292682,5.29869555505679,9432269.6367472,31877677.201922312,8781.048780487805,9432613.291123733,31878621.384561934,8781.048780487805,9432859.110794472,31878531.91351879,9756.609756097561,9432515.456417939,31877587.73087917,9756.609756097561
9432908.02814737,31879048.740360174,9268.829268292682,5.3288077013786825,9432613.291123733,31878621.384561934,8781.048780487805,9432956.945500266,31879565.567201555,8781.048780487805,9433202.765171004,31879476.09615841,9756.609756097561,9432859.110794472,31878531.91351879,9756.609756097561
9433251.6825239,31879992.922999796,9268.829268292682,4.6860202584287425,9432956.945500266,31879565.567201555,8781.048780487805,9433300.599876799,31880509.749841176,8781.048780487805,9433546.419547535,31880420.27879803,9756.609756097561,9433202.765171004,31879476.09615841,9756.609756097561
9433595.336900435,31880937.105639413,9268.829268292682,3.442306597339704,9433300.599876799,31880509.749841176,8781.048780487805,9433644.254253332,31881453.932480797,8781.048780487805,9433890.073924068,31881364.46143765,9756.609756097561,9433546.419547535,31880420.27879803,9756.609756097561
9433938.991276966,31881881.288279034,9268.829268292682,2.868003362067013,9433644.254253332,31881453.932480797,8781.048780487805,9433987.908629864,31882398.11512042,8781.048780487805,9434233.728300601,31882308.64407727,9756.609756097561,9433890.073924068,31881364.46143765,9756.609756097561
9434282.645653501,31882825.47091865,9268.829268292682,3.063517000888041,9433987.908629864,31882398.11512042,8781.048780487805,9434331.563006395,31883342.297760036,8781.048780487805,9434577.382677134,31883252.82671689,9756.609756097561,9434233.728300601,31882308.64407727,9756.609756097561
9434626.300030032,31883769.653558273,9268.829268292682,2.3792480341908586,9434331.563006395,31883342.297760036,8781.048780487805,9434675.217382928,31884286.480399657,8781.048780487805,9434921.037053667,31884197.00935651,9756.609756097561,9434577.382677134,31883252.82671689,9756.609756097561
9434969.954406565,31884713.83619789,9268.829268292682,2.2497151281851844,9434675.217382928,31884286.480399657,8781.048780487805,9435018.871759461,31885230.66303928,8781.048780487805,9435264.6914302,31885141.191996127,9756.609756097561,9434921.037053667,31884197.00935651,9756.609756097561
9435313.608783098,31885658.01883751,9268.829268292682,1.9515721489701703,9435018.871759461,31885230.66303928,8781.048780487805,9435362.526135994,31886174.845678896,8781.048780487805,9435608.345806733,31886085.37463575,9756.609756097561,9435264.6914302,31885141.191996127,9756.609756097561
9435657.263159629,31886602.201477133,9268.829268292682,1.8282082976369456,9435362.526135994,31886174.845678896,8781.048780487805,9435706.180512527,31887119.028318513,8781.048780487805,9435952.000183264,31887029.557275366,9756.609756097561,9435608.345806733,31886085.37463575,9756.609756097561
9436000.917536162,31887546.38411675,9268.829268292682,1.8562405597777627,9435706.180512527,31887119.028318513,8781.048780487805,9436049.834889058,31888063.210958134,8781.048780487805,9436295.654559797,31887973.739914987,9756.609756097561,9435952.000183264,31887029.557275366,9756.609756097561
9436344.571912695,31888490.56675637,9268.829268292682,2.076248280900571,9436049.834889058,31888063.210958134,8781.048780487805,9436393.48926559,31889007.393597756,8781.048780487805,9436639.30893633,31888917.922554612,9756.609756097561,9436295.654559797,31887973.739914987,9756.609756097561
9436688.226289226,31889434.749395993,9268.829268292682,2.430765367050318,9436393.48926559,31889007.393597756,8781.048780487805,9436737.143642124,31889951.576237373,8781.048780487805,9436982.963312862,31889862.10519423,9756.609756097561,9436639.30893633,31888917.922554612,9756.609756097561
9437031.88066576,31890378.93203561,9268.829268292682,2.391290724314864,9436737.143642124,31889951.576237373,8781.048780487805,9437080.798018657,31890895.758876994,8781.048780487805,9437326.617689395,31890806.28783385,9756.609756097561,9436982.963312862,31889862.10519423,9756.609756097561
9437375.535042293,31891323.114675235,9268.829268292682,2.1464490960181415,9437080.798018657,31890895.758876994,8781.048780487805,9437424.45239519,31891839.941516615,8781.048780487805,9437670.272065928,31891750.470473472,9756.609756097561,9437326.617689395,31890806.28783385,9756.609756097561
9437719.189418826,31892267.297314852,9268.829268292682,2.217829126131731,9437424.45239519,31891839.941516615,8781.048780487805,9437768.106771722,31892784.124156233,8781.048780487805,9438013.92644246,31892694.65311309,9756.609756097561,9437670.272065928,31891750.470473472,9756.609756097561
9438062.843795357,31893211.479954474,9268.829268292682,2.2761127354619823,9437768.106771722,31892784.124156233,8781.048780487805,9438111.761148255,31893728.306795858,8781.048780487805,9438357.580818992,31893638.83575271,9756.609756097561,9438013.92644246,31892694.65311309,9756.609756097561
9438406.498171892,31894155.662594095,9268.829268292682,1.9925134177880348,9438111.761148255,31893728.306795858,8781.048780487805,9438455.415524788,31894672.48943548,8781.048780487805,9438701.235195525,31894583.01839233,9756.609756097561,9438357.580818992,31893638.83575271,9756.609756097561
9438750.152548423,31895099.845233712,9268.829268292682,2.0778698763314476,9438455.415524788,31894672.48943548,8781.048780487805,9438799.06990132,31895616.672075097,8781.048780487805,9439044.889572058,31895527.20103195,9756.609756097561,9438701.235195525,31894583.01839233,9756.609756097561
9439093.806924954,31896044.027873334,9268.829268292682,2.2770614519459635,9438799.06990132,31895616.672075097,8781.048780487805,9439142.724277852,31896560.854714718,8781.048780487805,9439388.54394859,31896471.38367157,9756.609756097561,9439044.889572058,31895527.20103195,9756.609756097561
9439437.461301489,31896988.21051295,9268.829268292682,2.233685598895248,9439142.724277852,31896560.854714718,8781.048780487805,9439486.378654385,31897505.037354335,8781.048780487805,9439732.198325124,31897415.566311188,9756.609756097561,9439388.54394859,31896471.38367157,9756.609756097561
9439781.115678022,31897932.393152572,9268.829268292682,2.2313544561736123,9439486.378654385,31897505.037354335,8781.048780487805,9439830.033030918,31898449.219993956,8781.048780487805,9440075.852701657,31898359.74895081,9756.609756097561,9439732.198325124,31897415.566311188,9756.609756097561
9440124.770054555,31898876.575792193,9268.829268292682,2.3692474607380745,9439830.033030918,31898449.219993956,8781.048780487805,9440173.68740745,31899393.402633578,8781.048780487805,9440419.50707819,31899303.93159043,9756.609756097561,9440075.852701657,31898359.74895081,9756.609756097561
9440468.424431086,31899820.758431815,9268.829268292682,1.9707134627416962,9440173.68740745,31899393.402633578,8781.048780487805,9440517.341783984,31900337.585273195,8781.048780487805,9440763.16145472,31900248.114230048,9756.609756097561,9440419.50707819,31899303.93159043,9756.609756097561
9440812.078807618,31900764.941071432,9268.829268292682,1.8008179417348633,9440517.341783984,31900337.585273195,8781.048780487805,9440860.996160517,31901281.767912816,8781.048780487805,9441106.815831253,31901192.29686967,9756.609756097561,9440763.16145472,31900248.114230048,9756.609756097561
9441155.733184151,31901709.123711053,9268.829268292682,1.7208402219261145,9440860.996160517,31901281.767912816,8781.048780487805,9441204.65053705,31902225.950552437,8781.048780487805,9441450.470207786,31902136.479509294,9756.609756097561,9441106.815831253,31901192.29686967,9756.609756097561
9441499.387560684,31902653.30635067,9268.829268292682,1.6902733426798138,9441204.65053705,31902225.950552437,8781.048780487805,9441548.30491358,31903170.133192055,8781.048780487805,9441794.12458432,31903080.66214891,9756.609756097561,9441450.470207786,31902136.479509294,9756.609756097561
9415971.128991475,31831750.13733602,10244.390243902439,1.7343661901514982,9415676.391967842,31831322.781537786,9756.609756097561,9416020.046344373,31832266.964177404,9756.609756097561,9416265.866015112,31832177.49313426,10732.170731707318,9415922.21163858,31831233.310494643,10732.170731707318
9416314.783368008,31832694.31997564,10244.390243902439,1.4432130208802516,9416020.046344373,31832266.964177404,9756.609756097561,9416363.700720906,31833211.146817025,9756.609756097561,9416609.520391645,31833121.67577388,10732.170731707318,9416265.866015112,31832177.49313426,10732.170731707318
9416658.43774454,31833638.502615266,10244.390243902439,1.471818100459789,9416363.700720906,31833211.146817025,9756.609756097561,9416707.35509744,31834155.329456646,9756.609756097561,9416953.174768178,31834065.858413503,10732.170731707318,9416609.520391645,31833121.67577388,10732.170731707318
9417002.092121074,31834582.685254883,10244.390243902439,1.620137977812082,9416707.35509744,31834155.329456646,9756.609756097561,9417051.009473972,31835099.512096263,9756.609756097561,9417296.82914471,31835010.04105312,10732.170731707318,9416953.174768178,31834065.858413503,10732.170731707318
9417345.746497607,31835526.867894504,10244.390243902439,1.8673273594727837,9417051.009473972,31835099.512096263,9756.609756097561,9417394.663850505,31836043.69473589,9756.609756097561,9417640.483521244,31835954.22369274,10732.170731707318,9417296.82914471,31835010.04105312,10732.170731707318
9417689.40087414,31836471.050534125,10244.390243902439,1.967779467840062,9417394.663850505,31836043.69473589,9756.609756097561,9417738.318227038,31836987.87737551,9756.609756097561,9417984.137897775,31836898.40633236,10732.170731707318,9417640.483521244,31835954.22369274,10732.170731707318
9418033.05525067,31837415.233173743,10244.390243902439,2.0309551519471665,9417738.318227038,31836987.87737551,9756.609756097561,9418081.97260357,31837932.060015127,9756.609756097561,9418327.792274307,31837842.58897198,10732.170731707318,9417984.137897775,31836898.40633236,10732.170731707318
9418376.709627206,31838359.415813364,10244.390243902439,1.8176154191843106,9418081.97260357,31837932.060015127,9756.609756097561,9418425.626980102,31838876.24265475,9756.609756097561,9418671.44665084,31838786.7716116,10732.170731707318,9418327.792274307,31837842.58897198,10732.170731707318
9418720.364003737,31839303.598452985,10244.390243902439,1.4541842172559194,9418425.626980102,31838876.24265475,9756.609756097561,9418769.281356635,31839820.425294366,9756.609756097561,9419015.101027373,31839730.95425122,10732.170731707318,9418671.44665084,31838786.7716116,10732.170731707318
9419064.018380268,31840247.781092603,10244.390243902439,1.2490546821398656,9418769.281356635,31839820.425294366,9756.609756097561,9419112.935733166,31840764.607933987,9756.609756097561,9419358.755403906,31840675.13689084,10732.170731707318,9419015.101027373,31839730.95425122,10732.170731707318
9419407.672756802,31841191.963732224,10244.390243902439,1.2124578542111613,9419112.935733166,31840764.607933987,9756.609756097561,9419456.590109698,31841708.790573608,9756.609756097561,9419702.409780439,31841619.31953046,10732.170731707318,9419358.755403906,31840675.13689084,10732.170731707318
9419751.327133333,31842136.14637184,10244.390243902439,1.2802607247304316,9419456.590109698,31841708.790573608,9756.609756097561,9419800.244486231,31842652.973213226,9756.609756097561,9420046.06415697,31842563.50217008,10732.170731707318,9419702.409780439,31841619.31953046,10732.170731707318
9420094.981509868,31843080.32901146,10244.390243902439,1.251821813446199,9419800.244486231,31842652.973213226,9756.609756097561,9420143.898862764,31843597.155852847,9756.609756097561,9420389.718533503,31843507.6848097,10732.170731707318,9420046.06415697,31842563.50217008,10732.170731707318
9420438.6358864,31844024.51165108,10244.390243902439,1.4933220095298372,9420143.898862764,31843597.155852847,9756.609756097561,9420487.553239295,31844541.338492464,9756.609756097561,9420733.372910036,31844451.86744932,10732.170731707318,9420389.718533503,31843507.6848097,10732.170731707318
9420782.290262932,31844968.6942907,10244.390243902439,1.6973588081749327,9420487.553239295,31844541.338492464,9756.609756097561,9420831.207615828,31845485.521132085,9756.609756097561,9421077.027286569,31845396.050088942,10732.170731707318,9420733.372910036,31844451.86744932,10732.170731707318
9421125.944639465,31845912.876930322,10244.390243902439,1.8049006833109438,9420831.207615828,31845485.521132085,9756.609756097561,9421174.861992361,31846429.703771703,9756.609756097561,9421420.681663102,31846340.23272856,10732.170731707318,9421077.027286569,31845396.050088942,10732.170731707318
9421469.599015996,31846857.059569944,10244.390243902439,2.242191923806485,9421174.861992361,31846429.703771703,9756.609756097561,9421518.516368894,31847373.886411324,9756.609756097561,9421764.336039634,31847284.41536818,10732.170731707318,9421420.681663102,31846340.23272856,10732.170731707318
9421813.25339253,31847801.242209565,10244.390243902439,2.478741091633247,9421518.516368894,31847373.886411324,9756.609756097561,9421862.170745427,31848318.069050945,9756.609756097561,9422107.990416167,31848228.598007802,10732.170731707318,9421764.336039634,31847284.41536818,10732.170731707318
9422156.907769062,31848745.424849186,10244.390243902439,2.6399179045676036,9421862.170745427,31848318.069050945,9756.609756097561,9422205.82512196,31849262.251690567,9756.609756097561,9422451.644792698,31849172.78064742,10732.170731707318,9422107.990416167,31848228.598007802,10732.170731707318
9422500.562145596,31849689.607488804,10244.390243902439,2.7144163038680333,9422205.82512196,31849262.251690567,9756.609756097561,9422549.479498493,31850206.434330188,9756.609756097561,9422795.299169231,31850116.96328704,10732.170731707318,9422451.644792698,31849172.78064742,10732.170731707318
9422844.216522127,31850633.790128425,10244.390243902439,2.8983561475754986,9422549.479498493,31850206.434330188,9756.609756097561,9422893.133875025,31851150.61696981,9756.609756097561,9423138.953545764,31851061.14592666,10732.170731707318,9422795.299169231,31850116.96328704,10732.170731707318
9423187.87089866,31851577.972768042,10244.390243902439,3.291087383562291,9422893.133875025,31851150.61696981,9756.609756097561,9423236.788251556,31852094.799609426,9756.609756097561,9423482.607922297,31852005.32856628,10732.170731707318,9423138.953545764,31851061.14592666,10732.170731707318
9423531.525275193,31852522.155407663,10244.390243902439,3.826439823177101,9423236.788251556,31852094.799609426,9756.609756097561,9423580.44262809,31853038.982249048,9756.609756097561,9423826.26229883,31852949.5112059,10732.170731707318,9423482.607922297,31852005.32856628,10732.170731707318
9423875.179651724,31853466.338047285,10244.390243902439,4.314255045161983,9423580.44262809,31853038.982249048,9756.609756097561,9423924.097004622,31853983.16488867,9756.609756097561,9424169.916675363,31853893.69384552,10732.170731707318,9423826.26229883,31852949.5112059,10732.170731707318
9424218.834028259,31854410.520686902,10244.390243902439,3.843181516990779,9423924.097004622,31853983.16488867,9756.609756097561,9424267.751381155,31854927.347528286,9756.609756097561,9424513.571051896,31854837.87648514,10732.170731707318,9424169.916675363,31853893.69384552,10732.170731707318
9424562.488404792,31855354.703326523,10244.390243902439,4.328102724540915,9424267.751381155,31854927.347528286,9756.609756097561,9424611.405757688,31855871.530167907,9756.609756097561,9424857.225428429,31855782.05912476,10732.170731707318,9424513.571051896,31854837.87648514,10732.170731707318
9424906.142781325,31856298.885966145,10244.390243902439,3.7279642710279544,9424611.405757688,31855871.530167907,9756.609756097561,9424955.06013422,31856815.71280753,9756.609756097561,9425200.87980496,31856726.24176438,10732.170731707318,9424857.225428429,31855782.05912476,10732.170731707318
9425249.797157856,31857243.068605762,10244.390243902439,3.3898388725089452,9424955.06013422,31856815.71280753,9756.609756097561,9425298.714510754,31857759.895447146,9756.609756097561,9425544.534181492,31857670.424404003,10732.170731707318,9425200.87980496,31856726.24176438,10732.170731707318
9425593.45153439,31858187.251245383,10244.390243902439,3.4693057328245334,9425298.714510754,31857759.895447146,9756.609756097561,9425642.368887287,31858704.078086767,9756.609756097561,9425888.188558025,31858614.607043624,10732.170731707318,9425544.534181492,31857670.424404003,10732.170731707318
9425937.105910921,31859131.433885004,10244.390243902439,3.1950747743646453,9425642.368887287,31858704.078086767,9756.609756097561,9425986.023263818,31859648.26072639,9756.609756097561,9426231.842934558,31859558.78968324,10732.170731707318,9425888.188558025,31858614.607043624,10732.170731707318
9426280.760287452,31860075.61652463,10244.390243902439,3.044266658018376,9425986.023263818,31859648.26072639,9756.609756097561,9426329.67764035,31860592.443366006,9756.609756097561,9426575.497311091,31860502.972322863,10732.170731707318,9426231.842934558,31859558.78968324,10732.170731707318
9426624.414663987,31861019.799164247,10244.390243902439,2.95769146009929,9426329.67764035,31860592.443366006,9756.609756097561,9426673.332016883,31861536.626005627,9756.609756097561,9426919.151687624,31861447.154962484,10732.170731707318,9426575.497311091,31860502.972322863,10732.170731707318
9426968.06904052,31861963.981803864,10244.390243902439,2.9334891526111475,9426673.332016883,31861536.626005627,9756.609756097561,9427016.986393416,31862480.80864525,9756.609756097561,9427262.806064157,31862391.3376021,10732.170731707318,9426919.151687624,31861447.154962484,10732.170731707318
9427311.723417053,31862908.164443485,10244.390243902439,2.4598400026555916,9427016.986393416,31862480.80864525,9756.609756097561,9427360.64076995,31863424.99128487,9756.609756097561,9427606.46044069,31863335.520241722,10732.170731707318,9427262.806064157,31862391.3376021,10732.170731707318
9427655.377793584,31863852.347083107,10244.390243902439,2.362138060372915,9427360.64076995,31863424.99128487,9756.609756097561,9427704.295146482,31864369.17392449,9756.609756097561,9427950.11481722,31864279.702881344,10732.170731707318,9427606.46044069,31863335.520241722,10732.170731707318
9427999.032170117,31864796.529722724,10244.390243902439,2.7683746700505574,9427704.295146482,31864369.17392449,9756.609756097561,9428047.949523013,31865313.35656411,9756.609756097561,9428293.769193754,31865223.88552096,10732.170731707318,9427950.11481722,31864279.702881344,10732.170731707318
9428342.68654665,31865740.712362345,10244.390243902439,2.8343391831891434,9428047.949523013,31865313.35656411,9756.609756097561,9428391.603899546,31866257.53920373,9756.609756097561,9428637.423570286,31866168.068160582,10732.170731707318,9428293.769193754,31865223.88552096,10732.170731707318
9428686.34092318,31866684.895001967,10244.390243902439,3.1653230188739325,9428391.603899546,31866257.53920373,9756.609756097561,9428735.258276079,31867201.721843347,9756.609756097561,9428981.07794682,31867112.2508002,10732.170731707318,9428637.423570286,31866168.068160582,10732.170731707318
9429029.995299716,31867629.077641584,10244.390243902439,3.397425718129621,9428735.258276079,31867201.721843347,9756.609756097561,9429078.912652612,31868145.90448297,9756.609756097561,9429324.732323352,31868056.43343982,10732.170731707318,9428981.07794682,31867112.2508002,10732.170731707318
9429373.649676247,31868573.260281205,10244.390243902439,3.563101938323128,9429078.912652612,31868145.90448297,9756.609756097561,9429422.567029145,31869090.08712259,9756.609756097561,9429668.386699883,31869000.61607944,10732.170731707318,9429324.732323352,31868056.43343982,10732.170731707318
9429717.304052781,31869517.442920826,10244.390243902439,3.647336347311516,9429422.567029145,31869090.08712259,9756.609756097561,9429766.221405677,31870034.269762207,9756.609756097561,9430012.041076416,31869944.79871906,10732.170731707318,9429668.386699883,31869000.61607944,10732.170731707318
9430060.958429312,31870461.625560444,10244.390243902439,4.068787493134063,9429766.221405677,31870034.269762207,9756.609756097561,9430109.87578221,31870978.452401828,9756.609756097561,9430355.695452949,31870888.981358685,10732.170731707318,9430012.041076416,31869944.79871906,10732.170731707318
9430404.612805847,31871405.80820006,10244.390243902439,4.909662664498011,9430109.87578221,31870978.452401828,9756.609756097561,9430453.530158743,31871922.635041445,9756.609756097561,9430699.349829482,31871833.163998302,10732.170731707318,9430355.695452949,31870888.981358685,10732.170731707318
9430748.267182378,31872349.990839683,10244.390243902439,4.711757496375267,9430453.530158743,31871922.635041445,9756.609756097561,9430797.184535274,31872866.817681067,9756.609756097561,9431043.004206015,31872777.346637923,10732.170731707318,9430699.349829482,31871833.163998302,10732.170731707318
9431091.92155891,31873294.173479307,10244.390243902439,4.439369670571967,9430797.184535274,31872866.817681067,9756.609756097561,9431140.838911807,31873811.000320688,9756.609756097561,9431386.658582548,31873721.529277544,10732.170731707318,9431043.004206015,31872777.346637923,10732.170731707318
9431435.575935444,31874238.356118925,10244.390243902439,4.61175771867222,9431140.838911807,31873811.000320688,9756.609756097561,9431484.49328834,31874755.182960305,9756.609756097561,9431730.31295908,31874665.711917162,10732.170731707318,9431386.658582548,31873721.529277544,10732.170731707318
9431779.230311977,31875182.538758546,10244.390243902439,5.226840915320527,9431484.49328834,31874755.182960305,9756.609756097561,9431828.147664873,31875699.36559993,9756.609756097561,9432073.967335613,31875609.894556783,10732.170731707318,9431730.31295908,31874665.711917162,10732.170731707318
9432122.88468851,31876126.721398167,10244.390243902439,4.943203618797998,9431828.147664873,31875699.36559993,9756.609756097561,9432171.802041406,31876643.54823955,9756.609756097561,9432417.621712144,31876554.077196404,10732.170731707318,9432073.967335613,31875609.894556783,10732.170731707318
9432466.53906504,31877070.904037785,10244.390243902439,4.916871646596162,9432171.802041406,31876643.54823955,9756.609756097561,9432515.456417939,31877587.73087917,9756.609756097561,9432761.276088677,31877498.25983602,10732.170731707318,9432417.621712144,31876554.077196404,10732.170731707318
9432810.193441575,31878015.086677406,10244.390243902439,4.888267108472207,9432515.456417939,31877587.73087917,9756.609756097561,9432859.110794472,31878531.91351879,9756.609756097561,9433104.93046521,31878442.442475643,10732.170731707318,9432761.276088677,31877498.25983602,10732.170731707318
9433153.847818106,31878959.269317027,10244.390243902439,4.617493148611638,9432859.110794472,31878531.91351879,9756.609756097561,9433202.765171004,31879476.09615841,9756.609756097561,9433448.584841743,31879386.625115264,10732.170731707318,9433104.93046521,31878442.442475643,10732.170731707318
9433497.502194641,31879903.45195665,10244.390243902439,4.981853860929019,9433202.765171004,31879476.09615841,9756.609756097561,9433546.419547535,31880420.27879803,9756.609756097561,9433792.239218276,31880330.80775488,10732.170731707318,9433448.584841743,31879386.625115264,10732.170731707318
9433841.156571172,31880847.634596266,10244.390243902439,4.732467830580352,9433546.419547535,31880420.27879803,9756.609756097561,9433890.073924068,31881364.46143765,9756.609756097561,9434135.893594809,31881274.990394503,10732.170731707318,9433792.239218276,31880330.80775488,10732.170731707318
9434184.810947705,31881791.817235883,10244.390243902439,4.480766014720425,9433890.073924068,31881364.46143765,9756.609756097561,9434233.728300601,31882308.64407727,9756.609756097561,9434479.547971342,31882219.17303412,10732.170731707318,9434135.893594809,31881274.990394503,10732.170731707318
9434528.465324238,31882735.999875505,10244.390243902439,3.972947621363717,9434233.728300601,31882308.64407727,9756.609756097561,9434577.382677134,31883252.82671689,9756.609756097561,9434823.202347875,31883163.35567374,10732.170731707318,9434479.547971342,31882219.17303412,10732.170731707318
9434872.119700769,31883680.182515126,10244.390243902439,3.440762406361887,9434577.382677134,31883252.82671689,9756.609756097561,9434921.037053667,31884197.00935651,9756.609756097561,9435166.856724406,31884107.538313366,10732.170731707318,9434823.202347875,31883163.35567374,10732.170731707318
9435215.774077304,31884624.365154743,10244.390243902439,2.9402350444117773,9434921.037053667,31884197.00935651,9756.609756097561,9435264.6914302,31885141.191996127,9756.609756097561,9435510.511100939,31885051.720952984,10732.170731707318,9435166.856724406,31884107.538313366,10732.170731707318
9435559.428453835,31885568.547794364,10244.390243902439,2.6707121346921303,9435264.6914302,31885141.191996127,9756.609756097561,9435608.345806733,31886085.37463575,9756.609756097561,9435854.165477471,31885995.903592605,10732.170731707318,9435510.511100939,31885051.720952984,10732.170731707318
9435903.08283037,31886512.73043399,10244.390243902439,3.3381410193237646,9435608.345806733,31886085.37463575,9756.609756097561,9435952.000183264,31887029.557275366,9756.609756097561,9436197.819854004,31886940.086232223,10732.170731707318,9435854.165477471,31885995.903592605,10732.170731707318
9436246.7372069,31887456.913073607,10244.390243902439,3.6974660633697325,9435952.000183264,31887029.557275366,9756.609756097561,9436295.654559797,31887973.739914987,9756.609756097561,9436541.474230537,31887884.268871844,10732.170731707318,9436197.819854004,31886940.086232223,10732.170731707318
9436590.391583433,31888401.095713228,10244.390243902439,3.585055900781072,9436295.654559797,31887973.739914987,9756.609756097561,9436639.30893633,31888917.922554612,9756.609756097561,9436885.12860707,31888828.451511465,10732.170731707318,9436541.474230537,31887884.268871844,10732.170731707318
9436934.045959966,31889345.27835285,10244.390243902439,3.914662505840846,9436639.30893633,31888917.922554612,9756.609756097561,9436982.963312862,31889862.10519423,9756.609756097561,9437228.782983601,31889772.634151082,10732.170731707318,9436885.12860707,31888828.451511465,10732.170731707318
9437277.700336497,31890289.460992467,10244.390243902439,3.3361115640535504,9436982.963312862,31889862.10519423,9756.609756097561,9437326.617689395,31890806.28783385,9756.609756097561,9437572.437360134,31890716.816790704,10732.170731707318,9437228.782983601,31889772.634151082,10732.170731707318
9437621.354713032,31891233.643632084,10244.390243902439,3.0058235341569506,9437326.617689395,31890806.28783385,9756.609756097561,9437670.272065928,31891750.470473472,9756.609756097561,9437916.091736667,31891660.99943032,10732.170731707318,9437572.437360134,31890716.816790704,10732.170731707318
9437965.009089563,31892177.826271705,10244.390243902439,2.7610655493145577,9437670.272065928,31891750.470473472,9756.609756097561,9438013.92644246,31892694.65311309,9756.609756097561,9438259.7461132,31892605.182069942,10732.170731707318,9437916.091736667,31891660.99943032,10732.170731707318
9438308.663466094,31893122.008911327,10244.390243902439,2.841887808953452,9438013.92644246,31892694.65311309,9756.609756097561,9438357.580818992,31893638.83575271,9756.609756097561,9438603.400489733,31893549.364709564,10732.170731707318,9438259.7461132,31892605.182069942,10732.170731707318
9438652.317842629,31894066.191550944,10244.390243902439,2.7310025797178263,9438357.580818992,31893638.83575271,9756.609756097561,9438701.235195525,31894583.01839233,9756.609756097561,9438947.054866266,31894493.54734918,10732.170731707318,9438603.400489733,31893549.364709564,10732.170731707318
9438995.972219162,31895010.374190565,10244.390243902439,2.934928439087234,9438701.235195525,31894583.01839233,9756.609756097561,9439044.889572058,31895527.20103195,9756.609756097561,9439290.709242798,31895437.729988802,10732.170731707318,9438947.054866266,31894493.54734918,10732.170731707318
9439339.626595695,31895954.556830186,10244.390243902439,3.0116723419750238,9439044.889572058,31895527.20103195,9756.609756097561,9439388.54394859,31896471.38367157,9756.609756097561,9439634.363619331,31896381.912628423,10732.170731707318,9439290.709242798,31895437.729988802,10732.170731707318
9439683.280972226,31896898.739469804,10244.390243902439,3.2104612889031654,9439388.54394859,31896471.38367157,9756.609756097561,9439732.198325124,31897415.566311188,9756.609756097561,9439978.017995862,31897326.095268045,10732.170731707318,9439634.363619331,31896381.912628423,10732.170731707318
9440026.93534876,31897842.922109425,10244.390243902439,3.2259125736234497,9439732.198325124,31897415.566311188,9756.609756097561,9440075.852701657,31898359.74895081,9756.609756097561,9440321.672372395,31898270.277907666,10732.170731707318,9439978.017995862,31897326.095268045,10732.170731707318
9440370.589725291,31898787.104749046,10244.390243902439,3.268027723033497,9440075.852701657,31898359.74895081,9756.609756097561,9440419.50707819,31899303.93159043,9756.609756097561,9440665.326748928,31899214.460547287,10732.170731707318,9440321.672372395,31898270.277907666,10732.170731707318
9440714.244101826,31899731.28738867,10244.390243902439,3.229293660096763,9440419.50707819,31899303.93159043,9756.609756097561,9440763.16145472,31900248.114230048,9756.609756097561,9441008.981125461,31900158.643186904,10732.170731707318,9440665.326748928,31899214.460547287,10732.170731707318
9441057.898478357,31900675.47002829,10244.390243902439,3.0806780268235343,9440763.16145472,31900248.114230048,9756.609756097561,9441106.815831253,31901192.29686967,9756.609756097561,9441352.635501994,31901102.825826526,10732.170731707318,9441008.981125461,31900158.643186904,10732.170731707318
9441401.55285489,31901619.65266791,10244.390243902439,2.706462657286545,9441106.815831253,31901192.29686967,9756.609756097561,9441450.470207786,31902136.479509294,9756.609756097561,9441696.289878527,31902047.008466147,10732.170731707318,9441352.635501994,31901102.825826526,10732.170731707318
9441745.207231423,31902563.835307527,10244.390243902439,2.4889046839764233,9441450.470207786,31902136.479509294,9756.609756097561,9441794.12458432,31903080.66214891,9756.609756097561,9442039.94425506,31902991.191105764,10732.170731707318,9441696.289878527,31902047.008466147,10732.170731707318
9416216.948662216,31831660.666292876,11219.951219512195,1.638811861686025,9415922.21163858,31831233.310494643,10732.170731707318,9416265.866015112,31832177.49313426,10732.170731707318,9416511.68568585,31832088.022091113,11707.731707317073,9416168.031309318,31831143.839451496,11707.731707317073
9416560.603038747,31832604.848932497,11219.951219512195,1.677123493004459,9416265.866015112,31832177.49313426,10732.170731707318,9416609.520391645,31833121.67577388,10732.170731707318,9416855.340062382,31833032.204730734,11707.731707317073,9416511.68568585,31832088.022091113,11707.731707317073
9416904.257415282,31833549.03157212,11219.951219512195,1.7654145558416614,9416609.520391645,31833121.67577388,10732.170731707318,9416953.174768178,31834065.858413503,10732.170731707318,9417198.994438915,31833976.38737035,11707.731707317073,9416855.340062382,31833032.204730734,11707.731707317073
9417247.911791813,31834493.214211736,11219.951219512195,1.8867752797046546,9416953.174768178,31834065.858413503,10732.170731707318,9417296.82914471,31835010.04105312,10732.170731707318,9417542.648815447,31834920.570009973,11707.731707317073,9417198.994438915,31833976.38737035,11707.731707317073
9417591.566168347,31835437.396851357,11219.951219512195,1.727467677425385,9417296.82914471,31835010.04105312,10732.170731707318,9417640.483521244,31835954.22369274,10732.170731707318,9417886.30319198,31835864.752649594,11707.731707317073,9417542.648815447,31834920.570009973,11707.731707317073
9417935.220544878,31836381.579490975,11219.951219512195,1.8069676831812678,9417640.483521244,31835954.22369274,10732.170731707318,9417984.137897775,31836898.40633236,10732.170731707318,9418229.957568513,31836808.93528921,11707.731707317073,9417886.30319198,31835864.752649594,11707.731707317073
9418278.87492141,31837325.762130596,11219.951219512195,2.000217213250751,9417984.137897775,31836898.40633236,10732.170731707318,9418327.792274307,31837842.58897198,10732.170731707318,9418573.611945046,31837753.117928833,11707.731707317073,9418229.957568513,31836808.93528921,11707.731707317073
9418622.529297944,31838269.944770217,11219.951219512195,2.0759080010688393,9418327.792274307,31837842.58897198,10732.170731707318,9418671.44665084,31838786.7716116,10732.170731707318,9418917.266321579,31838697.300568454,11707.731707317073,9418573.611945046,31837753.117928833,11707.731707317073
9418966.183674477,31839214.12740984,11219.951219512195,1.8542823923903966,9418671.44665084,31838786.7716116,10732.170731707318,9419015.101027373,31839730.95425122,10732.170731707318,9419260.920698112,31839641.483208075,11707.731707317073,9418917.266321579,31838697.300568454,11707.731707317073
9419309.83805101,31840158.310049456,11219.951219512195,1.56996657975526,9419015.101027373,31839730.95425122,10732.170731707318,9419358.755403906,31840675.13689084,10732.170731707318,9419604.575074643,31840585.665847696,11707.731707317073,9419260.920698112,31839641.483208075,11707.731707317073
9419653.492427541,31841102.492689077,11219.951219512195,1.2033263275637798,9419358.755403906,31840675.13689084,10732.170731707318,9419702.409780439,31841619.31953046,10732.170731707318,9419948.229451176,31841529.848487318,11707.731707317073,9419604.575074643,31840585.665847696,11707.731707317073
9419997.146804074,31842046.675328698,11219.951219512195,1.0879012487969346,9419702.409780439,31841619.31953046,10732.170731707318,9420046.06415697,31842563.50217008,10732.170731707318,9420291.883827709,31842474.031126935,11707.731707317073,9419948.229451176,31841529.848487318,11707.731707317073
9420340.801180607,31842990.857968315,11219.951219512195,1.358003716470155,9420046.06415697,31842563.50217008,10732.170731707318,9420389.718533503,31843507.6848097,10732.170731707318,9420635.538204242,31843418.213766553,11707.731707317073,9420291.883827709,31842474.031126935,11707.731707317073
9420684.455557138,31843935.040607937,11219.951219512195,1.675380018583137,9420389.718533503,31843507.6848097,10732.170731707318,9420733.372910036,31844451.86744932,10732.170731707318,9420979.192580774,31844362.396406174,11707.731707317073,9420635.538204242,31843418.213766553,11707.731707317073
9421028.109933672,31844879.223247558,11219.951219512195,1.7813946164042946,9420733.372910036,31844451.86744932,10732.170731707318,9421077.027286569,31845396.050088942,10732.170731707318,9421322.846957307,31845306.579045795,11707.731707317073,9420979.192580774,31844362.396406174,11707.731707317073
9421371.764310203,31845823.40588718,11219.951219512195,1.8585920842955392,9421077.027286569,31845396.050088942,10732.170731707318,9421420.681663102,31846340.23272856,10732.170731707318,9421666.501333838,31846250.761685412,11707.731707317073,9421322.846957307,31845306.579045795,11707.731707317073
9421715.418686738,31846767.588526797,11219.951219512195,1.8577359294015487,9421420.681663102,31846340.23272856,10732.170731707318,9421764.336039634,31847284.41536818,10732.170731707318,9422010.155710371,31847194.944325034,11707.731707317073,9421666.501333838,31846250.761685412,11707.731707317073
9422059.07306327,31847711.771166418,11219.951219512195,2.0031923895531256,9421764.336039634,31847284.41536818,10732.170731707318,9422107.990416167,31848228.598007802,10732.170731707318,9422353.810086904,31848139.126964655,11707.731707317073,9422010.155710371,31847194.944325034,11707.731707317073
9422402.727439802,31848655.95380604,11219.951219512195,2.445162072149171,9422107.990416167,31848228.598007802,10732.170731707318,9422451.644792698,31849172.78064742,10732.170731707318,9422697.464463437,31849083.309604272,11707.731707317073,9422353.810086904,31848139.126964655,11707.731707317073
9422746.381816335,31849600.136445656,11219.951219512195,2.6695839905230367,9422451.644792698,31849172.78064742,10732.170731707318,9422795.299169231,31850116.96328704,10732.170731707318,9423041.11883997,31850027.492243893,11707.731707317073,9422697.464463437,31849083.309604272,11707.731707317073
9423090.036192866,31850544.319085278,11219.951219512195,2.946715731938346,9422795.299169231,31850116.96328704,10732.170731707318,9423138.953545764,31851061.14592666,10732.170731707318,9423384.773216503,31850971.674883515,11707.731707317073,9423041.11883997,31850027.492243893,11707.731707317073
9423433.6905694,31851488.501724895,11219.951219512195,3.7250887461276476,9423138.953545764,31851061.14592666,10732.170731707318,9423482.607922297,31852005.32856628,10732.170731707318,9423728.427593036,31851915.857523136,11707.731707317073,9423384.773216503,31850971.674883515,11707.731707317073
9423777.344945934,31852432.684364516,11219.951219512195,4.610823202550155,9423482.607922297,31852005.32856628,10732.170731707318,9423826.26229883,31852949.5112059,10732.170731707318,9424072.081969569,31852860.040162757,11707.731707317073,9423728.427593036,31851915.857523136,11707.731707317073
9424120.999322467,31853376.867004137,11219.951219512195,4.614945600268848,9423826.26229883,31852949.5112059,10732.170731707318,9424169.916675363,31853893.69384552,10732.170731707318,9424415.7363461,31853804.22280238,11707.731707317073,9424072.081969569,31852860.040162757,11707.731707317073
9424464.653698998,31854321.04964376,11219.951219512195,3.840694787410607,9424169.916675363,31853893.69384552,10732.170731707318,9424513.571051896,31854837.87648514,10732.170731707318,9424759.390722632,31854748.405441996,11707.731707317073,9424415.7363461,31853804.22280238,11707.731707317073
9424808.308075532,31855265.23228338,11219.951219512195,3.6072693545197465,9424513.571051896,31854837.87648514,10732.170731707318,9424857.225428429,31855782.05912476,10732.170731707318,9425103.045099165,31855692.588081617,11707.731707317073,9424759.390722632,31854748.405441996,11707.731707317073
9425151.962452063,31856209.414923,11219.951219512195,4.008623837206482,9424857.225428429,31855782.05912476,10732.170731707318,9425200.87980496,31856726.24176438,10732.170731707318,9425446.699475698,31856636.770721234,11707.731707317073,9425103.045099165,31855692.588081617,11707.731707317073
9425495.616828594,31857153.59756262,11219.951219512195,3.7525340456156973,9425200.87980496,31856726.24176438,10732.170731707318,9425544.534181492,31857670.424404003,10732.170731707318,9425790.353852231,31857580.953360856,11707.731707317073,9425446.699475698,31856636.770721234,11707.731707317073
9425839.271205127,31858097.78020224,11219.951219512195,3.6122150318717043,9425544.534181492,31857670.424404003,10732.170731707318,9425888.188558025,31858614.607043624,10732.170731707318,9426134.008228764,31858525.136000477,11707.731707317073,9425790.353852231,31857580.953360856,11707.731707317073
9426182.92558166,31859041.96284186,11219.951219512195,3.313972676000043,9425888.188558025,31858614.607043624,10732.170731707318,9426231.842934558,31859558.78968324,10732.170731707318,9426477.662605297,31859469.318640094,11707.731707317073,9426134.008228764,31858525.136000477,11707.731707317073
9426526.579958193,31859986.14548148,11219.951219512195,3.2742805694905797,9426231.842934558,31859558.78968324,10732.170731707318,9426575.497311091,31860502.972322863,10732.170731707318,9426821.31698183,31860413.501279715,11707.731707317073,9426477.662605297,31859469.318640094,11707.731707317073
9426870.234334726,31860930.3281211,11219.951219512195,2.673837693060889,9426575.497311091,31860502.972322863,10732.170731707318,9426919.151687624,31861447.154962484,10732.170731707318,9427164.97135836,31861357.683919337,11707.731707317073,9426821.31698183,31860413.501279715,11707.731707317073
9427213.888711259,31861874.510760717,11219.951219512195,2.411826832635922,9426919.151687624,31861447.154962484,10732.170731707318,9427262.806064157,31862391.3376021,10732.170731707318,9427508.625734894,31862301.866558954,11707.731707317073,9427164.97135836,31861357.683919337,11707.731707317073
9427557.54308779,31862818.69340034,11219.951219512195,2.359394844482529,9427262.806064157,31862391.3376021,10732.170731707318,9427606.46044069,31863335.520241722,10732.170731707318,9427852.280111426,31863246.049198575,11707.731707317073,9427508.625734894,31862301.866558954,11707.731707317073
9427901.197464325,31863762.87603996,11219.951219512195,2.0440768956187862,9427606.46044069,31863335.520241722,10732.170731707318,9427950.11481722,31864279.702881344,10732.170731707318,9428195.93448796,31864190.231838197,11707.731707317073,9427852.280111426,31863246.049198575,11707.731707317073
9428244.851840856,31864707.058679577,11219.951219512195,2.3098686431259674,9427950.11481722,31864279.702881344,10732.170731707318,9428293.769193754,31865223.88552096,10732.170731707318,9428539.588864492,31865134.414477818,11707.731707317073,9428195.93448796,31864190.231838197,11707.731707317073
9428588.506217387,31865651.2413192,11219.951219512195,3.2453886064186284,9428293.769193754,31865223.88552096,10732.170731707318,9428637.423570286,31866168.068160582,10732.170731707318,9428883.243241023,31866078.597117435,11707.731707317073,9428539.588864492,31865134.414477818,11707.731707317073
9428932.160593921,31866595.423958816,11219.951219512195,4.163889553529151,9428637.423570286,31866168.068160582,10732.170731707318,9428981.07794682,31867112.2508002,10732.170731707318,9429226.897617556,31867022.779757056,11707.731707317073,9428883.243241023,31866078.597117435,11707.731707317073
9429275.814970452,31867539.606598437,11219.951219512195,4.7465424790838995,9428981.07794682,31867112.2508002,10732.170731707318,9429324.732323352,31868056.43343982,10732.170731707318,9429570.551994089,31867966.962396678,11707.731707317073,9429226.897617556,31867022.779757056,11707.731707317073
9429619.469346985,31868483.78923806,11219.951219512195,5.67300772627266,9429324.732323352,31868056.43343982,10732.170731707318,9429668.386699883,31869000.61607944,10732.170731707318,9429914.206370622,31868911.145036295,11707.731707317073,9429570.551994089,31867966.962396678,11707.731707317073
9429963.123723518,31869427.97187768,11219.951219512195,5.645747440072063,9429668.386699883,31869000.61607944,10732.170731707318,9430012.041076416,31869944.79871906,10732.170731707318,9430257.860747155,31869855.327675916,11707.731707317073,9429914.206370622,31868911.145036295,11707.731707317073
9430306.77810005,31870372.1545173,11219.951219512195,5.589834901873021,9430012.041076416,31869944.79871906,10732.170731707318,9430355.695452949,31870888.981358685,10732.170731707318,9430601.515123688,31870799.510315537,11707.731707317073,9430257.860747155,31869855.327675916,11707.731707317073
9430650.432476584,31871316.337156918,11219.951219512195,5.608329573293228,9430355.695452949,31870888.981358685,10732.170731707318,9430699.349829482,31871833.163998302,10732.170731707318,9430945.16950022,31871743.692955155,11707.731707317073,9430601.515123688,31870799.510315537,11707.731707317073
9430994.086853117,31872260.51979654,11219.951219512195,6.104073441905247,9430699.349829482,31871833.163998302,10732.170731707318,9431043.004206015,31872777.346637923,10732.170731707318,9431288.823876753,31872687.875594776,11707.731707317073,9430945.16950022,31871743.692955155,11707.731707317073
9431337.74122965,31873204.70243616,11219.951219512195,6.796850300368471,9431043.004206015,31872777.346637923,10732.170731707318,9431386.658582548,31873721.529277544,10732.170731707318,9431632.478253284,31873632.058234397,11707.731707317073,9431288.823876753,31872687.875594776,11707.731707317073
9431681.39560618,31874148.885075778,11219.951219512195,7.447875295026092,9431386.658582548,31873721.529277544,10732.170731707318,9431730.31295908,31874665.711917162,10732.170731707318,9431976.132629817,31874576.240874015,11707.731707317073,9431632.478253284,31873632.058234397,11707.731707317073
9432025.049982715,31875093.0677154,11219.951219512195,7.454334721155079,9431730.31295908,31874665.711917162,10732.170731707318,9432073.967335613,31875609.894556783,10732.170731707318,9432319.78700635,31875520.423513636,11707.731707317073,9431976.132629817,31874576.240874015,11707.731707317073
9432368.704359246,31876037.25035502,11219.951219512195,7.197009400793786,9432073.967335613,31875609.894556783,10732.170731707318,9432417.621712144,31876554.077196404,10732.170731707318,9432663.441382883,31876464.606153257,11707.731707317073,9432319.78700635,31875520.423513636,11707.731707317073
9432712.358735777,31876981.432994638,11219.951219512195,6.630095531773299,9432417.621712144,31876554.077196404,10732.170731707318,9432761.276088677,31877498.25983602,10732.170731707318,9433007.095759416,31877408.788792875,11707.731707317073,9432663.441382883,31876464.606153257,11707.731707317073
9433056.013112312,31877925.61563426,11219.951219512195,6.698392374263491,9432761.276088677,31877498.25983602,10732.170731707318,9433104.93046521,31878442.442475643,10732.170731707318,9433350.750135949,31878352.9714325,11707.731707317073,9433007.095759416,31877408.788792875,11707.731707317073
9433399.667488845,31878869.79827388,11219.951219512195,6.813874654416702,9433104.93046521,31878442.442475643,10732.170731707318,9433448.584841743,31879386.625115264,10732.170731707318,9433694.404512482,31879297.154072117,11707.731707317073,9433350.750135949,31878352.9714325,11707.731707317073
9433743.321865378,31879813.9809135,11219.951219512195,6.322767221115047,9433448.584841743,31879386.625115264,10732.170731707318,9433792.239218276,31880330.80775488,10732.170731707318,9434038.058889015,31880241.33671174,11707.731707317073,9433694.404512482,31879297.154072117,11707.731707317073
9434086.976241909,31880758.16355312,11219.951219512195,6.899274496655889,9433792.239218276,31880330.80775488,10732.170731707318,9434135.893594809,31881274.990394503,10732.170731707318,9434381.713265546,31881185.51935136,11707.731707317073,9434038.058889015,31880241.33671174,11707.731707317073
9434430.630618444,31881702.34619274,11219.951219512195,6.662555004733552,9434135.893594809,31881274.990394503,10732.170731707318,9434479.547971342,31882219.17303412,10732.170731707318,9434725.367642079,31882129.701990977,11707.731707317073,9434381.713265546,31881185.51935136,11707.731707317073
9434774.284994975,31882646.52883236,11219.951219512195,5.0250561476582725,9434479.547971342,31882219.17303412,10732.170731707318,9434823.202347875,31883163.35567374,10732.170731707318,9435069.022018611,31883073.884630598,11707.731707317073,9434725.367642079,31882129.701990977,11707.731707317073
9435117.93937151,31883590.711471982,11219.951219512195,3.9901868693567235,9434823.202347875,31883163.35567374,10732.170731707318,9435166.856724406,31884107.538313366,10732.170731707318,9435412.676395144,31884018.06727022,11707.731707317073,9435069.022018611,31883073.884630598,11707.731707317073
9435461.59374804,31884534.8941116,11219.951219512195,3.382130578848925,9435166.856724406,31884107.538313366,10732.170731707318,9435510.511100939,31885051.720952984,10732.170731707318,9435756.330771677,31884962.249909837,11707.731707317073,9435412.676395144,31884018.06727022,11707.731707317073
9435805.248124573,31885479.07675122,11219.951219512195,3.528038472260452,9435510.511100939,31885051.720952984,10732.170731707318,9435854.165477471,31885995.903592605,10732.170731707318,9436099.98514821,31885906.432549458,11707.731707317073,9435756.330771677,31884962.249909837,11707.731707317073
9436148.902501106,31886423.259390842,11219.951219512195,3.7248649227135564,9435854.165477471,31885995.903592605,10732.170731707318,9436197.819854004,31886940.086232223,10732.170731707318,9436443.639524741,31886850.615189075,11707.731707317073,9436099.98514821,31885906.432549458,11707.731707317073
9436492.556877637,31887367.44203046,11219.951219512195,3.867242787627221,9436197.819854004,31886940.086232223,10732.170731707318,9436541.474230537,31887884.268871844,10732.170731707318,9436787.293901274,31887794.797828697,11707.731707317073,9436443.639524741,31886850.615189075,11707.731707317073
9436836.211254172,31888311.62467008,11219.951219512195,4.081448800587976,9436541.474230537,31887884.268871844,10732.170731707318,9436885.12860707,31888828.451511465,10732.170731707318,9437130.948277807,31888738.980468314,11707.731707317073,9436787.293901274,31887794.797828697,11707.731707317073
9437179.865630703,31889255.807309702,11219.951219512195,4.717202757160709,9436885.12860707,31888828.451511465,10732.170731707318,9437228.782983601,31889772.634151082,10732.170731707318,9437474.60265434,31889683.163107935,11707.731707317073,9437130.948277807,31888738.980468314,11707.731707317073
9437523.520007234,31890199.98994932,11219.951219512195,4.085911904924261,9437228.782983601,31889772.634151082,10732.170731707318,9437572.437360134,31890716.816790704,10732.170731707318,9437818.257030873,31890627.345747557,11707.731707317073,9437474.60265434,31889683.163107935,11707.731707317073
9437867.174383769,31891144.172588937,11219.951219512195,3.8346135664442444,9437572.437360134,31890716.816790704,10732.170731707318,9437916.091736667,31891660.99943032,10732.170731707318,9438161.911407406,31891571.528387178,11707.731707317073,9437818.257030873,31890627.345747557,11707.731707317073
9438210.828760302,31892088.35522856,11219.951219512195,3.8448995835557542,9437916.091736667,31891660.99943032,10732.170731707318,9438259.7461132,31892605.182069942,10732.170731707318,9438505.565783938,31892515.7110268,11707.731707317073,9438161.911407406,31891571.528387178,11707.731707317073
9438554.483136835,31893032.53786818,11219.951219512195,4.093457285996893,9438259.7461132,31892605.182069942,10732.170731707318,9438603.400489733,31893549.364709564,10732.170731707318,9438849.22016047,31893459.89366642,11707.731707317073,9438505.565783938,31892515.7110268,11707.731707317073
9438898.137513366,31893976.7205078,11219.951219512195,3.9564397434848018,9438603.400489733,31893549.364709564,10732.170731707318,9438947.054866266,31894493.54734918,10732.170731707318,9439192.874537002,31894404.076306038,11707.731707317073,9438849.22016047,31893459.89366642,11707.731707317073
9439241.7918899,31894920.90314742,11219.951219512195,3.6841986539423908,9438947.054866266,31894493.54734918,10732.170731707318,9439290.709242798,31895437.729988802,10732.170731707318,9439536.528913535,31895348.25894566,11707.731707317073,9439192.874537002,31894404.076306038,11707.731707317073
9439585.446266431,31895865.085787043,11219.951219512195,3.9652807780001638,9439290.709242798,31895437.729988802,10732.170731707318,9439634.363619331,31896381.912628423,10732.170731707318,9439880.183290068,31896292.44158528,11707.731707317073,9439536.528913535,31895348.25894566,11707.731707317073
9439929.100642966,31896809.26842666,11219.951219512195,4.1163745081841006,9439634.363619331,31896381.912628423,10732.170731707318,9439978.017995862,31897326.095268045,10732.170731707318,9440223.837666601,31897236.624224897,11707.731707317073,9439880.183290068,31896292.44158528,11707.731707317073
9440272.755019497,31897753.45106628,11219.951219512195,3.944000969715119,9439978.017995862,31897326.095268045,10732.170731707318,9440321.672372395,31898270.277907666,10732.170731707318,9440567.492043134,31898180.80686452,11707.731707317073,9440223.837666601,31897236.624224897,11707.731707317073
9440616.40939603,31898697.633705903,11219.951219512195,3.8323181975496796,9440321.672372395,31898270.277907666,10732.170731707318,9440665.326748928,31899214.460547287,10732.170731707318,9440911.146419667,31899124.98950414,11707.731707317073,9440567.492043134,31898180.80686452,11707.731707317073
9440960.063772563,31899641.816345524,11219.951219512195,3.495873247107135,9440665.326748928,31899214.460547287,10732.170731707318,9441008.981125461,31900158.643186904,10732.170731707318,9441254.8007962,31900069.172143757,11707.731707317073,9440911.146419667,31899124.98950414,11707.731707317073
9441303.718149094,31900585.99898514,11219.951219512195,3.269458502124243,9441008.981125461,31900158.643186904,10732.170731707318,9441352.635501994,31901102.825826526,10732.170731707318,9441598.45517273,31901013.35478338,11707.731707317073,9441254.8007962,31900069.172143757,11707.731707317073
9441647.372525629,31901530.181624763,11219.951219512195,3.0004032788000163,9441352.635501994,31901102.825826526,10732.170731707318,9441696.289878527,31902047.008466147,10732.170731707318,9441942.109549263,31901957.537423,11707.731707317073,9441598.45517273,31901013.35478338,11707.731707317073
9441991.02690216,31902474.36426438,11219.951219512195,2.680631344590315,9441696.289878527,31902047.008466147,10732.170731707318,9442039.94425506,31902991.191105764,10732.170731707318,9442285.763925796,31902901.720062617,11707.731707317073,9441942.109549263,31901957.537423,11707.731707317073
9416462.768332953,31831571.19524973,12195.512195121953,1.8914798947354987,9416168.031309318,31831143.839451496,11707.731707317073,9416511.68568585,31832088.022091113,11707.731707317073,9416757.50535659,31831998.551047966,12683.292682926829,9416413.850980056,31831054.368408345,12683.292682926829
9416806.422709486,31832515.37788935,12195.512195121953,1.94384503616815,9416511.68568585,31832088.022091113,11707.731707317073,9416855.340062382,31833032.204730734,11707.731707317073,9417101.159733122,31832942.733687587,12683.292682926829,9416757.50535659,31831998.551047966,12683.292682926829
9417150.077086018,31833459.560528968,12195.512195121953,2.0262500415045452,9416855.340062382,31833032.204730734,11707.731707317073,9417198.994438915,31833976.38737035,11707.731707317073,9417444.814109655,31833886.91632721,12683.292682926829,9417101.159733122,31832942.733687587,12683.292682926829
9417493.73146255,31834403.74316859,12195.512195121953,2.2933308774681413,9417198.994438915,31833976.38737035,11707.731707317073,9417542.648815447,31834920.570009973,11707.731707317073,9417788.468486188,31834831.09896683,12683.292682926829,9417444.814109655,31833886.91632721,12683.292682926829
9417837.385839084,31835347.92580821,12195.512195121953,2.243799941258073,9417542.648815447,31834920.570009973,11707.731707317073,9417886.30319198,31835864.752649594,11707.731707317073,9418132.12286272,31835775.28160645,12683.292682926829,9417788.468486188,31834831.09896683,12683.292682926829
9418181.040215617,31836292.10844783,12195.512195121953,2.439071638132293,9417886.30319198,31835864.752649594,11707.731707317073,9418229.957568513,31836808.93528921,11707.731707317073,9418475.777239254,31836719.46424607,12683.292682926829,9418132.12286272,31835775.28160645,12683.292682926829
9418524.69459215,31837236.291087452,12195.512195121953,2.721123199477138,9418229.957568513,31836808.93528921,11707.731707317073,9418573.611945046,31837753.117928833,11707.731707317073,9418819.431615785,31837663.64688569,12683.292682926829,9418475.777239254,31836719.46424607,12683.292682926829
9418868.348968681,31838180.473727074,12195.512195121953,2.8568868366797804,9418573.611945046,31837753.117928833,11707.731707317073,9418917.266321579,31838697.300568454,11707.731707317073,9419163.085992318,31838607.82952531,12683.292682926829,9418819.431615785,31837663.64688569,12683.292682926829
9419212.003345216,31839124.656366695,12195.512195121953,2.9043569303593184,9418917.266321579,31838697.300568454,11707.731707317073,9419260.920698112,31839641.483208075,11707.731707317073,9419506.74036885,31839552.012164928,12683.292682926829,9419163.085992318,31838607.82952531,12683.292682926829
9419555.657721747,31840068.839006312,12195.512195121953,2.3413190673702444,9419260.920698112,31839641.483208075,11707.731707317073,9419604.575074643,31840585.665847696,11707.731707317073,9419850.394745383,31840496.19480455,12683.292682926829,9419506.74036885,31839552.012164928,12683.292682926829
9419899.312098278,31841013.021645933,12195.512195121953,1.8307366842472108,9419604.575074643,31840585.665847696,11707.731707317073,9419948.229451176,31841529.848487318,11707.731707317073,9420194.049121916,31841440.37744417,12683.292682926829,9419850.394745383,31840496.19480455,12683.292682926829
9420242.966474812,31841957.20428555,12195.512195121953,1.7282288803274533,9419948.229451176,31841529.848487318,11707.731707317073,9420291.883827709,31842474.031126935,11707.731707317073,9420537.703498447,31842384.560083788,12683.292682926829,9420194.049121916,31841440.37744417,12683.292682926829
9420586.620851343,31842901.38692517,12195.512195121953,2.005639545282839,9420291.883827709,31842474.031126935,11707.731707317073,9420635.538204242,31843418.213766553,11707.731707317073,9420881.35787498,31843328.742723405,12683.292682926829,9420537.703498447,31842384.560083788,12683.292682926829
9420930.275227878,31843845.56956479,12195.512195121953,2.167190971780876,9420635.538204242,31843418.213766553,11707.731707317073,9420979.192580774,31844362.396406174,11707.731707317073,9421225.012251513,31844272.925363027,12683.292682926829,9420881.35787498,31843328.742723405,12683.292682926829
9421273.92960441,31844789.75220441,12195.512195121953,2.1501379542929677,9420979.192580774,31844362.396406174,11707.731707317073,9421322.846957307,31845306.579045795,11707.731707317073,9421568.666628046,31845217.108002648,12683.292682926829,9421225.012251513,31844272.925363027,12683.292682926829
9421617.583980942,31845733.934844032,12195.512195121953,1.953743639479362,9421322.846957307,31845306.579045795,11707.731707317073,9421666.501333838,31846250.761685412,11707.731707317073,9421912.321004579,31846161.290642265,12683.292682926829,9421568.666628046,31845217.108002648,12683.292682926829
9421961.238357475,31846678.11748365,12195.512195121953,1.9601150920085548,9421666.501333838,31846250.761685412,11707.731707317073,9422010.155710371,31847194.944325034,11707.731707317073,9422255.975381112,31847105.47328189,12683.292682926829,9421912.321004579,31846161.290642265,12683.292682926829
9422304.892734006,31847622.30012327,12195.512195121953,2.4250883467819064,9422010.155710371,31847194.944325034,11707.731707317073,9422353.810086904,31848139.126964655,11707.731707317073,9422599.629757645,31848049.65592151,12683.292682926829,9422255.975381112,31847105.47328189,12683.292682926829
9422648.54711054,31848566.48276289,12195.512195121953,2.4621768870416676,9422353.810086904,31848139.126964655,11707.731707317073,9422697.464463437,31849083.309604272,11707.731707317073,9422943.284134177,31848993.83856113,12683.292682926829,9422599.629757645,31848049.65592151,12683.292682926829
9422992.201487072,31849510.665402513,12195.512195121953,2.81376215913392,9422697.464463437,31849083.309604272,11707.731707317073,9423041.11883997,31850027.492243893,11707.731707317073,9423286.938510709,31849938.02120075,12683.292682926829,9422943.284134177,31848993.83856113,12683.292682926829
9423335.855863607,31850454.848042134,12195.512195121953,3.213181896542212,9423041.11883997,31850027.492243893,11707.731707317073,9423384.773216503,31850971.674883515,11707.731707317073,9423630.592887241,31850882.20384037,12683.292682926829,9423286.938510709,31849938.02120075,12683.292682926829
9423679.510240138,31851399.03068175,12195.512195121953,4.020099659498332,9423384.773216503,31850971.674883515,11707.731707317073,9423728.427593036,31851915.857523136,11707.731707317073,9423974.247263774,31851826.38647999,12683.292682926829,9423630.592887241,31850882.20384037,12683.292682926829
9424023.164616672,31852343.213321373,12195.512195121953,4.070949583192447,9423728.427593036,31851915.857523136,11707.731707317073,9424072.081969569,31852860.040162757,11707.731707317073,9424317.901640307,31852770.56911961,12683.292682926829,9423974.247263774,31851826.38647999,12683.292682926829
9424366.818993203,31853287.395960994,12195.512195121953,3.887027524555938,9424072.081969569,31852860.040162757,11707.731707317073,9424415.7363461,31853804.22280238,11707.731707317073,9424661.55601684,31853714.751759227,12683.292682926829,9424317.901640307,31852770.56911961,12683.292682926829
9424710.473369734,31854231.57860061,12195.512195121953,3.648122822584785,9424415.7363461,31853804.22280238,11707.731707317073,9424759.390722632,31854748.405441996,11707.731707317073,9425005.210393373,31854658.93439885,12683.292682926829,9424661.55601684,31853714.751759227,12683.292682926829
9425054.12774627,31855175.761240233,12195.512195121953,3.6836147727760213,9424759.390722632,31854748.405441996,11707.731707317073,9425103.045099165,31855692.588081617,11707.731707317073,9425348.864769906,31855603.11703847,12683.292682926829,9425005.210393373,31854658.93439885,12683.292682926829
9425397.782122802,31856119.94387985,12195.512195121953,3.9197770565211334,9425103.045099165,31855692.588081617,11707.731707317073,9425446.699475698,31856636.770721234,11707.731707317073,9425692.519146439,31856547.299678087,12683.292682926829,9425348.864769906,31855603.11703847,12683.292682926829
9425741.436499335,31857064.12651947,12195.512195121953,4.137176064850702,9425446.699475698,31856636.770721234,11707.731707317073,9425790.353852231,31857580.953360856,11707.731707317073,9426036.17352297,31857491.48231771,12683.292682926829,9425692.519146439,31856547.299678087,12683.292682926829
9426085.090875866,31858008.309159093,12195.512195121953,4.085189005823988,9425790.353852231,31857580.953360856,11707.731707317073,9426134.008228764,31858525.136000477,11707.731707317073,9426379.827899503,31858435.66495733,12683.292682926829,9426036.17352297,31857491.48231771,12683.292682926829
9426428.7452524,31858952.491798714,12195.512195121953,4.124121714793414,9426134.008228764,31858525.136000477,11707.731707317073,9426477.662605297,31859469.318640094,11707.731707317073,9426723.482276035,31859379.847596947,12683.292682926829,9426379.827899503,31858435.66495733,12683.292682926829
9426772.399628932,31859896.67443833,12195.512195121953,3.402717526490549,9426477.662605297,31859469.318640094,11707.731707317073,9426821.31698183,31860413.501279715,11707.731707317073,9427067.136652568,31860324.030236572,12683.292682926829,9426723.482276035,31859379.847596947,12683.292682926829
9427116.054005466,31860840.857077952,12195.512195121953,3.089147134704427,9426821.31698183,31860413.501279715,11707.731707317073,9427164.97135836,31861357.683919337,11707.731707317073,9427410.791029101,31861268.212876193,12683.292682926829,9427067.136652568,31860324.030236572,12683.292682926829
9427459.708381997,31861785.03971757,12195.512195121953,3.0641992854862634,9427164.97135836,31861357.683919337,11707.731707317073,9427508.625734894,31862301.866558954,11707.731707317073,9427754.445405634,31862212.39551581,12683.292682926829,9427410.791029101,31861268.212876193,12683.292682926829
9427803.36275853,31862729.222357195,12195.512195121953,2.8661206438270876,9427508.625734894,31862301.866558954,11707.731707317073,9427852.280111426,31863246.049198575,11707.731707317073,9428098.099782167,31863156.578155432,12683.292682926829,9427754.445405634,31862212.39551581,12683.292682926829
9428147.017135063,31863673.404996816,12195.512195121953,2.471024366935851,9427852.280111426,31863246.049198575,11707.731707317073,9428195.93448796,31864190.231838197,11707.731707317073,9428441.7541587,31864100.760795053,12683.292682926829,9428098.099782167,31863156.578155432,12683.292682926829
9428490.671511594,31864617.587636434,12195.512195121953,2.704862655556871,9428195.93448796,31864190.231838197,11707.731707317073,9428539.588864492,31865134.414477818,11707.731707317073,9428785.40853523,31865044.94343467,12683.292682926829,9428441.7541587,31864100.760795053,12683.292682926829
9428834.325888127,31865561.770276055,12195.512195121953,3.8661603041417725,9428539.588864492,31865134.414477818,11707.731707317073,9428883.243241023,31866078.597117435,11707.731707317073,9429129.062911764,31865989.126074288,12683.292682926829,9428785.40853523,31865044.94343467,12683.292682926829
9429177.98026466,31866505.952915672,12195.512195121953,4.6763514035554214,9428883.243241023,31866078.597117435,11707.731707317073,9429226.897617556,31867022.779757056,11707.731707317073,9429472.717288297,31866933.30871391,12683.292682926829,9429129.062911764,31865989.126074288,12683.292682926829
9429521.634641191,31867450.135555293,12195.512195121953,4.886563708245464,9429226.897617556,31867022.779757056,11707.731707317073,9429570.551994089,31867966.962396678,11707.731707317073,9429816.37166483,31867877.49135353,12683.292682926829,9429472.717288297,31866933.30871391,12683.292682926829
9429865.289017726,31868394.318194915,12195.512195121953,5.4300981709611715,9429570.551994089,31867966.962396678,11707.731707317073,9429914.206370622,31868911.145036295,11707.731707317073,9430160.026041362,31868821.673993148,12683.292682926829,9429816.37166483,31867877.49135353,12683.292682926829
9430208.943394259,31869338.500834532,12195.512195121953,5.950162422371074,9429914.206370622,31868911.145036295,11707.731707317073,9430257.860747155,31869855.327675916,11707.731707317073,9430503.680417895,31869765.85663277,12683.292682926829,9430160.026041362,31868821.673993148,12683.292682926829
9430552.597770792,31870282.683474153,12195.512195121953,6.477427609721686,9430257.860747155,31869855.327675916,11707.731707317073,9430601.515123688,31870799.510315537,11707.731707317073,9430847.334794426,31870710.03927239,12683.292682926829,9430503.680417895,31869765.85663277,12683.292682926829
9430896.252147323,31871226.86611377,12195.512195121953,6.261107601920598,9430601.515123688,31870799.510315537,11707.731707317073,9430945.16950022,31871743.692955155,11707.731707317073,9431190.98917096,31871654.221912008,12683.292682926829,9430847.334794426,31870710.03927239,12683.292682926829
9431239.906523857,31872171.048753392,12195.512195121953,5.229966854212271,9430945.16950022,31871743.692955155,11707.731707317073,9431288.823876753,31872687.875594776,11707.731707317073,9431534.643547492,31872598.40455163,12683.292682926829,9431190.98917096,31871654.221912008,12683.292682926829
9431583.560900388,31873115.231393013,12195.512195121953,7.21192544185829,9431288.823876753,31872687.875594776,11707.731707317073,9431632.478253284,31873632.058234397,11707.731707317073,9431878.297924025,31873542.587191254,12683.292682926829,9431534.643547492,31872598.40455163,12683.292682926829
9431927.21527692,31874059.41403263,12195.512195121953,8.07078289395186,9431632.478253284,31873632.058234397,11707.731707317073,9431976.132629817,31874576.240874015,11707.731707317073,9432221.952300558,31874486.76983087,12683.292682926829,9431878.297924025,31873542.587191254,12683.292682926829
9432270.869653454,31875003.59667225,12195.512195121953,7.125408495136655,9431976.132629817,31874576.240874015,11707.731707317073,9432319.78700635,31875520.423513636,11707.731707317073,9432565.606677089,31875430.952470493,12683.292682926829,9432221.952300558,31874486.76983087,12683.292682926829
9432614.524029987,31875947.779311877,12195.512195121953,5.933167985588212,9432319.78700635,31875520.423513636,11707.731707317073,9432663.441382883,31876464.606153257,11707.731707317073,9432909.261053622,31876375.13511011,12683.292682926829,9432565.606677089,31875430.952470493,12683.292682926829
9432958.17840652,31876891.961951494,12195.512195121953,4.789282123617621,9432663.441382883,31876464.606153257,11707.731707317073,9433007.095759416,31877408.788792875,11707.731707317073,9433252.915430155,31877319.31774973,12683.292682926829,9432909.261053622,31876375.13511011,12683.292682926829
9433301.83278305,31877836.144591115,12195.512195121953,5.092710161604438,9433007.095759416,31877408.788792875,11707.731707317073,9433350.750135949,31878352.9714325,11707.731707317073,9433596.569806688,31878263.500389352,12683.292682926829,9433252.915430155,31877319.31774973,12683.292682926829
9433645.487159586,31878780.327230737,12195.512195121953,4.873249155180276,9433350.750135949,31878352.9714325,11707.731707317073,9433694.404512482,31879297.154072117,11707.731707317073,9433940.224183219,31879207.68302897,12683.292682926829,9433596.569806688,31878263.500389352,12683.292682926829
9433989.141536117,31879724.509870354,12195.512195121953,4.614025894990966,9433694.404512482,31879297.154072117,11707.731707317073,9434038.058889015,31880241.33671174,11707.731707317073,9434283.878559751,31880151.86566859,12683.292682926829,9433940.224183219,31879207.68302897,12683.292682926829
9434332.795912651,31880668.692509975,12195.512195121953,4.612711273415958,9434038.058889015,31880241.33671174,11707.731707317073,9434381.713265546,31881185.51935136,11707.731707317073,9434627.532936284,31881096.048308212,12683.292682926829,9434283.878559751,31880151.86566859,12683.292682926829
9434676.450289182,31881612.875149593,12195.512195121953,4.466337996863409,9434381.713265546,31881185.51935136,11707.731707317073,9434725.367642079,31882129.701990977,11707.731707317073,9434971.187312817,31882040.23094783,12683.292682926829,9434627.532936284,31881096.048308212,12683.292682926829
9435020.104665715,31882557.057789214,12195.512195121953,3.8744480853975647,9434725.367642079,31882129.701990977,11707.731707317073,9435069.022018611,31883073.884630598,11707.731707317073,9435314.84168935,31882984.41358745,12683.292682926829,9434971.187312817,31882040.23094783,12683.292682926829
9435363.759042248,31883501.240428835,12195.512195121953,3.8322620701733845,9435069.022018611,31883073.884630598,11707.731707317073,9435412.676395144,31884018.06727022,11707.731707317073,9435658.496065883,31883928.596227072,12683.292682926829,9435314.84168935,31882984.41358745,12683.292682926829
9435707.41341878,31884445.423068453,12195.512195121953,3.8148932457317124,9435412.676395144,31884018.06727022,11707.731707317073,9435756.330771677,31884962.249909837,11707.731707317073,9436002.150442416,31884872.77886669,12683.292682926829,9435658.496065883,31883928.596227072,12683.292682926829
9436051.067795314,31885389.605708074,12195.512195121953,3.4651191777915966,9435756.330771677,31884962.249909837,11707.731707317073,9436099.98514821,31885906.432549458,11707.731707317073,9436345.804818947,31885816.96150631,12683.292682926829,9436002.150442416,31884872.77886669,12683.292682926829
9436394.722171845,31886333.788347695,12195.512195121953,4.175216268503978,9436099.98514821,31885906.432549458,11707.731707317073,9436443.639524741,31886850.615189075,11707.731707317073,9436689.45919548,31886761.144145932,12683.292682926829,9436345.804818947,31885816.96150631,12683.292682926829
9436738.376548376,31887277.970987312,12195.512195121953,4.7048260632878325,9436443.639524741,31886850.615189075,11707.731707317073,9436787.293901274,31887794.797828697,11707.731707317073,9437033.113572013,31887705.326785553,12683.292682926829,9436689.45919548,31886761.144145932,12683.292682926829
9437082.03092491,31888222.153626934,12195.512195121953,6.128579426979737,9436787.293901274,31887794.797828697,11707.731707317073,9437130.948277807,31888738.980468314,11707.731707317073,9437376.767948546,31888649.50942517,12683.292682926829,9437033.113572013,31887705.326785553,12683.292682926829
9437425.685301444,31889166.336266555,12195.512195121953,6.516900448252666,9437130.948277807,31888738.980468314,11707.731707317073,9437474.60265434,31889683.163107935,11707.731707317073,9437720.422325078,31889593.692064792,12683.292682926829,9437376.767948546,31888649.50942517,12683.292682926829
9437769.339677976,31890110.518906176,12195.512195121953,4.804707467888617,9437474.60265434,31889683.163107935,11707.731707317073,9437818.257030873,31890627.345747557,11707.731707317073,9438064.07670161,31890537.874704413,12683.292682926829,9437720.422325078,31889593.692064792,12683.292682926829
9438112.994054507,31891054.701545794,12195.512195121953,4.097363700767729,9437818.257030873,31890627.345747557,11707.731707317073,9438161.911407406,31891571.528387178,11707.731707317073,9438407.731078142,31891482.05734403,12683.292682926829,9438064.07670161,31890537.874704413,12683.292682926829
9438456.648431042,31891998.884185415,12195.512195121953,4.634114601877776,9438161.911407406,31891571.528387178,11707.731707317073,9438505.565783938,31892515.7110268,11707.731707317073,9438751.385454675,31892426.23998365,12683.292682926829,9438407.731078142,31891482.05734403,12683.292682926829
9438800.302807573,31892943.066825036,12195.512195121953,5.915796861054062,9438505.565783938,31892515.7110268,11707.731707317073,9438849.22016047,31893459.89366642,11707.731707317073,9439095.039831208,31893370.422623273,12683.292682926829,9438751.385454675,31892426.23998365,12683.292682926829
9439143.957184104,31893887.249464653,12195.512195121953,6.140660925236808,9438849.22016047,31893459.89366642,11707.731707317073,9439192.874537002,31894404.076306038,11707.731707317073,9439438.694207741,31894314.60526289,12683.292682926829,9439095.039831208,31893370.422623273,12683.292682926829
9439487.611560639,31894831.432104275,12195.512195121953,5.094794454694108,9439192.874537002,31894404.076306038,11707.731707317073,9439536.528913535,31895348.25894566,11707.731707317073,9439782.348584274,31895258.78790251,12683.292682926829,9439438.694207741,31894314.60526289,12683.292682926829
9439831.265937172,31895775.614743896,12195.512195121953,4.338284889118911,9439536.528913535,31895348.25894566,11707.731707317073,9439880.183290068,31896292.44158528,11707.731707317073,9440126.002960807,31896202.970542133,12683.292682926829,9439782.348584274,31895258.78790251,12683.292682926829
9440174.920313705,31896719.797383513,12195.512195121953,4.8326310993092525,9439880.183290068,31896292.44158528,11707.731707317073,9440223.837666601,31897236.624224897,11707.731707317073,9440469.65733734,31897147.15318175,12683.292682926829,9440126.002960807,31896202.970542133,12683.292682926829
9440518.574690236,31897663.980023134,12195.512195121953,5.625649719092135,9440223.837666601,31897236.624224897,11707.731707317073,9440567.492043134,31898180.80686452,11707.731707317073,9440813.31171387,31898091.33582137,12683.292682926829,9440469.65733734,31897147.15318175,12683.292682926829
9440862.22906677,31898608.162662756,12195.512195121953,6.313251714340465,9440567.492043134,31898180.80686452,11707.731707317073,9440911.146419667,31899124.98950414,11707.731707317073,9441156.966090403,31899035.518460993,12683.292682926829,9440813.31171387,31898091.33582137,12683.292682926829
9441205.883443302,31899552.345302377,12195.512195121953,5.180761520691964,9440911.146419667,31899124.98950414,11707.731707317073,9441254.8007962,31900069.172143757,11707.731707317073,9441500.620466936,31899979.701100614,12683.292682926829,9441156.966090403,31899035.518460993,12683.292682926829
9441549.537819836,31900496.527941994,12195.512195121953,3.989960979505557,9441254.8007962,31900069.172143757,11707.731707317073,9441598.45517273,31901013.35478338,11707.731707317073,9441844.27484347,31900923.883740235,12683.292682926829,9441500.620466936,31899979.701100614,12683.292682926829
9441893.192196367,31901440.71058161,12195.512195121953,4.053994711541455,9441598.45517273,31901013.35478338,11707.731707317073,9441942.109549263,31901957.537423,11707.731707317073,9442187.929220002,31901868.066379853,12683.292682926829,9441844.27484347,31900923.883740235,12683.292682926829
9442236.8465729,31902384.893221237,12195.512195121953,3.3609011284733272,9441942.109549263,31901957.537423,11707.731707317073,9442285.763925796,31902901.720062617,11707.731707317073,9442531.583596535,31902812.249019474,12683.292682926829,9442187.929220002,31901868.066379853,12683.292682926829
9416708.58800369,31831481.724206585,13171.073170731708,2.5110715318926036,9416413.850980056,31831054.368408345,12683.292682926829,9416757.50535659,31831998.551047966,12683.292682926829,9417003.325027328,31831909.080004822,13658.853658536585,9416659.670650795,31830964.8973652,13658.853658536585
9417052.242380224,31832425.906846207,13171.073170731708,2.1671668065129945,9416757.50535659,31831998.551047966,12683.292682926829,9417101.159733122,31832942.733687587,12683.292682926829,9417346.97940386,31832853.262644444,13658.853658536585,9417003.325027328,31831909.080004822,13658.853658536585
9417395.896756757,31833370.089485824,13171.073170731708,2.440232081981925,9417101.159733122,31832942.733687587,12683.292682926829,9417444.814109655,31833886.91632721,12683.292682926829,9417690.633780394,31833797.44528406,13658.853658536585,9417346.97940386,31832853.262644444,13658.853658536585
9417739.55113329,31834314.272125445,13171.073170731708,2.807271140080339,9417444.814109655,31833886.91632721,12683.292682926829,9417788.468486188,31834831.09896683,12683.292682926829,9418034.288156925,31834741.627923682,13658.853658536585,9417690.633780394,31833797.44528406,13658.853658536585
9418083.205509821,31835258.454765067,13171.073170731708,4.0064938297248975,9417788.468486188,31834831.09896683,12683.292682926829,9418132.12286272,31835775.28160645,12683.292682926829,9418377.942533458,31835685.810563304,13658.853658536585,9418034.288156925,31834741.627923682,13658.853658536585
9418426.859886356,31836202.637404684,13171.073170731708,4.00517240282262,9418132.12286272,31835775.28160645,12683.292682926829,9418475.777239254,31836719.46424607,12683.292682926829,9418721.59690999,31836629.99320292,13658.853658536585,9418377.942533458,31835685.810563304,13658.853658536585
9418770.514262887,31837146.820044305,13171.073170731708,3.4619739358522583,9418475.777239254,31836719.46424607,12683.292682926829,9418819.431615785,31837663.64688569,12683.292682926829,9419065.251286523,31837574.175842542,13658.853658536585,9418721.59690999,31836629.99320292,13658.853658536585
9419114.168639418,31838091.002683926,13171.073170731708,3.6790314749319286,9418819.431615785,31837663.64688569,12683.292682926829,9419163.085992318,31838607.82952531,12683.292682926829,9419408.905663056,31838518.358482163,13658.853658536585,9419065.251286523,31837574.175842542,13658.853658536585
9419457.823015952,31839035.185323548,13171.073170731708,3.481591530539207,9419163.085992318,31838607.82952531,12683.292682926829,9419506.74036885,31839552.012164928,12683.292682926829,9419752.56003959,31839462.54112178,13658.853658536585,9419408.905663056,31838518.358482163,13658.853658536585
9419801.477392485,31839979.367963165,13171.073170731708,3.194103010435624,9419506.74036885,31839552.012164928,12683.292682926829,9419850.394745383,31840496.19480455,12683.292682926829,9420096.214416122,31840406.723761402,13658.853658536585,9419752.56003959,31839462.54112178,13658.853658536585
9420145.131769018,31840923.550602783,13171.073170731708,2.6223361223440578,9419850.394745383,31840496.19480455,12683.292682926829,9420194.049121916,31841440.37744417,12683.292682926829,9420439.868792655,31841350.90640102,13658.853658536585,9420096.214416122,31840406.723761402,13658.853658536585
9420488.78614555,31841867.733242404,13171.073170731708,2.1444202765687623,9420194.049121916,31841440.37744417,12683.292682926829,9420537.703498447,31842384.560083788,12683.292682926829,9420783.523169186,31842295.089040644,13658.853658536585,9420439.868792655,31841350.90640102,13658.853658536585
9420832.440522082,31842811.91588202,13171.073170731708,2.119075143225436,9420537.703498447,31842384.560083788,12683.292682926829,9420881.35787498,31843328.742723405,12683.292682926829,9421127.177545719,31843239.271680262,13658.853658536585,9420783.523169186,31842295.089040644,13658.853658536585
9421176.094898615,31843756.098521642,13171.073170731708,2.37414497550323,9420881.35787498,31843328.742723405,12683.292682926829,9421225.012251513,31844272.925363027,12683.292682926829,9421470.831922252,31844183.454319883,13658.853658536585,9421127.177545719,31843239.271680262,13658.853658536585
9421519.749275146,31844700.281161267,13171.073170731708,2.410693715659117,9421225.012251513,31844272.925363027,12683.292682926829,9421568.666628046,31845217.108002648,12683.292682926829,9421814.486298785,31845127.636959504,13658.853658536585,9421470.831922252,31844183.454319883,13658.853658536585
9421863.40365168,31845644.46380089,13171.073170731708,2.6246397583812726,9421568.666628046,31845217.108002648,12683.292682926829,9421912.321004579,31846161.290642265,12683.292682926829,9422158.140675317,31846071.81959912,13658.853658536585,9421814.486298785,31845127.636959504,13658.853658536585
9422207.058028212,31846588.646440506,13171.073170731708,2.9845161394467663,9421912.321004579,31846161.290642265,12683.292682926829,9422255.975381112,31847105.47328189,12683.292682926829,9422501.795051849,31847016.002238743,13658.853658536585,9422158.140675317,31846071.81959912,13658.853658536585
9422550.712404747,31847532.829080127,13171.073170731708,3.0746651450979336,9422255.975381112,31847105.47328189,12683.292682926829,9422599.629757645,31848049.65592151,12683.292682926829,9422845.449428381,31847960.184878364,13658.853658536585,9422501.795051849,31847016.002238743,13658.853658536585
9422894.366781278,31848477.01171975,13171.073170731708,3.0076596690818613,9422599.629757645,31848049.65592151,12683.292682926829,9422943.284134177,31848993.83856113,12683.292682926829,9423189.103804914,31848904.36751798,13658.853658536585,9422845.449428381,31847960.184878364,13658.853658536585
9423238.02115781,31849421.194359366,13171.073170731708,3.103901606980979,9422943.284134177,31848993.83856113,12683.292682926829,9423286.938510709,31849938.02120075,12683.292682926829,9423532.758181447,31849848.550157603,13658.853658536585,9423189.103804914,31848904.36751798,13658.853658536585
9423581.675534343,31850365.376998983,13171.073170731708,3.447473381773714,9423286.938510709,31849938.02120075,12683.292682926829,9423630.592887241,31850882.20384037,12683.292682926829,9423876.41255798,31850792.73279722,13658.853658536585,9423532.758181447,31849848.550157603,13658.853658536585
9423925.329910874,31851309.559638605,13171.073170731708,3.5355663565076814,9423630.592887241,31850882.20384037,12683.292682926829,9423974.247263774,31851826.38647999,12683.292682926829,9424220.066934513,31851736.91543684,13658.853658536585,9423876.41255798,31850792.73279722,13658.853658536585
9424268.98428741,31852253.742278226,13171.073170731708,4.359209509395981,9423974.247263774,31851826.38647999,12683.292682926829,9424317.901640307,31852770.56911961,12683.292682926829,9424563.721311046,31852681.098076463,13658.853658536585,9424220.066934513,31851736.91543684,13658.853658536585
9424612.638663942,31853197.924917843,13171.073170731708,5.116616408612117,9424317.901640307,31852770.56911961,12683.292682926829,9424661.55601684,31853714.751759227,12683.292682926829,9424907.375687579,31853625.28071608,13658.853658536585,9424563.721311046,31852681.098076463,13658.853658536585
9424956.293040475,31854142.107557464,13171.073170731708,6.248628716733835,9424661.55601684,31853714.751759227,12683.292682926829,9425005.210393373,31854658.93439885,12683.292682926829,9425251.03006411,31854569.4633557,13658.853658536585,9424907.375687579,31853625.28071608,13658.853658536585
9425299.947417006,31855086.290197086,13171.073170731708,5.488860483269176,9425005.210393373,31854658.93439885,12683.292682926829,9425348.864769906,31855603.11703847,12683.292682926829,9425594.684440643,31855513.645995326,13658.853658536585,9425251.03006411,31854569.4633557,13658.853658536585
9425643.60179354,31856030.472836703,13171.073170731708,4.76131815772921,9425348.864769906,31855603.11703847,12683.292682926829,9425692.519146439,31856547.299678087,12683.292682926829,9425938.338817175,31856457.828634944,13658.853658536585,9425594.684440643,31855513.645995326,13658.853658536585
9425987.256170072,31856974.655476324,13171.073170731708,4.466930348777193,9425692.519146439,31856547.299678087,12683.292682926829,9426036.17352297,31857491.48231771,12683.292682926829,9426281.993193708,31857402.011274565,13658.853658536585,9425938.338817175,31856457.828634944,13658.853658536585
9426330.910546603,31857918.83811595,13171.073170731708,4.709692741824394,9426036.17352297,31857491.48231771,12683.292682926829,9426379.827899503,31858435.66495733,12683.292682926829,9426625.647570241,31858346.193914186,13658.853658536585,9426281.993193708,31857402.011274565,13658.853658536585
9426674.564923137,31858863.02075557,13171.073170731708,3.9201691558038183,9426379.827899503,31858435.66495733,12683.292682926829,9426723.482276035,31859379.847596947,12683.292682926829,9426969.301946774,31859290.376553804,13658.853658536585,9426625.647570241,31858346.193914186,13658.853658536585
9427018.21929967,31859807.203395188,13171.073170731708,3.874213995154683,9426723.482276035,31859379.847596947,12683.292682926829,9427067.136652568,31860324.030236572,12683.292682926829,9427312.956323307,31860234.559193425,13658.853658536585,9426969.301946774,31859290.376553804,13658.853658536585
9427361.873676203,31860751.38603481,13171.073170731708,3.274741564457314,9427067.136652568,31860324.030236572,12683.292682926829,9427410.791029101,31861268.212876193,12683.292682926829,9427656.61069984,31861178.741833046,13658.853658536585,9427312.956323307,31860234.559193425,13658.853658536585
9427705.528052734,31861695.568674427,13171.073170731708,3.0702543470555717,9427410.791029101,31861268.212876193,12683.292682926829,9427754.445405634,31862212.39551581,12683.292682926829,9428000.26507637,31862122.924472664,13658.853658536585,9427656.61069984,31861178.741833046,13658.853658536585
9428049.182429269,31862639.751314048,13171.073170731708,3.1086312445805357,9427754.445405634,31862212.39551581,12683.292682926829,9428098.099782167,31863156.578155432,12683.292682926829,9428343.919452904,31863067.107112285,13658.853658536585,9428000.26507637,31862122.924472664,13658.853658536585
9428392.8368058,31863583.93395367,13171.073170731708,3.2250294007989755,9428098.099782167,31863156.578155432,12683.292682926829,9428441.7541587,31864100.760795053,12683.292682926829,9428687.573829437,31864011.289751906,13658.853658536585,9428343.919452904,31863067.107112285,13658.853658536585
9428736.491182335,31864528.116593286,13171.073170731708,3.5744379376240545,9428441.7541587,31864100.760795053,12683.292682926829,9428785.40853523,31865044.94343467,12683.292682926829,9429031.22820597,31864955.472391523,13658.853658536585,9428687.573829437,31864011.289751906,13658.853658536585
9429080.145558866,31865472.299232908,13171.073170731708,3.5925976302274862,9428785.40853523,31865044.94343467,12683.292682926829,9429129.062911764,31865989.126074288,12683.292682926829,9429374.882582502,31865899.65503114,13658.853658536585,9429031.22820597,31864955.472391523,13658.853658536585
9429423.799935397,31866416.481872525,13171.073170731708,4.16691470113122,9429129.062911764,31865989.126074288,12683.292682926829,9429472.717288297,31866933.30871391,12683.292682926829,9429718.536959033,31866843.837670762,13658.853658536585,9429374.882582502,31865899.65503114,13658.853658536585
9429767.454311932,31867360.664512146,13171.073170731708,4.216812963178344,9429472.717288297,31866933.30871391,12683.292682926829,9429816.37166483,31867877.49135353,12683.292682926829,9430062.191335566,31867788.020310383,13658.853658536585,9429718.536959033,31866843.837670762,13658.853658536585
9430111.108688463,31868304.847151767,13171.073170731708,4.827482089325196,9429816.37166483,31867877.49135353,12683.292682926829,9430160.026041362,31868821.673993148,12683.292682926829,9430405.8457121,31868732.202950004,13658.853658536585,9430062.191335566,31867788.020310383,13658.853658536585
9430454.763064997,31869249.029791385,13171.073170731708,5.627441347583036,9430160.026041362,31868821.673993148,12683.292682926829,9430503.680417895,31869765.85663277,12683.292682926829,9430749.500088632,31869676.385589626,13658.853658536585,9430405.8457121,31868732.202950004,13658.853658536585
9430798.417441528,31870193.212431006,13171.073170731708,5.201293881594032,9430503.680417895,31869765.85663277,12683.292682926829,9430847.334794426,31870710.03927239,12683.292682926829,9431093.154465165,31870620.568229247,13658.853658536585,9430749.500088632,31869676.385589626,13658.853658536585
9431142.07181806,31871137.395070627,13171.073170731708,5.138747589773103,9430847.334794426,31870710.03927239,12683.292682926829,9431190.98917096,31871654.221912008,12683.292682926829,9431436.808841698,31871564.750868864,13658.853658536585,9431093.154465165,31870620.568229247,13658.853658536585
9431485.726194594,31872081.57771025,13171.073170731708,6.7431621087625935,9431190.98917096,31871654.221912008,12683.292682926829,9431534.643547492,31872598.40455163,12683.292682926829,9431780.46321823,31872508.933508486,13658.853658536585,9431436.808841698,31871564.750868864,13658.853658536585
9431829.380571127,31873025.76034987,13171.073170731708,6.4231824219639595,9431534.643547492,31872598.40455163,12683.292682926829,9431878.297924025,31873542.587191254,12683.292682926829,9432124.117594764,31873453.116148103,13658.853658536585,9431780.46321823,31872508.933508486,13658.853658536585
9432173.03494766,31873969.942989487,13171.073170731708,5.8760382440859855,9431878.297924025,31873542.587191254,12683.292682926829,9432221.952300558,31874486.76983087,12683.292682926829,9432467.771971295,31874397.298787724,13658.853658536585,9432124.117594764,31873453.116148103,13658.853658536585
9432516.68932419,31874914.12562911,13171.073170731708,5.148640060253618,9432221.952300558,31874486.76983087,12683.292682926829,9432565.606677089,31875430.952470493,12683.292682926829,9432811.426347828,31875341.481427345,13658.853658536585,9432467.771971295,31874397.298787724,13658.853658536585
9432860.343700726,31875858.308268726,13171.073170731708,5.254340887402043,9432565.606677089,31875430.952470493,12683.292682926829,9432909.261053622,31876375.13511011,12683.292682926829,9433155.08072436,31876285.664066963,13658.853658536585,9432811.426347828,31875341.481427345,13658.853658536585
9433203.998077257,31876802.490908347,13171.073170731708,5.853043432865597,9432909.261053622,31876375.13511011,12683.292682926829,9433252.915430155,31877319.31774973,12683.292682926829,9433498.735100893,31877229.846706584,13658.853658536585,9433155.08072436,31876285.664066963,13658.853658536585
9433547.652453791,31877746.67354797,13171.073170731708,5.128570465330916,9433252.915430155,31877319.31774973,12683.292682926829,9433596.569806688,31878263.500389352,12683.292682926829,9433842.389477426,31878174.029346205,13658.853658536585,9433498.735100893,31877229.846706584,13658.853658536585
9433891.306830322,31878690.85618759,13171.073170731708,4.722466960850195,9433596.569806688,31878263.500389352,12683.292682926829,9433940.224183219,31879207.68302897,12683.292682926829,9434186.043853959,31879118.211985823,13658.853658536585,9433842.389477426,31878174.029346205,13658.853658536585
9434234.961206855,31879635.038827207,13171.073170731708,4.552324180283368,9433940.224183219,31879207.68302897,12683.292682926829,9434283.878559751,31880151.86566859,12683.292682926829,9434529.698230492,31880062.394625444,13658.853658536585,9434186.043853959,31879118.211985823,13658.853658536585
9434578.615583388,31880579.22146683,13171.073170731708,4.854083228954467,9434283.878559751,31880151.86566859,12683.292682926829,9434627.532936284,31881096.048308212,12683.292682926829,9434873.352607025,31881006.577265065,13658.853658536585,9434529.698230492,31880062.394625444,13658.853658536585
9434922.26995992,31881523.404106446,13171.073170731708,5.517651701285155,9434627.532936284,31881096.048308212,12683.292682926829,9434971.187312817,31882040.23094783,12683.292682926829,9435217.006983556,31881950.759904686,13658.853658536585,9434873.352607025,31881006.577265065,13658.853658536585
9435265.924336454,31882467.586746067,13171.073170731708,4.608671033291231,9434971.187312817,31882040.23094783,12683.292682926829,9435314.84168935,31882984.41358745,12683.292682926829,9435560.661360089,31882894.942544308,13658.853658536585,9435217.006983556,31881950.759904686,13658.853658536585
9435609.578712985,31883411.769385688,13171.073170731708,4.964990278202892,9435314.84168935,31882984.41358745,12683.292682926829,9435658.496065883,31883928.596227072,12683.292682926829,9435904.315736622,31883839.12518393,13658.853658536585,9435560.661360089,31882894.942544308,13658.853658536585
9435953.23308952,31884355.95202531,13171.073170731708,6.412659735119493,9435658.496065883,31883928.596227072,12683.292682926829,9436002.150442416,31884872.77886669,12683.292682926829,9436247.970113155,31884783.307823546,13658.853658536585,9435904.315736622,31883839.12518393,13658.853658536585
9436296.88746605,31885300.13466493,13171.073170731708,8.26348590018959,9436002.150442416,31884872.77886669,12683.292682926829,9436345.804818947,31885816.96150631,12683.292682926829,9436591.624489687,31885727.490463167,13658.853658536585,9436247.970113155,31884783.307823546,13658.853658536585
9436640.541842582,31886244.31730455,13171.073170731708,10.053042097285687,9436345.804818947,31885816.96150631,12683.292682926829,9436689.45919548,31886761.144145932,12683.292682926829,9436935.278866218,31886671.673102785,13658.853658536585,9436591.624489687,31885727.490463167,13658.853658536585
9436984.196219116,31887188.49994417,13171.073170731708,8.258915269969638,9436689.45919548,31886761.144145932,12683.292682926829,9437033.113572013,31887705.326785553,12683.292682926829,9437278.933242751,31887615.855742406,13658.853658536585,9436935.278866218,31886671.673102785,13658.853658536585
9437327.850595647,31888132.68258379,13171.073170731708,7.952619585276278,9437033.113572013,31887705.326785553,12683.292682926829,9437376.767948546,31888649.50942517,12683.292682926829,9437622.587619284,31888560.038382024,13658.853658536585,9437278.933242751,31887615.855742406,13658.853658536585
9437671.504972182,31889076.865223408,13171.073170731708,7.24441901202654,9437376.767948546,31888649.50942517,12683.292682926829,9437720.422325078,31889593.692064792,12683.292682926829,9437966.241995817,31889504.221021645,13658.853658536585,9437622.587619284,31888560.038382024,13658.853658536585
9438015.159348713,31890021.04786303,13171.073170731708,6.201686686753603,9437720.422325078,31889593.692064792,12683.292682926829,9438064.07670161,31890537.874704413,12683.292682926829,9438309.89637235,31890448.403661266,13658.853658536585,9437966.241995817,31889504.221021645,13658.853658536585
9438358.813725244,31890965.230502646,13171.073170731708,6.818146102902142,9438064.07670161,31890537.874704413,12683.292682926829,9438407.731078142,31891482.05734403,12683.292682926829,9438653.550748883,31891392.586300883,13658.853658536585,9438309.89637235,31890448.403661266,13658.853658536585
9438702.468101779,31891909.413142268,13171.073170731708,6.486175501576489,9438407.731078142,31891482.05734403,12683.292682926829,9438751.385454675,31892426.23998365,12683.292682926829,9438997.205125416,31892336.768940505,13658.853658536585,9438653.550748883,31891392.586300883,13658.853658536585
9439046.122478312,31892853.59578189,13171.073170731708,6.417884650901175,9438751.385454675,31892426.23998365,12683.292682926829,9439095.039831208,31893370.422623273,12683.292682926829,9439340.859501949,31893280.951580126,13658.853658536585,9438997.205125416,31892336.768940505,13658.853658536585
9439389.776854845,31893797.778421506,13171.073170731708,6.136767495653768,9439095.039831208,31893370.422623273,12683.292682926829,9439438.694207741,31894314.60526289,12683.292682926829,9439684.513878481,31894225.134219743,13658.853658536585,9439340.859501949,31893280.951580126,13658.853658536585
9439733.431231376,31894741.961061127,13171.073170731708,5.831465729652646,9439438.694207741,31894314.60526289,12683.292682926829,9439782.348584274,31895258.78790251,12683.292682926829,9440028.168255012,31895169.31685937,13658.853658536585,9439684.513878481,31894225.134219743,13658.853658536585
9440077.08560791,31895686.14370075,13171.073170731708,6.078147463847521,9439782.348584274,31895258.78790251,12683.292682926829,9440126.002960807,31896202.970542133,12683.292682926829,9440371.822631545,31896113.49949899,13658.853658536585,9440028.168255012,31895169.31685937,13658.853658536585
9440420.739984442,31896630.326340366,13171.073170731708,6.139538213351134,9440126.002960807,31896202.970542133,12683.292682926829,9440469.65733734,31897147.15318175,12683.292682926829,9440715.477008078,31897057.682138607,13658.853658536585,9440371.822631545,31896113.49949899,13658.853658536585
9440764.394360976,31897574.50897999,13171.073170731708,6.294501211045095,9440469.65733734,31897147.15318175,12683.292682926829,9440813.31171387,31898091.33582137,12683.292682926829,9441059.131384611,31898001.864778228,13658.853658536585,9440715.477008078,31897057.682138607,13658.853658536585
9441108.048737507,31898518.691619612,13171.073170731708,6.89808968662347,9440813.31171387,31898091.33582137,12683.292682926829,9441156.966090403,31899035.518460993,12683.292682926829,9441402.785761144,31898946.047417846,13658.853658536585,9441059.131384611,31898001.864778228,13658.853658536585
9441451.70311404,31899462.874259233,13171.073170731708,7.040156474623331,9441156.966090403,31899035.518460993,12683.292682926829,9441500.620466936,31899979.701100614,12683.292682926829,9441746.440137677,31899890.230057467,13658.853658536585,9441402.785761144,31898946.047417846,13658.853658536585
9441795.357490573,31900407.05689885,13171.073170731708,5.99381750813352,9441500.620466936,31899979.701100614,12683.292682926829,9441844.27484347,31900923.883740235,12683.292682926829,9442090.09451421,31900834.412697088,13658.853658536585,9441746.440137677,31899890.230057467,13658.853658536585
9442139.011867104,31901351.23953847,13171.073170731708,5.038882663492701,9441844.27484347,31900923.883740235,12683.292682926829,9442187.929220002,31901868.066379853,12683.292682926829,9442433.748890743,31901778.595336705,13658.853658536585,9442090.09451421,31900834.412697088,13658.853658536585
9442482.666243639,31902295.42217809,13171.073170731708,4.334874824408067,9442187.929220002,31901868.066379853,12683.292682926829,9442531.583596535,31902812.249019474,12683.292682926829,9442777.403267274,31902722.777976327,13658.853658536585,9442433.748890743,31901778.595336705,13658.853658536585
9416954.407674434,31831392.25316344,14146.634146341463,2.9037548282649555,9416659.670650795,31830964.8973652,13658.853658536585,9417003.325027328,31831909.080004822,13658.853658536585,9417249.144698068,31831819.608961675,14634.414634146342,9416905.490321536,31830875.426322054,14634.414634146342
9417298.062050965,31832336.43580306,14146.634146341463,3.018654714407134,9417003.325027328,31831909.080004822,13658.853658536585,9417346.97940386,31832853.262644444,13658.853658536585,9417592.799074601,31832763.791601293,14634.414634146342,9417249.144698068,31831819.608961675,14634.414634146342
9417641.716427498,31833280.618442677,14146.634146341463,3.517333628048523,9417346.97940386,31832853.262644444,13658.853658536585,9417690.633780394,31833797.44528406,13658.853658536585,9417936.453451134,31833707.974240914,14634.414634146342,9417592.799074601,31832763.791601293,14634.414634146342
9417985.37080403,31834224.8010823,14146.634146341463,3.967826957577741,9417690.633780394,31833797.44528406,13658.853658536585,9418034.288156925,31834741.627923682,13658.853658536585,9418280.107827667,31834652.156880535,14634.414634146342,9417936.453451134,31833707.974240914,14634.414634146342
9418329.025180563,31835168.98372192,14146.634146341463,3.9339575431547913,9418034.288156925,31834741.627923682,13658.853658536585,9418377.942533458,31835685.810563304,13658.853658536585,9418623.7622042,31835596.339520153,14634.414634146342,9418280.107827667,31834652.156880535,14634.414634146342
9418672.679557096,31836113.166361537,14146.634146341463,3.7597933574684874,9418377.942533458,31835685.810563304,13658.853658536585,9418721.59690999,31836629.99320292,13658.853658536585,9418967.416580733,31836540.522159778,14634.414634146342,9418623.7622042,31835596.339520153,14634.414634146342
9419016.33393363,31837057.349001158,14146.634146341463,3.7636053607294113,9418721.59690999,31836629.99320292,13658.853658536585,9419065.251286523,31837574.175842542,13658.853658536585,9419311.070957264,31837484.704799395,14634.414634146342,9418967.416580733,31836540.522159778,14634.414634146342
9419359.988310162,31838001.53164078,14146.634146341463,4.356251199747589,9419065.251286523,31837574.175842542,13658.853658536585,9419408.905663056,31838518.358482163,13658.853658536585,9419654.725333797,31838428.887439016,14634.414634146342,9419311.070957264,31837484.704799395,14634.414634146342
9419703.642686693,31838945.7142804,14146.634146341463,4.438651176748747,9419408.905663056,31838518.358482163,13658.853658536585,9419752.56003959,31839462.54112178,13658.853658536585,9419998.37971033,31839373.070078637,14634.414634146342,9419654.725333797,31838428.887439016,14634.414634146342
9420047.297063226,31839889.896920018,14146.634146341463,3.4361903564551457,9419752.56003959,31839462.54112178,13658.853658536585,9420096.214416122,31840406.723761402,13658.853658536585,9420342.034086863,31840317.252718255,14634.414634146342,9419998.37971033,31839373.070078637,14634.414634146342
9420390.951439759,31840834.07955964,14146.634146341463,3.135440273134411,9420096.214416122,31840406.723761402,13658.853658536585,9420439.868792655,31841350.90640102,13658.853658536585,9420685.688463395,31841261.435357876,14634.414634146342,9420342.034086863,31840317.252718255,14634.414634146342
9420734.605816292,31841778.262199257,14146.634146341463,2.828989899903928,9420439.868792655,31841350.90640102,13658.853658536585,9420783.523169186,31842295.089040644,13658.853658536585,9421029.342839928,31842205.617997494,14634.414634146342,9420685.688463395,31841261.435357876,14634.414634146342
9421078.260192825,31842722.444838878,14146.634146341463,2.9446351606708987,9420783.523169186,31842295.089040644,13658.853658536585,9421127.177545719,31843239.271680262,13658.853658536585,9421372.99721646,31843149.800637115,14634.414634146342,9421029.342839928,31842205.617997494,14634.414634146342
9421421.914569356,31843666.6274785,14146.634146341463,3.2225366373221838,9421127.177545719,31843239.271680262,13658.853658536585,9421470.831922252,31844183.454319883,13658.853658536585,9421716.651592992,31844093.983276736,14634.414634146342,9421372.99721646,31843149.800637115,14634.414634146342
9421765.56894589,31844610.81011812,14146.634146341463,2.7410422154806016,9421470.831922252,31844183.454319883,13658.853658536585,9421814.486298785,31845127.636959504,13658.853658536585,9422060.305969525,31845038.165916353,14634.414634146342,9421716.651592992,31844093.983276736,14634.414634146342
9422109.223322421,31845554.992757738,14146.634146341463,2.9100954087143225,9421814.486298785,31845127.636959504,13658.853658536585,9422158.140675317,31846071.81959912,13658.853658536585,9422403.960346058,31845982.348555975,14634.414634146342,9422060.305969525,31845038.165916353,14634.414634146342
9422452.877698954,31846499.17539736,14146.634146341463,3.514273511545141,9422158.140675317,31846071.81959912,13658.853658536585,9422501.795051849,31847016.002238743,13658.853658536585,9422747.61472259,31846926.531195592,14634.414634146342,9422403.960346058,31845982.348555975,14634.414634146342
9422796.532075487,31847443.35803698,14146.634146341463,3.8669967591714483,9422501.795051849,31847016.002238743,13658.853658536585,9422845.449428381,31847960.184878364,13658.853658536585,9423091.269099124,31847870.713835213,14634.414634146342,9422747.61472259,31846926.531195592,14634.414634146342
9423140.18645202,31848387.5406766,14146.634146341463,3.824487491171781,9422845.449428381,31847960.184878364,13658.853658536585,9423189.103804914,31848904.36751798,13658.853658536585,9423434.923475657,31848814.896474835,14634.414634146342,9423091.269099124,31847870.713835213,14634.414634146342
9423483.840828553,31849331.723316215,14146.634146341463,3.3986570548748394,9423189.103804914,31848904.36751798,13658.853658536585,9423532.758181447,31849848.550157603,13658.853658536585,9423778.57785219,31849759.079114456,14634.414634146342,9423434.923475657,31848814.896474835,14634.414634146342
9423827.495205086,31850275.905955836,14146.634146341463,3.60612295886683,9423532.758181447,31849848.550157603,13658.853658536585,9423876.41255798,31850792.73279722,13658.853658536585,9424122.23222872,31850703.261754077,14634.414634146342,9423778.57785219,31849759.079114456,14634.414634146342
9424171.149581619,31851220.088595457,14146.634146341463,4.027631890829152,9423876.41255798,31850792.73279722,13658.853658536585,9424220.066934513,31851736.91543684,13658.853658536585,9424465.886605253,31851647.444393698,14634.414634146342,9424122.23222872,31850703.261754077,14634.414634146342
9424514.80395815,31852164.27123508,14146.634146341463,4.850658015103058,9424220.066934513,31851736.91543684,13658.853658536585,9424563.721311046,31852681.098076463,13658.853658536585,9424809.540981786,31852591.627033316,14634.414634146342,9424465.886605253,31851647.444393698,14634.414634146342
9424858.458334683,31853108.4538747,14146.634146341463,6.069001888402343,9424563.721311046,31852681.098076463,13658.853658536585,9424907.375687579,31853625.28071608,13658.853658536585,9425153.19535832,31853535.809672937,14634.414634146342,9424809.540981786,31852591.627033316,14634.414634146342
9425202.112711215,31854052.63651432,14146.634146341463,6.976968731372315,9424907.375687579,31853625.28071608,13658.853658536585,9425251.03006411,31854569.4633557,13658.853658536585,9425496.849734852,31854479.992312558,14634.414634146342,9425153.19535832,31853535.809672937,14634.414634146342
9425545.767087748,31854996.819153942,14146.634146341463,6.364706983318887,9425251.03006411,31854569.4633557,13658.853658536585,9425594.684440643,31855513.645995326,13658.853658536585,9425840.504111385,31855424.174952175,14634.414634146342,9425496.849734852,31854479.992312558,14634.414634146342
9425889.421464281,31855941.00179356,14146.634146341463,5.964201580940673,9425594.684440643,31855513.645995326,13658.853658536585,9425938.338817175,31856457.828634944,13658.853658536585,9426184.158487918,31856368.357591797,14634.414634146342,9425840.504111385,31855424.174952175,14634.414634146342
9426233.075840814,31856885.18443318,14146.634146341463,5.796023463763044,9425938.338817175,31856457.828634944,13658.853658536585,9426281.993193708,31857402.011274565,13658.853658536585,9426527.81286445,31857312.540231418,14634.414634146342,9426184.158487918,31856368.357591797,14634.414634146342
9426576.730217347,31857829.367072802,14146.634146341463,5.409434168971611,9426281.993193708,31857402.011274565,13658.853658536585,9426625.647570241,31858346.193914186,13658.853658536585,9426871.467240982,31858256.722871035,14634.414634146342,9426527.81286445,31857312.540231418,14634.414634146342
9426920.384593878,31858773.549712423,14146.634146341463,5.563162502667267,9426625.647570241,31858346.193914186,13658.853658536585,9426969.301946774,31859290.376553804,13658.853658536585,9427215.121617515,31859200.905510657,14634.414634146342,9426871.467240982,31858256.722871035,14634.414634146342
9427264.03897041,31859717.73235204,14146.634146341463,6.156000916301413,9426969.301946774,31859290.376553804,13658.853658536585,9427312.956323307,31860234.559193425,13658.853658536585,9427558.775994048,31860145.088150278,14634.414634146342,9427215.121617515,31859200.905510657,14634.414634146342
9427607.693346944,31860661.91499166,14146.634146341463,4.917397626959644,9427312.956323307,31860234.559193425,13658.853658536585,9427656.61069984,31861178.741833046,13658.853658536585,9427902.43037058,31861089.270789895,14634.414634146342,9427558.775994048,31860145.088150278,14634.414634146342
9427951.347723477,31861606.09763128,14146.634146341463,4.833475036850022,9427656.61069984,31861178.741833046,13658.853658536585,9428000.26507637,31862122.924472664,13658.853658536585,9428246.084747113,31862033.453429516,14634.414634146342,9427902.43037058,31861089.270789895,14634.414634146342
9428295.00210001,31862550.280270897,14146.634146341463,6.108442725081967,9428000.26507637,31862122.924472664,13658.853658536585,9428343.919452904,31863067.107112285,13658.853658536585,9428589.739123646,31862977.636069138,14634.414634146342,9428246.084747113,31862033.453429516,14634.414634146342
9428638.656476542,31863494.462910518,14146.634146341463,5.67471389840873,9428343.919452904,31863067.107112285,13658.853658536585,9428687.573829437,31864011.289751906,13658.853658536585,9428933.393500179,31863921.81870876,14634.414634146342,9428589.739123646,31862977.636069138,14634.414634146342
9428982.310853075,31864438.64555014,14146.634146341463,5.858427699854359,9428687.573829437,31864011.289751906,13658.853658536585,9429031.22820597,31864955.472391523,13658.853658536585,9429277.04787671,31864866.001348376,14634.414634146342,9428933.393500179,31863921.81870876,14634.414634146342
9429325.965229606,31865382.82818976,14146.634146341463,6.204600518378562,9429031.22820597,31864955.472391523,13658.853658536585,9429374.882582502,31865899.65503114,13658.853658536585,9429620.702253243,31865810.183987997,14634.414634146342,9429277.04787671,31864866.001348376,14634.414634146342
9429669.61960614,31866327.01082938,14146.634146341463,5.115611172224796,9429374.882582502,31865899.65503114,13658.853658536585,9429718.536959033,31866843.837670762,13658.853658536585,9429964.356629776,31866754.36662762,14634.414634146342,9429620.702253243,31865810.183987997,14634.414634146342
9430013.273982672,31867271.193469003,14146.634146341463,4.426230510107572,9429718.536959033,31866843.837670762,13658.853658536585,9430062.191335566,31867788.020310383,13658.853658536585,9430308.011006309,31867698.549267236,14634.414634146342,9429964.356629776,31866754.36662762,14634.414634146342
9430356.928359205,31868215.376108624,14146.634146341463,4.420089706291658,9430062.191335566,31867788.020310383,13658.853658536585,9430405.8457121,31868732.202950004,13658.853658536585,9430651.665382842,31868642.731906857,14634.414634146342,9430308.011006309,31867698.549267236,14634.414634146342
9430700.582735738,31869159.55874824,14146.634146341463,5.230642902876748,9430405.8457121,31868732.202950004,13658.853658536585,9430749.500088632,31869676.385589626,13658.853658536585,9430995.319759374,31869586.91454648,14634.414634146342,9430651.665382842,31868642.731906857,14634.414634146342
9431044.23711227,31870103.74138786,14146.634146341463,7.258358867842477,9430749.500088632,31869676.385589626,13658.853658536585,9431093.154465165,31870620.568229247,13658.853658536585,9431338.974135906,31870531.097186096,14634.414634146342,9430995.319759374,31869586.91454648,14634.414634146342
9431387.891488804,31871047.92402748,14146.634146341463,9.015851703484621,9431093.154465165,31870620.568229247,13658.853658536585,9431436.808841698,31871564.750868864,13658.853658536585,9431682.628512438,31871475.279825717,14634.414634146342,9431338.974135906,31870531.097186096,14634.414634146342
9431731.545865335,31871992.1066671,14146.634146341463,9.467126971429302,9431436.808841698,31871564.750868864,13658.853658536585,9431780.46321823,31872508.933508486,13658.853658536585,9432026.282888971,31872419.462465335,14634.414634146342,9431682.628512438,31871475.279825717,14634.414634146342
9432075.200241867,31872936.28930672,14146.634146341463,8.786913702982059,9431780.46321823,31872508.933508486,13658.853658536585,9432124.117594764,31873453.116148103,13658.853658536585,9432369.937265504,31873363.645104956,14634.414634146342,9432026.282888971,31872419.462465335,14634.414634146342
9432418.8546184,31873880.47194634,14146.634146341463,7.767999342521462,9432124.117594764,31873453.116148103,13658.853658536585,9432467.771971295,31874397.298787724,13658.853658536585,9432713.591642037,31874307.827744577,14634.414634146342,9432369.937265504,31873363.645104956,14634.414634146342
9432762.508994933,31874824.65458596,14146.634146341463,6.198899335143555,9432467.771971295,31874397.298787724,13658.853658536585,9432811.426347828,31875341.481427345,13658.853658536585,9433057.24601857,31875252.010384195,14634.414634146342,9432713.591642037,31874307.827744577,14634.414634146342
9433106.163371466,31875768.83722558,14146.634146341463,6.56391353167906,9432811.426347828,31875341.481427345,13658.853658536585,9433155.08072436,31876285.664066963,13658.853658536585,9433400.900395103,31876196.193023816,14634.414634146342,9433057.24601857,31875252.010384195,14634.414634146342
9433449.817747999,31876713.0198652,14146.634146341463,6.455306696599117,9433155.08072436,31876285.664066963,13658.853658536585,9433498.735100893,31877229.846706584,13658.853658536585,9433744.554771636,31877140.37566344,14634.414634146342,9433400.900395103,31876196.193023816,14634.414634146342
9433793.472124532,31877657.20250482,14146.634146341463,6.402875559345554,9433498.735100893,31877229.846706584,13658.853658536585,9433842.389477426,31878174.029346205,13658.853658536585,9434088.209148167,31878084.55830306,14634.414634146342,9433744.554771636,31877140.37566344,14634.414634146342
9434137.126501063,31878601.385144442,14146.634146341463,6.878270525161214,9433842.389477426,31878174.029346205,13658.853658536585,9434186.043853959,31879118.211985823,13658.853658536585,9434431.8635247,31879028.74094268,14634.414634146342,9434088.209148167,31878084.55830306,14634.414634146342
9434480.780877596,31879545.567784064,14146.634146341463,8.221265479972539,9434186.043853959,31879118.211985823,13658.853658536585,9434529.698230492,31880062.394625444,13658.853658536585,9434775.517901232,31879972.9235823,14634.414634146342,9434431.8635247,31879028.74094268,14634.414634146342
9434824.435254129,31880489.75042368,14146.634146341463,7.6460187367547015,9434529.698230492,31880062.394625444,13658.853658536585,9434873.352607025,31881006.577265065,13658.853658536585,9435119.172277765,31880917.106221918,14634.414634146342,9434775.517901232,31879972.9235823,14634.414634146342
9435168.089630662,31881433.933063302,14146.634146341463,6.547302898701784,9434873.352607025,31881006.577265065,13658.853658536585,9435217.006983556,31881950.759904686,13658.853658536585,9435462.826654298,31881861.28886154,14634.414634146342,9435119.172277765,31880917.106221918,14634.414634146342
9435511.744007194,31882378.115702923,14146.634146341463,6.533936524939632,9435217.006983556,31881950.759904686,13658.853658536585,9435560.661360089,31882894.942544308,13658.853658536585,9435806.481030831,31882805.47150116,14634.414634146342,9435462.826654298,31881861.28886154,14634.414634146342
9435855.398383727,31883322.29834254,14146.634146341463,5.938826628034168,9435560.661360089,31882894.942544308,13658.853658536585,9435904.315736622,31883839.12518393,13658.853658536585,9436150.135407364,31883749.654140778,14634.414634146342,9435806.481030831,31882805.47150116,14634.414634146342
9436199.05276026,31884266.480982162,14146.634146341463,6.655033710724085,9435904.315736622,31883839.12518393,13658.853658536585,9436247.970113155,31884783.307823546,13658.853658536585,9436493.789783897,31884693.8367804,14634.414634146342,9436150.135407364,31883749.654140778,14634.414634146342
9436542.707136793,31885210.663621783,14146.634146341463,9.667666941329095,9436247.970113155,31884783.307823546,13658.853658536585,9436591.624489687,31885727.490463167,13658.853658536585,9436837.444160428,31885638.019420017,14634.414634146342,9436493.789783897,31884693.8367804,14634.414634146342
9436886.361513324,31886154.8462614,14146.634146341463,10.40611133293737,9436591.624489687,31885727.490463167,13658.853658536585,9436935.278866218,31886671.673102785,13658.853658536585,9437181.09853696,31886582.202059638,14634.414634146342,9436837.444160428,31885638.019420017,14634.414634146342
9437230.015889857,31887099.028901022,14146.634146341463,9.573894995059845,9436935.278866218,31886671.673102785,13658.853658536585,9437278.933242751,31887615.855742406,13658.853658536585,9437524.752913494,31887526.384699255,14634.414634146342,9437181.09853696,31886582.202059638,14634.414634146342
9437573.67026639,31888043.211540643,14146.634146341463,10.083829160147701,9437278.933242751,31887615.855742406,13658.853658536585,9437622.587619284,31888560.038382024,13658.853658536585,9437868.407290027,31888470.567338876,14634.414634146342,9437524.752913494,31887526.384699255,14634.414634146342
9437917.324642923,31888987.39418026,14146.634146341463,9.501897021098719,9437622.587619284,31888560.038382024,13658.853658536585,9437966.241995817,31889504.221021645,13658.853658536585,9438212.06166656,31889414.749978498,14634.414634146342,9437868.407290027,31888470.567338876,14634.414634146342
9438260.979019456,31889931.576819878,14146.634146341463,9.282216989967006,9437966.241995817,31889504.221021645,13658.853658536585,9438309.89637235,31890448.403661266,13658.853658536585,9438555.71604309,31890358.93261812,14634.414634146342,9438212.06166656,31889414.749978498,14634.414634146342
9438604.633395987,31890875.7594595,14146.634146341463,8.775311145145448,9438309.89637235,31890448.403661266,13658.853658536585,9438653.550748883,31891392.586300883,13658.853658536585,9438899.370419623,31891303.11525774,14634.414634146342,9438555.71604309,31890358.93261812,14634.414634146342
9438948.28777252,31891819.94209912,14146.634146341463,7.402983769804646,9438653.550748883,31891392.586300883,13658.853658536585,9438997.205125416,31892336.768940505,13658.853658536585,9439243.024796156,31892247.29789736,14634.414634146342,9438899.370419623,31891303.11525774,14634.414634146342
9439291.94214905,31892764.124738745,14146.634146341463,6.926054413359681,9438997.205125416,31892336.768940505,13658.853658536585,9439340.859501949,31893280.951580126,13658.853658536585,9439586.67917269,31893191.48053698,14634.414634146342,9439243.024796156,31892247.29789736,14634.414634146342
9439635.596525583,31893708.307378363,14146.634146341463,6.441139791493709,9439340.859501949,31893280.951580126,13658.853658536585,9439684.513878481,31894225.134219743,13658.853658536585,9439930.333549222,31894135.6631766,14634.414634146342,9439586.67917269,31893191.48053698,14634.414634146342
9439979.250902116,31894652.490017984,14146.634146341463,5.840619611443387,9439684.513878481,31894225.134219743,13658.853658536585,9440028.168255012,31895169.31685937,13658.853658536585,9440273.987925755,31895079.845816217,14634.414634146342,9439930.333549222,31894135.6631766,14634.414634146342
9440322.90527865,31895596.6726576,14146.634146341463,5.376077522103081,9440028.168255012,31895169.31685937,13658.853658536585,9440371.822631545,31896113.49949899,13658.853658536585,9440617.642302288,31896024.02845584,14634.414634146342,9440273.987925755,31895079.845816217,14634.414634146342
9440666.559655182,31896540.855297223,14146.634146341463,4.901469777676557,9440371.822631545,31896113.49949899,13658.853658536585,9440715.477008078,31897057.682138607,13658.853658536585,9440961.29667882,31896968.21109546,14634.414634146342,9440617.642302288,31896024.02845584,14634.414634146342
9441010.214031715,31897485.037936844,14146.634146341463,5.976227364219188,9440715.477008078,31897057.682138607,13658.853658536585,9441059.131384611,31898001.864778228,13658.853658536585,9441304.951055352,31897912.393735077,14634.414634146342,9440961.29667882,31896968.21109546,14634.414634146342
9441353.868408246,31898429.220576465,14146.634146341463,7.128963347389054,9441059.131384611,31898001.864778228,13658.853658536585,9441402.785761144,31898946.047417846,13658.853658536585,9441648.605431885,31898856.5763747,14634.414634146342,9441304.951055352,31897912.393735077,14634.414634146342
9441697.522784779,31899373.403216083,14146.634146341463,10.087027093072656,9441402.785761144,31898946.047417846,13658.853658536585,9441746.440137677,31899890.230057467,13658.853658536585,9441992.259808417,31899800.75901432,14634.414634146342,9441648.605431885,31898856.5763747,14634.414634146342
9442041.177161312,31900317.5858557,14146.634146341463,8.425080214514098,9441746.440137677,31899890.230057467,13658.853658536585,9442090.09451421,31900834.412697088,13658.853658536585,9442335.91418495,31900744.941653937,14634.414634146342,9441992.259808417,31899800.75901432,14634.414634146342
9442384.831537846,31901261.76849532,14146.634146341463,7.6871891888598185,9442090.09451421,31900834.412697088,13658.853658536585,9442433.748890743,31901778.595336705,13658.853658536585,9442679.568561483,31901689.12429356,14634.414634146342,9442335.91418495,31900744.941653937,14634.414634146342
9442728.485914377,31902205.951134942,14146.634146341463,6.8119059935670325,9442433.748890743,31901778.595336705,13658.853658536585,9442777.403267274,31902722.777976327,13658.853658536585,9443023.222938016,31902633.30693318,14634.414634146342,9442679.568561483,31901689.12429356,14634.414634146342
9417200.227345172,31831302.78212029,15122.195121951221,4.247463435742078,9416905.490321536,31830875.426322054,14634.414634146342,9417249.144698068,31831819.608961675,14634.414634146342,9417494.964368809,31831730.137918532,15609.975609756098,9417151.309992276,31830785.955278907,15609.975609756098
9417543.881721705,31832246.96475991,15122.195121951221,3.9399955999843694,9417249.144698068,31831819.608961675,14634.414634146342,9417592.799074601,31832763.791601293,14634.414634146342,9417838.618745342,31832674.32055815,15609.975609756098,9417494.964368809,31831730.137918532,15609.975609756098
9417887.536098238,31833191.14739953,15122.195121951221,4.181433288615222,9417592.799074601,31832763.791601293,14634.414634146342,9417936.453451134,31833707.974240914,14634.414634146342,9418182.273121875,31833618.50319777,15609.975609756098,9417838.618745342,31832674.32055815,15609.975609756098
9418231.19047477,31834135.330039155,15122.195121951221,5.110423034629911,9417936.453451134,31833707.974240914,14634.414634146342,9418280.107827667,31834652.156880535,14634.414634146342,9418525.927498406,31834562.685837388,15609.975609756098,9418182.273121875,31833618.50319777,15609.975609756098
9418574.844851304,31835079.512678772,15122.195121951221,5.501164699957522,9418280.107827667,31834652.156880535,14634.414634146342,9418623.7622042,31835596.339520153,14634.414634146342,9418869.581874939,31835506.86847701,15609.975609756098,9418525.927498406,31834562.685837388,15609.975609756098
9418918.499227835,31836023.695318393,15122.195121951221,5.464313704460879,9418623.7622042,31835596.339520153,14634.414634146342,9418967.416580733,31836540.522159778,14634.414634146342,9419213.236251472,31836451.05111663,15609.975609756098,9418869.581874939,31835506.86847701,15609.975609756098
9419262.15360437,31836967.877958015,15122.195121951221,5.663421262808595,9418967.416580733,31836540.522159778,14634.414634146342,9419311.070957264,31837484.704799395,14634.414634146342,9419556.890628004,31837395.233756248,15609.975609756098,9419213.236251472,31836451.05111663,15609.975609756098
9419605.8079809,31837912.060597632,15122.195121951221,5.1999104606705995,9419311.070957264,31837484.704799395,14634.414634146342,9419654.725333797,31838428.887439016,14634.414634146342,9419900.545004537,31838339.41639587,15609.975609756098,9419556.890628004,31837395.233756248,15609.975609756098
9419949.462357434,31838856.243237253,15122.195121951221,4.613873663336582,9419654.725333797,31838428.887439016,14634.414634146342,9419998.37971033,31839373.070078637,14634.414634146342,9420244.19938107,31839283.59903549,15609.975609756098,9419900.545004537,31838339.41639587,15609.975609756098
9420293.116733966,31839800.42587687,15122.195121951221,4.521726606340764,9419998.37971033,31839373.070078637,14634.414634146342,9420342.034086863,31840317.252718255,14634.414634146342,9420587.853757603,31840227.781675108,15609.975609756098,9420244.19938107,31839283.59903549,15609.975609756098
9420636.771110497,31840744.608516492,15122.195121951221,6.265800608871405,9420342.034086863,31840317.252718255,14634.414634146342,9420685.688463395,31841261.435357876,14634.414634146342,9420931.508134136,31841171.96431473,15609.975609756098,9420587.853757603,31840227.781675108,15609.975609756098
9420980.425487032,31841688.79115611,15122.195121951221,6.22030617734118,9420685.688463395,31841261.435357876,14634.414634146342,9421029.342839928,31842205.617997494,14634.414634146342,9421275.162510667,31842116.146954346,15609.975609756098,9420931.508134136,31841171.96431473,15609.975609756098
9421324.079863563,31842632.97379573,15122.195121951221,4.1013887230945825,9421029.342839928,31842205.617997494,14634.414634146342,9421372.99721646,31843149.800637115,14634.414634146342,9421618.8168872,31843060.329593968,15609.975609756098,9421275.162510667,31842116.146954346,15609.975609756098
9421667.734240094,31843577.15643535,15122.195121951221,3.7090689562300003,9421372.99721646,31843149.800637115,14634.414634146342,9421716.651592992,31844093.983276736,14634.414634146342,9421962.471263733,31844004.512233585,15609.975609756098,9421618.8168872,31843060.329593968,15609.975609756098
9422011.388616629,31844521.33907497,15122.195121951221,3.5178176289566156,9421716.651592992,31844093.983276736,14634.414634146342,9422060.305969525,31845038.165916353,14634.414634146342,9422306.125640266,31844948.69487321,15609.975609756098,9421962.471263733,31844004.512233585,15609.975609756098
9422355.042993162,31845465.52171459,15122.195121951221,3.539891132171171,9422060.305969525,31845038.165916353,14634.414634146342,9422403.960346058,31845982.348555975,14634.414634146342,9422649.780016799,31845892.87751283,15609.975609756098,9422306.125640266,31844948.69487321,15609.975609756098
9422698.697369695,31846409.70435421,15122.195121951221,4.1573236542574765,9422403.960346058,31845982.348555975,14634.414634146342,9422747.61472259,31846926.531195592,14634.414634146342,9422993.43439333,31846837.06015245,15609.975609756098,9422649.780016799,31845892.87751283,15609.975609756098
9423042.351746226,31847353.886993833,15122.195121951221,5.218840886831238,9422747.61472259,31846926.531195592,14634.414634146342,9423091.269099124,31847870.713835213,14634.414634146342,9423337.088769862,31847781.24279207,15609.975609756098,9422993.43439333,31846837.06015245,15609.975609756098
9423386.00612276,31848298.069633454,15122.195121951221,6.020023044517638,9423091.269099124,31847870.713835213,14634.414634146342,9423434.923475657,31848814.896474835,14634.414634146342,9423680.743146395,31848725.42543169,15609.975609756098,9423337.088769862,31847781.24279207,15609.975609756098
9423729.660499291,31849242.25227307,15122.195121951221,5.516497213319804,9423434.923475657,31848814.896474835,14634.414634146342,9423778.57785219,31849759.079114456,14634.414634146342,9424024.397522928,31849669.60807131,15609.975609756098,9423680.743146395,31848725.42543169,15609.975609756098
9424073.314875826,31850186.434912693,15122.195121951221,4.339549144313737,9423778.57785219,31849759.079114456,14634.414634146342,9424122.23222872,31850703.261754077,14634.414634146342,9424368.051899461,31850613.79071093,15609.975609756098,9424024.397522928,31849669.60807131,15609.975609756098
9424416.969252357,31851130.617552314,15122.195121951221,4.517793885388553,9424122.23222872,31850703.261754077,14634.414634146342,9424465.886605253,31851647.444393698,14634.414634146342,9424711.706275994,31851557.97335055,15609.975609756098,9424368.051899461,31850613.79071093,15609.975609756098
9424760.62362889,31852074.80019193,15122.195121951221,5.920390784716597,9424465.886605253,31851647.444393698,14634.414634146342,9424809.540981786,31852591.627033316,14634.414634146342,9425055.360652527,31852502.15599017,15609.975609756098,9424711.706275994,31851557.97335055,15609.975609756098
9425104.278005423,31853018.982831553,15122.195121951221,7.132495895176017,9424809.540981786,31852591.627033316,14634.414634146342,9425153.19535832,31853535.809672937,14634.414634146342,9425399.01502906,31853446.33862979,15609.975609756098,9425055.360652527,31852502.15599017,15609.975609756098
9425447.932381954,31853963.165471174,15122.195121951221,10.1480367899877,9425153.19535832,31853535.809672937,14634.414634146342,9425496.849734852,31854479.992312558,14634.414634146342,9425742.66940559,31854390.52126941,15609.975609756098,9425399.01502906,31853446.33862979,15609.975609756098
9425791.586758489,31854907.34811079,15122.195121951221,12.326774798363395,9425496.849734852,31854479.992312558,14634.414634146342,9425840.504111385,31855424.174952175,14634.414634146342,9426086.323782124,31855334.70390903,15609.975609756098,9425742.66940559,31854390.52126941,15609.975609756098
9426135.24113502,31855851.530750412,15122.195121951221,10.012779687791188,9425840.504111385,31855424.174952175,14634.414634146342,9426184.158487918,31856368.357591797,14634.414634146342,9426429.978158657,31856278.88654865,15609.975609756098,9426086.323782124,31855334.70390903,15609.975609756098
9426478.895511555,31856795.713390034,15122.195121951221,9.818646347354807,9426184.158487918,31856368.357591797,14634.414634146342,9426527.81286445,31857312.540231418,14634.414634146342,9426773.63253519,31857223.06918827,15609.975609756098,9426429.978158657,31856278.88654865,15609.975609756098
9426822.549888086,31857739.896029655,15122.195121951221,8.74148615651554,9426527.81286445,31857312.540231418,14634.414634146342,9426871.467240982,31858256.722871035,14634.414634146342,9427117.286911722,31858167.251827892,15609.975609756098,9426773.63253519,31857223.06918827,15609.975609756098
9427166.204264618,31858684.078669272,15122.195121951221,9.179552692450287,9426871.467240982,31858256.722871035,14634.414634146342,9427215.121617515,31859200.905510657,14634.414634146342,9427460.941288255,31859111.434467513,15609.975609756098,9427117.286911722,31858167.251827892,15609.975609756098
9427509.858641151,31859628.26130889,15122.195121951221,10.64859405260577,9427215.121617515,31859200.905510657,14634.414634146342,9427558.775994048,31860145.088150278,14634.414634146342,9427804.595664788,31860055.61710713,15609.975609756098,9427460.941288255,31859111.434467513,15609.975609756098
9427853.513017682,31860572.443948515,15122.195121951221,11.320161626640592,9427558.775994048,31860145.088150278,14634.414634146342,9427902.43037058,31861089.270789895,14634.414634146342,9428148.25004132,31860999.79974675,15609.975609756098,9427804.595664788,31860055.61710713,15609.975609756098
9428197.167394217,31861516.626588136,15122.195121951221,12.17291546831339,9427902.43037058,31861089.270789895,14634.414634146342,9428246.084747113,31862033.453429516,14634.414634146342,9428491.904417852,31861943.982386373,15609.975609756098,9428148.25004132,31860999.79974675,15609.975609756098
9428540.821770748,31862460.809227753,15122.195121951221,11.795618796424062,9428246.084747113,31862033.453429516,14634.414634146342,9428589.739123646,31862977.636069138,14634.414634146342,9428835.558794385,31862888.16502599,15609.975609756098,9428491.904417852,31861943.982386373,15609.975609756098
9428884.476147283,31863404.991867375,15122.195121951221,9.151453497090145,9428589.739123646,31862977.636069138,14634.414634146342,9428933.393500179,31863921.81870876,14634.414634146342,9429179.213170918,31863832.34766561,15609.975609756098,9428835.558794385,31862888.16502599,15609.975609756098
9429228.130523814,31864349.174506996,15122.195121951221,8.190068233336639,9428933.393500179,31863921.81870876,14634.414634146342,9429277.04787671,31864866.001348376,14634.414634146342,9429522.86754745,31864776.53030523,15609.975609756098,9429179.213170918,31863832.34766561,15609.975609756098
9429571.784900347,31865293.357146613,15122.195121951221,8.88128276750748,9429277.04787671,31864866.001348376,14634.414634146342,9429620.702253243,31865810.183987997,14634.414634146342,9429866.521923983,31865720.71294485,15609.975609756098,9429522.86754745,31864776.53030523,15609.975609756098
9429915.43927688,31866237.539786234,15122.195121951221,6.568117313117385,9429620.702253243,31865810.183987997,14634.414634146342,9429964.356629776,31866754.36662762,14634.414634146342,9430210.176300516,31866664.89558447,15609.975609756098,9429866.521923983,31865720.71294485,15609.975609756098
9430259.09365341,31867181.722425856,15122.195121951221,5.722853826882735,9429964.356629776,31866754.36662762,14634.414634146342,9430308.011006309,31867698.549267236,14634.414634146342,9430553.830677047,31867609.07822409,15609.975609756098,9430210.176300516,31866664.89558447,15609.975609756098
9430602.748029945,31868125.905065473,15122.195121951221,5.291460446862848,9430308.011006309,31867698.549267236,14634.414634146342,9430651.665382842,31868642.731906857,14634.414634146342,9430897.48505358,31868553.26086371,15609.975609756098,9430553.830677047,31867609.07822409,15609.975609756098
9430946.402406476,31869070.08770509,15122.195121951221,5.323029747893039,9430651.665382842,31868642.731906857,14634.414634146342,9430995.319759374,31869586.91454648,14634.414634146342,9431241.139430113,31869497.443503328,15609.975609756098,9430897.48505358,31868553.26086371,15609.975609756098
9431290.056783011,31870014.27034471,15122.195121951221,7.2016225268922245,9430995.319759374,31869586.91454648,14634.414634146342,9431338.974135906,31870531.097186096,14634.414634146342,9431584.793806646,31870441.62614295,15609.975609756098,9431241.139430113,31869497.443503328,15609.975609756098
9431633.711159542,31870958.452984333,15122.195121951221,9.083007150960826,9431338.974135906,31870531.097186096,14634.414634146342,9431682.628512438,31871475.279825717,14634.414634146342,9431928.448183179,31871385.808782574,15609.975609756098,9431584.793806646,31870441.62614295,15609.975609756098
9431977.365536075,31871902.63562395,15122.195121951221,10.31970705239461,9431682.628512438,31871475.279825717,14634.414634146342,9432026.282888971,31872419.462465335,14634.414634146342,9432272.102559712,31872329.99142219,15609.975609756098,9431928.448183179,31871385.808782574,15609.975609756098
9432321.019912608,31872846.81826357,15122.195121951221,10.739312777964058,9432026.282888971,31872419.462465335,14634.414634146342,9432369.937265504,31873363.645104956,14634.414634146342,9432615.756936245,31873274.174061812,15609.975609756098,9432272.102559712,31872329.99142219,15609.975609756098
9432664.674289139,31873791.000903197,15122.195121951221,10.130044861478853,9432369.937265504,31873363.645104956,14634.414634146342,9432713.591642037,31874307.827744577,14634.414634146342,9432959.411312778,31874218.356701434,15609.975609756098,9432615.756936245,31873274.174061812,15609.975609756098
9433008.328665674,31874735.183542814,15122.195121951221,8.2259518452792,9432713.591642037,31874307.827744577,14634.414634146342,9433057.24601857,31875252.010384195,14634.414634146342,9433303.065689309,31875162.53934105,15609.975609756098,9432959.411312778,31874218.356701434,15609.975609756098
9433351.983042205,31875679.366182435,15122.195121951221,7.863843053262927,9433057.24601857,31875252.010384195,14634.414634146342,9433400.900395103,31876196.193023816,14634.414634146342,9433646.720065841,31876106.721980672,15609.975609756098,9433303.065689309,31875162.53934105,15609.975609756098
9433695.63741874,31876623.548822057,15122.195121951221,7.695419046999952,9433400.900395103,31876196.193023816,14634.414634146342,9433744.554771636,31877140.37566344,14634.414634146342,9433990.374442374,31877050.904620294,15609.975609756098,9433646.720065841,31876106.721980672,15609.975609756098
9434039.29179527,31877567.731461678,15122.195121951221,7.1700572413792445,9433744.554771636,31877140.37566344,14634.414634146342,9434088.209148167,31878084.55830306,14634.414634146342,9434334.028818907,31877995.08725991,15609.975609756098,9433990.374442374,31877050.904620294,15609.975609756098
9434382.946171803,31878511.914101295,15122.195121951221,8.446547765618178,9434088.209148167,31878084.55830306,14634.414634146342,9434431.8635247,31879028.74094268,14634.414634146342,9434677.68319544,31878939.269899532,15609.975609756098,9434334.028818907,31877995.08725991,15609.975609756098
9434726.600548336,31879456.096740916,15122.195121951221,11.005202371128657,9434431.8635247,31879028.74094268,14634.414634146342,9434775.517901232,31879972.9235823,14634.414634146342,9435021.337571973,31879883.452539153,15609.975609756098,9434677.68319544,31878939.269899532,15609.975609756098
9435070.254924867,31880400.279380534,15122.195121951221,12.099023031873138,9434775.517901232,31879972.9235823,14634.414634146342,9435119.172277765,31880917.106221918,14634.414634146342,9435364.991948506,31880827.63517877,15609.975609756098,9435021.337571973,31879883.452539153,15609.975609756098
9435413.909301402,31881344.462020155,15122.195121951221,11.829716986549771,9435119.172277765,31880917.106221918,14634.414634146342,9435462.826654298,31881861.28886154,14634.414634146342,9435708.646325039,31881771.817818392,15609.975609756098,9435364.991948506,31880827.63517877,15609.975609756098
9435757.563677933,31882288.644659773,15122.195121951221,10.252686647732041,9435462.826654298,31881861.28886154,14634.414634146342,9435806.481030831,31882805.47150116,14634.414634146342,9436052.30070157,31882716.00045801,15609.975609756098,9435708.646325039,31881771.817818392,15609.975609756098
9436101.218054468,31883232.827299394,15122.195121951221,9.448956430568169,9435806.481030831,31882805.47150116,14634.414634146342,9436150.135407364,31883749.654140778,14634.414634146342,9436395.955078103,31883660.18309763,15609.975609756098,9436052.30070157,31882716.00045801,15609.975609756098
9436444.872430999,31884177.009939015,15122.195121951221,9.18581023959701,9436150.135407364,31883749.654140778,14634.414634146342,9436493.789783897,31884693.8367804,14634.414634146342,9436739.609454636,31884604.365737256,15609.975609756098,9436395.955078103,31883660.18309763,15609.975609756098
9436788.526807532,31885121.192578636,15122.195121951221,10.66355205026078,9436493.789783897,31884693.8367804,14634.414634146342,9436837.444160428,31885638.019420017,14634.414634146342,9437083.263831168,31885548.548376873,15609.975609756098,9436739.609454636,31884604.365737256,15609.975609756098
9437132.181184065,31886065.375218254,15122.195121951221,10.47672215154747,9436837.444160428,31885638.019420017,14634.414634146342,9437181.09853696,31886582.202059638,14634.414634146342,9437426.918207701,31886492.731016494,15609.975609756098,9437083.263831168,31885548.548376873,15609.975609756098
9437475.835560596,31887009.55785788,15122.195121951221,9.851239134040572,9437181.09853696,31886582.202059638,14634.414634146342,9437524.752913494,31887526.384699255,14634.414634146342,9437770.572584232,31887436.91365611,15609.975609756098,9437426.918207701,31886492.731016494,15609.975609756098
9437819.48993713,31887953.740497496,15122.195121951221,10.12007702804635,9437524.752913494,31887526.384699255,14634.414634146342,9437868.407290027,31888470.567338876,14634.414634146342,9438114.226960765,31888381.096295733,15609.975609756098,9437770.572584232,31887436.91365611,15609.975609756098
9438163.144313661,31888897.923137117,15122.195121951221,10.078543630534218,9437868.407290027,31888470.567338876,14634.414634146342,9438212.06166656,31889414.749978498,14634.414634146342,9438457.881337298,31889325.278935354,15609.975609756098,9438114.226960765,31888381.096295733,15609.975609756098
9438506.798690196,31889842.105776735,15122.195121951221,8.728230694129786,9438212.06166656,31889414.749978498,14634.414634146342,9438555.71604309,31890358.93261812,14634.414634146342,9438801.535713831,31890269.46157497,15609.975609756098,9438457.881337298,31889325.278935354,15609.975609756098
9438850.453066727,31890786.288416356,15122.195121951221,7.620483135015008,9438555.71604309,31890358.93261812,14634.414634146342,9438899.370419623,31891303.11525774,14634.414634146342,9439145.190090364,31891213.644214593,15609.975609756098,9438801.535713831,31890269.46157497,15609.975609756098
9439194.10744326,31891730.471055977,15122.195121951221,7.5499847035221785,9438899.370419623,31891303.11525774,14634.414634146342,9439243.024796156,31892247.29789736,14634.414634146342,9439488.844466897,31892157.82685421,15609.975609756098,9439145.190090364,31891213.644214593,15609.975609756098
9439537.761819793,31892674.653695595,15122.195121951221,8.829545213875047,9439243.024796156,31892247.29789736,14634.414634146342,9439586.67917269,31893191.48053698,14634.414634146342,9439832.49884343,31893102.00949383,15609.975609756098,9439488.844466897,31892157.82685421,15609.975609756098
9439881.416196324,31893618.836335216,15122.195121951221,6.707350668421366,9439586.67917269,31893191.48053698,14634.414634146342,9439930.333549222,31894135.6631766,14634.414634146342,9440176.153219962,31894046.192133453,15609.975609756098,9439832.49884343,31893102.00949383,15609.975609756098
9440225.070572859,31894563.018974833,15122.195121951221,4.701713154138354,9439930.333549222,31894135.6631766,14634.414634146342,9440273.987925755,31895079.845816217,14634.414634146342,9440519.807596494,31894990.37477307,15609.975609756098,9440176.153219962,31894046.192133453,15609.975609756098
9440568.72494939,31895507.201614454,15122.195121951221,4.208032483305798,9440273.987925755,31895079.845816217,14634.414634146342,9440617.642302288,31896024.02845584,14634.414634146342,9440863.461973026,31895934.55741269,15609.975609756098,9440519.807596494,31894990.37477307,15609.975609756098
9440912.379325924,31896451.384254076,15122.195121951221,5.36517839957272,9440617.642302288,31896024.02845584,14634.414634146342,9440961.29667882,31896968.21109546,14634.414634146342,9441207.11634956,31896878.740052313,15609.975609756098,9440863.461973026,31895934.55741269,15609.975609756098
9441256.033702455,31897395.566893697,15122.195121951221,5.695091101139058,9440961.29667882,31896968.21109546,14634.414634146342,9441304.951055352,31897912.393735077,14634.414634146342,9441550.770726092,31897822.922691934,15609.975609756098,9441207.11634956,31896878.740052313,15609.975609756098
9441599.688078988,31898339.749533314,15122.195121951221,5.46952228722429,9441304.951055352,31897912.393735077,14634.414634146342,9441648.605431885,31898856.5763747,14634.414634146342,9441894.425102625,31898767.105331555,15609.975609756098,9441550.770726092,31897822.922691934,15609.975609756098
9441943.342455521,31899283.932172935,15122.195121951221,6.016350182005475,9441648.605431885,31898856.5763747,14634.414634146342,9441992.259808417,31899800.75901432,14634.414634146342,9442238.079479158,31899711.287971176,15609.975609756098,9441894.425102625,31898767.105331555,15609.975609756098
9442286.996832052,31900228.114812557,15122.195121951221,5.660097173133539,9441992.259808417,31899800.75901432,14634.414634146342,9442335.91418495,31900744.941653937,14634.414634146342,9442581.73385569,31900655.470610794,15609.975609756098,9442238.079479158,31899711.287971176,15609.975609756098
9442630.651208587,31901172.297452178,15122.195121951221,5.511651371125509,9442335.91418495,31900744.941653937,14634.414634146342,9442679.568561483,31901689.12429356,14634.414634146342,9442925.388232224,31901599.653250415,15609.975609756098,9442581.73385569,31900655.470610794,15609.975609756098
9442974.305585118,31902116.4800918,15122.195121951221,4.9803439049292395,9442679.568561483,31901689.12429356,14634.414634146342,9443023.222938016,31902633.30693318,14634.414634146342,9443269.042608755,31902543.835890036,15609.975609756098,9442925.388232224,31901599.653250415,15609.975609756098
9417446.047015911,31831213.311077148,16097.756097560974,4.719367446672785,9417151.309992276,31830785.955278907,15609.975609756098,9417494.964368809,31831730.137918532,15609.975609756098,9417740.784039546,31831640.66687538,16585.536585365855,9417397.129663015,31830696.484235764,16585.536585365855
9417789.701392446,31832157.493716765,16097.756097560974,5.543334567779956,9417494.964368809,31831730.137918532,15609.975609756098,9417838.618745342,31832674.32055815,15609.975609756098,9418084.438416079,31832584.849515002,16585.536585365855,9417740.784039546,31831640.66687538,16585.536585365855
9418133.355768977,31833101.676356386,16097.756097560974,6.222324356160117,9417838.618745342,31832674.32055815,15609.975609756098,9418182.273121875,31833618.50319777,15609.975609756098,9418428.092792612,31833529.032154623,16585.536585365855,9418084.438416079,31832584.849515002,16585.536585365855
9418477.010145511,31834045.858996004,16097.756097560974,6.334024076865694,9418182.273121875,31833618.50319777,15609.975609756098,9418525.927498406,31834562.685837388,15609.975609756098,9418771.747169144,31834473.21479424,16585.536585365855,9418428.092792612,31833529.032154623,16585.536585365855
9418820.664522042,31834990.041635625,16097.756097560974,6.591580114495141,9418525.927498406,31834562.685837388,15609.975609756098,9418869.581874939,31835506.86847701,15609.975609756098,9419115.401545677,31835417.397433862,16585.536585365855,9418771.747169144,31834473.21479424,16585.536585365855
9419164.318898575,31835934.224275246,16097.756097560974,5.992319535404512,9418869.581874939,31835506.86847701,15609.975609756098,9419213.236251472,31836451.05111663,15609.975609756098,9419459.05592221,31836361.580073483,16585.536585365855,9419115.401545677,31835417.397433862,16585.536585365855
9419507.973275108,31836878.406914867,16097.756097560974,6.027940949415256,9419213.236251472,31836451.05111663,15609.975609756098,9419556.890628004,31837395.233756248,15609.975609756098,9419802.710298743,31837305.7627131,16585.536585365855,9419459.05592221,31836361.580073483,16585.536585365855
9419851.62765164,31837822.589554485,16097.756097560974,5.69123657065575,9419556.890628004,31837395.233756248,15609.975609756098,9419900.545004537,31838339.41639587,15609.975609756098,9420146.364675276,31838249.945352722,16585.536585365855,9419802.710298743,31837305.7627131,16585.536585365855
9420195.282028172,31838766.772194106,16097.756097560974,5.386686825407201,9419900.545004537,31838339.41639587,15609.975609756098,9420244.19938107,31839283.59903549,15609.975609756098,9420490.019051807,31839194.127992343,16585.536585365855,9420146.364675276,31838249.945352722,16585.536585365855
9420538.936404705,31839710.954833724,16097.756097560974,5.088466083956345,9420244.19938107,31839283.59903549,15609.975609756098,9420587.853757603,31840227.781675108,15609.975609756098,9420833.67342834,31840138.310631964,16585.536585365855,9420490.019051807,31839194.127992343,16585.536585365855
9420882.590781238,31840655.137473345,16097.756097560974,4.912772258610262,9420587.853757603,31840227.781675108,15609.975609756098,9420931.508134136,31841171.96431473,15609.975609756098,9421177.327804873,31841082.493271586,16585.536585365855,9420833.67342834,31840138.310631964,16585.536585365855
9421226.24515777,31841599.320112962,16097.756097560974,4.039060559258901,9420931.508134136,31841171.96431473,15609.975609756098,9421275.162510667,31842116.146954346,15609.975609756098,9421520.982181406,31842026.675911203,16585.536585365855,9421177.327804873,31841082.493271586,16585.536585365855
9421569.899534302,31842543.502752587,16097.756097560974,3.9105875932546996,9421275.162510667,31842116.146954346,15609.975609756098,9421618.8168872,31843060.329593968,15609.975609756098,9421864.636557939,31842970.858550824,16585.536585365855,9421520.982181406,31842026.675911203,16585.536585365855
9421913.553910835,31843487.68539221,16097.756097560974,4.1784984123351165,9421618.8168872,31843060.329593968,15609.975609756098,9421962.471263733,31844004.512233585,15609.975609756098,9422208.29093447,31843915.04119044,16585.536585365855,9421864.636557939,31842970.858550824,16585.536585365855
9422257.208287366,31844431.868031826,16097.756097560974,4.329895463866373,9421962.471263733,31844004.512233585,15609.975609756098,9422306.125640266,31844948.69487321,15609.975609756098,9422551.945311002,31844859.223830063,16585.536585365855,9422208.29093447,31843915.04119044,16585.536585365855
9422600.8626639,31845376.050671447,16097.756097560974,4.759501499125556,9422306.125640266,31844948.69487321,15609.975609756098,9422649.780016799,31845892.87751283,15609.975609756098,9422895.599687535,31845803.406469684,16585.536585365855,9422551.945311002,31844859.223830063,16585.536585365855
9422944.517040431,31846320.23331107,16097.756097560974,6.096619624446171,9422649.780016799,31845892.87751283,15609.975609756098,9422993.43439333,31846837.06015245,15609.975609756098,9423239.254064068,31846747.5891093,16585.536585365855,9422895.599687535,31845803.406469684,16585.536585365855
9423288.171416964,31847264.415950686,16097.756097560974,7.4395515848425715,9422993.43439333,31846837.06015245,15609.975609756098,9423337.088769862,31847781.24279207,15609.975609756098,9423582.908440601,31847691.771748923,16585.536585365855,9423239.254064068,31846747.5891093,16585.536585365855
9423631.825793497,31848208.598590307,16097.756097560974,7.462904559552092,9423337.088769862,31847781.24279207,15609.975609756098,9423680.743146395,31848725.42543169,15609.975609756098,9423926.562817134,31848635.954388544,16585.536585365855,9423582.908440601,31847691.771748923,16585.536585365855
9423975.48017003,31849152.781229924,16097.756097560974,6.127216142137259,9423680.743146395,31848725.42543169,15609.975609756098,9424024.397522928,31849669.60807131,15609.975609756098,9424270.217193667,31849580.13702816,16585.536585365855,9423926.562817134,31848635.954388544,16585.536585365855
9424319.134546563,31850096.963869546,16097.756097560974,5.416556209947704,9424024.397522928,31849669.60807131,15609.975609756098,9424368.051899461,31850613.79071093,15609.975609756098,9424613.8715702,31850524.319667783,16585.536585365855,9424270.217193667,31849580.13702816,16585.536585365855
9424662.788923094,31851041.146509167,16097.756097560974,6.1663527169933925,9424368.051899461,31850613.79071093,15609.975609756098,9424711.706275994,31851557.97335055,15609.975609756098,9424957.52594673,31851468.502307404,16585.536585365855,9424613.8715702,31850524.319667783,16585.536585365855
9425006.443299629,31851985.329148784,16097.756097560974,6.1307444352898335,9424711.706275994,31851557.97335055,15609.975609756098,9425055.360652527,31852502.15599017,15609.975609756098,9425301.180323264,31852412.68494702,16585.536585365855,9424957.52594673,31851468.502307404,16585.536585365855
9425350.09767616,31852929.511788405,16097.756097560974,6.492176012748621,9425055.360652527,31852502.15599017,15609.975609756098,9425399.01502906,31853446.33862979,15609.975609756098,9425644.834699797,31853356.867586646,16585.536585365855,9425301.180323264,31852412.68494702,16585.536585365855
9425693.752052695,31853873.694428027,16097.756097560974,8.015455166566484,9425399.01502906,31853446.33862979,15609.975609756098,9425742.66940559,31854390.52126941,15609.975609756098,9425988.48907633,31854301.050226267,16585.536585365855,9425644.834699797,31853356.867586646,16585.536585365855
9426037.406429226,31854817.877067644,16097.756097560974,9.102523267868873,9425742.66940559,31854390.52126941,15609.975609756098,9426086.323782124,31855334.70390903,15609.975609756098,9426332.143452862,31855245.232865885,16585.536585365855,9425988.48907633,31854301.050226267,16585.536585365855
9426381.060805758,31855762.05970727,16097.756097560974,13.28946119422423,9426086.323782124,31855334.70390903,15609.975609756098,9426429.978158657,31856278.88654865,15609.975609756098,9426675.797829395,31856189.415505506,16585.536585365855,9426332.143452862,31855245.232865885,16585.536585365855
9426724.715182291,31856706.24234689,16097.756097560974,14.948348092543183,9426429.978158657,31856278.88654865,15609.975609756098,9426773.63253519,31857223.06918827,15609.975609756098,9427019.452205928,31857133.598145124,16585.536585365855,9426675.797829395,31856189.415505506,16585.536585365855
9427068.369558822,31857650.42498651,16097.756097560974,14.72380083915741,9426773.63253519,31857223.06918827,15609.975609756098,9427117.286911722,31858167.251827892,15609.975609756098,9427363.10658246,31858077.780784745,16585.536585365855,9427019.452205928,31857133.598145124,16585.536585365855
9427412.023935357,31858594.60762613,16097.756097560974,13.77345471225267,9427117.286911722,31858167.251827892,15609.975609756098,9427460.941288255,31859111.434467513,15609.975609756098,9427706.760958992,31859021.963424366,16585.536585365855,9427363.10658246,31858077.780784745,16585.536585365855
9427755.678311888,31859538.790265746,16097.756097560974,14.822461603093458,9427460.941288255,31859111.434467513,15609.975609756098,9427804.595664788,31860055.61710713,15609.975609756098,9428050.415335525,31859966.146063983,16585.536585365855,9427706.760958992,31859021.963424366,16585.536585365855
9428099.332688423,31860482.972905368,16097.756097560974,13.829673736904143,9427804.595664788,31860055.61710713,15609.975609756098,9428148.25004132,31860999.79974675,15609.975609756098,9428394.069712058,31860910.328703605,16585.536585365855,9428050.415335525,31859966.146063983,16585.536585365855
9428442.987064954,31861427.15554499,16097.756097560974,11.970894402642108,9428148.25004132,31860999.79974675,15609.975609756098,9428491.904417852,31861943.982386373,15609.975609756098,9428737.72408859,31861854.511343226,16585.536585365855,9428394.069712058,31860910.328703605,16585.536585365855
9428786.641441487,31862371.338184606,16097.756097560974,10.453611654594622,9428491.904417852,31861943.982386373,15609.975609756098,9428835.558794385,31862888.16502599,15609.975609756098,9429081.378465123,31862798.693982843,16585.536585365855,9428737.72408859,31861854.511343226,16585.536585365855
9429130.29581802,31863315.520824227,16097.756097560974,10.926954968198634,9428835.558794385,31862888.16502599,15609.975609756098,9429179.213170918,31863832.34766561,15609.975609756098,9429425.032841656,31863742.876622465,16585.536585365855,9429081.378465123,31862798.693982843,16585.536585365855
9429473.95019455,31864259.70346385,16097.756097560974,10.923681500394903,9429179.213170918,31863832.34766561,15609.975609756098,9429522.86754745,31864776.53030523,15609.975609756098,9429768.687218187,31864687.059262082,16585.536585365855,9429425.032841656,31863742.876622465,16585.536585365855
9429817.604571085,31865203.886103466,16097.756097560974,10.948112421478013,9429522.86754745,31864776.53030523,15609.975609756098,9429866.521923983,31865720.71294485,15609.975609756098,9430112.34159472,31865631.241901703,16585.536585365855,9429768.687218187,31864687.059262082,16585.536585365855
9430161.258947616,31866148.068743087,16097.756097560974,8.559913916302383,9429866.521923983,31865720.71294485,15609.975609756098,9430210.176300516,31866664.89558447,15609.975609756098,9430455.995971253,31866575.424541324,16585.536585365855,9430112.34159472,31865631.241901703,16585.536585365855
9430504.913324151,31867092.25138271,16097.756097560974,6.904936784657055,9430210.176300516,31866664.89558447,15609.975609756098,9430553.830677047,31867609.07822409,15609.975609756098,9430799.650347786,31867519.607180946,16585.536585365855,9430455.995971253,31866575.424541324,16585.536585365855
9430848.567700682,31868036.434022326,16097.756097560974,6.035952424135872,9430553.830677047,31867609.07822409,15609.975609756098,9430897.48505358,31868553.26086371,15609.975609756098,9431143.304724319,31868463.789820567,16585.536585365855,9430799.650347786,31867519.607180946,16585.536585365855
9431192.222077215,31868980.616661947,16097.756097560974,5.91396222113726,9430897.48505358,31868553.26086371,15609.975609756098,9431241.139430113,31869497.443503328,15609.975609756098,9431486.959100852,31869407.972460184,16585.536585365855,9431143.304724319,31868463.789820567,16585.536585365855
9431535.876453748,31869924.79930157,16097.756097560974,6.349236419800396,9431241.139430113,31869497.443503328,15609.975609756098,9431584.793806646,31870441.62614295,15609.975609756098,9431830.613477385,31870352.155099805,16585.536585365855,9431486.959100852,31869407.972460184,16585.536585365855
9431879.530830279,31870868.98194119,16097.756097560974,7.15512343753914,9431584.793806646,31870441.62614295,15609.975609756098,9431928.448183179,31871385.808782574,15609.975609756098,9432174.267853916,31871296.337739427,16585.536585365855,9431830.613477385,31870352.155099805,16585.536585365855
9432223.185206814,31871813.164580807,16097.756097560974,8.909007007287004,9431928.448183179,31871385.808782574,15609.975609756098,9432272.102559712,31872329.99142219,15609.975609756098,9432517.922230449,31872240.520379044,16585.536585365855,9432174.267853916,31871296.337739427,16585.536585365855
9432566.839583345,31872757.34722043,16097.756097560974,11.88209328569626,9432272.102559712,31872329.99142219,15609.975609756098,9432615.756936245,31873274.174061812,15609.975609756098,9432861.576606981,31873184.703018665,16585.536585365855,9432517.922230449,31872240.520379044,16585.536585365855
9432910.49395988,31873701.52986005,16097.756097560974,12.498551115550674,9432615.756936245,31873274.174061812,15609.975609756098,9432959.411312778,31874218.356701434,15609.975609756098,9433205.230983514,31874128.885658287,16585.536585365855,9432861.576606981,31873184.703018665,16585.536585365855
9433254.14833641,31874645.712499667,16097.756097560974,11.14666251680536,9432959.411312778,31874218.356701434,15609.975609756098,9433303.065689309,31875162.53934105,15609.975609756098,9433548.885360047,31875073.068297904,16585.536585365855,9433205.230983514,31874128.885658287,16585.536585365855
9433597.802712943,31875589.89513929,16097.756097560974,11.250577925473257,9433303.065689309,31875162.53934105,15609.975609756098,9433646.720065841,31876106.721980672,15609.975609756098,9433892.53973658,31876017.250937525,16585.536585365855,9433548.885360047,31875073.068297904,16585.536585365855
9433941.457089476,31876534.07777891,16097.756097560974,12.858240122686542,9433646.720065841,31876106.721980672,15609.975609756098,9433990.374442374,31877050.904620294,15609.975609756098,9434236.194113113,31876961.433577146,16585.536585365855,9433892.53973658,31876017.250937525,16585.536585365855
9434285.111466007,31877478.26041853,16097.756097560974,11.514247806493955,9433990.374442374,31877050.904620294,15609.975609756098,9434334.028818907,31877995.08725991,15609.975609756098,9434579.848489646,31877905.616216764,16585.536585365855,9434236.194113113,31876961.433577146,16585.536585365855
9434628.765842542,31878422.443058148,16097.756097560974,11.688494837739078,9434334.028818907,31877995.08725991,15609.975609756098,9434677.68319544,31878939.269899532,15609.975609756098,9434923.502866177,31878849.798856385,16585.536585365855,9434579.848489646,31877905.616216764,16585.536585365855
9434972.420219073,31879366.625697765,16097.756097560974,10.709054357903607,9434677.68319544,31878939.269899532,15609.975609756098,9435021.337571973,31879883.452539153,15609.975609756098,9435267.15724271,31879793.981496006,16585.536585365855,9434923.502866177,31878849.798856385,16585.536585365855
9435316.074595608,31880310.808337387,16097.756097560974,11.311726500189195,9435021.337571973,31879883.452539153,15609.975609756098,9435364.991948506,31880827.63517877,15609.975609756098,9435610.811619243,31880738.164135627,16585.536585365855,9435267.15724271,31879793.981496006,16585.536585365855
9435659.728972139,31881254.990977008,16097.756097560974,11.668570188489886,9435364.991948506,31880827.63517877,15609.975609756098,9435708.646325039,31881771.817818392,15609.975609756098,9435954.465995776,31881682.34677525,16585.536585365855,9435610.811619243,31880738.164135627,16585.536585365855
9436003.383348672,31882199.17361663,16097.756097560974,13.10002899230579,9435708.646325039,31881771.817818392,15609.975609756098,9436052.30070157,31882716.00045801,15609.975609756098,9436298.120372308,31882626.529414866,16585.536585365855,9435954.465995776,31881682.34677525,16585.536585365855
9436347.037725205,31883143.35625625,16097.756097560974,14.313092818307872,9436052.30070157,31882716.00045801,15609.975609756098,9436395.955078103,31883660.18309763,15609.975609756098,9436641.774748841,31883570.712054487,16585.536585365855,9436298.120372308,31882626.529414866,16585.536585365855
9436690.692101736,31884087.53889587,16097.756097560974,14.838197455436145,9436395.955078103,31883660.18309763,15609.975609756098,9436739.609454636,31884604.365737256,15609.975609756098,9436985.429125374,31884514.89469411,16585.536585365855,9436641.774748841,31883570.712054487,16585.536585365855
9437034.34647827,31885031.721535493,16097.756097560974,15.048305722798707,9436739.609454636,31884604.365737256,15609.975609756098,9437083.263831168,31885548.548376873,15609.975609756098,9437329.083501907,31885459.077333726,16585.536585365855,9436985.429125374,31884514.89469411,16585.536585365855
9437378.000854801,31885975.90417511,16097.756097560974,14.26975165027044,9437083.263831168,31885548.548376873,15609.975609756098,9437426.918207701,31886492.731016494,15609.975609756098,9437672.737878438,31886403.259973347,16585.536585365855,9437329.083501907,31885459.077333726,16585.536585365855
9437721.655231336,31886920.08681473,16097.756097560974,12.427422450568237,9437426.918207701,31886492.731016494,15609.975609756098,9437770.572584232,31887436.91365611,15609.975609756098,9438016.392254971,31887347.442612965,16585.536585365855,9437672.737878438,31886403.259973347,16585.536585365855
9438065.309607867,31887864.26945435,16097.756097560974,13.273185519999023,9437770.572584232,31887436.91365611,15609.975609756098,9438114.226960765,31888381.096295733,15609.975609756098,9438360.046631504,31888291.625252586,16585.536585365855,9438016.392254971,31887347.442612965,16585.536585365855
9438408.9639844,31888808.452093966,16097.756097560974,13.53345055933252,9438114.226960765,31888381.096295733,15609.975609756098,9438457.881337298,31889325.278935354,15609.975609756098,9438703.701008037,31889235.807892203,16585.536585365855,9438360.046631504,31888291.625252586,16585.536585365855
9438752.618360933,31889752.634733588,16097.756097560974,12.454341927669509,9438457.881337298,31889325.278935354,15609.975609756098,9438801.535713831,31890269.46157497,15609.975609756098,9439047.35538457,31890179.990531825,16585.536585365855,9438703.701008037,31889235.807892203,16585.536585365855
9439096.272737464,31890696.81737321,16097.756097560974,12.978664383401764,9438801.535713831,31890269.46157497,15609.975609756098,9439145.190090364,31891213.644214593,15609.975609756098,9439391.009761102,31891124.173171446,16585.536585365855,9439047.35538457,31890179.990531825,16585.536585365855
9439439.927113999,31891641.000012826,16097.756097560974,11.316033154536893,9439145.190090364,31891213.644214593,15609.975609756098,9439488.844466897,31892157.82685421,15609.975609756098,9439734.664137634,31892068.355811063,16585.536585365855,9439391.009761102,31891124.173171446,16585.536585365855
9439783.58149053,31892585.182652447,16097.756097560974,9.553733237724021,9439488.844466897,31892157.82685421,15609.975609756098,9439832.49884343,31893102.00949383,15609.975609756098,9440078.318514166,31893012.538450688,16585.536585365855,9439734.664137634,31892068.355811063,16585.536585365855
9440127.235867064,31893529.36529207,16097.756097560974,6.671307282556572,9439832.49884343,31893102.00949383,15609.975609756098,9440176.153219962,31894046.192133453,15609.975609756098,9440421.9728907,31893956.72109031,16585.536585365855,9440078.318514166,31893012.538450688,16585.536585365855
9440470.890243595,31894473.547931686,16097.756097560974,5.881197683998864,9440176.153219962,31894046.192133453,15609.975609756098,9440519.807596494,31894990.37477307,15609.975609756098,9440765.627267232,31894900.903729927,16585.536585365855,9440421.9728907,31893956.72109031,16585.536585365855
9440814.544620128,31895417.73057131,16097.756097560974,6.617771066795453,9440519.807596494,31894990.37477307,15609.975609756098,9440863.461973026,31895934.55741269,15609.975609756098,9441109.281643765,31895845.086369548,16585.536585365855,9440765.627267232,31894900.903729927,16585.536585365855
9441158.198996661,31896361.913210932,16097.756097560974,6.684114450739736,9440863.461973026,31895934.55741269,15609.975609756098,9441207.11634956,31896878.740052313,15609.975609756098,9441452.936020298,31896789.26900917,16585.536585365855,9441109.281643765,31895845.086369548,16585.536585365855
9441501.853373192,31897306.095850553,16097.756097560974,6.912317098192111,9441207.11634956,31896878.740052313,15609.975609756098,9441550.770726092,31897822.922691934,15609.975609756098,9441796.59039683,31897733.451648787,16585.536585365855,9441452.936020298,31896789.26900917,16585.536585365855
9441845.507749727,31898250.27849017,16097.756097560974,5.461053036326501,9441550.770726092,31897822.922691934,15609.975609756098,9441894.425102625,31898767.105331555,15609.975609756098,9442140.244773364,31898677.634288408,16585.536585365855,9441796.59039683,31897733.451648787,16585.536585365855
9442189.162126258,31899194.461129792,16097.756097560974,4.97861882004025,9441894.425102625,31898767.105331555,15609.975609756098,9442238.079479158,31899711.287971176,15609.975609756098,9442483.899149895,31899621.81692803,16585.536585365855,9442140.244773364,31898677.634288408,16585.536585365855
9442532.816502793,31900138.64376941,16097.756097560974,4.759050259710669,9442238.079479158,31899711.287971176,15609.975609756098,9442581.73385569,31900655.470610794,15609.975609756098,9442827.553526428,31900565.999567647,16585.536585365855,9442483.899149895,31899621.81692803,16585.536585365855
9442876.470879324,31901082.82640903,16097.756097560974,4.630114881809798,9442581.73385569,31900655.470610794,15609.975609756098,9442925.388232224,31901599.653250415,15609.975609756098,9443171.20790296,31901510.182207268,16585.536585365855,9442827.553526428,31900565.999567647,16585.536585365855
9443220.125255857,31902027.009048652,16097.756097560974,5.209504062524124,9442925.388232224,31901599.653250415,15609.975609756098,9443269.042608755,31902543.835890036,15609.975609756098,9443514.862279493,31902454.36484689,16585.536585365855,9443171.20790296,31901510.182207268,16585.536585365855
9417691.866686651,31831123.840033997,17073.317073170736,6.010740582999389,9417397.129663015,31830696.484235764,16585.536585365855,9417740.784039546,31831640.66687538,16585.536585365855,9417986.603710286,31831551.195832234,17561.09756097561,9417642.949333753,31830607.013192616,17561.09756097561
9418035.521063183,31832068.022673618,17073.317073170736,7.477779526668971,9417740.784039546,31831640.66687538,16585.536585365855,9418084.438416079,31832584.849515002,16585.536585365855,9418330.25808682,31832495.378471855,17561.09756097561,9417986.603710286,31831551.195832234,17561.09756097561
9418379.175439715,31833012.20531324,17073.317073170736,9.132716696369869,9418084.438416079,31832584.849515002,16585.536585365855,9418428.092792612,31833529.032154623,16585.536585365855,9418673.912463352,31833439.561111476,17561.09756097561,9418330.25808682,31832495.378471855,17561.09756097561
9418722.829816248,31833956.387952857,17073.317073170736,9.025078723475533,9418428.092792612,31833529.032154623,16585.536585365855,9418771.747169144,31834473.21479424,16585.536585365855,9419017.566839885,31834383.743751094,17561.09756097561,9418673.912463352,31833439.561111476,17561.09756097561
9419066.48419278,31834900.570592478,17073.317073170736,10.299998334888302,9418771.747169144,31834473.21479424,16585.536585365855,9419115.401545677,31835417.397433862,16585.536585365855,9419361.221216416,31835327.92639072,17561.09756097561,9419017.566839885,31834383.743751094,17561.09756097561
9419410.138569314,31835844.7532321,17073.317073170736,11.254537709911371,9419115.401545677,31835417.397433862,16585.536585365855,9419459.05592221,31836361.580073483,16585.536585365855,9419704.875592949,31836272.10903034,17561.09756097561,9419361.221216416,31835327.92639072,17561.09756097561
9419753.792945845,31836788.93587172,17073.317073170736,10.344277032567652,9419459.05592221,31836361.580073483,16585.536585365855,9419802.710298743,31837305.7627131,16585.536585365855,9420048.529969482,31837216.291669957,17561.09756097561,9419704.875592949,31836272.10903034,17561.09756097561
9420097.44732238,31837733.11851134,17073.317073170736,9.298796802286034,9419802.710298743,31837305.7627131,16585.536585365855,9420146.364675276,31838249.945352722,16585.536585365855,9420392.184346015,31838160.47430958,17561.09756097561,9420048.529969482,31837216.291669957,17561.09756097561
9420441.10169891,31838677.301150963,17073.317073170736,6.756116271102042,9420146.364675276,31838249.945352722,16585.536585365855,9420490.019051807,31839194.127992343,16585.536585365855,9420735.838722548,31839104.6569492,17561.09756097561,9420392.184346015,31838160.47430958,17561.09756097561
9420784.756075444,31839621.48379058,17073.317073170736,5.499938218454755,9420490.019051807,31839194.127992343,16585.536585365855,9420833.67342834,31840138.310631964,16585.536585365855,9421079.49309908,31840048.839588817,17561.09756097561,9420735.838722548,31839104.6569492,17561.09756097561
9421128.410451977,31840565.6664302,17073.317073170736,4.733170336087555,9420833.67342834,31840138.310631964,16585.536585365855,9421177.327804873,31841082.493271586,16585.536585365855,9421423.147475613,31840993.02222844,17561.09756097561,9421079.49309908,31840048.839588817,17561.09756097561
9421472.064828508,31841509.84906982,17073.317073170736,4.273662025341305,9421177.327804873,31841082.493271586,16585.536585365855,9421520.982181406,31842026.675911203,16585.536585365855,9421766.801852144,31841937.204868056,17561.09756097561,9421423.147475613,31840993.02222844,17561.09756097561
9421815.719205042,31842454.03170944,17073.317073170736,4.401648131352009,9421520.982181406,31842026.675911203,16585.536585365855,9421864.636557939,31842970.858550824,16585.536585365855,9422110.456228677,31842881.387507677,17561.09756097561,9421766.801852144,31841937.204868056,17561.09756097561
9422159.373581573,31843398.21434906,17073.317073170736,4.59517751074666,9421864.636557939,31842970.858550824,16585.536585365855,9422208.29093447,31843915.04119044,16585.536585365855,9422454.11060521,31843825.570147295,17561.09756097561,9422110.456228677,31842881.387507677,17561.09756097561
9422503.027958104,31844342.39698868,17073.317073170736,4.993872694700491,9422208.29093447,31843915.04119044,16585.536585365855,9422551.945311002,31844859.223830063,16585.536585365855,9422797.764981743,31844769.752786916,17561.09756097561,9422454.11060521,31843825.570147295,17561.09756097561
9422846.68233464,31845286.5796283,17073.317073170736,6.021787260807258,9422551.945311002,31844859.223830063,16585.536585365855,9422895.599687535,31845803.406469684,16585.536585365855,9423141.419358276,31845713.935426537,17561.09756097561,9422797.764981743,31844769.752786916,17561.09756097561
9423190.336711172,31846230.76226792,17073.317073170736,7.69764470574366,9422895.599687535,31845803.406469684,16585.536585365855,9423239.254064068,31846747.5891093,16585.536585365855,9423485.073734809,31846658.118066154,17561.09756097561,9423141.419358276,31845713.935426537,17561.09756097561
9423533.991087705,31847174.94490754,17073.317073170736,8.060581845023695,9423239.254064068,31846747.5891093,16585.536585365855,9423582.908440601,31847691.771748923,16585.536585365855,9423828.728111342,31847602.300705776,17561.09756097561,9423485.073734809,31846658.118066154,17561.09756097561
9423877.645464236,31848119.12754716,17073.317073170736,7.856539023117602,9423582.908440601,31847691.771748923,16585.536585365855,9423926.562817134,31848635.954388544,16585.536585365855,9424172.382487873,31848546.4833454,17561.09756097561,9423828.728111342,31847602.300705776,17561.09756097561
9424221.29984077,31849063.310186777,17073.317073170736,7.008889757278276,9423926.562817134,31848635.954388544,16585.536585365855,9424270.217193667,31849580.13702816,16585.536585365855,9424516.036864405,31849490.665985018,17561.09756097561,9424172.382487873,31848546.4833454,17561.09756097561
9424564.954217302,31850007.4928264,17073.317073170736,5.9180204982738545,9424270.217193667,31849580.13702816,16585.536585365855,9424613.8715702,31850524.319667783,16585.536585365855,9424859.691240938,31850434.84862464,17561.09756097561,9424516.036864405,31849490.665985018,17561.09756097561
9424908.608593836,31850951.675466023,17073.317073170736,5.594142636460525,9424613.8715702,31850524.319667783,16585.536585365855,9424957.52594673,31851468.502307404,16585.536585365855,9425203.345617471,31851379.03126426,17561.09756097561,9424859.691240938,31850434.84862464,17561.09756097561
9425252.262970367,31851895.85810564,17073.317073170736,4.986461104009196,9424957.52594673,31851468.502307404,16585.536585365855,9425301.180323264,31852412.68494702,16585.536585365855,9425546.999994004,31852323.213903878,17561.09756097561,9425203.345617471,31851379.03126426,17561.09756097561
9425595.9173469,31852840.040745262,17073.317073170736,6.055226276162705,9425301.180323264,31852412.68494702,16585.536585365855,9425644.834699797,31853356.867586646,16585.536585365855,9425890.654370537,31853267.3965435,17561.09756097561,9425546.999994004,31852323.213903878,17561.09756097561
9425939.571723433,31853784.223384883,17073.317073170736,5.4660778394597624,9425644.834699797,31853356.867586646,16585.536585365855,9425988.48907633,31854301.050226267,16585.536585365855,9426234.30874707,31854211.579183117,17561.09756097561,9425890.654370537,31853267.3965435,17561.09756097561
9426283.226099964,31854728.4060245,17073.317073170736,5.43491529618757,9425988.48907633,31854301.050226267,16585.536585365855,9426332.143452862,31855245.232865885,16585.536585365855,9426577.963123603,31855155.761822738,17561.09756097561,9426234.30874707,31854211.579183117,17561.09756097561
9426626.880476499,31855672.588664122,17073.317073170736,7.130909725650002,9426332.143452862,31855245.232865885,16585.536585365855,9426675.797829395,31856189.415505506,16585.536585365855,9426921.617500134,31856099.94446236,17561.09756097561,9426577.963123603,31855155.761822738,17561.09756097561
9426970.53485303,31856616.771303743,17073.317073170736,10.131737190357603,9426675.797829395,31856189.415505506,16585.536585365855,9427019.452205928,31857133.598145124,16585.536585365855,9427265.271876667,31857044.127101976,17561.09756097561,9426921.617500134,31856099.94446236,17561.09756097561
9427314.189229565,31857560.95394336,17073.317073170736,11.54334396620011,9427019.452205928,31857133.598145124,16585.536585365855,9427363.10658246,31858077.780784745,16585.536585365855,9427608.9262532,31857988.309741598,17561.09756097561,9427265.271876667,31857044.127101976,17561.09756097561
9427657.843606096,31858505.13658298,17073.317073170736,11.574287368475552,9427363.10658246,31858077.780784745,16585.536585365855,9427706.760958992,31859021.963424366,16585.536585365855,9427952.580629732,31858932.49238122,17561.09756097561,9427608.9262532,31857988.309741598,17561.09756097561
9428001.497982629,31859449.3192226,17073.317073170736,11.981656449628447,9427706.760958992,31859021.963424366,16585.536585365855,9428050.415335525,31859966.146063983,16585.536585365855,9428296.235006263,31859876.675020836,17561.09756097561,9427952.580629732,31858932.49238122,17561.09756097561
9428345.152359162,31860393.50186222,17073.317073170736,12.315358359781934,9428050.415335525,31859966.146063983,16585.536585365855,9428394.069712058,31860910.328703605,16585.536585365855,9428639.889382796,31860820.857660457,17561.09756097561,9428296.235006263,31859876.675020836,17561.09756097561
9428688.806735693,31861337.68450184,17073.317073170736,12.917191374295122,9428394.069712058,31860910.328703605,16585.536585365855,9428737.72408859,31861854.511343226,16585.536585365855,9428983.54375933,31861765.040300082,17561.09756097561,9428639.889382796,31860820.857660457,17561.09756097561
9429032.461112227,31862281.86714146,17073.317073170736,10.629668012302858,9428737.72408859,31861854.511343226,16585.536585365855,9429081.378465123,31862798.693982843,16585.536585365855,9429327.198135862,31862709.2229397,17561.09756097561,9428983.54375933,31861765.040300082,17561.09756097561
9429376.115488758,31863226.04978108,17073.317073170736,12.517504992083047,9429081.378465123,31862798.693982843,16585.536585365855,9429425.032841656,31863742.876622465,16585.536585365855,9429670.852512393,31863653.40557932,17561.09756097561,9429327.198135862,31862709.2229397,17561.09756097561
9429719.769865293,31864170.232420705,17073.317073170736,13.37478491965412,9429425.032841656,31863742.876622465,16585.536585365855,9429768.687218187,31864687.059262082,16585.536585365855,9430014.506888926,31864597.58821894,17561.09756097561,9429670.852512393,31863653.40557932,17561.09756097561
9430063.424241824,31865114.415060323,17073.317073170736,12.682526077451502,9429768.687218187,31864687.059262082,16585.536585365855,9430112.34159472,31865631.241901703,16585.536585365855,9430358.161265459,31865541.77085856,17561.09756097561,9430014.506888926,31864597.58821894,17561.09756097561
9430407.078618357,31866058.597699944,17073.317073170736,13.16470867587011,9430112.34159472,31865631.241901703,16585.536585365855,9430455.995971253,31866575.424541324,16585.536585365855,9430701.815641992,31866485.953498177,17561.09756097561,9430358.161265459,31865541.77085856,17561.09756097561
9430750.73299489,31867002.78033956,17073.317073170736,12.877529062369156,9430455.995971253,31866575.424541324,16585.536585365855,9430799.650347786,31867519.607180946,16585.536585365855,9431045.470018525,31867430.1361378,17561.09756097561,9430701.815641992,31866485.953498177,17561.09756097561
9431094.38737142,31867946.962979183,17073.317073170736,9.522395056058505,9430799.650347786,31867519.607180946,16585.536585365855,9431143.304724319,31868463.789820567,16585.536585365855,9431389.124395056,31868374.31877742,17561.09756097561,9431045.470018525,31867430.1361378,17561.09756097561
9431438.041747956,31868891.1456188,17073.317073170736,8.898929324416656,9431143.304724319,31868463.789820567,16585.536585365855,9431486.959100852,31869407.972460184,16585.536585365855,9431732.778771589,31869318.501417037,17561.09756097561,9431389.124395056,31868374.31877742,17561.09756097561
9431781.696124487,31869835.32825842,17073.317073170736,10.626639721234037,9431486.959100852,31869407.972460184,16585.536585365855,9431830.613477385,31870352.155099805,16585.536585365855,9432076.433148121,31870262.68405666,17561.09756097561,9431732.778771589,31869318.501417037,17561.09756097561
9432125.350501021,31870779.510898042,17073.317073170736,11.744994973676498,9431830.613477385,31870352.155099805,16585.536585365855,9432174.267853916,31871296.337739427,16585.536585365855,9432420.087524654,31871206.86669628,17561.09756097561,9432076.433148121,31870262.68405666,17561.09756097561
9432469.004877552,31871723.69353766,17073.317073170736,13.70172733157677,9432174.267853916,31871296.337739427,16585.536585365855,9432517.922230449,31872240.520379044,16585.536585365855,9432763.741901187,31872151.049335897,17561.09756097561,9432420.087524654,31871206.86669628,17561.09756097561
9432812.659254085,31872667.87617728,17073.317073170736,10.910459252835532,9432517.922230449,31872240.520379044,16585.536585365855,9432861.576606981,31873184.703018665,16585.536585365855,9433107.39627772,31873095.23197552,17561.09756097561,9432763.741901187,31872151.049335897,17561.09756097561
9433156.313630618,31873612.058816902,17073.317073170736,10.329521890674638,9432861.576606981,31873184.703018665,16585.536585365855,9433205.230983514,31874128.885658287,16585.536585365855,9433451.050654253,31874039.41461514,17561.09756097561,9433107.39627772,31873095.23197552,17561.09756097561
9433499.96800715,31874556.24145652,17073.317073170736,10.592906062973178,9433205.230983514,31874128.885658287,16585.536585365855,9433548.885360047,31875073.068297904,16585.536585365855,9433794.705030786,31874983.59725476,17561.09756097561,9433451.050654253,31874039.41461514,17561.09756097561
9433843.622383684,31875500.42409614,17073.317073170736,9.49140635057082,9433548.885360047,31875073.068297904,16585.536585365855,9433892.53973658,31876017.250937525,16585.536585365855,9434138.359407317,31875927.77989438,17561.09756097561,9433794.705030786,31874983.59725476,17561.09756097561
9434187.276760215,31876444.606735762,17073.317073170736,11.61594647589008,9433892.53973658,31876017.250937525,16585.536585365855,9434236.194113113,31876961.433577146,16585.536585365855,9434482.01378385,31876871.962534,17561.09756097561,9434138.359407317,31875927.77989438,17561.09756097561
9434530.93113675,31877388.789375387,17073.317073170736,12.447612822581757,9434236.194113113,31876961.433577146,16585.536585365855,9434579.848489646,31877905.616216764,16585.536585365855,9434825.668160383,31877816.14517362,17561.09756097561,9434482.01378385,31876871.962534,17561.09756097561
9434874.58551328,31878332.972015005,17073.317073170736,12.582889670478053,9434579.848489646,31877905.616216764,16585.536585365855,9434923.502866177,31878849.798856385,16585.536585365855,9435169.322536916,31878760.32781324,17561.09756097561,9434825.668160383,31877816.14517362,17561.09756097561
9435218.239889814,31879277.154654622,17073.317073170736,13.800970156851628,9434923.502866177,31878849.798856385,16585.536585365855,9435267.15724271,31879793.981496006,16585.536585365855,9435512.976913448,31879704.51045286,17561.09756097561,9435169.322536916,31878760.32781324,17561.09756097561
9435561.894266346,31880221.337294243,17073.317073170736,12.910084524747262,9435267.15724271,31879793.981496006,16585.536585365855,9435610.811619243,31880738.164135627,16585.536585365855,9435856.631289981,31880648.69309248,17561.09756097561,9435512.976913448,31879704.51045286,17561.09756097561
9435905.548642877,31881165.519933864,17073.317073170736,12.126185431743133,9435610.811619243,31880738.164135627,16585.536585365855,9435954.465995776,31881682.34677525,16585.536585365855,9436200.285666514,31881592.8757321,17561.09756097561,9435856.631289981,31880648.69309248,17561.09756097561
9436249.203019412,31882109.702573482,17073.317073170736,13.143467183638442,9435954.465995776,31881682.34677525,16585.536585365855,9436298.120372308,31882626.529414866,16585.536585365855,9436543.940043047,31882537.05837172,17561.09756097561,9436200.285666514,31881592.8757321,17561.09756097561
9436592.857395943,31883053.885213103,17073.317073170736,13.855298026688528,9436298.120372308,31882626.529414866,16585.536585365855,9436641.774748841,31883570.712054487,16585.536585365855,9436887.594419578,31883481.24101134,17561.09756097561,9436543.940043047,31882537.05837172,17561.09756097561
9436936.511772478,31883998.067852724,17073.317073170736,15.251507771291028,9436641.774748841,31883570.712054487,16585.536585365855,9436985.429125374,31884514.89469411,16585.536585365855,9437231.248796111,31884425.42365096,17561.09756097561,9436887.594419578,31883481.24101134,17561.09756097561
9437280.166149009,31884942.250492346,17073.317073170736,15.459621906630685,9436985.429125374,31884514.89469411,16585.536585365855,9437329.083501907,31885459.077333726,16585.536585365855,9437574.903172644,31885369.60629058,17561.09756097561,9437231.248796111,31884425.42365096,17561.09756097561
9437623.820525542,31885886.433131963,17073.317073170736,15.299098288066839,9437329.083501907,31885459.077333726,16585.536585365855,9437672.737878438,31886403.259973347,16585.536585365855,9437918.557549177,31886313.788930196,17561.09756097561,9437574.903172644,31885369.60629058,17561.09756097561
9437967.474902075,31886830.615771584,17073.317073170736,15.44446993042878,9437672.737878438,31886403.259973347,16585.536585365855,9438016.392254971,31887347.442612965,16585.536585365855,9438262.21192571,31887257.971569818,17561.09756097561,9437918.557549177,31886313.788930196,17561.09756097561
9438311.129278606,31887774.7984112,17073.317073170736,15.160277079157268,9438016.392254971,31887347.442612965,16585.536585365855,9438360.046631504,31888291.625252586,16585.536585365855,9438605.86630224,31888202.154209442,17561.09756097561,9438262.21192571,31887257.971569818,17561.09756097561
9438654.78365514,31888718.98105082,17073.317073170736,14.667019843840764,9438360.046631504,31888291.625252586,16585.536585365855,9438703.701008037,31889235.807892203,16585.536585365855,9438949.520678774,31889146.33684906,17561.09756097561,9438605.86630224,31888202.154209442,17561.09756097561
9438998.438031672,31889663.16369044,17073.317073170736,14.011729201843119,9438703.701008037,31889235.807892203,16585.536585365855,9439047.35538457,31890179.990531825,16585.536585365855,9439293.175055306,31890090.51948868,17561.09756097561,9438949.520678774,31889146.33684906,17561.09756097561
9439342.092408206,31890607.346330065,17073.317073170736,14.46690549052777,9439047.35538457,31890179.990531825,16585.536585365855,9439391.009761102,31891124.173171446,16585.536585365855,9439636.82943184,31891034.702128302,17561.09756097561,9439293.175055306,31890090.51948868,17561.09756097561
9439685.746784737,31891551.528969683,17073.317073170736,13.667573808578119,9439391.009761102,31891124.173171446,16585.536585365855,9439734.664137634,31892068.355811063,16585.536585365855,9439980.483808372,31891978.88476792,17561.09756097561,9439636.82943184,31891034.702128302,17561.09756097561
9440029.40116127,31892495.711609304,17073.317073170736,11.792559555915352,9439734.664137634,31892068.355811063,16585.536585365855,9440078.318514166,31893012.538450688,16585.536585365855,9440324.138184905,31892923.06740754,17561.09756097561,9439980.483808372,31891978.88476792,17561.09756097561
9440373.055537803,31893439.894248925,17073.317073170736,9.61773027403497,9440078.318514166,31893012.538450688,16585.536585365855,9440421.9728907,31893956.72109031,16585.536585365855,9440667.792561438,31893867.250047162,17561.09756097561,9440324.138184905,31892923.06740754,17561.09756097561
9440716.709914334,31894384.076888543,17073.317073170736,8.624044177427734,9440421.9728907,31893956.72109031,16585.536585365855,9440765.627267232,31894900.903729927,16585.536585365855,9441011.44693797,31894811.43268678,17561.09756097561,9440667.792561438,31893867.250047162,17561.09756097561
9441060.364290869,31895328.259528164,17073.317073170736,7.7945719599380245,9440765.627267232,31894900.903729927,16585.536585365855,9441109.281643765,31895845.086369548,16585.536585365855,9441355.101314502,31895755.6153264,17561.09756097561,9441011.44693797,31894811.43268678,17561.09756097561
9441404.0186674,31896272.442167785,17073.317073170736,8.789749077620982,9441109.281643765,31895845.086369548,16585.536585365855,9441452.936020298,31896789.26900917,16585.536585365855,9441698.755691035,31896699.797966022,17561.09756097561,9441355.101314502,31895755.6153264,17561.09756097561
9441747.673043935,31897216.624807406,17073.317073170736,9.205954595793814,9441452.936020298,31896789.26900917,16585.536585365855,9441796.59039683,31897733.451648787,16585.536585365855,9442042.410067568,31897643.98060564,17561.09756097561,9441698.755691035,31896699.797966022,17561.09756097561
9442091.327420466,31898160.807447024,17073.317073170736,7.16524511354433,9441796.59039683,31897733.451648787,16585.536585365855,9442140.244773364,31898677.634288408,16585.536585365855,9442386.0644441,31898588.16324526,17561.09756097561,9442042.410067568,31897643.98060564,17561.09756097561
9442434.981796999,31899104.990086645,17073.317073170736,5.904950873113079,9442140.244773364,31898677.634288408,16585.536585365855,9442483.899149895,31899621.81692803,16585.536585365855,9442729.718820633,31899532.345884882,17561.09756097561,9442386.0644441,31898588.16324526,17561.09756097561
9442778.636173531,31900049.172726262,17073.317073170736,5.722003179866467,9442483.899149895,31899621.81692803,16585.536585365855,9442827.553526428,31900565.999567647,16585.536585365855,9443073.373197166,31900476.5285245,17561.09756097561,9442729.718820633,31899532.345884882,17561.09756097561
9443122.290550062,31900993.355365884,17073.317073170736,6.164495499273957,9442827.553526428,31900565.999567647,16585.536585365855,9443171.20790296,31901510.182207268,16585.536585365855,9443417.0275737,31901420.711164124,17561.09756097561,9443073.373197166,31900476.5285245,17561.09756097561
9443465.944926597,31901937.5380055,17073.317073170736,5.7511197832168826,9443171.20790296,31901510.182207268,16585.536585365855,9443514.862279493,31902454.36484689,16585.536585365855,9443760.681950232,31902364.89380374,17561.09756097561,9443417.0275737,31901420.711164124,17561.09756097561
9417937.686357388,31831034.36899085,18048.878048780487,10.964010642926052,9417642.949333753,31830607.013192616,17561.09756097561,9417986.603710286,31831551.195832234,17561.09756097561,9418232.423381025,31831461.72478909,18536.658536585368,9417888.769004492,31830517.542149473,18536.658536585368
9418281.34073392,31831978.551630475,18048.878048780487,10.752794571823342,9417986.603710286,31831551.195832234,17561.09756097561,9418330.25808682,31832495.378471855,17561.09756097561,9418576.077757556,31832405.90742871,18536.658536585368,9418232.423381025,31831461.72478909,18536.658536585368
9418624.995110454,31832922.734270096,18048.878048780487,10.269725652702425,9418330.25808682,31832495.378471855,17561.09756097561,9418673.912463352,31833439.561111476,17561.09756097561,9418919.732134089,31833350.090068333,18536.658536585368,9418576.077757556,31832405.90742871,18536.658536585368
9418968.649486985,31833866.916909713,18048.878048780487,9.038380023808672,9418673.912463352,31833439.561111476,17561.09756097561,9419017.566839885,31834383.743751094,17561.09756097561,9419263.386510622,31834294.27270795,18536.658536585368,9418919.732134089,31833350.090068333,18536.658536585368
9419312.30386352,31834811.099549334,18048.878048780487,9.101160416047163,9419017.566839885,31834383.743751094,17561.09756097561,9419361.221216416,31835327.92639072,17561.09756097561,9419607.040887155,31835238.45534757,18536.658536585368,9419263.386510622,31834294.27270795,18536.658536585368
9419655.95824005,31835755.282188956,18048.878048780487,8.270148325184131,9419361.221216416,31835327.92639072,17561.09756097561,9419704.875592949,31836272.10903034,17561.09756097561,9419950.695263688,31836182.637987193,18536.658536585368,9419607.040887155,31835238.45534757,18536.658536585368
9419999.612616584,31836699.464828577,18048.878048780487,7.548148436024467,9419704.875592949,31836272.10903034,17561.09756097561,9420048.529969482,31837216.291669957,17561.09756097561,9420294.34964022,31837126.82062681,18536.658536585368,9419950.695263688,31836182.637987193,18536.658536585368
9420343.266993117,31837643.647468194,18048.878048780487,6.461149385003171,9420048.529969482,31837216.291669957,17561.09756097561,9420392.184346015,31838160.47430958,17561.09756097561,9420638.004016753,31838071.00326643,18536.658536585368,9420294.34964022,31837126.82062681,18536.658536585368
9420686.921369648,31838587.830107816,18048.878048780487,5.252725917623476,9420392.184346015,31838160.47430958,17561.09756097561,9420735.838722548,31839104.6569492,17561.09756097561,9420981.658393286,31839015.185906053,18536.658536585368,9420638.004016753,31838071.00326643,18536.658536585368
9421030.575746182,31839532.012747433,18048.878048780487,4.654488336570211,9420735.838722548,31839104.6569492,17561.09756097561,9421079.49309908,31840048.839588817,17561.09756097561,9421325.312769817,31839959.36854567,18536.658536585368,9420981.658393286,31839015.185906053,18536.658536585368
9421374.230122713,31840476.195387054,18048.878048780487,4.248794591072661,9421079.49309908,31840048.839588817,17561.09756097561,9421423.147475613,31840993.02222844,17561.09756097561,9421668.96714635,31840903.55118529,18536.658536585368,9421325.312769817,31839959.36854567,18536.658536585368
9421717.884499248,31841420.37802667,18048.878048780487,4.212643872450411,9421423.147475613,31840993.02222844,17561.09756097561,9421766.801852144,31841937.204868056,17561.09756097561,9422012.621522883,31841847.73382491,18536.658536585368,9421668.96714635,31840903.55118529,18536.658536585368
9422061.53887578,31842364.560666293,18048.878048780487,4.604958741283284,9421766.801852144,31841937.204868056,17561.09756097561,9422110.456228677,31842881.387507677,17561.09756097561,9422356.275899416,31842791.916464534,18536.658536585368,9422012.621522883,31841847.73382491,18536.658536585368
9422405.193252312,31843308.743305914,18048.878048780487,6.394387374257077,9422110.456228677,31842881.387507677,17561.09756097561,9422454.11060521,31843825.570147295,17561.09756097561,9422699.930275949,31843736.09910415,18536.658536585368,9422356.275899416,31842791.916464534,18536.658536585368
9422748.847628845,31844252.92594553,18048.878048780487,7.487094191016319,9422454.11060521,31843825.570147295,17561.09756097561,9422797.764981743,31844769.752786916,17561.09756097561,9423043.58465248,31844680.281743772,18536.658536585368,9422699.930275949,31843736.09910415,18536.658536585368
9423092.502005376,31845197.108585157,18048.878048780487,8.20258064287417,9422797.764981743,31844769.752786916,17561.09756097561,9423141.419358276,31845713.935426537,17561.09756097561,9423387.239029013,31845624.464383394,18536.658536585368,9423043.58465248,31844680.281743772,18536.658536585368
9423436.15638191,31846141.291224778,18048.878048780487,9.09860235596866,9423141.419358276,31845713.935426537,17561.09756097561,9423485.073734809,31846658.118066154,17561.09756097561,9423730.893405546,31846568.64702301,18536.658536585368,9423387.239029013,31845624.464383394,18536.658536585368
9423779.810758442,31847085.473864395,18048.878048780487,9.521334993321883,9423485.073734809,31846658.118066154,17561.09756097561,9423828.728111342,31847602.300705776,17561.09756097561,9424074.547782078,31847512.829662632,18536.658536585368,9423730.893405546,31846568.64702301,18536.658536585368
9424123.465134976,31848029.656504016,18048.878048780487,10.408373259307938,9423828.728111342,31847602.300705776,17561.09756097561,9424172.382487873,31848546.4833454,17561.09756097561,9424418.202158611,31848457.012302253,18536.658536585368,9424074.547782078,31847512.829662632,18536.658536585368
9424467.119511507,31848973.839143634,18048.878048780487,8.137727160533954,9424172.382487873,31848546.4833454,17561.09756097561,9424516.036864405,31849490.665985018,17561.09756097561,9424761.856535144,31849401.19494187,18536.658536585368,9424418.202158611,31848457.012302253,18536.658536585368
9424810.77388804,31849918.021783255,18048.878048780487,7.814367449926184,9424516.036864405,31849490.665985018,17561.09756097561,9424859.691240938,31850434.84862464,17561.09756097561,9425105.510911677,31850345.377581492,18536.658536585368,9424761.856535144,31849401.19494187,18536.658536585368
9425154.428264573,31850862.204422876,18048.878048780487,8.635632641708913,9424859.691240938,31850434.84862464,17561.09756097561,9425203.345617471,31851379.03126426,17561.09756097561,9425449.16528821,31851289.56022111,18536.658536585368,9425105.510911677,31850345.377581492,18536.658536585368
9425498.082641104,31851806.387062494,18048.878048780487,6.755566255171765,9425203.345617471,31851379.03126426,17561.09756097561,9425546.999994004,31852323.213903878,17561.09756097561,9425792.819664741,31852233.74286073,18536.658536585368,9425449.16528821,31851289.56022111,18536.658536585368
9425841.737017639,31852750.569702115,18048.878048780487,5.654954166096406,9425546.999994004,31852323.213903878,17561.09756097561,9425890.654370537,31853267.3965435,17561.09756097561,9426136.474041274,31853177.925500352,18536.658536585368,9425792.819664741,31852233.74286073,18536.658536585368
9426185.39139417,31853694.752341732,18048.878048780487,4.445343117514867,9425890.654370537,31853267.3965435,17561.09756097561,9426234.30874707,31854211.579183117,17561.09756097561,9426480.128417807,31854122.10813997,18536.658536585368,9426136.474041274,31853177.925500352,18536.658536585368
9426529.045770705,31854638.934981354,18048.878048780487,4.29977943400191,9426234.30874707,31854211.579183117,17561.09756097561,9426577.963123603,31855155.761822738,17561.09756097561,9426823.78279434,31855066.29077959,18536.658536585368,9426480.128417807,31854122.10813997,18536.658536585368
9426872.700147236,31855583.117620975,18048.878048780487,4.772209057109048,9426577.963123603,31855155.761822738,17561.09756097561,9426921.617500134,31856099.94446236,17561.09756097561,9427167.437170872,31856010.47341921,18536.658536585368,9426823.78279434,31855066.29077959,18536.658536585368
9427216.354523769,31856527.300260596,18048.878048780487,7.487173502368795,9426921.617500134,31856099.94446236,17561.09756097561,9427265.271876667,31857044.127101976,17561.09756097561,9427511.091547405,31856954.656058833,18536.658536585368,9427167.437170872,31856010.47341921,18536.658536585368
9427560.008900302,31857471.482900213,18048.878048780487,11.322574396922487,9427265.271876667,31857044.127101976,17561.09756097561,9427608.9262532,31857988.309741598,17561.09756097561,9427854.745923938,31857898.838698454,18536.658536585368,9427511.091547405,31856954.656058833,18536.658536585368
9427903.663276833,31858415.665539835,18048.878048780487,10.914433165211502,9427608.9262532,31857988.309741598,17561.09756097561,9427952.580629732,31858932.49238122,17561.09756097561,9428198.400300471,31858843.021338075,18536.658536585368,9427854.745923938,31857898.838698454,18536.658536585368
9428247.317653367,31859359.848179456,18048.878048780487,11.421842623414278,9427952.580629732,31858932.49238122,17561.09756097561,9428296.235006263,31859876.675020836,17561.09756097561,9428542.054677002,31859787.203977693,18536.658536585368,9428198.400300471,31858843.021338075,18536.658536585368
9428590.972029898,31860304.030819077,18048.878048780487,9.427452931334251,9428296.235006263,31859876.675020836,17561.09756097561,9428639.889382796,31860820.857660457,17561.09756097561,9428885.709053535,31860731.386617314,18536.658536585368,9428542.054677002,31859787.203977693,18536.658536585368
9428934.626406433,31861248.2134587,18048.878048780487,10.137013397421693,9428639.889382796,31860820.857660457,17561.09756097561,9428983.54375933,31861765.040300082,17561.09756097561,9429229.363430068,31861675.569256935,18536.658536585368,9428885.709053535,31860731.386617314,18536.658536585368
9429278.280782964,31862192.396098316,18048.878048780487,11.281339557821997,9428983.54375933,31861765.040300082,17561.09756097561,9429327.198135862,31862709.2229397,17561.09756097561,9429573.0178066,31862619.751896553,18536.658536585368,9429229.363430068,31861675.569256935,18536.658536585368
9429621.935159497,31863136.578737937,18048.878048780487,14.225068629236489,9429327.198135862,31862709.2229397,17561.09756097561,9429670.852512393,31863653.40557932,17561.09756097561,9429916.672183134,31863563.934536174,18536.658536585368,9429573.0178066,31862619.751896553,18536.658536585368
9429965.58953603,31864080.761377558,18048.878048780487,14.692531461313102,9429670.852512393,31863653.40557932,17561.09756097561,9430014.506888926,31864597.58821894,17561.09756097561,9430260.326559667,31864508.11717579,18536.658536585368,9429916.672183134,31863563.934536174,18536.658536585368
9430309.24391256,31865024.944017176,18048.878048780487,13.83780440006173,9430014.506888926,31864597.58821894,17561.09756097561,9430358.161265459,31865541.77085856,17561.09756097561,9430603.980936198,31865452.299815413,18536.658536585368,9430260.326559667,31864508.11717579,18536.658536585368
9430652.898289096,31865969.126656797,18048.878048780487,11.240213533498316,9430358.161265459,31865541.77085856,17561.09756097561,9430701.815641992,31866485.953498177,17561.09756097561,9430947.63531273,31866396.48245503,18536.658536585368,9430603.980936198,31865452.299815413,18536.658536585368
9430996.552665627,31866913.309296414,18048.878048780487,10.322314598395112,9430701.815641992,31866485.953498177,17561.09756097561,9431045.470018525,31867430.1361378,17561.09756097561,9431291.289689263,31867340.66509465,18536.658536585368,9430947.63531273,31866396.48245503,18536.658536585368
9431340.207042161,31867857.491936035,18048.878048780487,9.457609333463383,9431045.470018525,31867430.1361378,17561.09756097561,9431389.124395056,31868374.31877742,17561.09756097561,9431634.944065796,31868284.847734272,18536.658536585368,9431291.289689263,31867340.66509465,18536.658536585368
9431683.861418692,31868801.674575653,18048.878048780487,9.957343678522596,9431389.124395056,31868374.31877742,17561.09756097561,9431732.778771589,31869318.501417037,17561.09756097561,9431978.59844233,31869229.030373894,18536.658536585368,9431634.944065796,31868284.847734272,18536.658536585368
9432027.515795225,31869745.857215274,18048.878048780487,9.198807058795325,9431732.778771589,31869318.501417037,17561.09756097561,9432076.433148121,31870262.68405666,17561.09756097561,9432322.252818862,31870173.213013515,18536.658536585368,9431978.59844233,31869229.030373894,18536.658536585368
9432371.170171758,31870690.039854895,18048.878048780487,10.346083477899526,9432076.433148121,31870262.68405666,17561.09756097561,9432420.087524654,31871206.86669628,17561.09756097561,9432665.907195395,31871117.395653136,18536.658536585368,9432322.252818862,31870173.213013515,18536.658536585368
9432714.82454829,31871634.222494517,18048.878048780487,12.472920318264679,9432420.087524654,31871206.86669628,17561.09756097561,9432763.741901187,31872151.049335897,17561.09756097561,9433009.561571928,31872061.578292754,18536.658536585368,9432665.907195395,31871117.395653136,18536.658536585368
9433058.478924824,31872578.405134138,18048.878048780487,11.517229553988004,9432763.741901187,31872151.049335897,17561.09756097561,9433107.39627772,31873095.23197552,17561.09756097561,9433353.215948459,31873005.760932375,18536.658536585368,9433009.561571928,31872061.578292754,18536.658536585368
9433402.133301355,31873522.58777376,18048.878048780487,9.573805199362283,9433107.39627772,31873095.23197552,17561.09756097561,9433451.050654253,31874039.41461514,17561.09756097561,9433696.870324992,31873949.943571992,18536.658536585368,9433353.215948459,31873005.760932375,18536.658536585368
9433745.78767789,31874466.770413376,18048.878048780487,9.927667377813727,9433451.050654253,31874039.41461514,17561.09756097561,9433794.705030786,31874983.59725476,17561.09756097561,9434040.524701525,31874894.126211613,18536.658536585368,9433696.870324992,31873949.943571992,18536.658536585368
9434089.44205442,31875410.953052998,18048.878048780487,10.983432701812085,9433794.705030786,31874983.59725476,17561.09756097561,9434138.359407317,31875927.77989438,17561.09756097561,9434384.179078057,31875838.308851235,18536.658536585368,9434040.524701525,31874894.126211613,18536.658536585368
9434433.096430954,31876355.13569262,18048.878048780487,10.719918779603235,9434138.359407317,31875927.77989438,17561.09756097561,9434482.01378385,31876871.962534,17561.09756097561,9434727.83345459,31876782.491490852,18536.658536585368,9434384.179078057,31875838.308851235,18536.658536585368
9434776.750807486,31877299.318332236,18048.878048780487,8.673357395721155,9434482.01378385,31876871.962534,17561.09756097561,9434825.668160383,31877816.14517362,17561.09756097561,9435071.487831123,31877726.674130473,18536.658536585368,9434727.83345459,31876782.491490852,18536.658536585368
9435120.405184017,31878243.500971857,18048.878048780487,8.901022757652555,9434825.668160383,31877816.14517362,17561.09756097561,9435169.322536916,31878760.32781324,17561.09756097561,9435415.142207656,31878670.856770094,18536.658536585368,9435071.487831123,31877726.674130473,18536.658536585368
9435464.059560552,31879187.683611475,18048.878048780487,7.4896325734772065,9435169.322536916,31878760.32781324,17561.09756097561,9435512.976913448,31879704.51045286,17561.09756097561,9435758.796584189,31879615.039409712,18536.658536585368,9435415.142207656,31878670.856770094,18536.658536585368
9435807.713937083,31880131.866251096,18048.878048780487,7.7570818393156635,9435512.976913448,31879704.51045286,17561.09756097561,9435856.631289981,31880648.69309248,17561.09756097561,9436102.45096072,31880559.222049333,18536.658536585368,9435758.796584189,31879615.039409712,18536.658536585368
9436151.368313618,31881076.048890717,18048.878048780487,8.474136005793877,9435856.631289981,31880648.69309248,17561.09756097561,9436200.285666514,31881592.8757321,17561.09756097561,9436446.105337253,31881503.404688954,18536.658536585368,9436102.45096072,31880559.222049333,18536.658536585368
9436495.022690149,31882020.231530335,18048.878048780487,8.045424638060663,9436200.285666514,31881592.8757321,17561.09756097561,9436543.940043047,31882537.05837172,17561.09756097561,9436789.759713786,31882447.587328576,18536.658536585368,9436446.105337253,31881503.404688954,18536.658536585368
9436838.677066682,31882964.414169956,18048.878048780487,10.144328933960185,9436543.940043047,31882537.05837172,17561.09756097561,9436887.594419578,31883481.24101134,17561.09756097561,9437133.414090319,31883391.769968197,18536.658536585368,9436789.759713786,31882447.587328576,18536.658536585368
9437182.331443215,31883908.596809577,18048.878048780487,10.486912187009336,9436887.594419578,31883481.24101134,17561.09756097561,9437231.248796111,31884425.42365096,17561.09756097561,9437477.068466851,31884335.952607818,18536.658536585368,9437133.414090319,31883391.769968197,18536.658536585368
9437525.985819746,31884852.7794492,18048.878048780487,12.360573913322586,9437231.248796111,31884425.42365096,17561.09756097561,9437574.903172644,31885369.60629058,17561.09756097561,9437820.722843384,31885280.135247435,18536.658536585368,9437477.068466851,31884335.952607818,18536.658536585368
9437869.64019628,31885796.96208882,18048.878048780487,14.445724023532422,9437574.903172644,31885369.60629058,17561.09756097561,9437918.557549177,31886313.788930196,17561.09756097561,9438164.377219915,31886224.317887053,18536.658536585368,9437820.722843384,31885280.135247435,18536.658536585368
9438213.294572812,31886741.144728437,18048.878048780487,14.943281068598068,9437918.557549177,31886313.788930196,17561.09756097561,9438262.21192571,31887257.971569818,17561.09756097561,9438508.031596448,31887168.500526674,18536.658536585368,9438164.377219915,31886224.317887053,18536.658536585368
9438556.948949346,31887685.32736806,18048.878048780487,14.38034476709445,9438262.21192571,31887257.971569818,17561.09756097561,9438605.86630224,31888202.154209442,17561.09756097561,9438851.685972981,31888112.683166295,18536.658536585368,9438508.031596448,31887168.500526674,18536.658536585368
9438900.603325877,31888629.510007676,18048.878048780487,13.820517774781788,9438605.86630224,31888202.154209442,17561.09756097561,9438949.520678774,31889146.33684906,17561.09756097561,9439195.340349514,31889056.865805913,18536.658536585368,9438851.685972981,31888112.683166295,18536.658536585368
9439244.25770241,31889573.692647297,18048.878048780487,13.451408889037058,9438949.520678774,31889146.33684906,17561.09756097561,9439293.175055306,31890090.51948868,17561.09756097561,9439538.994726047,31890001.048445534,18536.658536585368,9439195.340349514,31889056.865805913,18536.658536585368
9439587.912078943,31890517.875286918,18048.878048780487,14.39731718123383,9439293.175055306,31890090.51948868,17561.09756097561,9439636.82943184,31891034.702128302,17561.09756097561,9439882.64910258,31890945.231085155,18536.658536585368,9439538.994726047,31890001.048445534,18536.658536585368
9439931.566455474,31891462.057926536,18048.878048780487,15.051505425233321,9439636.82943184,31891034.702128302,17561.09756097561,9439980.483808372,31891978.88476792,17561.09756097561,9440226.303479113,31891889.413724773,18536.658536585368,9439882.64910258,31890945.231085155,18536.658536585368
9440275.220832009,31892406.240566157,18048.878048780487,14.390371632090174,9439980.483808372,31891978.88476792,17561.09756097561,9440324.138184905,31892923.06740754,17561.09756097561,9440569.957855644,31892833.596364394,18536.658536585368,9440226.303479113,31891889.413724773,18536.658536585368
9440618.87520854,31893350.423205778,18048.878048780487,14.268293820577608,9440324.138184905,31892923.06740754,17561.09756097561,9440667.792561438,31893867.250047162,17561.09756097561,9440913.612232177,31893777.779004015,18536.658536585368,9440569.957855644,31892833.596364394,18536.658536585368
9440962.529585075,31894294.605845395,18048.878048780487,13.02691115281198,9440667.792561438,31893867.250047162,17561.09756097561,9441011.44693797,31894811.43268678,17561.09756097561,9441257.26660871,31894721.961643633,18536.658536585368,9440913.612232177,31893777.779004015,18536.658536585368
9441306.183961606,31895238.788485017,18048.878048780487,13.297793988734396,9441011.44693797,31894811.43268678,17561.09756097561,9441355.101314502,31895755.6153264,17561.09756097561,9441600.920985242,31895666.144283257,18536.658536585368,9441257.26660871,31894721.961643633,18536.658536585368
9441649.838338139,31896182.971124638,18048.878048780487,12.707001646278522,9441355.101314502,31895755.6153264,17561.09756097561,9441698.755691035,31896699.797966022,17561.09756097561,9441944.575361775,31896610.32692288,18536.658536585368,9441600.920985242,31895666.144283257,18536.658536585368
9441993.492714671,31897127.15376426,18048.878048780487,10.89628168888949,9441698.755691035,31896699.797966022,17561.09756097561,9442042.410067568,31897643.98060564,17561.09756097561,9442288.229738308,31897554.509562496,18536.658536585368,9441944.575361775,31896610.32692288,18536.658536585368
9442337.147091202,31898071.336403877,18048.878048780487,9.095815750414205,9442042.410067568,31897643.98060564,17561.09756097561,9442386.0644441,31898588.16324526,17561.09756097561,9442631.884114841,31898498.692202117,18536.658536585368,9442288.229738308,31897554.509562496,18536.658536585368
9442680.801467737,31899015.519043498,18048.878048780487,7.965478539329733,9442386.0644441,31898588.16324526,17561.09756097561,9442729.718820633,31899532.345884882,17561.09756097561,9442975.538491374,31899442.874841735,18536.658536585368,9442631.884114841,31898498.692202117,18536.658536585368
9443024.455844268,31899959.70168312,18048.878048780487,8.994987728663572,9442729.718820633,31899532.345884882,17561.09756097561,9443073.373197166,31900476.5285245,17561.09756097561,9443319.192867905,31900387.057481356,18536.658536585368,9442975.538491374,31899442.874841735,18536.658536585368
9443368.110220803,31900903.88432274,18048.878048780487,8.328762013585791,9443073.373197166,31900476.5285245,17561.09756097561,9443417.0275737,31901420.711164124,17561.09756097561,9443662.847244438,31901331.240120977,18536.658536585368,9443319.192867905,31900387.057481356,18536.658536585368
9443711.764597334,31901848.066962358,18048.878048780487,6.306083042801104,9443417.0275737,31901420.711164124,17561.09756097561,9443760.681950232,31902364.89380374,17561.09756097561,9444006.50162097,31902275.422760595,18536.658536585368,9443662.847244438,31901331.240120977,18536.658536585368
9418183.506028127,31830944.897947706,19024.43902439025,9.086781537978135,9417888.769004492,31830517.542149473,18536.658536585368,9418232.423381025,31831461.72478909,18536.658536585368,9418478.243051762,31831372.253745943,19512.219512195123,9418134.588675229,31830428.071106326,19512.219512195123
9418527.160404662,31831889.080587327,19024.43902439025,10.250094182141915,9418232.423381025,31831461.72478909,18536.658536585368,9418576.077757556,31832405.90742871,18536.658536585368,9418821.897428295,31832316.436385565,19512.219512195123,9418478.243051762,31831372.253745943,19512.219512195123
9418870.814781193,31832833.26322695,19024.43902439025,9.634965752192212,9418576.077757556,31832405.90742871,18536.658536585368,9418919.732134089,31833350.090068333,18536.658536585368,9419165.551804828,31833260.619025186,19512.219512195123,9418821.897428295,31832316.436385565,19512.219512195123
9419214.469157726,31833777.445866566,19024.43902439025,8.755785196255527,9418919.732134089,31833350.090068333,18536.658536585368,9419263.386510622,31834294.27270795,18536.658536585368,9419509.20618136,31834204.801664803,19512.219512195123,9419165.551804828,31833260.619025186,19512.219512195123
9419558.123534258,31834721.628506187,19024.43902439025,8.320531300862092,9419263.386510622,31834294.27270795,18536.658536585368,9419607.040887155,31835238.45534757,18536.658536585368,9419852.860557893,31835148.984304424,19512.219512195123,9419509.20618136,31834204.801664803,19512.219512195123
9419901.77791079,31835665.81114581,19024.43902439025,6.588838376289886,9419607.040887155,31835238.45534757,18536.658536585368,9419950.695263688,31836182.637987193,18536.658536585368,9420196.514934426,31836093.166944046,19512.219512195123,9419852.860557893,31835148.984304424,19512.219512195123
9420245.432287324,31836609.99378543,19024.43902439025,7.287200368647132,9419950.695263688,31836182.637987193,18536.658536585368,9420294.34964022,31837126.82062681,18536.658536585368,9420540.169310957,31837037.349583663,19512.219512195123,9420196.514934426,31836093.166944046,19512.219512195123
9420589.086663855,31837554.176425047,19024.43902439025,7.296703973886918,9420294.34964022,31837126.82062681,18536.658536585368,9420638.004016753,31838071.00326643,18536.658536585368,9420883.82368749,31837981.532223288,19512.219512195123,9420540.169310957,31837037.349583663,19512.219512195123
9420932.74104039,31838498.359064665,19024.43902439025,6.0773177343685525,9420638.004016753,31838071.00326643,18536.658536585368,9420981.658393286,31839015.185906053,18536.658536585368,9421227.478064023,31838925.714862905,19512.219512195123,9420883.82368749,31837981.532223288,19512.219512195123
9421276.395416921,31839442.541704286,19024.43902439025,5.1832238007932485,9420981.658393286,31839015.185906053,18536.658536585368,9421325.312769817,31839959.36854567,18536.658536585368,9421571.132440556,31839869.897502527,19512.219512195123,9421227.478064023,31838925.714862905,19512.219512195123
9421620.049793454,31840386.72434391,19024.43902439025,4.38383645320212,9421325.312769817,31839959.36854567,18536.658536585368,9421668.96714635,31840903.55118529,18536.658536585368,9421914.786817089,31840814.080142148,19512.219512195123,9421571.132440556,31839869.897502527,19512.219512195123
9421963.704169987,31841330.90698353,19024.43902439025,4.1676356544068085,9421668.96714635,31840903.55118529,18536.658536585368,9422012.621522883,31841847.73382491,18536.658536585368,9422258.44119362,31841758.262781765,19512.219512195123,9421914.786817089,31840814.080142148,19512.219512195123
9422307.358546518,31842275.08962315,19024.43902439025,4.59787534562297,9422012.621522883,31841847.73382491,18536.658536585368,9422356.275899416,31842791.916464534,18536.658536585368,9422602.095570153,31842702.445421387,19512.219512195123,9422258.44119362,31841758.262781765,19512.219512195123
9422651.012923053,31843219.27226277,19024.43902439025,6.40677481912577,9422356.275899416,31842791.916464534,18536.658536585368,9422699.930275949,31843736.09910415,18536.658536585368,9422945.749946686,31843646.628061004,19512.219512195123,9422602.095570153,31842702.445421387,19512.219512195123
9422994.667299584,31844163.45490239,19024.43902439025,7.081650311159362,9422699.930275949,31843736.09910415,18536.658536585368,9423043.58465248,31844680.281743772,18536.658536585368,9423289.404323218,31844590.810700625,19512.219512195123,9422945.749946686,31843646.628061004,19512.219512195123
9423338.321676115,31845107.63754201,19024.43902439025,7.45286468740062,9423043.58465248,31844680.281743772,18536.658536585368,9423387.239029013,31845624.464383394,18536.658536585368,9423633.058699751,31845534.993340246,19512.219512195123,9423289.404323218,31844590.810700625,19512.219512195123
9423681.97605265,31846051.82018163,19024.43902439025,8.994649925351045,9423387.239029013,31845624.464383394,18536.658536585368,9423730.893405546,31846568.64702301,18536.658536585368,9423976.713076284,31846479.175979864,19512.219512195123,9423633.058699751,31845534.993340246,19512.219512195123
9424025.630429182,31846996.002821248,19024.43902439025,9.81591889331779,9423730.893405546,31846568.64702301,18536.658536585368,9424074.547782078,31847512.829662632,18536.658536585368,9424320.367452817,31847423.358619485,19512.219512195123,9423976.713076284,31846479.175979864,19512.219512195123
9424369.284805715,31847940.185460865,19024.43902439025,11.170154867333801,9424074.547782078,31847512.829662632,18536.658536585368,9424418.202158611,31848457.012302253,18536.658536585368,9424664.02182935,31848367.541259103,19512.219512195123,9424320.367452817,31847423.358619485,19512.219512195123
9424712.939182246,31848884.368100487,19024.43902439025,9.580379404884692,9424418.202158611,31848457.012302253,18536.658536585368,9424761.856535144,31849401.19494187,18536.658536585368,9425007.676205881,31849311.723898724,19512.219512195123,9424664.02182935,31848367.541259103,19512.219512195123
9425056.59355878,31849828.550740108,19024.43902439025,9.009564074490278,9424761.856535144,31849401.19494187,18536.658536585368,9425105.510911677,31850345.377581492,18536.658536585368,9425351.330582414,31850255.906538345,19512.219512195123,9425007.676205881,31849311.723898724,19512.219512195123
9425400.247935312,31850772.733379725,19024.43902439025,9.634260834187062,9425105.510911677,31850345.377581492,18536.658536585368,9425449.16528821,31851289.56022111,18536.658536585368,9425694.984958947,31851200.089177966,19512.219512195123,9425351.330582414,31850255.906538345,19512.219512195123
9425743.902311847,31851716.916019347,19024.43902439025,8.947884177235457,9425449.16528821,31851289.56022111,18536.658536585368,9425792.819664741,31852233.74286073,18536.658536585368,9426038.63933548,31852144.271817587,19512.219512195123,9425694.984958947,31851200.089177966,19512.219512195123
9426087.556688378,31852661.098658968,19024.43902439025,9.116854097176585,9425792.819664741,31852233.74286073,18536.658536585368,9426136.474041274,31853177.925500352,18536.658536585368,9426382.293712012,31853088.45445721,19512.219512195123,9426038.63933548,31852144.271817587,19512.219512195123
9426431.21106491,31853605.28129859,19024.43902439025,8.097085698231451,9426136.474041274,31853177.925500352,18536.658536585368,9426480.128417807,31854122.10813997,18536.658536585368,9426725.948088545,31854032.637096826,19512.219512195123,9426382.293712012,31853088.45445721,19512.219512195123
9426774.865441443,31854549.46393821,19024.43902439025,6.660192107422759,9426480.128417807,31854122.10813997,18536.658536585368,9426823.78279434,31855066.29077959,18536.658536585368,9427069.602465078,31854976.819736447,19512.219512195123,9426725.948088545,31854032.637096826,19512.219512195123
9427118.519817974,31855493.64657783,19024.43902439025,7.008357804609267,9426823.78279434,31855066.29077959,18536.658536585368,9427167.437170872,31856010.47341921,18536.658536585368,9427413.256841611,31855921.00237607,19512.219512195123,9427069.602465078,31854976.819736447,19512.219512195123
9427462.17419451,31856437.829217453,19024.43902439025,7.879707793343449,9427167.437170872,31856010.47341921,18536.658536585368,9427511.091547405,31856954.656058833,18536.658536585368,9427756.911218142,31856865.185015686,19512.219512195123,9427413.256841611,31855921.00237607,19512.219512195123
9427805.82857104,31857382.01185707,19024.43902439025,9.18835500188764,9427511.091547405,31856954.656058833,18536.658536585368,9427854.745923938,31857898.838698454,18536.658536585368,9428100.565594675,31857809.367655307,19512.219512195123,9427756.911218142,31856865.185015686,19512.219512195123
9428149.482947575,31858326.19449669,19024.43902439025,7.08781768969344,9427854.745923938,31857898.838698454,18536.658536585368,9428198.400300471,31858843.021338075,18536.658536585368,9428444.219971208,31858753.55029493,19512.219512195123,9428100.565594675,31857809.367655307,19512.219512195123
9428493.137324106,31859270.37713631,19024.43902439025,7.361510717747823,9428198.400300471,31858843.021338075,18536.658536585368,9428542.054677002,31859787.203977693,18536.658536585368,9428787.87434774,31859697.732934546,19512.219512195123,9428444.219971208,31858753.55029493,19512.219512195123
9428836.791700639,31860214.55977593,19024.43902439025,8.023589238557108,9428542.054677002,31859787.203977693,18536.658536585368,9428885.709053535,31860731.386617314,18536.658536585368,9429131.528724274,31860641.915574167,19512.219512195123,9428787.87434774,31859697.732934546,19512.219512195123
9429180.446077172,31861158.74241555,19024.43902439025,8.816989611450705,9428885.709053535,31860731.386617314,18536.658536585368,9429229.363430068,31861675.569256935,18536.658536585368,9429475.183100807,31861586.098213788,19512.219512195123,9429131.528724274,31860641.915574167,19512.219512195123
9429524.100453703,31862102.92505517,19024.43902439025,10.740276854514327,9429229.363430068,31861675.569256935,18536.658536585368,9429573.0178066,31862619.751896553,18536.658536585368,9429818.83747734,31862530.280853406,19512.219512195123,9429475.183100807,31861586.098213788,19512.219512195123
9429867.754830237,31863047.10769479,19024.43902439025,13.579476320215,9429573.0178066,31862619.751896553,18536.658536585368,9429916.672183134,31863563.934536174,18536.658536585368,9430162.491853872,31863474.463493027,19512.219512195123,9429818.83747734,31862530.280853406,19512.219512195123
9430211.409206768,31863991.29033441,19024.43902439025,13.799157013177458,9429916.672183134,31863563.934536174,18536.658536585368,9430260.326559667,31864508.11717579,18536.658536585368,9430506.146230403,31864418.646132648,19512.219512195123,9430162.491853872,31863474.463493027,19512.219512195123
9430555.063583303,31864935.47297403,19024.43902439025,10.883742935085358,9430260.326559667,31864508.11717579,18536.658536585368,9430603.980936198,31865452.299815413,18536.658536585368,9430849.800606936,31865362.82877227,19512.219512195123,9430506.146230403,31864418.646132648,19512.219512195123
9430898.717959834,31865879.65561365,19024.43902439025,9.283456053738263,9430603.980936198,31865452.299815413,18536.658536585368,9430947.63531273,31866396.48245503,18536.658536585368,9431193.45498347,31866307.011411887,19512.219512195123,9430849.800606936,31865362.82877227,19512.219512195123
9431242.372336367,31866823.83825327,19024.43902439025,9.805591200033158,9430947.63531273,31866396.48245503,18536.658536585368,9431291.289689263,31867340.66509465,18536.658536585368,9431537.109360002,31867251.194051508,19512.219512195123,9431193.45498347,31866307.011411887,19512.219512195123
9431586.0267129,31867768.020892892,19024.43902439025,8.853932120900167,9431291.289689263,31867340.66509465,18536.658536585368,9431634.944065796,31868284.847734272,18536.658536585368,9431880.763736535,31868195.37669113,19512.219512195123,9431537.109360002,31867251.194051508,19512.219512195123
9431929.681089431,31868712.20353251,19024.43902439025,9.326071548438367,9431634.944065796,31868284.847734272,18536.658536585368,9431978.59844233,31869229.030373894,18536.658536585368,9432224.418113066,31869139.559330747,19512.219512195123,9431880.763736535,31868195.37669113,19512.219512195123
9432273.335465966,31869656.38617213,19024.43902439025,9.328693239519922,9431978.59844233,31869229.030373894,18536.658536585368,9432322.252818862,31870173.213013515,18536.658536585368,9432568.072489599,31870083.741970368,19512.219512195123,9432224.418113066,31869139.559330747,19512.219512195123
9432616.989842497,31870600.568811752,19024.43902439025,9.647104122531285,9432322.252818862,31870173.213013515,18536.658536585368,9432665.907195395,31871117.395653136,18536.658536585368,9432911.726866132,31871027.924609985,19512.219512195123,9432568.072489599,31870083.741970368,19512.219512195123
9432960.644219032,31871544.75145137,19024.43902439025,9.043104251703943,9432665.907195395,31871117.395653136,18536.658536585368,9433009.561571928,31872061.578292754,18536.658536585368,9433255.381242665,31871972.107249606,19512.219512195123,9432911.726866132,31871027.924609985,19512.219512195123
9433304.298595563,31872488.93409099,19024.43902439025,6.722476472885772,9433009.561571928,31872061.578292754,18536.658536585368,9433353.215948459,31873005.760932375,18536.658536585368,9433599.035619197,31872916.289889228,19512.219512195123,9433255.381242665,31871972.107249606,19512.219512195123
9433647.952972095,31873433.116730608,19024.43902439025,5.399646340183048,9433353.215948459,31873005.760932375,18536.658536585368,9433696.870324992,31873949.943571992,18536.658536585368,9433942.68999573,31873860.472528845,19512.219512195123,9433599.035619197,31872916.289889228,19512.219512195123
9433991.607348628,31874377.29937023,19024.43902439025,6.392975937617669,9433696.870324992,31873949.943571992,18536.658536585368,9434040.524701525,31874894.126211613,18536.658536585368,9434286.344372263,31874804.655168466,19512.219512195123,9433942.68999573,31873860.472528845,19512.219512195123
9434335.26172516,31875321.48200985,19024.43902439025,6.786921654475163,9434040.524701525,31874894.126211613,18536.658536585368,9434384.179078057,31875838.308851235,18536.658536585368,9434629.998748796,31875748.837808087,19512.219512195123,9434286.344372263,31874804.655168466,19512.219512195123
9434678.916101694,31876265.66464947,19024.43902439025,6.1364985899189675,9434384.179078057,31875838.308851235,18536.658536585368,9434727.83345459,31876782.491490852,18536.658536585368,9434973.653125327,31876693.020447705,19512.219512195123,9434629.998748796,31875748.837808087,19512.219512195123
9435022.570478225,31877209.84728909,19024.43902439025,6.1588923006361975,9434727.83345459,31876782.491490852,18536.658536585368,9435071.487831123,31877726.674130473,18536.658536585368,9435317.30750186,31877637.20308733,19512.219512195123,9434973.653125327,31876693.020447705,19512.219512195123
9435366.224854758,31878154.02992871,19024.43902439025,6.810256485218794,9435071.487831123,31877726.674130473,18536.658536585368,9435415.142207656,31878670.856770094,18536.658536585368,9435660.961878393,31878581.38572695,19512.219512195123,9435317.30750186,31877637.20308733,19512.219512195123
9435709.879231289,31879098.212568328,19024.43902439025,5.923436181727877,9435415.142207656,31878670.856770094,18536.658536585368,9435758.796584189,31879615.039409712,18536.658536585368,9436004.616254926,31879525.56836657,19512.219512195123,9435660.961878393,31878581.38572695,19512.219512195123
9436053.533607822,31880042.395207953,19024.43902439025,5.231904730343165,9435758.796584189,31879615.039409712,18536.658536585368,9436102.45096072,31880559.222049333,18536.658536585368,9436348.270631459,31880469.75100619,19512.219512195123,9436004.616254926,31879525.56836657,19512.219512195123
9436397.187984355,31880986.577847574,19024.43902439025,6.17896147415944,9436102.45096072,31880559.222049333,18536.658536585368,9436446.105337253,31881503.404688954,18536.658536585368,9436691.925007991,31881413.93364581,19512.219512195123,9436348.270631459,31880469.75100619,19512.219512195123
9436740.842360888,31881930.76048719,19024.43902439025,6.8963722837552766,9436446.105337253,31881503.404688954,18536.658536585368,9436789.759713786,31882447.587328576,18536.658536585368,9437035.579384524,31882358.11628543,19512.219512195123,9436691.925007991,31881413.93364581,19512.219512195123
9437084.49673742,31882874.943126813,19024.43902439025,7.649831324726676,9436789.759713786,31882447.587328576,18536.658536585368,9437133.414090319,31883391.769968197,18536.658536585368,9437379.233761057,31883302.29892505,19512.219512195123,9437035.579384524,31882358.11628543,19512.219512195123
9437428.151113952,31883819.125766434,19024.43902439025,8.302392319645286,9437133.414090319,31883391.769968197,18536.658536585368,9437477.068466851,31884335.952607818,18536.658536585368,9437722.888137588,31884246.48156467,19512.219512195123,9437379.233761057,31883302.29892505,19512.219512195123
9437771.805490486,31884763.308406055,19024.43902439025,8.482488879551122,9437477.068466851,31884335.952607818,18536.658536585368,9437820.722843384,31885280.135247435,18536.658536585368,9438066.542514121,31885190.66420429,19512.219512195123,9437722.888137588,31884246.48156467,19512.219512195123
9438115.459867017,31885707.491045672,19024.43902439025,10.47634531415954,9437820.722843384,31885280.135247435,18536.658536585368,9438164.377219915,31886224.317887053,18536.658536585368,9438410.196890654,31886134.846843906,19512.219512195123,9438066.542514121,31885190.66420429,19512.219512195123
9438459.11424355,31886651.67368529,19024.43902439025,11.349768510039391,9438164.377219915,31886224.317887053,18536.658536585368,9438508.031596448,31887168.500526674,18536.658536585368,9438753.851267187,31887079.029483527,19512.219512195123,9438410.196890654,31886134.846843906,19512.219512195123
9438802.768620083,31887595.85632491,19024.43902439025,9.599027357216983,9438508.031596448,31887168.500526674,18536.658536585368,9438851.685972981,31888112.683166295,18536.658536585368,9439097.50564372,31888023.21212315,19512.219512195123,9438753.851267187,31887079.029483527,19512.219512195123
9439146.422996614,31888540.03896453,19024.43902439025,11.864334643442653,9438851.685972981,31888112.683166295,18536.658536585368,9439195.340349514,31889056.865805913,18536.658536585368,9439441.16002025,31888967.394762766,19512.219512195123,9439097.50564372,31888023.21212315,19512.219512195123
9439490.077373149,31889484.22160415,19024.43902439025,13.848171625401811,9439195.340349514,31889056.865805913,18536.658536585368,9439538.994726047,31890001.048445534,18536.658536585368,9439784.814396784,31889911.577402387,19512.219512195123,9439441.16002025,31888967.394762766,19512.219512195123
9439833.73174968,31890428.40424377,19024.43902439025,14.023445955844165,9439538.994726047,31890001.048445534,18536.658536585368,9439882.64910258,31890945.231085155,18536.658536585368,9440128.468773317,31890855.76004201,19512.219512195123,9439784.814396784,31889911.577402387,19512.219512195123
9440177.386126215,31891372.58688339,19024.43902439025,14.299355114489918,9439882.64910258,31890945.231085155,18536.658536585368,9440226.303479113,31891889.413724773,18536.658536585368,9440472.12314985,31891799.94268163,19512.219512195123,9440128.468773317,31890855.76004201,19512.219512195123
9440521.040502746,31892316.76952301,19024.43902439025,14.120004884644391,9440226.303479113,31891889.413724773,18536.658536585368,9440569.957855644,31892833.596364394,18536.658536585368,9440815.777526382,31892744.12532125,19512.219512195123,9440472.12314985,31891799.94268163,19512.219512195123
9440864.694879279,31893260.952162635,19024.43902439025,12.527501520580927,9440569.957855644,31892833.596364394,18536.658536585368,9440913.612232177,31893777.779004015,18536.658536585368,9441159.431902915,31893688.30796087,19512.219512195123,9440815.777526382,31892744.12532125,19512.219512195123
9441208.349255811,31894205.134802252,19024.43902439025,13.700036551864569,9440913.612232177,31893777.779004015,18536.658536585368,9441257.26660871,31894721.961643633,18536.658536585368,9441503.086279448,31894632.49060049,19512.219512195123,9441159.431902915,31893688.30796087,19512.219512195123
9441552.003632342,31895149.317441873,19024.43902439025,14.316692499068449,9441257.26660871,31894721.961643633,18536.658536585368,9441600.920985242,31895666.144283257,18536.658536585368,9441846.740655981,31895576.67324011,19512.219512195123,9441503.086279448,31894632.49060049,19512.219512195123
9441895.658008877,31896093.500081494,19024.43902439025,13.220946196355703,9441600.920985242,31895666.144283257,18536.658536585368,9441944.575361775,31896610.32692288,18536.658536585368,9442190.395032512,31896520.855879728,19512.219512195123,9441846.740655981,31895576.67324011,19512.219512195123
9442239.312385408,31897037.682721116,19024.43902439025,12.994275021615548,9441944.575361775,31896610.32692288,18536.658536585368,9442288.229738308,31897554.509562496,18536.658536585368,9442534.049409045,31897465.03851935,19512.219512195123,9442190.395032512,31896520.855879728,19512.219512195123
9442582.966761943,31897981.865360733,19024.43902439025,11.805164698149477,9442288.229738308,31897554.509562496,18536.658536585368,9442631.884114841,31898498.692202117,18536.658536585368,9442877.703785578,31898409.22115897,19512.219512195123,9442534.049409045,31897465.03851935,19512.219512195123
9442926.621138474,31898926.04800035,19024.43902439025,9.352551220801072,9442631.884114841,31898498.692202117,18536.658536585368,9442975.538491374,31899442.874841735,18536.658536585368,9443221.35816211,31899353.403798588,19512.219512195123,9442877.703785578,31898409.22115897,19512.219512195123
9443270.275515007,31899870.23063997,19024.43902439025,8.898571265607153,9442975.538491374,31899442.874841735,18536.658536585368,9443319.192867905,31900387.057481356,18536.658536585368,9443565.012538644,31900297.58643821,19512.219512195123,9443221.35816211,31899353.403798588,19512.219512195123
9443613.92989154,31900814.413279593,19024.43902439025,7.780206830073519,9443319.192867905,31900387.057481356,18536.658536585368,9443662.847244438,31901331.240120977,18536.658536585368,9443908.666915176,31901241.76907783,19512.219512195123,9443565.012538644,31900297.58643821,19512.219512195123
9443957.58426807,31901758.59591921,19024.43902439025,6.9567411123441225,9443662.847244438,31901331.240120977,18536.658536585368,9444006.50162097,31902275.422760595,18536.658536585368,9444252.32129171,31902185.951717447,19512.219512195123,9443908.666915176,31901241.76907783,19512.219512195123
9418429.325698867,31830855.42690456,20000.0,8.404784200372909,9418134.588675229,31830428.071106326,19512.219512195123,9418478.243051762,31831372.253745943,19512.219512195123,9418724.062722506,31831282.782702796,20487.78048780488,9418380.408345973,31830338.600063175,20487.78048780488
9418772.9800754,31831799.60954418,20000.0,7.580668298241234,9418478.243051762,31831372.253745943,19512.219512195123,9418821.897428295,31832316.436385565,19512.219512195123,9419067.717099037,31832226.965342417,20487.78048780488,9418724.062722506,31831282.782702796,20487.78048780488
9419116.634451931,31832743.7921838,20000.0,8.084350567462211,9418821.897428295,31832316.436385565,19512.219512195123,9419165.551804828,31833260.619025186,19512.219512195123,9419411.37147557,31833171.14798204,20487.78048780488,9419067.717099037,31832226.965342417,20487.78048780488
9419460.288828464,31833687.97482342,20000.0,8.157975156661456,9419165.551804828,31833260.619025186,19512.219512195123,9419509.20618136,31834204.801664803,19512.219512195123,9419755.025852103,31834115.33062166,20487.78048780488,9419411.37147557,31833171.14798204,20487.78048780488
9419803.943204997,31834632.15746304,20000.0,9.459702883973735,9419509.20618136,31834204.801664803,19512.219512195123,9419852.860557893,31835148.984304424,19512.219512195123,9420098.680228636,31835059.513261277,20487.78048780488,9419755.025852103,31834115.33062166,20487.78048780488
9420147.597581532,31835576.340102665,20000.0,10.292124249416556,9419852.860557893,31835148.984304424,19512.219512195123,9420196.514934426,31836093.166944046,19512.219512195123,9420442.334605169,31836003.6959009,20487.78048780488,9420098.680228636,31835059.513261277,20487.78048780488
9420491.251958063,31836520.522742286,20000.0,9.552368353434195,9420196.514934426,31836093.166944046,19512.219512195123,9420540.169310957,31837037.349583663,19512.219512195123,9420785.988981701,31836947.87854052,20487.78048780488,9420442.334605169,31836003.6959009,20487.78048780488
9420834.906334596,31837464.7053819,20000.0,9.525453576165775,9420540.169310957,31837037.349583663,19512.219512195123,9420883.82368749,31837981.532223288,19512.219512195123,9421129.643358234,31837892.061180137,20487.78048780488,9420785.988981701,31836947.87854052,20487.78048780488
9421178.560711129,31838408.88802152,20000.0,7.829759626538183,9420883.82368749,31837981.532223288,19512.219512195123,9421227.478064023,31838925.714862905,19512.219512195123,9421473.297734767,31838836.24381976,20487.78048780488,9421129.643358234,31837892.061180137,20487.78048780488
9421522.215087662,31839353.070661142,20000.0,6.222089253658429,9421227.478064023,31838925.714862905,19512.219512195123,9421571.132440556,31839869.897502527,19512.219512195123,9421816.952111298,31839780.42645938,20487.78048780488,9421473.297734767,31838836.24381976,20487.78048780488
9421865.869464193,31840297.25330076,20000.0,4.975700667084816,9421571.132440556,31839869.897502527,19512.219512195123,9421914.786817089,31840814.080142148,19512.219512195123,9422160.606487831,31840724.609098997,20487.78048780488,9421816.952111298,31839780.42645938,20487.78048780488
9422209.523840725,31841241.43594038,20000.0,5.389591110894002,9421914.786817089,31840814.080142148,19512.219512195123,9422258.44119362,31841758.262781765,19512.219512195123,9422504.260864364,31841668.79173862,20487.78048780488,9422160.606487831,31840724.609098997,20487.78048780488
9422553.178217258,31842185.618580002,20000.0,7.0426552178173765,9422258.44119362,31841758.262781765,19512.219512195123,9422602.095570153,31842702.445421387,19512.219512195123,9422847.915240897,31842612.974378236,20487.78048780488,9422504.260864364,31841668.79173862,20487.78048780488
9422896.832593791,31843129.80121962,20000.0,7.865930674421706,9422602.095570153,31842702.445421387,19512.219512195123,9422945.749946686,31843646.628061004,19512.219512195123,9423191.56961743,31843557.157017857,20487.78048780488,9422847.915240897,31842612.974378236,20487.78048780488
9423240.486970324,31844073.98385924,20000.0,7.081899206304674,9422945.749946686,31843646.628061004,19512.219512195123,9423289.404323218,31844590.810700625,19512.219512195123,9423535.223993963,31844501.339657474,20487.78048780488,9423191.56961743,31843557.157017857,20487.78048780488
9423584.141346857,31845018.166498862,20000.0,8.106610542719004,9423289.404323218,31844590.810700625,19512.219512195123,9423633.058699751,31845534.993340246,19512.219512195123,9423878.878370494,31845445.522297096,20487.78048780488,9423535.223993963,31844501.339657474,20487.78048780488
9423927.795723388,31845962.349138483,20000.0,8.976718594437932,9423633.058699751,31845534.993340246,19512.219512195123,9423976.713076284,31846479.175979864,19512.219512195123,9424222.532747027,31846389.70493672,20487.78048780488,9423878.878370494,31845445.522297096,20487.78048780488
9424271.45009992,31846906.531778097,20000.0,8.602390797462215,9423976.713076284,31846479.175979864,19512.219512195123,9424320.367452817,31847423.358619485,19512.219512195123,9424566.18712356,31847333.887576338,20487.78048780488,9424222.532747027,31846389.70493672,20487.78048780488
9424615.104476454,31847850.71441772,20000.0,9.90142572510871,9424320.367452817,31847423.358619485,19512.219512195123,9424664.02182935,31848367.541259103,19512.219512195123,9424909.841500092,31848278.07021596,20487.78048780488,9424566.18712356,31847333.887576338,20487.78048780488
9424958.758852987,31848794.897057343,20000.0,8.796283246245494,9424664.02182935,31848367.541259103,19512.219512195123,9425007.676205881,31849311.723898724,19512.219512195123,9425253.495876625,31849222.25285558,20487.78048780488,9424909.841500092,31848278.07021596,20487.78048780488
9425302.41322952,31849739.079696964,20000.0,8.71432798461889,9425007.676205881,31849311.723898724,19512.219512195123,9425351.330582414,31850255.906538345,19512.219512195123,9425597.150253158,31850166.435495198,20487.78048780488,9425253.495876625,31849222.25285558,20487.78048780488
9425646.067606052,31850683.262336582,20000.0,9.456954197426084,9425351.330582414,31850255.906538345,19512.219512195123,9425694.984958947,31851200.089177966,19512.219512195123,9425940.804629691,31851110.61813482,20487.78048780488,9425597.150253158,31850166.435495198,20487.78048780488
9425989.721982585,31851627.444976203,20000.0,10.98105919605681,9425694.984958947,31851200.089177966,19512.219512195123,9426038.63933548,31852144.271817587,19512.219512195123,9426284.459006224,31852054.80077444,20487.78048780488,9425940.804629691,31851110.61813482,20487.78048780488
9426333.376359118,31852571.627615824,20000.0,11.364859722767466,9426038.63933548,31852144.271817587,19512.219512195123,9426382.293712012,31853088.45445721,19512.219512195123,9426628.113382755,31852998.983414058,20487.78048780488,9426284.459006224,31852054.80077444,20487.78048780488
9426677.03073565,31853515.81025544,20000.0,11.722422025846253,9426382.293712012,31853088.45445721,19512.219512195123,9426725.948088545,31854032.637096826,19512.219512195123,9426971.767759288,31853943.16605368,20487.78048780488,9426628.113382755,31852998.983414058,20487.78048780488
9427020.685112182,31854459.992895063,20000.0,8.863067452286796,9426725.948088545,31854032.637096826,19512.219512195123,9427069.602465078,31854976.819736447,19512.219512195123,9427315.42213582,31854887.3486933,20487.78048780488,9426971.767759288,31853943.16605368,20487.78048780488
9427364.339488717,31855404.175534684,20000.0,7.326748244667182,9427069.602465078,31854976.819736447,19512.219512195123,9427413.256841611,31855921.00237607,19512.219512195123,9427659.076512353,31855831.531332918,20487.78048780488,9427315.42213582,31854887.3486933,20487.78048780488
9427707.993865248,31856348.358174305,20000.0,6.66644548234968,9427413.256841611,31855921.00237607,19512.219512195123,9427756.911218142,31856865.185015686,19512.219512195123,9428002.730888886,31856775.71397254,20487.78048780488,9427659.076512353,31855831.531332918,20487.78048780488
9428051.64824178,31857292.540813923,20000.0,5.00008701005578,9427756.911218142,31856865.185015686,19512.219512195123,9428100.565594675,31857809.367655307,19512.219512195123,9428346.38526542,31857719.89661216,20487.78048780488,9428002.730888886,31856775.71397254,20487.78048780488
9428395.302618314,31858236.72345354,20000.0,4.2001714700624175,9428100.565594675,31857809.367655307,19512.219512195123,9428444.219971208,31858753.55029493,19512.219512195123,9428690.039641952,31858664.079251777,20487.78048780488,9428346.38526542,31857719.89661216,20487.78048780488
9428738.956994846,31859180.90609316,20000.0,4.5859295527299935,9428444.219971208,31858753.55029493,19512.219512195123,9428787.87434774,31859697.732934546,19512.219512195123,9429033.694018485,31859608.261891402,20487.78048780488,9428690.039641952,31858664.079251777,20487.78048780488
9429082.61137138,31860125.08873278,20000.0,5.839701935164104,9428787.87434774,31859697.732934546,19512.219512195123,9429131.528724274,31860641.915574167,19512.219512195123,9429377.348395016,31860552.44453102,20487.78048780488,9429033.694018485,31859608.261891402,20487.78048780488
9429426.26574791,31861069.2713724,20000.0,5.493981133710573,9429131.528724274,31860641.915574167,19512.219512195123,9429475.183100807,31861586.098213788,19512.219512195123,9429721.002771549,31861496.62717064,20487.78048780488,9429377.348395016,31860552.44453102,20487.78048780488
9429769.920124445,31862013.454012025,20000.0,7.6891306639780375,9429475.183100807,31861586.098213788,19512.219512195123,9429818.83747734,31862530.280853406,19512.219512195123,9430064.657148082,31862440.809810262,20487.78048780488,9429721.002771549,31861496.62717064,20487.78048780488
9430113.574500976,31862957.636651646,20000.0,7.777435015031323,9429818.83747734,31862530.280853406,19512.219512195123,9430162.491853872,31863474.463493027,19512.219512195123,9430408.311524615,31863384.99244988,20487.78048780488,9430064.657148082,31862440.809810262,20487.78048780488
9430457.228877509,31863901.819291264,20000.0,6.748807144978208,9430162.491853872,31863474.463493027,19512.219512195123,9430506.146230403,31864418.646132648,19512.219512195123,9430751.965901148,31864329.1750895,20487.78048780488,9430408.311524615,31863384.99244988,20487.78048780488
9430800.883254042,31864846.001930885,20000.0,6.313751568669618,9430506.146230403,31864418.646132648,19512.219512195123,9430849.800606936,31865362.82877227,19512.219512195123,9431095.620277679,31865273.35772912,20487.78048780488,9430751.965901148,31864329.1750895,20487.78048780488
9431144.537630573,31865790.184570506,20000.0,7.074134276826217,9430849.800606936,31865362.82877227,19512.219512195123,9431193.45498347,31866307.011411887,19512.219512195123,9431439.274654211,31866217.54036874,20487.78048780488,9431095.620277679,31865273.35772912,20487.78048780488
9431488.192007106,31866734.367210124,20000.0,7.448725771322961,9431193.45498347,31866307.011411887,19512.219512195123,9431537.109360002,31867251.194051508,19512.219512195123,9431782.929030744,31867161.72300836,20487.78048780488,9431439.274654211,31866217.54036874,20487.78048780488
9431831.846383639,31867678.54984974,20000.0,6.936130628167471,9431537.109360002,31867251.194051508,19512.219512195123,9431880.763736535,31868195.37669113,19512.219512195123,9432126.583407277,31868105.90564798,20487.78048780488,9431782.929030744,31867161.72300836,20487.78048780488
9432175.500760172,31868622.732489362,20000.0,6.596348336014557,9431880.763736535,31868195.37669113,19512.219512195123,9432224.418113066,31869139.559330747,19512.219512195123,9432470.23778381,31869050.0882876,20487.78048780488,9432126.583407277,31868105.90564798,20487.78048780488
9432519.155136704,31869566.915128984,20000.0,7.056656938536186,9432224.418113066,31869139.559330747,19512.219512195123,9432568.072489599,31870083.741970368,19512.219512195123,9432813.892160343,31869994.270927217,20487.78048780488,9432470.23778381,31869050.0882876,20487.78048780488
9432862.809513237,31870511.0977686,20000.0,7.415783666071794,9432568.072489599,31870083.741970368,19512.219512195123,9432911.726866132,31871027.924609985,19512.219512195123,9433157.546536876,31870938.453566838,20487.78048780488,9432813.892160343,31869994.270927217,20487.78048780488
9433206.46388977,31871455.280408222,20000.0,6.2946094801169465,9432911.726866132,31871027.924609985,19512.219512195123,9433255.381242665,31871972.107249606,19512.219512195123,9433501.200913409,31871882.63620646,20487.78048780488,9433157.546536876,31870938.453566838,20487.78048780488
9433550.118266303,31872399.463047843,20000.0,5.285214821753292,9433255.381242665,31871972.107249606,19512.219512195123,9433599.035619197,31872916.289889228,19512.219512195123,9433844.85528994,31872826.81884608,20487.78048780488,9433501.200913409,31871882.63620646,20487.78048780488
9433893.772642834,31873343.64568746,20000.0,5.17642311886009,9433599.035619197,31872916.289889228,19512.219512195123,9433942.68999573,31873860.472528845,19512.219512195123,9434188.509666473,31873771.0014857,20487.78048780488,9433844.85528994,31872826.81884608,20487.78048780488
9434237.427019367,31874287.828327082,20000.0,5.400122241731614,9433942.68999573,31873860.472528845,19512.219512195123,9434286.344372263,31874804.655168466,19512.219512195123,9434532.164043006,31874715.184125323,20487.78048780488,9434188.509666473,31873771.0014857,20487.78048780488
9434581.081395902,31875232.010966707,20000.0,5.504481659097125,9434286.344372263,31874804.655168466,19512.219512195123,9434629.998748796,31875748.837808087,19512.219512195123,9434875.818419538,31875659.36676494,20487.78048780488,9434532.164043006,31874715.184125323,20487.78048780488
9434924.735772433,31876176.19360633,20000.0,6.431701113883018,9434629.998748796,31875748.837808087,19512.219512195123,9434973.653125327,31876693.020447705,19512.219512195123,9435219.472796071,31876603.54940456,20487.78048780488,9434875.818419538,31875659.36676494,20487.78048780488
9435268.390148966,31877120.376245946,20000.0,6.4679778062639475,9434973.653125327,31876693.020447705,19512.219512195123,9435317.30750186,31877637.20308733,19512.219512195123,9435563.127172604,31877547.732044183,20487.78048780488,9435219.472796071,31876603.54940456,20487.78048780488
9435612.044525499,31878064.558885563,20000.0,6.24350271281802,9435317.30750186,31877637.20308733,19512.219512195123,9435660.961878393,31878581.38572695,19512.219512195123,9435906.781549137,31878491.9146838,20487.78048780488,9435563.127172604,31877547.732044183,20487.78048780488
9435955.698902031,31879008.741525184,20000.0,6.378976990901616,9435660.961878393,31878581.38572695,19512.219512195123,9436004.616254926,31879525.56836657,19512.219512195123,9436250.43592567,31879436.09732342,20487.78048780488,9435906.781549137,31878491.9146838,20487.78048780488
9436299.353278564,31879952.924164806,20000.0,6.547678299995086,9436004.616254926,31879525.56836657,19512.219512195123,9436348.270631459,31880469.75100619,19512.219512195123,9436594.090302201,31880380.279963043,20487.78048780488,9436250.43592567,31879436.09732342,20487.78048780488
9436643.007655095,31880897.106804423,20000.0,7.4220135159119796,9436348.270631459,31880469.75100619,19512.219512195123,9436691.925007991,31881413.93364581,19512.219512195123,9436937.744678734,31881324.46260266,20487.78048780488,9436594.090302201,31880380.279963043,20487.78048780488
9436986.66203163,31881841.289444044,20000.0,7.690332644269422,9436691.925007991,31881413.93364581,19512.219512195123,9437035.579384524,31882358.11628543,19512.219512195123,9437281.399055267,31882268.64524228,20487.78048780488,9436937.744678734,31881324.46260266,20487.78048780488
9437330.316408161,31882785.472083665,20000.0,7.673748185740172,9437035.579384524,31882358.11628543,19512.219512195123,9437379.233761057,31883302.29892505,19512.219512195123,9437625.0534318,31883212.8278819,20487.78048780488,9437281.399055267,31882268.64524228,20487.78048780488
9437673.970784694,31883729.654723283,20000.0,8.269814464218683,9437379.233761057,31883302.29892505,19512.219512195123,9437722.888137588,31884246.48156467,19512.219512195123,9437968.707808333,31884157.01052152,20487.78048780488,9437625.0534318,31883212.8278819,20487.78048780488
9438017.625161227,31884673.837362904,20000.0,8.881925795211265,9437722.888137588,31884246.48156467,19512.219512195123,9438066.542514121,31885190.66420429,19512.219512195123,9438312.362184864,31885101.19316114,20487.78048780488,9437968.707808333,31884157.01052152,20487.78048780488
9438361.27953776,31885618.020002525,20000.0,10.567070247945662,9438066.542514121,31885190.66420429,19512.219512195123,9438410.196890654,31886134.846843906,19512.219512195123,9438656.016561396,31886045.375800762,20487.78048780488,9438312.362184864,31885101.19316114,20487.78048780488
9438704.93391429,31886562.202642143,20000.0,10.384021777033677,9438410.196890654,31886134.846843906,19512.219512195123,9438753.851267187,31887079.029483527,19512.219512195123,9438999.67093793,31886989.558440384,20487.78048780488,9438656.016561396,31886045.375800762,20487.78048780488
9439048.588290824,31887506.38528176,20000.0,11.941551053181998,9438753.851267187,31887079.029483527,19512.219512195123,9439097.50564372,31888023.21212315,19512.219512195123,9439343.325314462,31887933.74108,20487.78048780488,9438999.67093793,31886989.558440384,20487.78048780488
9439392.242667357,31888450.567921385,20000.0,10.520085602199428,9439097.50564372,31888023.21212315,19512.219512195123,9439441.16002025,31888967.394762766,19512.219512195123,9439686.979690993,31888877.923719622,20487.78048780488,9439343.325314462,31887933.74108,20487.78048780488
9439735.89704389,31889394.750561006,20000.0,10.159224105913008,9439441.16002025,31888967.394762766,19512.219512195123,9439784.814396784,31889911.577402387,19512.219512195123,9440030.634067526,31889822.106359243,20487.78048780488,9439686.979690993,31888877.923719622,20487.78048780488
9440079.551420422,31890338.933200628,20000.0,8.46687849576081,9439784.814396784,31889911.577402387,19512.219512195123,9440128.468773317,31890855.76004201,19512.219512195123,9440374.288444059,31890766.28899886,20487.78048780488,9440030.634067526,31889822.106359243,20487.78048780488
9440423.205796955,31891283.115840245,20000.0,11.677889719529775,9440128.468773317,31890855.76004201,19512.219512195123,9440472.12314985,31891799.94268163,19512.219512195123,9440717.942820592,31891710.471638482,20487.78048780488,9440374.288444059,31890766.28899886,20487.78048780488
9440766.860173488,31892227.298479866,20000.0,13.167387102333311,9440472.12314985,31891799.94268163,19512.219512195123,9440815.777526382,31892744.12532125,19512.219512195123,9441061.597197123,31892654.6542781,20487.78048780488,9440717.942820592,31891710.471638482,20487.78048780488
9441110.514550019,31893171.481119484,20000.0,13.957719311675865,9440815.777526382,31892744.12532125,19512.219512195123,9441159.431902915,31893688.30796087,19512.219512195123,9441405.251573656,31893598.83691772,20487.78048780488,9441061.597197123,31892654.6542781,20487.78048780488
9441454.168926552,31894115.663759105,20000.0,13.787552429894397,9441159.431902915,31893688.30796087,19512.219512195123,9441503.086279448,31894632.49060049,19512.219512195123,9441748.905950189,31894543.019557342,20487.78048780488,9441405.251573656,31893598.83691772,20487.78048780488
9441797.823303087,31895059.846398726,20000.0,13.63681078876065,9441503.086279448,31894632.49060049,19512.219512195123,9441846.740655981,31895576.67324011,19512.219512195123,9442092.560326722,31895487.20219696,20487.78048780488,9441748.905950189,31894543.019557342,20487.78048780488
9442141.477679618,31896004.029038347,20000.0,13.878228132907783,9441846.740655981,31895576.67324011,19512.219512195123,9442190.395032512,31896520.855879728,19512.219512195123,9442436.214703254,31896431.38483658,20487.78048780488,9442092.560326722,31895487.20219696,20487.78048780488
9442485.13205615,31896948.211677965,20000.0,10.983641404431632,9442190.395032512,31896520.855879728,19512.219512195123,9442534.049409045,31897465.03851935,19512.219512195123,9442779.869079787,31897375.5674762,20487.78048780488,9442436.214703254,31896431.38483658,20487.78048780488
9442828.786432683,31897892.394317582,20000.0,8.594209724793162,9442534.049409045,31897465.03851935,19512.219512195123,9442877.703785578,31898409.22115897,19512.219512195123,9443123.52345632,31898319.75011582,20487.78048780488,9442779.869079787,31897375.5674762,20487.78048780488
9443172.440809216,31898836.576957203,20000.0,7.43638406853832,9442877.703785578,31898409.22115897,19512.219512195123,9443221.35816211,31899353.403798588,19512.219512195123,9443467.177832853,31899263.932755444,20487.78048780488,9443123.52345632,31898319.75011582,20487.78048780488
9443516.09518575,31899780.759596825,20000.0,7.01485550918625,9443221.35816211,31899353.403798588,19512.219512195123,9443565.012538644,31900297.58643821,19512.219512195123,9443810.832209384,31900208.115395065,20487.78048780488,9443467.177832853,31899263.932755444,20487.78048780488
9443859.74956228,31900724.942236442,20000.0,7.825352883970378,9443565.012538644,31900297.58643821,19512.219512195123,9443908.666915176,31901241.76907783,19512.219512195123,9444154.486585917,31901152.298034683,20487.78048780488,9443810.832209384,31900208.115395065,20487.78048780488
9444203.403938815,31901669.124876067,20000.0,8.288078509698835,9443908.666915176,31901241.76907783,19512.219512195123,9444252.32129171,31902185.951717447,19512.219512195123,9444498.14096245,31902096.480674304,20487.78048780488,9444154.486585917,31901152.298034683,20487.78048780488
9418675.145369608,31830765.955861416,20975.56097560976,10.7934795183259,9418380.408345973,31830338.600063175,20487.78048780488,9418724.062722506,31831282.782702796,20487.78048780488,9418969.882393243,31831193.311659653,21463.341463414636,9418626.22801671,31830249.12902003,21463.341463414636
9419018.799746139,31831710.138501037,20975.56097560976,10.095219867969977,9418724.062722506,31831282.782702796,20487.78048780488,9419067.717099037,31832226.965342417,20487.78048780488,9419313.536769776,31832137.49429927,21463.341463414636,9418969.882393243,31831193.311659653,21463.341463414636
9419362.454122672,31832654.321140654,20975.56097560976,9.200117655387752,9419067.717099037,31832226.965342417,20487.78048780488,9419411.37147557,31833171.14798204,20487.78048780488,9419657.191146309,31833081.67693889,21463.341463414636,9419313.536769776,31832137.49429927,21463.341463414636
9419706.108499205,31833598.503780276,20975.56097560976,9.765995202357486,9419411.37147557,31833171.14798204,20487.78048780488,9419755.025852103,31834115.33062166,20487.78048780488,9420000.845522841,31834025.859578513,21463.341463414636,9419657.191146309,31833081.67693889,21463.341463414636
9420049.762875736,31834542.686419897,20975.56097560976,11.525193504756862,9419755.025852103,31834115.33062166,20487.78048780488,9420098.680228636,31835059.513261277,20487.78048780488,9420344.499899374,31834970.04221813,21463.341463414636,9420000.845522841,31834025.859578513,21463.341463414636
9420393.41725227,31835486.869059514,20975.56097560976,12.711948445142339,9420098.680228636,31835059.513261277,20487.78048780488,9420442.334605169,31836003.6959009,20487.78048780488,9420688.154275907,31835914.22485775,21463.341463414636,9420344.499899374,31834970.04221813,21463.341463414636
9420737.071628802,31836431.051699135,20975.56097560976,14.811740658028924,9420442.334605169,31836003.6959009,20487.78048780488,9420785.988981701,31836947.87854052,20487.78048780488,9421031.808652438,31836858.407497372,21463.341463414636,9420688.154275907,31835914.22485775,21463.341463414636
9421080.726005336,31837375.234338753,20975.56097560976,14.502722838634885,9420785.988981701,31836947.87854052,20487.78048780488,9421129.643358234,31837892.061180137,20487.78048780488,9421375.463028971,31837802.59013699,21463.341463414636,9421031.808652438,31836858.407497372,21463.341463414636
9421424.380381867,31838319.416978374,20975.56097560976,11.507621147557428,9421129.643358234,31837892.061180137,20487.78048780488,9421473.297734767,31838836.24381976,20487.78048780488,9421719.117405504,31838746.77277661,21463.341463414636,9421375.463028971,31837802.59013699,21463.341463414636
9421768.0347584,31839263.599617995,20975.56097560976,9.255814743361451,9421473.297734767,31838836.24381976,20487.78048780488,9421816.952111298,31839780.42645938,20487.78048780488,9422062.771782037,31839690.955416232,21463.341463414636,9421719.117405504,31838746.77277661,21463.341463414636
9422111.689134933,31840207.782257613,20975.56097560976,8.295363361113509,9421816.952111298,31839780.42645938,20487.78048780488,9422160.606487831,31840724.609098997,20487.78048780488,9422406.42615857,31840635.138055854,21463.341463414636,9422062.771782037,31839690.955416232,21463.341463414636
9422455.343511464,31841151.964897234,20975.56097560976,7.915505745759588,9422160.606487831,31840724.609098997,20487.78048780488,9422504.260864364,31841668.79173862,20487.78048780488,9422750.0805351,31841579.32069547,21463.341463414636,9422406.42615857,31840635.138055854,21463.341463414636
9422798.997887999,31842096.14753685,20975.56097560976,7.291441379044838,9422504.260864364,31841668.79173862,20487.78048780488,9422847.915240897,31842612.974378236,20487.78048780488,9423093.734911634,31842523.503335092,21463.341463414636,9422750.0805351,31841579.32069547,21463.341463414636
9423142.65226453,31843040.330176473,20975.56097560976,7.601872198297014,9422847.915240897,31842612.974378236,20487.78048780488,9423191.56961743,31843557.157017857,20487.78048780488,9423437.389288167,31843467.685974713,21463.341463414636,9423093.734911634,31842523.503335092,21463.341463414636
9423486.306641065,31843984.512816098,20975.56097560976,7.226872420390888,9423191.56961743,31843557.157017857,20487.78048780488,9423535.223993963,31844501.339657474,20487.78048780488,9423781.0436647,31844411.86861433,21463.341463414636,9423437.389288167,31843467.685974713,21463.341463414636
9423829.961017596,31844928.695455715,20975.56097560976,7.448923053476819,9423535.223993963,31844501.339657474,20487.78048780488,9423878.878370494,31845445.522297096,20487.78048780488,9424124.698041232,31845356.051253952,21463.341463414636,9423781.0436647,31844411.86861433,21463.341463414636
9424173.615394128,31845872.878095336,20975.56097560976,6.528652971123335,9423878.878370494,31845445.522297096,20487.78048780488,9424222.532747027,31846389.70493672,20487.78048780488,9424468.352417765,31846300.233893573,21463.341463414636,9424124.698041232,31845356.051253952,21463.341463414636
9424517.269770661,31846817.060734954,20975.56097560976,6.403292644224795,9424222.532747027,31846389.70493672,20487.78048780488,9424566.18712356,31847333.887576338,20487.78048780488,9424812.006794298,31847244.41653319,21463.341463414636,9424468.352417765,31846300.233893573,21463.341463414636
9424860.924147192,31847761.243374575,20975.56097560976,5.972962746231945,9424566.18712356,31847333.887576338,20487.78048780488,9424909.841500092,31848278.07021596,20487.78048780488,9425155.661170831,31848188.599172812,21463.341463414636,9424812.006794298,31847244.41653319,21463.341463414636
9425204.578523727,31848705.426014196,20975.56097560976,5.296164536095216,9424909.841500092,31848278.07021596,20487.78048780488,9425253.495876625,31849222.25285558,20487.78048780488,9425499.315547362,31849132.781812433,21463.341463414636,9425155.661170831,31848188.599172812,21463.341463414636
9425548.232900258,31849649.608653814,20975.56097560976,7.6875124970986235,9425253.495876625,31849222.25285558,20487.78048780488,9425597.150253158,31850166.435495198,20487.78048780488,9425842.969923895,31850076.96445205,21463.341463414636,9425499.315547362,31849132.781812433,21463.341463414636
9425891.887276793,31850593.791293435,20975.56097560976,11.02129276660633,9425597.150253158,31850166.435495198,20487.78048780488,9425940.804629691,31851110.61813482,20487.78048780488,9426186.624300428,31851021.14709167,21463.341463414636,9425842.969923895,31850076.96445205,21463.341463414636
9426235.541653324,31851537.973933056,20975.56097560976,11.729526766555933,9425940.804629691,31851110.61813482,20487.78048780488,9426284.459006224,31852054.80077444,20487.78048780488,9426530.27867696,31851965.329731293,21463.341463414636,9426186.624300428,31851021.14709167,21463.341463414636
9426579.196029857,31852482.156572673,20975.56097560976,9.313507145710048,9426284.459006224,31852054.80077444,20487.78048780488,9426628.113382755,31852998.983414058,20487.78048780488,9426873.933053493,31852909.51237091,21463.341463414636,9426530.27867696,31851965.329731293,21463.341463414636
9426922.85040639,31853426.339212295,20975.56097560976,8.97459054550239,9426628.113382755,31852998.983414058,20487.78048780488,9426971.767759288,31853943.16605368,20487.78048780488,9427217.587430026,31853853.695010535,21463.341463414636,9426873.933053493,31852909.51237091,21463.341463414636
9427266.50478292,31854370.521851916,20975.56097560976,6.753324751804357,9426971.767759288,31853943.16605368,20487.78048780488,9427315.42213582,31854887.3486933,20487.78048780488,9427561.24180656,31854797.877650157,21463.341463414636,9427217.587430026,31853853.695010535,21463.341463414636
9427610.159159455,31855314.704491537,20975.56097560976,5.4799076111705896,9427315.42213582,31854887.3486933,20487.78048780488,9427659.076512353,31855831.531332918,20487.78048780488,9427904.896183092,31855742.060289774,21463.341463414636,9427561.24180656,31854797.877650157,21463.341463414636
9427953.813535986,31856258.887131155,20975.56097560976,4.922881203157539,9427659.076512353,31855831.531332918,20487.78048780488,9428002.730888886,31856775.71397254,20487.78048780488,9428248.550559623,31856686.242929395,21463.341463414636,9427904.896183092,31855742.060289774,21463.341463414636
9428297.467912521,31857203.069770776,20975.56097560976,4.687756885806733,9428002.730888886,31856775.71397254,20487.78048780488,9428346.38526542,31857719.89661216,20487.78048780488,9428592.204936156,31857630.425569013,21463.341463414636,9428248.550559623,31856686.242929395,21463.341463414636
9428641.122289052,31858147.252410397,20975.56097560976,4.339035100627448,9428346.38526542,31857719.89661216,20487.78048780488,9428690.039641952,31858664.079251777,20487.78048780488,9428935.859312689,31858574.608208634,21463.341463414636,9428592.204936156,31857630.425569013,21463.341463414636
9428984.776665587,31859091.435050018,20975.56097560976,4.181368155312776,9428690.039641952,31858664.079251777,20487.78048780488,9429033.694018485,31859608.261891402,20487.78048780488,9429279.513689222,31859518.790848255,21463.341463414636,9428935.859312689,31858574.608208634,21463.341463414636
9429328.431042118,31860035.617689636,20975.56097560976,4.451585968980878,9429033.694018485,31859608.261891402,20487.78048780488,9429377.348395016,31860552.44453102,20487.78048780488,9429623.168065755,31860462.973487873,21463.341463414636,9429279.513689222,31859518.790848255,21463.341463414636
9429672.085418649,31860979.800329257,20975.56097560976,4.782621129932277,9429377.348395016,31860552.44453102,20487.78048780488,9429721.002771549,31861496.62717064,20487.78048780488,9429966.822442288,31861407.156127494,21463.341463414636,9429623.168065755,31860462.973487873,21463.341463414636
9430015.739795184,31861923.982968878,20975.56097560976,5.875713766134266,9429721.002771549,31861496.62717064,20487.78048780488,9430064.657148082,31862440.809810262,20487.78048780488,9430310.47681882,31862351.338767115,21463.341463414636,9429966.822442288,31861407.156127494,21463.341463414636
9430359.394171717,31862868.1656085,20975.56097560976,5.040702519866653,9430064.657148082,31862440.809810262,20487.78048780488,9430408.311524615,31863384.99244988,20487.78048780488,9430654.131195353,31863295.521406732,21463.341463414636,9430310.47681882,31862351.338767115,21463.341463414636
9430703.04854825,31863812.348248117,20975.56097560976,5.614723000332123,9430408.311524615,31863384.99244988,20487.78048780488,9430751.965901148,31864329.1750895,20487.78048780488,9430997.785571884,31864239.704046354,21463.341463414636,9430654.131195353,31863295.521406732,21463.341463414636
9431046.70292478,31864756.530887738,20975.56097560976,6.215900799151551,9430751.965901148,31864329.1750895,20487.78048780488,9431095.620277679,31865273.35772912,20487.78048780488,9431341.439948417,31865183.88668597,21463.341463414636,9430997.785571884,31864239.704046354,21463.341463414636
9431390.357301313,31865700.713527355,20975.56097560976,6.823017554421272,9431095.620277679,31865273.35772912,20487.78048780488,9431439.274654211,31866217.54036874,20487.78048780488,9431685.09432495,31866128.069325592,21463.341463414636,9431341.439948417,31865183.88668597,21463.341463414636
9431734.011677846,31866644.896166973,20975.56097560976,7.701048456518512,9431439.274654211,31866217.54036874,20487.78048780488,9431782.929030744,31867161.72300836,20487.78048780488,9432028.748701483,31867072.251965214,21463.341463414636,9431685.09432495,31866128.069325592,21463.341463414636
9432077.666054377,31867589.078806594,20975.56097560976,7.290914373202491,9431782.929030744,31867161.72300836,20487.78048780488,9432126.583407277,31868105.90564798,20487.78048780488,9432372.403078016,31868016.434604835,21463.341463414636,9432028.748701483,31867072.251965214,21463.341463414636
9432421.320430912,31868533.261446215,20975.56097560976,6.259528249483539,9432126.583407277,31868105.90564798,20487.78048780488,9432470.23778381,31869050.0882876,20487.78048780488,9432716.057454549,31868960.617244456,21463.341463414636,9432372.403078016,31868016.434604835,21463.341463414636
9432764.974807443,31869477.444085836,20975.56097560976,4.8777883790585665,9432470.23778381,31869050.0882876,20487.78048780488,9432813.892160343,31869994.270927217,20487.78048780488,9433059.71183108,31869904.799884073,21463.341463414636,9432716.057454549,31868960.617244456,21463.341463414636
9433108.629183978,31870421.626725458,20975.56097560976,4.624351954326008,9432813.892160343,31869994.270927217,20487.78048780488,9433157.546536876,31870938.453566838,20487.78048780488,9433403.366207613,31870848.982523695,21463.341463414636,9433059.71183108,31869904.799884073,21463.341463414636
9433452.283560509,31871365.80936508,20975.56097560976,4.783901173821694,9433157.546536876,31870938.453566838,20487.78048780488,9433501.200913409,31871882.63620646,20487.78048780488,9433747.020584146,31871793.165163316,21463.341463414636,9433403.366207613,31870848.982523695,21463.341463414636
9433795.937937042,31872309.992004696,20975.56097560976,4.621247731313,9433501.200913409,31871882.63620646,20487.78048780488,9433844.85528994,31872826.81884608,20487.78048780488,9434090.674960678,31872737.347802933,21463.341463414636,9433747.020584146,31871793.165163316,21463.341463414636
9434139.592313575,31873254.174644317,20975.56097560976,5.38694174100763,9433844.85528994,31872826.81884608,20487.78048780488,9434188.509666473,31873771.0014857,20487.78048780488,9434434.329337211,31873681.530442555,21463.341463414636,9434090.674960678,31872737.347802933,21463.341463414636
9434483.246690106,31874198.35728394,20975.56097560976,5.469644923177536,9434188.509666473,31873771.0014857,20487.78048780488,9434532.164043006,31874715.184125323,20487.78048780488,9434777.983713744,31874625.713082176,21463.341463414636,9434434.329337211,31873681.530442555,21463.341463414636
9434826.90106664,31875142.53992356,20975.56097560976,5.0092067422805675,9434532.164043006,31874715.184125323,20487.78048780488,9434875.818419538,31875659.36676494,20487.78048780488,9435121.638090277,31875569.895721793,21463.341463414636,9434777.983713744,31874625.713082176,21463.341463414636
9435170.555443173,31876086.722563177,20975.56097560976,5.345220630757533,9434875.818419538,31875659.36676494,20487.78048780488,9435219.472796071,31876603.54940456,20487.78048780488,9435465.29246681,31876514.078361414,21463.341463414636,9435121.638090277,31875569.895721793,21463.341463414636
9435514.209819706,31877030.9052028,20975.56097560976,4.967380721956897,9435219.472796071,31876603.54940456,20487.78048780488,9435563.127172604,31877547.732044183,20487.78048780488,9435808.946843341,31877458.261001036,21463.341463414636,9435465.29246681,31876514.078361414,21463.341463414636
9435857.864196237,31877975.087842416,20975.56097560976,4.643832893100487,9435563.127172604,31877547.732044183,20487.78048780488,9435906.781549137,31878491.9146838,20487.78048780488,9436152.601219874,31878402.443640653,21463.341463414636,9435808.946843341,31877458.261001036,21463.341463414636
9436201.518572772,31878919.270482037,20975.56097560976,4.030693017770739,9435906.781549137,31878491.9146838,20487.78048780488,9436250.43592567,31879436.09732342,20487.78048780488,9436496.255596407,31879346.626280274,21463.341463414636,9436152.601219874,31878402.443640653,21463.341463414636
9436545.172949303,31879863.453121655,20975.56097560976,4.37771075198361,9436250.43592567,31879436.09732342,20487.78048780488,9436594.090302201,31880380.279963043,20487.78048780488,9436839.90997294,31880290.808919895,21463.341463414636,9436496.255596407,31879346.626280274,21463.341463414636
9436888.827325834,31880807.635761276,20975.56097560976,5.9386729174125374,9436594.090302201,31880380.279963043,20487.78048780488,9436937.744678734,31881324.46260266,20487.78048780488,9437183.564349473,31881234.991559517,21463.341463414636,9436839.90997294,31880290.808919895,21463.341463414636
9437232.481702369,31881751.818400897,20975.56097560976,6.834219064419649,9436937.744678734,31881324.46260266,20487.78048780488,9437281.399055267,31882268.64524228,20487.78048780488,9437527.218726005,31882179.174199138,21463.341463414636,9437183.564349473,31881234.991559517,21463.341463414636
9437576.136078902,31882696.00104052,20975.56097560976,6.99172222906043,9437281.399055267,31882268.64524228,20487.78048780488,9437625.0534318,31883212.8278819,20487.78048780488,9437870.873102538,31883123.356838755,21463.341463414636,9437527.218726005,31882179.174199138,21463.341463414636
9437919.790455434,31883640.18368014,20975.56097560976,8.599611378755114,9437625.0534318,31883212.8278819,20487.78048780488,9437968.707808333,31884157.01052152,20487.78048780488,9438214.527479071,31884067.539478377,21463.341463414636,9437870.873102538,31883123.356838755,21463.341463414636
9438263.444831965,31884584.36631976,20975.56097560976,7.945140010648069,9437968.707808333,31884157.01052152,20487.78048780488,9438312.362184864,31885101.19316114,20487.78048780488,9438558.181855602,31885011.722117998,21463.341463414636,9438214.527479071,31884067.539478377,21463.341463414636
9438607.099208498,31885528.548959382,20975.56097560976,8.332424988876026,9438312.362184864,31885101.19316114,20487.78048780488,9438656.016561396,31886045.375800762,20487.78048780488,9438901.836232135,31885955.904757615,21463.341463414636,9438558.181855602,31885011.722117998,21463.341463414636
9438950.753585031,31886472.731599,20975.56097560976,10.035113063433096,9438656.016561396,31886045.375800762,20487.78048780488,9438999.67093793,31886989.558440384,20487.78048780488,9439245.490608668,31886900.087397236,21463.341463414636,9438901.836232135,31885955.904757615,21463.341463414636
9439294.407961562,31887416.914238617,20975.56097560976,9.405070085717435,9438999.67093793,31886989.558440384,20487.78048780488,9439343.325314462,31887933.74108,20487.78048780488,9439589.1449852,31887844.270036854,21463.341463414636,9439245.490608668,31886900.087397236,21463.341463414636
9439638.062338097,31888361.096878238,20975.56097560976,7.489269698100329,9439343.325314462,31887933.74108,20487.78048780488,9439686.979690993,31888877.923719622,20487.78048780488,9439932.799361734,31888788.452676475,21463.341463414636,9439589.1449852,31887844.270036854,21463.341463414636
9439981.716714628,31889305.27951786,20975.56097560976,7.403794244691743,9439686.979690993,31888877.923719622,20487.78048780488,9440030.634067526,31889822.106359243,20487.78048780488,9440276.453738265,31889732.635316093,21463.341463414636,9439932.799361734,31888788.452676475,21463.341463414636
9440325.371091163,31890249.462157477,20975.56097560976,6.829895637692465,9440030.634067526,31889822.106359243,20487.78048780488,9440374.288444059,31890766.28899886,20487.78048780488,9440620.108114798,31890676.817955714,21463.341463414636,9440276.453738265,31889732.635316093,21463.341463414636
9440669.025467694,31891193.644797098,20975.56097560976,8.0479774112064,9440374.288444059,31890766.28899886,20487.78048780488,9440717.942820592,31891710.471638482,20487.78048780488,9440963.76249133,31891621.000595335,21463.341463414636,9440620.108114798,31890676.817955714,21463.341463414636
9441012.679844227,31892137.827436715,20975.56097560976,11.36210066140872,9440717.942820592,31891710.471638482,20487.78048780488,9441061.597197123,31892654.6542781,20487.78048780488,9441307.416867863,31892565.183234952,21463.341463414636,9440963.76249133,31891621.000595335,21463.341463414636
9441356.33422076,31893082.010076337,20975.56097560976,13.32392101251582,9441061.597197123,31892654.6542781,20487.78048780488,9441405.251573656,31893598.83691772,20487.78048780488,9441651.071244396,31893509.365874574,21463.341463414636,9441307.416867863,31892565.183234952,21463.341463414636
9441699.98859729,31894026.192715958,20975.56097560976,12.075013569330965,9441405.251573656,31893598.83691772,20487.78048780488,9441748.905950189,31894543.019557342,20487.78048780488,9441994.72562093,31894453.5485142,21463.341463414636,9441651.071244396,31893509.365874574,21463.341463414636
9442043.642973825,31894970.37535558,20975.56097560976,9.615097465181561,9441748.905950189,31894543.019557342,20487.78048780488,9442092.560326722,31895487.20219696,20487.78048780488,9442338.379997462,31895397.731153816,21463.341463414636,9441994.72562093,31894453.5485142,21463.341463414636
9442387.297350358,31895914.557995196,20975.56097560976,8.32833309568568,9442092.560326722,31895487.20219696,20487.78048780488,9442436.214703254,31896431.38483658,20487.78048780488,9442682.034373995,31896341.913793437,21463.341463414636,9442338.379997462,31895397.731153816,21463.341463414636
9442730.951726891,31896858.74063482,20975.56097560976,7.562919793376377,9442436.214703254,31896431.38483658,20487.78048780488,9442779.869079787,31897375.5674762,20487.78048780488,9443025.688750526,31897286.09643306,21463.341463414636,9442682.034373995,31896341.913793437,21463.341463414636
9443074.606103422,31897802.92327444,20975.56097560976,6.307844213920002,9442779.869079787,31897375.5674762,20487.78048780488,9443123.52345632,31898319.75011582,20487.78048780488,9443369.343127059,31898230.279072676,21463.341463414636,9443025.688750526,31897286.09643306,21463.341463414636
9443418.260479957,31898747.10591406,20975.56097560976,5.462411097347392,9443123.52345632,31898319.75011582,20487.78048780488,9443467.177832853,31899263.932755444,20487.78048780488,9443712.997503592,31899174.461712297,21463.341463414636,9443369.343127059,31898230.279072676,21463.341463414636
9443761.914856488,31899691.28855368,20975.56097560976,5.467093287151523,9443467.177832853,31899263.932755444,20487.78048780488,9443810.832209384,31900208.115395065,20487.78048780488,9444056.651880125,31900118.64435192,21463.341463414636,9443712.997503592,31899174.461712297,21463.341463414636
9444105.569233019,31900635.4711933,20975.56097560976,5.593301719110236,9443810.832209384,31900208.115395065,20487.78048780488,9444154.486585917,31901152.298034683,20487.78048780488,9444400.306256657,31901062.826991536,21463.341463414636,9444056.651880125,31900118.64435192,21463.341463414636
9444449.223609554,31901579.65383292,20975.56097560976,7.526478403730239,9444154.486585917,31901152.298034683,20487.78048780488,9444498.14096245,31902096.480674304,20487.78048780488,9444743.96063319,31902007.009631157,21463.341463414636,9444400.306256657,31901062.826991536,21463.341463414636
9418920.965040347,31830676.48481827,21951.121951219513,10.326279679521965,9418626.22801671,31830249.12902003,21463.341463414636,9418969.882393243,31831193.311659653,21463.341463414636,9419215.702063983,31831103.840616506,22438.902439024394,9418872.04768745,31830159.657976884,22438.902439024394
9419264.619416878,31831620.667457886,21951.121951219513,8.01987853600649,9418969.882393243,31831193.311659653,21463.341463414636,9419313.536769776,31832137.49429927,21463.341463414636,9419559.356440516,31832048.023256123,22438.902439024394,9419215.702063983,31831103.840616506,22438.902439024394
9419608.273793412,31832564.850097507,21951.121951219513,7.155047729408357,9419313.536769776,31832137.49429927,21463.341463414636,9419657.191146309,31833081.67693889,21463.341463414636,9419903.01081705,31832992.205895744,22438.902439024394,9419559.356440516,31832048.023256123,22438.902439024394
9419951.928169943,31833509.03273713,21951.121951219513,8.78808820340132,9419657.191146309,31833081.67693889,21463.341463414636,9420000.845522841,31834025.859578513,21463.341463414636,9420246.66519358,31833936.388535365,22438.902439024394,9419903.01081705,31832992.205895744,22438.902439024394
9420295.582546478,31834453.21537675,21951.121951219513,9.822177608282319,9420000.845522841,31834025.859578513,21463.341463414636,9420344.499899374,31834970.04221813,21463.341463414636,9420590.319570113,31834880.571174983,22438.902439024394,9420246.66519358,31833936.388535365,22438.902439024394
9420639.23692301,31835397.398016367,21951.121951219513,12.317339787400797,9420344.499899374,31834970.04221813,21463.341463414636,9420688.154275907,31835914.22485775,21463.341463414636,9420933.973946646,31835824.753814608,22438.902439024394,9420590.319570113,31834880.571174983,22438.902439024394
9420982.891299542,31836341.58065599,21951.121951219513,14.914454879349943,9420688.154275907,31835914.22485775,21463.341463414636,9421031.808652438,31836858.407497372,21463.341463414636,9421277.628323179,31836768.93645423,22438.902439024394,9420933.973946646,31835824.753814608,22438.902439024394
9421326.545676075,31837285.763295606,21951.121951219513,12.768754311436481,9421031.808652438,31836858.407497372,21463.341463414636,9421375.463028971,31837802.59013699,21463.341463414636,9421621.282699712,31837713.119093847,22438.902439024394,9421277.628323179,31836768.93645423,22438.902439024394
9421670.200052606,31838229.94593523,21951.121951219513,11.131593338978934,9421375.463028971,31837802.59013699,21463.341463414636,9421719.117405504,31838746.77277661,21463.341463414636,9421964.937076245,31838657.301733468,22438.902439024394,9421621.282699712,31837713.119093847,22438.902439024394
9422013.85442914,31839174.128574852,21951.121951219513,9.9657088595826,9421719.117405504,31838746.77277661,21463.341463414636,9422062.771782037,31839690.955416232,21463.341463414636,9422308.591452777,31839601.48437309,22438.902439024394,9421964.937076245,31838657.301733468,22438.902439024394
9422357.508805674,31840118.31121447,21951.121951219513,10.693876136147075,9422062.771782037,31839690.955416232,21463.341463414636,9422406.42615857,31840635.138055854,21463.341463414636,9422652.245829308,31840545.667012706,22438.902439024394,9422308.591452777,31839601.48437309,22438.902439024394
9422701.163182206,31841062.49385409,21951.121951219513,10.056794003885978,9422406.42615857,31840635.138055854,21463.341463414636,9422750.0805351,31841579.32069547,21463.341463414636,9422995.900205841,31841489.849652324,22438.902439024394,9422652.245829308,31840545.667012706,22438.902439024394
9423044.817558737,31842006.676493708,21951.121951219513,7.961747322563783,9422750.0805351,31841579.32069547,21463.341463414636,9423093.734911634,31842523.503335092,21463.341463414636,9423339.554582372,31842434.032291945,22438.902439024394,9422995.900205841,31841489.849652324,22438.902439024394
9423388.47193527,31842950.85913333,21951.121951219513,6.681489033338774,9423093.734911634,31842523.503335092,21463.341463414636,9423437.389288167,31843467.685974713,21463.341463414636,9423683.208958905,31843378.214931566,22438.902439024394,9423339.554582372,31842434.032291945,22438.902439024394
9423732.126311803,31843895.04177295,21951.121951219513,7.347255030955174,9423437.389288167,31843467.685974713,21463.341463414636,9423781.0436647,31844411.86861433,21463.341463414636,9424026.863335438,31844322.397571184,22438.902439024394,9423683.208958905,31843378.214931566,22438.902439024394
9424075.780688334,31844839.224412568,21951.121951219513,7.6823486358047095,9423781.0436647,31844411.86861433,21463.341463414636,9424124.698041232,31845356.051253952,21463.341463414636,9424370.517711971,31845266.580210805,22438.902439024394,9424026.863335438,31844322.397571184,22438.902439024394
9424419.435064869,31845783.40705219,21951.121951219513,6.313826784979355,9424124.698041232,31845356.051253952,21463.341463414636,9424468.352417765,31846300.233893573,21463.341463414636,9424714.172088502,31846210.762850426,22438.902439024394,9424370.517711971,31845266.580210805,22438.902439024394
9424763.0894414,31846727.589691807,21951.121951219513,5.354367247984376,9424468.352417765,31846300.233893573,21463.341463414636,9424812.006794298,31847244.41653319,21463.341463414636,9425057.826465035,31847154.945490044,22438.902439024394,9424714.172088502,31846210.762850426,22438.902439024394
9425106.743817935,31847671.772331428,21951.121951219513,5.990047624519853,9424812.006794298,31847244.41653319,21463.341463414636,9425155.661170831,31848188.599172812,21463.341463414636,9425401.480841568,31848099.128129665,22438.902439024394,9425057.826465035,31847154.945490044,22438.902439024394
9425450.398194466,31848615.95497105,21951.121951219513,6.240735083227486,9425155.661170831,31848188.599172812,21463.341463414636,9425499.315547362,31849132.781812433,21463.341463414636,9425745.1352181,31849043.31076929,22438.902439024394,9425401.480841568,31848099.128129665,22438.902439024394
9425794.052570999,31849560.137610666,21951.121951219513,5.53014627538789,9425499.315547362,31849132.781812433,21463.341463414636,9425842.969923895,31850076.96445205,21463.341463414636,9426088.789594634,31849987.493408907,22438.902439024394,9425745.1352181,31849043.31076929,22438.902439024394
9426137.706947532,31850504.320250288,21951.121951219513,7.184112415136901,9425842.969923895,31850076.96445205,21463.341463414636,9426186.624300428,31851021.14709167,21463.341463414636,9426432.443971166,31850931.67604853,22438.902439024394,9426088.789594634,31849987.493408907,22438.902439024394
9426481.361324063,31851448.502889913,21951.121951219513,8.042197464600847,9426186.624300428,31851021.14709167,21463.341463414636,9426530.27867696,31851965.329731293,21463.341463414636,9426776.0983477,31851875.85868815,22438.902439024394,9426432.443971166,31850931.67604853,22438.902439024394
9426825.015700597,31852392.68552953,21951.121951219513,5.850436925105299,9426530.27867696,31851965.329731293,21463.341463414636,9426873.933053493,31852909.51237091,21463.341463414636,9427119.752724232,31852820.041327767,22438.902439024394,9426776.0983477,31851875.85868815,22438.902439024394
9427168.670077128,31853336.86816915,21951.121951219513,4.902167051060246,9426873.933053493,31852909.51237091,21463.341463414636,9427217.587430026,31853853.695010535,21463.341463414636,9427463.407100763,31853764.22396739,22438.902439024394,9427119.752724232,31852820.041327767,22438.902439024394
9427512.324453663,31854281.050808772,21951.121951219513,4.5281346994173415,9427217.587430026,31853853.695010535,21463.341463414636,9427561.24180656,31854797.877650157,21463.341463414636,9427807.061477296,31854708.406607006,22438.902439024394,9427463.407100763,31853764.22396739,22438.902439024394
9427855.978830194,31855225.233448394,21951.121951219513,3.662201212174627,9427561.24180656,31854797.877650157,21463.341463414636,9427904.896183092,31855742.060289774,21463.341463414636,9428150.715853829,31855652.589246627,22438.902439024394,9427807.061477296,31854708.406607006,22438.902439024394
9428199.633206727,31856169.41608801,21951.121951219513,3.243945095655831,9427904.896183092,31855742.060289774,21463.341463414636,9428248.550559623,31856686.242929395,21463.341463414636,9428494.370230362,31856596.77188625,22438.902439024394,9428150.715853829,31855652.589246627,22438.902439024394
9428543.28758326,31857113.59872763,21951.121951219513,3.4785647429512436,9428248.550559623,31856686.242929395,21463.341463414636,9428592.204936156,31857630.425569013,21463.341463414636,9428838.024606895,31857540.954525866,22438.902439024394,9428494.370230362,31856596.77188625,22438.902439024394
9428886.94195979,31858057.78136725,21951.121951219513,3.918949961638111,9428592.204936156,31857630.425569013,21463.341463414636,9428935.859312689,31858574.608208634,21463.341463414636,9429181.678983428,31858485.137165487,22438.902439024394,9428838.024606895,31857540.954525866,22438.902439024394
9429230.596336326,31859001.96400687,21951.121951219513,4.097317758623058,9428935.859312689,31858574.608208634,21463.341463414636,9429279.513689222,31859518.790848255,21463.341463414636,9429525.33335996,31859429.319805108,22438.902439024394,9429181.678983428,31858485.137165487,22438.902439024394
9429574.250712859,31859946.14664649,21951.121951219513,4.138618135127062,9429279.513689222,31859518.790848255,21463.341463414636,9429623.168065755,31860462.973487873,21463.341463414636,9429868.987736493,31860373.502444725,22438.902439024394,9429525.33335996,31859429.319805108,22438.902439024394
9429917.905089391,31860890.32928611,21951.121951219513,4.681011013138295,9429623.168065755,31860462.973487873,21463.341463414636,9429966.822442288,31861407.156127494,21463.341463414636,9430212.642113024,31861317.685084347,22438.902439024394,9429868.987736493,31860373.502444725,22438.902439024394
9430261.559465922,31861834.51192573,21951.121951219513,6.0190966104478,9429966.822442288,31861407.156127494,21463.341463414636,9430310.47681882,31862351.338767115,21463.341463414636,9430556.296489557,31862261.86772397,22438.902439024394,9430212.642113024,31861317.685084347,22438.902439024394
9430605.213842457,31862778.694565352,21951.121951219513,6.043334971226324,9430310.47681882,31862351.338767115,21463.341463414636,9430654.131195353,31863295.521406732,21463.341463414636,9430899.95086609,31863206.05036359,22438.902439024394,9430556.296489557,31862261.86772397,22438.902439024394
9430948.868218988,31863722.87720497,21951.121951219513,5.714791051341992,9430654.131195353,31863295.521406732,21463.341463414636,9430997.785571884,31864239.704046354,21463.341463414636,9431243.605242623,31864150.233003207,22438.902439024394,9430899.95086609,31863206.05036359,22438.902439024394
9431292.52259552,31864667.05984459,21951.121951219513,4.3819195387735395,9430997.785571884,31864239.704046354,21463.341463414636,9431341.439948417,31865183.88668597,21463.341463414636,9431587.259619156,31865094.415642828,22438.902439024394,9431243.605242623,31864150.233003207,22438.902439024394
9431636.176972054,31865611.242484212,21951.121951219513,3.6186263625905846,9431341.439948417,31865183.88668597,21463.341463414636,9431685.09432495,31866128.069325592,21463.341463414636,9431930.913995687,31866038.59828245,22438.902439024394,9431587.259619156,31865094.415642828,22438.902439024394
9431979.831348585,31866555.42512383,21951.121951219513,3.3086850277780453,9431685.09432495,31866128.069325592,21463.341463414636,9432028.748701483,31867072.251965214,21463.341463414636,9432274.56837222,31866982.780922066,22438.902439024394,9431930.913995687,31866038.59828245,22438.902439024394
9432323.48572512,31867499.60776345,21951.121951219513,2.8116924758415456,9432028.748701483,31867072.251965214,21463.341463414636,9432372.403078016,31868016.434604835,21463.341463414636,9432618.222748753,31867926.963561688,22438.902439024394,9432274.56837222,31866982.780922066,22438.902439024394
9432667.14010165,31868443.79040307,21951.121951219513,2.7542639555255675,9432372.403078016,31868016.434604835,21463.341463414636,9432716.057454549,31868960.617244456,21463.341463414636,9432961.877125286,31868871.14620131,22438.902439024394,9432618.222748753,31867926.963561688,22438.902439024394
9433010.794478184,31869387.97304269,21951.121951219513,2.7170757434216752,9432716.057454549,31868960.617244456,21463.341463414636,9433059.71183108,31869904.799884073,21463.341463414636,9433305.531501818,31869815.328840926,22438.902439024394,9432961.877125286,31868871.14620131,22438.902439024394
9433354.448854716,31870332.15568231,21951.121951219513,3.0787811468540727,9433059.71183108,31869904.799884073,21463.341463414636,9433403.366207613,31870848.982523695,21463.341463414636,9433649.185878351,31870759.511480547,22438.902439024394,9433305.531501818,31869815.328840926,22438.902439024394
9433698.103231248,31871276.33832193,21951.121951219513,3.5009773923033896,9433403.366207613,31870848.982523695,21463.341463414636,9433747.020584146,31871793.165163316,21463.341463414636,9433992.840254884,31871703.69412017,22438.902439024394,9433649.185878351,31870759.511480547,22438.902439024394
9434041.757607782,31872220.52096155,21951.121951219513,4.412117674612222,9433747.020584146,31871793.165163316,21463.341463414636,9434090.674960678,31872737.347802933,21463.341463414636,9434336.494631417,31872647.876759786,22438.902439024394,9433992.840254884,31871703.69412017,22438.902439024394
9434385.411984313,31873164.70360117,21951.121951219513,5.231179674521773,9434090.674960678,31872737.347802933,21463.341463414636,9434434.329337211,31873681.530442555,21463.341463414636,9434680.149007948,31873592.059399407,22438.902439024394,9434336.494631417,31872647.876759786,22438.902439024394
9434729.066360848,31874108.88624079,21951.121951219513,5.0578576062852685,9434434.329337211,31873681.530442555,21463.341463414636,9434777.983713744,31874625.713082176,21463.341463414636,9435023.803384481,31874536.24203903,22438.902439024394,9434680.149007948,31873592.059399407,22438.902439024394
9435072.720737379,31875053.068880413,21951.121951219513,4.257213359509378,9434777.983713744,31874625.713082176,21463.341463414636,9435121.638090277,31875569.895721793,21463.341463414636,9435367.457761014,31875480.42467865,22438.902439024394,9435023.803384481,31874536.24203903,22438.902439024394
9435416.375113914,31875997.25152003,21951.121951219513,4.4469041764118655,9435121.638090277,31875569.895721793,21463.341463414636,9435465.29246681,31876514.078361414,21463.341463414636,9435711.112137547,31876424.60731827,22438.902439024394,9435367.457761014,31875480.42467865,22438.902439024394
9435760.029490445,31876941.434159648,21951.121951219513,4.757738873321898,9435465.29246681,31876514.078361414,21463.341463414636,9435808.946843341,31877458.261001036,21463.341463414636,9436054.76651408,31877368.78995789,22438.902439024394,9435711.112137547,31876424.60731827,22438.902439024394
9436103.683866976,31877885.616799273,21951.121951219513,4.10100015070205,9435808.946843341,31877458.261001036,21463.341463414636,9436152.601219874,31878402.443640653,21463.341463414636,9436398.420890613,31878312.97259751,22438.902439024394,9436054.76651408,31877368.78995789,22438.902439024394
9436447.33824351,31878829.799438894,21951.121951219513,3.985382429415759,9436152.601219874,31878402.443640653,21463.341463414636,9436496.255596407,31879346.626280274,21463.341463414636,9436742.075267145,31879257.15523713,22438.902439024394,9436398.420890613,31878312.97259751,22438.902439024394
9436790.992620043,31879773.98207851,21951.121951219513,3.903567561141929,9436496.255596407,31879346.626280274,21463.341463414636,9436839.90997294,31880290.808919895,21463.341463414636,9437085.729643678,31880201.33787675,22438.902439024394,9436742.075267145,31879257.15523713,22438.902439024394
9437134.646996576,31880718.164718132,21951.121951219513,4.229150215560307,9436839.90997294,31880290.808919895,21463.341463414636,9437183.564349473,31881234.991559517,21463.341463414636,9437429.38402021,31881145.52051637,22438.902439024394,9437085.729643678,31880201.33787675,22438.902439024394
9437478.301373107,31881662.347357754,21951.121951219513,4.602014547977544,9437183.564349473,31881234.991559517,21463.341463414636,9437527.218726005,31882179.174199138,21463.341463414636,9437773.038396742,31882089.70315599,22438.902439024394,9437429.38402021,31881145.52051637,22438.902439024394
9437821.955749642,31882606.529997375,21951.121951219513,5.89029249480156,9437527.218726005,31882179.174199138,21463.341463414636,9437870.873102538,31883123.356838755,21463.341463414636,9438116.692773275,31883033.88579561,22438.902439024394,9437773.038396742,31882089.70315599,22438.902439024394
9438165.610126173,31883550.712636992,21951.121951219513,7.987827388741925,9437870.873102538,31883123.356838755,21463.341463414636,9438214.527479071,31884067.539478377,21463.341463414636,9438460.347149808,31883978.06843523,22438.902439024394,9438116.692773275,31883033.88579561,22438.902439024394
9438509.264502708,31884494.895276614,21951.121951219513,9.141004079567278,9438214.527479071,31884067.539478377,21463.341463414636,9438558.181855602,31885011.722117998,21463.341463414636,9438804.00152634,31884922.25107485,22438.902439024394,9438460.347149808,31883978.06843523,22438.902439024394
9438852.918879239,31885439.077916235,21951.121951219513,8.716082916298822,9438558.181855602,31885011.722117998,21463.341463414636,9438901.836232135,31885955.904757615,21463.341463414636,9439147.655902872,31885866.433714468,22438.902439024394,9438804.00152634,31884922.25107485,22438.902439024394
9439196.57325577,31886383.26055585,21951.121951219513,7.828146525729106,9438901.836232135,31885955.904757615,21463.341463414636,9439245.490608668,31886900.087397236,21463.341463414636,9439491.310279405,31886810.616354086,22438.902439024394,9439147.655902872,31885866.433714468,22438.902439024394
9439540.227632305,31887327.44319547,21951.121951219513,7.665492698534159,9439245.490608668,31886900.087397236,21463.341463414636,9439589.1449852,31887844.270036854,21463.341463414636,9439834.964655938,31887754.798993707,22438.902439024394,9439491.310279405,31886810.616354086,22438.902439024394
9439883.882008836,31888271.62583509,21951.121951219513,8.261394352660302,9439589.1449852,31887844.270036854,21463.341463414636,9439932.799361734,31888788.452676475,21463.341463414636,9440178.61903247,31888698.98163333,22438.902439024394,9439834.964655938,31887754.798993707,22438.902439024394
9440227.536385369,31889215.80847471,21951.121951219513,6.1597896830771175,9439932.799361734,31888788.452676475,21463.341463414636,9440276.453738265,31889732.635316093,21463.341463414636,9440522.273409003,31889643.16427295,22438.902439024394,9440178.61903247,31888698.98163333,22438.902439024394
9440571.190761901,31890159.99111433,21951.121951219513,5.997111757676008,9440276.453738265,31889732.635316093,21463.341463414636,9440620.108114798,31890676.817955714,21463.341463414636,9440865.927785536,31890587.34691257,22438.902439024394,9440522.273409003,31889643.16427295,22438.902439024394
9440914.845138432,31891104.173753954,21951.121951219513,6.83480108650679,9440620.108114798,31890676.817955714,21463.341463414636,9440963.76249133,31891621.000595335,21463.341463414636,9441209.58216207,31891531.52955219,22438.902439024394,9440865.927785536,31890587.34691257,22438.902439024394
9441258.499514967,31892048.356393572,21951.121951219513,7.344620162802262,9440963.76249133,31891621.000595335,21463.341463414636,9441307.416867863,31892565.183234952,21463.341463414636,9441553.236538602,31892475.71219181,22438.902439024394,9441209.58216207,31891531.52955219,22438.902439024394
9441602.153891498,31892992.539033193,21951.121951219513,7.668981600684882,9441307.416867863,31892565.183234952,21463.341463414636,9441651.071244396,31893509.365874574,21463.341463414636,9441896.890915133,31893419.89483143,22438.902439024394,9441553.236538602,31892475.71219181,22438.902439024394
9441945.808268033,31893936.721672814,21951.121951219513,7.5875408872351615,9441651.071244396,31893509.365874574,21463.341463414636,9441994.72562093,31894453.5485142,21463.341463414636,9442240.545291666,31894364.07747105,22438.902439024394,9441896.890915133,31893419.89483143,22438.902439024394
9442289.462644564,31894880.904312436,21951.121951219513,6.66789053179793,9441994.72562093,31894453.5485142,21463.341463414636,9442338.379997462,31895397.731153816,21463.341463414636,9442584.199668199,31895308.26011067,22438.902439024394,9442240.545291666,31894364.07747105,22438.902439024394
9442633.117021099,31895825.086952053,21951.121951219513,5.748832321665994,9442338.379997462,31895397.731153816,21463.341463414636,9442682.034373995,31896341.913793437,21463.341463414636,9442927.854044732,31896252.44275029,22438.902439024394,9442584.199668199,31895308.26011067,22438.902439024394
9442976.77139763,31896769.269591674,21951.121951219513,4.74996125936955,9442682.034373995,31896341.913793437,21463.341463414636,9443025.688750526,31897286.09643306,21463.341463414636,9443271.508421265,31897196.62538991,22438.902439024394,9442927.854044732,31896252.44275029,22438.902439024394
9443320.42577416,31897713.45223129,21951.121951219513,5.090729130342762,9443025.688750526,31897286.09643306,21463.341463414636,9443369.343127059,31898230.279072676,21463.341463414636,9443615.162797797,31898140.80802953,22438.902439024394,9443271.508421265,31897196.62538991,22438.902439024394
9443664.080150696,31898657.634870913,21951.121951219513,4.583360277943819,9443369.343127059,31898230.279072676,21463.341463414636,9443712.997503592,31899174.461712297,21463.341463414636,9443958.81717433,31899084.99066915,22438.902439024394,9443615.162797797,31898140.80802953,22438.902439024394
9444007.734527228,31899601.817510534,21951.121951219513,4.468832781658465,9443712.997503592,31899174.461712297,21463.341463414636,9444056.651880125,31900118.64435192,21463.341463414636,9444302.471550863,31900029.17330877,22438.902439024394,9443958.81717433,31899084.99066915,22438.902439024394
9444351.388903761,31900546.00015015,21951.121951219513,4.623205027545854,9444056.651880125,31900118.64435192,21463.341463414636,9444400.306256657,31901062.826991536,21463.341463414636,9444646.125927394,31900973.35594839,22438.902439024394,9444302.471550863,31900029.17330877,22438.902439024394
9444695.043280292,31901490.182789773,21951.121951219513,4.823999140993046,9444400.306256657,31901062.826991536,21463.341463414636,9444743.96063319,31902007.009631157,21463.341463414636,9444989.780303927,31901917.538588013,22438.902439024394,9444646.125927394,31900973.35594839,22438.902439024394
9419166.784711083,31830587.01377512,22926.68292682927,9.405066286519599,9418872.04768745,31830159.657976884,22438.902439024394,9419215.702063983,31831103.840616506,22438.902439024394,9419461.52173472,31831014.369573362,23414.46341463415,9419117.867358187,31830070.186933737,23414.46341463415
9419510.439087618,31831531.19641474,22926.68292682927,8.81532920282335,9419215.702063983,31831103.840616506,22438.902439024394,9419559.356440516,31832048.023256123,22438.902439024394,9419805.176111253,31831958.55221298,23414.46341463415,9419461.52173472,31831014.369573362,23414.46341463415
9419854.09346415,31832475.37905436,22926.68292682927,8.538976545171343,9419559.356440516,31832048.023256123,22438.902439024394,9419903.01081705,31832992.205895744,22438.902439024394,9420148.830487786,31832902.7348526,23414.46341463415,9419805.176111253,31831958.55221298,23414.46341463415
9420197.747840682,31833419.561693985,22926.68292682927,7.632781290028234,9419903.01081705,31832992.205895744,22438.902439024394,9420246.66519358,31833936.388535365,22438.902439024394,9420492.484864319,31833846.917492222,23414.46341463415,9420148.830487786,31832902.7348526,23414.46341463415
9420541.402217215,31834363.744333606,22926.68292682927,7.269822553795083,9420246.66519358,31833936.388535365,22438.902439024394,9420590.319570113,31834880.571174983,22438.902439024394,9420836.139240852,31834791.10013184,23414.46341463415,9420492.484864319,31833846.917492222,23414.46341463415
9420885.056593746,31835307.926973224,22926.68292682927,8.262357378567687,9420590.319570113,31834880.571174983,22438.902439024394,9420933.973946646,31835824.753814608,22438.902439024394,9421179.793617385,31835735.28277146,23414.46341463415,9420836.139240852,31834791.10013184,23414.46341463415
9421228.71097028,31836252.109612845,22926.68292682927,10.891586632442333,9420933.973946646,31835824.753814608,22438.902439024394,9421277.628323179,31836768.93645423,22438.902439024394,9421523.447993917,31836679.465411082,23414.46341463415,9421179.793617385,31835735.28277146,23414.46341463415
9421572.365346812,31837196.292252462,22926.68292682927,10.084114159136915,9421277.628323179,31836768.93645423,22438.902439024394,9421621.282699712,31837713.119093847,22438.902439024394,9421867.102370448,31837623.6480507,23414.46341463415,9421523.447993917,31836679.465411082,23414.46341463415
9421916.019723346,31838140.474892084,22926.68292682927,9.744256365730065,9421621.282699712,31837713.119093847,22438.902439024394,9421964.937076245,31838657.301733468,22438.902439024394,9422210.756746981,31838567.83069032,23414.46341463415,9421867.102370448,31837623.6480507,23414.46341463415
9422259.674099877,31839084.657531705,22926.68292682927,9.683077007378985,9421964.937076245,31838657.301733468,22438.902439024394,9422308.591452777,31839601.48437309,22438.902439024394,9422554.411123514,31839512.01332994,23414.46341463415,9422210.756746981,31838567.83069032,23414.46341463415
9422603.328476412,31840028.840171322,22926.68292682927,10.12499519999874,9422308.591452777,31839601.48437309,22438.902439024394,9422652.245829308,31840545.667012706,22438.902439024394,9422898.065500047,31840456.19596956,23414.46341463415,9422554.411123514,31839512.01332994,23414.46341463415
9422946.982852943,31840973.022810943,22926.68292682927,9.16746963793922,9422652.245829308,31840545.667012706,22438.902439024394,9422995.900205841,31841489.849652324,22438.902439024394,9423241.71987658,31841400.378609177,23414.46341463415,9422898.065500047,31840456.19596956,23414.46341463415
9423290.637229474,31841917.20545056,22926.68292682927,7.95978847728147,9422995.900205841,31841489.849652324,22438.902439024394,9423339.554582372,31842434.032291945,22438.902439024394,9423585.374253113,31842344.561248798,23414.46341463415,9423241.71987658,31841400.378609177,23414.46341463415
9423634.291606009,31842861.388090182,22926.68292682927,8.592922306433504,9423339.554582372,31842434.032291945,22438.902439024394,9423683.208958905,31843378.214931566,22438.902439024394,9423929.028629644,31843288.74388842,23414.46341463415,9423585.374253113,31842344.561248798,23414.46341463415
9423977.94598254,31843805.570729803,22926.68292682927,9.502305283165446,9423683.208958905,31843378.214931566,22438.902439024394,9424026.863335438,31844322.397571184,22438.902439024394,9424272.683006177,31844232.92652804,23414.46341463415,9423929.028629644,31843288.74388842,23414.46341463415
9424321.600359075,31844749.75336942,22926.68292682927,7.584415992864314,9424026.863335438,31844322.397571184,22438.902439024394,9424370.517711971,31845266.580210805,22438.902439024394,9424616.33738271,31845177.10916766,23414.46341463415,9424272.683006177,31844232.92652804,23414.46341463415
9424665.254735606,31845693.936009042,22926.68292682927,6.370475582904627,9424370.517711971,31845266.580210805,22438.902439024394,9424714.172088502,31846210.762850426,22438.902439024394,9424959.991759242,31846121.291807283,23414.46341463415,9424616.33738271,31845177.10916766,23414.46341463415
9425008.909112139,31846638.118648663,22926.68292682927,6.454797414378849,9424714.172088502,31846210.762850426,22438.902439024394,9425057.826465035,31847154.945490044,22438.902439024394,9425303.646135775,31847065.4744469,23414.46341463415,9424959.991759242,31846121.291807283,23414.46341463415
9425352.563488672,31847582.301288284,22926.68292682927,5.329766668010532,9425057.826465035,31847154.945490044,22438.902439024394,9425401.480841568,31848099.128129665,22438.902439024394,9425647.300512308,31848009.65708652,23414.46341463415,9425303.646135775,31847065.4744469,23414.46341463415
9425696.217865203,31848526.483927906,22926.68292682927,4.184034660073779,9425401.480841568,31848099.128129665,22438.902439024394,9425745.1352181,31849043.31076929,22438.902439024394,9425990.954888841,31848953.839726143,23414.46341463415,9425647.300512308,31848009.65708652,23414.46341463415
9426039.872241737,31849470.666567523,22926.68292682927,3.6758363390744284,9425745.1352181,31849043.31076929,22438.902439024394,9426088.789594634,31849987.493408907,22438.902439024394,9426334.609265374,31849898.02236576,23414.46341463415,9425990.954888841,31848953.839726143,23414.46341463415
9426383.526618268,31850414.849207144,22926.68292682927,3.7663177929541805,9426088.789594634,31849987.493408907,22438.902439024394,9426432.443971166,31850931.67604853,22438.902439024394,9426678.263641905,31850842.20500538,23414.46341463415,9426334.609265374,31849898.02236576,23414.46341463415
9426727.180994803,31851359.031846765,22926.68292682927,3.7403489997587904,9426432.443971166,31850931.67604853,22438.902439024394,9426776.0983477,31851875.85868815,22438.902439024394,9427021.918018438,31851786.387645,23414.46341463415,9426678.263641905,31850842.20500538,23414.46341463415
9427070.835371334,31852303.214486383,22926.68292682927,4.058407310787918,9426776.0983477,31851875.85868815,22438.902439024394,9427119.752724232,31852820.041327767,22438.902439024394,9427365.57239497,31852730.57028462,23414.46341463415,9427021.918018438,31851786.387645,23414.46341463415
9427414.489747867,31853247.397126004,22926.68292682927,3.590751563195314,9427119.752724232,31852820.041327767,22438.902439024394,9427463.407100763,31853764.22396739,22438.902439024394,9427709.226771504,31853674.75292424,23414.46341463415,9427365.57239497,31852730.57028462,23414.46341463415
9427758.1441244,31854191.579765625,22926.68292682927,3.0292143701649255,9427463.407100763,31853764.22396739,22438.902439024394,9427807.061477296,31854708.406607006,22438.902439024394,9428052.881148037,31854618.93556386,23414.46341463415,9427709.226771504,31853674.75292424,23414.46341463415
9428101.79850093,31855135.762405243,22926.68292682927,2.9096229434843575,9427807.061477296,31854708.406607006,22438.902439024394,9428150.715853829,31855652.589246627,22438.902439024394,9428396.53552457,31855563.11820348,23414.46341463415,9428052.881148037,31854618.93556386,23414.46341463415
9428445.452877466,31856079.945044864,22926.68292682927,3.2220498912204976,9428150.715853829,31855652.589246627,22438.902439024394,9428494.370230362,31856596.77188625,22438.902439024394,9428740.189901102,31856507.3008431,23414.46341463415,9428396.53552457,31855563.11820348,23414.46341463415
9428789.107253999,31857024.12768448,22926.68292682927,3.566203497854597,9428494.370230362,31856596.77188625,22438.902439024394,9428838.024606895,31857540.954525866,22438.902439024394,9429083.844277635,31857451.483482722,23414.46341463415,9428740.189901102,31856507.3008431,23414.46341463415
9429132.761630531,31857968.310324103,22926.68292682927,3.576052502305577,9428838.024606895,31857540.954525866,22438.902439024394,9429181.678983428,31858485.137165487,22438.902439024394,9429427.498654166,31858395.666122343,23414.46341463415,9429083.844277635,31857451.483482722,23414.46341463415
9429476.416007062,31858912.492963724,22926.68292682927,3.83777109634749,9429181.678983428,31858485.137165487,22438.902439024394,9429525.33335996,31859429.319805108,22438.902439024394,9429771.1530307,31859339.848761965,23414.46341463415,9429427.498654166,31858395.666122343,23414.46341463415
9429820.070383597,31859856.675603345,22926.68292682927,4.298815987685427,9429525.33335996,31859429.319805108,22438.902439024394,9429868.987736493,31860373.502444725,22438.902439024394,9430114.807407232,31860284.031401582,23414.46341463415,9429771.1530307,31859339.848761965,23414.46341463415
9430163.724760128,31860800.858242966,22926.68292682927,4.276500443810228,9429868.987736493,31860373.502444725,22438.902439024394,9430212.642113024,31861317.685084347,22438.902439024394,9430458.461783765,31861228.214041203,23414.46341463415,9430114.807407232,31860284.031401582,23414.46341463415
9430507.37913666,31861745.040882587,22926.68292682927,4.381370916360944,9430212.642113024,31861317.685084347,22438.902439024394,9430556.296489557,31862261.86772397,22438.902439024394,9430802.116160298,31862172.396680824,23414.46341463415,9430458.461783765,31861228.214041203,23414.46341463415
9430851.033513194,31862689.22352221,22926.68292682927,4.669201238360513,9430556.296489557,31862261.86772397,22438.902439024394,9430899.95086609,31863206.05036359,22438.902439024394,9431145.77053683,31863116.579320442,23414.46341463415,9430802.116160298,31862172.396680824,23414.46341463415
9431194.687889725,31863633.406161826,22926.68292682927,4.307874124439127,9430899.95086609,31863206.05036359,22438.902439024394,9431243.605242623,31864150.233003207,22438.902439024394,9431489.424913362,31864060.76196006,23414.46341463415,9431145.77053683,31863116.579320442,23414.46341463415
9431538.34226626,31864577.588801444,22926.68292682927,3.4028371683926637,9431243.605242623,31864150.233003207,22438.902439024394,9431587.259619156,31865094.415642828,22438.902439024394,9431833.079289895,31865004.94459968,23414.46341463415,9431489.424913362,31864060.76196006,23414.46341463415
9431881.99664279,31865521.771441065,22926.68292682927,3.1398881537179406,9431587.259619156,31865094.415642828,22438.902439024394,9431930.913995687,31866038.59828245,22438.902439024394,9432176.733666427,31865949.1272393,23414.46341463415,9431833.079289895,31865004.94459968,23414.46341463415
9432225.651019324,31866465.954080682,22926.68292682927,2.7116185631743055,9431930.913995687,31866038.59828245,22438.902439024394,9432274.56837222,31866982.780922066,22438.902439024394,9432520.38804296,31866893.30987892,23414.46341463415,9432176.733666427,31865949.1272393,23414.46341463415
9432569.305395856,31867410.136720303,22926.68292682927,2.5666634620893576,9432274.56837222,31866982.780922066,22438.902439024394,9432618.222748753,31867926.963561688,22438.902439024394,9432864.042419493,31867837.49251854,23414.46341463415,9432520.38804296,31866893.30987892,23414.46341463415
9432912.959772388,31868354.319359925,22926.68292682927,2.4308128566551894,9432618.222748753,31867926.963561688,22438.902439024394,9432961.877125286,31868871.14620131,22438.902439024394,9433207.696796026,31868781.67515816,23414.46341463415,9432864.042419493,31867837.49251854,23414.46341463415
9433256.614148922,31869298.501999542,22926.68292682927,2.267253366745145,9432961.877125286,31868871.14620131,22438.902439024394,9433305.531501818,31869815.328840926,22438.902439024394,9433551.351172559,31869725.85779778,23414.46341463415,9433207.696796026,31868781.67515816,23414.46341463415
9433600.268525453,31870242.684639163,22926.68292682927,2.3407349251690595,9433305.531501818,31869815.328840926,22438.902439024394,9433649.185878351,31870759.511480547,22438.902439024394,9433895.00554909,31870670.040437404,23414.46341463415,9433551.351172559,31869725.85779778,23414.46341463415
9433943.922901988,31871186.867278785,22926.68292682927,2.9212125223962,9433649.185878351,31870759.511480547,22438.902439024394,9433992.840254884,31871703.69412017,22438.902439024394,9434238.659925623,31871614.223077025,23414.46341463415,9433895.00554909,31870670.040437404,23414.46341463415
9434287.577278519,31872131.049918402,22926.68292682927,3.0447365482949453,9433992.840254884,31871703.69412017,22438.902439024394,9434336.494631417,31872647.876759786,22438.902439024394,9434582.314302156,31872558.405716643,23414.46341463415,9434238.659925623,31871614.223077025,23414.46341463415
9434631.231655052,31873075.232558027,22926.68292682927,3.285532043656029,9434336.494631417,31872647.876759786,22438.902439024394,9434680.149007948,31873592.059399407,22438.902439024394,9434925.968678689,31873502.588356264,23414.46341463415,9434582.314302156,31872558.405716643,23414.46341463415
9434974.886031585,31874019.415197648,22926.68292682927,3.68751337907858,9434680.149007948,31873592.059399407,22438.902439024394,9435023.803384481,31874536.24203903,22438.902439024394,9435269.623055222,31874446.77099588,23414.46341463415,9434925.968678689,31873502.588356264,23414.46341463415
9435318.540408116,31874963.59783727,22926.68292682927,4.126545816299842,9435023.803384481,31874536.24203903,22438.902439024394,9435367.457761014,31875480.42467865,22438.902439024394,9435613.277431754,31875390.953635503,23414.46341463415,9435269.623055222,31874446.77099588,23414.46341463415
9435662.19478465,31875907.780476887,22926.68292682927,4.358732577694406,9435367.457761014,31875480.42467865,22438.902439024394,9435711.112137547,31876424.60731827,22438.902439024394,9435956.931808287,31876335.136275124,23414.46341463415,9435613.277431754,31875390.953635503,23414.46341463415
9436005.849161183,31876851.963116504,22926.68292682927,4.19079841475727,9435711.112137547,31876424.60731827,22438.902439024394,9436054.76651408,31877368.78995789,22438.902439024394,9436300.58618482,31877279.31891474,23414.46341463415,9435956.931808287,31876335.136275124,23414.46341463415
9436349.503537716,31877796.145756125,22926.68292682927,3.6308503480569745,9436054.76651408,31877368.78995789,22438.902439024394,9436398.420890613,31878312.97259751,22438.902439024394,9436644.240561351,31878223.501554362,23414.46341463415,9436300.58618482,31877279.31891474,23414.46341463415
9436693.157914247,31878740.328395747,22926.68292682927,3.7769680497338354,9436398.420890613,31878312.97259751,22438.902439024394,9436742.075267145,31879257.15523713,22438.902439024394,9436987.894937884,31879167.684193984,23414.46341463415,9436644.240561351,31878223.501554362,23414.46341463415
9437036.812290782,31879684.511035364,22926.68292682927,3.4774599020820722,9436742.075267145,31879257.15523713,22438.902439024394,9437085.729643678,31880201.33787675,22438.902439024394,9437331.549314417,31880111.8668336,23414.46341463415,9436987.894937884,31879167.684193984,23414.46341463415
9437380.466667313,31880628.693674985,22926.68292682927,3.141034804667699,9437085.729643678,31880201.33787675,22438.902439024394,9437429.38402021,31881145.52051637,22438.902439024394,9437675.20369095,31881056.049473222,23414.46341463415,9437331.549314417,31880111.8668336,23414.46341463415
9437724.121043844,31881572.876314607,22926.68292682927,3.113308355585773,9437429.38402021,31881145.52051637,22438.902439024394,9437773.038396742,31882089.70315599,22438.902439024394,9438018.858067483,31882000.232112844,23414.46341463415,9437675.20369095,31881056.049473222,23414.46341463415
9438067.775420379,31882517.058954228,22926.68292682927,3.7392991275312935,9437773.038396742,31882089.70315599,22438.902439024394,9438116.692773275,31883033.88579561,22438.902439024394,9438362.512444016,31882944.41475246,23414.46341463415,9438018.858067483,31882000.232112844,23414.46341463415
9438411.429796912,31883461.241593845,22926.68292682927,4.413145773838362,9438116.692773275,31883033.88579561,22438.902439024394,9438460.347149808,31883978.06843523,22438.902439024394,9438706.166820548,31883888.597392086,23414.46341463415,9438362.512444016,31882944.41475246,23414.46341463415
9438755.084173445,31884405.424233466,22926.68292682927,5.717298242962469,9438460.347149808,31883978.06843523,22438.902439024394,9438804.00152634,31884922.25107485,22438.902439024394,9439049.821197081,31884832.780031707,23414.46341463415,9438706.166820548,31883888.597392086,23414.46341463415
9439098.738549976,31885349.606873088,22926.68292682927,6.633057291480959,9438804.00152634,31884922.25107485,22438.902439024394,9439147.655902872,31885866.433714468,22438.902439024394,9439393.475573612,31885776.962671325,23414.46341463415,9439049.821197081,31884832.780031707,23414.46341463415
9439442.392926509,31886293.789512705,22926.68292682927,5.265545218601288,9439147.655902872,31885866.433714468,22438.902439024394,9439491.310279405,31886810.616354086,22438.902439024394,9439737.129950145,31886721.145310942,23414.46341463415,9439393.475573612,31885776.962671325,23414.46341463415
9439786.047303041,31887237.972152326,22926.68292682927,5.1002160803480585,9439491.310279405,31886810.616354086,22438.902439024394,9439834.964655938,31887754.798993707,22438.902439024394,9440080.784326678,31887665.327950563,23414.46341463415,9439737.129950145,31886721.145310942,23414.46341463415
9440129.701679572,31888182.154791947,22926.68292682927,5.320561561891491,9439834.964655938,31887754.798993707,22438.902439024394,9440178.61903247,31888698.98163333,22438.902439024394,9440424.438703211,31888609.510590184,23414.46341463415,9440080.784326678,31887665.327950563,23414.46341463415
9440473.356056107,31889126.337431565,22926.68292682927,4.811377021283278,9440178.61903247,31888698.98163333,22438.902439024394,9440522.273409003,31889643.16427295,22438.902439024394,9440768.093079744,31889553.693229802,23414.46341463415,9440424.438703211,31888609.510590184,23414.46341463415
9440817.010432638,31890070.520071186,22926.68292682927,4.4424498445894285,9440522.273409003,31889643.16427295,22438.902439024394,9440865.927785536,31890587.34691257,22438.902439024394,9441111.747456275,31890497.875869423,23414.46341463415,9440768.093079744,31889553.693229802,23414.46341463415
9441160.664809173,31891014.702710807,22926.68292682927,3.716579430171975,9440865.927785536,31890587.34691257,22438.902439024394,9441209.58216207,31891531.52955219,22438.902439024394,9441455.401832808,31891442.058509044,23414.46341463415,9441111.747456275,31890497.875869423,23414.46341463415
9441504.319185704,31891958.885350425,22926.68292682927,3.355390286642328,9441209.58216207,31891531.52955219,22438.902439024394,9441553.236538602,31892475.71219181,22438.902439024394,9441799.05620934,31892386.24114866,23414.46341463415,9441455.401832808,31891442.058509044,23414.46341463415
9441847.973562237,31892903.067990046,22926.68292682927,3.45564838232206,9441553.236538602,31892475.71219181,22438.902439024394,9441896.890915133,31893419.89483143,22438.902439024394,9442142.710585874,31893330.423788283,23414.46341463415,9441799.05620934,31892386.24114866,23414.46341463415
9442191.62793877,31893847.250629667,22926.68292682927,3.3212387705360014,9441896.890915133,31893419.89483143,22438.902439024394,9442240.545291666,31894364.07747105,22438.902439024394,9442486.364962406,31894274.606427904,23414.46341463415,9442142.710585874,31893330.423788283,23414.46341463415
9442535.2823153,31894791.43326929,22926.68292682927,4.231459409990404,9442240.545291666,31894364.07747105,22438.902439024394,9442584.199668199,31895308.26011067,22438.902439024394,9442830.01933894,31895218.78906752,23414.46341463415,9442486.364962406,31894274.606427904,23414.46341463415
9442878.936691836,31895735.615908906,22926.68292682927,4.195876791615502,9442584.199668199,31895308.26011067,22438.902439024394,9442927.854044732,31896252.44275029,22438.902439024394,9443173.673715472,31896162.971707143,23414.46341463415,9442830.01933894,31895218.78906752,23414.46341463415
9443222.591068368,31896679.798548527,22926.68292682927,4.661204646438544,9442927.854044732,31896252.44275029,22438.902439024394,9443271.508421265,31897196.62538991,22438.902439024394,9443517.328092005,31897107.154346768,23414.46341463415,9443173.673715472,31896162.971707143,23414.46341463415
9443566.245444901,31897623.981188145,22926.68292682927,5.955960770920633,9443271.508421265,31897196.62538991,22438.902439024394,9443615.162797797,31898140.80802953,22438.902439024394,9443860.982468536,31898051.336986385,23414.46341463415,9443517.328092005,31897107.154346768,23414.46341463415
9443909.899821432,31898568.163827766,22926.68292682927,6.42234220723831,9443615.162797797,31898140.80802953,22438.902439024394,9443958.81717433,31899084.99066915,22438.902439024394,9444204.636845069,31898995.519626006,23414.46341463415,9443860.982468536,31898051.336986385,23414.46341463415
9444253.554197967,31899512.346467387,22926.68292682927,5.1013766103236104,9443958.81717433,31899084.99066915,22438.902439024394,9444302.471550863,31900029.17330877,22438.902439024394,9444548.291221602,31899939.702265624,23414.46341463415,9444204.636845069,31898995.519626006,23414.46341463415
9444597.208574498,31900456.529107008,22926.68292682927,4.489240122205635,9444302.471550863,31900029.17330877,22438.902439024394,9444646.125927394,31900973.35594839,22438.902439024394,9444891.945598135,31900883.884905245,23414.46341463415,9444548.291221602,31899939.702265624,23414.46341463415
9444940.86295103,31901400.71174663,22926.68292682927,4.120221634093705,9444646.125927394,31900973.35594839,22438.902439024394,9444989.780303927,31901917.538588013,22438.902439024394,9445235.599974668,31901828.067544866,23414.46341463415,9444891.945598135,31900883.884905245,23414.46341463415
9419412.604381824,31830497.542731978,23902.24390243903,12.62923015320403,9419117.867358187,31830070.186933737,23414.46341463415,9419461.52173472,31831014.369573362,23414.46341463415,9419707.341405459,31830924.898530215,24390.024390243903,9419363.687028926,31829980.715890594,24390.024390243903
9419756.258758357,31831441.725371595,23902.24390243903,11.198318934801465,9419461.52173472,31831014.369573362,23414.46341463415,9419805.176111253,31831958.55221298,23414.46341463415,9420050.995781992,31831869.081169832,24390.024390243903,9419707.341405459,31830924.898530215,24390.024390243903
9420099.913134888,31832385.908011217,23902.24390243903,11.651735114937884,9419805.176111253,31831958.55221298,23414.46341463415,9420148.830487786,31832902.7348526,23414.46341463415,9420394.650158525,31832813.263809454,24390.024390243903,9420050.995781992,31831869.081169832,24390.024390243903
9420443.567511423,31833330.090650838,23902.24390243903,10.024910381441975,9420148.830487786,31832902.7348526,23414.46341463415,9420492.484864319,31833846.917492222,23414.46341463415,9420738.304535057,31833757.446449075,24390.024390243903,9420394.650158525,31832813.263809454,24390.024390243903
9420787.221887954,31834274.27329046,23902.24390243903,8.7150031643471,9420492.484864319,31833846.917492222,23414.46341463415,9420836.139240852,31834791.10013184,23414.46341463415,9421081.958911588,31834701.629088692,24390.024390243903,9420738.304535057,31833757.446449075,24390.024390243903
9421130.876264488,31835218.455930077,23902.24390243903,9.475630111441141,9420836.139240852,31834791.10013184,23414.46341463415,9421179.793617385,31835735.28277146,23414.46341463415,9421425.613288121,31835645.811728314,24390.024390243903,9421081.958911588,31834701.629088692,24390.024390243903
9421474.53064102,31836162.638569698,23902.24390243903,9.217462521461728,9421179.793617385,31835735.28277146,23414.46341463415,9421523.447993917,31836679.465411082,23414.46341463415,9421769.267664654,31836589.994367935,24390.024390243903,9421425.613288121,31835645.811728314,24390.024390243903
9421818.185017552,31837106.821209315,23902.24390243903,8.764787153800564,9421523.447993917,31836679.465411082,23414.46341463415,9421867.102370448,31837623.6480507,23414.46341463415,9422112.922041187,31837534.177007552,24390.024390243903,9421769.267664654,31836589.994367935,24390.024390243903
9422161.839394085,31838051.003848936,23902.24390243903,8.974273341622402,9421867.102370448,31837623.6480507,23414.46341463415,9422210.756746981,31838567.83069032,23414.46341463415,9422456.57641772,31838478.359647173,24390.024390243903,9422112.922041187,31837534.177007552,24390.024390243903
9422505.493770616,31838995.186488554,23902.24390243903,7.808053061064139,9422210.756746981,31838567.83069032,23414.46341463415,9422554.411123514,31839512.01332994,23414.46341463415,9422800.230794253,31839422.542286795,24390.024390243903,9422456.57641772,31838478.359647173,24390.024390243903
9422849.14814715,31839939.369128175,23902.24390243903,6.8960199319234485,9422554.411123514,31839512.01332994,23414.46341463415,9422898.065500047,31840456.19596956,23414.46341463415,9423143.885170786,31840366.724926416,24390.024390243903,9422800.230794253,31839422.542286795,24390.024390243903
9423192.802523682,31840883.551767796,23902.24390243903,6.628771684494922,9422898.065500047,31840456.19596956,23414.46341463415,9423241.71987658,31841400.378609177,23414.46341463415,9423487.539547317,31841310.907566033,24390.024390243903,9423143.885170786,31840366.724926416,24390.024390243903
9423536.456900217,31841827.734407417,23902.24390243903,5.553805067566948,9423241.71987658,31841400.378609177,23414.46341463415,9423585.374253113,31842344.561248798,23414.46341463415,9423831.19392385,31842255.090205655,24390.024390243903,9423487.539547317,31841310.907566033,24390.024390243903
9423880.111276748,31842771.91704704,23902.24390243903,5.750015589661294,9423585.374253113,31842344.561248798,23414.46341463415,9423929.028629644,31843288.74388842,23414.46341463415,9424174.848300382,31843199.272845276,24390.024390243903,9423831.19392385,31842255.090205655,24390.024390243903
9424223.76565328,31843716.09968666,23902.24390243903,6.636945500154842,9423929.028629644,31843288.74388842,23414.46341463415,9424272.683006177,31844232.92652804,23414.46341463415,9424518.502676915,31844143.455484893,24390.024390243903,9424174.848300382,31843199.272845276,24390.024390243903
9424567.420029813,31844660.282326277,23902.24390243903,6.629098275414288,9424272.683006177,31844232.92652804,23414.46341463415,9424616.33738271,31845177.10916766,23414.46341463415,9424862.157053448,31845087.638124514,24390.024390243903,9424518.502676915,31844143.455484893,24390.024390243903
9424911.074406344,31845604.4649659,23902.24390243903,5.561736838961644,9424616.33738271,31845177.10916766,23414.46341463415,9424959.991759242,31846121.291807283,23414.46341463415,9425205.811429981,31846031.820764136,24390.024390243903,9424862.157053448,31845087.638124514,24390.024390243903
9425254.72878288,31846548.647605516,23902.24390243903,4.48648734857202,9424959.991759242,31846121.291807283,23414.46341463415,9425303.646135775,31847065.4744469,23414.46341463415,9425549.465806512,31846976.003403753,24390.024390243903,9425205.811429981,31846031.820764136,24390.024390243903
9425598.38315941,31847492.830245137,23902.24390243903,3.929939939378697,9425303.646135775,31847065.4744469,23414.46341463415,9425647.300512308,31848009.65708652,23414.46341463415,9425893.120183045,31847920.186043374,24390.024390243903,9425549.465806512,31846976.003403753,24390.024390243903
9425942.037535945,31848437.01288476,23902.24390243903,3.7382227293696153,9425647.300512308,31848009.65708652,23414.46341463415,9425990.954888841,31848953.839726143,23414.46341463415,9426236.774559578,31848864.36868299,24390.024390243903,9425893.120183045,31847920.186043374,24390.024390243903
9426285.691912476,31849381.195524376,23902.24390243903,3.500315956113832,9425990.954888841,31848953.839726143,23414.46341463415,9426334.609265374,31849898.02236576,23414.46341463415,9426580.42893611,31849808.551322613,24390.024390243903,9426236.774559578,31848864.36868299,24390.024390243903
9426629.346289009,31850325.378163997,23902.24390243903,3.0347618361783613,9426334.609265374,31849898.02236576,23414.46341463415,9426678.263641905,31850842.20500538,23414.46341463415,9426924.083312644,31850752.733962234,24390.024390243903,9426580.42893611,31849808.551322613,24390.024390243903
9426973.000665542,31851269.560803615,23902.24390243903,3.10854882557577,9426678.263641905,31850842.20500538,23414.46341463415,9427021.918018438,31851786.387645,23414.46341463415,9427267.737689177,31851696.91660185,24390.024390243903,9426924.083312644,31850752.733962234,24390.024390243903
9427316.655042073,31852213.743443236,23902.24390243903,2.9912109103084714,9427021.918018438,31851786.387645,23414.46341463415,9427365.57239497,31852730.57028462,23414.46341463415,9427611.39206571,31852641.099241477,24390.024390243903,9427267.737689177,31851696.91660185,24390.024390243903
9427660.309418608,31853157.926082857,23902.24390243903,2.716901529913725,9427365.57239497,31852730.57028462,23414.46341463415,9427709.226771504,31853674.75292424,23414.46341463415,9427955.046442242,31853585.281881098,24390.024390243903,9427611.39206571,31852641.099241477,24390.024390243903
9428003.963795139,31854102.10872248,23902.24390243903,2.798454309507426,9427709.226771504,31853674.75292424,23414.46341463415,9428052.881148037,31854618.93556386,23414.46341463415,9428298.700818773,31854529.464520715,24390.024390243903,9427955.046442242,31853585.281881098,24390.024390243903
9428347.618171673,31855046.2913621,23902.24390243903,2.6418045462826583,9428052.881148037,31854618.93556386,23414.46341463415,9428396.53552457,31855563.11820348,23414.46341463415,9428642.355195306,31855473.647160336,24390.024390243903,9428298.700818773,31854529.464520715,24390.024390243903
9428691.272548204,31855990.47400172,23902.24390243903,3.1562745785385546,9428396.53552457,31855563.11820348,23414.46341463415,9428740.189901102,31856507.3008431,23414.46341463415,9428986.00957184,31856417.829799958,24390.024390243903,9428642.355195306,31855473.647160336,24390.024390243903
9429034.926924739,31856934.656641338,23902.24390243903,3.5275440833352536,9428740.189901102,31856507.3008431,23414.46341463415,9429083.844277635,31857451.483482722,23414.46341463415,9429329.663948372,31857362.012439575,24390.024390243903,9428986.00957184,31856417.829799958,24390.024390243903
9429378.58130127,31857878.83928096,23902.24390243903,4.298930028098663,9429083.844277635,31857451.483482722,23414.46341463415,9429427.498654166,31858395.666122343,23414.46341463415,9429673.318324905,31858306.195079196,24390.024390243903,9429329.663948372,31857362.012439575,24390.024390243903
9429722.235677801,31858823.02192058,23902.24390243903,5.572340501786105,9429427.498654166,31858395.666122343,23414.46341463415,9429771.1530307,31859339.848761965,23414.46341463415,9430016.972701438,31859250.377718817,24390.024390243903,9429673.318324905,31858306.195079196,24390.024390243903
9430065.890054334,31859767.204560198,23902.24390243903,6.555367893070654,9429771.1530307,31859339.848761965,23414.46341463415,9430114.807407232,31860284.031401582,23414.46341463415,9430360.62707797,31860194.560358435,24390.024390243903,9430016.972701438,31859250.377718817,24390.024390243903
9430409.544430867,31860711.38719982,23902.24390243903,5.193663707739887,9430114.807407232,31860284.031401582,23414.46341463415,9430458.461783765,31861228.214041203,23414.46341463415,9430704.281454504,31861138.742998056,24390.024390243903,9430360.62707797,31860194.560358435,24390.024390243903
9430753.1988074,31861655.56983944,23902.24390243903,4.130538354299729,9430458.461783765,31861228.214041203,23414.46341463415,9430802.116160298,31862172.396680824,23414.46341463415,9431047.935831035,31862082.925637674,24390.024390243903,9430704.281454504,31861138.742998056,24390.024390243903
9431096.853183933,31862599.752479058,23902.24390243903,4.526816149205403,9430802.116160298,31862172.396680824,23414.46341463415,9431145.77053683,31863116.579320442,23414.46341463415,9431391.590207567,31863027.108277295,24390.024390243903,9431047.935831035,31862082.925637674,24390.024390243903
9431440.507560464,31863543.93511868,23902.24390243903,4.022002422968478,9431145.77053683,31863116.579320442,23414.46341463415,9431489.424913362,31864060.76196006,23414.46341463415,9431735.2445841,31863971.290916912,24390.024390243903,9431391.590207567,31863027.108277295,24390.024390243903
9431784.161936997,31864488.117758296,23902.24390243903,3.109271633162587,9431489.424913362,31864060.76196006,23414.46341463415,9431833.079289895,31865004.94459968,23414.46341463415,9432078.898960633,31864915.473556533,24390.024390243903,9431735.2445841,31863971.290916912,24390.024390243903
9432127.816313528,31865432.300397918,23902.24390243903,2.9863520169717974,9431833.079289895,31865004.94459968,23414.46341463415,9432176.733666427,31865949.1272393,23414.46341463415,9432422.553337166,31865859.65619616,24390.024390243903,9432078.898960633,31864915.473556533,24390.024390243903
9432471.470690062,31866376.483037535,23902.24390243903,2.7299784865761434,9432176.733666427,31865949.1272393,23414.46341463415,9432520.38804296,31866893.30987892,23414.46341463415,9432766.207713699,31866803.838835776,24390.024390243903,9432422.553337166,31865859.65619616,24390.024390243903
9432815.125066593,31867320.665677156,23902.24390243903,2.367451446180934,9432520.38804296,31866893.30987892,23414.46341463415,9432864.042419493,31867837.49251854,23414.46341463415,9433109.86209023,31867748.021475397,24390.024390243903,9432766.207713699,31866803.838835776,24390.024390243903
9433158.779443128,31868264.84831678,23902.24390243903,2.4382349119180686,9432864.042419493,31867837.49251854,23414.46341463415,9433207.696796026,31868781.67515816,23414.46341463415,9433453.516466763,31868692.20411502,24390.024390243903,9433109.86209023,31867748.021475397,24390.024390243903
9433502.433819659,31869209.0309564,23902.24390243903,2.147509467660617,9433207.696796026,31868781.67515816,23414.46341463415,9433551.351172559,31869725.85779778,23414.46341463415,9433797.170843296,31869636.386754636,24390.024390243903,9433453.516466763,31868692.20411502,24390.024390243903
9433846.088196192,31870153.21359602,23902.24390243903,2.125759331079545,9433551.351172559,31869725.85779778,23414.46341463415,9433895.00554909,31870670.040437404,23414.46341463415,9434140.825219829,31870580.569394257,24390.024390243903,9433797.170843296,31869636.386754636,24390.024390243903
9434189.742572725,31871097.39623564,23902.24390243903,2.3841546182604634,9433895.00554909,31870670.040437404,23414.46341463415,9434238.659925623,31871614.223077025,23414.46341463415,9434484.479596362,31871524.752033874,24390.024390243903,9434140.825219829,31870580.569394257,24390.024390243903
9434533.396949256,31872041.57887526,23902.24390243903,2.8123981753401766,9434238.659925623,31871614.223077025,23414.46341463415,9434582.314302156,31872558.405716643,23414.46341463415,9434828.133972894,31872468.934673496,24390.024390243903,9434484.479596362,31871524.752033874,24390.024390243903
9434877.05132579,31872985.76151488,23902.24390243903,3.3579183635177974,9434582.314302156,31872558.405716643,23414.46341463415,9434925.968678689,31873502.588356264,23414.46341463415,9435171.788349427,31873413.117313117,24390.024390243903,9434828.133972894,31872468.934673496,24390.024390243903
9435220.705702323,31873929.9441545,23902.24390243903,3.6643750527621166,9434925.968678689,31873502.588356264,23414.46341463415,9435269.623055222,31874446.77099588,23414.46341463415,9435515.44272596,31874357.299952734,24390.024390243903,9435171.788349427,31873413.117313117,24390.024390243903
9435564.360078856,31874874.12679412,23902.24390243903,3.658968096815893,9435269.623055222,31874446.77099588,23414.46341463415,9435613.277431754,31875390.953635503,23414.46341463415,9435859.097102491,31875301.482592355,24390.024390243903,9435515.44272596,31874357.299952734,24390.024390243903
9435908.014455387,31875818.30943374,23902.24390243903,3.7612284678595884,9435613.277431754,31875390.953635503,23414.46341463415,9435956.931808287,31876335.136275124,23414.46341463415,9436202.751479024,31876245.665231977,24390.024390243903,9435859.097102491,31875301.482592355,24390.024390243903
9436251.668831922,31876762.492073357,23902.24390243903,4.058387949124679,9435956.931808287,31876335.136275124,23414.46341463415,9436300.58618482,31877279.31891474,23414.46341463415,9436546.405855557,31877189.847871594,24390.024390243903,9436202.751479024,31876245.665231977,24390.024390243903
9436595.323208453,31877706.67471298,23902.24390243903,3.3700958779963983,9436300.58618482,31877279.31891474,23414.46341463415,9436644.240561351,31878223.501554362,23414.46341463415,9436890.06023209,31878134.030511215,24390.024390243903,9436546.405855557,31877189.847871594,24390.024390243903
9436938.977584984,31878650.8573526,23902.24390243903,3.2940994953226275,9436644.240561351,31878223.501554362,23414.46341463415,9436987.894937884,31879167.684193984,23414.46341463415,9437233.714608623,31879078.21315084,24390.024390243903,9436890.06023209,31878134.030511215,24390.024390243903
9437282.631961519,31879595.039992217,23902.24390243903,3.7228737322553886,9436987.894937884,31879167.684193984,23414.46341463415,9437331.549314417,31880111.8668336,23414.46341463415,9437577.368985156,31880022.395790458,24390.024390243903,9437233.714608623,31879078.21315084,24390.024390243903
9437626.286338052,31880539.22263184,23902.24390243903,3.7484906489980143,9437331.549314417,31880111.8668336,23414.46341463415,9437675.20369095,31881056.049473222,23414.46341463415,9437921.023361688,31880966.57843008,24390.024390243903,9437577.368985156,31880022.395790458,24390.024390243903
9437969.940714585,31881483.405271463,23902.24390243903,3.5622284849587724,9437675.20369095,31881056.049473222,23414.46341463415,9438018.858067483,31882000.232112844,23414.46341463415,9438264.677738221,31881910.7610697,24390.024390243903,9437921.023361688,31880966.57843008,24390.024390243903
9438313.595091116,31882427.587911084,23902.24390243903,3.7587486695426287,9438018.858067483,31882000.232112844,23414.46341463415,9438362.512444016,31882944.41475246,23414.46341463415,9438608.332114752,31882854.943709318,24390.024390243903,9438264.677738221,31881910.7610697,24390.024390243903
9438657.24946765,31883371.7705507,23902.24390243903,3.935806022659384,9438362.512444016,31882944.41475246,23414.46341463415,9438706.166820548,31883888.597392086,23414.46341463415,9438951.986491285,31883799.12634894,24390.024390243903,9438608.332114752,31882854.943709318,24390.024390243903
9439000.903844181,31884315.953190323,23902.24390243903,4.079141469839238,9438706.166820548,31883888.597392086,23414.46341463415,9439049.821197081,31884832.780031707,23414.46341463415,9439295.640867818,31884743.30898856,24390.024390243903,9438951.986491285,31883799.12634894,24390.024390243903
9439344.558220716,31885260.135829944,23902.24390243903,4.621064378215985,9439049.821197081,31884832.780031707,23414.46341463415,9439393.475573612,31885776.962671325,23414.46341463415,9439639.295244351,31885687.491628177,24390.024390243903,9439295.640867818,31884743.30898856,24390.024390243903
9439688.212597247,31886204.318469558,23902.24390243903,4.639297316434951,9439393.475573612,31885776.962671325,23414.46341463415,9439737.129950145,31886721.145310942,23414.46341463415,9439982.949620884,31886631.674267795,24390.024390243903,9439639.295244351,31885687.491628177,24390.024390243903
9440031.866973778,31887148.50110918,23902.24390243903,4.048040122147487,9439737.129950145,31886721.145310942,23414.46341463415,9440080.784326678,31887665.327950563,23414.46341463415,9440326.603997415,31887575.856907416,24390.024390243903,9439982.949620884,31886631.674267795,24390.024390243903
9440375.521350313,31888092.6837488,23902.24390243903,3.890918658709142,9440080.784326678,31887665.327950563,23414.46341463415,9440424.438703211,31888609.510590184,23414.46341463415,9440670.258373948,31888520.039547037,24390.024390243903,9440326.603997415,31887575.856907416,24390.024390243903
9440719.175726844,31889036.866388418,23902.24390243903,3.5474184270520484,9440424.438703211,31888609.510590184,23414.46341463415,9440768.093079744,31889553.693229802,23414.46341463415,9441013.91275048,31889464.222186655,24390.024390243903,9440670.258373948,31888520.039547037,24390.024390243903
9441062.830103377,31889981.04902804,23902.24390243903,2.6248785108966897,9440768.093079744,31889553.693229802,23414.46341463415,9441111.747456275,31890497.875869423,23414.46341463415,9441357.567127014,31890408.404826276,24390.024390243903,9441013.91275048,31889464.222186655,24390.024390243903
9441406.48447991,31890925.23166766,23902.24390243903,2.2491993814754894,9441111.747456275,31890497.875869423,23414.46341463415,9441455.401832808,31891442.058509044,23414.46341463415,9441701.221503546,31891352.587465897,24390.024390243903,9441357.567127014,31890408.404826276,24390.024390243903
9441750.13885644,31891869.414307278,23902.24390243903,2.4327225323013573,9441455.401832808,31891442.058509044,23414.46341463415,9441799.05620934,31892386.24114866,23414.46341463415,9442044.87588008,31892296.77010552,24390.024390243903,9441701.221503546,31891352.587465897,24390.024390243903
9442093.793232976,31892813.5969469,23902.24390243903,2.839629044756629,9441799.05620934,31892386.24114866,23414.46341463415,9442142.710585874,31893330.423788283,23414.46341463415,9442388.530256612,31893240.95274514,24390.024390243903,9442044.87588008,31892296.77010552,24390.024390243903
9442437.447609508,31893757.77958652,23902.24390243903,2.6904270744443397,9442142.710585874,31893330.423788283,23414.46341463415,9442486.364962406,31894274.606427904,23414.46341463415,9442732.184633145,31894185.13538476,24390.024390243903,9442388.530256612,31893240.95274514,24390.024390243903
9442781.101986041,31894701.962226145,23902.24390243903,2.6970139146854955,9442486.364962406,31894274.606427904,23414.46341463415,9442830.01933894,31895218.78906752,23414.46341463415,9443075.839009676,31895129.31802438,24390.024390243903,9442732.184633145,31894185.13538476,24390.024390243903
9443124.756362572,31895646.144865762,23902.24390243903,3.220896142391876,9442830.01933894,31895218.78906752,23414.46341463415,9443173.673715472,31896162.971707143,23414.46341463415,9443419.493386209,31896073.500664,24390.024390243903,9443075.839009676,31895129.31802438,24390.024390243903
9443468.410739107,31896590.32750538,23902.24390243903,3.1782870479510255,9443173.673715472,31896162.971707143,23414.46341463415,9443517.328092005,31897107.154346768,23414.46341463415,9443763.147762742,31897017.683303617,24390.024390243903,9443419.493386209,31896073.500664,24390.024390243903
9443812.065115638,31897534.510145,23902.24390243903,3.816632890559101,9443517.328092005,31897107.154346768,23414.46341463415,9443860.982468536,31898051.336986385,23414.46341463415,9444106.802139275,31897961.86594324,24390.024390243903,9443763.147762742,31897017.683303617,24390.024390243903
9444155.71949217,31898478.692784622,23902.24390243903,4.316296498084068,9443860.982468536,31898051.336986385,23414.46341463415,9444204.636845069,31898995.519626006,23414.46341463415,9444450.456515808,31898906.04858286,24390.024390243903,9444106.802139275,31897961.86594324,24390.024390243903
9444499.373868704,31899422.87542424,23902.24390243903,4.161202306966968,9444204.636845069,31898995.519626006,23414.46341463415,9444548.291221602,31899939.702265624,23414.46341463415,9444794.11089234,31899850.231222477,24390.024390243903,9444450.456515808,31898906.04858286,24390.024390243903
9444843.028245237,31900367.05806386,23902.24390243903,4.216526752082645,9444548.291221602,31899939.702265624,23414.46341463415,9444891.945598135,31900883.884905245,23414.46341463415,9445137.765268873,31900794.413862098,24390.024390243903,9444794.11089234,31899850.231222477,24390.024390243903
9445186.68262177,31901311.240703482,23902.24390243903,3.6462682405527675,9444891.945598135,31900883.884905245,23414.46341463415,9445235.599974668,31901828.067544866,23414.46341463415,9445481.419645406,31901738.59650172,24390.024390243903,9445137.765268873,31900794.413862098,24390.024390243903
9419658.424052563,31830408.07168883,24877.804878048784,14.665816619845145,9419363.687028926,31829980.715890594,24390.024390243903,9419707.341405459,31830924.898530215,24390.024390243903,9419953.1610762,31830835.427487068,25365.58536585366,9419609.506699666,31829891.244847447,25365.58536585366
9420002.078429094,31831352.25432845,24877.804878048784,13.25934801611736,9419707.341405459,31830924.898530215,24390.024390243903,9420050.995781992,31831869.081169832,24390.024390243903,9420296.81545273,31831779.610126685,25365.58536585366,9419953.1610762,31830835.427487068,25365.58536585366
9420345.732805628,31832296.43696807,24877.804878048784,14.502533545385933,9420050.995781992,31831869.081169832,24390.024390243903,9420394.650158525,31832813.263809454,24390.024390243903,9420640.469829263,31832723.792766307,25365.58536585366,9420296.81545273,31831779.610126685,25365.58536585366
9420689.38718216,31833240.61960769,24877.804878048784,12.917847815554033,9420394.650158525,31832813.263809454,24390.024390243903,9420738.304535057,31833757.446449075,24390.024390243903,9420984.124205796,31833667.97540593,25365.58536585366,9420640.469829263,31832723.792766307,25365.58536585366
9421033.041558692,31834184.802247312,24877.804878048784,10.849768714303833,9420738.304535057,31833757.446449075,24390.024390243903,9421081.958911588,31834701.629088692,24390.024390243903,9421327.778582329,31834612.15804555,25365.58536585366,9420984.124205796,31833667.97540593,25365.58536585366
9421376.695935225,31835128.98488693,24877.804878048784,11.67891868958563,9421081.958911588,31834701.629088692,24390.024390243903,9421425.613288121,31835645.811728314,24390.024390243903,9421671.432958862,31835556.34068517,25365.58536585366,9421327.778582329,31834612.15804555,25365.58536585366
9421720.350311756,31836073.16752655,24877.804878048784,12.336453248169889,9421425.613288121,31835645.811728314,24390.024390243903,9421769.267664654,31836589.994367935,24390.024390243903,9422015.087335395,31836500.523324788,25365.58536585366,9421671.432958862,31835556.34068517,25365.58536585366
9422064.00468829,31837017.35016617,24877.804878048784,10.448926481273771,9421769.267664654,31836589.994367935,24390.024390243903,9422112.922041187,31837534.177007552,24390.024390243903,9422358.741711928,31837444.70596441,25365.58536585366,9422015.087335395,31836500.523324788,25365.58536585366
9422407.659064824,31837961.532805793,24877.804878048784,8.968603301990841,9422112.922041187,31837534.177007552,24390.024390243903,9422456.57641772,31838478.359647173,24390.024390243903,9422702.39608846,31838388.88860403,25365.58536585366,9422358.741711928,31837444.70596441,25365.58536585366
9422751.313441357,31838905.71544541,24877.804878048784,6.576161643807471,9422456.57641772,31838478.359647173,24390.024390243903,9422800.230794253,31839422.542286795,24390.024390243903,9423046.050464991,31839333.071243647,25365.58536585366,9422702.39608846,31838388.88860403,25365.58536585366
9423094.967817888,31839849.89808503,24877.804878048784,6.018835578041183,9422800.230794253,31839422.542286795,24390.024390243903,9423143.885170786,31840366.724926416,24390.024390243903,9423389.704841524,31840277.25388327,25365.58536585366,9423046.050464991,31839333.071243647,25365.58536585366
9423438.62219442,31840794.080724653,24877.804878048784,6.51188882749228,9423143.885170786,31840366.724926416,24390.024390243903,9423487.539547317,31841310.907566033,24390.024390243903,9423733.359218057,31841221.436522886,25365.58536585366,9423389.704841524,31840277.25388327,25365.58536585366
9423782.276570953,31841738.26336427,24877.804878048784,6.65565506759797,9423487.539547317,31841310.907566033,24390.024390243903,9423831.19392385,31842255.090205655,24390.024390243903,9424077.01359459,31842165.619162507,25365.58536585366,9423733.359218057,31841221.436522886,25365.58536585366
9424125.930947484,31842682.44600389,24877.804878048784,7.763150349957631,9423831.19392385,31842255.090205655,24390.024390243903,9424174.848300382,31843199.272845276,24390.024390243903,9424420.667971123,31843109.80180213,25365.58536585366,9424077.01359459,31842165.619162507,25365.58536585366
9424469.58532402,31843626.628643513,24877.804878048784,7.133635149892344,9424174.848300382,31843199.272845276,24390.024390243903,9424518.502676915,31844143.455484893,24390.024390243903,9424764.322347654,31844053.984441746,25365.58536585366,9424420.667971123,31843109.80180213,25365.58536585366
9424813.23970055,31844570.81128313,24877.804878048784,6.311287752659761,9424518.502676915,31844143.455484893,24390.024390243903,9424862.157053448,31845087.638124514,24390.024390243903,9425107.976724187,31844998.167081367,25365.58536585366,9424764.322347654,31844053.984441746,25365.58536585366
9425156.894077085,31845514.993922748,24877.804878048784,4.471828139572372,9424862.157053448,31845087.638124514,24390.024390243903,9425205.811429981,31846031.820764136,24390.024390243903,9425451.63110072,31845942.349720985,25365.58536585366,9425107.976724187,31844998.167081367,25365.58536585366
9425500.548453616,31846459.17656237,24877.804878048784,3.7257359272190063,9425205.811429981,31846031.820764136,24390.024390243903,9425549.465806512,31846976.003403753,24390.024390243903,9425795.285477253,31846886.53236061,25365.58536585366,9425451.63110072,31845942.349720985,25365.58536585366
9425844.202830149,31847403.35920199,24877.804878048784,3.4250040859707216,9425549.465806512,31846976.003403753,24390.024390243903,9425893.120183045,31847920.186043374,24390.024390243903,9426138.939853786,31847830.71500023,25365.58536585366,9425795.285477253,31846886.53236061,25365.58536585366
9426187.857206682,31848347.541841608,24877.804878048784,2.8224033739276653,9425893.120183045,31847920.186043374,24390.024390243903,9426236.774559578,31848864.36868299,24390.024390243903,9426482.594230318,31848774.89763985,25365.58536585366,9426138.939853786,31847830.71500023,25365.58536585366
9426531.511583213,31849291.724481232,24877.804878048784,2.7534391971496195,9426236.774559578,31848864.36868299,24390.024390243903,9426580.42893611,31849808.551322613,24390.024390243903,9426826.248606851,31849719.08027947,25365.58536585366,9426482.594230318,31848774.89763985,25365.58536585366
9426875.165959748,31850235.907120854,24877.804878048784,3.0136303353881773,9426580.42893611,31849808.551322613,24390.024390243903,9426924.083312644,31850752.733962234,24390.024390243903,9427169.902983384,31850663.26291909,25365.58536585366,9426826.248606851,31849719.08027947,25365.58536585366
9427218.820336279,31851180.08976047,24877.804878048784,3.098986302378889,9426924.083312644,31850752.733962234,24390.024390243903,9427267.737689177,31851696.91660185,24390.024390243903,9427513.557359915,31851607.44555871,25365.58536585366,9427169.902983384,31850663.26291909,25365.58536585366
9427562.474712813,31852124.272400092,24877.804878048784,2.9507694288238056,9427267.737689177,31851696.91660185,24390.024390243903,9427611.39206571,31852641.099241477,24390.024390243903,9427857.211736448,31852551.62819833,25365.58536585366,9427513.557359915,31851607.44555871,25365.58536585366
9427906.129089344,31853068.455039714,24877.804878048784,2.62374595114059,9427611.39206571,31852641.099241477,24390.024390243903,9427955.046442242,31853585.281881098,24390.024390243903,9428200.866112981,31853495.81083795,25365.58536585366,9427857.211736448,31852551.62819833,25365.58536585366
9428249.783465877,31854012.637679335,24877.804878048784,2.588978983557636,9427955.046442242,31853585.281881098,24390.024390243903,9428298.700818773,31854529.464520715,24390.024390243903,9428544.520489514,31854439.993477568,25365.58536585366,9428200.866112981,31853495.81083795,25365.58536585366
9428593.43784241,31854956.820318952,24877.804878048784,2.563548674117325,9428298.700818773,31854529.464520715,24390.024390243903,9428642.355195306,31855473.647160336,24390.024390243903,9428888.174866047,31855384.17611719,25365.58536585366,9428544.520489514,31854439.993477568,25365.58536585366
9428937.092218941,31855901.002958573,24877.804878048784,2.48491614338732,9428642.355195306,31855473.647160336,24390.024390243903,9428986.00957184,31856417.829799958,24390.024390243903,9429231.82924258,31856328.35875681,25365.58536585366,9428888.174866047,31855384.17611719,25365.58536585366
9429280.746595476,31856845.18559819,24877.804878048784,2.809930503543192,9428986.00957184,31856417.829799958,24390.024390243903,9429329.663948372,31857362.012439575,24390.024390243903,9429575.483619113,31857272.541396428,25365.58536585366,9429231.82924258,31856328.35875681,25365.58536585366
9429624.400972009,31857789.368237812,24877.804878048784,3.1505876105022863,9429329.663948372,31857362.012439575,24390.024390243903,9429673.318324905,31858306.195079196,24390.024390243903,9429919.137995645,31858216.72403605,25365.58536585366,9429575.483619113,31857272.541396428,25365.58536585366
9429968.055348542,31858733.55087743,24877.804878048784,3.801802491700955,9429673.318324905,31858306.195079196,24390.024390243903,9430016.972701438,31859250.377718817,24390.024390243903,9430262.792372176,31859160.906675667,25365.58536585366,9429919.137995645,31858216.72403605,25365.58536585366
9430311.709725073,31859677.73351705,24877.804878048784,4.426090274384693,9430016.972701438,31859250.377718817,24390.024390243903,9430360.62707797,31860194.560358435,24390.024390243903,9430606.44674871,31860105.08931529,25365.58536585366,9430262.792372176,31859160.906675667,25365.58536585366
9430655.364101607,31860621.916156672,24877.804878048784,3.878466834003829,9430360.62707797,31860194.560358435,24390.024390243903,9430704.281454504,31861138.742998056,24390.024390243903,9430950.101125242,31861049.271954913,25365.58536585366,9430606.44674871,31860105.08931529,25365.58536585366
9430999.018478138,31861566.098796293,24877.804878048784,3.490188057137509,9430704.281454504,31861138.742998056,24390.024390243903,9431047.935831035,31862082.925637674,24390.024390243903,9431293.755501775,31861993.45459453,25365.58536585366,9430950.101125242,31861049.271954913,25365.58536585366
9431342.67285467,31862510.281435914,24877.804878048784,3.2436237893513655,9431047.935831035,31862082.925637674,24390.024390243903,9431391.590207567,31863027.108277295,24390.024390243903,9431637.409878308,31862937.63723415,25365.58536585366,9431293.755501775,31861993.45459453,25365.58536585366
9431686.327231204,31863454.464075536,24877.804878048784,3.2094281706525756,9431391.590207567,31863027.108277295,24390.024390243903,9431735.2445841,31863971.290916912,24390.024390243903,9431981.064254839,31863881.81987377,25365.58536585366,9431637.409878308,31862937.63723415,25365.58536585366
9432029.981607735,31864398.646715153,24877.804878048784,3.0137175995578955,9431735.2445841,31863971.290916912,24390.024390243903,9432078.898960633,31864915.473556533,24390.024390243903,9432324.718631372,31864826.00251339,25365.58536585366,9431981.064254839,31863881.81987377,25365.58536585366
9432373.63598427,31865342.829354774,24877.804878048784,2.9182618607780415,9432078.898960633,31864915.473556533,24390.024390243903,9432422.553337166,31865859.65619616,24390.024390243903,9432668.373007905,31865770.18515301,25365.58536585366,9432324.718631372,31864826.00251339,25365.58536585366
9432717.2903608,31866287.01199439,24877.804878048784,2.658269788832878,9432422.553337166,31865859.65619616,24390.024390243903,9432766.207713699,31866803.838835776,24390.024390243903,9433012.027384438,31866714.36779263,25365.58536585366,9432668.373007905,31865770.18515301,25365.58536585366
9433060.944737334,31867231.194634013,24877.804878048784,2.3958034984574432,9432766.207713699,31866803.838835776,24390.024390243903,9433109.86209023,31867748.021475397,24390.024390243903,9433355.68176097,31867658.55043225,25365.58536585366,9433012.027384438,31866714.36779263,25365.58536585366
9433404.599113867,31868175.377273634,24877.804878048784,2.7218845950812978,9433109.86209023,31867748.021475397,24390.024390243903,9433453.516466763,31868692.20411502,24390.024390243903,9433699.336137503,31868602.733071867,25365.58536585366,9433355.68176097,31867658.55043225,25365.58536585366
9433748.253490398,31869119.55991325,24877.804878048784,2.6757441810545903,9433453.516466763,31868692.20411502,24390.024390243903,9433797.170843296,31869636.386754636,24390.024390243903,9434042.990514036,31869546.91571149,25365.58536585366,9433699.336137503,31868602.733071867,25365.58536585366
9434091.907866932,31870063.742552873,24877.804878048784,2.5012348244465668,9433797.170843296,31869636.386754636,24390.024390243903,9434140.825219829,31870580.569394257,24390.024390243903,9434386.64489057,31870491.09835111,25365.58536585366,9434042.990514036,31869546.91571149,25365.58536585366
9434435.562243463,31871007.92519249,24877.804878048784,2.8841116008086307,9434140.825219829,31870580.569394257,24390.024390243903,9434484.479596362,31871524.752033874,24390.024390243903,9434730.2992671,31871435.280990727,25365.58536585366,9434386.64489057,31870491.09835111,25365.58536585366
9434779.216619998,31871952.10783211,24877.804878048784,3.14388598215176,9434484.479596362,31871524.752033874,24390.024390243903,9434828.133972894,31872468.934673496,24390.024390243903,9435073.953643633,31872379.46363035,25365.58536585366,9434730.2992671,31871435.280990727,25365.58536585366
9435122.87099653,31872896.290471733,24877.804878048784,3.3099281101483427,9434828.133972894,31872468.934673496,24390.024390243903,9435171.788349427,31873413.117313117,24390.024390243903,9435417.608020166,31873323.64626997,25365.58536585366,9435073.953643633,31872379.46363035,25365.58536585366
9435466.525373064,31873840.473111354,24877.804878048784,3.63357207978507,9435171.788349427,31873413.117313117,24390.024390243903,9435515.44272596,31874357.299952734,24390.024390243903,9435761.262396699,31874267.82890959,25365.58536585366,9435417.608020166,31873323.64626997,25365.58536585366
9435810.179749595,31874784.65575097,24877.804878048784,3.4872727568457833,9435515.44272596,31874357.299952734,24390.024390243903,9435859.097102491,31875301.482592355,24390.024390243903,9436104.916773232,31875212.011549212,25365.58536585366,9435761.262396699,31874267.82890959,25365.58536585366
9436153.834126126,31875728.838390592,24877.804878048784,3.040013498829233,9435859.097102491,31875301.482592355,24390.024390243903,9436202.751479024,31876245.665231977,24390.024390243903,9436448.571149765,31876156.194188833,25365.58536585366,9436104.916773232,31875212.011549212,25365.58536585366
9436497.48850266,31876673.021030214,24877.804878048784,2.6357347328862484,9436202.751479024,31876245.665231977,24390.024390243903,9436546.405855557,31877189.847871594,24390.024390243903,9436792.225526296,31877100.37682845,25365.58536585366,9436448.571149765,31876156.194188833,25365.58536585366
9436841.142879194,31877617.203669835,24877.804878048784,2.292730367591314,9436546.405855557,31877189.847871594,24390.024390243903,9436890.06023209,31878134.030511215,24390.024390243903,9437135.879902828,31878044.559468072,25365.58536585366,9436792.225526296,31877100.37682845,25365.58536585366
9437184.797255727,31878561.386309456,24877.804878048784,2.6523600697019156,9436890.06023209,31878134.030511215,24390.024390243903,9437233.714608623,31879078.21315084,24390.024390243903,9437479.534279361,31878988.742107693,25365.58536585366,9437135.879902828,31878044.559468072,25365.58536585366
9437528.451632258,31879505.568949074,24877.804878048784,2.2874216460169388,9437233.714608623,31879078.21315084,24390.024390243903,9437577.368985156,31880022.395790458,24390.024390243903,9437823.188655894,31879932.92474731,25365.58536585366,9437479.534279361,31878988.742107693,25365.58536585366
9437872.106008792,31880449.751588695,24877.804878048784,2.259079253111805,9437577.368985156,31880022.395790458,24390.024390243903,9437921.023361688,31880966.57843008,24390.024390243903,9438166.843032425,31880877.10738693,25365.58536585366,9437823.188655894,31879932.92474731,25365.58536585366
9438215.760385323,31881393.934228316,24877.804878048784,2.6312248926892012,9437921.023361688,31880966.57843008,24390.024390243903,9438264.677738221,31881910.7610697,24390.024390243903,9438510.497408958,31881821.290026553,25365.58536585366,9438166.843032425,31880877.10738693,25365.58536585366
9438559.414761858,31882338.116867937,24877.804878048784,3.0367377136585194,9438264.677738221,31881910.7610697,24390.024390243903,9438608.332114752,31882854.943709318,24390.024390243903,9438854.151785491,31882765.47266617,25365.58536585366,9438510.497408958,31881821.290026553,25365.58536585366
9438903.06913839,31883282.299507555,24877.804878048784,3.1610555896382744,9438608.332114752,31882854.943709318,24390.024390243903,9438951.986491285,31883799.12634894,24390.024390243903,9439197.806162024,31883709.65530579,25365.58536585366,9438854.151785491,31882765.47266617,25365.58536585366
9439246.723514922,31884226.482147176,24877.804878048784,2.518114906566577,9438951.986491285,31883799.12634894,24390.024390243903,9439295.640867818,31884743.30898856,24390.024390243903,9439541.460538557,31884653.83794541,25365.58536585366,9439197.806162024,31883709.65530579,25365.58536585366
9439590.377891455,31885170.664786797,24877.804878048784,2.6131204612495145,9439295.640867818,31884743.30898856,24390.024390243903,9439639.295244351,31885687.491628177,24390.024390243903,9439885.114915088,31885598.02058503,25365.58536585366,9439541.460538557,31884653.83794541,25365.58536585366
9439934.032267986,31886114.84742641,24877.804878048784,2.3347833894626056,9439639.295244351,31885687.491628177,24390.024390243903,9439982.949620884,31886631.674267795,24390.024390243903,9440228.76929162,31886542.20322465,25365.58536585366,9439885.114915088,31885598.02058503,25365.58536585366
9440277.686644519,31887059.030066032,24877.804878048784,2.2571561326935954,9439982.949620884,31886631.674267795,24390.024390243903,9440326.603997415,31887575.856907416,24390.024390243903,9440572.423668154,31887486.385864273,25365.58536585366,9440228.76929162,31886542.20322465,25365.58536585366
9440621.341021052,31888003.212705653,24877.804878048784,2.4461212615165793,9440326.603997415,31887575.856907416,24390.024390243903,9440670.258373948,31888520.039547037,24390.024390243903,9440916.078044686,31888430.568503894,25365.58536585366,9440572.423668154,31887486.385864273,25365.58536585366
9440964.995397583,31888947.395345274,24877.804878048784,2.33690491483607,9440670.258373948,31888520.039547037,24390.024390243903,9441013.91275048,31889464.222186655,24390.024390243903,9441259.73242122,31889374.75114351,25365.58536585366,9440916.078044686,31888430.568503894,25365.58536585366
9441308.649774117,31889891.577984896,24877.804878048784,1.8516369556924395,9441013.91275048,31889464.222186655,24390.024390243903,9441357.567127014,31890408.404826276,24390.024390243903,9441603.386797752,31890318.933783133,25365.58536585366,9441259.73242122,31889374.75114351,25365.58536585366
9441652.304150648,31890835.760624517,24877.804878048784,1.862856713790812,9441357.567127014,31890408.404826276,24390.024390243903,9441701.221503546,31891352.587465897,24390.024390243903,9441947.041174283,31891263.116422754,25365.58536585366,9441603.386797752,31890318.933783133,25365.58536585366
9441995.958527183,31891779.943264134,24877.804878048784,1.890828474970218,9441701.221503546,31891352.587465897,24390.024390243903,9442044.87588008,31892296.77010552,24390.024390243903,9442290.695550816,31892207.29906237,25365.58536585366,9441947.041174283,31891263.116422754,25365.58536585366
9442339.612903714,31892724.125903755,24877.804878048784,2.182552499308747,9442044.87588008,31892296.77010552,24390.024390243903,9442388.530256612,31893240.95274514,24390.024390243903,9442634.349927349,31893151.481701992,25365.58536585366,9442290.695550816,31892207.29906237,25365.58536585366
9442683.267280249,31893668.308543377,24877.804878048784,2.5167302784333545,9442388.530256612,31893240.95274514,24390.024390243903,9442732.184633145,31894185.13538476,24390.024390243903,9442978.004303882,31894095.66434161,25365.58536585366,9442634.349927349,31893151.481701992,25365.58536585366
9443026.92165678,31894612.491182998,24877.804878048784,2.8274664330282913,9442732.184633145,31894185.13538476,24390.024390243903,9443075.839009676,31895129.31802438,24390.024390243903,9443321.658680415,31895039.84698123,25365.58536585366,9442978.004303882,31894095.66434161,25365.58536585366
9443370.576033311,31895556.673822615,24877.804878048784,3.133735526292521,9443075.839009676,31895129.31802438,24390.024390243903,9443419.493386209,31896073.500664,24390.024390243903,9443665.313056948,31895984.029620852,25365.58536585366,9443321.658680415,31895039.84698123,25365.58536585366
9443714.230409846,31896500.856462233,24877.804878048784,2.789116832216057,9443419.493386209,31896073.500664,24390.024390243903,9443763.147762742,31897017.683303617,24390.024390243903,9444008.96743348,31896928.21226047,25365.58536585366,9443665.313056948,31895984.029620852,25365.58536585366
9444057.884786379,31897445.039101854,24877.804878048784,2.79203484469417,9443763.147762742,31897017.683303617,24390.024390243903,9444106.802139275,31897961.86594324,24390.024390243903,9444352.621810013,31897872.39490009,25365.58536585366,9444008.96743348,31896928.21226047,25365.58536585366
9444401.539162911,31898389.221741475,24877.804878048784,2.79339922499447,9444106.802139275,31897961.86594324,24390.024390243903,9444450.456515808,31898906.04858286,24390.024390243903,9444696.276186544,31898816.577539712,25365.58536585366,9444352.621810013,31897872.39490009,25365.58536585366
9444745.193539442,31899333.404381093,24877.804878048784,3.0557630289979176,9444450.456515808,31898906.04858286,24390.024390243903,9444794.11089234,31899850.231222477,24390.024390243903,9445039.930563077,31899760.760179333,25365.58536585366,9444696.276186544,31898816.577539712,25365.58536585366
9445088.847915977,31900277.587020714,24877.804878048784,3.604727223985032,9444794.11089234,31899850.231222477,24390.024390243903,9445137.765268873,31900794.413862098,24390.024390243903,9445383.58493961,31900704.942818955,25365.58536585366,9445039.930563077,31899760.760179333,25365.58536585366
9445432.502292508,31901221.769660335,24877.804878048784,3.1858326060749054,9445137.765268873,31900794.413862098,24390.024390243903,9445481.419645406,31901738.59650172,24390.024390243903,9445727.239316143,31901649.125458576,25365.58536585366,9445383.58493961,31900704.942818955,25365.58536585366
9419904.243723301,31830318.600645684,25853.36585365854,13.887201574136618,9419609.506699666,31829891.244847447,25365.58536585366,9419953.1610762,31830835.427487068,25365.58536585366,9420198.98074694,31830745.95644392,26341.146341463416,9419855.326370407,31829801.773804303,26341.146341463416
9420247.898099834,31831262.783285305,25853.36585365854,13.957189439065038,9419953.1610762,31830835.427487068,25365.58536585366,9420296.81545273,31831779.610126685,25365.58536585366,9420542.635123473,31831690.139083542,26341.146341463416,9420198.98074694,31830745.95644392,26341.146341463416
9420591.552476367,31832206.965924926,25853.36585365854,11.645995796560246,9420296.81545273,31831779.610126685,25365.58536585366,9420640.469829263,31832723.792766307,25365.58536585366,9420886.289500006,31832634.32172316,26341.146341463416,9420542.635123473,31831690.139083542,26341.146341463416
9420935.2068529,31833151.148564547,25853.36585365854,9.251555922544132,9420640.469829263,31832723.792766307,25365.58536585366,9420984.124205796,31833667.97540593,25365.58536585366,9421229.943876538,31833578.50436278,26341.146341463416,9420886.289500006,31832634.32172316,26341.146341463416
9421278.861229433,31834095.33120417,25853.36585365854,9.764205571480177,9420984.124205796,31833667.97540593,25365.58536585366,9421327.778582329,31834612.15804555,25365.58536585366,9421573.59825307,31834522.6870024,26341.146341463416,9421229.943876538,31833578.50436278,26341.146341463416
9421622.515605964,31835039.513843782,25853.36585365854,8.908523137682216,9421327.778582329,31834612.15804555,25365.58536585366,9421671.432958862,31835556.34068517,25365.58536585366,9421917.252629602,31835466.86964202,26341.146341463416,9421573.59825307,31834522.6870024,26341.146341463416
9421966.169982499,31835983.696483403,25853.36585365854,7.872445591122219,9421671.432958862,31835556.34068517,25365.58536585366,9422015.087335395,31836500.523324788,25365.58536585366,9422260.907006135,31836411.05228164,26341.146341463416,9421917.252629602,31835466.86964202,26341.146341463416
9422309.82435903,31836927.879123025,25853.36585365854,8.874216778893112,9422015.087335395,31836500.523324788,25365.58536585366,9422358.741711928,31837444.70596441,25365.58536585366,9422604.561382668,31837355.23492126,26341.146341463416,9422260.907006135,31836411.05228164,26341.146341463416
9422653.478735562,31837872.061762642,25853.36585365854,8.716463592755746,9422358.741711928,31837444.70596441,25365.58536585366,9422702.39608846,31838388.88860403,25365.58536585366,9422948.215759201,31838299.41756088,26341.146341463416,9422604.561382668,31837355.23492126,26341.146341463416
9422997.133112095,31838816.244402263,25853.36585365854,6.620374086056658,9422702.39608846,31838388.88860403,25365.58536585366,9423046.050464991,31839333.071243647,25365.58536585366,9423291.870135734,31839243.6002005,26341.146341463416,9422948.215759201,31838299.41756088,26341.146341463416
9423340.787488628,31839760.427041885,25853.36585365854,5.8909528717593895,9423046.050464991,31839333.071243647,25365.58536585366,9423389.704841524,31840277.25388327,25365.58536585366,9423635.524512267,31840187.78284012,26341.146341463416,9423291.870135734,31839243.6002005,26341.146341463416
9423684.441865161,31840704.609681506,25853.36585365854,5.872563683354237,9423389.704841524,31840277.25388327,25365.58536585366,9423733.359218057,31841221.436522886,25365.58536585366,9423979.178888798,31841131.96547974,26341.146341463416,9423635.524512267,31840187.78284012,26341.146341463416
9424028.096241692,31841648.792321123,25853.36585365854,5.825591041870647,9423733.359218057,31841221.436522886,25365.58536585366,9424077.01359459,31842165.619162507,25365.58536585366,9424322.83326533,31842076.14811936,26341.146341463416,9423979.178888798,31841131.96547974,26341.146341463416
9424371.750618227,31842592.974960744,25853.36585365854,5.598651853229436,9424077.01359459,31842165.619162507,25365.58536585366,9424420.667971123,31843109.80180213,25365.58536585366,9424666.487641864,31843020.33075898,26341.146341463416,9424322.83326533,31842076.14811936,26341.146341463416
9424715.404994758,31843537.157600366,25853.36585365854,5.083347187586796,9424420.667971123,31843109.80180213,25365.58536585366,9424764.322347654,31844053.984441746,25365.58536585366,9425010.142018396,31843964.513398603,26341.146341463416,9424666.487641864,31843020.33075898,26341.146341463416
9425059.05937129,31844481.340239983,25853.36585365854,4.778487466748866,9424764.322347654,31844053.984441746,25365.58536585366,9425107.976724187,31844998.167081367,25365.58536585366,9425353.79639493,31844908.69603822,26341.146341463416,9425010.142018396,31843964.513398603,26341.146341463416
9425402.713747824,31845425.522879604,25853.36585365854,4.261085932364022,9425107.976724187,31844998.167081367,25365.58536585366,9425451.63110072,31845942.349720985,25365.58536585366,9425697.450771462,31845852.87867784,26341.146341463416,9425353.79639493,31844908.69603822,26341.146341463416
9425746.368124356,31846369.705519225,25853.36585365854,3.667917864727014,9425451.63110072,31845942.349720985,25365.58536585366,9425795.285477253,31846886.53236061,25365.58536585366,9426041.105147995,31846797.061317462,26341.146341463416,9425697.450771462,31845852.87867784,26341.146341463416
9426090.02250089,31847313.888158847,25853.36585365854,3.936740717074428,9425795.285477253,31846886.53236061,25365.58536585366,9426138.939853786,31847830.71500023,25365.58536585366,9426384.759524526,31847741.24395708,26341.146341463416,9426041.105147995,31846797.061317462,26341.146341463416
9426433.67687742,31848258.070798464,25853.36585365854,3.7127020273357783,9426138.939853786,31847830.71500023,25365.58536585366,9426482.594230318,31848774.89763985,25365.58536585366,9426728.413901059,31848685.4265967,26341.146341463416,9426384.759524526,31847741.24395708,26341.146341463416
9426777.331253955,31849202.253438085,25853.36585365854,2.8940581894374104,9426482.594230318,31848774.89763985,25365.58536585366,9426826.248606851,31849719.08027947,25365.58536585366,9427072.068277592,31849629.609236322,26341.146341463416,9426728.413901059,31848685.4265967,26341.146341463416
9427120.985630486,31850146.436077707,25853.36585365854,2.466682581642753,9426826.248606851,31849719.08027947,25365.58536585366,9427169.902983384,31850663.26291909,25365.58536585366,9427415.722654125,31850573.79187594,26341.146341463416,9427072.068277592,31849629.609236322,26341.146341463416
9427464.640007019,31851090.618717324,25853.36585365854,2.554429030761997,9427169.902983384,31850663.26291909,25365.58536585366,9427513.557359915,31851607.44555871,25365.58536585366,9427759.377030658,31851517.97451556,26341.146341463416,9427415.722654125,31850573.79187594,26341.146341463416
9427808.294383552,31852034.801356945,25853.36585365854,2.355577859931714,9427513.557359915,31851607.44555871,25365.58536585366,9427857.211736448,31852551.62819833,25365.58536585366,9428103.03140719,31852462.157155182,26341.146341463416,9427759.377030658,31851517.97451556,26341.146341463416
9428151.948760085,31852978.983996566,25853.36585365854,2.511611320034723,9427857.211736448,31852551.62819833,25365.58536585366,9428200.866112981,31853495.81083795,25365.58536585366,9428446.685783723,31853406.3397948,26341.146341463416,9428103.03140719,31852462.157155182,26341.146341463416
9428495.603136618,31853923.166636188,25853.36585365854,2.6211852515867466,9428200.866112981,31853495.81083795,25365.58536585366,9428544.520489514,31854439.993477568,25365.58536585366,9428790.340160256,31854350.52243442,26341.146341463416,9428446.685783723,31853406.3397948,26341.146341463416
9428839.25751315,31854867.349275805,25853.36585365854,2.861374946711423,9428544.520489514,31854439.993477568,25365.58536585366,9428888.174866047,31855384.17611719,25365.58536585366,9429133.994536787,31855294.705074046,26341.146341463416,9428790.340160256,31854350.52243442,26341.146341463416
9429182.911889683,31855811.531915423,25853.36585365854,2.894883397570022,9428888.174866047,31855384.17611719,25365.58536585366,9429231.82924258,31856328.35875681,25365.58536585366,9429477.64891332,31856238.887713663,26341.146341463416,9429133.994536787,31855294.705074046,26341.146341463416
9429526.566266214,31856755.714555044,25853.36585365854,2.5348929016651076,9429231.82924258,31856328.35875681,25365.58536585366,9429575.483619113,31857272.541396428,25365.58536585366,9429821.303289853,31857183.070353284,26341.146341463416,9429477.64891332,31856238.887713663,26341.146341463416
9429870.220642747,31857699.897194665,25853.36585365854,2.3648685369666347,9429575.483619113,31857272.541396428,25365.58536585366,9429919.137995645,31858216.72403605,25365.58536585366,9430164.957666386,31858127.252992902,26341.146341463416,9429821.303289853,31857183.070353284,26341.146341463416
9430213.87501928,31858644.079834286,25853.36585365854,2.613707561561208,9429919.137995645,31858216.72403605,25365.58536585366,9430262.792372176,31859160.906675667,25365.58536585366,9430508.612042919,31859071.435632523,26341.146341463416,9430164.957666386,31858127.252992902,26341.146341463416
9430557.529395813,31859588.262473907,25853.36585365854,2.5559275498453,9430262.792372176,31859160.906675667,25365.58536585366,9430606.44674871,31860105.08931529,25365.58536585366,9430852.266419452,31860015.618272144,26341.146341463416,9430508.612042919,31859071.435632523,26341.146341463416
9430901.183772346,31860532.44511353,25853.36585365854,2.4179496845753503,9430606.44674871,31860105.08931529,25365.58536585366,9430950.101125242,31861049.271954913,25365.58536585366,9431195.920795985,31860959.80091176,26341.146341463416,9430852.266419452,31860015.618272144,26341.146341463416
9431244.838148879,31861476.627753146,25853.36585365854,2.1364144687787676,9430950.101125242,31861049.271954913,25365.58536585366,9431293.755501775,31861993.45459453,25365.58536585366,9431539.575172517,31861903.983551383,26341.146341463416,9431195.920795985,31860959.80091176,26341.146341463416
9431588.492525412,31862420.810392767,25853.36585365854,2.1419875919136064,9431293.755501775,31861993.45459453,25365.58536585366,9431637.409878308,31862937.63723415,25365.58536585366,9431883.229549048,31862848.166191004,26341.146341463416,9431539.575172517,31861903.983551383,26341.146341463416
9431932.146901943,31863364.99303239,25853.36585365854,2.246827945645599,9431637.409878308,31862937.63723415,25365.58536585366,9431981.064254839,31863881.81987377,25365.58536585366,9432226.883925581,31863792.34883062,26341.146341463416,9431883.229549048,31862848.166191004,26341.146341463416
9432275.801278476,31864309.175672002,25853.36585365854,1.995379250647909,9431981.064254839,31863881.81987377,25365.58536585366,9432324.718631372,31864826.00251339,25365.58536585366,9432570.538302114,31864736.53147024,26341.146341463416,9432226.883925581,31863792.34883062,26341.146341463416
9432619.455655009,31865253.358311623,25853.36585365854,2.0132174073738383,9432324.718631372,31864826.00251339,25365.58536585366,9432668.373007905,31865770.18515301,25365.58536585366,9432914.192678647,31865680.71410986,26341.146341463416,9432570.538302114,31864736.53147024,26341.146341463416
9432963.110031541,31866197.540951245,25853.36585365854,2.181708383317855,9432668.373007905,31865770.18515301,25365.58536585366,9433012.027384438,31866714.36779263,25365.58536585366,9433257.84705518,31866624.89674948,26341.146341463416,9432914.192678647,31865680.71410986,26341.146341463416
9433306.764408074,31867141.723590866,25853.36585365854,2.5844048478701853,9433012.027384438,31866714.36779263,25365.58536585366,9433355.68176097,31867658.55043225,25365.58536585366,9433601.501431711,31867569.0793891,26341.146341463416,9433257.84705518,31866624.89674948,26341.146341463416
9433650.418784605,31868085.906230483,25853.36585365854,2.5664897554433974,9433355.68176097,31867658.55043225,25365.58536585366,9433699.336137503,31868602.733071867,25365.58536585366,9433945.155808244,31868513.262028724,26341.146341463416,9433601.501431711,31867569.0793891,26341.146341463416
9433994.07316114,31869030.088870104,25853.36585365854,3.005862564731234,9433699.336137503,31868602.733071867,25365.58536585366,9434042.990514036,31869546.91571149,25365.58536585366,9434288.810184777,31869457.444668345,26341.146341463416,9433945.155808244,31868513.262028724,26341.146341463416
9434337.727537671,31869974.271509726,25853.36585365854,3.213990950720812,9434042.990514036,31869546.91571149,25365.58536585366,9434386.64489057,31870491.09835111,25365.58536585366,9434632.46456131,31870401.627307963,26341.146341463416,9434288.810184777,31869457.444668345,26341.146341463416
9434681.381914204,31870918.454149347,25853.36585365854,3.042340208026322,9434386.64489057,31870491.09835111,25365.58536585366,9434730.2992671,31871435.280990727,25365.58536585366,9434976.118937843,31871345.809947584,26341.146341463416,9434632.46456131,31870401.627307963,26341.146341463416
9435025.036290737,31871862.636788968,25853.36585365854,2.9669901997510566,9434730.2992671,31871435.280990727,25365.58536585366,9435073.953643633,31872379.46363035,25365.58536585366,9435319.773314375,31872289.992587205,26341.146341463416,9434976.118937843,31871345.809947584,26341.146341463416
9435368.69066727,31872806.81942859,25853.36585365854,2.744879022300923,9435073.953643633,31872379.46363035,25365.58536585366,9435417.608020166,31873323.64626997,25365.58536585366,9435663.427690908,31873234.175226822,26341.146341463416,9435319.773314375,31872289.992587205,26341.146341463416
9435712.345043803,31873751.00206821,25853.36585365854,2.5182731722932066,9435417.608020166,31873323.64626997,25365.58536585366,9435761.262396699,31874267.82890959,25365.58536585366,9436007.082067441,31874178.357866444,26341.146341463416,9435663.427690908,31873234.175226822,26341.146341463416
9436055.999420336,31874695.184707828,25853.36585365854,2.420067946767229,9435761.262396699,31874267.82890959,25365.58536585366,9436104.916773232,31875212.011549212,25365.58536585366,9436350.736443972,31875122.540506065,26341.146341463416,9436007.082067441,31874178.357866444,26341.146341463416
9436399.653796868,31875639.367347445,25853.36585365854,2.429417706390806,9436104.916773232,31875212.011549212,25365.58536585366,9436448.571149765,31876156.194188833,25365.58536585366,9436694.390820505,31876066.723145682,26341.146341463416,9436350.736443972,31875122.540506065,26341.146341463416
9436743.3081734,31876583.549987067,25853.36585365854,2.3317288476305373,9436448.571149765,31876156.194188833,25365.58536585366,9436792.225526296,31877100.37682845,25365.58536585366,9437038.045197038,31877010.905785304,26341.146341463416,9436694.390820505,31876066.723145682,26341.146341463416
9437086.962549932,31877527.732626688,25853.36585365854,2.1222410379811154,9436792.225526296,31877100.37682845,25365.58536585366,9437135.879902828,31878044.559468072,25365.58536585366,9437381.69957357,31877955.088424925,26341.146341463416,9437038.045197038,31877010.905785304,26341.146341463416
9437430.616926465,31878471.915266305,25853.36585365854,2.0446678491321286,9437135.879902828,31878044.559468072,25365.58536585366,9437479.534279361,31878988.742107693,25365.58536585366,9437725.353950104,31878899.271064542,26341.146341463416,9437381.69957357,31877955.088424925,26341.146341463416
9437774.271302998,31879416.097905926,25853.36585365854,1.9606091831114902,9437479.534279361,31878988.742107693,25365.58536585366,9437823.188655894,31879932.92474731,25365.58536585366,9438069.008326637,31879843.453704163,26341.146341463416,9437725.353950104,31878899.271064542,26341.146341463416
9438117.925679531,31880360.280545548,25853.36585365854,1.847609445438316,9437823.188655894,31879932.92474731,25365.58536585366,9438166.843032425,31880877.10738693,25365.58536585366,9438412.66270317,31880787.63634378,26341.146341463416,9438069.008326637,31879843.453704163,26341.146341463416
9438461.580056064,31881304.463185165,25853.36585365854,1.936319951775978,9438166.843032425,31880877.10738693,25365.58536585366,9438510.497408958,31881821.290026553,25365.58536585366,9438756.317079702,31881731.818983406,26341.146341463416,9438412.66270317,31880787.63634378,26341.146341463416
9438805.234432597,31882248.645824786,25853.36585365854,1.8674523385956576,9438510.497408958,31881821.290026553,25365.58536585366,9438854.151785491,31882765.47266617,25365.58536585366,9439099.971456233,31882676.001623027,26341.146341463416,9438756.317079702,31881731.818983406,26341.146341463416
9439148.888809128,31883192.828464407,25853.36585365854,1.7708049644936446,9438854.151785491,31882765.47266617,25365.58536585366,9439197.806162024,31883709.65530579,25365.58536585366,9439443.625832766,31883620.184262644,26341.146341463416,9439099.971456233,31882676.001623027,26341.146341463416
9439492.54318566,31884137.011104032,25853.36585365854,1.6798511044353088,9439197.806162024,31883709.65530579,25365.58536585366,9439541.460538557,31884653.83794541,25365.58536585366,9439787.2802093,31884564.366902266,26341.146341463416,9439443.625832766,31883620.184262644,26341.146341463416
9439836.197562193,31885081.193743646,25853.36585365854,1.8535003506508974,9439541.460538557,31884653.83794541,25365.58536585366,9439885.114915088,31885598.02058503,25365.58536585366,9440130.934585832,31885508.549541883,26341.146341463416,9439787.2802093,31884564.366902266,26341.146341463416
9440179.851938726,31886025.376383267,25853.36585365854,1.939333185022405,9439885.114915088,31885598.02058503,25365.58536585366,9440228.76929162,31886542.20322465,25365.58536585366,9440474.588962365,31886452.732181504,26341.146341463416,9440130.934585832,31885508.549541883,26341.146341463416
9440523.50631526,31886969.55902289,25853.36585365854,1.8899225287897023,9440228.76929162,31886542.20322465,25365.58536585366,9440572.423668154,31887486.385864273,25365.58536585366,9440818.243338896,31887396.914821126,26341.146341463416,9440474.588962365,31886452.732181504,26341.146341463416
9440867.16069179,31887913.74166251,25853.36585365854,1.8225193872925296,9440572.423668154,31887486.385864273,25365.58536585366,9440916.078044686,31888430.568503894,25365.58536585366,9441161.897715429,31888341.097460743,26341.146341463416,9440818.243338896,31887396.914821126,26341.146341463416
9441210.815068325,31888857.924302127,25853.36585365854,1.4319192622777017,9440916.078044686,31888430.568503894,25365.58536585366,9441259.73242122,31889374.75114351,25365.58536585366,9441505.552091962,31889285.280100364,26341.146341463416,9441161.897715429,31888341.097460743,26341.146341463416
9441554.469444856,31889802.10694175,25853.36585365854,1.3700877429876688,9441259.73242122,31889374.75114351,25365.58536585366,9441603.386797752,31890318.933783133,25365.58536585366,9441849.206468495,31890229.46273998,26341.146341463416,9441505.552091962,31889285.280100364,26341.146341463416
9441898.123821389,31890746.289581366,25853.36585365854,1.6028964401858512,9441603.386797752,31890318.933783133,25365.58536585366,9441947.041174283,31891263.116422754,25365.58536585366,9442192.860845027,31891173.645379603,26341.146341463416,9441849.206468495,31890229.46273998,26341.146341463416
9442241.778197922,31891690.472220987,25853.36585365854,1.5912436660123994,9441947.041174283,31891263.116422754,25365.58536585366,9442290.695550816,31892207.29906237,25365.58536585366,9442536.51522156,31892117.828019224,26341.146341463416,9442192.860845027,31891173.645379603,26341.146341463416
9442585.432574455,31892634.65486061,25853.36585365854,1.6062753758150528,9442290.695550816,31892207.29906237,25365.58536585366,9442634.349927349,31893151.481701992,25365.58536585366,9442880.169598093,31893062.01065884,26341.146341463416,9442536.51522156,31892117.828019224,26341.146341463416
9442929.086950988,31893578.83750023,25853.36585365854,1.6932616493440718,9442634.349927349,31893151.481701992,25365.58536585366,9442978.004303882,31894095.66434161,25365.58536585366,9443223.823974626,31894006.193298463,26341.146341463416,9442880.169598093,31893062.01065884,26341.146341463416
9443272.74132752,31894523.020139847,25853.36585365854,1.841375152256087,9442978.004303882,31894095.66434161,25365.58536585366,9443321.658680415,31895039.84698123,25365.58536585366,9443567.478351157,31894950.375938088,26341.146341463416,9443223.823974626,31894006.193298463,26341.146341463416
9443616.395704053,31895467.202779464,25853.36585365854,1.865705678383185,9443321.658680415,31895039.84698123,25365.58536585366,9443665.313056948,31895984.029620852,25365.58536585366,9443911.13272769,31895894.558577705,26341.146341463416,9443567.478351157,31894950.375938088,26341.146341463416
9443960.050080584,31896411.385419086,25853.36585365854,1.9611931983356166,9443665.313056948,31895984.029620852,25365.58536585366,9444008.96743348,31896928.21226047,25365.58536585366,9444254.787104223,31896838.741217326,26341.146341463416,9443911.13272769,31895894.558577705,26341.146341463416
9444303.704457117,31897355.56805871,25853.36585365854,1.95389086915645,9444008.96743348,31896928.21226047,25365.58536585366,9444352.621810013,31897872.39490009,25365.58536585366,9444598.441480756,31897782.923856948,26341.146341463416,9444254.787104223,31896838.741217326,26341.146341463416
9444647.35883365,31898299.750698328,25853.36585365854,1.984784927683602,9444352.621810013,31897872.39490009,25365.58536585366,9444696.276186544,31898816.577539712,25365.58536585366,9444942.095857289,31898727.106496565,26341.146341463416,9444598.441480756,31897782.923856948,26341.146341463416
9444991.013210183,31899243.93333795,25853.36585365854,2.229729991374646,9444696.276186544,31898816.577539712,25365.58536585366,9445039.930563077,31899760.760179333,25365.58536585366,9445285.750233822,31899671.289136186,26341.146341463416,9444942.095857289,31898727.106496565,26341.146341463416
9445334.667586716,31900188.11597757,25853.36585365854,2.0015873021297867,9445039.930563077,31899760.760179333,25365.58536585366,9445383.58493961,31900704.942818955,25365.58536585366,9445629.404610354,31900615.471775807,26341.146341463416,9445285.750233822,31899671.289136186,26341.146341463416
9445678.321963249,31901132.29861719,25853.36585365854,2.0037192519697435,9445383.58493961,31900704.942818955,25365.58536585366,9445727.239316143,31901649.125458576,25365.58536585366,9445973.058986887,31901559.654415425,26341.146341463416,9445629.404610354,31900615.471775807,26341.146341463416
9420150.063394044,31830229.129602537,26828.926829268297,12.787449223200023,9419855.326370407,31829801.773804303,26341.146341463416,9420198.98074694,31830745.95644392,26341.146341463416,9420444.800417678,31830656.485400774,27316.707317073175,9420101.146041146,31829712.302761152,27316.707317073175
9420493.717770576,31831173.312242158,26828.926829268297,11.684278712318816,9420198.98074694,31830745.95644392,26341.146341463416,9420542.635123473,31831690.139083542,26341.146341463416,9420788.45479421,31831600.668040395,27316.707317073175,9420444.800417678,31830656.485400774,27316.707317073175
9420837.372147107,31832117.49488178,26828.926829268297,7.6722665582575535,9420542.635123473,31831690.139083542,26341.146341463416,9420886.289500006,31832634.32172316,26341.146341463416,9421132.109170742,31832544.850680012,27316.707317073175,9420788.45479421,31831600.668040395,27316.707317073175
9421181.026523642,31833061.677521396,26828.926829268297,7.001485313405155,9420886.289500006,31832634.32172316,26341.146341463416,9421229.943876538,31833578.50436278,26341.146341463416,9421475.763547275,31833489.033319633,27316.707317073175,9421132.109170742,31832544.850680012,27316.707317073175
9421524.680900173,31834005.860161018,26828.926829268297,7.330267894158216,9421229.943876538,31833578.50436278,26341.146341463416,9421573.59825307,31834522.6870024,26341.146341463416,9421819.417923808,31834433.215959255,27316.707317073175,9421475.763547275,31833489.033319633,27316.707317073175
9421868.335276704,31834950.042800635,26828.926829268297,6.844072410588223,9421573.59825307,31834522.6870024,26341.146341463416,9421917.252629602,31835466.86964202,26341.146341463416,9422163.072300341,31835377.398598872,27316.707317073175,9421819.417923808,31834433.215959255,27316.707317073175
9422211.989653239,31835894.225440256,26828.926829268297,8.312041697805737,9421917.252629602,31835466.86964202,26341.146341463416,9422260.907006135,31836411.05228164,26341.146341463416,9422506.726676874,31836321.581238493,27316.707317073175,9422163.072300341,31835377.398598872,27316.707317073175
9422555.644029772,31836838.408079877,26828.926829268297,9.20949657627603,9422260.907006135,31836411.05228164,26341.146341463416,9422604.561382668,31837355.23492126,26341.146341463416,9422850.381053407,31837265.76387812,27316.707317073175,9422506.726676874,31836321.581238493,27316.707317073175
9422899.298406305,31837782.590719495,26828.926829268297,7.974134406807384,9422604.561382668,31837355.23492126,26341.146341463416,9422948.215759201,31838299.41756088,26341.146341463416,9423194.03542994,31838209.946517736,27316.707317073175,9422850.381053407,31837265.76387812,27316.707317073175
9423242.952782836,31838726.773359116,26828.926829268297,5.667793026959114,9422948.215759201,31838299.41756088,26341.146341463416,9423291.870135734,31839243.6002005,26341.146341463416,9423537.68980647,31839154.129157357,27316.707317073175,9423194.03542994,31838209.946517736,27316.707317073175
9423586.60715937,31839670.95599874,26828.926829268297,5.3966472481606464,9423291.870135734,31839243.6002005,26341.146341463416,9423635.524512267,31840187.78284012,26341.146341463416,9423881.344183004,31840098.311796978,27316.707317073175,9423537.68980647,31839154.129157357,27316.707317073175
9423930.261535902,31840615.138638362,26828.926829268297,6.7471974646176855,9423635.524512267,31840187.78284012,26341.146341463416,9423979.178888798,31841131.96547974,26341.146341463416,9424224.998559536,31841042.494436596,27316.707317073175,9423881.344183004,31840098.311796978,27316.707317073175
9424273.915912433,31841559.32127798,26828.926829268297,4.954161896145186,9423979.178888798,31841131.96547974,26341.146341463416,9424322.83326533,31842076.14811936,26341.146341463416,9424568.65293607,31841986.677076213,27316.707317073175,9424224.998559536,31841042.494436596,27316.707317073175
9424617.570288967,31842503.503917597,26828.926829268297,4.128568615313066,9424322.83326533,31842076.14811936,26341.146341463416,9424666.487641864,31843020.33075898,26341.146341463416,9424912.307312602,31842930.859715834,27316.707317073175,9424568.65293607,31841986.677076213,27316.707317073175
9424961.224665498,31843447.68655722,26828.926829268297,4.204136086266653,9424666.487641864,31843020.33075898,26341.146341463416,9425010.142018396,31843964.513398603,26341.146341463416,9425255.961689133,31843875.042355455,27316.707317073175,9424912.307312602,31842930.859715834,27316.707317073175
9425304.879042033,31844391.869196836,26828.926829268297,3.9614316929039743,9425010.142018396,31843964.513398603,26341.146341463416,9425353.79639493,31844908.69603822,26341.146341463416,9425599.616065666,31844819.224995073,27316.707317073175,9425255.961689133,31843875.042355455,27316.707317073175
9425648.533418564,31845336.051836457,26828.926829268297,3.7205052905157445,9425353.79639493,31844908.69603822,26341.146341463416,9425697.450771462,31845852.87867784,26341.146341463416,9425943.270442199,31845763.407634694,27316.707317073175,9425599.616065666,31844819.224995073,27316.707317073175
9425992.187795099,31846280.23447608,26828.926829268297,3.7036819182230434,9425697.450771462,31845852.87867784,26341.146341463416,9426041.105147995,31846797.061317462,26341.146341463416,9426286.924818732,31846707.590274315,27316.707317073175,9425943.270442199,31845763.407634694,27316.707317073175
9426335.84217163,31847224.417115696,26828.926829268297,3.7488881913415892,9426041.105147995,31846797.061317462,26341.146341463416,9426384.759524526,31847741.24395708,26341.146341463416,9426630.579195265,31847651.772913933,27316.707317073175,9426286.924818732,31846707.590274315,27316.707317073175
9426679.49654816,31848168.599755317,26828.926829268297,3.632630383729504,9426384.759524526,31847741.24395708,26341.146341463416,9426728.413901059,31848685.4265967,26341.146341463416,9426974.233571798,31848595.955553554,27316.707317073175,9426630.579195265,31847651.772913933,27316.707317073175
9427023.150924696,31849112.78239494,26828.926829268297,3.267877065344947,9426728.413901059,31848685.4265967,26341.146341463416,9427072.068277592,31849629.609236322,26341.146341463416,9427317.88794833,31849540.138193175,27316.707317073175,9426974.233571798,31848595.955553554,27316.707317073175
9427366.805301229,31850056.965034556,26828.926829268297,2.8540120688690185,9427072.068277592,31849629.609236322,26341.146341463416,9427415.722654125,31850573.79187594,26341.146341463416,9427661.542324863,31850484.320832796,27316.707317073175,9427317.88794833,31849540.138193175,27316.707317073175
9427710.459677761,31851001.147674177,26828.926829268297,3.0285180945349177,9427415.722654125,31850573.79187594,26341.146341463416,9427759.377030658,31851517.97451556,26341.146341463416,9428005.196701394,31851428.503472418,27316.707317073175,9427661.542324863,31850484.320832796,27316.707317073175
9428054.114054292,31851945.330313798,26828.926829268297,3.468452743307947,9427759.377030658,31851517.97451556,26341.146341463416,9428103.03140719,31852462.157155182,26341.146341463416,9428348.851077927,31852372.68611204,27316.707317073175,9428005.196701394,31851428.503472418,27316.707317073175
9428397.768430827,31852889.512953423,26828.926829268297,3.0880538009276823,9428103.03140719,31852462.157155182,26341.146341463416,9428446.685783723,31853406.3397948,26341.146341463416,9428692.50545446,31853316.868751656,27316.707317073175,9428348.851077927,31852372.68611204,27316.707317073175
9428741.422807358,31853833.69559304,26828.926829268297,2.5292470174181365,9428446.685783723,31853406.3397948,26341.146341463416,9428790.340160256,31854350.52243442,26341.146341463416,9429036.159830993,31854261.051391277,27316.707317073175,9428692.50545446,31853316.868751656,27316.707317073175
9429085.077183893,31854777.878232658,26828.926829268297,2.954827139716056,9428790.340160256,31854350.52243442,26341.146341463416,9429133.994536787,31855294.705074046,26341.146341463416,9429379.814207526,31855205.234030895,27316.707317073175,9429036.159830993,31854261.051391277,27316.707317073175
9429428.731560424,31855722.06087228,26828.926829268297,3.039821806027522,9429133.994536787,31855294.705074046,26341.146341463416,9429477.64891332,31856238.887713663,26341.146341463416,9429723.468584059,31856149.416670516,27316.707317073175,9429379.814207526,31855205.234030895,27316.707317073175
9429772.385936957,31856666.2435119,26828.926829268297,3.0962967187620882,9429477.64891332,31856238.887713663,26341.146341463416,9429821.303289853,31857183.070353284,26341.146341463416,9430067.122960592,31857093.599310137,27316.707317073175,9429723.468584059,31856149.416670516,27316.707317073175
9430116.04031349,31857610.426151518,26828.926829268297,2.8208220536825492,9429821.303289853,31857183.070353284,26341.146341463416,9430164.957666386,31858127.252992902,26341.146341463416,9430410.777337125,31858037.781949755,27316.707317073175,9430067.122960592,31857093.599310137,27316.707317073175
9430459.69469002,31858554.60879114,26828.926829268297,3.12973523004076,9430164.957666386,31858127.252992902,26341.146341463416,9430508.612042919,31859071.435632523,26341.146341463416,9430754.431713656,31858981.964589376,27316.707317073175,9430410.777337125,31858037.781949755,27316.707317073175
9430803.349066556,31859498.79143076,26828.926829268297,2.7300657452572743,9430508.612042919,31859071.435632523,26341.146341463416,9430852.266419452,31860015.618272144,26341.146341463416,9431098.086090188,31859926.147228997,27316.707317073175,9430754.431713656,31858981.964589376,27316.707317073175
9431147.003443087,31860442.97407038,26828.926829268297,2.4537028919360537,9430852.266419452,31860015.618272144,26341.146341463416,9431195.920795985,31860959.80091176,26341.146341463416,9431441.740466721,31860870.329868615,27316.707317073175,9431098.086090188,31859926.147228997,27316.707317073175
9431490.657819621,31861387.15671,26828.926829268297,1.9902610059809893,9431195.920795985,31860959.80091176,26341.146341463416,9431539.575172517,31861903.983551383,26341.146341463416,9431785.394843254,31861814.512508236,27316.707317073175,9431441.740466721,31860870.329868615,27316.707317073175
9431834.312196152,31862331.33934962,26828.926829268297,1.7811131118699497,9431539.575172517,31861903.983551383,26341.146341463416,9431883.229549048,31862848.166191004,26341.146341463416,9432129.049219787,31862758.695147857,27316.707317073175,9431785.394843254,31861814.512508236,27316.707317073175
9432177.966572683,31863275.52198924,26828.926829268297,1.918268307805913,9431883.229549048,31862848.166191004,26341.146341463416,9432226.883925581,31863792.34883062,26341.146341463416,9432472.703596318,31863702.87778748,27316.707317073175,9432129.049219787,31862758.695147857,27316.707317073175
9432521.620949218,31864219.704628855,26828.926829268297,1.7723465212039826,9432226.883925581,31863792.34883062,26341.146341463416,9432570.538302114,31864736.53147024,26341.146341463416,9432816.357972851,31864647.060427096,27316.707317073175,9432472.703596318,31863702.87778748,27316.707317073175
9432865.27532575,31865163.887268476,26828.926829268297,1.781931970567294,9432570.538302114,31864736.53147024,26341.146341463416,9432914.192678647,31865680.71410986,26341.146341463416,9433160.012349384,31865591.243066717,27316.707317073175,9432816.357972851,31864647.060427096,27316.707317073175
9433208.929702284,31866108.0699081,26828.926829268297,1.8657343106025517,9432914.192678647,31865680.71410986,26341.146341463416,9433257.84705518,31866624.89674948,26341.146341463416,9433503.666725917,31866535.42570634,27316.707317073175,9433160.012349384,31865591.243066717,27316.707317073175
9433552.584078815,31867052.25254772,26828.926829268297,2.4664920686340612,9433257.84705518,31866624.89674948,26341.146341463416,9433601.501431711,31867569.0793891,26341.146341463416,9433847.32110245,31867479.608345956,27316.707317073175,9433503.666725917,31866535.42570634,27316.707317073175
9433896.238455346,31867996.43518734,26828.926829268297,2.7004424962658784,9433601.501431711,31867569.0793891,26341.146341463416,9433945.155808244,31868513.262028724,26341.146341463416,9434190.975478983,31868423.790985577,27316.707317073175,9433847.32110245,31867479.608345956,27316.707317073175
9434239.89283188,31868940.61782696,26828.926829268297,2.8208866702131745,9433945.155808244,31868513.262028724,26341.146341463416,9434288.810184777,31869457.444668345,26341.146341463416,9434534.629855515,31869367.973625198,27316.707317073175,9434190.975478983,31868423.790985577,27316.707317073175
9434583.547208413,31869884.80046658,26828.926829268297,2.7349300903310163,9434288.810184777,31869457.444668345,26341.146341463416,9434632.46456131,31870401.627307963,26341.146341463416,9434878.284232048,31870312.156264815,27316.707317073175,9434534.629855515,31869367.973625198,27316.707317073175
9434927.201584946,31870828.9831062,26828.926829268297,2.8675791327874913,9434632.46456131,31870401.627307963,26341.146341463416,9434976.118937843,31871345.809947584,26341.146341463416,9435221.93860858,31871256.338904437,27316.707317073175,9434878.284232048,31870312.156264815,27316.707317073175
9435270.855961477,31871773.16574582,26828.926829268297,2.7591293158369954,9434976.118937843,31871345.809947584,26341.146341463416,9435319.773314375,31872289.992587205,26341.146341463416,9435565.592985112,31872200.521544058,27316.707317073175,9435221.93860858,31871256.338904437,27316.707317073175
9435614.510338012,31872717.348385442,26828.926829268297,2.2352400047564536,9435319.773314375,31872289.992587205,26341.146341463416,9435663.427690908,31873234.175226822,26341.146341463416,9435909.247361645,31873144.704183675,27316.707317073175,9435565.592985112,31872200.521544058,27316.707317073175
9435958.164714543,31873661.53102506,26828.926829268297,1.9073268010380933,9435663.427690908,31873234.175226822,26341.146341463416,9436007.082067441,31874178.357866444,26341.146341463416,9436252.901738178,31874088.886823297,27316.707317073175,9435909.247361645,31873144.704183675,27316.707317073175
9436301.819091078,31874605.71366468,26828.926829268297,1.7020604623285032,9436007.082067441,31874178.357866444,26341.146341463416,9436350.736443972,31875122.540506065,26341.146341463416,9436596.55611471,31875033.069462918,27316.707317073175,9436252.901738178,31874088.886823297,27316.707317073175
9436645.473467609,31875549.8963043,26828.926829268297,1.6758361639343098,9436350.736443972,31875122.540506065,26341.146341463416,9436694.390820505,31876066.723145682,26341.146341463416,9436940.210491244,31875977.252102535,27316.707317073175,9436596.55611471,31875033.069462918,27316.707317073175
9436989.127844142,31876494.07894392,26828.926829268297,1.590268865788507,9436694.390820505,31876066.723145682,26341.146341463416,9437038.045197038,31877010.905785304,26341.146341463416,9437283.864867777,31876921.43474216,27316.707317073175,9436940.210491244,31875977.252102535,27316.707317073175
9437332.782220675,31877438.261583537,26828.926829268297,1.579936539331935,9437038.045197038,31877010.905785304,26341.146341463416,9437381.69957357,31877955.088424925,26341.146341463416,9437627.51924431,31877865.617381778,27316.707317073175,9437283.864867777,31876921.43474216,27316.707317073175
9437676.436597206,31878382.444223158,26828.926829268297,1.2721472698764713,9437381.69957357,31877955.088424925,26341.146341463416,9437725.353950104,31878899.271064542,26341.146341463416,9437971.17362084,31878809.8000214,27316.707317073175,9437627.51924431,31877865.617381778,27316.707317073175
9438020.09097374,31879326.626862783,26828.926829268297,1.2836432365983543,9437725.353950104,31878899.271064542,26341.146341463416,9438069.008326637,31879843.453704163,26341.146341463416,9438314.827997373,31879753.98266102,27316.707317073175,9437971.17362084,31878809.8000214,27316.707317073175
9438363.745350271,31880270.809502404,26828.926829268297,1.4063492481046873,9438069.008326637,31879843.453704163,26341.146341463416,9438412.66270317,31880787.63634378,26341.146341463416,9438658.482373906,31880698.165300637,27316.707317073175,9438314.827997373,31879753.98266102,27316.707317073175
9438707.399726806,31881214.99214202,26828.926829268297,1.1870431856151884,9438412.66270317,31880787.63634378,26341.146341463416,9438756.317079702,31881731.818983406,26341.146341463416,9439002.13675044,31881642.34794026,27316.707317073175,9438658.482373906,31880698.165300637,27316.707317073175
9439051.054103337,31882159.174781643,26828.926829268297,1.13289114121636,9438756.317079702,31881731.818983406,26341.146341463416,9439099.971456233,31882676.001623027,26341.146341463416,9439345.791126972,31882586.53057988,27316.707317073175,9439002.13675044,31881642.34794026,27316.707317073175
9439394.70847987,31883103.357421264,26828.926829268297,1.0171810277233697,9439099.971456233,31882676.001623027,26341.146341463416,9439443.625832766,31883620.184262644,26341.146341463416,9439689.445503505,31883530.713219497,27316.707317073175,9439345.791126972,31882586.53057988,27316.707317073175
9439738.362856403,31884047.54006088,26828.926829268297,0.8867646913809617,9439443.625832766,31883620.184262644,26341.146341463416,9439787.2802093,31884564.366902266,26341.146341463416,9440033.099880038,31884474.89585912,27316.707317073175,9439689.445503505,31883530.713219497,27316.707317073175
9440082.017232934,31884991.7227005,26828.926829268297,1.121208179275339,9439787.2802093,31884564.366902266,26341.146341463416,9440130.934585832,31885508.549541883,26341.146341463416,9440376.754256569,31885419.078498736,27316.707317073175,9440033.099880038,31884474.89585912,27316.707317073175
9440425.671609469,31885935.90534012,26828.926829268297,1.0730661096671,9440130.934585832,31885508.549541883,26341.146341463416,9440474.588962365,31886452.732181504,26341.146341463416,9440720.408633102,31886363.261138357,27316.707317073175,9440376.754256569,31885419.078498736,27316.707317073175
9440769.325986,31886880.08797974,26828.926829268297,1.0681649007640057,9440474.588962365,31886452.732181504,26341.146341463416,9440818.243338896,31887396.914821126,26341.146341463416,9441064.063009635,31887307.443777975,27316.707317073175,9440720.408633102,31886363.261138357,27316.707317073175
9441112.98036253,31887824.27061936,26828.926829268297,1.0022969669312927,9440818.243338896,31887396.914821126,26341.146341463416,9441161.897715429,31888341.097460743,26341.146341463416,9441407.717386167,31888251.626417596,27316.707317073175,9441064.063009635,31887307.443777975,27316.707317073175
9441456.634739064,31888768.45325898,26828.926829268297,0.8304463105908673,9441161.897715429,31888341.097460743,26341.146341463416,9441505.552091962,31889285.280100364,26341.146341463416,9441751.3717627,31889195.809057217,27316.707317073175,9441407.717386167,31888251.626417596,27316.707317073175
9441800.289115597,31889712.635898598,26828.926829268297,0.7647023448739866,9441505.552091962,31889285.280100364,26341.146341463416,9441849.206468495,31890229.46273998,26341.146341463416,9442095.026139233,31890139.99169684,27316.707317073175,9441751.3717627,31889195.809057217,27316.707317073175
9442143.94349213,31890656.81853822,26828.926829268297,0.8259121991310904,9441849.206468495,31890229.46273998,26341.146341463416,9442192.860845027,31891173.645379603,26341.146341463416,9442438.680515766,31891084.17433646,27316.707317073175,9442095.026139233,31890139.99169684,27316.707317073175
9442487.597868662,31891601.00117784,26828.926829268297,0.6780594915400379,9442192.860845027,31891173.645379603,26341.146341463416,9442536.51522156,31892117.828019224,26341.146341463416,9442782.334892297,31892028.35697608,27316.707317073175,9442438.680515766,31891084.17433646,27316.707317073175
9442831.252245195,31892545.183817465,26828.926829268297,0.5510596555620946,9442536.51522156,31892117.828019224,26341.146341463416,9442880.169598093,31893062.01065884,26341.146341463416,9443125.98926883,31892972.5396157,27316.707317073175,9442782.334892297,31892028.35697608,27316.707317073175
9443174.906621726,31893489.366457082,26828.926829268297,0.5379375168111876,9442880.169598093,31893062.01065884,26341.146341463416,9443223.823974626,31894006.193298463,26341.146341463416,9443469.643645363,31893916.72225532,27316.707317073175,9443125.98926883,31892972.5396157,27316.707317073175
9443518.560998261,31894433.549096704,26828.926829268297,0.6566570212762044,9443223.823974626,31894006.193298463,26341.146341463416,9443567.478351157,31894950.375938088,26341.146341463416,9443813.298021896,31894860.90489494,27316.707317073175,9443469.643645363,31893916.72225532,27316.707317073175
9443862.215374792,31895377.73173632,26828.926829268297,1.0384597866830385,9443567.478351157,31894950.375938088,26341.146341463416,9443911.13272769,31895894.558577705,26341.146341463416,9444156.952398429,31895805.087534558,27316.707317073175,9443813.298021896,31894860.90489494,27316.707317073175
9444205.869751325,31896321.914375942,26828.926829268297,1.37995823720518,9443911.13272769,31895894.558577705,26341.146341463416,9444254.787104223,31896838.741217326,26341.146341463416,9444500.606774962,31896749.27017418,27316.707317073175,9444156.952398429,31895805.087534558,27316.707317073175
9444549.524127858,31897266.097015563,26828.926829268297,1.6417296974050153,9444254.787104223,31896838.741217326,26341.146341463416,9444598.441480756,31897782.923856948,26341.146341463416,9444844.261151494,31897693.4528138,27316.707317073175,9444500.606774962,31896749.27017418,27316.707317073175
9444893.178504389,31898210.27965518,26828.926829268297,1.687320698194366,9444598.441480756,31897782.923856948,26341.146341463416,9444942.095857289,31898727.106496565,26341.146341463416,9445187.915528027,31898637.635453418,27316.707317073175,9444844.261151494,31897693.4528138,27316.707317073175
9445236.832880924,31899154.462294802,26828.926829268297,1.7090161293994692,9444942.095857289,31898727.106496565,26341.146341463416,9445285.750233822,31899671.289136186,26341.146341463416,9445531.569904558,31899581.81809304,27316.707317073175,9445187.915528027,31898637.635453418,27316.707317073175
9445580.487257455,31900098.644934423,26828.926829268297,1.5696541106679271,9445285.750233822,31899671.289136186,26341.146341463416,9445629.404610354,31900615.471775807,26341.146341463416,9445875.224281091,31900526.000732657,27316.707317073175,9445531.569904558,31899581.81809304,27316.707317073175
9445924.14163399,31901042.82757404,26828.926829268297,1.6633773815654096,9445629.404610354,31900615.471775807,26341.146341463416,9445973.058986887,31901559.654415425,26341.146341463416,9446218.878657624,31901470.183372278,27316.707317073175,9445875.224281091,31900526.000732657,27316.707317073175
9420395.883064782,31830139.65855939,27804.487804878052,9.315392726922132,9420101.146041146,31829712.302761152,27316.707317073175,9420444.800417678,31830656.485400774,27316.707317073175,9420690.620088417,31830567.014357626,28292.26829268293,9420346.965711884,31829622.831718005,28292.26829268293
9420739.537441313,31831083.84119901,27804.487804878052,7.386635948646911,9420444.800417678,31830656.485400774,27316.707317073175,9420788.45479421,31831600.668040395,27316.707317073175,9421034.27446495,31831511.196997248,28292.26829268293,9420690.620088417,31830567.014357626,28292.26829268293
9421083.191817844,31832028.02383863,27804.487804878052,6.930500884983197,9420788.45479421,31831600.668040395,27316.707317073175,9421132.109170742,31832544.850680012,27316.707317073175,9421377.928841483,31832455.37963687,28292.26829268293,9421034.27446495,31831511.196997248,28292.26829268293
9421426.846194379,31832972.20647825,27804.487804878052,7.063748107772149,9421132.109170742,31832544.850680012,27316.707317073175,9421475.763547275,31833489.033319633,27316.707317073175,9421721.583218016,31833399.56227649,28292.26829268293,9421377.928841483,31832455.37963687,28292.26829268293
9421770.500570912,31833916.38911787,27804.487804878052,9.335276450144892,9421475.763547275,31833489.033319633,27316.707317073175,9421819.417923808,31834433.215959255,27316.707317073175,9422065.237594549,31834343.74491611,28292.26829268293,9421721.583218016,31833399.56227649,28292.26829268293
9422114.154947445,31834860.57175749,27804.487804878052,7.862875588827663,9421819.417923808,31834433.215959255,27316.707317073175,9422163.072300341,31835377.398598872,27316.707317073175,9422408.891971081,31835287.92755573,28292.26829268293,9422065.237594549,31834343.74491611,28292.26829268293
9422457.809323976,31835804.754397113,27804.487804878052,8.439884606104656,9422163.072300341,31835377.398598872,27316.707317073175,9422506.726676874,31836321.581238493,27316.707317073175,9422752.546347613,31836232.11019535,28292.26829268293,9422408.891971081,31835287.92755573,28292.26829268293
9422801.46370051,31836748.937036734,27804.487804878052,7.806550476517444,9422506.726676874,31836321.581238493,27316.707317073175,9422850.381053407,31837265.76387812,27316.707317073175,9423096.200724145,31837176.29283497,28292.26829268293,9422752.546347613,31836232.11019535,28292.26829268293
9423145.118077042,31837693.11967635,27804.487804878052,6.995833720751017,9422850.381053407,31837265.76387812,27316.707317073175,9423194.03542994,31838209.946517736,27316.707317073175,9423439.855100678,31838120.47547459,28292.26829268293,9423096.200724145,31837176.29283497,28292.26829268293
9423488.772453576,31838637.302315973,27804.487804878052,5.42507409800322,9423194.03542994,31838209.946517736,27316.707317073175,9423537.68980647,31839154.129157357,27316.707317073175,9423783.509477211,31839064.65811421,28292.26829268293,9423439.855100678,31838120.47547459,28292.26829268293
9423832.426830107,31839581.484955594,27804.487804878052,6.411430822552751,9423537.68980647,31839154.129157357,27316.707317073175,9423881.344183004,31840098.311796978,27316.707317073175,9424127.163853744,31840008.84075383,28292.26829268293,9423783.509477211,31839064.65811421,28292.26829268293
9424176.081206638,31840525.667595215,27804.487804878052,7.209598499964285,9423881.344183004,31840098.311796978,27316.707317073175,9424224.998559536,31841042.494436596,27316.707317073175,9424470.818230275,31840953.02339345,28292.26829268293,9424127.163853744,31840008.84075383,28292.26829268293
9424519.735583173,31841469.850234833,27804.487804878052,6.75705029915354,9424224.998559536,31841042.494436596,27316.707317073175,9424568.65293607,31841986.677076213,27316.707317073175,9424814.472606808,31841897.206033066,28292.26829268293,9424470.818230275,31840953.02339345,28292.26829268293
9424863.389959704,31842414.03287445,27804.487804878052,5.271027827410204,9424568.65293607,31841986.677076213,27316.707317073175,9424912.307312602,31842930.859715834,27316.707317073175,9425158.12698334,31842841.388672687,28292.26829268293,9424814.472606808,31841897.206033066,28292.26829268293
9425207.044336237,31843358.21551407,27804.487804878052,5.68999957696385,9424912.307312602,31842930.859715834,27316.707317073175,9425255.961689133,31843875.042355455,27316.707317073175,9425501.781359874,31843785.57131231,28292.26829268293,9425158.12698334,31842841.388672687,28292.26829268293
9425550.69871277,31844302.39815369,27804.487804878052,7.377740771880639,9425255.961689133,31843875.042355455,27316.707317073175,9425599.616065666,31844819.224995073,27316.707317073175,9425845.435736407,31844729.75395193,28292.26829268293,9425501.781359874,31843785.57131231,28292.26829268293
9425894.3530893,31845246.58079331,27804.487804878052,7.54749808879746,9425599.616065666,31844819.224995073,27316.707317073175,9425943.270442199,31845763.407634694,27316.707317073175,9426189.09011294,31845673.93659155,28292.26829268293,9425845.435736407,31844729.75395193,28292.26829268293
9426238.007465836,31846190.76343293,27804.487804878052,7.270999850788916,9425943.270442199,31845763.407634694,27316.707317073175,9426286.924818732,31846707.590274315,27316.707317073175,9426532.744489472,31846618.119231172,28292.26829268293,9426189.09011294,31845673.93659155,28292.26829268293
9426581.661842369,31847134.946072552,27804.487804878052,8.13437847936008,9426286.924818732,31846707.590274315,27316.707317073175,9426630.579195265,31847651.772913933,27316.707317073175,9426876.398866005,31847562.30187079,28292.26829268293,9426532.744489472,31846618.119231172,28292.26829268293
9426925.316218901,31848079.128712174,27804.487804878052,8.25011334468464,9426630.579195265,31847651.772913933,27316.707317073175,9426974.233571798,31848595.955553554,27316.707317073175,9427220.053242536,31848506.48451041,28292.26829268293,9426876.398866005,31847562.30187079,28292.26829268293
9427268.970595432,31849023.311351795,27804.487804878052,6.182054919914217,9426974.233571798,31848595.955553554,27316.707317073175,9427317.88794833,31849540.138193175,27316.707317073175,9427563.70761907,31849450.66715003,28292.26829268293,9427220.053242536,31848506.48451041,28292.26829268293
9427612.624971967,31849967.493991412,27804.487804878052,4.653484471588828,9427317.88794833,31849540.138193175,27316.707317073175,9427661.542324863,31850484.320832796,27316.707317073175,9427907.361995602,31850394.84978965,28292.26829268293,9427563.70761907,31849450.66715003,28292.26829268293
9427956.279348498,31850911.676631033,27804.487804878052,3.959199557806825,9427661.542324863,31850484.320832796,27316.707317073175,9428005.196701394,31851428.503472418,27316.707317073175,9428251.016372135,31851339.03242927,28292.26829268293,9427907.361995602,31850394.84978965,28292.26829268293
9428299.93372503,31851855.859270655,27804.487804878052,4.093125181089873,9428005.196701394,31851428.503472418,27316.707317073175,9428348.851077927,31852372.68611204,27316.707317073175,9428594.670748668,31852283.215068888,28292.26829268293,9428251.016372135,31851339.03242927,28292.26829268293
9428643.588101564,31852800.041910276,27804.487804878052,3.4521364186242343,9428348.851077927,31852372.68611204,27316.707317073175,9428692.50545446,31853316.868751656,27316.707317073175,9428938.3251252,31853227.39770851,28292.26829268293,9428594.670748668,31852283.215068888,28292.26829268293
9428987.242478097,31853744.224549893,27804.487804878052,3.3023224708364918,9428692.50545446,31853316.868751656,27316.707317073175,9429036.159830993,31854261.051391277,27316.707317073175,9429281.979501734,31854171.58034813,28292.26829268293,9428938.3251252,31853227.39770851,28292.26829268293
9429330.89685463,31854688.40718951,27804.487804878052,3.9964288901841525,9429036.159830993,31854261.051391277,27316.707317073175,9429379.814207526,31855205.234030895,27316.707317073175,9429625.633878266,31855115.762987748,28292.26829268293,9429281.979501734,31854171.58034813,28292.26829268293
9429674.55123116,31855632.589829132,27804.487804878052,3.5438958356226413,9429379.814207526,31855205.234030895,27316.707317073175,9429723.468584059,31856149.416670516,27316.707317073175,9429969.288254797,31856059.94562737,28292.26829268293,9429625.633878266,31855115.762987748,28292.26829268293
9430018.205607696,31856576.772468753,27804.487804878052,3.255261451442338,9429723.468584059,31856149.416670516,27316.707317073175,9430067.122960592,31857093.599310137,27316.707317073175,9430312.94263133,31857004.12826699,28292.26829268293,9429969.288254797,31856059.94562737,28292.26829268293
9430361.859984227,31857520.95510837,27804.487804878052,2.7035458247541375,9430067.122960592,31857093.599310137,27316.707317073175,9430410.777337125,31858037.781949755,27316.707317073175,9430656.597007863,31857948.31090661,28292.26829268293,9430312.94263133,31857004.12826699,28292.26829268293
9430705.514360761,31858465.13774799,27804.487804878052,2.591150241008195,9430410.777337125,31858037.781949755,27316.707317073175,9430754.431713656,31858981.964589376,27316.707317073175,9431000.251384396,31858892.493546233,28292.26829268293,9430656.597007863,31857948.31090661,28292.26829268293
9431049.168737292,31859409.320387613,27804.487804878052,3.1257604916320316,9430754.431713656,31858981.964589376,27316.707317073175,9431098.086090188,31859926.147228997,27316.707317073175,9431343.905760929,31859836.676185854,28292.26829268293,9431000.251384396,31858892.493546233,28292.26829268293
9431392.823113825,31860353.503027234,27804.487804878052,3.060340507964882,9431098.086090188,31859926.147228997,27316.707317073175,9431441.740466721,31860870.329868615,27316.707317073175,9431687.560137462,31860780.85882547,28292.26829268293,9431343.905760929,31859836.676185854,28292.26829268293
9431736.477490358,31861297.685666855,27804.487804878052,2.9727220421736065,9431441.740466721,31860870.329868615,27316.707317073175,9431785.394843254,31861814.512508236,27316.707317073175,9432031.214513995,31861725.041465092,28292.26829268293,9431687.560137462,31860780.85882547,28292.26829268293
9432080.13186689,31862241.868306477,27804.487804878052,2.636196344646077,9431785.394843254,31861814.512508236,27316.707317073175,9432129.049219787,31862758.695147857,27316.707317073175,9432374.868890528,31862669.224104714,28292.26829268293,9432031.214513995,31861725.041465092,28292.26829268293
9432423.786243422,31863186.050946098,27804.487804878052,2.522728365982724,9432129.049219787,31862758.695147857,27316.707317073175,9432472.703596318,31863702.87778748,27316.707317073175,9432718.523267059,31863613.40674433,28292.26829268293,9432374.868890528,31862669.224104714,28292.26829268293
9432767.440619955,31864130.23358571,27804.487804878052,2.3343202662612503,9432472.703596318,31863702.87778748,27316.707317073175,9432816.357972851,31864647.060427096,27316.707317073175,9433062.177643592,31864557.58938395,28292.26829268293,9432718.523267059,31863613.40674433,28292.26829268293
9433111.094996486,31865074.416225333,27804.487804878052,2.372959376328647,9432816.357972851,31864647.060427096,27316.707317073175,9433160.012349384,31865591.243066717,27316.707317073175,9433405.832020124,31865501.77202357,28292.26829268293,9433062.177643592,31864557.58938395,28292.26829268293
9433454.74937302,31866018.598864954,27804.487804878052,2.6998407874450794,9433160.012349384,31865591.243066717,27316.707317073175,9433503.666725917,31866535.42570634,27316.707317073175,9433749.486396657,31866445.95466319,28292.26829268293,9433405.832020124,31865501.77202357,28292.26829268293
9433798.403749553,31866962.78150457,27804.487804878052,3.101795307970339,9433503.666725917,31866535.42570634,27316.707317073175,9433847.32110245,31867479.608345956,27316.707317073175,9434093.14077319,31867390.13730281,28292.26829268293,9433749.486396657,31866445.95466319,28292.26829268293
9434142.058126086,31867906.964144193,27804.487804878052,3.0194136641353633,9433847.32110245,31867479.608345956,27316.707317073175,9434190.975478983,31868423.790985577,27316.707317073175,9434436.795149721,31868334.31994243,28292.26829268293,9434093.14077319,31867390.13730281,28292.26829268293
9434485.712502617,31868851.146783814,27804.487804878052,2.735946158625515,9434190.975478983,31868423.790985577,27316.707317073175,9434534.629855515,31869367.973625198,27316.707317073175,9434780.449526254,31869278.50258205,28292.26829268293,9434436.795149721,31868334.31994243,28292.26829268293
9434829.366879152,31869795.32942343,27804.487804878052,2.6350165877997735,9434534.629855515,31869367.973625198,27316.707317073175,9434878.284232048,31870312.156264815,27316.707317073175,9435124.103902787,31870222.68522167,28292.26829268293,9434780.449526254,31869278.50258205,28292.26829268293
9435173.021255683,31870739.512063053,27804.487804878052,2.3759450500097636,9434878.284232048,31870312.156264815,27316.707317073175,9435221.93860858,31871256.338904437,27316.707317073175,9435467.75827932,31871166.867861293,28292.26829268293,9435124.103902787,31870222.68522167,28292.26829268293
9435516.675632214,31871683.694702674,27804.487804878052,2.124894718794311,9435221.93860858,31871256.338904437,27316.707317073175,9435565.592985112,31872200.521544058,27316.707317073175,9435811.412655853,31872111.050500914,28292.26829268293,9435467.75827932,31871166.867861293,28292.26829268293
9435860.330008749,31872627.877342295,27804.487804878052,1.9732083374893108,9435565.592985112,31872200.521544058,27316.707317073175,9435909.247361645,31873144.704183675,27316.707317073175,9436155.067032386,31873055.233140532,28292.26829268293,9435811.412655853,31872111.050500914,28292.26829268293
9436203.984385282,31873572.059981912,27804.487804878052,1.7892716880666677,9435909.247361645,31873144.704183675,27316.707317073175,9436252.901738178,31874088.886823297,27316.707317073175,9436498.721408918,31873999.415780153,28292.26829268293,9436155.067032386,31873055.233140532,28292.26829268293
9436547.638761815,31874516.242621534,27804.487804878052,1.791066691804614,9436252.901738178,31874088.886823297,27316.707317073175,9436596.55611471,31875033.069462918,27316.707317073175,9436842.375785451,31874943.59841977,28292.26829268293,9436498.721408918,31873999.415780153,28292.26829268293
9436891.293138346,31875460.425261155,27804.487804878052,1.6642985141724582,9436596.55611471,31875033.069462918,27316.707317073175,9436940.210491244,31875977.252102535,27316.707317073175,9437186.030161982,31875887.78105939,28292.26829268293,9436842.375785451,31874943.59841977,28292.26829268293
9437234.94751488,31876404.607900776,27804.487804878052,1.1798472630811478,9436940.210491244,31875977.252102535,27316.707317073175,9437283.864867777,31876921.43474216,27316.707317073175,9437529.684538515,31876831.963699013,28292.26829268293,9437186.030161982,31875887.78105939,28292.26829268293
9437578.601891411,31877348.790540393,27804.487804878052,0.7428927109714333,9437283.864867777,31876921.43474216,27316.707317073175,9437627.51924431,31877865.617381778,27316.707317073175,9437873.338915048,31877776.14633863,28292.26829268293,9437529.684538515,31876831.963699013,28292.26829268293
9437922.256267946,31878292.973180015,27804.487804878052,0.3443584619938365,9437627.51924431,31877865.617381778,27316.707317073175,9437971.17362084,31878809.8000214,27316.707317073175,9438216.993291581,31878720.32897825,28292.26829268293,9437873.338915048,31877776.14633863,28292.26829268293
9438265.910644477,31879237.155819636,27804.487804878052,0.2282130570830621,9437971.17362084,31878809.8000214,27316.707317073175,9438314.827997373,31879753.98266102,27316.707317073175,9438560.647668114,31879664.511617873,28292.26829268293,9438216.993291581,31878720.32897825,28292.26829268293
9438609.56502101,31880181.338459257,27804.487804878052,0.22777579091593084,9438314.827997373,31879753.98266102,27316.707317073175,9438658.482373906,31880698.165300637,27316.707317073175,9438904.302044647,31880608.69425749,28292.26829268293,9438560.647668114,31879664.511617873,28292.26829268293
9438953.219397543,31881125.521098875,27804.487804878052,0.255570394537585,9438658.482373906,31880698.165300637,27316.707317073175,9439002.13675044,31881642.34794026,27316.707317073175,9439247.95642118,31881552.87689711,28292.26829268293,9438904.302044647,31880608.69425749,28292.26829268293
9439296.873774074,31882069.703738496,27804.487804878052,0.20652201412678137,9439002.13675044,31881642.34794026,27316.707317073175,9439345.791126972,31882586.53057988,27316.707317073175,9439591.610797713,31882497.059536733,28292.26829268293,9439247.95642118,31881552.87689711,28292.26829268293
9439640.528150609,31883013.886378117,27804.487804878052,0.16428081986439874,9439345.791126972,31882586.53057988,27316.707317073175,9439689.445503505,31883530.713219497,27316.707317073175,9439935.265174244,31883441.24217635,28292.26829268293,9439591.610797713,31882497.059536733,28292.26829268293
9439984.18252714,31883958.069017734,27804.487804878052,0.25428422442081683,9439689.445503505,31883530.713219497,27316.707317073175,9440033.099880038,31884474.89585912,27316.707317073175,9440278.919550776,31884385.42481597,28292.26829268293,9439935.265174244,31883441.24217635,28292.26829268293
9440327.836903675,31884902.25165735,27804.487804878052,0.6100026360982953,9440033.099880038,31884474.89585912,27316.707317073175,9440376.754256569,31885419.078498736,27316.707317073175,9440622.57392731,31885329.607455593,28292.26829268293,9440278.919550776,31884385.42481597,28292.26829268293
9440671.491280206,31885846.434296973,27804.487804878052,0.6162217862480918,9440376.754256569,31885419.078498736,27316.707317073175,9440720.408633102,31886363.261138357,27316.707317073175,9440966.228303842,31886273.790095214,28292.26829268293,9440622.57392731,31885329.607455593,28292.26829268293
9441015.145656738,31886790.616936594,27804.487804878052,0.4317322746256357,9440720.408633102,31886363.261138357,27316.707317073175,9441064.063009635,31887307.443777975,27316.707317073175,9441309.882680375,31887217.97273483,28292.26829268293,9440966.228303842,31886273.790095214,28292.26829268293
9441358.800033271,31887734.799576215,27804.487804878052,0.2869283607425969,9441064.063009635,31887307.443777975,27316.707317073175,9441407.717386167,31888251.626417596,27316.707317073175,9441653.537056906,31888162.155374452,28292.26829268293,9441309.882680375,31887217.97273483,28292.26829268293
9441702.454409802,31888678.982215837,27804.487804878052,0.2359170305537264,9441407.717386167,31888251.626417596,27316.707317073175,9441751.3717627,31889195.809057217,27316.707317073175,9441997.191433439,31889106.338014074,28292.26829268293,9441653.537056906,31888162.155374452,28292.26829268293
9442046.108786337,31889623.164855454,27804.487804878052,0.22892134259039276,9441751.3717627,31889195.809057217,27316.707317073175,9442095.026139233,31890139.99169684,27316.707317073175,9442340.845809972,31890050.52065369,28292.26829268293,9441997.191433439,31889106.338014074,28292.26829268293
9442389.763162868,31890567.347495075,27804.487804878052,0.23334728912868816,9442095.026139233,31890139.99169684,27316.707317073175,9442438.680515766,31891084.17433646,27316.707317073175,9442684.500186505,31890994.703293312,28292.26829268293,9442340.845809972,31890050.52065369,28292.26829268293
9442733.417539403,31891511.530134697,27804.487804878052,0.18150571180944472,9442438.680515766,31891084.17433646,27316.707317073175,9442782.334892297,31892028.35697608,27316.707317073175,9443028.154563038,31891938.885932934,28292.26829268293,9442684.500186505,31890994.703293312,28292.26829268293
9443077.071915934,31892455.712774318,27804.487804878052,0.21086960547027545,9442782.334892297,31892028.35697608,27316.707317073175,9443125.98926883,31892972.5396157,27316.707317073175,9443371.80893957,31892883.06857255,28292.26829268293,9443028.154563038,31891938.885932934,28292.26829268293
9443420.726292467,31893399.895413935,27804.487804878052,0.36716029348317875,9443125.98926883,31892972.5396157,27316.707317073175,9443469.643645363,31893916.72225532,27316.707317073175,9443715.463316103,31893827.251212172,28292.26829268293,9443371.80893957,31892883.06857255,28292.26829268293
9443764.380669,31894344.078053556,27804.487804878052,0.7950119331268045,9443469.643645363,31893916.72225532,27316.707317073175,9443813.298021896,31894860.90489494,27316.707317073175,9444059.117692636,31894771.433851793,28292.26829268293,9443715.463316103,31893827.251212172,28292.26829268293
9444108.03504553,31895288.260693174,27804.487804878052,1.0918883999575608,9443813.298021896,31894860.90489494,27316.707317073175,9444156.952398429,31895805.087534558,27316.707317073175,9444402.772069167,31895715.61649141,28292.26829268293,9444059.117692636,31894771.433851793,28292.26829268293
9444451.689422065,31896232.443332795,27804.487804878052,1.0268551268113464,9444156.952398429,31895805.087534558,27316.707317073175,9444500.606774962,31896749.27017418,27316.707317073175,9444746.4264457,31896659.799131032,28292.26829268293,9444402.772069167,31895715.61649141,28292.26829268293
9444795.343798596,31897176.625972416,27804.487804878052,0.9255835794579923,9444500.606774962,31896749.27017418,27316.707317073175,9444844.261151494,31897693.4528138,27316.707317073175,9445090.080822233,31897603.981770653,28292.26829268293,9444746.4264457,31896659.799131032,28292.26829268293
9445138.998175131,31898120.808612034,27804.487804878052,1.1131289893246594,9444844.261151494,31897693.4528138,27316.707317073175,9445187.915528027,31898637.635453418,27316.707317073175,9445433.735198766,31898548.164410274,28292.26829268293,9445090.080822233,31897603.981770653,28292.26829268293
9445482.652551662,31899064.991251655,27804.487804878052,1.6544601298805877,9445187.915528027,31898637.635453418,27316.707317073175,9445531.569904558,31899581.81809304,27316.707317073175,9445777.389575299,31899492.347049896,28292.26829268293,9445433.735198766,31898548.164410274,28292.26829268293
9445826.306928195,31900009.173891276,27804.487804878052,1.8876402059911108,9445531.569904558,31899581.81809304,27316.707317073175,9445875.224281091,31900526.000732657,27316.707317073175,9446121.043951832,31900436.529689513,28292.26829268293,9445777.389575299,31899492.347049896,28292.26829268293
9446169.961304728,31900953.356530897,27804.487804878052,1.8854868873338668,9445875.224281091,31900526.000732657,27316.707317073175,9446218.878657624,31901470.183372278,27316.707317073175,9446464.698328365,31901380.712329134,28292.26829268293,9446121.043951832,31900436.529689513,28292.26829268293
9420641.70273552,31830050.187516246,28780.04878048781,6.364575011332038,9420346.965711884,31829622.831718005,28292.26829268293,9420690.620088417,31830567.014357626,28292.26829268293,9420936.439759156,31830477.543314483,29267.829268292688,9420592.785382623,31829533.36067486,29267.829268292688
9420985.357112054,31830994.370155867,28780.04878048781,5.0849474572782976,9420690.620088417,31830567.014357626,28292.26829268293,9421034.27446495,31831511.196997248,28292.26829268293,9421280.094135689,31831421.725954104,29267.829268292688,9420936.439759156,31830477.543314483,29267.829268292688
9421329.011488587,31831938.55279549,28780.04878048781,4.497455897090047,9421034.27446495,31831511.196997248,28292.26829268293,9421377.928841483,31832455.37963687,28292.26829268293,9421623.74851222,31832365.90859372,29267.829268292688,9421280.094135689,31831421.725954104,29267.829268292688
9421672.665865118,31832882.735435106,28780.04878048781,4.858560110405761,9421377.928841483,31832455.37963687,28292.26829268293,9421721.583218016,31833399.56227649,28292.26829268293,9421967.402888753,31833310.091233343,29267.829268292688,9421623.74851222,31832365.90859372,29267.829268292688
9422016.320241652,31833826.918074727,28780.04878048781,6.025529401542666,9421721.583218016,31833399.56227649,28292.26829268293,9422065.237594549,31834343.74491611,28292.26829268293,9422311.057265285,31834254.273872964,29267.829268292688,9421967.402888753,31833310.091233343,29267.829268292688
9422359.974618183,31834771.100714345,28780.04878048781,6.686378216916174,9422065.237594549,31834343.74491611,28292.26829268293,9422408.891971081,31835287.92755573,28292.26829268293,9422654.711641818,31835198.45651258,29267.829268292688,9422311.057265285,31834254.273872964,29267.829268292688
9422703.628994718,31835715.283353966,28780.04878048781,6.853366575787158,9422408.891971081,31835287.92755573,28292.26829268293,9422752.546347613,31836232.11019535,28292.26829268293,9422998.366018351,31836142.639152203,29267.829268292688,9422654.711641818,31835198.45651258,29267.829268292688
9423047.28337125,31836659.465993587,28780.04878048781,7.739276001011443,9422752.546347613,31836232.11019535,28292.26829268293,9423096.200724145,31837176.29283497,28292.26829268293,9423342.020394884,31837086.821791824,29267.829268292688,9422998.366018351,31836142.639152203,29267.829268292688
9423390.937747782,31837603.648633204,28780.04878048781,7.633057483955602,9423096.200724145,31837176.29283497,28292.26829268293,9423439.855100678,31838120.47547459,28292.26829268293,9423685.674771417,31838031.00443144,29267.829268292688,9423342.020394884,31837086.821791824,29267.829268292688
9423734.592124315,31838547.831272826,28780.04878048781,6.526522633585312,9423439.855100678,31838120.47547459,28292.26829268293,9423783.509477211,31839064.65811421,28292.26829268293,9424029.32914795,31838975.187071063,29267.829268292688,9423685.674771417,31838031.00443144,29267.829268292688
9424078.246500846,31839492.013912447,28780.04878048781,6.881860948054408,9423783.509477211,31839064.65811421,28292.26829268293,9424127.163853744,31840008.84075383,28292.26829268293,9424372.98352448,31839919.369710684,29267.829268292688,9424029.32914795,31838975.187071063,29267.829268292688
9424421.900877379,31840436.196552064,28780.04878048781,7.39424464904261,9424127.163853744,31840008.84075383,28292.26829268293,9424470.818230275,31840953.02339345,28292.26829268293,9424716.637901014,31840863.552350305,29267.829268292688,9424372.98352448,31839919.369710684,29267.829268292688
9424765.555253912,31841380.379191685,28780.04878048781,7.564471651112428,9424470.818230275,31840953.02339345,28292.26829268293,9424814.472606808,31841897.206033066,28292.26829268293,9425060.292277547,31841807.734989922,29267.829268292688,9424716.637901014,31840863.552350305,29267.829268292688
9425109.209630443,31842324.561831307,28780.04878048781,8.20918648481093,9424814.472606808,31841897.206033066,28292.26829268293,9425158.12698334,31842841.388672687,28292.26829268293,9425403.94665408,31842751.917629544,29267.829268292688,9425060.292277547,31841807.734989922,29267.829268292688
9425452.864006978,31843268.744470928,28780.04878048781,8.810327384799757,9425158.12698334,31842841.388672687,28292.26829268293,9425501.781359874,31843785.57131231,28292.26829268293,9425747.601030612,31843696.100269165,29267.829268292688,9425403.94665408,31842751.917629544,29267.829268292688
9425796.518383509,31844212.927110545,28780.04878048781,11.28042080684706,9425501.781359874,31843785.57131231,28292.26829268293,9425845.435736407,31844729.75395193,28292.26829268293,9426091.255407145,31844640.282908782,29267.829268292688,9425747.601030612,31843696.100269165,29267.829268292688
9426140.172760041,31845157.109750167,28780.04878048781,13.746186901729967,9425845.435736407,31844729.75395193,28292.26829268293,9426189.09011294,31845673.93659155,28292.26829268293,9426434.909783676,31845584.465548404,29267.829268292688,9426091.255407145,31844640.282908782,29267.829268292688
9426483.827136572,31846101.292389788,28780.04878048781,14.943926729654747,9426189.09011294,31845673.93659155,28292.26829268293,9426532.744489472,31846618.119231172,28292.26829268293,9426778.56416021,31846528.648188025,29267.829268292688,9426434.909783676,31845584.465548404,29267.829268292688
9426827.481513107,31847045.475029405,28780.04878048781,14.510526894245496,9426532.744489472,31846618.119231172,28292.26829268293,9426876.398866005,31847562.30187079,28292.26829268293,9427122.218536742,31847472.830827642,29267.829268292688,9426778.56416021,31846528.648188025,29267.829268292688
9427171.135889638,31847989.657669026,28780.04878048781,14.291884632856732,9426876.398866005,31847562.30187079,28292.26829268293,9427220.053242536,31848506.48451041,28292.26829268293,9427465.872913275,31848417.013467263,29267.829268292688,9427122.218536742,31847472.830827642,29267.829268292688
9427514.790266171,31848933.840308648,28780.04878048781,13.007548173403446,9427220.053242536,31848506.48451041,28292.26829268293,9427563.70761907,31849450.66715003,28292.26829268293,9427809.527289808,31849361.19610688,29267.829268292688,9427465.872913275,31848417.013467263,29267.829268292688
9427858.444642704,31849878.022948265,28780.04878048781,11.312344693867312,9427563.70761907,31849450.66715003,28292.26829268293,9427907.361995602,31850394.84978965,28292.26829268293,9428153.18166634,31850305.378746502,29267.829268292688,9427809.527289808,31849361.19610688,29267.829268292688
9428202.099019237,31850822.205587886,28780.04878048781,9.337829752858141,9427907.361995602,31850394.84978965,28292.26829268293,9428251.016372135,31851339.03242927,28292.26829268293,9428496.836042874,31851249.561386123,29267.829268292688,9428153.18166634,31850305.378746502,29267.829268292688
9428545.75339577,31851766.388227507,28780.04878048781,7.433871687446094,9428251.016372135,31851339.03242927,28292.26829268293,9428594.670748668,31852283.215068888,28292.26829268293,9428840.490419406,31852193.74402574,29267.829268292688,9428496.836042874,31851249.561386123,29267.829268292688
9428889.4077723,31852710.570867125,28780.04878048781,5.73331127545146,9428594.670748668,31852283.215068888,28292.26829268293,9428938.3251252,31853227.39770851,28292.26829268293,9429184.144795937,31853137.926665366,29267.829268292688,9428840.490419406,31852193.74402574,29267.829268292688
9429233.062148836,31853654.753506746,28780.04878048781,4.72919843616622,9428938.3251252,31853227.39770851,28292.26829268293,9429281.979501734,31854171.58034813,28292.26829268293,9429527.79917247,31854082.109304987,29267.829268292688,9429184.144795937,31853137.926665366,29267.829268292688
9429576.716525367,31854598.936146364,28780.04878048781,5.321302514304817,9429281.979501734,31854171.58034813,28292.26829268293,9429625.633878266,31855115.762987748,28292.26829268293,9429871.453549003,31855026.291944604,29267.829268292688,9429527.79917247,31854082.109304987,29267.829268292688
9429920.370901901,31855543.11878599,28780.04878048781,5.243180534391497,9429625.633878266,31855115.762987748,28292.26829268293,9429969.288254797,31856059.94562737,28292.26829268293,9430215.107925536,31855970.474584226,29267.829268292688,9429871.453549003,31855026.291944604,29267.829268292688
9430264.025278432,31856487.30142561,28780.04878048781,5.012440156474768,9429969.288254797,31856059.94562737,28292.26829268293,9430312.94263133,31857004.12826699,28292.26829268293,9430558.762302069,31856914.657223847,29267.829268292688,9430215.107925536,31855970.474584226,29267.829268292688
9430607.679654965,31857431.484065227,28780.04878048781,4.7072234167582465,9430312.94263133,31857004.12826699,28292.26829268293,9430656.597007863,31857948.31090661,28292.26829268293,9430902.416678602,31857858.839863464,29267.829268292688,9430558.762302069,31856914.657223847,29267.829268292688
9430951.334031498,31858375.66670485,28780.04878048781,4.269397737929552,9430656.597007863,31857948.31090661,28292.26829268293,9431000.251384396,31858892.493546233,28292.26829268293,9431246.071055135,31858803.022503085,29267.829268292688,9430902.416678602,31857858.839863464,29267.829268292688
9431294.98840803,31859319.84934447,28780.04878048781,3.838546745282359,9431000.251384396,31858892.493546233,28292.26829268293,9431343.905760929,31859836.676185854,28292.26829268293,9431589.725431668,31859747.205142707,29267.829268292688,9431246.071055135,31858803.022503085,29267.829268292688
9431638.642784564,31860264.03198409,28780.04878048781,3.4565950210648086,9431343.905760929,31859836.676185854,28292.26829268293,9431687.560137462,31860780.85882547,28292.26829268293,9431933.379808199,31860691.387782324,29267.829268292688,9431589.725431668,31859747.205142707,29267.829268292688
9431982.297161095,31861208.21462371,28780.04878048781,2.8723267184114802,9431687.560137462,31860780.85882547,28292.26829268293,9432031.214513995,31861725.041465092,28292.26829268293,9432277.034184732,31861635.570421945,29267.829268292688,9431933.379808199,31860691.387782324,29267.829268292688
9432325.95153763,31862152.39726333,28780.04878048781,2.7873125676281147,9432031.214513995,31861725.041465092,28292.26829268293,9432374.868890528,31862669.224104714,28292.26829268293,9432620.688561264,31862579.753061563,29267.829268292688,9432277.034184732,31861635.570421945,29267.829268292688
9432669.60591416,31863096.57990295,28780.04878048781,3.351388763666792,9432374.868890528,31862669.224104714,28292.26829268293,9432718.523267059,31863613.40674433,28292.26829268293,9432964.342937797,31863523.935701184,29267.829268292688,9432620.688561264,31862579.753061563,29267.829268292688
9433013.260290693,31864040.762542564,28780.04878048781,3.2302735923224115,9432718.523267059,31863613.40674433,28292.26829268293,9433062.177643592,31864557.58938395,28292.26829268293,9433307.99731433,31864468.1183408,29267.829268292688,9432964.342937797,31863523.935701184,29267.829268292688
9433356.914667226,31864984.945182186,28780.04878048781,2.6854331253572106,9433062.177643592,31864557.58938395,28292.26829268293,9433405.832020124,31865501.77202357,28292.26829268293,9433651.651690861,31865412.300980423,29267.829268292688,9433307.99731433,31864468.1183408,29267.829268292688
9433700.569043757,31865929.127821807,28780.04878048781,2.28735626835753,9433405.832020124,31865501.77202357,28292.26829268293,9433749.486396657,31866445.95466319,28292.26829268293,9433995.306067394,31866356.483620048,29267.829268292688,9433651.651690861,31865412.300980423,29267.829268292688
9434044.223420292,31866873.310461424,28780.04878048781,2.137923305574059,9433749.486396657,31866445.95466319,28292.26829268293,9434093.14077319,31867390.13730281,28292.26829268293,9434338.960443927,31867300.666259665,29267.829268292688,9433995.306067394,31866356.483620048,29267.829268292688
9434387.877796823,31867817.493101045,28780.04878048781,2.330592225025983,9434093.14077319,31867390.13730281,28292.26829268293,9434436.795149721,31868334.31994243,28292.26829268293,9434682.61482046,31868244.848899286,29267.829268292688,9434338.960443927,31867300.666259665,29267.829268292688
9434731.532173354,31868761.67574067,28780.04878048781,2.8959068293412646,9434436.795149721,31868334.31994243,28292.26829268293,9434780.449526254,31869278.50258205,28292.26829268293,9435026.269196993,31869189.031538907,29267.829268292688,9434682.61482046,31868244.848899286,29267.829268292688
9435075.186549889,31869705.858380288,28780.04878048781,3.045663432205152,9434780.449526254,31869278.50258205,28292.26829268293,9435124.103902787,31870222.68522167,28292.26829268293,9435369.923573526,31870133.214178525,29267.829268292688,9435026.269196993,31869189.031538907,29267.829268292688
9435418.840926422,31870650.04101991,28780.04878048781,2.753088885455302,9435124.103902787,31870222.68522167,28292.26829268293,9435467.75827932,31871166.867861293,28292.26829268293,9435713.577950059,31871077.396818146,29267.829268292688,9435369.923573526,31870133.214178525,29267.829268292688
9435762.495302955,31871594.22365953,28780.04878048781,2.6177022874878326,9435467.75827932,31871166.867861293,28292.26829268293,9435811.412655853,31872111.050500914,28292.26829268293,9436057.232326591,31872021.579457764,29267.829268292688,9435713.577950059,31871077.396818146,29267.829268292688
9436106.149679486,31872538.40629915,28780.04878048781,2.6631552506402234,9435811.412655853,31872111.050500914,28292.26829268293,9436155.067032386,31873055.233140532,28292.26829268293,9436400.886703122,31872965.762097385,29267.829268292688,9436057.232326591,31872021.579457764,29267.829268292688
9436449.80405602,31873482.58893877,28780.04878048781,2.079373043598857,9436155.067032386,31873055.233140532,28292.26829268293,9436498.721408918,31873999.415780153,28292.26829268293,9436744.541079655,31873909.944737006,29267.829268292688,9436400.886703122,31872965.762097385,29267.829268292688
9436793.458432551,31874426.771578386,28780.04878048781,1.7731607282543644,9436498.721408918,31873999.415780153,28292.26829268293,9436842.375785451,31874943.59841977,28292.26829268293,9437088.195456188,31874854.127376623,29267.829268292688,9436744.541079655,31873909.944737006,29267.829268292688
9437137.112809086,31875370.954218008,28780.04878048781,1.3966058713655385,9436842.375785451,31874943.59841977,28292.26829268293,9437186.030161982,31875887.78105939,28292.26829268293,9437431.849832721,31875798.310016245,29267.829268292688,9437088.195456188,31874854.127376623,29267.829268292688
9437480.767185617,31876315.13685763,28780.04878048781,1.0968034199484928,9437186.030161982,31875887.78105939,28292.26829268293,9437529.684538515,31876831.963699013,28292.26829268293,9437775.504209254,31876742.492655866,29267.829268292688,9437431.849832721,31875798.310016245,29267.829268292688
9437824.42156215,31877259.319497246,28780.04878048781,0.8676932779835964,9437529.684538515,31876831.963699013,28292.26829268293,9437873.338915048,31877776.14633863,28292.26829268293,9438119.158585787,31877686.675295483,29267.829268292688,9437775.504209254,31876742.492655866,29267.829268292688
9438168.075938683,31878203.502136867,28780.04878048781,0.3928229625530841,9437873.338915048,31877776.14633863,28292.26829268293,9438216.993291581,31878720.32897825,28292.26829268293,9438462.81296232,31878630.857935105,29267.829268292688,9438119.158585787,31877686.675295483,29267.829268292688
9438511.730315214,31879147.68477649,28780.04878048781,0.18786989395063694,9438216.993291581,31878720.32897825,28292.26829268293,9438560.647668114,31879664.511617873,28292.26829268293,9438806.467338853,31879575.04057473,29267.829268292688,9438462.81296232,31878630.857935105,29267.829268292688
9438855.384691749,31880091.86741611,28780.04878048781,0.2581290277992767,9438560.647668114,31879664.511617873,28292.26829268293,9438904.302044647,31880608.69425749,28292.26829268293,9439150.121715384,31880519.223214347,29267.829268292688,9438806.467338853,31879575.04057473,29267.829268292688
9439199.03906828,31881036.050055727,28780.04878048781,0.2638470078183782,9438904.302044647,31880608.69425749,28292.26829268293,9439247.95642118,31881552.87689711,28292.26829268293,9439493.776091916,31881463.405853968,29267.829268292688,9439150.121715384,31880519.223214347,29267.829268292688
9439542.693444815,31881980.23269535,28780.04878048781,0.24028236211511403,9439247.95642118,31881552.87689711,28292.26829268293,9439591.610797713,31882497.059536733,28292.26829268293,9439837.43046845,31882407.58849359,29267.829268292688,9439493.776091916,31881463.405853968,29267.829268292688
9439886.347821346,31882924.415334973,28780.04878048781,0.24949425458054036,9439591.610797713,31882497.059536733,28292.26829268293,9439935.265174244,31883441.24217635,28292.26829268293,9440181.084844982,31883351.771133207,29267.829268292688,9439837.43046845,31882407.58849359,29267.829268292688
9440230.002197878,31883868.59797459,28780.04878048781,0.26842794073835813,9439935.265174244,31883441.24217635,28292.26829268293,9440278.919550776,31884385.42481597,28292.26829268293,9440524.739221515,31884295.953772828,29267.829268292688,9440181.084844982,31883351.771133207,29267.829268292688
9440573.656574411,31884812.78061421,28780.04878048781,0.3240359634165174,9440278.919550776,31884385.42481597,28292.26829268293,9440622.57392731,31885329.607455593,28292.26829268293,9440868.393598046,31885240.136412445,29267.829268292688,9440524.739221515,31884295.953772828,29267.829268292688
9440917.310950942,31885756.96325383,28780.04878048781,0.39424972119555707,9440622.57392731,31885329.607455593,28292.26829268293,9440966.228303842,31886273.790095214,28292.26829268293,9441212.047974579,31886184.319052067,29267.829268292688,9440868.393598046,31885240.136412445,29267.829268292688
9441260.965327477,31886701.145893447,28780.04878048781,0.2790352951171468,9440966.228303842,31886273.790095214,28292.26829268293,9441309.882680375,31887217.97273483,28292.26829268293,9441555.702351112,31887128.501691684,29267.829268292688,9441212.047974579,31886184.319052067,29267.829268292688
9441604.619704008,31887645.32853307,28780.04878048781,0.1787966481275254,9441309.882680375,31887217.97273483,28292.26829268293,9441653.537056906,31888162.155374452,28292.26829268293,9441899.356727645,31888072.684331305,29267.829268292688,9441555.702351112,31887128.501691684,29267.829268292688
9441948.27408054,31888589.51117269,28780.04878048781,0.1725992654415902,9441653.537056906,31888162.155374452,28292.26829268293,9441997.191433439,31889106.338014074,28292.26829268293,9442243.011104178,31889016.866970927,29267.829268292688,9441899.356727645,31888072.684331305,29267.829268292688
9442291.928457074,31889533.693812307,28780.04878048781,0.13345197482262866,9441997.191433439,31889106.338014074,28292.26829268293,9442340.845809972,31890050.52065369,28292.26829268293,9442586.66548071,31889961.049610544,29267.829268292688,9442243.011104178,31889016.866970927,29267.829268292688
9442635.582833607,31890477.87645193,28780.04878048781,0.11118532730149366,9442340.845809972,31890050.52065369,28292.26829268293,9442684.500186505,31890994.703293312,28292.26829268293,9442930.319857243,31890905.232250165,29267.829268292688,9442586.66548071,31889961.049610544,29267.829268292688
9442979.23721014,31891422.05909155,28780.04878048781,0.16538887735751656,9442684.500186505,31890994.703293312,28292.26829268293,9443028.154563038,31891938.885932934,28292.26829268293,9443273.974233776,31891849.414889786,29267.829268292688,9442930.319857243,31890905.232250165,29267.829268292688
9443322.89158667,31892366.24173117,28780.04878048781,0.25158823360245597,9443028.154563038,31891938.885932934,28292.26829268293,9443371.80893957,31892883.06857255,28292.26829268293,9443617.628610307,31892793.597529408,29267.829268292688,9443273.974233776,31891849.414889786,29267.829268292688
9443666.545963205,31893310.424370788,28780.04878048781,0.20315627659290503,9443371.80893957,31892883.06857255,28292.26829268293,9443715.463316103,31893827.251212172,28292.26829268293,9443961.28298684,31893737.78016903,29267.829268292688,9443617.628610307,31892793.597529408,29267.829268292688
9444010.200339736,31894254.607010406,28780.04878048781,0.2515745359849524,9443715.463316103,31893827.251212172,28292.26829268293,9444059.117692636,31894771.433851793,28292.26829268293,9444304.937363373,31894681.962808646,29267.829268292688,9443961.28298684,31893737.78016903,29267.829268292688
9444353.854716271,31895198.78965003,28780.04878048781,0.3606212718669032,9444059.117692636,31894771.433851793,28292.26829268293,9444402.772069167,31895715.61649141,28292.26829268293,9444648.591739906,31895626.145448267,29267.829268292688,9444304.937363373,31894681.962808646,29267.829268292688
9444697.509092802,31896142.97228965,28780.04878048781,0.3542266637576446,9444402.772069167,31895715.61649141,28292.26829268293,9444746.4264457,31896659.799131032,28292.26829268293,9444992.246116439,31896570.32808789,29267.829268292688,9444648.591739906,31895626.145448267,29267.829268292688
9445041.163469335,31897087.15492927,28780.04878048781,0.5675396714287226,9444746.4264457,31896659.799131032,28292.26829268293,9445090.080822233,31897603.981770653,28292.26829268293,9445335.900492972,31897514.510727506,29267.829268292688,9444992.246116439,31896570.32808789,29267.829268292688
9445384.817845868,31898031.33756889,28780.04878048781,0.8598093469003529,9445090.080822233,31897603.981770653,28292.26829268293,9445433.735198766,31898548.164410274,28292.26829268293,9445679.554869505,31898458.693367127,29267.829268292688,9445335.900492972,31897514.510727506,29267.829268292688
9445728.472222399,31898975.52020851,28780.04878048781,0.840549892989969,9445433.735198766,31898548.164410274,28292.26829268293,9445777.389575299,31899492.347049896,28292.26829268293,9446023.209246038,31899402.87600675,29267.829268292688,9445679.554869505,31898458.693367127,29267.829268292688
9446072.126598934,31899919.702848133,28780.04878048781,1.2378161865351047,9445777.389575299,31899492.347049896,28292.26829268293,9446121.043951832,31900436.529689513,28292.26829268293,9446366.863622569,31900347.058646366,29267.829268292688,9446023.209246038,31899402.87600675,29267.829268292688
9446415.780975465,31900863.88548775,28780.04878048781,1.7331694852377093,9446121.043951832,31900436.529689513,28292.26829268293,9446464.698328365,31901380.712329134,28292.26829268293,9446710.517999101,31901291.241285987,29267.829268292688,9446366.863622569,31900347.058646366,29267.829268292688
9420887.522406258,31829960.7164731,29755.60975609756,7.209229394597059,9420592.785382623,31829533.36067486,29267.829268292688,9420936.439759156,31830477.543314483,29267.829268292688,9421182.259429894,31830388.072271336,30243.390243902442,9420838.605053362,31829443.889631715,30243.390243902442
9421231.176782792,31830904.89911272,29755.60975609756,6.274905265334635,9420936.439759156,31830477.543314483,29267.829268292688,9421280.094135689,31831421.725954104,29267.829268292688,9421525.913806427,31831332.254910957,30243.390243902442,9421182.259429894,31830388.072271336,30243.390243902442
9421574.831159323,31831849.08175234,29755.60975609756,6.2466084517203715,9421280.094135689,31831421.725954104,29267.829268292688,9421623.74851222,31832365.90859372,29267.829268292688,9421869.56818296,31832276.437550575,30243.390243902442,9421525.913806427,31831332.254910957,30243.390243902442
9421918.485535854,31832793.26439196,29755.60975609756,5.1138309022106005,9421623.74851222,31832365.90859372,29267.829268292688,9421967.402888753,31833310.091233343,29267.829268292688,9422213.222559493,31833220.620190196,30243.390243902442,9421869.56818296,31832276.437550575,30243.390243902442
9422262.13991239,31833737.44703158,29755.60975609756,4.982250706225727,9421967.402888753,31833310.091233343,29267.829268292688,9422311.057265285,31834254.273872964,29267.829268292688,9422556.876936026,31834164.802829817,30243.390243902442,9422213.222559493,31833220.620190196,30243.390243902442
9422605.794288922,31834681.629671197,29755.60975609756,5.565297276092518,9422311.057265285,31834254.273872964,29267.829268292688,9422654.711641818,31835198.45651258,29267.829268292688,9422900.531312559,31835108.985469438,30243.390243902442,9422556.876936026,31834164.802829817,30243.390243902442
9422949.448665455,31835625.81231082,29755.60975609756,6.361547340362019,9422654.711641818,31835198.45651258,29267.829268292688,9422998.366018351,31836142.639152203,29267.829268292688,9423244.185689092,31836053.16810906,30243.390243902442,9422900.531312559,31835108.985469438,30243.390243902442
9423293.103041986,31836569.994950436,29755.60975609756,7.227131551796982,9422998.366018351,31836142.639152203,29267.829268292688,9423342.020394884,31837086.821791824,29267.829268292688,9423587.840065623,31836997.350748677,30243.390243902442,9423244.185689092,31836053.16810906,30243.390243902442
9423636.75741852,31837514.17759006,29755.60975609756,8.28170906061067,9423342.020394884,31837086.821791824,29267.829268292688,9423685.674771417,31838031.00443144,29267.829268292688,9423931.494442156,31837941.533388298,30243.390243902442,9423587.840065623,31836997.350748677,30243.390243902442
9423980.411795052,31838458.360229682,29755.60975609756,8.479244445825401,9423685.674771417,31838031.00443144,29267.829268292688,9424029.32914795,31838975.187071063,29267.829268292688,9424275.148818688,31838885.71602792,30243.390243902442,9423931.494442156,31837941.533388298,30243.390243902442
9424324.066171587,31839402.542869303,29755.60975609756,9.730990192309513,9424029.32914795,31838975.187071063,29267.829268292688,9424372.98352448,31839919.369710684,29267.829268292688,9424618.803195221,31839829.898667537,30243.390243902442,9424275.148818688,31838885.71602792,30243.390243902442
9424667.720548118,31840346.72550892,29755.60975609756,10.27838769328722,9424372.98352448,31839919.369710684,29267.829268292688,9424716.637901014,31840863.552350305,29267.829268292688,9424962.457571754,31840774.081307158,30243.390243902442,9424618.803195221,31839829.898667537,30243.390243902442
9425011.374924649,31841290.908148542,29755.60975609756,8.900514395074715,9424716.637901014,31840863.552350305,29267.829268292688,9425060.292277547,31841807.734989922,29267.829268292688,9425306.111948285,31841718.263946775,30243.390243902442,9424962.457571754,31840774.081307158,30243.390243902442
9425355.029301183,31842235.09078816,29755.60975609756,11.234594007599748,9425060.292277547,31841807.734989922,29267.829268292688,9425403.94665408,31842751.917629544,29267.829268292688,9425649.766324818,31842662.446586397,30243.390243902442,9425306.111948285,31841718.263946775,30243.390243902442
9425698.683677714,31843179.27342778,29755.60975609756,13.54849908093787,9425403.94665408,31842751.917629544,29267.829268292688,9425747.601030612,31843696.100269165,29267.829268292688,9425993.420701351,31843606.629226018,30243.390243902442,9425649.766324818,31842662.446586397,30243.390243902442
9426042.338054249,31844123.4560674,29755.60975609756,13.513087947139192,9425747.601030612,31843696.100269165,29267.829268292688,9426091.255407145,31844640.282908782,29267.829268292688,9426337.075077884,31844550.811865635,30243.390243902442,9425993.420701351,31843606.629226018,30243.390243902442
9426385.99243078,31845067.63870702,29755.60975609756,14.544584952994763,9426091.255407145,31844640.282908782,29267.829268292688,9426434.909783676,31845584.465548404,29267.829268292688,9426680.729454417,31845494.994505256,30243.390243902442,9426337.075077884,31844550.811865635,30243.390243902442
9426729.646807311,31846011.82134664,29755.60975609756,15.11161320310034,9426434.909783676,31845584.465548404,29267.829268292688,9426778.56416021,31846528.648188025,29267.829268292688,9427024.38383095,31846439.177144874,30243.390243902442,9426680.729454417,31845494.994505256,30243.390243902442
9427073.301183846,31846956.003986258,29755.60975609756,15.117242407582284,9426778.56416021,31846528.648188025,29267.829268292688,9427122.218536742,31847472.830827642,29267.829268292688,9427368.038207483,31847383.359784495,30243.390243902442,9427024.38383095,31846439.177144874,30243.390243902442
9427416.955560379,31847900.18662588,29755.60975609756,15.07975097072194,9427122.218536742,31847472.830827642,29267.829268292688,9427465.872913275,31848417.013467263,29267.829268292688,9427711.692584015,31848327.54242412,30243.390243902442,9427368.038207483,31847383.359784495,30243.390243902442
9427760.609936912,31848844.369265497,29755.60975609756,15.05250268028656,9427465.872913275,31848417.013467263,29267.829268292688,9427809.527289808,31849361.19610688,29267.829268292688,9428055.346960546,31849271.725063737,30243.390243902442,9427711.692584015,31848327.54242412,30243.390243902442
9428104.264313443,31849788.551905118,29755.60975609756,14.84416162405151,9427809.527289808,31849361.19610688,29267.829268292688,9428153.18166634,31850305.378746502,29267.829268292688,9428399.00133708,31850215.90770336,30243.390243902442,9428055.346960546,31849271.725063737,30243.390243902442
9428447.918689977,31850732.734544743,29755.60975609756,14.189187831858286,9428153.18166634,31850305.378746502,29267.829268292688,9428496.836042874,31851249.561386123,29267.829268292688,9428742.655713612,31851160.09034298,30243.390243902442,9428399.00133708,31850215.90770336,30243.390243902442
9428791.573066508,31851676.917184364,29755.60975609756,13.143602195503131,9428496.836042874,31851249.561386123,29267.829268292688,9428840.490419406,31852193.74402574,29267.829268292688,9429086.310090145,31852104.272982597,30243.390243902442,9428742.655713612,31851160.09034298,30243.390243902442
9429135.227443043,31852621.09982398,29755.60975609756,11.115820260735195,9428840.490419406,31852193.74402574,29267.829268292688,9429184.144795937,31853137.926665366,29267.829268292688,9429429.964466678,31853048.45562222,30243.390243902442,9429086.310090145,31852104.272982597,30243.390243902442
9429478.881819574,31853565.282463603,29755.60975609756,7.173434204806191,9429184.144795937,31853137.926665366,29267.829268292688,9429527.79917247,31854082.109304987,29267.829268292688,9429773.61884321,31853992.63826184,30243.390243902442,9429429.964466678,31853048.45562222,30243.390243902442
9429822.536196107,31854509.46510322,29755.60975609756,6.09403074758032,9429527.79917247,31854082.109304987,29267.829268292688,9429871.453549003,31855026.291944604,29267.829268292688,9430117.273219744,31854936.820901457,30243.390243902442,9429773.61884321,31853992.63826184,30243.390243902442
9430166.19057264,31855453.64774284,29755.60975609756,4.798133158044787,9429871.453549003,31855026.291944604,29267.829268292688,9430215.107925536,31855970.474584226,29267.829268292688,9430460.927596277,31855881.00354108,30243.390243902442,9430117.273219744,31854936.820901457,30243.390243902442
9430509.844949171,31856397.830382463,29755.60975609756,4.771493403629974,9430215.107925536,31855970.474584226,29267.829268292688,9430558.762302069,31856914.657223847,29267.829268292688,9430804.581972808,31856825.1861807,30243.390243902442,9430460.927596277,31855881.00354108,30243.390243902442
9430853.499325706,31857342.01302208,29755.60975609756,4.9783314675099195,9430558.762302069,31856914.657223847,29267.829268292688,9430902.416678602,31857858.839863464,29267.829268292688,9431148.23634934,31857769.368820317,30243.390243902442,9430804.581972808,31856825.1861807,30243.390243902442
9431197.153702237,31858286.1956617,29755.60975609756,4.486301904565438,9430902.416678602,31857858.839863464,29267.829268292688,9431246.071055135,31858803.022503085,29267.829268292688,9431491.890725873,31858713.55145994,30243.390243902442,9431148.23634934,31857769.368820317,30243.390243902442
9431540.808078771,31859230.378301322,29755.60975609756,4.379911389497052,9431246.071055135,31858803.022503085,29267.829268292688,9431589.725431668,31859747.205142707,29267.829268292688,9431835.545102406,31859657.734099556,30243.390243902442,9431491.890725873,31858713.55145994,30243.390243902442
9431884.462455302,31860174.56094094,29755.60975609756,3.5599913960197176,9431589.725431668,31859747.205142707,29267.829268292688,9431933.379808199,31860691.387782324,29267.829268292688,9432179.19947894,31860601.916739177,30243.390243902442,9431835.545102406,31859657.734099556,30243.390243902442
9432228.116831835,31861118.74358056,29755.60975609756,3.0928634925282963,9431933.379808199,31860691.387782324,29267.829268292688,9432277.034184732,31861635.570421945,29267.829268292688,9432522.85385547,31861546.099378802,30243.390243902442,9432179.19947894,31860601.916739177,30243.390243902442
9432571.771208368,31862062.926220182,29755.60975609756,3.08045156960447,9432277.034184732,31861635.570421945,29267.829268292688,9432620.688561264,31862579.753061563,29267.829268292688,9432866.508232003,31862490.28201842,30243.390243902442,9432522.85385547,31861546.099378802,30243.390243902442
9432915.4255849,31863007.1088598,29755.60975609756,3.1938220792080676,9432620.688561264,31862579.753061563,29267.829268292688,9432964.342937797,31863523.935701184,29267.829268292688,9433210.162608534,31863434.46465804,30243.390243902442,9432866.508232003,31862490.28201842,30243.390243902442
9433259.079961434,31863951.29149942,29755.60975609756,2.550202438835866,9432964.342937797,31863523.935701184,29267.829268292688,9433307.99731433,31864468.1183408,29267.829268292688,9433553.816985067,31864378.647297658,30243.390243902442,9433210.162608534,31863434.46465804,30243.390243902442
9433602.734337965,31864895.474139042,29755.60975609756,2.184761310424112,9433307.99731433,31864468.1183408,29267.829268292688,9433651.651690861,31865412.300980423,29267.829268292688,9433897.4713616,31865322.82993728,30243.390243902442,9433553.816985067,31864378.647297658,30243.390243902442
9433946.388714496,31865839.656778663,29755.60975609756,2.0119942622786513,9433651.651690861,31865412.300980423,29267.829268292688,9433995.306067394,31866356.483620048,29267.829268292688,9434241.125738133,31866267.0125769,30243.390243902442,9433897.4713616,31865322.82993728,30243.390243902442
9434290.04309103,31866783.83941828,29755.60975609756,2.0884423152646936,9433995.306067394,31866356.483620048,29267.829268292688,9434338.960443927,31867300.666259665,29267.829268292688,9434584.780114666,31867211.195216518,30243.390243902442,9434241.125738133,31866267.0125769,30243.390243902442
9434633.697467564,31867728.022057902,29755.60975609756,2.20379695726958,9434338.960443927,31867300.666259665,29267.829268292688,9434682.61482046,31868244.848899286,29267.829268292688,9434928.434491199,31868155.37785614,30243.390243902442,9434584.780114666,31867211.195216518,30243.390243902442
9434977.351844097,31868672.204697523,29755.60975609756,2.372187566319957,9434682.61482046,31868244.848899286,29267.829268292688,9435026.269196993,31869189.031538907,29267.829268292688,9435272.08886773,31869099.560495757,30243.390243902442,9434928.434491199,31868155.37785614,30243.390243902442
9435321.006220628,31869616.38733714,29755.60975609756,3.0532738124584253,9435026.269196993,31869189.031538907,29267.829268292688,9435369.923573526,31870133.214178525,29267.829268292688,9435615.743244262,31870043.743135378,30243.390243902442,9435272.08886773,31869099.560495757,30243.390243902442
9435664.660597162,31870560.569976762,29755.60975609756,3.3543050687617844,9435369.923573526,31870133.214178525,29267.829268292688,9435713.577950059,31871077.396818146,29267.829268292688,9435959.397620795,31870987.925775,30243.390243902442,9435615.743244262,31870043.743135378,30243.390243902442
9436008.314973693,31871504.752616383,29755.60975609756,3.3392444207686394,9435713.577950059,31871077.396818146,29267.829268292688,9436057.232326591,31872021.579457764,29267.829268292688,9436303.051997328,31871932.108414616,30243.390243902442,9435959.397620795,31870987.925775,30243.390243902442
9436351.969350228,31872448.935256,29755.60975609756,2.85417327827081,9436057.232326591,31872021.579457764,29267.829268292688,9436400.886703122,31872965.762097385,29267.829268292688,9436646.706373861,31872876.291054238,30243.390243902442,9436303.051997328,31871932.108414616,30243.390243902442
9436695.62372676,31873393.11789562,29755.60975609756,2.14820839460876,9436400.886703122,31872965.762097385,29267.829268292688,9436744.541079655,31873909.944737006,29267.829268292688,9436990.360750394,31873820.47369386,30243.390243902442,9436646.706373861,31872876.291054238,30243.390243902442
9437039.278103292,31874337.30053524,29755.60975609756,1.824218795042217,9436744.541079655,31873909.944737006,29267.829268292688,9437088.195456188,31874854.127376623,29267.829268292688,9437334.015126927,31874764.65633348,30243.390243902442,9436990.360750394,31873820.47369386,30243.390243902442
9437382.932479825,31875281.48317486,29755.60975609756,1.39706503967112,9437088.195456188,31874854.127376623,29267.829268292688,9437431.849832721,31875798.310016245,29267.829268292688,9437677.66950346,31875708.8389731,30243.390243902442,9437334.015126927,31874764.65633348,30243.390243902442
9437726.586856356,31876225.66581448,29755.60975609756,1.108408474369732,9437431.849832721,31875798.310016245,29267.829268292688,9437775.504209254,31876742.492655866,29267.829268292688,9438021.32387999,31876653.021612722,30243.390243902442,9437677.66950346,31875708.8389731,30243.390243902442
9438070.24123289,31877169.848454103,29755.60975609756,1.0500048787224867,9437775.504209254,31876742.492655866,29267.829268292688,9438119.158585787,31877686.675295483,29267.829268292688,9438364.978256524,31877597.20425234,30243.390243902442,9438021.32387999,31876653.021612722,30243.390243902442
9438413.895609422,31878114.031093724,29755.60975609756,1.0211854942184662,9438119.158585787,31877686.675295483,29267.829268292688,9438462.81296232,31878630.857935105,29267.829268292688,9438708.632633056,31878541.38689196,30243.390243902442,9438364.978256524,31877597.20425234,30243.390243902442
9438757.549985956,31879058.213733345,29755.60975609756,0.633131082025362,9438462.81296232,31878630.857935105,29267.829268292688,9438806.467338853,31879575.04057473,29267.829268292688,9439052.28700959,31879485.569531582,30243.390243902442,9438708.632633056,31878541.38689196,30243.390243902442
9439101.204362487,31880002.396372966,29755.60975609756,0.6284515138096899,9438806.467338853,31879575.04057473,29267.829268292688,9439150.121715384,31880519.223214347,29267.829268292688,9439395.941386122,31880429.7521712,30243.390243902442,9439052.28700959,31879485.569531582,30243.390243902442
9439444.85873902,31880946.579012584,29755.60975609756,0.37258707663313384,9439150.121715384,31880519.223214347,29267.829268292688,9439493.776091916,31881463.405853968,29267.829268292688,9439739.595762655,31881373.93481082,30243.390243902442,9439395.941386122,31880429.7521712,30243.390243902442
9439788.513115553,31881890.761652205,29755.60975609756,0.36675402518484607,9439493.776091916,31881463.405853968,29267.829268292688,9439837.43046845,31882407.58849359,29267.829268292688,9440083.250139188,31882318.117450442,30243.390243902442,9439739.595762655,31881373.93481082,30243.390243902442
9440132.167492084,31882834.944291826,29755.60975609756,0.427075113180416,9439837.43046845,31882407.58849359,29267.829268292688,9440181.084844982,31883351.771133207,29267.829268292688,9440426.90451572,31883262.30009006,30243.390243902442,9440083.250139188,31882318.117450442,30243.390243902442
9440475.821868619,31883779.126931444,29755.60975609756,0.39858121456235457,9440181.084844982,31883351.771133207,29267.829268292688,9440524.739221515,31884295.953772828,29267.829268292688,9440770.558892252,31884206.48272968,30243.390243902442,9440426.90451572,31883262.30009006,30243.390243902442
9440819.47624515,31884723.30957106,29755.60975609756,0.29192147165659516,9440524.739221515,31884295.953772828,29267.829268292688,9440868.393598046,31885240.136412445,29267.829268292688,9441114.213268785,31885150.6653693,30243.390243902442,9440770.558892252,31884206.48272968,30243.390243902442
9441163.130621681,31885667.492210682,29755.60975609756,0.2913669139470647,9440868.393598046,31885240.136412445,29267.829268292688,9441212.047974579,31886184.319052067,29267.829268292688,9441457.867645318,31886094.84800892,30243.390243902442,9441114.213268785,31885150.6653693,30243.390243902442
9441506.784998216,31886611.6748503,29755.60975609756,0.49153185778662567,9441212.047974579,31886184.319052067,29267.829268292688,9441555.702351112,31887128.501691684,29267.829268292688,9441801.52202185,31887039.030648537,30243.390243902442,9441457.867645318,31886094.84800892,30243.390243902442
9441850.439374749,31887555.85748992,29755.60975609756,0.5310063784561028,9441555.702351112,31887128.501691684,29267.829268292688,9441899.356727645,31888072.684331305,29267.829268292688,9442145.176398383,31887983.213288162,30243.390243902442,9441801.52202185,31887039.030648537,30243.390243902442
9442194.093751281,31888500.040129542,29755.60975609756,0.47504513033062207,9441899.356727645,31888072.684331305,29267.829268292688,9442243.011104178,31889016.866970927,29267.829268292688,9442488.830774916,31888927.395927783,30243.390243902442,9442145.176398383,31887983.213288162,30243.390243902442
9442537.748127813,31889444.22276916,29755.60975609756,0.4163371094391322,9442243.011104178,31889016.866970927,29267.829268292688,9442586.66548071,31889961.049610544,29267.829268292688,9442832.485151447,31889871.5785674,30243.390243902442,9442488.830774916,31888927.395927783,30243.390243902442
9442881.402504347,31890388.405408785,29755.60975609756,0.2013110823478977,9442586.66548071,31889961.049610544,29267.829268292688,9442930.319857243,31890905.232250165,29267.829268292688,9443176.13952798,31890815.76120702,30243.390243902442,9442832.485151447,31889871.5785674,30243.390243902442
9443225.056880878,31891332.588048406,29755.60975609756,0.1335739580486616,9442930.319857243,31890905.232250165,29267.829268292688,9443273.974233776,31891849.414889786,29267.829268292688,9443519.793904513,31891759.943846643,30243.390243902442,9443176.13952798,31890815.76120702,30243.390243902442
9443568.711257413,31892276.770688027,29755.60975609756,0.08538461802796356,9443273.974233776,31891849.414889786,29267.829268292688,9443617.628610307,31892793.597529408,29267.829268292688,9443863.448281046,31892704.12648626,30243.390243902442,9443519.793904513,31891759.943846643,30243.390243902442
9443912.365633944,31893220.953327645,29755.60975609756,0.07983884348896587,9443617.628610307,31892793.597529408,29267.829268292688,9443961.28298684,31893737.78016903,29267.829268292688,9444207.102657579,31893648.30912588,30243.390243902442,9443863.448281046,31892704.12648626,30243.390243902442
9444256.020010477,31894165.135967262,29755.60975609756,0.10270296572608334,9443961.28298684,31893737.78016903,29267.829268292688,9444304.937363373,31894681.962808646,29267.829268292688,9444550.757034112,31894592.4917655,30243.390243902442,9444207.102657579,31893648.30912588,30243.390243902442
9444599.67438701,31895109.318606883,29755.60975609756,0.14536517343802402,9444304.937363373,31894681.962808646,29267.829268292688,9444648.591739906,31895626.145448267,29267.829268292688,9444894.411410645,31895536.67440512,30243.390243902442,9444550.757034112,31894592.4917655,30243.390243902442
9444943.32876354,31896053.501246504,29755.60975609756,0.23007699024783704,9444648.591739906,31895626.145448267,29267.829268292688,9444992.246116439,31896570.32808789,29267.829268292688,9445238.065787178,31896480.85704474,30243.390243902442,9444894.411410645,31895536.67440512,30243.390243902442
9445286.983140076,31896997.683886122,29755.60975609756,0.602808290989296,9444992.246116439,31896570.32808789,29267.829268292688,9445335.900492972,31897514.510727506,29267.829268292688,9445581.720163709,31897425.03968436,30243.390243902442,9445238.065787178,31896480.85704474,30243.390243902442
9445630.637516607,31897941.866525743,29755.60975609756,0.9859544631526264,9445335.900492972,31897514.510727506,29267.829268292688,9445679.554869505,31898458.693367127,29267.829268292688,9445925.374540241,31898369.22232398,30243.390243902442,9445581.720163709,31897425.03968436,30243.390243902442
9445974.291893141,31898886.049165364,29755.60975609756,1.0231843892368782,9445679.554869505,31898458.693367127,29267.829268292688,9446023.209246038,31899402.87600675,29267.829268292688,9446269.028916774,31899313.4049636,30243.390243902442,9445925.374540241,31898369.22232398,30243.390243902442
9446317.946269672,31899830.231804986,29755.60975609756,0.8933109697422813,9446023.209246038,31899402.87600675,29267.829268292688,9446366.863622569,31900347.058646366,29267.829268292688,9446612.683293307,31900257.58760322,30243.390243902442,9446269.028916774,31899313.4049636,30243.390243902442
9446661.600646205,31900774.414444603,29755.60975609756,1.1287156137917052,9446366.863622569,31900347.058646366,29267.829268292688,9446710.517999101,31901291.241285987,29267.829268292688,9446956.33766984,31901201.770242844,30243.390243902442,9446612.683293307,31900257.58760322,30243.390243902442
9421133.342076994,31829871.24542995,30731.170731707323,5.171848514262626,9420838.605053362,31829443.889631715,30243.390243902442,9421182.259429894,31830388.072271336,30243.390243902442,9421428.079100633,31830298.601228192,31218.9512195122,9421084.4247241,31829354.41858857,31218.9512195122
9421476.99645353,31830815.428069573,30731.170731707323,4.848761593162654,9421182.259429894,31830388.072271336,30243.390243902442,9421525.913806427,31831332.254910957,30243.390243902442,9421771.733477166,31831242.783867814,31218.9512195122,9421428.079100633,31830298.601228192,31218.9512195122
9421820.650830062,31831759.610709194,30731.170731707323,4.9168669686680895,9421525.913806427,31831332.254910957,30243.390243902442,9421869.56818296,31832276.437550575,30243.390243902442,9422115.387853699,31832186.96650743,31218.9512195122,9421771.733477166,31831242.783867814,31218.9512195122
9422164.305206595,31832703.793348815,30731.170731707323,5.423592427867797,9421869.56818296,31832276.437550575,30243.390243902442,9422213.222559493,31833220.620190196,30243.390243902442,9422459.042230232,31833131.149147052,31218.9512195122,9422115.387853699,31832186.96650743,31218.9512195122
9422507.959583126,31833647.975988433,30731.170731707323,7.368317500143083,9422213.222559493,31833220.620190196,30243.390243902442,9422556.876936026,31834164.802829817,30243.390243902442,9422802.696606763,31834075.33178667,31218.9512195122,9422459.042230232,31833131.149147052,31218.9512195122
9422851.61395966,31834592.158628054,30731.170731707323,7.253542141886255,9422556.876936026,31834164.802829817,30243.390243902442,9422900.531312559,31835108.985469438,30243.390243902442,9423146.350983296,31835019.51442629,31218.9512195122,9422802.696606763,31834075.33178667,31218.9512195122
9423195.268336192,31835536.341267675,30731.170731707323,8.248740920873812,9422900.531312559,31835108.985469438,30243.390243902442,9423244.185689092,31836053.16810906,30243.390243902442,9423490.005359828,31835963.697065912,31218.9512195122,9423146.350983296,31835019.51442629,31218.9512195122
9423538.922712727,31836480.523907293,30731.170731707323,8.464598577313431,9423244.185689092,31836053.16810906,30243.390243902442,9423587.840065623,31836997.350748677,30243.390243902442,9423833.659736361,31836907.87970553,31218.9512195122,9423490.005359828,31835963.697065912,31218.9512195122
9423882.577089258,31837424.706546914,30731.170731707323,9.575304715123847,9423587.840065623,31836997.350748677,30243.390243902442,9423931.494442156,31837941.533388298,30243.390243902442,9424177.314112894,31837852.06234515,31218.9512195122,9423833.659736361,31836907.87970553,31218.9512195122
9424226.23146579,31838368.889186535,30731.170731707323,10.193109484870085,9423931.494442156,31837941.533388298,30243.390243902442,9424275.148818688,31838885.71602792,30243.390243902442,9424520.968489427,31838796.244984772,31218.9512195122,9424177.314112894,31837852.06234515,31218.9512195122
9424569.885842323,31839313.071826156,30731.170731707323,8.13857252965184,9424275.148818688,31838885.71602792,30243.390243902442,9424618.803195221,31839829.898667537,30243.390243902442,9424864.62286596,31839740.42762439,31218.9512195122,9424520.968489427,31838796.244984772,31218.9512195122
9424913.540218854,31840257.254465774,30731.170731707323,8.407308273183876,9424618.803195221,31839829.898667537,30243.390243902442,9424962.457571754,31840774.081307158,30243.390243902442,9425208.277242491,31840684.61026401,31218.9512195122,9424864.62286596,31839740.42762439,31218.9512195122
9425257.194595387,31841201.437105395,30731.170731707323,11.929299037922709,9424962.457571754,31840774.081307158,30243.390243902442,9425306.111948285,31841718.263946775,30243.390243902442,9425551.931619024,31841628.79290363,31218.9512195122,9425208.277242491,31840684.61026401,31218.9512195122
9425600.84897192,31842145.619745012,30731.170731707323,12.047398016741,9425306.111948285,31841718.263946775,30243.390243902442,9425649.766324818,31842662.446586397,30243.390243902442,9425895.585995557,31842572.97554325,31218.9512195122,9425551.931619024,31841628.79290363,31218.9512195122
9425944.503348451,31843089.80238463,30731.170731707323,11.118779572866158,9425649.766324818,31842662.446586397,30243.390243902442,9425993.420701351,31843606.629226018,30243.390243902442,9426239.24037209,31843517.15818287,31218.9512195122,9425895.585995557,31842572.97554325,31218.9512195122
9426288.157724986,31844033.98502425,30731.170731707323,13.250819472680526,9425993.420701351,31843606.629226018,30243.390243902442,9426337.075077884,31844550.811865635,30243.390243902442,9426582.894748623,31844461.34082249,31218.9512195122,9426239.24037209,31843517.15818287,31218.9512195122
9426631.812101519,31844978.167663872,30731.170731707323,15.095517886470207,9426337.075077884,31844550.811865635,30243.390243902442,9426680.729454417,31845494.994505256,30243.390243902442,9426926.549125155,31845405.523462113,31218.9512195122,9426582.894748623,31844461.34082249,31218.9512195122
9426975.466478052,31845922.350303493,30731.170731707323,15.352592585661029,9426680.729454417,31845494.994505256,30243.390243902442,9427024.38383095,31846439.177144874,30243.390243902442,9427270.203501686,31846349.70610173,31218.9512195122,9426926.549125155,31845405.523462113,31218.9512195122
9427319.120854583,31846866.532943115,30731.170731707323,15.55916568356426,9427024.38383095,31846439.177144874,30243.390243902442,9427368.038207483,31847383.359784495,30243.390243902442,9427613.85787822,31847293.88874135,31218.9512195122,9427270.203501686,31846349.70610173,31218.9512195122
9427662.775231117,31847810.715582736,30731.170731707323,15.58801495157656,9427368.038207483,31847383.359784495,30243.390243902442,9427711.692584015,31848327.54242412,30243.390243902442,9427957.512254752,31848238.071380973,31218.9512195122,9427613.85787822,31847293.88874135,31218.9512195122
9428006.429607648,31848754.898222353,30731.170731707323,15.286761837859089,9427711.692584015,31848327.54242412,30243.390243902442,9428055.346960546,31849271.725063737,30243.390243902442,9428301.166631285,31849182.25402059,31218.9512195122,9427957.512254752,31848238.071380973,31218.9512195122
9428350.08398418,31849699.080861975,30731.170731707323,15.113705646025224,9428055.346960546,31849271.725063737,30243.390243902442,9428399.00133708,31850215.90770336,30243.390243902442,9428644.821007818,31850126.43666021,31218.9512195122,9428301.166631285,31849182.25402059,31218.9512195122
9428693.738360714,31850643.263501596,30731.170731707323,13.802383740922274,9428399.00133708,31850215.90770336,30243.390243902442,9428742.655713612,31851160.09034298,30243.390243902442,9428988.47538435,31851070.619299833,31218.9512195122,9428644.821007818,31850126.43666021,31218.9512195122
9429037.392737247,31851587.446141217,30731.170731707323,9.549449072968882,9428742.655713612,31851160.09034298,30243.390243902442,9429086.310090145,31852104.272982597,30243.390243902442,9429332.129760884,31852014.80193945,31218.9512195122,9428988.47538435,31851070.619299833,31218.9512195122
9429381.04711378,31852531.628780834,30731.170731707323,8.354267512509125,9429086.310090145,31852104.272982597,30243.390243902442,9429429.964466678,31853048.45562222,30243.390243902442,9429675.784137417,31852958.98457907,31218.9512195122,9429332.129760884,31852014.80193945,31218.9512195122
9429724.701490311,31853475.811420456,30731.170731707323,8.67338199315678,9429429.964466678,31853048.45562222,30243.390243902442,9429773.61884321,31853992.63826184,30243.390243902442,9430019.438513948,31853903.167218693,31218.9512195122,9429675.784137417,31852958.98457907,31218.9512195122
9430068.355866846,31854419.994060073,30731.170731707323,7.604330460993693,9429773.61884321,31853992.63826184,30243.390243902442,9430117.273219744,31854936.820901457,30243.390243902442,9430363.09289048,31854847.34985831,31218.9512195122,9430019.438513948,31853903.167218693,31218.9512195122
9430412.010243377,31855364.176699694,30731.170731707323,6.272626718963859,9430117.273219744,31854936.820901457,30243.390243902442,9430460.927596277,31855881.00354108,30243.390243902442,9430706.747267013,31855791.53249793,31218.9512195122,9430363.09289048,31854847.34985831,31218.9512195122
9430755.664619911,31856308.35933931,30731.170731707323,5.3477038455659995,9430460.927596277,31855881.00354108,30243.390243902442,9430804.581972808,31856825.1861807,30243.390243902442,9431050.401643546,31856735.715137552,31218.9512195122,9430706.747267013,31855791.53249793,31218.9512195122
9431099.318996442,31857252.541978933,30731.170731707323,5.105653322650114,9430804.581972808,31856825.1861807,30243.390243902442,9431148.23634934,31857769.368820317,30243.390243902442,9431394.05602008,31857679.897777174,31218.9512195122,9431050.401643546,31856735.715137552,31218.9512195122
9431442.973372975,31858196.724618554,30731.170731707323,4.791246566886636,9431148.23634934,31857769.368820317,30243.390243902442,9431491.890725873,31858713.55145994,30243.390243902442,9431737.710396612,31858624.080416795,31218.9512195122,9431394.05602008,31857679.897777174,31218.9512195122
9431786.627749508,31859140.90725818,30731.170731707323,4.4068205404114416,9431491.890725873,31858713.55145994,30243.390243902442,9431835.545102406,31859657.734099556,30243.390243902442,9432081.364773145,31859568.263056412,31218.9512195122,9431737.710396612,31858624.080416795,31218.9512195122
9432130.28212604,31860085.089897797,30731.170731707323,3.967970132506252,9431835.545102406,31859657.734099556,30243.390243902442,9432179.19947894,31860601.916739177,30243.390243902442,9432425.019149678,31860512.445696034,31218.9512195122,9432081.364773145,31859568.263056412,31218.9512195122
9432473.936502574,31861029.272537418,30731.170731707323,3.3920543917888843,9432179.19947894,31860601.916739177,30243.390243902442,9432522.85385547,31861546.099378802,30243.390243902442,9432768.673526209,31861456.628335655,31218.9512195122,9432425.019149678,31860512.445696034,31218.9512195122
9432817.590879105,31861973.45517704,30731.170731707323,2.8413372388292886,9432522.85385547,31861546.099378802,30243.390243902442,9432866.508232003,31862490.28201842,30243.390243902442,9433112.327902742,31862400.810975272,31218.9512195122,9432768.673526209,31861456.628335655,31218.9512195122
9433161.24525564,31862917.637816656,30731.170731707323,2.464239170105682,9432866.508232003,31862490.28201842,30243.390243902442,9433210.162608534,31863434.46465804,30243.390243902442,9433455.982279275,31863344.993614893,31218.9512195122,9433112.327902742,31862400.810975272,31218.9512195122
9433504.89963217,31863861.820456274,30731.170731707323,2.2825188596036274,9433210.162608534,31863434.46465804,30243.390243902442,9433553.816985067,31864378.647297658,30243.390243902442,9433799.636655807,31864289.17625451,31218.9512195122,9433455.982279275,31863344.993614893,31218.9512195122
9433848.554008704,31864806.003095895,30731.170731707323,2.6843179710800187,9433553.816985067,31864378.647297658,30243.390243902442,9433897.4713616,31865322.82993728,30243.390243902442,9434143.29103234,31865233.358894132,31218.9512195122,9433799.636655807,31864289.17625451,31218.9512195122
9434192.208385237,31865750.185735516,30731.170731707323,2.6183511162842756,9433897.4713616,31865322.82993728,30243.390243902442,9434241.125738133,31866267.0125769,30243.390243902442,9434486.945408871,31866177.54153375,31218.9512195122,9434143.29103234,31865233.358894132,31218.9512195122
9434535.862761768,31866694.368375134,30731.170731707323,2.5274088751136543,9434241.125738133,31866267.0125769,30243.390243902442,9434584.780114666,31867211.195216518,30243.390243902442,9434830.599785404,31867121.72417337,31218.9512195122,9434486.945408871,31866177.54153375,31218.9512195122
9434879.517138302,31867638.551014755,30731.170731707323,2.295742159198866,9434584.780114666,31867211.195216518,30243.390243902442,9434928.434491199,31868155.37785614,30243.390243902442,9435174.254161937,31868065.906812992,31218.9512195122,9434830.599785404,31867121.72417337,31218.9512195122
9435223.171514833,31868582.733654372,30731.170731707323,2.5591118996784834,9434928.434491199,31868155.37785614,30243.390243902442,9435272.08886773,31869099.560495757,30243.390243902442,9435517.90853847,31869010.08945261,31218.9512195122,9435174.254161937,31868065.906812992,31218.9512195122
9435566.825891364,31869526.916293994,30731.170731707323,3.0406187197889216,9435272.08886773,31869099.560495757,30243.390243902442,9435615.743244262,31870043.743135378,30243.390243902442,9435861.562915003,31869954.272092234,31218.9512195122,9435517.90853847,31869010.08945261,31218.9512195122
9435910.4802679,31870471.098933615,30731.170731707323,2.7974979668223585,9435615.743244262,31870043.743135378,30243.390243902442,9435959.397620795,31870987.925775,30243.390243902442,9436205.217291536,31870898.454731856,31218.9512195122,9435861.562915003,31869954.272092234,31218.9512195122
9436254.134644432,31871415.281573236,30731.170731707323,2.5570618109364767,9435959.397620795,31870987.925775,30243.390243902442,9436303.051997328,31871932.108414616,30243.390243902442,9436548.871668069,31871842.637371473,31218.9512195122,9436205.217291536,31870898.454731856,31218.9512195122
9436597.789020965,31872359.464212857,30731.170731707323,2.1207312066909245,9436303.051997328,31871932.108414616,30243.390243902442,9436646.706373861,31872876.291054238,30243.390243902442,9436892.526044602,31872786.820011094,31218.9512195122,9436548.871668069,31871842.637371473,31218.9512195122
9436941.443397496,31873303.64685248,30731.170731707323,1.6477970614854125,9436646.706373861,31872876.291054238,30243.390243902442,9436990.360750394,31873820.47369386,30243.390243902442,9437236.180421133,31873731.002650715,31218.9512195122,9436892.526044602,31872786.820011094,31218.9512195122
9437285.09777403,31874247.829492096,30731.170731707323,1.1397781264218936,9436990.360750394,31873820.47369386,30243.390243902442,9437334.015126927,31874764.65633348,30243.390243902442,9437579.834797665,31874675.185290333,31218.9512195122,9437236.180421133,31873731.002650715,31218.9512195122
9437628.752150562,31875192.012131717,30731.170731707323,0.8864346448618938,9437334.015126927,31874764.65633348,30243.390243902442,9437677.66950346,31875708.8389731,30243.390243902442,9437923.489174198,31875619.367929954,31218.9512195122,9437579.834797665,31874675.185290333,31218.9512195122
9437972.406527096,31876136.19477134,30731.170731707323,0.8008587227503478,9437677.66950346,31875708.8389731,30243.390243902442,9438021.32387999,31876653.021612722,30243.390243902442,9438267.143550731,31876563.550569575,31218.9512195122,9437923.489174198,31875619.367929954,31218.9512195122
9438316.060903627,31877080.377410956,30731.170731707323,0.9626942029006783,9438021.32387999,31876653.021612722,30243.390243902442,9438364.978256524,31877597.20425234,30243.390243902442,9438610.797927264,31877507.733209193,31218.9512195122,9438267.143550731,31876563.550569575,31218.9512195122
9438659.71528016,31878024.560050577,30731.170731707323,0.9203891269200087,9438364.978256524,31877597.20425234,30243.390243902442,9438708.632633056,31878541.38689196,30243.390243902442,9438954.452303797,31878451.915848814,31218.9512195122,9438610.797927264,31877507.733209193,31218.9512195122
9439003.369656693,31878968.742690198,30731.170731707323,0.9736021716709649,9438708.632633056,31878541.38689196,30243.390243902442,9439052.28700959,31879485.569531582,30243.390243902442,9439298.10668033,31879396.098488435,31218.9512195122,9438954.452303797,31878451.915848814,31218.9512195122
9439347.024033224,31879912.92532982,30731.170731707323,0.8953521195505847,9439052.28700959,31879485.569531582,30243.390243902442,9439395.941386122,31880429.7521712,30243.390243902442,9439641.761056863,31880340.281128053,31218.9512195122,9439298.10668033,31879396.098488435,31218.9512195122
9439690.678409759,31880857.107969437,30731.170731707323,0.6917723869116874,9439395.941386122,31880429.7521712,30243.390243902442,9439739.595762655,31881373.93481082,30243.390243902442,9439985.415433394,31881284.463767674,31218.9512195122,9439641.761056863,31880340.281128053,31218.9512195122
9440034.33278629,31881801.290609058,30731.170731707323,0.7752715725888109,9439739.595762655,31881373.93481082,30243.390243902442,9440083.250139188,31882318.117450442,30243.390243902442,9440329.069809927,31882228.64640729,31218.9512195122,9439985.415433394,31881284.463767674,31218.9512195122
9440377.987162825,31882745.47324868,30731.170731707323,0.8904976730755542,9440083.250139188,31882318.117450442,30243.390243902442,9440426.90451572,31883262.30009006,30243.390243902442,9440672.72418646,31883172.829046916,31218.9512195122,9440329.069809927,31882228.64640729,31218.9512195122
9440721.641539356,31883689.655888297,30731.170731707323,0.8556132031847471,9440426.90451572,31883262.30009006,30243.390243902442,9440770.558892252,31884206.48272968,30243.390243902442,9441016.378562992,31884117.011686537,31218.9512195122,9440672.72418646,31883172.829046916,31218.9512195122
9441065.295915889,31884633.838527914,30731.170731707323,0.7287791924291153,9440770.558892252,31884206.48272968,30243.390243902442,9441114.213268785,31885150.6653693,30243.390243902442,9441360.032939525,31885061.194326155,31218.9512195122,9441016.378562992,31884117.011686537,31218.9512195122
9441408.950292422,31885578.02116754,30731.170731707323,0.6639320482518886,9441114.213268785,31885150.6653693,30243.390243902442,9441457.867645318,31886094.84800892,30243.390243902442,9441703.687316056,31886005.376965776,31218.9512195122,9441360.032939525,31885061.194326155,31218.9512195122
9441752.604668953,31886522.203807157,30731.170731707323,0.8390049756446617,9441457.867645318,31886094.84800892,30243.390243902442,9441801.52202185,31887039.030648537,30243.390243902442,9442047.34169259,31886949.559605394,31218.9512195122,9441703.687316056,31886005.376965776,31218.9512195122
9442096.259045487,31887466.386446778,30731.170731707323,0.6518648017207989,9441801.52202185,31887039.030648537,30243.390243902442,9442145.176398383,31887983.213288162,30243.390243902442,9442390.996069122,31887893.742245015,31218.9512195122,9442047.34169259,31886949.559605394,31218.9512195122
9442439.913422018,31888410.5690864,30731.170731707323,0.6099460818652116,9442145.176398383,31887983.213288162,30243.390243902442,9442488.830774916,31888927.395927783,30243.390243902442,9442734.650445655,31888837.924884636,31218.9512195122,9442390.996069122,31887893.742245015,31218.9512195122
9442783.567798553,31889354.751726016,30731.170731707323,0.44718349116909334,9442488.830774916,31888927.395927783,30243.390243902442,9442832.485151447,31889871.5785674,30243.390243902442,9443078.304822188,31889782.107524253,31218.9512195122,9442734.650445655,31888837.924884636,31218.9512195122
9443127.222175084,31890298.934365638,30731.170731707323,0.2970585478789988,9442832.485151447,31889871.5785674,30243.390243902442,9443176.13952798,31890815.76120702,30243.390243902442,9443421.95919872,31890726.290163875,31218.9512195122,9443078.304822188,31889782.107524253,31218.9512195122
9443470.876551617,31891243.11700526,30731.170731707323,0.16036085294877242,9443176.13952798,31890815.76120702,30243.390243902442,9443519.793904513,31891759.943846643,30243.390243902442,9443765.613575254,31891670.472803492,31218.9512195122,9443421.95919872,31890726.290163875,31218.9512195122
9443814.53092815,31892187.29964488,30731.170731707323,0.07903735765787798,9443519.793904513,31891759.943846643,30243.390243902442,9443863.448281046,31892704.12648626,30243.390243902442,9444109.267951787,31892614.655443113,31218.9512195122,9443765.613575254,31891670.472803492,31218.9512195122
9444158.18530468,31893131.482284497,30731.170731707323,0.03652009127088859,9443863.448281046,31892704.12648626,30243.390243902442,9444207.102657579,31893648.30912588,30243.390243902442,9444452.922328318,31893558.838082734,31218.9512195122,9444109.267951787,31892614.655443113,31218.9512195122
9444501.839681216,31894075.664924115,30731.170731707323,0.09489904589190529,9444207.102657579,31893648.30912588,30243.390243902442,9444550.757034112,31894592.4917655,30243.390243902442,9444796.57670485,31894503.020722352,31218.9512195122,9444452.922328318,31893558.838082734,31218.9512195122
9444845.494057747,31895019.847563736,30731.170731707323,0.12758089857651095,9444550.757034112,31894592.4917655,30243.390243902442,9444894.411410645,31895536.67440512,30243.390243902442,9445140.231081383,31895447.203361973,31218.9512195122,9444796.57670485,31894503.020722352,31218.9512195122
9445189.148434281,31895964.030203357,30731.170731707323,0.11598064081313868,9444894.411410645,31895536.67440512,30243.390243902442,9445238.065787178,31896480.85704474,30243.390243902442,9445483.885457916,31896391.386001598,31218.9512195122,9445140.231081383,31895447.203361973,31218.9512195122
9445532.802810812,31896908.212842975,30731.170731707323,0.2395772941136969,9445238.065787178,31896480.85704474,30243.390243902442,9445581.720163709,31897425.03968436,30243.390243902442,9445827.539834449,31897335.568641216,31218.9512195122,9445483.885457916,31896391.386001598,31218.9512195122
9445876.457187345,31897852.395482596,30731.170731707323,0.4974666708771072,9445581.720163709,31897425.03968436,30243.390243902442,9445925.374540241,31898369.22232398,30243.390243902442,9446171.194210982,31898279.751280837,31218.9512195122,9445827.539834449,31897335.568641216,31218.9512195122
9446220.111563878,31898796.57812222,30731.170731707323,0.8591410040223814,9445925.374540241,31898369.22232398,30243.390243902442,9446269.028916774,31899313.4049636,30243.390243902442,9446514.848587515,31899223.933920458,31218.9512195122,9446171.194210982,31898279.751280837,31218.9512195122
9446563.76594041,31899740.760761842,30731.170731707323,1.0478430947008543,9446269.028916774,31899313.4049636,30243.390243902442,9446612.683293307,31900257.58760322,30243.390243902442,9446858.502964048,31900168.116560075,31218.9512195122,9446514.848587515,31899223.933920458,31218.9512195122
9446907.420316944,31900684.94340146,30731.170731707323,1.0662540661780422,9446612.683293307,31900257.58760322,30243.390243902442,9446956.33766984,31901201.770242844,30243.390243902442,9447202.157340579,31901112.299199697,31218.9512195122,9446858.502964048,31900168.116560075,31218.9512195122
9421379.161747739,31829781.77438681,31706.731707317074,3.401170061409905,9421084.4247241,31829354.41858857,31218.9512195122,9421428.079100633,31830298.601228192,31218.9512195122,9421673.898771374,31830209.13018504,32194.51219512195,9421330.24439484,31829264.947545424,32194.51219512195
9421722.81612427,31830725.95702643,31706.731707317074,3.7446010788534547,9421428.079100633,31830298.601228192,31218.9512195122,9421771.733477166,31831242.783867814,31218.9512195122,9422017.553147906,31831153.312824663,32194.51219512195,9421673.898771374,31830209.13018504,32194.51219512195
9422066.470500803,31831670.13966605,31706.731707317074,4.263706776264095,9421771.733477166,31831242.783867814,31218.9512195122,9422115.387853699,31832186.96650743,31218.9512195122,9422361.20752444,31832097.495464284,32194.51219512195,9422017.553147906,31831153.312824663,32194.51219512195
9422410.124877336,31832614.322305664,31706.731707317074,5.032231688847594,9422115.387853699,31832186.96650743,31218.9512195122,9422459.042230232,31833131.149147052,31218.9512195122,9422704.861900972,31833041.6781039,32194.51219512195,9422361.20752444,31832097.495464284,32194.51219512195
9422753.779253868,31833558.504945286,31706.731707317074,6.349956144130944,9422459.042230232,31833131.149147052,31218.9512195122,9422802.696606763,31834075.33178667,31218.9512195122,9423048.516277505,31833985.860743523,32194.51219512195,9422704.861900972,31833041.6781039,32194.51219512195
9423097.433630401,31834502.687584907,31706.731707317074,8.138029844373992,9422802.696606763,31834075.33178667,31218.9512195122,9423146.350983296,31835019.51442629,31218.9512195122,9423392.170654038,31834930.043383144,32194.51219512195,9423048.516277505,31833985.860743523,32194.51219512195
9423441.088006934,31835446.870224524,31706.731707317074,8.455734831146252,9423146.350983296,31835019.51442629,31218.9512195122,9423490.005359828,31835963.697065912,31218.9512195122,9423735.82503057,31835874.22602276,32194.51219512195,9423392.170654038,31834930.043383144,32194.51219512195
9423784.742383467,31836391.052864145,31706.731707317074,9.990609676570314,9423490.005359828,31835963.697065912,31218.9512195122,9423833.659736361,31836907.87970553,31218.9512195122,9424079.479407102,31836818.408662383,32194.51219512195,9423735.82503057,31835874.22602276,32194.51219512195
9424128.396759998,31837335.235503767,31706.731707317074,9.034113169354974,9423833.659736361,31836907.87970553,31218.9512195122,9424177.314112894,31837852.06234515,31218.9512195122,9424423.133783635,31837762.591302007,32194.51219512195,9424079.479407102,31836818.408662383,32194.51219512195
9424472.051136531,31838279.418143388,31706.731707317074,6.866769415457609,9424177.314112894,31837852.06234515,31218.9512195122,9424520.968489427,31838796.244984772,31218.9512195122,9424766.788160168,31838706.773941625,32194.51219512195,9424423.133783635,31837762.591302007,32194.51219512195
9424815.705513064,31839223.600783005,31706.731707317074,5.835038745074884,9424520.968489427,31838796.244984772,31218.9512195122,9424864.62286596,31839740.42762439,31218.9512195122,9425110.4425367,31839650.956581246,32194.51219512195,9424766.788160168,31838706.773941625,32194.51219512195
9425159.359889597,31840167.783422627,31706.731707317074,7.455577378167316,9424864.62286596,31839740.42762439,31218.9512195122,9425208.277242491,31840684.61026401,31218.9512195122,9425454.096913233,31840595.139220864,32194.51219512195,9425110.4425367,31839650.956581246,32194.51219512195
9425503.01426613,31841111.96606225,31706.731707317074,9.764034270695348,9425208.277242491,31840684.61026401,31218.9512195122,9425551.931619024,31841628.79290363,31218.9512195122,9425797.751289766,31841539.321860485,32194.51219512195,9425454.096913233,31840595.139220864,32194.51219512195
9425846.668642662,31842056.148701865,31706.731707317074,8.810286304069836,9425551.931619024,31841628.79290363,31218.9512195122,9425895.585995557,31842572.97554325,31218.9512195122,9426141.405666297,31842483.504500102,32194.51219512195,9425797.751289766,31841539.321860485,32194.51219512195
9426190.323019195,31843000.331341486,31706.731707317074,8.984654642745932,9425895.585995557,31842572.97554325,31218.9512195122,9426239.24037209,31843517.15818287,31218.9512195122,9426485.06004283,31843427.687139723,32194.51219512195,9426141.405666297,31842483.504500102,32194.51219512195
9426533.977395726,31843944.513981108,31706.731707317074,9.95777555597617,9426239.24037209,31843517.15818287,31218.9512195122,9426582.894748623,31844461.34082249,31218.9512195122,9426828.714419363,31844371.869779345,32194.51219512195,9426485.06004283,31843427.687139723,32194.51219512195
9426877.63177226,31844888.69662073,31706.731707317074,9.335577102383747,9426582.894748623,31844461.34082249,31218.9512195122,9426926.549125155,31845405.523462113,31218.9512195122,9427172.368795896,31845316.052418962,32194.51219512195,9426828.714419363,31844371.869779345,32194.51219512195
9427221.286148792,31845832.879260346,31706.731707317074,11.276677227253668,9426926.549125155,31845405.523462113,31218.9512195122,9427270.203501686,31846349.70610173,31218.9512195122,9427516.023172429,31846260.235058583,32194.51219512195,9427172.368795896,31845316.052418962,32194.51219512195
9427564.940525325,31846777.061899967,31706.731707317074,14.013727805953897,9427270.203501686,31846349.70610173,31218.9512195122,9427613.85787822,31847293.88874135,31218.9512195122,9427859.677548962,31847204.417698205,32194.51219512195,9427516.023172429,31846260.235058583,32194.51219512195
9427908.594901858,31847721.24453959,31706.731707317074,14.493799153169814,9427613.85787822,31847293.88874135,31218.9512195122,9427957.512254752,31848238.071380973,31218.9512195122,9428203.331925495,31848148.600337822,32194.51219512195,9427859.677548962,31847204.417698205,32194.51219512195
9428252.24927839,31848665.427179206,31706.731707317074,14.786913829598694,9427957.512254752,31848238.071380973,31218.9512195122,9428301.166631285,31849182.25402059,31218.9512195122,9428546.986302027,31849092.782977443,32194.51219512195,9428203.331925495,31848148.600337822,32194.51219512195
9428595.903654924,31849609.609818827,31706.731707317074,14.970636936532678,9428301.166631285,31849182.25402059,31218.9512195122,9428644.821007818,31850126.43666021,31218.9512195122,9428890.640678558,31850036.965617064,32194.51219512195,9428546.986302027,31849092.782977443,32194.51219512195
9428939.558031455,31850553.79245845,31706.731707317074,13.804214364523057,9428644.821007818,31850126.43666021,31218.9512195122,9428988.47538435,31851070.619299833,31218.9512195122,9429234.295055091,31850981.148256686,32194.51219512195,9428890.640678558,31850036.965617064,32194.51219512195
9429283.212407988,31851497.97509807,31706.731707317074,10.196236487791227,9428988.47538435,31851070.619299833,31218.9512195122,9429332.129760884,31852014.80193945,31218.9512195122,9429577.949431624,31851925.330896307,32194.51219512195,9429234.295055091,31850981.148256686,32194.51219512195
9429626.86678452,31852442.157737687,31706.731707317074,8.323732194768764,9429332.129760884,31852014.80193945,31218.9512195122,9429675.784137417,31852958.98457907,31218.9512195122,9429921.603808157,31852869.513535928,32194.51219512195,9429577.949431624,31851925.330896307,32194.51219512195
9429970.521161053,31853386.34037731,31706.731707317074,6.370460712407968,9429675.784137417,31852958.98457907,31218.9512195122,9430019.438513948,31853903.167218693,31218.9512195122,9430265.25818469,31853813.696175545,32194.51219512195,9429921.603808157,31852869.513535928,32194.51219512195
9430314.175537586,31854330.52301693,31706.731707317074,6.073446931597484,9430019.438513948,31853903.167218693,31218.9512195122,9430363.09289048,31854847.34985831,31218.9512195122,9430608.912561223,31854757.878815167,32194.51219512195,9430265.25818469,31853813.696175545,32194.51219512195
9430657.82991412,31855274.705656547,31706.731707317074,7.174385580136256,9430363.09289048,31854847.34985831,31218.9512195122,9430706.747267013,31855791.53249793,31218.9512195122,9430952.566937756,31855702.061454784,32194.51219512195,9430608.912561223,31854757.878815167,32194.51219512195
9431001.484290652,31856218.88829617,31706.731707317074,7.615871126280728,9430706.747267013,31855791.53249793,31218.9512195122,9431050.401643546,31856735.715137552,31218.9512195122,9431296.221314289,31856646.244094405,32194.51219512195,9430952.566937756,31855702.061454784,32194.51219512195
9431345.138667185,31857163.07093579,31706.731707317074,6.380736159582691,9431050.401643546,31856735.715137552,31218.9512195122,9431394.05602008,31857679.897777174,31218.9512195122,9431639.87569082,31857590.426734027,32194.51219512195,9431296.221314289,31856646.244094405,32194.51219512195
9431688.793043716,31858107.25357541,31706.731707317074,5.9663394454348815,9431394.05602008,31857679.897777174,31218.9512195122,9431737.710396612,31858624.080416795,31218.9512195122,9431983.530067353,31858534.609373644,32194.51219512195,9431639.87569082,31857590.426734027,32194.51219512195
9432032.447420249,31859051.43621503,31706.731707317074,4.962291820679864,9431737.710396612,31858624.080416795,31218.9512195122,9432081.364773145,31859568.263056412,31218.9512195122,9432327.184443885,31859478.792013265,32194.51219512195,9431983.530067353,31858534.609373644,32194.51219512195
9432376.101796784,31859995.61885465,31706.731707317074,3.9679923953012395,9432081.364773145,31859568.263056412,31218.9512195122,9432425.019149678,31860512.445696034,31218.9512195122,9432670.838820418,31860422.974652886,32194.51219512195,9432327.184443885,31859478.792013265,32194.51219512195
9432719.756173315,31860939.80149427,31706.731707317074,3.6659453537106206,9432425.019149678,31860512.445696034,31218.9512195122,9432768.673526209,31861456.628335655,31218.9512195122,9433014.493196951,31861367.157292504,32194.51219512195,9432670.838820418,31860422.974652886,32194.51219512195
9433063.410549847,31861883.98413389,31706.731707317074,3.1628212321383167,9432768.673526209,31861456.628335655,31218.9512195122,9433112.327902742,31862400.810975272,31218.9512195122,9433358.147573484,31862311.339932125,32194.51219512195,9433014.493196951,31861367.157292504,32194.51219512195
9433407.06492638,31862828.166773506,31706.731707317074,2.8267965399830115,9433112.327902742,31862400.810975272,31218.9512195122,9433455.982279275,31863344.993614893,31218.9512195122,9433701.801950015,31863255.522571743,32194.51219512195,9433358.147573484,31862311.339932125,32194.51219512195
9433750.719302911,31863772.349413127,31706.731707317074,2.847131338293191,9433455.982279275,31863344.993614893,31218.9512195122,9433799.636655807,31864289.17625451,31218.9512195122,9434045.456326548,31864199.705211367,32194.51219512195,9433701.801950015,31863255.522571743,32194.51219512195
9434094.373679444,31864716.532052748,31706.731707317074,2.912764926596314,9433799.636655807,31864289.17625451,31218.9512195122,9434143.29103234,31865233.358894132,31218.9512195122,9434389.11070308,31865143.887850985,32194.51219512195,9434045.456326548,31864199.705211367,32194.51219512195
9434438.028055977,31865660.714692365,31706.731707317074,2.910399836743968,9434143.29103234,31865233.358894132,31218.9512195122,9434486.945408871,31866177.54153375,31218.9512195122,9434732.765079614,31866088.070490606,32194.51219512195,9434389.11070308,31865143.887850985,32194.51219512195
9434781.68243251,31866604.89733199,31706.731707317074,2.236593940962989,9434486.945408871,31866177.54153375,31218.9512195122,9434830.599785404,31867121.72417337,31218.9512195122,9435076.419456147,31867032.253130227,32194.51219512195,9434732.765079614,31866088.070490606,32194.51219512195
9435125.336809043,31867549.07997161,31706.731707317074,1.9662086659598925,9434830.599785404,31867121.72417337,31218.9512195122,9435174.254161937,31868065.906812992,31218.9512195122,9435420.07383268,31867976.435769845,32194.51219512195,9435076.419456147,31867032.253130227,32194.51219512195
9435468.991185576,31868493.26261123,31706.731707317074,2.194401044202226,9435174.254161937,31868065.906812992,31218.9512195122,9435517.90853847,31869010.08945261,31218.9512195122,9435763.728209212,31868920.618409466,32194.51219512195,9435420.07383268,31867976.435769845,32194.51219512195
9435812.645562109,31869437.44525085,31706.731707317074,2.29175468348886,9435517.90853847,31869010.08945261,31218.9512195122,9435861.562915003,31869954.272092234,31218.9512195122,9436107.382585743,31869864.801049087,32194.51219512195,9435763.728209212,31868920.618409466,32194.51219512195
9436156.29993864,31870381.62789047,31706.731707317074,1.8037737080830583,9435861.562915003,31869954.272092234,31218.9512195122,9436205.217291536,31870898.454731856,31218.9512195122,9436451.036962276,31870808.983688705,32194.51219512195,9436107.382585743,31869864.801049087,32194.51219512195
9436499.954315173,31871325.810530093,31706.731707317074,1.5650539581889558,9436205.217291536,31870898.454731856,31218.9512195122,9436548.871668069,31871842.637371473,31218.9512195122,9436794.69133881,31871753.166328326,32194.51219512195,9436451.036962276,31870808.983688705,32194.51219512195
9436843.608691705,31872269.99316971,31706.731707317074,1.3361504285222423,9436548.871668069,31871842.637371473,31218.9512195122,9436892.526044602,31872786.820011094,31218.9512195122,9437138.345715342,31872697.348967947,32194.51219512195,9436794.69133881,31871753.166328326,32194.51219512195
9437187.263068238,31873214.175809328,31706.731707317074,1.3082663277347348,9436892.526044602,31872786.820011094,31218.9512195122,9437236.180421133,31873731.002650715,31218.9512195122,9437482.000091875,31873641.531607565,32194.51219512195,9437138.345715342,31872697.348967947,32194.51219512195
9437530.917444771,31874158.35844895,31706.731707317074,1.1507508160221567,9437236.180421133,31873731.002650715,31218.9512195122,9437579.834797665,31874675.185290333,31218.9512195122,9437825.654468408,31874585.714247186,32194.51219512195,9437482.000091875,31873641.531607565,32194.51219512195
9437874.571821302,31875102.54108857,31706.731707317074,1.1867262860575922,9437579.834797665,31874675.185290333,31218.9512195122,9437923.489174198,31875619.367929954,31218.9512195122,9438169.30884494,31875529.896886807,32194.51219512195,9437825.654468408,31874585.714247186,32194.51219512195
9438218.226197835,31876046.723728187,31706.731707317074,1.4476400175273183,9437923.489174198,31875619.367929954,31218.9512195122,9438267.143550731,31876563.550569575,31218.9512195122,9438512.963221474,31876474.079526424,32194.51219512195,9438169.30884494,31875529.896886807,32194.51219512195
9438561.880574368,31876990.90636781,31706.731707317074,1.517933923152855,9438267.143550731,31876563.550569575,31218.9512195122,9438610.797927264,31877507.733209193,31218.9512195122,9438856.617598005,31877418.26216605,32194.51219512195,9438512.963221474,31876474.079526424,32194.51219512195
9438905.5349509,31877935.08900743,31706.731707317074,1.4107730406488936,9438610.797927264,31877507.733209193,31218.9512195122,9438954.452303797,31878451.915848814,31218.9512195122,9439200.271974538,31878362.444805667,32194.51219512195,9438856.617598005,31877418.26216605,32194.51219512195
9439249.189327432,31878879.271647047,31706.731707317074,1.149914570419019,9438954.452303797,31878451.915848814,31218.9512195122,9439298.10668033,31879396.098488435,31218.9512195122,9439543.92635107,31879306.627445288,32194.51219512195,9439200.271974538,31878362.444805667,32194.51219512195
9439592.843703967,31879823.454286672,31706.731707317074,1.1657046434231977,9439298.10668033,31879396.098488435,31218.9512195122,9439641.761056863,31880340.281128053,31218.9512195122,9439887.580727603,31880250.81008491,32194.51219512195,9439543.92635107,31879306.627445288,32194.51219512195
9439936.498080498,31880767.636926293,31706.731707317074,1.0335789556010073,9439641.761056863,31880340.281128053,31218.9512195122,9439985.415433394,31881284.463767674,31218.9512195122,9440231.235104136,31881194.992724527,32194.51219512195,9439887.580727603,31880250.81008491,32194.51219512195
9440280.15245703,31881711.819565915,31706.731707317074,0.9875113566717378,9439985.415433394,31881284.463767674,31218.9512195122,9440329.069809927,31882228.64640729,31218.9512195122,9440574.889480669,31882139.175364148,32194.51219512195,9440231.235104136,31881194.992724527,32194.51219512195
9440623.806833563,31882656.002205532,31706.731707317074,0.8674898756168204,9440329.069809927,31882228.64640729,31218.9512195122,9440672.72418646,31883172.829046916,31218.9512195122,9440918.543857202,31883083.35800377,32194.51219512195,9440574.889480669,31882139.175364148,32194.51219512195
9440967.461210096,31883600.18484515,31706.731707317074,0.8701874604538298,9440672.72418646,31883172.829046916,31218.9512195122,9441016.378562992,31884117.011686537,31218.9512195122,9441262.198233735,31884027.540643387,32194.51219512195,9440918.543857202,31883083.35800377,32194.51219512195
9441311.11558663,31884544.36748477,31706.731707317074,0.816990768681414,9441016.378562992,31884117.011686537,31218.9512195122,9441360.032939525,31885061.194326155,31218.9512195122,9441605.852610266,31884971.723283008,32194.51219512195,9441262.198233735,31884027.540643387,32194.51219512195
9441654.76996316,31885488.550124392,31706.731707317074,0.9425719840185737,9441360.032939525,31885061.194326155,31218.9512195122,9441703.687316056,31886005.376965776,31218.9512195122,9441949.506986799,31885915.905922625,32194.51219512195,9441605.852610266,31884971.723283008,32194.51219512195
9441998.424339693,31886432.73276401,31706.731707317074,0.8289564416852444,9441703.687316056,31886005.376965776,31218.9512195122,9442047.34169259,31886949.559605394,31218.9512195122,9442293.161363332,31886860.088562246,32194.51219512195,9441949.506986799,31885915.905922625,32194.51219512195
9442342.078716226,31887376.91540363,31706.731707317074,0.7391348772803138,9442047.34169259,31886949.559605394,31218.9512195122,9442390.996069122,31887893.742245015,31218.9512195122,9442636.815739864,31887804.271201864,32194.51219512195,9442293.161363332,31886860.088562246,32194.51219512195
9442685.733092759,31888321.098043248,31706.731707317074,0.5311080641296577,9442390.996069122,31887893.742245015,31218.9512195122,9442734.650445655,31888837.924884636,31218.9512195122,9442980.470116397,31888748.453841485,32194.51219512195,9442636.815739864,31887804.271201864,32194.51219512195
9443029.387469292,31889265.28068287,31706.731707317074,0.26591076854368967,9442734.650445655,31888837.924884636,31218.9512195122,9443078.304822188,31889782.107524253,31218.9512195122,9443324.124492928,31889692.636481106,32194.51219512195,9442980.470116397,31888748.453841485,32194.51219512195
9443373.041845823,31890209.46332249,31706.731707317074,0.25273263416367087,9443078.304822188,31889782.107524253,31218.9512195122,9443421.95919872,31890726.290163875,31218.9512195122,9443667.778869461,31890636.819120727,32194.51219512195,9443324.124492928,31889692.636481106,32194.51219512195
9443716.696222356,31891153.64596211,31706.731707317074,0.26529853158939193,9443421.95919872,31890726.290163875,31218.9512195122,9443765.613575254,31891670.472803492,31218.9512195122,9444011.433245994,31891581.00176035,32194.51219512195,9443667.778869461,31890636.819120727,32194.51219512195
9444060.350598888,31892097.82860173,31706.731707317074,0.13560439295247087,9443765.613575254,31891670.472803492,31218.9512195122,9444109.267951787,31892614.655443113,31218.9512195122,9444355.087622527,31892525.18439997,32194.51219512195,9444011.433245994,31891581.00176035,32194.51219512195
9444404.004975421,31893042.01124135,31706.731707317074,0.10447009098492274,9444109.267951787,31892614.655443113,31218.9512195122,9444452.922328318,31893558.838082734,31218.9512195122,9444698.74199906,31893469.367039587,32194.51219512195,9444355.087622527,31892525.18439997,32194.51219512195
9444747.659351954,31893986.19388097,31706.731707317074,0.12066464192552163,9444452.922328318,31893558.838082734,31218.9512195122,9444796.57670485,31894503.020722352,31218.9512195122,9445042.396375593,31894413.54967921,32194.51219512195,9444698.74199906,31893469.367039587,32194.51219512195
9445091.313728487,31894930.376520593,31706.731707317074,0.14674821198857618,9444796.57670485,31894503.020722352,31218.9512195122,9445140.231081383,31895447.203361973,31218.9512195122,9445386.050752126,31895357.73231883,32194.51219512195,9445042.396375593,31894413.54967921,32194.51219512195
9445434.96810502,31895874.55916021,31706.731707317074,0.21946552635877897,9445140.231081383,31895447.203361973,31218.9512195122,9445483.885457916,31896391.386001598,31218.9512195122,9445729.705128659,31896301.914958447,32194.51219512195,9445386.050752126,31895357.73231883,32194.51219512195
9445778.622481553,31896818.74179983,31706.731707317074,0.45363742389058387,9445483.885457916,31896391.386001598,31218.9512195122,9445827.539834449,31897335.568641216,31218.9512195122,9446073.35950519,31897246.09759807,32194.51219512195,9445729.705128659,31896301.914958447,32194.51219512195
9446122.276858084,31897762.924439453,31706.731707317074,0.6029220248414536,9445827.539834449,31897335.568641216,31218.9512195122,9446171.194210982,31898279.751280837,31218.9512195122,9446417.013881722,31898190.28023769,32194.51219512195,9446073.35950519,31897246.09759807,32194.51219512195
9446465.931234617,31898707.107079074,31706.731707317074,0.6384171489790474,9446171.194210982,31898279.751280837,31218.9512195122,9446514.848587515,31899223.933920458,31218.9512195122,9446760.668258255,31899134.462877307,32194.51219512195,9446417.013881722,31898190.28023769,32194.51219512195
9446809.585611152,31899651.28971869,31706.731707317074,0.44944442136972984,9446514.848587515,31899223.933920458,31218.9512195122,9446858.502964048,31900168.116560075,31218.9512195122,9447104.322634788,31900078.64551693,32194.51219512195,9446760.668258255,31899134.462877307,32194.51219512195
9447153.239987683,31900595.472358312,31706.731707317074,0.5237230324945458,9446858.502964048,31900168.116560075,31218.9512195122,9447202.157340579,31901112.299199697,31218.9512195122,9447447.977011321,31901022.828156546,32194.51219512195,9447104.322634788,31900078.64551693,32194.51219512195
9421624.981418477,31829692.30334366,32682.29268292683,2.7569757255122354,9421330.24439484,31829264.947545424,32194.51219512195,9421673.898771374,31830209.13018504,32194.51219512195,9421919.718442114,31830119.659141894,33170.0731707317,9421576.064065581,31829175.476502277,33170.0731707317
9421968.63579501,31830636.48598328,32682.29268292683,3.804724622635606,9421673.898771374,31830209.13018504,32194.51219512195,9422017.553147906,31831153.312824663,32194.51219512195,9422263.372818647,31831063.841781516,33170.0731707317,9421919.718442114,31830119.659141894,33170.0731707317
9422312.290171543,31831580.6686229,32682.29268292683,4.604533289538264,9422017.553147906,31831153.312824663,32194.51219512195,9422361.20752444,31832097.495464284,32194.51219512195,9422607.02719518,31832008.024421137,33170.0731707317,9422263.372818647,31831063.841781516,33170.0731707317
9422655.944548074,31832524.851262517,32682.29268292683,6.347358000513088,9422361.20752444,31832097.495464284,32194.51219512195,9422704.861900972,31833041.6781039,32194.51219512195,9422950.681571713,31832952.207060758,33170.0731707317,9422607.02719518,31832008.024421137,33170.0731707317
9422999.598924609,31833469.03390214,32682.29268292683,6.676087318300073,9422704.861900972,31833041.6781039,32194.51219512195,9423048.516277505,31833985.860743523,32194.51219512195,9423294.335948244,31833896.38970038,33170.0731707317,9422950.681571713,31832952.207060758,33170.0731707317
9423343.25330114,31834413.21654176,32682.29268292683,7.232148419556672,9423048.516277505,31833985.860743523,32194.51219512195,9423392.170654038,31834930.043383144,32194.51219512195,9423637.990324777,31834840.57234,33170.0731707317,9423294.335948244,31833896.38970038,33170.0731707317
9423686.907677675,31835357.39918138,32682.29268292683,7.824785505949837,9423392.170654038,31834930.043383144,32194.51219512195,9423735.82503057,31835874.22602276,32194.51219512195,9423981.64470131,31835784.754979618,33170.0731707317,9423637.990324777,31834840.57234,33170.0731707317
9424030.562054206,31836301.581821002,32682.29268292683,8.861182397306182,9423735.82503057,31835874.22602276,32194.51219512195,9424079.479407102,31836818.408662383,32194.51219512195,9424325.299077842,31836728.93761924,33170.0731707317,9423981.64470131,31835784.754979618,33170.0731707317
9424374.216430739,31837245.764460623,32682.29268292683,8.980737363833347,9424079.479407102,31836818.408662383,32194.51219512195,9424423.133783635,31837762.591302007,32194.51219512195,9424668.953454375,31837673.12025886,33170.0731707317,9424325.299077842,31836728.93761924,33170.0731707317
9424717.870807271,31838189.947100244,32682.29268292683,9.07992644463501,9424423.133783635,31837762.591302007,32194.51219512195,9424766.788160168,31838706.773941625,32194.51219512195,9425012.607830908,31838617.302898478,33170.0731707317,9424668.953454375,31837673.12025886,33170.0731707317
9425061.525183802,31839134.129739862,32682.29268292683,9.398864939300548,9424766.788160168,31838706.773941625,32194.51219512195,9425110.4425367,31839650.956581246,32194.51219512195,9425356.262207441,31839561.4855381,33170.0731707317,9425012.607830908,31838617.302898478,33170.0731707317
9425405.179560337,31840078.312379483,32682.29268292683,8.919537709994323,9425110.4425367,31839650.956581246,32194.51219512195,9425454.096913233,31840595.139220864,32194.51219512195,9425699.916583972,31840505.668177716,33170.0731707317,9425356.262207441,31839561.4855381,33170.0731707317
9425748.833936868,31841022.4950191,32682.29268292683,9.605894848735124,9425454.096913233,31840595.139220864,32194.51219512195,9425797.751289766,31841539.321860485,32194.51219512195,9426043.570960505,31841449.850817338,33170.0731707317,9425699.916583972,31840505.668177716,33170.0731707317
9426092.488313403,31841966.677658718,32682.29268292683,8.019767156539887,9425797.751289766,31841539.321860485,32194.51219512195,9426141.405666297,31842483.504500102,32194.51219512195,9426387.225337038,31842394.033456955,33170.0731707317,9426043.570960505,31841449.850817338,33170.0731707317
9426436.142689934,31842910.86029834,32682.29268292683,7.219080665289339,9426141.405666297,31842483.504500102,32194.51219512195,9426485.06004283,31843427.687139723,32194.51219512195,9426730.87971357,31843338.216096576,33170.0731707317,9426387.225337038,31842394.033456955,33170.0731707317
9426779.797066467,31843855.04293796,32682.29268292683,7.598886320216232,9426485.06004283,31843427.687139723,32194.51219512195,9426828.714419363,31844371.869779345,32194.51219512195,9427074.534090104,31844282.398736198,33170.0731707317,9426730.87971357,31843338.216096576,33170.0731707317
9427123.451443,31844799.225577578,32682.29268292683,7.545632933997925,9426828.714419363,31844371.869779345,32194.51219512195,9427172.368795896,31845316.052418962,32194.51219512195,9427418.188466636,31845226.581375815,33170.0731707317,9427074.534090104,31844282.398736198,33170.0731707317
9427467.10581953,31845743.4082172,32682.29268292683,9.055653320302879,9427172.368795896,31845316.052418962,32194.51219512195,9427516.023172429,31846260.235058583,32194.51219512195,9427761.842843167,31846170.76401544,33170.0731707317,9427418.188466636,31845226.581375815,33170.0731707317
9427810.760196066,31846687.59085682,32682.29268292683,10.408765589607164,9427516.023172429,31846260.235058583,32194.51219512195,9427859.677548962,31847204.417698205,32194.51219512195,9428105.4972197,31847114.94665506,33170.0731707317,9427761.842843167,31846170.76401544,33170.0731707317
9428154.414572597,31847631.773496438,32682.29268292683,10.42744750825402,9427859.677548962,31847204.417698205,32194.51219512195,9428203.331925495,31848148.600337822,32194.51219512195,9428449.151596233,31848059.12929468,33170.0731707317,9428105.4972197,31847114.94665506,33170.0731707317
9428498.068949131,31848575.956136063,32682.29268292683,10.632873711574533,9428203.331925495,31848148.600337822,32194.51219512195,9428546.986302027,31849092.782977443,32194.51219512195,9428792.805972766,31849003.3119343,33170.0731707317,9428449.151596233,31848059.12929468,33170.0731707317
9428841.723325662,31849520.138775684,32682.29268292683,13.428114513044616,9428546.986302027,31849092.782977443,32194.51219512195,9428890.640678558,31850036.965617064,32194.51219512195,9429136.460349299,31849947.49457392,33170.0731707317,9428792.805972766,31849003.3119343,33170.0731707317
9429185.377702195,31850464.321415305,32682.29268292683,14.264711529516767,9428890.640678558,31850036.965617064,32194.51219512195,9429234.295055091,31850981.148256686,32194.51219512195,9429480.114725832,31850891.67721354,33170.0731707317,9429136.460349299,31849947.49457392,33170.0731707317
9429529.032078728,31851408.504054923,32682.29268292683,11.162343219717465,9429234.295055091,31850981.148256686,32194.51219512195,9429577.949431624,31851925.330896307,32194.51219512195,9429823.769102365,31851835.85985316,33170.0731707317,9429480.114725832,31850891.67721354,33170.0731707317
9429872.68645526,31852352.68669454,32682.29268292683,9.198699080441047,9429577.949431624,31851925.330896307,32194.51219512195,9429921.603808157,31852869.513535928,32194.51219512195,9430167.423478898,31852780.042492777,33170.0731707317,9429823.769102365,31851835.85985316,33170.0731707317
9430216.340831794,31853296.86933416,32682.29268292683,7.190691950024286,9429921.603808157,31852869.513535928,32194.51219512195,9430265.25818469,31853813.696175545,32194.51219512195,9430511.077855429,31853724.2251324,33170.0731707317,9430167.423478898,31852780.042492777,33170.0731707317
9430559.995208325,31854241.051973782,32682.29268292683,5.788411906998654,9430265.25818469,31853813.696175545,32194.51219512195,9430608.912561223,31854757.878815167,32194.51219512195,9430854.732231962,31854668.40777202,33170.0731707317,9430511.077855429,31853724.2251324,33170.0731707317
9430903.64958486,31855185.2346134,32682.29268292683,6.517668328425727,9430608.912561223,31854757.878815167,32194.51219512195,9430952.566937756,31855702.061454784,32194.51219512195,9431198.386608494,31855612.590411637,33170.0731707317,9430854.732231962,31854668.40777202,33170.0731707317
9431247.30396139,31856129.41725302,32682.29268292683,7.184815054537343,9430952.566937756,31855702.061454784,32194.51219512195,9431296.221314289,31856646.244094405,32194.51219512195,9431542.040985027,31856556.77305126,33170.0731707317,9431198.386608494,31855612.590411637,33170.0731707317
9431590.958337924,31857073.599892642,32682.29268292683,6.359425073096624,9431296.221314289,31856646.244094405,32194.51219512195,9431639.87569082,31857590.426734027,32194.51219512195,9431885.69536156,31857500.95569088,33170.0731707317,9431542.040985027,31856556.77305126,33170.0731707317
9431934.612714456,31858017.782532264,32682.29268292683,7.714519348873778,9431639.87569082,31857590.426734027,32194.51219512195,9431983.530067353,31858534.609373644,32194.51219512195,9432229.349738093,31858445.138330497,33170.0731707317,9431885.69536156,31857500.95569088,33170.0731707317
9432278.267090987,31858961.96517188,32682.29268292683,8.812989367246859,9431983.530067353,31858534.609373644,32194.51219512195,9432327.184443885,31859478.792013265,32194.51219512195,9432573.004114626,31859389.32097012,33170.0731707317,9432229.349738093,31858445.138330497,33170.0731707317
9432621.921467522,31859906.147811502,32682.29268292683,7.895008086731291,9432327.184443885,31859478.792013265,32194.51219512195,9432670.838820418,31860422.974652886,32194.51219512195,9432916.658491159,31860333.503609743,33170.0731707317,9432573.004114626,31859389.32097012,33170.0731707317
9432965.575844053,31860850.330451123,32682.29268292683,5.274895798577553,9432670.838820418,31860422.974652886,32194.51219512195,9433014.493196951,31861367.157292504,32194.51219512195,9433260.31286769,31861277.68624936,33170.0731707317,9432916.658491159,31860333.503609743,33170.0731707317
9433309.230220588,31861794.513090745,32682.29268292683,4.589160628168279,9433014.493196951,31861367.157292504,32194.51219512195,9433358.147573484,31862311.339932125,32194.51219512195,9433603.967244223,31862221.86888898,33170.0731707317,9433260.31286769,31861277.68624936,33170.0731707317
9433652.884597119,31862738.695730362,32682.29268292683,3.8351656342736797,9433358.147573484,31862311.339932125,32194.51219512195,9433701.801950015,31863255.522571743,32194.51219512195,9433947.621620756,31863166.0515286,33170.0731707317,9433603.967244223,31862221.86888898,33170.0731707317
9433996.538973652,31863682.878369983,32682.29268292683,4.03828844755289,9433701.801950015,31863255.522571743,32194.51219512195,9434045.456326548,31864199.705211367,32194.51219512195,9434291.275997289,31864110.23416822,33170.0731707317,9433947.621620756,31863166.0515286,33170.0731707317
9434340.193350185,31864627.0610096,32682.29268292683,3.290944143617988,9434045.456326548,31864199.705211367,32194.51219512195,9434389.11070308,31865143.887850985,32194.51219512195,9434634.930373821,31865054.416807838,33170.0731707317,9434291.275997289,31864110.23416822,33170.0731707317
9434683.847726716,31865571.243649222,32682.29268292683,3.202116635114783,9434389.11070308,31865143.887850985,32194.51219512195,9434732.765079614,31866088.070490606,32194.51219512195,9434978.584750352,31865998.59944746,33170.0731707317,9434634.930373821,31865054.416807838,33170.0731707317
9435027.50210325,31866515.426288843,32682.29268292683,3.4063676271855243,9434732.765079614,31866088.070490606,32194.51219512195,9435076.419456147,31867032.253130227,32194.51219512195,9435322.239126885,31866942.78208708,33170.0731707317,9434978.584750352,31865998.59944746,33170.0731707317
9435371.156479781,31867459.60892846,32682.29268292683,3.7689447929337856,9435076.419456147,31867032.253130227,32194.51219512195,9435420.07383268,31867976.435769845,32194.51219512195,9435665.893503418,31867886.964726698,33170.0731707317,9435322.239126885,31866942.78208708,33170.0731707317
9435714.810856316,31868403.79156808,32682.29268292683,3.469386491353796,9435420.07383268,31867976.435769845,32194.51219512195,9435763.728209212,31868920.618409466,32194.51219512195,9436009.547879951,31868831.14736632,33170.0731707317,9435665.893503418,31867886.964726698,33170.0731707317
9436058.465232847,31869347.974207703,32682.29268292683,2.7897767807069935,9435763.728209212,31868920.618409466,32194.51219512195,9436107.382585743,31869864.801049087,32194.51219512195,9436353.202256484,31869775.33000594,33170.0731707317,9436009.547879951,31868831.14736632,33170.0731707317
9436402.11960938,31870292.156847324,32682.29268292683,2.2347359295892186,9436107.382585743,31869864.801049087,32194.51219512195,9436451.036962276,31870808.983688705,32194.51219512195,9436696.856633017,31870719.512645558,33170.0731707317,9436353.202256484,31869775.33000594,33170.0731707317
9436745.773985913,31871236.33948694,32682.29268292683,1.5467171245018982,9436451.036962276,31870808.983688705,32194.51219512195,9436794.69133881,31871753.166328326,32194.51219512195,9437040.51100955,31871663.69528518,33170.0731707317,9436696.856633017,31870719.512645558,33170.0731707317
9437089.428362444,31872180.522126563,32682.29268292683,1.15419804997683,9436794.69133881,31871753.166328326,32194.51219512195,9437138.345715342,31872697.348967947,32194.51219512195,9437384.165386083,31872607.877924804,33170.0731707317,9437040.51100955,31871663.69528518,33170.0731707317
9437433.082738979,31873124.70476618,32682.29268292683,1.2160262493282454,9437138.345715342,31872697.348967947,32194.51219512195,9437482.000091875,31873641.531607565,32194.51219512195,9437727.819762614,31873552.06056442,33170.0731707317,9437384.165386083,31872607.877924804,33170.0731707317
9437776.73711551,31874068.8874058,32682.29268292683,1.2201260317864688,9437482.000091875,31873641.531607565,32194.51219512195,9437825.654468408,31874585.714247186,32194.51219512195,9438071.474139147,31874496.243204042,33170.0731707317,9437727.819762614,31873552.06056442,33170.0731707317
9438120.391492045,31875013.070045423,32682.29268292683,1.094840299479299,9437825.654468408,31874585.714247186,32194.51219512195,9438169.30884494,31875529.896886807,32194.51219512195,9438415.12851568,31875440.42584366,33170.0731707317,9438071.474139147,31874496.243204042,33170.0731707317
9438464.045868576,31875957.252685044,32682.29268292683,1.2318041610486261,9438169.30884494,31875529.896886807,32194.51219512195,9438512.963221474,31876474.079526424,32194.51219512195,9438758.782892212,31876384.60848328,33170.0731707317,9438415.12851568,31875440.42584366,33170.0731707317
9438807.700245108,31876901.435324665,32682.29268292683,1.1468439910616346,9438512.963221474,31876474.079526424,32194.51219512195,9438856.617598005,31877418.26216605,32194.51219512195,9439102.437268745,31877328.791122902,33170.0731707317,9438758.782892212,31876384.60848328,33170.0731707317
9439151.354621641,31877845.617964286,32682.29268292683,1.243228333691612,9438856.617598005,31877418.26216605,32194.51219512195,9439200.271974538,31878362.444805667,32194.51219512195,9439446.091645278,31878272.97376252,33170.0731707317,9439102.437268745,31877328.791122902,33170.0731707317
9439495.008998172,31878789.800603904,32682.29268292683,1.4051843486351219,9439200.271974538,31878362.444805667,32194.51219512195,9439543.92635107,31879306.627445288,32194.51219512195,9439789.74602181,31879217.15640214,33170.0731707317,9439446.091645278,31878272.97376252,33170.0731707317
9439838.663374707,31879733.983243525,32682.29268292683,1.084787151260836,9439543.92635107,31879306.627445288,32194.51219512195,9439887.580727603,31880250.81008491,32194.51219512195,9440133.400398344,31880161.339041762,33170.0731707317,9439789.74602181,31879217.15640214,33170.0731707317
9440182.317751238,31880678.165883146,32682.29268292683,0.8960430538347685,9439887.580727603,31880250.81008491,32194.51219512195,9440231.235104136,31881194.992724527,32194.51219512195,9440477.054774875,31881105.52168138,33170.0731707317,9440133.400398344,31880161.339041762,33170.0731707317
9440525.972127773,31881622.348522764,32682.29268292683,0.7950430757685363,9440231.235104136,31881194.992724527,32194.51219512195,9440574.889480669,31882139.175364148,32194.51219512195,9440820.709151408,31882049.704321,33170.0731707317,9440477.054774875,31881105.52168138,33170.0731707317
9440869.626504304,31882566.531162385,32682.29268292683,0.9807106645555755,9440574.889480669,31882139.175364148,32194.51219512195,9440918.543857202,31883083.35800377,32194.51219512195,9441164.36352794,31882993.886960622,33170.0731707317,9440820.709151408,31882049.704321,33170.0731707317
9441213.280880839,31883510.713802002,32682.29268292683,0.9066911621118501,9440918.543857202,31883083.35800377,32194.51219512195,9441262.198233735,31884027.540643387,32194.51219512195,9441508.017904473,31883938.06960024,33170.0731707317,9441164.36352794,31882993.886960622,33170.0731707317
9441556.93525737,31884454.896441624,32682.29268292683,0.837470069120953,9441262.198233735,31884027.540643387,32194.51219512195,9441605.852610266,31884971.723283008,32194.51219512195,9441851.672281006,31884882.252239857,33170.0731707317,9441508.017904473,31883938.06960024,33170.0731707317
9441900.5896339,31885399.07908124,32682.29268292683,0.880560154972102,9441605.852610266,31884971.723283008,32194.51219512195,9441949.506986799,31885915.905922625,32194.51219512195,9442195.32665754,31885826.43487948,33170.0731707317,9441851.672281006,31884882.252239857,33170.0731707317
9442244.244010435,31886343.261720862,32682.29268292683,0.9229532580508881,9441949.506986799,31885915.905922625,32194.51219512195,9442293.161363332,31886860.088562246,32194.51219512195,9442538.98103407,31886770.617519103,33170.0731707317,9442195.32665754,31885826.43487948,33170.0731707317
9442587.898386966,31887287.44436048,32682.29268292683,0.6490728790324093,9442293.161363332,31886860.088562246,32194.51219512195,9442636.815739864,31887804.271201864,32194.51219512195,9442882.635410603,31887714.80015872,33170.0731707317,9442538.98103407,31886770.617519103,33170.0731707317
9442931.552763501,31888231.627000105,32682.29268292683,0.30125902068222066,9442636.815739864,31887804.271201864,32194.51219512195,9442980.470116397,31888748.453841485,32194.51219512195,9443226.289787136,31888658.98279834,33170.0731707317,9442882.635410603,31887714.80015872,33170.0731707317
9443275.207140032,31889175.809639726,32682.29268292683,0.15758175352503878,9442980.470116397,31888748.453841485,32194.51219512195,9443324.124492928,31889692.636481106,32194.51219512195,9443569.944163669,31889603.165437963,33170.0731707317,9443226.289787136,31888658.98279834,33170.0731707317
9443618.861516565,31890119.992279347,32682.29268292683,0.11683231063413424,9443324.124492928,31889692.636481106,32194.51219512195,9443667.778869461,31890636.819120727,32194.51219512195,9443913.5985402,31890547.34807758,33170.0731707317,9443569.944163669,31889603.165437963,33170.0731707317
9443962.515893098,31891064.174918965,32682.29268292683,0.15597268184122526,9443667.778869461,31890636.819120727,32194.51219512195,9444011.433245994,31891581.00176035,32194.51219512195,9444257.252916733,31891491.5307172,33170.0731707317,9443913.5985402,31890547.34807758,33170.0731707317
9444306.170269629,31892008.357558586,32682.29268292683,0.23339682059319528,9444011.433245994,31891581.00176035,32194.51219512195,9444355.087622527,31892525.18439997,32194.51219512195,9444600.907293266,31892435.713356823,33170.0731707317,9444257.252916733,31891491.5307172,33170.0731707317
9444649.824646164,31892952.540198203,32682.29268292683,0.2867277755376779,9444355.087622527,31892525.18439997,32194.51219512195,9444698.74199906,31893469.367039587,32194.51219512195,9444944.561669799,31893379.89599644,33170.0731707317,9444600.907293266,31892435.713356823,33170.0731707317
9444993.479022695,31893896.722837824,32682.29268292683,0.2551645253854495,9444698.74199906,31893469.367039587,32194.51219512195,9445042.396375593,31894413.54967921,32194.51219512195,9445288.21604633,31894324.07863606,33170.0731707317,9444944.561669799,31893379.89599644,33170.0731707317
9445337.13339923,31894840.905477446,32682.29268292683,0.23787647244917864,9445042.396375593,31894413.54967921,32194.51219512195,9445386.050752126,31895357.73231883,32194.51219512195,9445631.870422862,31895268.261275683,33170.0731707317,9445288.21604633,31894324.07863606,33170.0731707317
9445680.78777576,31895785.088117063,32682.29268292683,0.19358716314269697,9445386.050752126,31895357.73231883,32194.51219512195,9445729.705128659,31896301.914958447,32194.51219512195,9445975.524799395,31896212.4439153,33170.0731707317,9445631.870422862,31895268.261275683,33170.0731707317
9446024.442152293,31896729.270756684,32682.29268292683,0.1297075542850097,9445729.705128659,31896301.914958447,32194.51219512195,9446073.35950519,31897246.09759807,32194.51219512195,9446319.179175928,31897156.62655492,33170.0731707317,9445975.524799395,31896212.4439153,33170.0731707317
9446368.096528826,31897673.453396305,32682.29268292683,0.12423139097481375,9446073.35950519,31897246.09759807,32194.51219512195,9446417.013881722,31898190.28023769,32194.51219512195,9446662.833552461,31898100.80919454,33170.0731707317,9446319.179175928,31897156.62655492,33170.0731707317
9446711.750905357,31898617.636035923,32682.29268292683,0.19333529576090272,9446417.013881722,31898190.28023769,32194.51219512195,9446760.668258255,31899134.462877307,32194.51219512195,9447006.487928994,31899044.991834164,33170.0731707317,9446662.833552461,31898100.80919454,33170.0731707317
9447055.405281892,31899561.818675544,32682.29268292683,0.1544726304096876,9446760.668258255,31899134.462877307,32194.51219512195,9447104.322634788,31900078.64551693,32194.51219512195,9447350.142305527,31899989.174473785,33170.0731707317,9447006.487928994,31899044.991834164,33170.0731707317
9447399.059658425,31900506.001315165,32682.29268292683,0.18132060271659195,9447104.322634788,31900078.64551693,32194.51219512195,9447447.977011321,31901022.828156546,32194.51219512195,9447693.79668206,31900933.357113402,33170.0731707317,9447350.142305527,31899989.174473785,33170.0731707317
9421870.801089216,31829602.832300514,33657.85365853658,2.9714669998925953,9421576.064065581,31829175.476502277,33170.0731707317,9421919.718442114,31830119.659141894,33170.0731707317,9422165.538112853,31830030.18809875,34145.634146341465,9421821.88373632,31829086.005459134,34145.634146341465
9422214.455465749,31830547.014940135,33657.85365853658,3.255535571379793,9421919.718442114,31830119.659141894,33170.0731707317,9422263.372818647,31831063.841781516,33170.0731707317,9422509.192489384,31830974.370738372,34145.634146341465,9422165.538112853,31830030.18809875,34145.634146341465
9422558.10984228,31831491.197579756,33657.85365853658,3.8957886721830937,9422263.372818647,31831063.841781516,33170.0731707317,9422607.02719518,31832008.024421137,33170.0731707317,9422852.846865917,31831918.553377993,34145.634146341465,9422509.192489384,31830974.370738372,34145.634146341465
9422901.764218815,31832435.380219374,33657.85365853658,4.324020020895781,9422607.02719518,31832008.024421137,33170.0731707317,9422950.681571713,31832952.207060758,33170.0731707317,9423196.50124245,31832862.73601761,34145.634146341465,9422852.846865917,31831918.553377993,34145.634146341465
9423245.418595346,31833379.562858995,33657.85365853658,4.882944803149303,9422950.681571713,31832952.207060758,33170.0731707317,9423294.335948244,31833896.38970038,33170.0731707317,9423540.155618982,31833806.918657232,34145.634146341465,9423196.50124245,31832862.73601761,34145.634146341465
9423589.072971879,31834323.745498616,33657.85365853658,5.9988575228306935,9423294.335948244,31833896.38970038,33170.0731707317,9423637.990324777,31834840.57234,33170.0731707317,9423883.809995515,31834751.101296853,34145.634146341465,9423540.155618982,31833806.918657232,34145.634146341465
9423932.727348411,31835267.928138234,33657.85365853658,4.509334061010635,9423637.990324777,31834840.57234,33170.0731707317,9423981.64470131,31835784.754979618,33170.0731707317,9424227.464372048,31835695.28393647,34145.634146341465,9423883.809995515,31834751.101296853,34145.634146341465
9424276.381724942,31836212.110777855,33657.85365853658,4.965434601226405,9423981.64470131,31835784.754979618,33170.0731707317,9424325.299077842,31836728.93761924,33170.0731707317,9424571.118748581,31836639.466576092,34145.634146341465,9424227.464372048,31835695.28393647,34145.634146341465
9424620.036101477,31837156.293417476,33657.85365853658,5.264983597367337,9424325.299077842,31836728.93761924,33170.0731707317,9424668.953454375,31837673.12025886,33170.0731707317,9424914.773125114,31837583.649215713,34145.634146341465,9424571.118748581,31836639.466576092,34145.634146341465
9424963.690478008,31838100.476057097,33657.85365853658,5.165340822973659,9424668.953454375,31837673.12025886,33170.0731707317,9425012.607830908,31838617.302898478,33170.0731707317,9425258.427501645,31838527.83185533,34145.634146341465,9424914.773125114,31837583.649215713,34145.634146341465
9425307.344854543,31839044.658696715,33657.85365853658,5.73713729815358,9425012.607830908,31838617.302898478,33170.0731707317,9425356.262207441,31839561.4855381,33170.0731707317,9425602.081878178,31839472.01449495,34145.634146341465,9425258.427501645,31838527.83185533,34145.634146341465
9425650.999231074,31839988.841336336,33657.85365853658,6.529058055301481,9425356.262207441,31839561.4855381,33170.0731707317,9425699.916583972,31840505.668177716,33170.0731707317,9425945.73625471,31840416.19713457,34145.634146341465,9425602.081878178,31839472.01449495,34145.634146341465
9425994.653607607,31840933.023975953,33657.85365853658,9.778101263566972,9425699.916583972,31840505.668177716,33170.0731707317,9426043.570960505,31841449.850817338,33170.0731707317,9426289.390631244,31841360.379774194,34145.634146341465,9425945.73625471,31840416.19713457,34145.634146341465
9426338.30798414,31841877.20661557,33657.85365853658,10.81799045307769,9426043.570960505,31841449.850817338,33170.0731707317,9426387.225337038,31842394.033456955,33170.0731707317,9426633.045007776,31842304.56241381,34145.634146341465,9426289.390631244,31841360.379774194,34145.634146341465
9426681.96236067,31842821.389255192,33657.85365853658,9.593646806165852,9426387.225337038,31842394.033456955,33170.0731707317,9426730.87971357,31843338.216096576,33170.0731707317,9426976.699384307,31843248.745053433,34145.634146341465,9426633.045007776,31842304.56241381,34145.634146341465
9427025.616737206,31843765.571894817,33657.85365853658,9.246187948786122,9426730.87971357,31843338.216096576,33170.0731707317,9427074.534090104,31844282.398736198,33170.0731707317,9427320.35376084,31844192.927693054,34145.634146341465,9426976.699384307,31843248.745053433,34145.634146341465
9427369.271113737,31844709.754534435,33657.85365853658,8.08366427448321,9427074.534090104,31844282.398736198,33170.0731707317,9427418.188466636,31845226.581375815,33170.0731707317,9427664.008137373,31845137.11033267,34145.634146341465,9427320.35376084,31844192.927693054,34145.634146341465
9427712.925490271,31845653.937174056,33657.85365853658,8.957980655136659,9427418.188466636,31845226.581375815,33170.0731707317,9427761.842843167,31846170.76401544,33170.0731707317,9428007.662513906,31846081.292972293,34145.634146341465,9427664.008137373,31845137.11033267,34145.634146341465
9428056.579866802,31846598.119813677,33657.85365853658,7.879132787439944,9427761.842843167,31846170.76401544,33170.0731707317,9428105.4972197,31847114.94665506,33170.0731707317,9428351.316890439,31847025.475611914,34145.634146341465,9428007.662513906,31846081.292972293,34145.634146341465
9428400.234243335,31847542.302453294,33657.85365853658,6.379911412681654,9428105.4972197,31847114.94665506,33170.0731707317,9428449.151596233,31848059.12929468,33170.0731707317,9428694.971266972,31847969.65825153,34145.634146341465,9428351.316890439,31847025.475611914,34145.634146341465
9428743.888619868,31848486.485092916,33657.85365853658,4.898338786081814,9428449.151596233,31848059.12929468,33170.0731707317,9428792.805972766,31849003.3119343,33170.0731707317,9429038.625643505,31848913.840891153,34145.634146341465,9428694.971266972,31847969.65825153,34145.634146341465
9429087.5429964,31849430.667732537,33657.85365853658,4.934705736699241,9428792.805972766,31849003.3119343,33170.0731707317,9429136.460349299,31849947.49457392,33170.0731707317,9429382.280020038,31849858.02353077,34145.634146341465,9429038.625643505,31848913.840891153,34145.634146341465
9429431.197372934,31850374.850372158,33657.85365853658,5.858203346297221,9429136.460349299,31849947.49457392,33170.0731707317,9429480.114725832,31850891.67721354,33170.0731707317,9429725.934396569,31850802.20617039,34145.634146341465,9429382.280020038,31849858.02353077,34145.634146341465
9429774.851749465,31851319.033011775,33657.85365853658,6.705259215267789,9429480.114725832,31850891.67721354,33170.0731707317,9429823.769102365,31851835.85985316,33170.0731707317,9430069.588773102,31851746.388810012,34145.634146341465,9429725.934396569,31850802.20617039,34145.634146341465
9430118.506126,31852263.215651393,33657.85365853658,5.888706715346483,9429823.769102365,31851835.85985316,33170.0731707317,9430167.423478898,31852780.042492777,33170.0731707317,9430413.243149634,31852690.57144963,34145.634146341465,9430069.588773102,31851746.388810012,34145.634146341465
9430462.16050253,31853207.398291014,33657.85365853658,7.200442698900083,9430167.423478898,31852780.042492777,33170.0731707317,9430511.077855429,31853724.2251324,33170.0731707317,9430756.897526167,31853634.75408925,34145.634146341465,9430413.243149634,31852690.57144963,34145.634146341465
9430805.814879064,31854151.580930635,33657.85365853658,8.738094620357247,9430511.077855429,31853724.2251324,33170.0731707317,9430854.732231962,31854668.40777202,33170.0731707317,9431100.5519027,31854578.936728876,34145.634146341465,9430756.897526167,31853634.75408925,34145.634146341465
9431149.469255596,31855095.763570253,33657.85365853658,8.2124060450747,9430854.732231962,31854668.40777202,33170.0731707317,9431198.386608494,31855612.590411637,33170.0731707317,9431444.206279233,31855523.119368494,34145.634146341465,9431100.5519027,31854578.936728876,34145.634146341465
9431493.123632127,31856039.946209874,33657.85365853658,7.910177538191697,9431198.386608494,31855612.590411637,33170.0731707317,9431542.040985027,31856556.77305126,33170.0731707317,9431787.860655766,31856467.302008115,34145.634146341465,9431444.206279233,31855523.119368494,34145.634146341465
9431836.778008662,31856984.1288495,33657.85365853658,6.8941087466040205,9431542.040985027,31856556.77305126,33170.0731707317,9431885.69536156,31857500.95569088,33170.0731707317,9432131.515032299,31857411.484647736,34145.634146341465,9431787.860655766,31856467.302008115,34145.634146341465
9432180.432385193,31857928.31148912,33657.85365853658,6.42142721792527,9431885.69536156,31857500.95569088,33170.0731707317,9432229.349738093,31858445.138330497,33170.0731707317,9432475.16940883,31858355.667287353,34145.634146341465,9432131.515032299,31857411.484647736,34145.634146341465
9432524.086761728,31858872.494128738,33657.85365853658,7.133378322000059,9432229.349738093,31858445.138330497,33170.0731707317,9432573.004114626,31859389.32097012,33170.0731707317,9432818.823785363,31859299.849926975,34145.634146341465,9432475.16940883,31858355.667287353,34145.634146341465
9432867.741138259,31859816.67676836,33657.85365853658,6.832384287094573,9432573.004114626,31859389.32097012,33170.0731707317,9432916.658491159,31860333.503609743,33170.0731707317,9433162.478161896,31860244.032566596,34145.634146341465,9432818.823785363,31859299.849926975,34145.634146341465
9433211.395514792,31860760.85940798,33657.85365853658,6.0744890749610345,9432916.658491159,31860333.503609743,33170.0731707317,9433260.31286769,31861277.68624936,33170.0731707317,9433506.132538429,31861188.215206213,34145.634146341465,9433162.478161896,31860244.032566596,34145.634146341465
9433555.049891325,31861705.042047597,33657.85365853658,6.519572547773383,9433260.31286769,31861277.68624936,33170.0731707317,9433603.967244223,31862221.86888898,33170.0731707317,9433849.786914961,31862132.397845834,34145.634146341465,9433506.132538429,31861188.215206213,34145.634146341465
9433898.704267856,31862649.224687215,33657.85365853658,6.4916259440515764,9433603.967244223,31862221.86888898,33170.0731707317,9433947.621620756,31863166.0515286,33170.0731707317,9434193.441291492,31863076.580485452,34145.634146341465,9433849.786914961,31862132.397845834,34145.634146341465
9434242.35864439,31863593.407326836,33657.85365853658,6.069045673675833,9433947.621620756,31863166.0515286,33170.0731707317,9434291.275997289,31864110.23416822,33170.0731707317,9434537.095668025,31864020.763125073,34145.634146341465,9434193.441291492,31863076.580485452,34145.634146341465
9434586.013020921,31864537.589966454,33657.85365853658,4.3705772225969515,9434291.275997289,31864110.23416822,33170.0731707317,9434634.930373821,31865054.416807838,33170.0731707317,9434880.750044558,31864964.94576469,34145.634146341465,9434537.095668025,31864020.763125073,34145.634146341465
9434929.667397456,31865481.772606075,33657.85365853658,3.4938203172338826,9434634.930373821,31865054.416807838,33170.0731707317,9434978.584750352,31865998.59944746,33170.0731707317,9435224.404421091,31865909.12840431,34145.634146341465,9434880.750044558,31864964.94576469,34145.634146341465
9435273.321773987,31866425.955245696,33657.85365853658,3.6224563246750567,9434978.584750352,31865998.59944746,33170.0731707317,9435322.239126885,31866942.78208708,33170.0731707317,9435568.058797624,31866853.311043933,34145.634146341465,9435224.404421091,31865909.12840431,34145.634146341465
9435616.97615052,31867370.137885313,33657.85365853658,3.6699561558907132,9435322.239126885,31866942.78208708,33170.0731707317,9435665.893503418,31867886.964726698,33170.0731707317,9435911.713174157,31867797.493683554,34145.634146341465,9435568.058797624,31866853.311043933,34145.634146341465
9435960.630527053,31868314.320524935,33657.85365853658,3.406064886885165,9435665.893503418,31867886.964726698,33170.0731707317,9436009.547879951,31868831.14736632,33170.0731707317,9436255.36755069,31868741.676323175,34145.634146341465,9435911.713174157,31867797.493683554,34145.634146341465
9436304.284903584,31869258.503164556,33657.85365853658,3.519896828707253,9436009.547879951,31868831.14736632,33170.0731707317,9436353.202256484,31869775.33000594,33170.0731707317,9436599.021927223,31869685.858962797,34145.634146341465,9436255.36755069,31868741.676323175,34145.634146341465
9436647.939280119,31870202.68580418,33657.85365853658,3.215629280504675,9436353.202256484,31869775.33000594,33170.0731707317,9436696.856633017,31870719.512645558,33170.0731707317,9436942.676303754,31870630.041602414,34145.634146341465,9436599.021927223,31869685.858962797,34145.634146341465
9436991.59365665,31871146.8684438,33657.85365853658,2.308054959149399,9436696.856633017,31870719.512645558,33170.0731707317,9437040.51100955,31871663.69528518,33170.0731707317,9437286.330680287,31871574.224242035,34145.634146341465,9436942.676303754,31870630.041602414,34145.634146341465
9437335.248033185,31872091.051083416,33657.85365853658,1.9919727153403446,9437040.51100955,31871663.69528518,33170.0731707317,9437384.165386083,31872607.877924804,33170.0731707317,9437629.98505682,31872518.406881653,34145.634146341465,9437286.330680287,31871574.224242035,34145.634146341465
9437678.902409716,31873035.233723037,33657.85365853658,1.903933406300284,9437384.165386083,31872607.877924804,33170.0731707317,9437727.819762614,31873552.06056442,33170.0731707317,9437973.639433352,31873462.589521274,34145.634146341465,9437629.98505682,31872518.406881653,34145.634146341465
9438022.556786248,31873979.41636266,33657.85365853658,1.194285828020269,9437727.819762614,31873552.06056442,33170.0731707317,9438071.474139147,31874496.243204042,33170.0731707317,9438317.293809885,31874406.772160895,34145.634146341465,9437973.639433352,31873462.589521274,34145.634146341465
9438366.211162781,31874923.599002276,33657.85365853658,1.032503439201465,9438071.474139147,31874496.243204042,33170.0731707317,9438415.12851568,31875440.42584366,33170.0731707317,9438660.948186418,31875350.954800513,34145.634146341465,9438317.293809885,31874406.772160895,34145.634146341465
9438709.865539312,31875867.781641897,33657.85365853658,0.9958478040453879,9438415.12851568,31875440.42584366,33170.0731707317,9438758.782892212,31876384.60848328,33170.0731707317,9439004.60256295,31876295.137440134,34145.634146341465,9438660.948186418,31875350.954800513,34145.634146341465
9439053.519915847,31876811.964281518,33657.85365853658,0.7679298105535887,9438758.782892212,31876384.60848328,33170.0731707317,9439102.437268745,31877328.791122902,33170.0731707317,9439348.256939484,31877239.320079755,34145.634146341465,9439004.60256295,31876295.137440134,34145.634146341465
9439397.174292378,31877756.14692114,33657.85365853658,1.0386260812008428,9439102.437268745,31877328.791122902,33170.0731707317,9439446.091645278,31878272.97376252,33170.0731707317,9439691.911316015,31878183.502719373,34145.634146341465,9439348.256939484,31877239.320079755,34145.634146341465
9439740.828668913,31878700.329560757,33657.85365853658,0.9455852769702145,9439446.091645278,31878272.97376252,33170.0731707317,9439789.74602181,31879217.15640214,33170.0731707317,9440035.565692548,31879127.685358994,34145.634146341465,9439691.911316015,31878183.502719373,34145.634146341465
9440084.483045444,31879644.512200378,33657.85365853658,0.6965065841091722,9439789.74602181,31879217.15640214,33170.0731707317,9440133.400398344,31880161.339041762,33170.0731707317,9440379.22006908,31880071.867998615,34145.634146341465,9440035.565692548,31879127.685358994,34145.634146341465
9440428.137421977,31880588.69484,33657.85365853658,0.6666570740723019,9440133.400398344,31880161.339041762,33170.0731707317,9440477.054774875,31881105.52168138,33170.0731707317,9440722.874445613,31881016.050638236,34145.634146341465,9440379.22006908,31880071.867998615,34145.634146341465
9440771.79179851,31881532.877479617,33657.85365853658,0.6401520947802974,9440477.054774875,31881105.52168138,33170.0731707317,9440820.709151408,31882049.704321,33170.0731707317,9441066.528822146,31881960.233277857,34145.634146341465,9440722.874445613,31881016.050638236,34145.634146341465
9441115.44617504,31882477.060119238,33657.85365853658,0.6002563821434835,9440820.709151408,31882049.704321,33170.0731707317,9441164.36352794,31882993.886960622,33170.0731707317,9441410.18319868,31882904.41591748,34145.634146341465,9441066.528822146,31881960.233277857,34145.634146341465
9441459.100551575,31883421.24275886,33657.85365853658,0.6493562280318549,9441164.36352794,31882993.886960622,33170.0731707317,9441508.017904473,31883938.06960024,33170.0731707317,9441753.837575212,31883848.598557096,34145.634146341465,9441410.18319868,31882904.41591748,34145.634146341465
9441802.754928106,31884365.425398476,33657.85365853658,0.4730817832483694,9441508.017904473,31883938.06960024,33170.0731707317,9441851.672281006,31884882.252239857,33170.0731707317,9442097.491951743,31884792.781196713,34145.634146341465,9441753.837575212,31883848.598557096,34145.634146341465
9442146.409304641,31885309.608038098,33657.85365853658,0.44905060919303635,9441851.672281006,31884882.252239857,33170.0731707317,9442195.32665754,31885826.43487948,33170.0731707317,9442441.146328276,31885736.963836335,34145.634146341465,9442097.491951743,31884792.781196713,34145.634146341465
9442490.063681172,31886253.79067772,33657.85365853658,0.43760514898528013,9442195.32665754,31885826.43487948,33170.0731707317,9442538.98103407,31886770.617519103,33170.0731707317,9442784.800704809,31886681.146475956,34145.634146341465,9442441.146328276,31885736.963836335,34145.634146341465
9442833.718057705,31887197.973317336,33657.85365853658,0.5395776010921225,9442538.98103407,31886770.617519103,33170.0731707317,9442882.635410603,31887714.80015872,33170.0731707317,9443128.455081342,31887625.329115573,34145.634146341465,9442784.800704809,31886681.146475956,34145.634146341465
9443177.372434238,31888142.155956957,33657.85365853658,0.3079819980459527,9442882.635410603,31887714.80015872,33170.0731707317,9443226.289787136,31888658.98279834,33170.0731707317,9443472.109457875,31888569.511755195,34145.634146341465,9443128.455081342,31887625.329115573,34145.634146341465
9443521.026810769,31889086.33859658,33657.85365853658,0.1347541110213389,9443226.289787136,31888658.98279834,33170.0731707317,9443569.944163669,31889603.165437963,33170.0731707317,9443815.763834408,31889513.694394816,34145.634146341465,9443472.109457875,31888569.511755195,34145.634146341465
9443864.681187304,31890030.5212362,33657.85365853658,0.12136841373078107,9443569.944163669,31889603.165437963,33170.0731707317,9443913.5985402,31890547.34807758,33170.0731707317,9444159.418210939,31890457.877034433,34145.634146341465,9443815.763834408,31889513.694394816,34145.634146341465
9444208.335563835,31890974.703875817,33657.85365853658,0.21261744983982292,9443913.5985402,31890547.34807758,33170.0731707317,9444257.252916733,31891491.5307172,33170.0731707317,9444503.072587471,31891402.059674054,34145.634146341465,9444159.418210939,31890457.877034433,34145.634146341465
9444551.98994037,31891918.88651544,33657.85365853658,0.2919716863949175,9444257.252916733,31891491.5307172,33170.0731707317,9444600.907293266,31892435.713356823,33170.0731707317,9444846.726964004,31892346.242313676,34145.634146341465,9444503.072587471,31891402.059674054,34145.634146341465
9444895.6443169,31892863.069155056,33657.85365853658,0.38771497475654126,9444600.907293266,31892435.713356823,33170.0731707317,9444944.561669799,31893379.89599644,33170.0731707317,9445190.381340537,31893290.424953293,34145.634146341465,9444846.726964004,31892346.242313676,34145.634146341465
9445239.298693433,31893807.251794677,33657.85365853658,0.161707974197897,9444944.561669799,31893379.89599644,33170.0731707317,9445288.21604633,31894324.07863606,33170.0731707317,9445534.03571707,31894234.607592918,34145.634146341465,9445190.381340537,31893290.424953293,34145.634146341465
9445582.953069966,31894751.434434295,33657.85365853658,0.09959687529701323,9445288.21604633,31894324.07863606,33170.0731707317,9445631.870422862,31895268.261275683,33170.0731707317,9445877.690093603,31895178.790232535,34145.634146341465,9445534.03571707,31894234.607592918,34145.634146341465
9445926.607446497,31895695.617073916,33657.85365853658,0.08962683431873844,9445631.870422862,31895268.261275683,33170.0731707317,9445975.524799395,31896212.4439153,33170.0731707317,9446221.344470136,31896122.972872157,34145.634146341465,9445877.690093603,31895178.790232535,34145.634146341465
9446270.261823032,31896639.79971354,33657.85365853658,0.09047692007166709,9445975.524799395,31896212.4439153,33170.0731707317,9446319.179175928,31897156.62655492,33170.0731707317,9446564.998846669,31897067.155511778,34145.634146341465,9446221.344470136,31896122.972872157,34145.634146341465
9446613.916199563,31897583.982353162,33657.85365853658,0.11581763210581877,9446319.179175928,31897156.62655492,33170.0731707317,9446662.833552461,31898100.80919454,33170.0731707317,9446908.6532232,31898011.338151395,34145.634146341465,9446564.998846669,31897067.155511778,34145.634146341465
9446957.570576098,31898528.16499278,33657.85365853658,0.12707103537369469,9446662.833552461,31898100.80919454,33170.0731707317,9447006.487928994,31899044.991834164,33170.0731707317,9447252.307599733,31898955.520791017,34145.634146341465,9446908.6532232,31898011.338151395,34145.634146341465
9447301.224952629,31899472.3476324,33657.85365853658,0.12118979592415163,9447006.487928994,31899044.991834164,33170.0731707317,9447350.142305527,31899989.174473785,33170.0731707317,9447595.961976266,31899899.703430638,34145.634146341465,9447252.307599733,31898955.520791017,34145.634146341465
9447644.879329164,31900416.530272022,33657.85365853658,0.14018666591585163,9447350.142305527,31899989.174473785,33170.0731707317,9447693.79668206,31900933.357113402,33170.0731707317,9447939.616352798,31900843.886070255,34145.634146341465,9447595.961976266,31899899.703430638,34145.634146341465
9422116.620759957,31829513.36125737,34633.41463414634,2.389734806855708,9421821.88373632,31829086.005459134,34145.634146341465,9422165.538112853,31830030.18809875,34145.634146341465,9422411.357783591,31829940.717055604,35121.19512195122,9422067.703407058,31828996.534415986,35121.19512195122
9422460.275136488,31830457.543896988,34633.41463414634,2.5639232037115898,9422165.538112853,31830030.18809875,34145.634146341465,9422509.192489384,31830974.370738372,34145.634146341465,9422755.012160124,31830884.899695225,35121.19512195122,9422411.357783591,31829940.717055604,35121.19512195122
9422803.92951302,31831401.72653661,34633.41463414634,3.2044858677148746,9422509.192489384,31830974.370738372,34145.634146341465,9422852.846865917,31831918.553377993,34145.634146341465,9423098.666536657,31831829.082334846,35121.19512195122,9422755.012160124,31830884.899695225,35121.19512195122
9423147.583889553,31832345.909176227,34633.41463414634,3.322327952732219,9422852.846865917,31831918.553377993,34145.634146341465,9423196.50124245,31832862.73601761,34145.634146341465,9423442.32091319,31832773.264974464,35121.19512195122,9423098.666536657,31831829.082334846,35121.19512195122
9423491.238266084,31833290.091815848,34633.41463414634,3.4512206059681,9423196.50124245,31832862.73601761,34145.634146341465,9423540.155618982,31833806.918657232,34145.634146341465,9423785.975289723,31833717.447614085,35121.19512195122,9423442.32091319,31832773.264974464,35121.19512195122
9423834.89264262,31834234.27445547,34633.41463414634,4.81631356504594,9423540.155618982,31833806.918657232,34145.634146341465,9423883.809995515,31834751.101296853,34145.634146341465,9424129.629666254,31834661.630253706,35121.19512195122,9423785.975289723,31833717.447614085,35121.19512195122
9424178.54701915,31835178.457095087,34633.41463414634,4.935336293403968,9423883.809995515,31834751.101296853,34145.634146341465,9424227.464372048,31835695.28393647,34145.634146341465,9424473.284042787,31835605.812893327,35121.19512195122,9424129.629666254,31834661.630253706,35121.19512195122
9424522.201395685,31836122.639734708,34633.41463414634,4.782906304602813,9424227.464372048,31835695.28393647,34145.634146341465,9424571.118748581,31836639.466576092,34145.634146341465,9424816.93841932,31836549.99553295,35121.19512195122,9424473.284042787,31835605.812893327,35121.19512195122
9424865.855772216,31837066.82237433,34633.41463414634,4.186921574784127,9424571.118748581,31836639.466576092,34145.634146341465,9424914.773125114,31837583.649215713,34145.634146341465,9425160.592795853,31837494.178172566,35121.19512195122,9424816.93841932,31836549.99553295,35121.19512195122
9425209.510148749,31838011.00501395,34633.41463414634,4.918911287377866,9424914.773125114,31837583.649215713,34145.634146341465,9425258.427501645,31838527.83185533,34145.634146341465,9425504.247172385,31838438.360812187,35121.19512195122,9425160.592795853,31837494.178172566,35121.19512195122
9425553.164525282,31838955.18765357,34633.41463414634,4.923657859963264,9425258.427501645,31838527.83185533,34145.634146341465,9425602.081878178,31839472.01449495,34145.634146341465,9425847.901548918,31839382.54345181,35121.19512195122,9425504.247172385,31838438.360812187,35121.19512195122
9425896.818901813,31839899.370293193,34633.41463414634,6.036504842582508,9425602.081878178,31839472.01449495,34145.634146341465,9425945.73625471,31840416.19713457,34145.634146341465,9426191.55592545,31840326.726091426,35121.19512195122,9425847.901548918,31839382.54345181,35121.19512195122
9426240.473278347,31840843.55293281,34633.41463414634,7.103190618559133,9425945.73625471,31840416.19713457,34145.634146341465,9426289.390631244,31841360.379774194,34145.634146341465,9426535.210301982,31841270.908731047,35121.19512195122,9426191.55592545,31840326.726091426,35121.19512195122
9426584.127654878,31841787.735572428,34633.41463414634,6.734970923802422,9426289.390631244,31841360.379774194,34145.634146341465,9426633.045007776,31842304.56241381,34145.634146341465,9426878.864678515,31842215.091370665,35121.19512195122,9426535.210301982,31841270.908731047,35121.19512195122
9426927.782031413,31842731.91821205,34633.41463414634,7.232695118767801,9426633.045007776,31842304.56241381,34145.634146341465,9426976.699384307,31843248.745053433,34145.634146341465,9427222.519055048,31843159.274010286,35121.19512195122,9426878.864678515,31842215.091370665,35121.19512195122
9427271.436407944,31843676.10085167,34633.41463414634,6.848287927248841,9426976.699384307,31843248.745053433,34145.634146341465,9427320.35376084,31844192.927693054,34145.634146341465,9427566.173431579,31844103.456649907,35121.19512195122,9427222.519055048,31843159.274010286,35121.19512195122
9427615.090784477,31844620.283491287,34633.41463414634,6.409343937707663,9427320.35376084,31844192.927693054,34145.634146341465,9427664.008137373,31845137.11033267,34145.634146341465,9427909.827808112,31845047.639289524,35121.19512195122,9427566.173431579,31844103.456649907,35121.19512195122
9427958.74516101,31845564.46613091,34633.41463414634,5.975718383991865,9427664.008137373,31845137.11033267,34145.634146341465,9428007.662513906,31846081.292972293,34145.634146341465,9428253.482184645,31845991.821929146,35121.19512195122,9427909.827808112,31845047.639289524,35121.19512195122
9428302.399537541,31846508.64877053,34633.41463414634,4.999993058478824,9428007.662513906,31846081.292972293,34145.634146341465,9428351.316890439,31847025.475611914,34145.634146341465,9428597.136561178,31846936.004568763,35121.19512195122,9428253.482184645,31845991.821929146,35121.19512195122
9428646.053914076,31847452.831410147,34633.41463414634,4.645531704294059,9428351.316890439,31847025.475611914,34145.634146341465,9428694.971266972,31847969.65825153,34145.634146341465,9428940.790937709,31847880.187208384,35121.19512195122,9428597.136561178,31846936.004568763,35121.19512195122
9428989.708290607,31848397.01404977,34633.41463414634,4.557016607700278,9428694.971266972,31847969.65825153,34145.634146341465,9429038.625643505,31848913.840891153,34145.634146341465,9429284.445314242,31848824.369848005,35121.19512195122,9428940.790937709,31847880.187208384,35121.19512195122
9429333.362667141,31849341.19668939,34633.41463414634,3.764448161533943,9429038.625643505,31848913.840891153,34145.634146341465,9429382.280020038,31849858.02353077,34145.634146341465,9429628.099690774,31849768.552487627,35121.19512195122,9429284.445314242,31848824.369848005,35121.19512195122
9429677.017043673,31850285.379329007,34633.41463414634,3.819892757499881,9429382.280020038,31849858.02353077,34145.634146341465,9429725.934396569,31850802.20617039,34145.634146341465,9429971.754067307,31850712.735127248,35121.19512195122,9429628.099690774,31849768.552487627,35121.19512195122
9430020.671420205,31851229.56196863,34633.41463414634,5.05237762361414,9429725.934396569,31850802.20617039,34145.634146341465,9430069.588773102,31851746.388810012,34145.634146341465,9430315.40844384,31851656.91776687,35121.19512195122,9429971.754067307,31850712.735127248,35121.19512195122
9430364.325796738,31852173.74460825,34633.41463414634,6.974253198401206,9430069.588773102,31851746.388810012,34145.634146341465,9430413.243149634,31852690.57144963,34145.634146341465,9430659.062820373,31852601.100406487,35121.19512195122,9430315.40844384,31851656.91776687,35121.19512195122
9430707.98017327,31853117.92724787,34633.41463414634,7.918409803241753,9430413.243149634,31852690.57144963,34145.634146341465,9430756.897526167,31853634.75408925,34145.634146341465,9431002.717196906,31853545.283046108,35121.19512195122,9430659.062820373,31852601.100406487,35121.19512195122
9431051.634549804,31854062.109887492,34633.41463414634,10.060141767481333,9430756.897526167,31853634.75408925,34145.634146341465,9431100.5519027,31854578.936728876,34145.634146341465,9431346.371573437,31854489.46568573,35121.19512195122,9431002.717196906,31853545.283046108,35121.19512195122
9431395.288926335,31855006.29252711,34633.41463414634,8.899981282956158,9431100.5519027,31854578.936728876,34145.634146341465,9431444.206279233,31855523.119368494,34145.634146341465,9431690.02594997,31855433.648325346,35121.19512195122,9431346.371573437,31854489.46568573,35121.19512195122
9431738.94330287,31855950.47516673,34633.41463414634,6.671555568858489,9431444.206279233,31855523.119368494,34145.634146341465,9431787.860655766,31856467.302008115,34145.634146341465,9432033.680326503,31856377.830964968,35121.19512195122,9431690.02594997,31855433.648325346,35121.19512195122
9432082.5976794,31856894.65780635,34633.41463414634,6.164783845927243,9431787.860655766,31856467.302008115,34145.634146341465,9432131.515032299,31857411.484647736,34145.634146341465,9432377.334703036,31857322.01360459,35121.19512195122,9432033.680326503,31856377.830964968,35121.19512195122
9432426.252055934,31857838.840445973,34633.41463414634,4.444365520663022,9432131.515032299,31857411.484647736,34145.634146341465,9432475.16940883,31858355.667287353,34145.634146341465,9432720.989079569,31858266.196244206,35121.19512195122,9432377.334703036,31857322.01360459,35121.19512195122
9432769.906432467,31858783.02308559,34633.41463414634,4.655154521661777,9432475.16940883,31858355.667287353,34145.634146341465,9432818.823785363,31859299.849926975,34145.634146341465,9433064.643456101,31859210.378883827,35121.19512195122,9432720.989079569,31858266.196244206,35121.19512195122
9433113.560808998,31859727.20572521,34633.41463414634,4.9216266184100785,9432818.823785363,31859299.849926975,34145.634146341465,9433162.478161896,31860244.032566596,34145.634146341465,9433408.297832634,31860154.561523445,35121.19512195122,9433064.643456101,31859210.378883827,35121.19512195122
9433457.215185532,31860671.388364833,34633.41463414634,5.993790806966252,9433162.478161896,31860244.032566596,34145.634146341465,9433506.132538429,31861188.215206213,34145.634146341465,9433751.952209167,31861098.744163066,35121.19512195122,9433408.297832634,31860154.561523445,35121.19512195122
9433800.869562063,31861615.57100445,34633.41463414634,6.787398669374533,9433506.132538429,31861188.215206213,34145.634146341465,9433849.786914961,31862132.397845834,34145.634146341465,9434095.606585698,31862042.926802687,35121.19512195122,9433751.952209167,31861098.744163066,35121.19512195122
9434144.523938598,31862559.753644068,34633.41463414634,5.72846270493769,9433849.786914961,31862132.397845834,34145.634146341465,9434193.441291492,31863076.580485452,34145.634146341465,9434439.260962231,31862987.10944231,35121.19512195122,9434095.606585698,31862042.926802687,35121.19512195122
9434488.17831513,31863503.93628369,34633.41463414634,4.5233633416487065,9434193.441291492,31863076.580485452,34145.634146341465,9434537.095668025,31864020.763125073,34145.634146341465,9434782.915338764,31863931.29208193,35121.19512195122,9434439.260962231,31862987.10944231,35121.19512195122
9434831.832691662,31864448.11892331,34633.41463414634,3.991988730018723,9434537.095668025,31864020.763125073,34145.634146341465,9434880.750044558,31864964.94576469,34145.634146341465,9435126.569715297,31864875.474721547,35121.19512195122,9434782.915338764,31863931.29208193,35121.19512195122
9435175.487068195,31865392.30156293,34633.41463414634,3.7676881654801306,9434880.750044558,31864964.94576469,34145.634146341465,9435224.404421091,31865909.12840431,34145.634146341465,9435470.22409183,31865819.65736117,35121.19512195122,9435126.569715297,31864875.474721547,35121.19512195122
9435519.141444726,31866336.484202553,34633.41463414634,3.511393436039918,9435224.404421091,31865909.12840431,34145.634146341465,9435568.058797624,31866853.311043933,34145.634146341465,9435813.878468363,31866763.84000079,35121.19512195122,9435470.22409183,31865819.65736117,35121.19512195122
9435862.79582126,31867280.66684217,34633.41463414634,3.7044987911738816,9435568.058797624,31866853.311043933,34145.634146341465,9435911.713174157,31867797.493683554,34145.634146341465,9436157.532844894,31867708.022640407,35121.19512195122,9435813.878468363,31866763.84000079,35121.19512195122
9436206.450197792,31868224.84948179,34633.41463414634,3.9483709834847613,9435911.713174157,31867797.493683554,34145.634146341465,9436255.36755069,31868741.676323175,34145.634146341465,9436501.187221427,31868652.20528003,35121.19512195122,9436157.532844894,31867708.022640407,35121.19512195122
9436550.104574326,31869169.032121412,34633.41463414634,3.529813882099178,9436255.36755069,31868741.676323175,34145.634146341465,9436599.021927223,31869685.858962797,34145.634146341465,9436844.84159796,31869596.387919646,35121.19512195122,9436501.187221427,31868652.20528003,35121.19512195122
9436893.758950857,31870113.214761034,34633.41463414634,2.8853586000144467,9436599.021927223,31869685.858962797,34145.634146341465,9436942.676303754,31870630.041602414,34145.634146341465,9437188.495974492,31870540.570559267,35121.19512195122,9436844.84159796,31869596.387919646,35121.19512195122
9437237.41332739,31871057.39740065,34633.41463414634,2.308386267056915,9436942.676303754,31870630.041602414,34145.634146341465,9437286.330680287,31871574.224242035,34145.634146341465,9437532.150351025,31871484.75319889,35121.19512195122,9437188.495974492,31870540.570559267,35121.19512195122
9437581.067703923,31872001.58004027,34633.41463414634,2.1488218936539454,9437286.330680287,31871574.224242035,34145.634146341465,9437629.98505682,31872518.406881653,34145.634146341465,9437875.804727558,31872428.935838506,35121.19512195122,9437532.150351025,31871484.75319889,35121.19512195122
9437924.722080454,31872945.76267989,34633.41463414634,1.910507825642083,9437629.98505682,31872518.406881653,34145.634146341465,9437973.639433352,31873462.589521274,34145.634146341465,9438219.45910409,31873373.118478127,35121.19512195122,9437875.804727558,31872428.935838506,35121.19512195122
9438268.376456989,31873889.94531951,34633.41463414634,1.5198823920042541,9437973.639433352,31873462.589521274,34145.634146341465,9438317.293809885,31874406.772160895,34145.634146341465,9438563.113480624,31874317.301117748,35121.19512195122,9438219.45910409,31873373.118478127,35121.19512195122
9438612.03083352,31874834.12795913,34633.41463414634,1.4675774549041851,9438317.293809885,31874406.772160895,34145.634146341465,9438660.948186418,31875350.954800513,34145.634146341465,9438906.767857155,31875261.48375737,35121.19512195122,9438563.113480624,31874317.301117748,35121.19512195122
9438955.685210055,31875778.31059875,34633.41463414634,1.2302270229392103,9438660.948186418,31875350.954800513,34145.634146341465,9439004.60256295,31876295.137440134,34145.634146341465,9439250.422233688,31876205.66639699,35121.19512195122,9438906.767857155,31875261.48375737,35121.19512195122
9439299.339586586,31876722.49323837,34633.41463414634,1.0732213229357497,9439004.60256295,31876295.137440134,34145.634146341465,9439348.256939484,31877239.320079755,34145.634146341465,9439594.07661022,31877149.84903661,35121.19512195122,9439250.422233688,31876205.66639699,35121.19512195122
9439642.993963119,31877666.675877992,34633.41463414634,0.8802210102566227,9439348.256939484,31877239.320079755,34145.634146341465,9439691.911316015,31878183.502719373,34145.634146341465,9439937.730986753,31878094.03167623,35121.19512195122,9439594.07661022,31877149.84903661,35121.19512195122
9439986.648339652,31878610.858517613,34633.41463414634,0.7705165439302377,9439691.911316015,31878183.502719373,34145.634146341465,9440035.565692548,31879127.685358994,34145.634146341465,9440281.385363286,31879038.21431585,35121.19512195122,9439937.730986753,31878094.03167623,35121.19512195122
9440330.302716183,31879555.041157234,34633.41463414634,0.7057088451056771,9440035.565692548,31879127.685358994,34145.634146341465,9440379.22006908,31880071.867998615,34145.634146341465,9440625.03973982,31879982.39695547,35121.19512195122,9440281.385363286,31879038.21431585,35121.19512195122
9440673.957092717,31880499.223796856,34633.41463414634,0.7480566676009193,9440379.22006908,31880071.867998615,34145.634146341465,9440722.874445613,31881016.050638236,34145.634146341465,9440968.694116352,31880926.57959509,35121.19512195122,9440625.03973982,31879982.39695547,35121.19512195122
9441017.61146925,31881443.406436473,34633.41463414634,0.7515392040612209,9440722.874445613,31881016.050638236,34145.634146341465,9441066.528822146,31881960.233277857,34145.634146341465,9441312.348492885,31881870.76223471,35121.19512195122,9440968.694116352,31880926.57959509,35121.19512195122
9441361.265845783,31882387.589076094,34633.41463414634,0.7153020521885066,9441066.528822146,31881960.233277857,34145.634146341465,9441410.18319868,31882904.41591748,34145.634146341465,9441656.002869416,31882814.94487433,35121.19512195122,9441312.348492885,31881870.76223471,35121.19512195122
9441704.920222314,31883331.77171571,34633.41463414634,0.6738038083297818,9441410.18319868,31882904.41591748,34145.634146341465,9441753.837575212,31883848.598557096,34145.634146341465,9441999.657245949,31883759.12751395,35121.19512195122,9441656.002869416,31882814.94487433,35121.19512195122
9442048.574598847,31884275.95435533,34633.41463414634,0.5893543956665043,9441753.837575212,31883848.598557096,34145.634146341465,9442097.491951743,31884792.781196713,34145.634146341465,9442343.311622482,31884703.310153566,35121.19512195122,9441999.657245949,31883759.12751395,35121.19512195122
9442392.22897538,31885220.13699495,34633.41463414634,0.4590067911262401,9442097.491951743,31884792.781196713,34145.634146341465,9442441.146328276,31885736.963836335,34145.634146341465,9442686.965999015,31885647.492793187,35121.19512195122,9442343.311622482,31884703.310153566,35121.19512195122
9442735.88335191,31886164.31963457,34633.41463414634,0.571794631737342,9442441.146328276,31885736.963836335,34145.634146341465,9442784.800704809,31886681.146475956,34145.634146341465,9443030.620375548,31886591.67543281,35121.19512195122,9442686.965999015,31885647.492793187,35121.19512195122
9443079.537728446,31887108.50227419,34633.41463414634,0.5245470059826468,9442784.800704809,31886681.146475956,34145.634146341465,9443128.455081342,31887625.329115573,34145.634146341465,9443374.274752079,31887535.858072426,35121.19512195122,9443030.620375548,31886591.67543281,35121.19512195122
9443423.192104977,31888052.68491381,34633.41463414634,0.26530313347993806,9443128.455081342,31887625.329115573,34145.634146341465,9443472.109457875,31888569.511755195,34145.634146341465,9443717.929128611,31888480.04071205,35121.19512195122,9443374.274752079,31887535.858072426,35121.19512195122
9443766.846481511,31888996.86755343,34633.41463414634,0.22793403937476744,9443472.109457875,31888569.511755195,34145.634146341465,9443815.763834408,31889513.694394816,34145.634146341465,9444061.583505144,31889424.223351672,35121.19512195122,9443717.929128611,31888480.04071205,35121.19512195122
9444110.500858042,31889941.050193053,34633.41463414634,0.2448091576348986,9443815.763834408,31889513.694394816,34145.634146341465,9444159.418210939,31890457.877034433,34145.634146341465,9444405.237881677,31890368.40599129,35121.19512195122,9444061.583505144,31889424.223351672,35121.19512195122
9444454.155234575,31890885.23283267,34633.41463414634,0.2716617239388886,9444159.418210939,31890457.877034433,34145.634146341465,9444503.072587471,31891402.059674054,34145.634146341465,9444748.89225821,31891312.58863091,35121.19512195122,9444405.237881677,31890368.40599129,35121.19512195122
9444797.809611108,31891829.41547229,34633.41463414634,0.292580273940875,9444503.072587471,31891402.059674054,34145.634146341465,9444846.726964004,31892346.242313676,34145.634146341465,9445092.546634743,31892256.77127053,35121.19512195122,9444748.89225821,31891312.58863091,35121.19512195122
9445141.46398764,31892773.598111913,34633.41463414634,0.3150020783615522,9444846.726964004,31892346.242313676,34145.634146341465,9445190.381340537,31893290.424953293,34145.634146341465,9445436.201011276,31893200.95391015,35121.19512195122,9445092.546634743,31892256.77127053,35121.19512195122
9445485.118364174,31893717.780751534,34633.41463414634,0.15831142730247053,9445190.381340537,31893290.424953293,34145.634146341465,9445534.03571707,31894234.607592918,34145.634146341465,9445779.855387809,31894145.13654977,35121.19512195122,9445436.201011276,31893200.95391015,35121.19512195122
9445828.772740705,31894661.96339115,34633.41463414634,0.09270906486528856,9445534.03571707,31894234.607592918,34145.634146341465,9445877.690093603,31895178.790232535,34145.634146341465,9446123.50976434,31895089.31918939,35121.19512195122,9445779.855387809,31894145.13654977,35121.19512195122
9446172.42711724,31895606.146030772,34633.41463414634,0.07437630246552217,9445877.690093603,31895178.790232535,34145.634146341465,9446221.344470136,31896122.972872157,34145.634146341465,9446467.164140873,31896033.50182901,35121.19512195122,9446123.50976434,31895089.31918939,35121.19512195122
9446516.08149377,31896550.328670394,34633.41463414634,0.0580876818101448,9446221.344470136,31896122.972872157,34145.634146341465,9446564.998846669,31897067.155511778,34145.634146341465,9446810.818517406,31896977.68446863,35121.19512195122,9446467.164140873,31896033.50182901,35121.19512195122
9446859.735870304,31897494.511310015,34633.41463414634,0.084709473407975,9446564.998846669,31897067.155511778,34145.634146341465,9446908.6532232,31898011.338151395,34145.634146341465,9447154.472893938,31897921.86710825,35121.19512195122,9446810.818517406,31896977.68446863,35121.19512195122
9447203.390246836,31898438.693949632,34633.41463414634,0.08970409209086014,9446908.6532232,31898011.338151395,34145.634146341465,9447252.307599733,31898955.520791017,34145.634146341465,9447498.127270471,31898866.04974787,35121.19512195122,9447154.472893938,31897921.86710825,35121.19512195122
9447547.044623367,31899382.876589254,34633.41463414634,0.08772333096799607,9447252.307599733,31898955.520791017,34145.634146341465,9447595.961976266,31899899.703430638,34145.634146341465,9447841.781647004,31899810.23238749,35121.19512195122,9447498.127270471,31898866.04974787,35121.19512195122
9447890.698999902,31900327.059228875,34633.41463414634,0.07717043339990622,9447595.961976266,31899899.703430638,34145.634146341465,9447939.616352798,31900843.886070255,34145.634146341465,9448185.436023537,31900754.415027108,35121.19512195122,9447841.781647004,31899810.23238749,35121.19512195122
9422362.440430693,31829423.890214223,35608.975609756104,2.2008184843575975,9422067.703407058,31828996.534415986,35121.19512195122,9422411.357783591,31829940.717055604,35121.19512195122,9422657.17745433,31829851.246012457,36096.756097560974,9422313.523077797,31828907.06337284,36096.756097560974
9422706.094807224,31830368.07285384,35608.975609756104,2.1755901724319497,9422411.357783591,31829940.717055604,35121.19512195122,9422755.012160124,31830884.899695225,35121.19512195122,9423000.831830863,31830795.42865208,36096.756097560974,9422657.17745433,31829851.246012457,36096.756097560974
9423049.74918376,31831312.255493462,35608.975609756104,2.370082660109414,9422755.012160124,31830884.899695225,35121.19512195122,9423098.666536657,31831829.082334846,35121.19512195122,9423344.486207394,31831739.611291703,36096.756097560974,9423000.831830863,31830795.42865208,36096.756097560974
9423393.40356029,31832256.43813308,35608.975609756104,3.2620100988577043,9423098.666536657,31831829.082334846,35121.19512195122,9423442.32091319,31832773.264974464,35121.19512195122,9423688.140583927,31832683.79393132,36096.756097560974,9423344.486207394,31831739.611291703,36096.756097560974
9423737.057936825,31833200.620772704,35608.975609756104,3.823984255748587,9423442.32091319,31832773.264974464,35121.19512195122,9423785.975289723,31833717.447614085,35121.19512195122,9424031.79496046,31833627.97657094,36096.756097560974,9423688.140583927,31832683.79393132,36096.756097560974
9424080.712313356,31834144.803412322,35608.975609756104,4.312199612908215,9423785.975289723,31833717.447614085,35121.19512195122,9424129.629666254,31834661.630253706,35121.19512195122,9424375.449336993,31834572.15921056,36096.756097560974,9424031.79496046,31833627.97657094,36096.756097560974
9424424.366689889,31835088.986051943,35608.975609756104,4.803958060896468,9424129.629666254,31834661.630253706,35121.19512195122,9424473.284042787,31835605.812893327,35121.19512195122,9424719.103713525,31835516.34185018,36096.756097560974,9424375.449336993,31834572.15921056,36096.756097560974
9424768.021066422,31836033.168691564,35608.975609756104,5.680291969775481,9424473.284042787,31835605.812893327,35121.19512195122,9424816.93841932,31836549.99553295,35121.19512195122,9425062.758090058,31836460.5244898,36096.756097560974,9424719.103713525,31835516.34185018,36096.756097560974
9425111.675442953,31836977.351331186,35608.975609756104,6.023147446375756,9424816.93841932,31836549.99553295,35121.19512195122,9425160.592795853,31837494.178172566,35121.19512195122,9425406.412466591,31837404.70712942,36096.756097560974,9425062.758090058,31836460.5244898,36096.756097560974
9425455.329819487,31837921.533970803,35608.975609756104,4.979350878046818,9425160.592795853,31837494.178172566,35121.19512195122,9425504.247172385,31838438.360812187,35121.19512195122,9425750.066843124,31838348.88976904,36096.756097560974,9425406.412466591,31837404.70712942,36096.756097560974
9425798.984196018,31838865.716610424,35608.975609756104,4.624327851657624,9425504.247172385,31838438.360812187,35121.19512195122,9425847.901548918,31839382.54345181,35121.19512195122,9426093.721219655,31839293.07240866,36096.756097560974,9425750.066843124,31838348.88976904,36096.756097560974
9426142.638572553,31839809.899250045,35608.975609756104,4.286657279200911,9425847.901548918,31839382.54345181,35121.19512195122,9426191.55592545,31840326.726091426,35121.19512195122,9426437.375596188,31840237.25504828,36096.756097560974,9426093.721219655,31839293.07240866,36096.756097560974
9426486.292949084,31840754.081889663,35608.975609756104,4.107156347081995,9426191.55592545,31840326.726091426,35121.19512195122,9426535.210301982,31841270.908731047,35121.19512195122,9426781.02997272,31841181.4376879,36096.756097560974,9426437.375596188,31840237.25504828,36096.756097560974
9426829.947325617,31841698.26452928,35608.975609756104,4.2610477197621375,9426535.210301982,31841270.908731047,35121.19512195122,9426878.864678515,31842215.091370665,35121.19512195122,9427124.684349254,31842125.620327517,36096.756097560974,9426781.02997272,31841181.4376879,36096.756097560974
9427173.60170215,31842642.4471689,35608.975609756104,5.424399192479611,9426878.864678515,31842215.091370665,35121.19512195122,9427222.519055048,31843159.274010286,35121.19512195122,9427468.338725787,31843069.80296714,36096.756097560974,9427124.684349254,31842125.620327517,36096.756097560974
9427517.256078681,31843586.629808523,35608.975609756104,6.432487913838803,9427222.519055048,31843159.274010286,35121.19512195122,9427566.173431579,31844103.456649907,35121.19512195122,9427811.993102318,31844013.98560676,36096.756097560974,9427468.338725787,31843069.80296714,36096.756097560974
9427860.910455216,31844530.81244814,35608.975609756104,6.433719733251278,9427566.173431579,31844103.456649907,35121.19512195122,9427909.827808112,31845047.639289524,35121.19512195122,9428155.64747885,31844958.16824638,36096.756097560974,9427811.993102318,31844013.98560676,36096.756097560974
9428204.564831747,31845474.99508776,35608.975609756104,8.943430131948974,9427909.827808112,31845047.639289524,35121.19512195122,9428253.482184645,31845991.821929146,35121.19512195122,9428499.301855383,31845902.350886002,36096.756097560974,9428155.64747885,31844958.16824638,36096.756097560974
9428548.219208281,31846419.177727383,35608.975609756104,8.861100854843974,9428253.482184645,31845991.821929146,35121.19512195122,9428597.136561178,31846936.004568763,35121.19512195122,9428842.956231916,31846846.53352562,36096.756097560974,9428499.301855383,31845902.350886002,36096.756097560974
9428891.873584813,31847363.360367004,35608.975609756104,6.7585902261591375,9428597.136561178,31846936.004568763,35121.19512195122,9428940.790937709,31847880.187208384,35121.19512195122,9429186.61060845,31847790.71616524,36096.756097560974,9428842.956231916,31846846.53352562,36096.756097560974
9429235.527961345,31848307.543006625,35608.975609756104,6.349175728212741,9428940.790937709,31847880.187208384,35121.19512195122,9429284.445314242,31848824.369848005,35121.19512195122,9429530.264984982,31848734.898804862,36096.756097560974,9429186.61060845,31847790.71616524,36096.756097560974
9429579.182337878,31849251.725646246,35608.975609756104,4.489085634719947,9429284.445314242,31848824.369848005,35121.19512195122,9429628.099690774,31849768.552487627,35121.19512195122,9429873.919361515,31849679.08144448,36096.756097560974,9429530.264984982,31848734.898804862,36096.756097560974
9429922.83671441,31850195.908285864,35608.975609756104,4.560921541664791,9429628.099690774,31849768.552487627,35121.19512195122,9429971.754067307,31850712.735127248,35121.19512195122,9430217.573738048,31850623.2640841,36096.756097560974,9429873.919361515,31849679.08144448,36096.756097560974
9430266.491090944,31851140.090925485,35608.975609756104,6.803474216414057,9429971.754067307,31850712.735127248,35121.19512195122,9430315.40844384,31851656.91776687,35121.19512195122,9430561.228114579,31851567.446723722,36096.756097560974,9430217.573738048,31850623.2640841,36096.756097560974
9430610.145467475,31852084.273565102,35608.975609756104,9.758337243282234,9430315.40844384,31851656.91776687,35121.19512195122,9430659.062820373,31852601.100406487,35121.19512195122,9430904.882491112,31852511.62936334,36096.756097560974,9430561.228114579,31851567.446723722,36096.756097560974
9430953.79984401,31853028.456204724,35608.975609756104,11.992621025201911,9430659.062820373,31852601.100406487,35121.19512195122,9431002.717196906,31853545.283046108,35121.19512195122,9431248.536867645,31853455.81200296,36096.756097560974,9430904.882491112,31852511.62936334,36096.756097560974
9431297.45422054,31853972.638844345,35608.975609756104,12.286568147133151,9431002.717196906,31853545.283046108,35121.19512195122,9431346.371573437,31854489.46568573,35121.19512195122,9431592.191244178,31854399.99464258,36096.756097560974,9431248.536867645,31853455.81200296,36096.756097560974
9431641.108597074,31854916.821483962,35608.975609756104,10.40881529303417,9431346.371573437,31854489.46568573,35121.19512195122,9431690.02594997,31855433.648325346,35121.19512195122,9431935.84562071,31855344.1772822,36096.756097560974,9431592.191244178,31854399.99464258,36096.756097560974
9431984.762973607,31855861.004123583,35608.975609756104,7.20630244175649,9431690.02594997,31855433.648325346,35121.19512195122,9432033.680326503,31856377.830964968,35121.19512195122,9432279.499997243,31856288.35992182,36096.756097560974,9431935.84562071,31855344.1772822,36096.756097560974
9432328.417350138,31856805.186763205,35608.975609756104,5.059759484514235,9432033.680326503,31856377.830964968,35121.19512195122,9432377.334703036,31857322.01360459,35121.19512195122,9432623.154373776,31857232.54256144,36096.756097560974,9432279.499997243,31856288.35992182,36096.756097560974
9432672.071726672,31857749.369402822,35608.975609756104,5.802213317106058,9432377.334703036,31857322.01360459,35121.19512195122,9432720.989079569,31858266.196244206,35121.19512195122,9432966.808750309,31858176.725201063,36096.756097560974,9432623.154373776,31857232.54256144,36096.756097560974
9433015.726103203,31858693.552042443,35608.975609756104,5.904224288361464,9432720.989079569,31858266.196244206,35121.19512195122,9433064.643456101,31859210.378883827,35121.19512195122,9433310.46312684,31859120.907840684,36096.756097560974,9432966.808750309,31858176.725201063,36096.756097560974
9433359.380479738,31859637.73468207,35608.975609756104,6.4468563938802586,9433064.643456101,31859210.378883827,35121.19512195122,9433408.297832634,31860154.561523445,35121.19512195122,9433654.117503373,31860065.0904803,36096.756097560974,9433310.46312684,31859120.907840684,36096.756097560974
9433703.03485627,31860581.917321686,35608.975609756104,6.79420672710127,9433408.297832634,31860154.561523445,35121.19512195122,9433751.952209167,31861098.744163066,35121.19512195122,9433997.771879906,31861009.273119923,36096.756097560974,9433654.117503373,31860065.0904803,36096.756097560974
9434046.689232802,31861526.099961307,35608.975609756104,6.648888017633909,9433751.952209167,31861098.744163066,35121.19512195122,9434095.606585698,31862042.926802687,35121.19512195122,9434341.426256439,31861953.455759544,36096.756097560974,9433997.771879906,31861009.273119923,36096.756097560974
9434390.343609335,31862470.282600924,35608.975609756104,5.884992462392718,9434095.606585698,31862042.926802687,35121.19512195122,9434439.260962231,31862987.10944231,35121.19512195122,9434685.080632972,31862897.63839916,36096.756097560974,9434341.426256439,31861953.455759544,36096.756097560974
9434733.997985866,31863414.465240546,35608.975609756104,4.566046886451374,9434439.260962231,31862987.10944231,35121.19512195122,9434782.915338764,31863931.29208193,35121.19512195122,9435028.735009503,31863841.821038783,36096.756097560974,9434685.080632972,31862897.63839916,36096.756097560974
9435077.6523624,31864358.647880163,35608.975609756104,4.199713312921201,9434782.915338764,31863931.29208193,35121.19512195122,9435126.569715297,31864875.474721547,35121.19512195122,9435372.389386036,31864786.0036784,36096.756097560974,9435028.735009503,31863841.821038783,36096.756097560974
9435421.306738932,31865302.830519784,35608.975609756104,4.153515037308363,9435126.569715297,31864875.474721547,35121.19512195122,9435470.22409183,31865819.65736117,35121.19512195122,9435716.043762568,31865730.18631802,36096.756097560974,9435372.389386036,31864786.0036784,36096.756097560974
9435764.961115466,31866247.013159405,35608.975609756104,4.613044669644164,9435470.22409183,31865819.65736117,35121.19512195122,9435813.878468363,31866763.84000079,35121.19512195122,9436059.698139101,31866674.36895764,36096.756097560974,9435716.043762568,31865730.18631802,36096.756097560974
9436108.615491997,31867191.195799023,35608.975609756104,4.500474173493327,9435813.878468363,31866763.84000079,35121.19512195122,9436157.532844894,31867708.022640407,35121.19512195122,9436403.352515634,31867618.55159726,36096.756097560974,9436059.698139101,31866674.36895764,36096.756097560974
9436452.26986853,31868135.378438644,35608.975609756104,3.7214448690971227,9436157.532844894,31867708.022640407,35121.19512195122,9436501.187221427,31868652.20528003,35121.19512195122,9436747.006892167,31868562.73423688,36096.756097560974,9436403.352515634,31867618.55159726,36096.756097560974
9436795.924245063,31869079.561078265,35608.975609756104,3.167233106728154,9436501.187221427,31868652.20528003,35121.19512195122,9436844.84159796,31869596.387919646,35121.19512195122,9437090.6612687,31869506.9168765,36096.756097560974,9436747.006892167,31868562.73423688,36096.756097560974
9437139.578621594,31870023.743717883,35608.975609756104,2.04864333369936,9436844.84159796,31869596.387919646,35121.19512195122,9437188.495974492,31870540.570559267,35121.19512195122,9437434.315645233,31870451.099516124,36096.756097560974,9437090.6612687,31869506.9168765,36096.756097560974
9437483.232998129,31870967.926357504,35608.975609756104,1.4539896736510194,9437188.495974492,31870540.570559267,35121.19512195122,9437532.150351025,31871484.75319889,35121.19512195122,9437777.970021764,31871395.282155745,36096.756097560974,9437434.315645233,31870451.099516124,36096.756097560974
9437826.88737466,31871912.10899712,35608.975609756104,1.4384910417207504,9437532.150351025,31871484.75319889,35121.19512195122,9437875.804727558,31872428.935838506,35121.19512195122,9438121.624398297,31872339.464795362,36096.756097560974,9437777.970021764,31871395.282155745,36096.756097560974
9438170.541751195,31872856.291636746,35608.975609756104,1.439920905842643,9437875.804727558,31872428.935838506,35121.19512195122,9438219.45910409,31873373.118478127,35121.19512195122,9438465.27877483,31873283.647434983,36096.756097560974,9438121.624398297,31872339.464795362,36096.756097560974
9438514.196127726,31873800.474276368,35608.975609756104,1.320927139893953,9438219.45910409,31873373.118478127,35121.19512195122,9438563.113480624,31874317.301117748,35121.19512195122,9438808.933151362,31874227.830074605,36096.756097560974,9438465.27877483,31873283.647434983,36096.756097560974
9438857.850504259,31874744.656915985,35608.975609756104,1.529430578040433,9438563.113480624,31874317.301117748,35121.19512195122,9438906.767857155,31875261.48375737,35121.19512195122,9439152.587527895,31875172.012714222,36096.756097560974,9438808.933151362,31874227.830074605,36096.756097560974
9439201.504880792,31875688.839555606,35608.975609756104,1.6358867863105266,9438906.767857155,31875261.48375737,35121.19512195122,9439250.422233688,31876205.66639699,35121.19512195122,9439496.241904428,31876116.195353843,36096.756097560974,9439152.587527895,31875172.012714222,36096.756097560974
9439545.159257323,31876633.022195227,35608.975609756104,1.6000712971939053,9439250.422233688,31876205.66639699,35121.19512195122,9439594.07661022,31877149.84903661,35121.19512195122,9439839.896280961,31877060.377993464,36096.756097560974,9439496.241904428,31876116.195353843,36096.756097560974
9439888.813633857,31877577.20483485,35608.975609756104,1.1256910107371703,9439594.07661022,31877149.84903661,35121.19512195122,9439937.730986753,31878094.03167623,35121.19512195122,9440183.550657494,31878004.560633082,36096.756097560974,9439839.896280961,31877060.377993464,36096.756097560974
9440232.468010388,31878521.387474466,35608.975609756104,0.9267522811344514,9439937.730986753,31878094.03167623,35121.19512195122,9440281.385363286,31879038.21431585,35121.19512195122,9440527.205034025,31878948.743272703,36096.756097560974,9440183.550657494,31878004.560633082,36096.756097560974
9440576.122386923,31879465.570114087,35608.975609756104,0.8300636435809997,9440281.385363286,31879038.21431585,35121.19512195122,9440625.03973982,31879982.39695547,35121.19512195122,9440870.859410558,31879892.925912324,36096.756097560974,9440527.205034025,31878948.743272703,36096.756097560974
9440919.776763454,31880409.75275371,35608.975609756104,0.9338708074316845,9440625.03973982,31879982.39695547,35121.19512195122,9440968.694116352,31880926.57959509,35121.19512195122,9441214.51378709,31880837.10855194,36096.756097560974,9440870.859410558,31879892.925912324,36096.756097560974
9441263.431139989,31881353.935393326,35608.975609756104,0.9284945528991331,9440968.694116352,31880926.57959509,35121.19512195122,9441312.348492885,31881870.76223471,35121.19512195122,9441558.168163624,31881781.291191563,36096.756097560974,9441214.51378709,31880837.10855194,36096.756097560974
9441607.08551652,31882298.118032943,35608.975609756104,0.752627262125879,9441312.348492885,31881870.76223471,35121.19512195122,9441656.002869416,31882814.94487433,35121.19512195122,9441901.822540157,31882725.47383118,36096.756097560974,9441558.168163624,31881781.291191563,36096.756097560974
9441950.73989305,31883242.300672565,35608.975609756104,0.7490215513336661,9441656.002869416,31882814.94487433,35121.19512195122,9441999.657245949,31883759.12751395,35121.19512195122,9442245.47691669,31883669.656470805,36096.756097560974,9441901.822540157,31882725.47383118,36096.756097560974
9442294.394269586,31884186.483312182,35608.975609756104,0.8750009643737541,9441999.657245949,31883759.12751395,35121.19512195122,9442343.311622482,31884703.310153566,35121.19512195122,9442589.13129322,31884613.839110423,36096.756097560974,9442245.47691669,31883669.656470805,36096.756097560974
9442638.048646117,31885130.665951803,35608.975609756104,0.7581113337567418,9442343.311622482,31884703.310153566,35121.19512195122,9442686.965999015,31885647.492793187,35121.19512195122,9442932.785669753,31885558.021750044,36096.756097560974,9442589.13129322,31884613.839110423,36096.756097560974
9442981.703022651,31886074.84859143,35608.975609756104,0.775572946894109,9442686.965999015,31885647.492793187,35121.19512195122,9443030.620375548,31886591.67543281,35121.19512195122,9443276.440046286,31886502.204389665,36096.756097560974,9442932.785669753,31885558.021750044,36096.756097560974
9443325.357399182,31887019.031231046,35608.975609756104,0.8118064373666946,9443030.620375548,31886591.67543281,35121.19512195122,9443374.274752079,31887535.858072426,35121.19512195122,9443620.09442282,31887446.387029283,36096.756097560974,9443276.440046286,31886502.204389665,36096.756097560974
9443669.011775715,31887963.213870667,35608.975609756104,0.6637221604017308,9443374.274752079,31887535.858072426,35121.19512195122,9443717.929128611,31888480.04071205,35121.19512195122,9443963.748799352,31888390.569668904,36096.756097560974,9443620.09442282,31887446.387029283,36096.756097560974
9444012.666152248,31888907.396510288,35608.975609756104,0.5219826796689282,9443717.929128611,31888480.04071205,35121.19512195122,9444061.583505144,31889424.223351672,35121.19512195122,9444307.403175885,31889334.75230852,36096.756097560974,9443963.748799352,31888390.569668904,36096.756097560974
9444356.32052878,31889851.57914991,35608.975609756104,0.3650307701931455,9444061.583505144,31889424.223351672,35121.19512195122,9444405.237881677,31890368.40599129,35121.19512195122,9444651.057552418,31890278.934948143,36096.756097560974,9444307.403175885,31889334.75230852,36096.756097560974
9444699.974905314,31890795.761789527,35608.975609756104,0.32961990148959674,9444405.237881677,31890368.40599129,35121.19512195122,9444748.89225821,31891312.58863091,35121.19512195122,9444994.71192895,31891223.117587764,36096.756097560974,9444651.057552418,31890278.934948143,36096.756097560974
9445043.629281845,31891739.944429144,35608.975609756104,0.29937664175131234,9444748.89225821,31891312.58863091,35121.19512195122,9445092.546634743,31892256.77127053,35121.19512195122,9445338.366305482,31892167.30022738,36096.756097560974,9444994.71192895,31891223.117587764,36096.756097560974
9445387.28365838,31892684.127068765,35608.975609756104,0.2543579240706105,9445092.546634743,31892256.77127053,35121.19512195122,9445436.201011276,31893200.95391015,35121.19512195122,9445682.020682015,31893111.482867002,36096.756097560974,9445338.366305482,31892167.30022738,36096.756097560974
9445730.93803491,31893628.309708387,35608.975609756104,0.1436030787031937,9445436.201011276,31893200.95391015,35121.19512195122,9445779.855387809,31894145.13654977,35121.19512195122,9446025.675058547,31894055.665506624,36096.756097560974,9445682.020682015,31893111.482867002,36096.756097560974
9446074.592411444,31894572.492348004,35608.975609756104,0.08485981499523772,9445779.855387809,31894145.13654977,35121.19512195122,9446123.50976434,31895089.31918939,35121.19512195122,9446369.32943508,31894999.84814624,36096.756097560974,9446025.675058547,31894055.665506624,36096.756097560974
9446418.246787976,31895516.674987625,35608.975609756104,0.07987857794799094,9446123.50976434,31895089.31918939,35121.19512195122,9446467.164140873,31896033.50182901,35121.19512195122,9446712.983811613,31895944.030785862,36096.756097560974,9446369.32943508,31894999.84814624,36096.756097560974
9446761.901164507,31896460.857627247,35608.975609756104,0.05776394114204095,9446467.164140873,31896033.50182901,35121.19512195122,9446810.818517406,31896977.68446863,35121.19512195122,9447056.638188146,31896888.213425487,36096.756097560974,9446712.983811613,31895944.030785862,36096.756097560974
9447105.555541042,31897405.040266868,35608.975609756104,0.03028936454385544,9446810.818517406,31896977.68446863,35121.19512195122,9447154.472893938,31897921.86710825,35121.19512195122,9447400.292564679,31897832.396065105,36096.756097560974,9447056.638188146,31896888.213425487,36096.756097560974
9447449.209917575,31898349.222906485,35608.975609756104,0.04198210248905001,9447154.472893938,31897921.86710825,35121.19512195122,9447498.127270471,31898866.04974787,35121.19512195122,9447743.946941212,31898776.578704726,36096.756097560974,9447400.292564679,31897832.396065105,36096.756097560974
9447792.864294108,31899293.405546106,35608.975609756104,0.04895957806889502,9447498.127270471,31898866.04974787,35121.19512195122,9447841.781647004,31899810.23238749,35121.19512195122,9448087.601317743,31899720.761344347,36096.756097560974,9447743.946941212,31898776.578704726,36096.756097560974
9448136.518670639,31900237.58818573,35608.975609756104,0.0712977188981157,9447841.781647004,31899810.23238749,35121.19512195122,9448185.436023537,31900754.415027108,35121.19512195122,9448431.255694276,31900664.943983965,36096.756097560974,9448087.601317743,31899720.761344347,36096.756097560974
9422608.260101432,31829334.41917108,36584.53658536585,2.553745134921107,9422313.523077797,31828907.06337284,36096.756097560974,9422657.17745433,31829851.246012457,36096.756097560974,9422902.997125067,31829761.774969313,37072.31707317073,9422559.342748534,31828817.592329696,37072.31707317073
9422951.914477967,31830278.601810697,36584.53658536585,2.870480761303235,9422657.17745433,31829851.246012457,36096.756097560974,9423000.831830863,31830795.42865208,36096.756097560974,9423246.6515016,31830705.957608934,37072.31707317073,9422902.997125067,31829761.774969313,37072.31707317073
9423295.568854498,31831222.784450315,36584.53658536585,3.034651869163973,9423000.831830863,31830795.42865208,36096.756097560974,9423344.486207394,31831739.611291703,36096.756097560974,9423590.305878133,31831650.140248552,37072.31707317073,9423246.6515016,31830705.957608934,37072.31707317073
9423639.22323103,31832166.967089936,36584.53658536585,2.9841616620361515,9423344.486207394,31831739.611291703,36096.756097560974,9423688.140583927,31832683.79393132,36096.756097560974,9423933.960254665,31832594.322888173,37072.31707317073,9423590.305878133,31831650.140248552,37072.31707317073
9423982.877607564,31833111.149729557,36584.53658536585,2.8192894685617365,9423688.140583927,31832683.79393132,36096.756097560974,9424031.79496046,31833627.97657094,36096.756097560974,9424277.614631198,31833538.505527794,37072.31707317073,9423933.960254665,31832594.322888173,37072.31707317073
9424326.531984095,31834055.332369175,36584.53658536585,3.216487822442934,9424031.79496046,31833627.97657094,36096.756097560974,9424375.449336993,31834572.15921056,36096.756097560974,9424621.269007731,31834482.68816741,37072.31707317073,9424277.614631198,31833538.505527794,37072.31707317073
9424670.18636063,31834999.515008796,36584.53658536585,3.68418333870547,9424375.449336993,31834572.15921056,36096.756097560974,9424719.103713525,31835516.34185018,36096.756097560974,9424964.923384264,31835426.870807033,37072.31707317073,9424621.269007731,31834482.68816741,37072.31707317073
9425013.84073716,31835943.697648417,36584.53658536585,3.815606212459114,9424719.103713525,31835516.34185018,36096.756097560974,9425062.758090058,31836460.5244898,36096.756097560974,9425308.577760795,31836371.053446654,37072.31707317073,9424964.923384264,31835426.870807033,37072.31707317073
9425357.495113695,31836887.88028804,36584.53658536585,3.56257335823418,9425062.758090058,31836460.5244898,36096.756097560974,9425406.412466591,31837404.70712942,36096.756097560974,9425652.232137328,31837315.23608627,37072.31707317073,9425308.577760795,31836371.053446654,37072.31707317073
9425701.149490226,31837832.062927656,36584.53658536585,3.3123063040437306,9425406.412466591,31837404.70712942,36096.756097560974,9425750.066843124,31838348.88976904,36096.756097560974,9425995.88651386,31838259.418725893,37072.31707317073,9425652.232137328,31837315.23608627,37072.31707317073
9426044.803866759,31838776.245567277,36584.53658536585,3.070453823155006,9425750.066843124,31838348.88976904,36096.756097560974,9426093.721219655,31839293.07240866,36096.756097560974,9426339.540890394,31839203.601365518,37072.31707317073,9425995.88651386,31838259.418725893,37072.31707317073
9426388.458243292,31839720.4282069,36584.53658536585,3.2175169353809867,9426093.721219655,31839293.07240866,36096.756097560974,9426437.375596188,31840237.25504828,36096.756097560974,9426683.195266927,31840147.784005135,37072.31707317073,9426339.540890394,31839203.601365518,37072.31707317073
9426732.112619823,31840664.610846512,36584.53658536585,3.368551169278667,9426437.375596188,31840237.25504828,36096.756097560974,9426781.02997272,31841181.4376879,36096.756097560974,9427026.849643458,31841091.966644753,37072.31707317073,9426683.195266927,31840147.784005135,37072.31707317073
9427075.766996358,31841608.793486137,36584.53658536585,3.530441225603619,9426781.02997272,31841181.4376879,36096.756097560974,9427124.684349254,31842125.620327517,36096.756097560974,9427370.50401999,31842036.149284374,37072.31707317073,9427026.849643458,31841091.966644753,37072.31707317073
9427419.421372889,31842552.97612576,36584.53658536585,4.303283874483479,9427124.684349254,31842125.620327517,36096.756097560974,9427468.338725787,31843069.80296714,36096.756097560974,9427714.158396523,31842980.331923995,37072.31707317073,9427370.50401999,31842036.149284374,37072.31707317073
9427763.075749423,31843497.158765376,36584.53658536585,4.792898658702956,9427468.338725787,31843069.80296714,36096.756097560974,9427811.993102318,31844013.98560676,36096.756097560974,9428057.812773056,31843924.514563613,37072.31707317073,9427714.158396523,31842980.331923995,37072.31707317073
9428106.730125954,31844441.341404997,36584.53658536585,5.89713113784158,9427811.993102318,31844013.98560676,36096.756097560974,9428155.64747885,31844958.16824638,36096.756097560974,9428401.46714959,31844868.697203234,37072.31707317073,9428057.812773056,31843924.514563613,37072.31707317073
9428450.384502487,31845385.524044618,36584.53658536585,8.302247837733628,9428155.64747885,31844958.16824638,36096.756097560974,9428499.301855383,31845902.350886002,36096.756097560974,9428745.121526122,31845812.879842855,37072.31707317073,9428401.46714959,31844868.697203234,37072.31707317073
9428794.03887902,31846329.706684235,36584.53658536585,11.853961431574401,9428499.301855383,31845902.350886002,36096.756097560974,9428842.956231916,31846846.53352562,36096.756097560974,9429088.775902655,31846757.062482473,37072.31707317073,9428745.121526122,31845812.879842855,37072.31707317073
9429137.693255551,31847273.889323857,36584.53658536585,11.475879116543252,9428842.956231916,31846846.53352562,36096.756097560974,9429186.61060845,31847790.71616524,36096.756097560974,9429432.430279188,31847701.245122094,37072.31707317073,9429088.775902655,31846757.062482473,37072.31707317073
9429481.347632086,31848218.071963478,36584.53658536585,10.128459469426943,9429186.61060845,31847790.71616524,36096.756097560974,9429530.264984982,31848734.898804862,36096.756097560974,9429776.084655719,31848645.427761715,37072.31707317073,9429432.430279188,31847701.245122094,37072.31707317073
9429825.002008617,31849162.2546031,36584.53658536585,8.150951162782663,9429530.264984982,31848734.898804862,36096.756097560974,9429873.919361515,31849679.08144448,36096.756097560974,9430119.739032252,31849589.610401332,37072.31707317073,9429776.084655719,31848645.427761715,37072.31707317073
9430168.656385152,31850106.437242717,36584.53658536585,8.448869057348581,9429873.919361515,31849679.08144448,36096.756097560974,9430217.573738048,31850623.2640841,36096.756097560974,9430463.393408785,31850533.793040954,37072.31707317073,9430119.739032252,31849589.610401332,37072.31707317073
9430512.310761683,31851050.619882338,36584.53658536585,11.70371115132665,9430217.573738048,31850623.2640841,36096.756097560974,9430561.228114579,31851567.446723722,36096.756097560974,9430807.047785318,31851477.975680575,37072.31707317073,9430463.393408785,31850533.793040954,37072.31707317073
9430855.965138216,31851994.802521955,36584.53658536585,13.825271916274128,9430561.228114579,31851567.446723722,36096.756097560974,9430904.882491112,31852511.62936334,36096.756097560974,9431150.70216185,31852422.158320196,37072.31707317073,9430807.047785318,31851477.975680575,37072.31707317073
9431199.619514748,31852938.985161576,36584.53658536585,13.140617374975355,9430904.882491112,31852511.62936334,36096.756097560974,9431248.536867645,31853455.81200296,36096.756097560974,9431494.356538383,31853366.340959817,37072.31707317073,9431150.70216185,31852422.158320196,37072.31707317073
9431543.27389128,31853883.167801194,36584.53658536585,12.129964724016332,9431248.536867645,31853455.81200296,36096.756097560974,9431592.191244178,31854399.99464258,36096.756097560974,9431838.010914916,31854310.523599435,37072.31707317073,9431494.356538383,31853366.340959817,37072.31707317073
9431886.928267814,31854827.35044082,36584.53658536585,12.071719326311895,9431592.191244178,31854399.99464258,36096.756097560974,9431935.84562071,31855344.1772822,36096.756097560974,9432181.665291449,31855254.706239056,37072.31707317073,9431838.010914916,31854310.523599435,37072.31707317073
9432230.582644345,31855771.53308044,36584.53658536585,10.065622816506929,9431935.84562071,31855344.1772822,36096.756097560974,9432279.499997243,31856288.35992182,36096.756097560974,9432525.31966798,31856198.888878677,37072.31707317073,9432181.665291449,31855254.706239056,37072.31707317073
9432574.23702088,31856715.71572006,36584.53658536585,8.532398901706419,9432279.499997243,31856288.35992182,36096.756097560974,9432623.154373776,31857232.54256144,36096.756097560974,9432868.974044513,31857143.071518295,37072.31707317073,9432525.31966798,31856198.888878677,37072.31707317073
9432917.891397411,31857659.89835968,36584.53658536585,7.024477536041052,9432623.154373776,31857232.54256144,36096.756097560974,9432966.808750309,31858176.725201063,36096.756097560974,9433212.628421046,31858087.254157916,37072.31707317073,9432868.974044513,31857143.071518295,37072.31707317073
9433261.545773944,31858604.0809993,36584.53658536585,6.391498383617966,9432966.808750309,31858176.725201063,36096.756097560974,9433310.46312684,31859120.907840684,36096.756097560974,9433556.282797579,31859031.436797537,37072.31707317073,9433212.628421046,31858087.254157916,37072.31707317073
9433605.200150477,31859548.26363892,36584.53658536585,6.696653589111524,9433310.46312684,31859120.907840684,36096.756097560974,9433654.117503373,31860065.0904803,36096.756097560974,9433899.937174112,31859975.619437154,37072.31707317073,9433556.282797579,31859031.436797537,37072.31707317073
9433948.854527008,31860492.44627854,36584.53658536585,7.131589113178249,9433654.117503373,31860065.0904803,36096.756097560974,9433997.771879906,31861009.273119923,36096.756097560974,9434243.591550644,31860919.802076776,37072.31707317073,9433899.937174112,31859975.619437154,37072.31707317073
9434292.50890354,31861436.62891816,36584.53658536585,7.572565925632859,9433997.771879906,31861009.273119923,36096.756097560974,9434341.426256439,31861953.455759544,36096.756097560974,9434587.245927177,31861863.984716397,37072.31707317073,9434243.591550644,31860919.802076776,37072.31707317073
9434636.163280074,31862380.811557777,36584.53658536585,9.230522028357399,9434341.426256439,31861953.455759544,36096.756097560974,9434685.080632972,31862897.63839916,36096.756097560974,9434930.900303708,31862808.167356014,37072.31707317073,9434587.245927177,31861863.984716397,37072.31707317073
9434979.817656606,31863324.9941974,36584.53658536585,7.235367530025558,9434685.080632972,31862897.63839916,36096.756097560974,9435028.735009503,31863841.821038783,36096.756097560974,9435274.554680241,31863752.34999563,37072.31707317073,9434930.900303708,31862808.167356014,37072.31707317073
9435323.47203314,31864269.176837016,36584.53658536585,5.31560285505997,9435028.735009503,31863841.821038783,36096.756097560974,9435372.389386036,31864786.0036784,36096.756097560974,9435618.209056774,31864696.532635253,37072.31707317073,9435274.554680241,31863752.34999563,37072.31707317073
9435667.12640967,31865213.359476637,36584.53658536585,4.745509564710937,9435372.389386036,31864786.0036784,36096.756097560974,9435716.043762568,31865730.18631802,36096.756097560974,9435961.863433307,31865640.715274878,37072.31707317073,9435618.209056774,31864696.532635253,37072.31707317073
9436010.780786203,31866157.542116255,36584.53658536585,4.416019005299801,9435716.043762568,31865730.18631802,36096.756097560974,9436059.698139101,31866674.36895764,36096.756097560974,9436305.51780984,31866584.897914495,37072.31707317073,9435961.863433307,31865640.715274878,37072.31707317073
9436354.435162734,31867101.724755876,36584.53658536585,4.23406633873111,9436059.698139101,31866674.36895764,36096.756097560974,9436403.352515634,31867618.55159726,36096.756097560974,9436649.172186373,31867529.080554117,37072.31707317073,9436305.51780984,31866584.897914495,37072.31707317073
9436698.089539269,31868045.9073955,36584.53658536585,3.9649888402524374,9436403.352515634,31867618.55159726,36096.756097560974,9436747.006892167,31868562.73423688,36096.756097560974,9436992.826562904,31868473.263193738,37072.31707317073,9436649.172186373,31867529.080554117,37072.31707317073
9437041.7439158,31868990.090035122,36584.53658536585,3.303001082779191,9436747.006892167,31868562.73423688,36096.756097560974,9437090.6612687,31869506.9168765,36096.756097560974,9437336.480939437,31869417.445833355,37072.31707317073,9436992.826562904,31868473.263193738,37072.31707317073
9437385.398292335,31869934.27267474,36584.53658536585,2.344457458759814,9437090.6612687,31869506.9168765,36096.756097560974,9437434.315645233,31870451.099516124,36096.756097560974,9437680.13531597,31870361.628472976,37072.31707317073,9437336.480939437,31869417.445833355,37072.31707317073
9437729.052668866,31870878.45531436,36584.53658536585,1.7820001182566263,9437434.315645233,31870451.099516124,36096.756097560974,9437777.970021764,31871395.282155745,36096.756097560974,9438023.789692502,31871305.811112598,37072.31707317073,9437680.13531597,31870361.628472976,37072.31707317073
9438072.707045399,31871822.637953978,36584.53658536585,1.3792507604691748,9437777.970021764,31871395.282155745,36096.756097560974,9438121.624398297,31872339.464795362,36096.756097560974,9438367.444069035,31872249.993752215,37072.31707317073,9438023.789692502,31871305.811112598,37072.31707317073
9438416.361421932,31872766.8205936,36584.53658536585,1.3647322751154007,9438121.624398297,31872339.464795362,36096.756097560974,9438465.27877483,31873283.647434983,36096.756097560974,9438711.098445568,31873194.176391836,37072.31707317073,9438367.444069035,31872249.993752215,37072.31707317073
9438760.015798463,31873711.00323322,36584.53658536585,1.3353375950171462,9438465.27877483,31873283.647434983,36096.756097560974,9438808.933151362,31874227.830074605,36096.756097560974,9439054.752822101,31874138.359031457,37072.31707317073,9438711.098445568,31873194.176391836,37072.31707317073
9439103.670174997,31874655.185872838,36584.53658536585,1.3436461065596699,9438808.933151362,31874227.830074605,36096.756097560974,9439152.587527895,31875172.012714222,36096.756097560974,9439398.407198634,31875082.541671075,37072.31707317073,9439054.752822101,31874138.359031457,37072.31707317073
9439447.324551528,31875599.36851246,36584.53658536585,1.1193297543205787,9439152.587527895,31875172.012714222,36096.756097560974,9439496.241904428,31876116.195353843,36096.756097560974,9439742.061575165,31876026.724310696,37072.31707317073,9439398.407198634,31875082.541671075,37072.31707317073
9439790.978928063,31876543.55115208,36584.53658536585,0.8756354302747901,9439496.241904428,31876116.195353843,36096.756097560974,9439839.896280961,31877060.377993464,36096.756097560974,9440085.715951698,31876970.906950317,37072.31707317073,9439742.061575165,31876026.724310696,37072.31707317073
9440134.633304594,31877487.7337917,36584.53658536585,0.79921849964321,9439839.896280961,31877060.377993464,36096.756097560974,9440183.550657494,31878004.560633082,36096.756097560974,9440429.37032823,31877915.089589935,37072.31707317073,9440085.715951698,31876970.906950317,37072.31707317073
9440478.287681127,31878431.91643132,36584.53658536585,0.7509319348997209,9440183.550657494,31878004.560633082,36096.756097560974,9440527.205034025,31878948.743272703,36096.756097560974,9440773.024704764,31878859.27222956,37072.31707317073,9440429.37032823,31877915.089589935,37072.31707317073
9440821.94205766,31879376.09907094,36584.53658536585,0.6254991268548525,9440527.205034025,31878948.743272703,36096.756097560974,9440870.859410558,31879892.925912324,36096.756097560974,9441116.679081297,31879803.454869177,37072.31707317073,9440773.024704764,31878859.27222956,37072.31707317073
9441165.59643419,31880320.28171056,36584.53658536585,0.733414890318035,9440870.859410558,31879892.925912324,36096.756097560974,9441214.51378709,31880837.10855194,36096.756097560974,9441460.33345783,31880747.6375088,37072.31707317073,9441116.679081297,31879803.454869177,37072.31707317073
9441509.250810726,31881264.464350183,36584.53658536585,0.6458288374326767,9441214.51378709,31880837.10855194,36096.756097560974,9441558.168163624,31881781.291191563,36096.756097560974,9441803.987834362,31881691.82014842,37072.31707317073,9441460.33345783,31880747.6375088,37072.31707317073
9441852.905187258,31882208.6469898,36584.53658536585,0.43304718269949816,9441558.168163624,31881781.291191563,36096.756097560974,9441901.822540157,31882725.47383118,36096.756097560974,9442147.642210895,31882636.002788037,37072.31707317073,9441803.987834362,31881691.82014842,37072.31707317073
9442196.559563791,31883152.82962942,36584.53658536585,0.6843290093992307,9441901.822540157,31882725.47383118,36096.756097560974,9442245.47691669,31883669.656470805,36096.756097560974,9442491.296587426,31883580.18542766,37072.31707317073,9442147.642210895,31882636.002788037,37072.31707317073
9442540.213940322,31884097.01226904,36584.53658536585,0.7311417131146202,9442245.47691669,31883669.656470805,36096.756097560974,9442589.13129322,31884613.839110423,36096.756097560974,9442834.95096396,31884524.368067276,37072.31707317073,9442491.296587426,31883580.18542766,37072.31707317073
9442883.868316855,31885041.19490866,36584.53658536585,0.685391221558376,9442589.13129322,31884613.839110423,36096.756097560974,9442932.785669753,31885558.021750044,36096.756097560974,9443178.605340492,31885468.550706897,37072.31707317073,9442834.95096396,31884524.368067276,37072.31707317073
9443227.522693388,31885985.37754828,36584.53658536585,0.5695701584675728,9442932.785669753,31885558.021750044,36096.756097560974,9443276.440046286,31886502.204389665,36096.756097560974,9443522.259717025,31886412.733346514,37072.31707317073,9443178.605340492,31885468.550706897,37072.31707317073
9443571.17706992,31886929.5601879,36584.53658536585,0.40886886938387945,9443276.440046286,31886502.204389665,36096.756097560974,9443620.09442282,31887446.387029283,36096.756097560974,9443865.914093558,31887356.915986136,37072.31707317073,9443522.259717025,31886412.733346514,37072.31707317073
9443914.831446454,31887873.74282752,36584.53658536585,0.3988004036951342,9443620.09442282,31887446.387029283,36096.756097560974,9443963.748799352,31888390.569668904,36096.756097560974,9444209.568470089,31888301.098625757,37072.31707317073,9443865.914093558,31887356.915986136,37072.31707317073
9444258.485822985,31888817.92546714,36584.53658536585,0.5716776175325354,9443963.748799352,31888390.569668904,36096.756097560974,9444307.403175885,31889334.75230852,36096.756097560974,9444553.222846622,31889245.281265374,37072.31707317073,9444209.568470089,31888301.098625757,37072.31707317073
9444602.14019952,31889762.10810676,36584.53658536585,0.58178966850483,9444307.403175885,31889334.75230852,36096.756097560974,9444651.057552418,31890278.934948143,36096.756097560974,9444896.877223155,31890189.463904995,37072.31707317073,9444553.222846622,31889245.281265374,37072.31707317073
9444945.79457605,31890706.29074638,36584.53658536585,0.3828276462467139,9444651.057552418,31890278.934948143,36096.756097560974,9444994.71192895,31891223.117587764,36096.756097560974,9445240.531599687,31891133.646544617,37072.31707317073,9444896.877223155,31890189.463904995,37072.31707317073
9445289.448952584,31891650.473385997,36584.53658536585,0.22399789053824717,9444994.71192895,31891223.117587764,36096.756097560974,9445338.366305482,31892167.30022738,36096.756097560974,9445584.18597622,31892077.829184238,37072.31707317073,9445240.531599687,31891133.646544617,37072.31707317073
9445633.103329116,31892594.65602562,36584.53658536585,0.11722531484315145,9445338.366305482,31892167.30022738,36096.756097560974,9445682.020682015,31893111.482867002,36096.756097560974,9445927.840352753,31893022.01182386,37072.31707317073,9445584.18597622,31892077.829184238,37072.31707317073
9445976.757705647,31893538.83866524,36584.53658536585,0.0779725213100436,9445682.020682015,31893111.482867002,36096.756097560974,9446025.675058547,31894055.665506624,36096.756097560974,9446271.494729286,31893966.19446348,37072.31707317073,9445927.840352753,31893022.01182386,37072.31707317073
9446320.412082182,31894483.02130486,36584.53658536585,0.04169253385075742,9446025.675058547,31894055.665506624,36096.756097560974,9446369.32943508,31894999.84814624,36096.756097560974,9446615.149105819,31894910.377103098,37072.31707317073,9446271.494729286,31893966.19446348,37072.31707317073
9446664.066458713,31895427.203944482,36584.53658536585,0.012132157375440147,9446369.32943508,31894999.84814624,36096.756097560974,9446712.983811613,31895944.030785862,36096.756097560974,9446958.80348235,31895854.55974272,37072.31707317073,9446615.149105819,31894910.377103098,37072.31707317073
9447007.720835248,31896371.386584103,36584.53658536585,0.011011236694749462,9446712.983811613,31895944.030785862,36096.756097560974,9447056.638188146,31896888.213425487,36096.756097560974,9447302.457858883,31896798.74238234,37072.31707317073,9446958.80348235,31895854.55974272,37072.31707317073
9447351.375211779,31897315.569223724,36584.53658536585,0.011322849076491105,9447056.638188146,31896888.213425487,36096.756097560974,9447400.292564679,31897832.396065105,36096.756097560974,9447646.112235416,31897742.925021958,37072.31707317073,9447302.457858883,31896798.74238234,37072.31707317073
9447695.029588314,31898259.75186334,36584.53658536585,0.029624232020855998,9447400.292564679,31897832.396065105,36096.756097560974,9447743.946941212,31898776.578704726,36096.756097560974,9447989.766611949,31898687.10766158,37072.31707317073,9447646.112235416,31897742.925021958,37072.31707317073
9448038.683964845,31899203.934502963,36584.53658536585,0.02973511045599289,9447743.946941212,31898776.578704726,36096.756097560974,9448087.601317743,31899720.761344347,36096.756097560974,9448333.420988481,31899631.2903012,37072.31707317073,9447989.766611949,31898687.10766158,37072.31707317073
9448382.338341376,31900148.117142584,36584.53658536585,0.06088758249585738,9448087.601317743,31899720.761344347,36096.756097560974,9448431.255694276,31900664.943983965,36096.756097560974,9448677.075365014,31900575.472940817,37072.31707317073,9448333.420988481,31899631.2903012,37072.31707317073
9422854.079772172,31829244.948127933,37560.097560975606,2.915396828604123,9422559.342748534,31828817.592329696,37072.31707317073,9422902.997125067,31829761.774969313,37072.31707317073,9423148.816795811,31829672.303926166,38047.87804878049,9422805.162419278,31828728.121286545,38047.87804878049
9423197.734148705,31830189.130767547,37560.097560975606,2.733586592285978,9422902.997125067,31829761.774969313,37072.31707317073,9423246.6515016,31830705.957608934,37072.31707317073,9423492.471172344,31830616.486565784,38047.87804878049,9423148.816795811,31829672.303926166,38047.87804878049
9423541.388525238,31831133.313407168,37560.097560975606,2.494799106914169,9423246.6515016,31830705.957608934,37072.31707317073,9423590.305878133,31831650.140248552,37072.31707317073,9423836.125548875,31831560.669205405,38047.87804878049,9423492.471172344,31830616.486565784,38047.87804878049
9423885.04290177,31832077.49604679,37560.097560975606,2.2550202269427277,9423590.305878133,31831650.140248552,37072.31707317073,9423933.960254665,31832594.322888173,37072.31707317073,9424179.779925408,31832504.851845026,38047.87804878049,9423836.125548875,31831560.669205405,38047.87804878049
9424228.697278302,31833021.678686406,37560.097560975606,2.009485159521649,9423933.960254665,31832594.322888173,37072.31707317073,9424277.614631198,31833538.505527794,37072.31707317073,9424523.43430194,31833449.034484647,38047.87804878049,9424179.779925408,31832504.851845026,38047.87804878049
9424572.351654837,31833965.861326028,37560.097560975606,1.9468884736098029,9424277.614631198,31833538.505527794,37072.31707317073,9424621.269007731,31834482.68816741,37072.31707317073,9424867.088678474,31834393.21712427,38047.87804878049,9424523.43430194,31833449.034484647,38047.87804878049
9424916.006031368,31834910.04396565,37560.097560975606,1.963239349782723,9424621.269007731,31834482.68816741,37072.31707317073,9424964.923384264,31835426.870807033,37072.31707317073,9425210.743055006,31835337.39976389,38047.87804878049,9424867.088678474,31834393.21712427,38047.87804878049
9425259.6604079,31835854.22660527,37560.097560975606,1.9898054651824553,9424964.923384264,31835426.870807033,37072.31707317073,9425308.577760795,31836371.053446654,37072.31707317073,9425554.39743154,31836281.582403507,38047.87804878049,9425210.743055006,31835337.39976389,38047.87804878049
9425603.314784434,31836798.40924489,37560.097560975606,2.2063330175163194,9425308.577760795,31836371.053446654,37072.31707317073,9425652.232137328,31837315.23608627,37072.31707317073,9425898.051808072,31837225.76504313,38047.87804878049,9425554.39743154,31836281.582403507,38047.87804878049
9425946.969160967,31837742.591884512,37560.097560975606,2.6754918895935926,9425652.232137328,31837315.23608627,37072.31707317073,9425995.88651386,31838259.418725893,37072.31707317073,9426241.706184605,31838169.94768275,38047.87804878049,9425898.051808072,31837225.76504313,38047.87804878049
9426290.6235375,31838686.774524134,37560.097560975606,2.7790492018605413,9425995.88651386,31838259.418725893,37072.31707317073,9426339.540890394,31839203.601365518,37072.31707317073,9426585.360561136,31839114.130322367,38047.87804878049,9426241.706184605,31838169.94768275,38047.87804878049
9426634.27791403,31839630.957163755,37560.097560975606,3.383128097217301,9426339.540890394,31839203.601365518,37072.31707317073,9426683.195266927,31840147.784005135,37072.31707317073,9426929.014937669,31840058.312961984,38047.87804878049,9426585.360561136,31839114.130322367,38047.87804878049
9426977.932290563,31840575.13980337,37560.097560975606,3.7405070018937785,9426683.195266927,31840147.784005135,37072.31707317073,9427026.849643458,31841091.966644753,37072.31707317073,9427272.669314202,31841002.495601606,38047.87804878049,9426929.014937669,31840058.312961984,38047.87804878049
9427321.586667096,31841519.32244299,37560.097560975606,4.041103760353418,9427026.849643458,31841091.966644753,37072.31707317073,9427370.50401999,31842036.149284374,37072.31707317073,9427616.323690735,31841946.678241227,38047.87804878049,9427272.669314202,31841002.495601606,38047.87804878049
9427665.24104363,31842463.50508261,37560.097560975606,3.941928305850044,9427370.50401999,31842036.149284374,37072.31707317073,9427714.158396523,31842980.331923995,37072.31707317073,9427959.978067268,31842890.860880844,38047.87804878049,9427616.323690735,31841946.678241227,38047.87804878049
9428008.895420162,31843407.68772223,37560.097560975606,3.9856246028685685,9427714.158396523,31842980.331923995,37072.31707317073,9428057.812773056,31843924.514563613,37072.31707317073,9428303.632443799,31843835.043520465,38047.87804878049,9427959.978067268,31842890.860880844,38047.87804878049
9428352.549796693,31844351.87036185,37560.097560975606,4.511304602046043,9428057.812773056,31843924.514563613,37072.31707317073,9428401.46714959,31844868.697203234,37072.31707317073,9428647.286820332,31844779.226160087,38047.87804878049,9428303.632443799,31843835.043520465,38047.87804878049
9428696.204173226,31845296.05300147,37560.097560975606,6.939622250462095,9428401.46714959,31844868.697203234,37072.31707317073,9428745.121526122,31845812.879842855,37072.31707317073,9428990.941196864,31845723.408799704,38047.87804878049,9428647.286820332,31844779.226160087,38047.87804878049
9429039.858549759,31846240.23564109,37560.097560975606,10.362185114260509,9428745.121526122,31845812.879842855,37072.31707317073,9429088.775902655,31846757.062482473,37072.31707317073,9429334.595573397,31846667.59143933,38047.87804878049,9428990.941196864,31845723.408799704,38047.87804878049
9429383.512926294,31847184.41828071,37560.097560975606,12.00142351448026,9429088.775902655,31846757.062482473,37072.31707317073,9429432.430279188,31847701.245122094,37072.31707317073,9429678.24994993,31847611.77407895,38047.87804878049,9429334.595573397,31846667.59143933,38047.87804878049
9429727.167302825,31848128.60092033,37560.097560975606,11.626647492879401,9429432.430279188,31847701.245122094,37072.31707317073,9429776.084655719,31848645.427761715,37072.31707317073,9430021.904326463,31848555.956718568,38047.87804878049,9429678.24994993,31847611.77407895,38047.87804878049
9430070.821679357,31849072.783559952,37560.097560975606,11.476508952604624,9429776.084655719,31848645.427761715,37072.31707317073,9430119.739032252,31849589.610401332,37072.31707317073,9430365.558702996,31849500.13935819,38047.87804878049,9430021.904326463,31848555.956718568,38047.87804878049
9430414.47605589,31850016.966199573,37560.097560975606,8.861399345535077,9430119.739032252,31849589.610401332,37072.31707317073,9430463.393408785,31850533.793040954,37072.31707317073,9430709.213079529,31850444.32199781,38047.87804878049,9430365.558702996,31849500.13935819,38047.87804878049
9430758.130432423,31850961.14883919,37560.097560975606,9.153807295166233,9430463.393408785,31850533.793040954,37072.31707317073,9430807.047785318,31851477.975680575,37072.31707317073,9431052.86745606,31851388.504637428,38047.87804878049,9430709.213079529,31850444.32199781,38047.87804878049
9431101.784808954,31851905.33147881,37560.097560975606,8.885993769741717,9430807.047785318,31851477.975680575,37072.31707317073,9431150.70216185,31852422.158320196,37072.31707317073,9431396.521832593,31852332.68727705,38047.87804878049,9431052.86745606,31851388.504637428,38047.87804878049
9431445.439185487,31852849.51411843,37560.097560975606,8.62373539243406,9431150.70216185,31852422.158320196,37072.31707317073,9431494.356538383,31853366.340959817,37072.31707317073,9431740.176209126,31853276.869916666,38047.87804878049,9431396.521832593,31852332.68727705,38047.87804878049
9431789.093562022,31853793.69675805,37560.097560975606,8.675967238603185,9431494.356538383,31853366.340959817,37072.31707317073,9431838.010914916,31854310.523599435,37072.31707317073,9432083.830585659,31854221.052556287,38047.87804878049,9431740.176209126,31853276.869916666,38047.87804878049
9432132.747938553,31854737.87939767,37560.097560975606,7.55043689705727,9431838.010914916,31854310.523599435,37072.31707317073,9432181.665291449,31855254.706239056,37072.31707317073,9432427.484962191,31855165.23519591,38047.87804878049,9432083.830585659,31854221.052556287,38047.87804878049
9432476.402315086,31855682.062037293,37560.097560975606,7.021541228106808,9432181.665291449,31855254.706239056,37072.31707317073,9432525.31966798,31856198.888878677,37072.31707317073,9432771.139338724,31856109.417835526,38047.87804878049,9432427.484962191,31855165.23519591,38047.87804878049
9432820.056691619,31856626.24467691,37560.097560975606,5.8930765790501844,9432525.31966798,31856198.888878677,37072.31707317073,9432868.974044513,31857143.071518295,37072.31707317073,9433114.793715257,31857053.600475147,38047.87804878049,9432771.139338724,31856109.417835526,38047.87804878049
9433163.711068152,31857570.42731653,37560.097560975606,4.477583749350462,9432868.974044513,31857143.071518295,37072.31707317073,9433212.628421046,31858087.254157916,37072.31707317073,9433458.44809179,31857997.78311477,38047.87804878049,9433114.793715257,31857053.600475147,38047.87804878049
9433507.365444684,31858514.609956153,37560.097560975606,4.457796757722506,9433212.628421046,31858087.254157916,37072.31707317073,9433556.282797579,31859031.436797537,37072.31707317073,9433802.102468321,31858941.965754386,38047.87804878049,9433458.44809179,31857997.78311477,38047.87804878049
9433851.019821215,31859458.792595774,37560.097560975606,4.141931073151483,9433556.282797579,31859031.436797537,37072.31707317073,9433899.937174112,31859975.619437154,37072.31707317073,9434145.756844854,31859886.148394007,38047.87804878049,9433802.102468321,31858941.965754386,38047.87804878049
9434194.67419775,31860402.97523539,37560.097560975606,4.483395784948918,9433899.937174112,31859975.619437154,37072.31707317073,9434243.591550644,31860919.802076776,37072.31707317073,9434489.411221387,31860830.331033632,38047.87804878049,9434145.756844854,31859886.148394007,38047.87804878049
9434538.328574281,31861347.15787501,37560.097560975606,5.510893921073626,9434243.591550644,31860919.802076776,37072.31707317073,9434587.245927177,31861863.984716397,37072.31707317073,9434833.06559792,31861774.51367325,38047.87804878049,9434489.411221387,31860830.331033632,38047.87804878049
9434881.982950814,31862291.34051463,37560.097560975606,6.202645392978613,9434587.245927177,31861863.984716397,37072.31707317073,9434930.900303708,31862808.167356014,37072.31707317073,9435176.719974453,31862718.696312867,38047.87804878049,9434833.06559792,31861774.51367325,38047.87804878049
9435225.637327347,31863235.52315425,37560.097560975606,6.957155281605943,9434930.900303708,31862808.167356014,37072.31707317073,9435274.554680241,31863752.34999563,37072.31707317073,9435520.374350986,31863662.87895249,38047.87804878049,9435176.719974453,31862718.696312867,38047.87804878049
9435569.29170388,31864179.705793872,37560.097560975606,5.764815047803814,9435274.554680241,31863752.34999563,37072.31707317073,9435618.209056774,31864696.532635253,37072.31707317073,9435864.028727517,31864607.06159211,38047.87804878049,9435520.374350986,31863662.87895249,38047.87804878049
9435912.94608041,31865123.888433494,37560.097560975606,3.929561968735848,9435618.209056774,31864696.532635253,37072.31707317073,9435961.863433307,31865640.715274878,37072.31707317073,9436207.68310405,31865551.244231727,38047.87804878049,9435864.028727517,31864607.06159211,38047.87804878049
9436256.600456944,31866068.07107311,37560.097560975606,3.8038161545148874,9435961.863433307,31865640.715274878,37072.31707317073,9436305.51780984,31866584.897914495,37072.31707317073,9436551.337480582,31866495.42687135,38047.87804878049,9436207.68310405,31865551.244231727,38047.87804878049
9436600.254833478,31867012.253712732,37560.097560975606,3.561125193023215,9436305.51780984,31866584.897914495,37072.31707317073,9436649.172186373,31867529.080554117,37072.31707317073,9436894.991857115,31867439.60951097,38047.87804878049,9436551.337480582,31866495.42687135,38047.87804878049
9436943.90921001,31867956.436352354,37560.097560975606,3.0759071219196765,9436649.172186373,31867529.080554117,37072.31707317073,9436992.826562904,31868473.263193738,37072.31707317073,9437238.646233648,31868383.792150587,38047.87804878049,9436894.991857115,31867439.60951097,38047.87804878049
9437287.563586542,31868900.618991975,37560.097560975606,2.4855854345208908,9436992.826562904,31868473.263193738,37072.31707317073,9437336.480939437,31869417.445833355,37072.31707317073,9437582.300610181,31869327.974790208,38047.87804878049,9437238.646233648,31868383.792150587,38047.87804878049
9437631.217963075,31869844.801631592,37560.097560975606,1.782028100425338,9437336.480939437,31869417.445833355,37072.31707317073,9437680.13531597,31870361.628472976,37072.31707317073,9437925.954986714,31870272.15742983,38047.87804878049,9437582.300610181,31869327.974790208,38047.87804878049
9437974.872339608,31870788.98427121,37560.097560975606,1.5275546647743823,9437680.13531597,31870361.628472976,37072.31707317073,9438023.789692502,31871305.811112598,37072.31707317073,9438269.609363245,31871216.340069447,38047.87804878049,9437925.954986714,31870272.15742983,38047.87804878049
9438318.526716141,31871733.16691083,37560.097560975606,1.0953470775132197,9438023.789692502,31871305.811112598,37072.31707317073,9438367.444069035,31872249.993752215,37072.31707317073,9438613.263739778,31872160.522709068,38047.87804878049,9438269.609363245,31871216.340069447,38047.87804878049
9438662.181092672,31872677.349550452,37560.097560975606,1.1408653185554656,9438367.444069035,31872249.993752215,37072.31707317073,9438711.098445568,31873194.176391836,37072.31707317073,9438956.918116309,31873104.70534869,38047.87804878049,9438613.263739778,31872160.522709068,38047.87804878049
9439005.835469207,31873621.53219007,37560.097560975606,1.064402671652053,9438711.098445568,31873194.176391836,37072.31707317073,9439054.752822101,31874138.359031457,37072.31707317073,9439300.572492842,31874048.88798831,38047.87804878049,9438956.918116309,31873104.70534869,38047.87804878049
9439349.489845738,31874565.71482969,37560.097560975606,0.9688523837060635,9439054.752822101,31874138.359031457,37072.31707317073,9439398.407198634,31875082.541671075,37072.31707317073,9439644.226869375,31874993.07062793,38047.87804878049,9439300.572492842,31874048.88798831,38047.87804878049
9439693.14422227,31875509.897469312,37560.097560975606,0.935258323820287,9439398.407198634,31875082.541671075,37072.31707317073,9439742.061575165,31876026.724310696,37072.31707317073,9439987.881245907,31875937.25326755,38047.87804878049,9439644.226869375,31874993.07062793,38047.87804878049
9440036.798598804,31876454.080108933,37560.097560975606,0.7977709357005777,9439742.061575165,31876026.724310696,37072.31707317073,9440085.715951698,31876970.906950317,37072.31707317073,9440331.53562244,31876881.43590717,38047.87804878049,9439987.881245907,31875937.25326755,38047.87804878049
9440380.452975336,31877398.262748554,37560.097560975606,0.6294472258580059,9440085.715951698,31876970.906950317,37072.31707317073,9440429.37032823,31877915.089589935,37072.31707317073,9440675.189998973,31877825.61854679,38047.87804878049,9440331.53562244,31876881.43590717,38047.87804878049
9440724.10735187,31878342.445388176,37560.097560975606,0.4070829406261894,9440429.37032823,31877915.089589935,37072.31707317073,9440773.024704764,31878859.27222956,37072.31707317073,9441018.844375506,31878769.80118641,38047.87804878049,9440675.189998973,31877825.61854679,38047.87804878049
9441067.761728402,31879286.628027797,37560.097560975606,0.5281739324330718,9440773.024704764,31878859.27222956,37072.31707317073,9441116.679081297,31879803.454869177,37072.31707317073,9441362.498752037,31879713.98382603,38047.87804878049,9441018.844375506,31878769.80118641,38047.87804878049
9441411.416104935,31880230.810667414,37560.097560975606,0.8899245626132873,9441116.679081297,31879803.454869177,37072.31707317073,9441460.33345783,31880747.6375088,37072.31707317073,9441706.15312857,31880658.16646565,38047.87804878049,9441362.498752037,31879713.98382603,38047.87804878049
9441755.070481466,31881174.99330703,37560.097560975606,0.8966312136010725,9441460.33345783,31880747.6375088,37072.31707317073,9441803.987834362,31881691.82014842,37072.31707317073,9442049.807505103,31881602.34910527,38047.87804878049,9441706.15312857,31880658.16646565,38047.87804878049
9442098.724857999,31882119.175946653,37560.097560975606,0.8421442082167973,9441803.987834362,31881691.82014842,37072.31707317073,9442147.642210895,31882636.002788037,37072.31707317073,9442393.461881636,31882546.53174489,38047.87804878049,9442049.807505103,31881602.34910527,38047.87804878049
9442442.379234532,31883063.358586274,37560.097560975606,0.9633333366561272,9442147.642210895,31882636.002788037,37072.31707317073,9442491.296587426,31883580.18542766,37072.31707317073,9442737.116258169,31883490.71438451,38047.87804878049,9442393.461881636,31882546.53174489,38047.87804878049
9442786.033611065,31884007.54122589,37560.097560975606,0.8921528307889152,9442491.296587426,31883580.18542766,37072.31707317073,9442834.95096396,31884524.368067276,37072.31707317073,9443080.7706347,31884434.89702413,38047.87804878049,9442737.116258169,31883490.71438451,38047.87804878049
9443129.687987596,31884951.723865513,37560.097560975606,0.7300132755112688,9442834.95096396,31884524.368067276,37072.31707317073,9443178.605340492,31885468.550706897,37072.31707317073,9443424.425011232,31885379.079663746,38047.87804878049,9443080.7706347,31884434.89702413,38047.87804878049
9443473.342364129,31885895.90650513,37560.097560975606,0.573419609353383,9443178.605340492,31885468.550706897,37072.31707317073,9443522.259717025,31886412.733346514,37072.31707317073,9443768.079387765,31886323.262303367,38047.87804878049,9443424.425011232,31885379.079663746,38047.87804878049
9443816.996740663,31886840.08914475,37560.097560975606,0.4380546432422317,9443522.259717025,31886412.733346514,37072.31707317073,9443865.914093558,31887356.915986136,37072.31707317073,9444111.733764298,31887267.444942992,38047.87804878049,9443768.079387765,31886323.262303367,38047.87804878049
9444160.651117194,31887784.271784373,37560.097560975606,0.39150371642468584,9443865.914093558,31887356.915986136,37072.31707317073,9444209.568470089,31888301.098625757,37072.31707317073,9444455.388140831,31888211.62758261,38047.87804878049,9444111.733764298,31887267.444942992,38047.87804878049
9444504.305493727,31888728.454423994,37560.097560975606,0.22504465913336025,9444209.568470089,31888301.098625757,37072.31707317073,9444553.222846622,31889245.281265374,37072.31707317073,9444799.042517364,31889155.81022223,38047.87804878049,9444455.388140831,31888211.62758261,38047.87804878049
9444847.95987026,31889672.637063615,37560.097560975606,0.19613804917037986,9444553.222846622,31889245.281265374,37072.31707317073,9444896.877223155,31890189.463904995,37072.31707317073,9445142.696893897,31890099.992861852,38047.87804878049,9444799.042517364,31889155.81022223,38047.87804878049
9445191.614246793,31890616.819703232,37560.097560975606,0.12837258697675066,9444896.877223155,31890189.463904995,37072.31707317073,9445240.531599687,31891133.646544617,37072.31707317073,9445486.35127043,31891044.17550147,38047.87804878049,9445142.696893897,31890099.992861852,38047.87804878049
9445535.268623326,31891561.002342854,37560.097560975606,0.046721255890112966,9445240.531599687,31891133.646544617,37072.31707317073,9445584.18597622,31892077.829184238,37072.31707317073,9445830.00564696,31891988.35814109,38047.87804878049,9445486.35127043,31891044.17550147,38047.87804878049
9445878.922999857,31892505.184982475,37560.097560975606,0.010865028462525789,9445584.18597622,31892077.829184238,37072.31707317073,9445927.840352753,31893022.01182386,37072.31707317073,9446173.660023494,31892932.540780712,38047.87804878049,9445830.00564696,31891988.35814109,38047.87804878049
9446222.577376392,31893449.367622092,37560.097560975606,0.0356014813025356,9445927.840352753,31893022.01182386,37072.31707317073,9446271.494729286,31893966.19446348,37072.31707317073,9446517.314400027,31893876.72342033,38047.87804878049,9446173.660023494,31892932.540780712,38047.87804878049
9446566.231752923,31894393.550261714,37560.097560975606,0.021322370839017033,9446271.494729286,31893966.19446348,37072.31707317073,9446615.149105819,31894910.377103098,37072.31707317073,9446860.96877656,31894820.90605995,38047.87804878049,9446517.314400027,31893876.72342033,38047.87804878049
9446909.886129456,31895337.732901335,37560.097560975606,0.02825859771819534,9446615.149105819,31894910.377103098,37072.31707317073,9446958.80348235,31895854.55974272,37072.31707317073,9447204.623153092,31895765.08869957,38047.87804878049,9446860.96877656,31894820.90605995,38047.87804878049
9447253.540505989,31896281.915540956,37560.097560975606,0.014996862802051075,9446958.80348235,31895854.55974272,37072.31707317073,9447302.457858883,31896798.74238234,37072.31707317073,9447548.277529625,31896709.27133919,38047.87804878049,9447204.623153092,31895765.08869957,38047.87804878049
9447597.194882521,31897226.098180573,37560.097560975606,0.006670110066129077,9447302.457858883,31896798.74238234,37072.31707317073,9447646.112235416,31897742.925021958,37072.31707317073,9447891.931906158,31897653.45397881,38047.87804878049,9447548.277529625,31896709.27133919,38047.87804878049
9447940.849259054,31898170.280820195,37560.097560975606,0.03024943613240327,9447646.112235416,31897742.925021958,37072.31707317073,9447989.766611949,31898687.10766158,37072.31707317073,9448235.586282691,31898597.636618428,38047.87804878049,9447891.931906158,31897653.45397881,38047.87804878049
9448284.503635587,31899114.463459816,37560.097560975606,0.026048452596715763,9447989.766611949,31898687.10766158,37072.31707317073,9448333.420988481,31899631.2903012,37072.31707317073,9448579.240659222,31899541.81925805,38047.87804878049,9448235.586282691,31898597.636618428,38047.87804878049
9448628.15801212,31900058.646099437,37560.097560975606,0.0032280069883770233,9448333.420988481,31899631.2903012,37072.31707317073,9448677.075365014,31900575.472940817,37072.31707317073,9448922.895035755,31900486.001897674,38047.87804878049,9448579.240659222,31899541.81925805,38047.87804878049
9423099.899442913,31829155.477084782,38535.65853658537,2.1334399119166636,9422805.162419278,31828728.121286545,38047.87804878049,9423148.816795811,31829672.303926166,38047.87804878049,9423394.636466548,31829582.832883023,39023.439024390245,9423050.982090015,31828638.6502434,39023.439024390245
9423443.553819444,31830099.6597244,38535.65853658537,2.1712921505910683,9423148.816795811,31829672.303926166,38047.87804878049,9423492.471172344,31830616.486565784,38047.87804878049,9423738.29084308,31830527.01552264,39023.439024390245,9423394.636466548,31829582.832883023,39023.439024390245
9423787.208195977,31831043.842364024,38535.65853658537,2.512166995787701,9423492.471172344,31830616.486565784,38047.87804878049,9423836.125548875,31831560.669205405,38047.87804878049,9424081.945219614,31831471.19816226,39023.439024390245,9423738.29084308,31830527.01552264,39023.439024390245
9424130.86257251,31831988.025003646,38535.65853658537,2.5578092864031428,9423836.125548875,31831560.669205405,38047.87804878049,9424179.779925408,31832504.851845026,38047.87804878049,9424425.599596146,31832415.380801883,39023.439024390245,9424081.945219614,31831471.19816226,39023.439024390245
9424474.51694904,31832932.207643263,38535.65853658537,2.33177636736937,9424179.779925408,31832504.851845026,38047.87804878049,9424523.43430194,31833449.034484647,38047.87804878049,9424769.25397268,31833359.5634415,39023.439024390245,9424425.599596146,31832415.380801883,39023.439024390245
9424818.171325576,31833876.390282884,38535.65853658537,2.048759412559869,9424523.43430194,31833449.034484647,38047.87804878049,9424867.088678474,31834393.21712427,38047.87804878049,9425112.908349212,31834303.74608112,39023.439024390245,9424769.25397268,31833359.5634415,39023.439024390245
9425161.825702108,31834820.572922505,38535.65853658537,1.951445202374136,9424867.088678474,31834393.21712427,38047.87804878049,9425210.743055006,31835337.39976389,38047.87804878049,9425456.562725745,31835247.928720742,39023.439024390245,9425112.908349212,31834303.74608112,39023.439024390245
9425505.480078641,31835764.755562127,38535.65853658537,1.9117461187475977,9425210.743055006,31835337.39976389,38047.87804878049,9425554.39743154,31836281.582403507,38047.87804878049,9425800.217102276,31836192.11136036,39023.439024390245,9425456.562725745,31835247.928720742,39023.439024390245
9425849.134455172,31836708.938201744,38535.65853658537,2.212433231125839,9425554.39743154,31836281.582403507,38047.87804878049,9425898.051808072,31837225.76504313,38047.87804878049,9426143.871478809,31837136.29399998,39023.439024390245,9425800.217102276,31836192.11136036,39023.439024390245
9426192.788831707,31837653.120841365,38535.65853658537,2.5261831665029786,9425898.051808072,31837225.76504313,38047.87804878049,9426241.706184605,31838169.94768275,38047.87804878049,9426487.525855342,31838080.476639602,39023.439024390245,9426143.871478809,31837136.29399998,39023.439024390245
9426536.443208238,31838597.303480987,38535.65853658537,2.7827821254228433,9426241.706184605,31838169.94768275,38047.87804878049,9426585.360561136,31839114.130322367,38047.87804878049,9426831.180231875,31839024.65927922,39023.439024390245,9426487.525855342,31838080.476639602,39023.439024390245
9426880.09758477,31839541.4861206,38535.65853658537,3.0509868741499537,9426585.360561136,31839114.130322367,38047.87804878049,9426929.014937669,31840058.312961984,38047.87804878049,9427174.834608408,31839968.841918837,39023.439024390245,9426831.180231875,31839024.65927922,39023.439024390245
9427223.751961304,31840485.66876022,38535.65853658537,3.172305424035333,9426929.014937669,31840058.312961984,38047.87804878049,9427272.669314202,31841002.495601606,38047.87804878049,9427518.488984939,31840913.02455846,39023.439024390245,9427174.834608408,31839968.841918837,39023.439024390245
9427567.406337835,31841429.851399843,38535.65853658537,3.167088109989619,9427272.669314202,31841002.495601606,38047.87804878049,9427616.323690735,31841946.678241227,38047.87804878049,9427862.143361472,31841857.207198083,39023.439024390245,9427518.488984939,31840913.02455846,39023.439024390245
9427911.06071437,31842374.03403946,38535.65853658537,3.3333507767391115,9427616.323690735,31841946.678241227,38047.87804878049,9427959.978067268,31842890.860880844,38047.87804878049,9428205.797738004,31842801.3898377,39023.439024390245,9427862.143361472,31841857.207198083,39023.439024390245
9428254.7150909,31843318.21667908,38535.65853658537,3.489714305372958,9427959.978067268,31842890.860880844,38047.87804878049,9428303.632443799,31843835.043520465,38047.87804878049,9428549.452114537,31843745.572477322,39023.439024390245,9428205.797738004,31842801.3898377,39023.439024390245
9428598.369467434,31844262.399318706,38535.65853658537,4.22580521227469,9428303.632443799,31843835.043520465,38047.87804878049,9428647.286820332,31844779.226160087,38047.87804878049,9428893.10649107,31844689.755116943,39023.439024390245,9428549.452114537,31843745.572477322,39023.439024390245
9428942.023843966,31845206.581958324,38535.65853658537,6.37560185190632,9428647.286820332,31844779.226160087,38047.87804878049,9428990.941196864,31845723.408799704,38047.87804878049,9429236.760867603,31845633.93775656,39023.439024390245,9428893.10649107,31844689.755116943,39023.439024390245
9429285.678220497,31846150.764597945,38535.65853658537,8.064372897238849,9428990.941196864,31845723.408799704,38047.87804878049,9429334.595573397,31846667.59143933,38047.87804878049,9429580.415244136,31846578.120396182,39023.439024390245,9429236.760867603,31845633.93775656,39023.439024390245
9429629.332597032,31847094.947237566,38535.65853658537,9.063323635246737,9429334.595573397,31846667.59143933,38047.87804878049,9429678.24994993,31847611.77407895,38047.87804878049,9429924.069620669,31847522.303035803,39023.439024390245,9429580.415244136,31846578.120396182,39023.439024390245
9429972.986973563,31848039.129877187,38535.65853658537,8.832998828467005,9429678.24994993,31847611.77407895,38047.87804878049,9430021.904326463,31848555.956718568,38047.87804878049,9430267.7239972,31848466.48567542,39023.439024390245,9429924.069620669,31847522.303035803,39023.439024390245
9430316.641350098,31848983.312516805,38535.65853658537,7.9211740110934805,9430021.904326463,31848555.956718568,38047.87804878049,9430365.558702996,31849500.13935819,38047.87804878049,9430611.378373733,31849410.66831504,39023.439024390245,9430267.7239972,31848466.48567542,39023.439024390245
9430660.295726629,31849927.495156422,38535.65853658537,6.591919162174611,9430365.558702996,31849500.13935819,38047.87804878049,9430709.213079529,31850444.32199781,38047.87804878049,9430955.032750266,31850354.85095466,39023.439024390245,9430611.378373733,31849410.66831504,39023.439024390245
9431003.950103162,31850871.677796043,38535.65853658537,5.028539014140198,9430709.213079529,31850444.32199781,38047.87804878049,9431052.86745606,31851388.504637428,38047.87804878049,9431298.687126799,31851299.03359428,39023.439024390245,9430955.032750266,31850354.85095466,39023.439024390245
9431347.604479695,31851815.860435665,38535.65853658537,5.286735203279464,9431052.86745606,31851388.504637428,38047.87804878049,9431396.521832593,31852332.68727705,38047.87804878049,9431642.341503331,31852243.2162339,39023.439024390245,9431298.687126799,31851299.03359428,39023.439024390245
9431691.258856226,31852760.043075282,38535.65853658537,6.669645384174413,9431396.521832593,31852332.68727705,38047.87804878049,9431740.176209126,31853276.869916666,38047.87804878049,9431985.995879864,31853187.39887352,39023.439024390245,9431642.341503331,31852243.2162339,39023.439024390245
9432034.91323276,31853704.225714903,38535.65853658537,6.09161241018549,9431740.176209126,31853276.869916666,38047.87804878049,9432083.830585659,31854221.052556287,38047.87804878049,9432329.650256397,31854131.58151314,39023.439024390245,9431985.995879864,31853187.39887352,39023.439024390245
9432378.567609293,31854648.408354525,38535.65853658537,4.7837603133374245,9432083.830585659,31854221.052556287,38047.87804878049,9432427.484962191,31855165.23519591,38047.87804878049,9432673.30463293,31855075.764152765,39023.439024390245,9432329.650256397,31854131.58151314,39023.439024390245
9432722.221985826,31855592.590994146,38535.65853658537,4.614951572228423,9432427.484962191,31855165.23519591,38047.87804878049,9432771.139338724,31856109.417835526,38047.87804878049,9433016.959009461,31856019.946792383,39023.439024390245,9432673.30463293,31855075.764152765,39023.439024390245
9433065.876362357,31856536.773633763,38535.65853658537,4.020519581456841,9432771.139338724,31856109.417835526,38047.87804878049,9433114.793715257,31857053.600475147,38047.87804878049,9433360.613385994,31856964.129432004,39023.439024390245,9433016.959009461,31856019.946792383,39023.439024390245
9433409.530738892,31857480.956273384,38535.65853658537,3.340687631462846,9433114.793715257,31857053.600475147,38047.87804878049,9433458.44809179,31857997.78311477,38047.87804878049,9433704.267762527,31857908.312071625,39023.439024390245,9433360.613385994,31856964.129432004,39023.439024390245
9433753.185115423,31858425.13891301,38535.65853658537,2.9246346981301445,9433458.44809179,31857997.78311477,38047.87804878049,9433802.102468321,31858941.965754386,38047.87804878049,9434047.92213906,31858852.494711243,39023.439024390245,9433704.267762527,31857908.312071625,39023.439024390245
9434096.839491954,31859369.321552627,38535.65853658537,2.72329916099896,9433802.102468321,31858941.965754386,38047.87804878049,9434145.756844854,31859886.148394007,38047.87804878049,9434391.576515593,31859796.677350864,39023.439024390245,9434047.92213906,31858852.494711243,39023.439024390245
9434440.493868489,31860313.504192248,38535.65853658537,2.875584143173137,9434145.756844854,31859886.148394007,38047.87804878049,9434489.411221387,31860830.331033632,38047.87804878049,9434735.230892126,31860740.859990485,39023.439024390245,9434391.576515593,31859796.677350864,39023.439024390245
9434784.148245022,31861257.686831865,38535.65853658537,3.4509352752902562,9434489.411221387,31860830.331033632,38047.87804878049,9434833.06559792,31861774.51367325,38047.87804878049,9435078.885268658,31861685.042630102,39023.439024390245,9434735.230892126,31860740.859990485,39023.439024390245
9435127.802621555,31862201.869471483,38535.65853658537,3.673621275222637,9434833.06559792,31861774.51367325,38047.87804878049,9435176.719974453,31862718.696312867,38047.87804878049,9435422.53964519,31862629.22526972,39023.439024390245,9435078.885268658,31861685.042630102,39023.439024390245
9435471.456998086,31863146.052111104,38535.65853658537,3.5928286530342373,9435176.719974453,31862718.696312867,38047.87804878049,9435520.374350986,31863662.87895249,38047.87804878049,9435766.194021722,31863573.40790934,39023.439024390245,9435422.53964519,31862629.22526972,39023.439024390245
9435815.111374618,31864090.234750725,38535.65853658537,3.6027824483422117,9435520.374350986,31863662.87895249,38047.87804878049,9435864.028727517,31864607.06159211,38047.87804878049,9436109.848398255,31864517.590548962,39023.439024390245,9435766.194021722,31863573.40790934,39023.439024390245
9436158.765751151,31865034.417390343,38535.65853658537,2.9659888705428497,9435864.028727517,31864607.06159211,38047.87804878049,9436207.68310405,31865551.244231727,38047.87804878049,9436453.502774788,31865461.77318858,39023.439024390245,9436109.848398255,31864517.590548962,39023.439024390245
9436502.420127682,31865978.600029964,38535.65853658537,2.165253254497407,9436207.68310405,31865551.244231727,38047.87804878049,9436551.337480582,31866495.42687135,38047.87804878049,9436797.157151321,31866405.9558282,39023.439024390245,9436453.502774788,31865461.77318858,39023.439024390245
9436846.074504217,31866922.782669585,38535.65853658537,1.9860226618093293,9436551.337480582,31866495.42687135,38047.87804878049,9436894.991857115,31867439.60951097,38047.87804878049,9437140.811527854,31867350.138467822,39023.439024390245,9436797.157151321,31866405.9558282,39023.439024390245
9437189.728880748,31867866.965309206,38535.65853658537,1.661656274260397,9436894.991857115,31867439.60951097,38047.87804878049,9437238.646233648,31868383.792150587,38047.87804878049,9437484.465904385,31868294.321107443,39023.439024390245,9437140.811527854,31867350.138467822,39023.439024390245
9437533.383257283,31868811.147948824,38535.65853658537,1.1910878220291512,9437238.646233648,31868383.792150587,38047.87804878049,9437582.300610181,31869327.974790208,38047.87804878049,9437828.120280918,31869238.503747065,39023.439024390245,9437484.465904385,31868294.321107443,39023.439024390245
9437877.037633814,31869755.330588445,38535.65853658537,0.9363680013211494,9437582.300610181,31869327.974790208,38047.87804878049,9437925.954986714,31870272.15742983,38047.87804878049,9438171.77465745,31870182.686386686,39023.439024390245,9437828.120280918,31869238.503747065,39023.439024390245
9438220.692010349,31870699.513228066,38535.65853658537,0.9403522751543555,9437925.954986714,31870272.15742983,38047.87804878049,9438269.609363245,31871216.340069447,38047.87804878049,9438515.429033983,31871126.869026303,39023.439024390245,9438171.77465745,31870182.686386686,39023.439024390245
9438564.34638688,31871643.695867687,38535.65853658537,0.7633485042904384,9438269.609363245,31871216.340069447,38047.87804878049,9438613.263739778,31872160.522709068,38047.87804878049,9438859.083410516,31872071.051665924,39023.439024390245,9438515.429033983,31871126.869026303,39023.439024390245
9438908.00076341,31872587.878507305,38535.65853658537,0.7681284484444857,9438613.263739778,31872160.522709068,38047.87804878049,9438956.918116309,31873104.70534869,38047.87804878049,9439202.73778705,31873015.234305542,39023.439024390245,9438859.083410516,31872071.051665924,39023.439024390245
9439251.655139945,31873532.061146926,38535.65853658537,0.683080602904925,9438956.918116309,31873104.70534869,38047.87804878049,9439300.572492842,31874048.88798831,38047.87804878049,9439546.392163582,31873959.416945163,39023.439024390245,9439202.73778705,31873015.234305542,39023.439024390245
9439595.309516478,31874476.243786547,38535.65853658537,0.7181629861815036,9439300.572492842,31874048.88798831,38047.87804878049,9439644.226869375,31874993.07062793,38047.87804878049,9439890.046540115,31874903.599584784,39023.439024390245,9439546.392163582,31873959.416945163,39023.439024390245
9439938.963893011,31875420.42642617,38535.65853658537,0.7769024865110787,9439644.226869375,31874993.07062793,38047.87804878049,9439987.881245907,31875937.25326755,38047.87804878049,9440233.700916646,31875847.7822244,39023.439024390245,9439890.046540115,31874903.599584784,39023.439024390245
9440282.618269542,31876364.609065786,38535.65853658537,0.9138326245026666,9439987.881245907,31875937.25326755,38047.87804878049,9440331.53562244,31876881.43590717,38047.87804878049,9440577.355293179,31876791.964864023,39023.439024390245,9440233.700916646,31875847.7822244,39023.439024390245
9440626.272646077,31877308.791705407,38535.65853658537,0.8543243440319006,9440331.53562244,31876881.43590717,38047.87804878049,9440675.189998973,31877825.61854679,38047.87804878049,9440921.009669712,31877736.147503644,39023.439024390245,9440577.355293179,31876791.964864023,39023.439024390245
9440969.927022608,31878252.97434503,38535.65853658537,0.7382643374968003,9440675.189998973,31877825.61854679,38047.87804878049,9441018.844375506,31878769.80118641,38047.87804878049,9441264.664046245,31878680.33014326,39023.439024390245,9440921.009669712,31877736.147503644,39023.439024390245
9441313.581399143,31879197.156984646,38535.65853658537,1.0551096771059334,9441018.844375506,31878769.80118641,38047.87804878049,9441362.498752037,31879713.98382603,38047.87804878049,9441608.318422778,31879624.512782883,39023.439024390245,9441264.664046245,31878680.33014326,39023.439024390245
9441657.235775674,31880141.339624267,38535.65853658537,1.3089105997781842,9441362.498752037,31879713.98382603,38047.87804878049,9441706.15312857,31880658.16646565,38047.87804878049,9441951.97279931,31880568.695422504,39023.439024390245,9441608.318422778,31879624.512782883,39023.439024390245
9442000.890152207,31881085.522263885,38535.65853658537,1.2731197181049958,9441706.15312857,31880658.16646565,38047.87804878049,9442049.807505103,31881602.34910527,38047.87804878049,9442295.627175843,31881512.878062125,39023.439024390245,9441951.97279931,31880568.695422504,39023.439024390245
9442344.54452874,31882029.704903506,38535.65853658537,1.2611312146857099,9442049.807505103,31881602.34910527,38047.87804878049,9442393.461881636,31882546.53174489,38047.87804878049,9442639.281552376,31882457.060701746,39023.439024390245,9442295.627175843,31881512.878062125,39023.439024390245
9442688.19890527,31882973.887543127,38535.65853658537,1.310740889731182,9442393.461881636,31882546.53174489,38047.87804878049,9442737.116258169,31883490.71438451,38047.87804878049,9442982.935928907,31883401.243341368,39023.439024390245,9442639.281552376,31882457.060701746,39023.439024390245
9443031.853281803,31883918.07018275,38535.65853658537,1.1311474839656654,9442737.116258169,31883490.71438451,38047.87804878049,9443080.7706347,31884434.89702413,38047.87804878049,9443326.59030544,31884345.425980985,39023.439024390245,9442982.935928907,31883401.243341368,39023.439024390245
9443375.507658336,31884862.252822366,38535.65853658537,0.696092459575403,9443080.7706347,31884434.89702413,38047.87804878049,9443424.425011232,31885379.079663746,38047.87804878049,9443670.244681973,31885289.608620603,39023.439024390245,9443326.59030544,31884345.425980985,39023.439024390245
9443719.162034867,31885806.435461987,38535.65853658537,0.4528936821191799,9443424.425011232,31885379.079663746,38047.87804878049,9443768.079387765,31886323.262303367,38047.87804878049,9444013.899058506,31886233.791260224,39023.439024390245,9443670.244681973,31885289.608620603,39023.439024390245
9444062.816411402,31886750.618101608,38535.65853658537,0.2403693914055627,9443768.079387765,31886323.262303367,38047.87804878049,9444111.733764298,31887267.444942992,38047.87804878049,9444357.553435039,31887177.973899845,39023.439024390245,9444013.899058506,31886233.791260224,39023.439024390245
9444406.470787935,31887694.80074123,38535.65853658537,0.14560006177816154,9444111.733764298,31887267.444942992,38047.87804878049,9444455.388140831,31888211.62758261,38047.87804878049,9444701.207811572,31888122.156539463,39023.439024390245,9444357.553435039,31887177.973899845,39023.439024390245
9444750.125164468,31888638.983380847,38535.65853658537,0.10756736905480838,9444455.388140831,31888211.62758261,38047.87804878049,9444799.042517364,31889155.81022223,38047.87804878049,9445044.862188103,31889066.339179084,39023.439024390245,9444701.207811572,31888122.156539463,39023.439024390245
9445093.779540999,31889583.166020468,38535.65853658537,0.15142993997103318,9444799.042517364,31889155.81022223,38047.87804878049,9445142.696893897,31890099.992861852,38047.87804878049,9445388.516564636,31890010.521818705,39023.439024390245,9445044.862188103,31889066.339179084,39023.439024390245
9445437.433917534,31890527.348660085,38535.65853658537,0.11570397302507308,9445142.696893897,31890099.992861852,38047.87804878049,9445486.35127043,31891044.17550147,38047.87804878049,9445732.170941168,31890954.704458322,39023.439024390245,9445388.516564636,31890010.521818705,39023.439024390245
9445781.088294065,31891471.531299707,38535.65853658537,0.04197205378619604,9445486.35127043,31891044.17550147,38047.87804878049,9445830.00564696,31891988.35814109,38047.87804878049,9446075.825317701,31891898.887097944,39023.439024390245,9445732.170941168,31890954.704458322,39023.439024390245
9446124.742670596,31892415.713939328,38535.65853658537,0.027906610285688565,9445830.00564696,31891988.35814109,38047.87804878049,9446173.660023494,31892932.540780712,38047.87804878049,9446419.479694234,31892843.069737565,39023.439024390245,9446075.825317701,31891898.887097944,39023.439024390245
9446468.39704713,31893359.896578945,38535.65853658537,0.00558299357845312,9446173.660023494,31892932.540780712,38047.87804878049,9446517.314400027,31893876.72342033,38047.87804878049,9446763.134070767,31893787.252377182,39023.439024390245,9446419.479694234,31892843.069737565,39023.439024390245
9446812.051423663,31894304.079218566,38535.65853658537,0.0075820628769057135,9446517.314400027,31893876.72342033,38047.87804878049,9446860.96877656,31894820.90605995,38047.87804878049,9447106.7884473,31894731.435016807,39023.439024390245,9446763.134070767,31893787.252377182,39023.439024390245
9447155.705800196,31895248.261858188,38535.65853658537,0.047399961693416565,9446860.96877656,31894820.90605995,38047.87804878049,9447204.623153092,31895765.08869957,38047.87804878049,9447450.442823833,31895675.617656425,39023.439024390245,9447106.7884473,31894731.435016807,39023.439024390245
9447499.360176727,31896192.444497805,38535.65853658537,0.06273967331093212,9447204.623153092,31895765.08869957,38047.87804878049,9447548.277529625,31896709.27133919,38047.87804878049,9447794.097200364,31896619.800296046,39023.439024390245,9447450.442823833,31895675.617656425,39023.439024390245
9447843.014553262,31897136.62713743,38535.65853658537,0.036986310309361704,9447548.277529625,31896709.27133919,38047.87804878049,9447891.931906158,31897653.45397881,38047.87804878049,9448137.751576897,31897563.982935667,39023.439024390245,9447794.097200364,31896619.800296046,39023.439024390245
9448186.668929793,31898080.80977705,38535.65853658537,0.044137396062033915,9447891.931906158,31897653.45397881,38047.87804878049,9448235.586282691,31898597.636618428,38047.87804878049,9448481.40595343,31898508.165575285,39023.439024390245,9448137.751576897,31897563.982935667,39023.439024390245
9448530.323306328,31899024.99241667,38535.65853658537,0.05185328483529306,9448235.586282691,31898597.636618428,38047.87804878049,9448579.240659222,31899541.81925805,38047.87804878049,9448825.060329963,31899452.348214906,39023.439024390245,9448481.40595343,31898508.165575285,39023.439024390245
9448873.977682859,31899969.17505629,38535.65853658537,0.05567109101942162,9448579.240659222,31899541.81925805,38047.87804878049,9448922.895035755,31900486.001897674,38047.87804878049,9449168.714706495,31900396.530854527,39023.439024390245,9448825.060329963,31899452.348214906,39023.439024390245
9423345.719113652,31829066.00604164,39511.21951219512,2.2743959154071742,9423050.982090015,31828638.6502434,39023.439024390245,9423394.636466548,31829582.832883023,39023.439024390245,9423640.456137286,31829493.361839876,39999.0,9423296.801760754,31828549.179200254,39999.0
9423689.373490183,31830010.188681256,39511.21951219512,2.245123853630778,9423394.636466548,31829582.832883023,39023.439024390245,9423738.29084308,31830527.01552264,39023.439024390245,9423984.11051382,31830437.544479493,39999.0,9423640.456137286,31829493.361839876,39999.0
9424033.027866717,31830954.371320877,39511.21951219512,2.5758289318631107,9423738.29084308,31830527.01552264,39023.439024390245,9424081.945219614,31831471.19816226,39023.439024390245,9424327.764890352,31831381.727119114,39999.0,9423984.11051382,31830437.544479493,39999.0
9424376.68224325,31831898.5539605,39511.21951219512,2.5464427140781356,9424081.945219614,31831471.19816226,39023.439024390245,9424425.599596146,31832415.380801883,39023.439024390245,9424671.419266885,31832325.909758735,39999.0,9424327.764890352,31831381.727119114,39999.0
9424720.336619783,31832842.736600116,39511.21951219512,2.7008657631502517,9424425.599596146,31832415.380801883,39023.439024390245,9424769.25397268,31833359.5634415,39023.439024390245,9425015.073643416,31833270.092398353,39999.0,9424671.419266885,31832325.909758735,39999.0
9425063.990996314,31833786.919239737,39511.21951219512,2.5812106090274267,9424769.25397268,31833359.5634415,39023.439024390245,9425112.908349212,31834303.74608112,39023.439024390245,9425358.728019949,31834214.275037974,39999.0,9425015.073643416,31833270.092398353,39999.0
9425407.645372849,31834731.10187936,39511.21951219512,2.284370434896566,9425112.908349212,31834303.74608112,39023.439024390245,9425456.562725745,31835247.928720742,39023.439024390245,9425702.382396482,31835158.457677595,39999.0,9425358.728019949,31834214.275037974,39999.0
9425751.29974938,31835675.28451898,39511.21951219512,2.6315618447879605,9425456.562725745,31835247.928720742,39023.439024390245,9425800.217102276,31836192.11136036,39023.439024390245,9426046.036773015,31836102.640317213,39999.0,9425702.382396482,31835158.457677595,39999.0
9426094.954125911,31836619.467158597,39511.21951219512,2.8494542066856616,9425800.217102276,31836192.11136036,39023.439024390245,9426143.871478809,31837136.29399998,39023.439024390245,9426389.691149548,31837046.822956838,39999.0,9426046.036773015,31836102.640317213,39999.0
9426438.608502446,31837563.64979822,39511.21951219512,2.6615681610602784,9426143.871478809,31837136.29399998,39023.439024390245,9426487.525855342,31838080.476639602,39023.439024390245,9426733.34552608,31837991.005596455,39999.0,9426389.691149548,31837046.822956838,39999.0
9426782.262878979,31838507.83243784,39511.21951219512,2.445089003944491,9426487.525855342,31838080.476639602,39023.439024390245,9426831.180231875,31839024.65927922,39023.439024390245,9427076.999902613,31838935.188236076,39999.0,9426733.34552608,31837991.005596455,39999.0
9427125.917255512,31839452.015077457,39511.21951219512,2.3297785983214965,9426831.180231875,31839024.65927922,39023.439024390245,9427174.834608408,31839968.841918837,39023.439024390245,9427420.654279144,31839879.370875694,39999.0,9427076.999902613,31838935.188236076,39999.0
9427469.571632043,31840396.197717078,39511.21951219512,2.4146286338714997,9427174.834608408,31839968.841918837,39023.439024390245,9427518.488984939,31840913.02455846,39023.439024390245,9427764.308655677,31840823.553515315,39999.0,9427420.654279144,31839879.370875694,39999.0
9427813.226008575,31841340.3803567,39511.21951219512,2.8811625302656796,9427518.488984939,31840913.02455846,39023.439024390245,9427862.143361472,31841857.207198083,39023.439024390245,9428107.96303221,31841767.736154936,39999.0,9427764.308655677,31840823.553515315,39999.0
9428156.880385108,31842284.562996317,39511.21951219512,3.0327888666975134,9427862.143361472,31841857.207198083,39023.439024390245,9428205.797738004,31842801.3898377,39023.439024390245,9428451.617408743,31842711.918794554,39999.0,9428107.96303221,31841767.736154936,39999.0
9428500.53476164,31843228.745635938,39511.21951219512,3.1470358826541167,9428205.797738004,31842801.3898377,39023.439024390245,9428549.452114537,31843745.572477322,39023.439024390245,9428795.271785276,31843656.101434175,39999.0,9428451.617408743,31842711.918794554,39999.0
9428844.189138174,31844172.92827556,39511.21951219512,3.8685028716810472,9428549.452114537,31843745.572477322,39023.439024390245,9428893.10649107,31844689.755116943,39023.439024390245,9429138.926161809,31844600.284073796,39999.0,9428795.271785276,31843656.101434175,39999.0
9429187.843514705,31845117.110915177,39511.21951219512,5.990489287693096,9428893.10649107,31844689.755116943,39023.439024390245,9429236.760867603,31845633.93775656,39023.439024390245,9429482.58053834,31845544.466713414,39999.0,9429138.926161809,31844600.284073796,39999.0
9429531.49789124,31846061.293554798,39511.21951219512,6.498084185157693,9429236.760867603,31845633.93775656,39023.439024390245,9429580.415244136,31846578.120396182,39023.439024390245,9429826.234914873,31846488.649353035,39999.0,9429482.58053834,31845544.466713414,39999.0
9429875.15226777,31847005.47619442,39511.21951219512,7.036604657422274,9429580.415244136,31846578.120396182,39023.439024390245,9429924.069620669,31847522.303035803,39023.439024390245,9430169.889291406,31847432.831992652,39999.0,9429826.234914873,31846488.649353035,39999.0
9430218.806644304,31847949.65883404,39511.21951219512,7.200207142614598,9429924.069620669,31847522.303035803,39023.439024390245,9430267.7239972,31848466.48567542,39023.439024390245,9430513.543667939,31848377.014632273,39999.0,9430169.889291406,31847432.831992652,39999.0
9430562.461020837,31848893.841473658,39511.21951219512,8.048577779669644,9430267.7239972,31848466.48567542,39023.439024390245,9430611.378373733,31849410.66831504,39023.439024390245,9430857.198044471,31849321.197271895,39999.0,9430513.543667939,31848377.014632273,39999.0
9430906.115397368,31849838.024113275,39511.21951219512,7.336639709570057,9430611.378373733,31849410.66831504,39023.439024390245,9430955.032750266,31850354.85095466,39023.439024390245,9431200.852421004,31850265.379911516,39999.0,9430857.198044471,31849321.197271895,39999.0
9431249.769773902,31850782.206752896,39511.21951219512,5.814394313767018,9430955.032750266,31850354.85095466,39023.439024390245,9431298.687126799,31851299.03359428,39023.439024390245,9431544.506797537,31851209.562551137,39999.0,9431200.852421004,31850265.379911516,39999.0
9431593.424150435,31851726.389392518,39511.21951219512,5.201567194399611,9431298.687126799,31851299.03359428,39023.439024390245,9431642.341503331,31852243.2162339,39023.439024390245,9431888.16117407,31852153.74519076,39999.0,9431544.506797537,31851209.562551137,39999.0
9431937.078526968,31852670.57203214,39511.21951219512,4.8131713011097,9431642.341503331,31852243.2162339,39023.439024390245,9431985.995879864,31853187.39887352,39023.439024390245,9432231.815550601,31853097.927830376,39999.0,9431888.16117407,31852153.74519076,39999.0
9432280.7329035,31853614.75467176,39511.21951219512,4.456823489070723,9431985.995879864,31853187.39887352,39023.439024390245,9432329.650256397,31854131.58151314,39023.439024390245,9432575.469927134,31854042.110469997,39999.0,9432231.815550601,31853097.927830376,39999.0
9432624.387280034,31854558.93731138,39511.21951219512,4.159434573841758,9432329.650256397,31854131.58151314,39023.439024390245,9432673.30463293,31855075.764152765,39023.439024390245,9432919.124303667,31854986.293109618,39999.0,9432575.469927134,31854042.110469997,39999.0
9432968.041656565,31855503.119951002,39511.21951219512,4.617744380093683,9432673.30463293,31855075.764152765,39023.439024390245,9433016.959009461,31856019.946792383,39023.439024390245,9433262.7786802,31855930.475749236,39999.0,9432919.124303667,31854986.293109618,39999.0
9433311.696033096,31856447.30259062,39511.21951219512,3.846008245993201,9433016.959009461,31856019.946792383,39023.439024390245,9433360.613385994,31856964.129432004,39023.439024390245,9433606.433056733,31856874.658388857,39999.0,9433262.7786802,31855930.475749236,39999.0
9433655.35040963,31857391.48523024,39511.21951219512,3.256162866115165,9433360.613385994,31856964.129432004,39023.439024390245,9433704.267762527,31857908.312071625,39023.439024390245,9433950.087433266,31857818.841028478,39999.0,9433606.433056733,31856874.658388857,39999.0
9433999.004786164,31858335.667869862,39511.21951219512,3.015658336141209,9433704.267762527,31857908.312071625,39023.439024390245,9434047.92213906,31858852.494711243,39023.439024390245,9434293.741809798,31858763.023668095,39999.0,9433950.087433266,31857818.841028478,39999.0
9434342.659162696,31859279.85050948,39511.21951219512,2.6091090782820245,9434047.92213906,31858852.494711243,39023.439024390245,9434391.576515593,31859796.677350864,39023.439024390245,9434637.396186331,31859707.206307717,39999.0,9434293.741809798,31858763.023668095,39999.0
9434686.313539227,31860224.033149097,39511.21951219512,2.240639057515342,9434391.576515593,31859796.677350864,39023.439024390245,9434735.230892126,31860740.859990485,39023.439024390245,9434981.050562862,31860651.388947334,39999.0,9434637.396186331,31859707.206307717,39999.0
9435029.967915762,31861168.21578872,39511.21951219512,1.905857695237538,9434735.230892126,31860740.859990485,39023.439024390245,9435078.885268658,31861685.042630102,39023.439024390245,9435324.704939395,31861595.571586955,39999.0,9434981.050562862,31860651.388947334,39999.0
9435373.622292293,31862112.398428336,39511.21951219512,1.8924249640254263,9435078.885268658,31861685.042630102,39023.439024390245,9435422.53964519,31862629.22526972,39023.439024390245,9435668.359315928,31862539.754226573,39999.0,9435324.704939395,31861595.571586955,39999.0
9435717.276668824,31863056.581067957,39511.21951219512,1.6570814890917536,9435422.53964519,31862629.22526972,39023.439024390245,9435766.194021722,31863573.40790934,39023.439024390245,9436012.013692461,31863483.936866198,39999.0,9435668.359315928,31862539.754226573,39999.0
9436060.931045359,31864000.76370758,39511.21951219512,1.382584172995447,9435766.194021722,31863573.40790934,39023.439024390245,9436109.848398255,31864517.590548962,39023.439024390245,9436355.668068994,31864428.11950582,39999.0,9436012.013692461,31863483.936866198,39999.0
9436404.58542189,31864944.946347196,39511.21951219512,1.233354518744811,9436109.848398255,31864517.590548962,39023.439024390245,9436453.502774788,31865461.77318858,39023.439024390245,9436699.322445525,31865372.302145436,39999.0,9436355.668068994,31864428.11950582,39999.0
9436748.239798425,31865889.12898682,39511.21951219512,1.1618866454731078,9436453.502774788,31865461.77318858,39023.439024390245,9436797.157151321,31866405.9558282,39023.439024390245,9437042.976822058,31866316.484785058,39999.0,9436699.322445525,31865372.302145436,39999.0
9437091.894174956,31866833.31162644,39511.21951219512,1.0831925132210187,9436797.157151321,31866405.9558282,39023.439024390245,9437140.811527854,31867350.138467822,39023.439024390245,9437386.63119859,31867260.66742468,39999.0,9437042.976822058,31866316.484785058,39999.0
9437435.548551489,31867777.494266063,39511.21951219512,0.9303804830030645,9437140.811527854,31867350.138467822,39023.439024390245,9437484.465904385,31868294.321107443,39023.439024390245,9437730.285575124,31868204.850064296,39999.0,9437386.63119859,31867260.66742468,39999.0
9437779.202928022,31868721.67690568,39511.21951219512,0.7885446724216792,9437484.465904385,31868294.321107443,39023.439024390245,9437828.120280918,31869238.503747065,39023.439024390245,9438073.939951656,31869149.032703917,39999.0,9437730.285575124,31868204.850064296,39999.0
9438122.857304553,31869665.859545298,39511.21951219512,0.5577191404572404,9437828.120280918,31869238.503747065,39023.439024390245,9438171.77465745,31870182.686386686,39023.439024390245,9438417.59432819,31870093.215343535,39999.0,9438073.939951656,31869149.032703917,39999.0
9438466.511681087,31870610.04218492,39511.21951219512,0.6110227058282857,9438171.77465745,31870182.686386686,39023.439024390245,9438515.429033983,31871126.869026303,39023.439024390245,9438761.248704722,31871037.397983156,39999.0,9438417.59432819,31870093.215343535,39999.0
9438810.16605762,31871554.22482454,39511.21951219512,0.6799935578564998,9438515.429033983,31871126.869026303,39023.439024390245,9438859.083410516,31872071.051665924,39023.439024390245,9439104.903081255,31871981.580622777,39999.0,9438761.248704722,31871037.397983156,39999.0
9439153.820434153,31872498.407464158,39511.21951219512,0.9162518831038408,9438859.083410516,31872071.051665924,39023.439024390245,9439202.73778705,31873015.234305542,39023.439024390245,9439448.557457786,31872925.763262395,39999.0,9439104.903081255,31871981.580622777,39999.0
9439497.474810684,31873442.59010378,39511.21951219512,0.9161203203523198,9439202.73778705,31873015.234305542,39023.439024390245,9439546.392163582,31873959.416945163,39023.439024390245,9439792.211834319,31873869.945902016,39999.0,9439448.557457786,31872925.763262395,39999.0
9439841.129187219,31874386.7727434,39511.21951219512,0.8665832679873676,9439546.392163582,31873959.416945163,39023.439024390245,9439890.046540115,31874903.599584784,39023.439024390245,9440135.866210852,31874814.128541637,39999.0,9439792.211834319,31873869.945902016,39999.0
9440184.78356375,31875330.95538302,39511.21951219512,1.065581554952688,9439890.046540115,31874903.599584784,39023.439024390245,9440233.700916646,31875847.7822244,39023.439024390245,9440479.520587385,31875758.311181255,39999.0,9440135.866210852,31874814.128541637,39999.0
9440528.43794028,31876275.13802264,39511.21951219512,1.3629057710432289,9440233.700916646,31875847.7822244,39023.439024390245,9440577.355293179,31876791.964864023,39023.439024390245,9440823.174963918,31876702.49382088,39999.0,9440479.520587385,31875758.311181255,39999.0
9440872.092316816,31877219.32066226,39511.21951219512,1.654409462695574,9440577.355293179,31876791.964864023,39023.439024390245,9440921.009669712,31877736.147503644,39023.439024390245,9441166.82934045,31877646.6764605,39999.0,9440823.174963918,31876702.49382088,39999.0
9441215.746693349,31878163.50330188,39511.21951219512,1.6509511202612253,9440921.009669712,31877736.147503644,39023.439024390245,9441264.664046245,31878680.33014326,39023.439024390245,9441510.483716983,31878590.85910012,39999.0,9441166.82934045,31877646.6764605,39999.0
9441559.401069881,31879107.685941502,39511.21951219512,1.5563129088321486,9441264.664046245,31878680.33014326,39023.439024390245,9441608.318422778,31879624.512782883,39023.439024390245,9441854.138093516,31879535.04173974,39999.0,9441510.483716983,31878590.85910012,39999.0
9441903.055446412,31880051.868581124,39511.21951219512,1.3031798911883608,9441608.318422778,31879624.512782883,39023.439024390245,9441951.97279931,31880568.695422504,39023.439024390245,9442197.792470047,31880479.22437936,39999.0,9441854.138093516,31879535.04173974,39999.0
9442246.709822947,31880996.05122074,39511.21951219512,1.0865772496601567,9441951.97279931,31880568.695422504,39023.439024390245,9442295.627175843,31881512.878062125,39023.439024390245,9442541.44684658,31881423.40701898,39999.0,9442197.792470047,31880479.22437936,39999.0
9442590.364199478,31881940.233860362,39511.21951219512,0.9421663924764248,9442295.627175843,31881512.878062125,39023.439024390245,9442639.281552376,31882457.060701746,39023.439024390245,9442885.101223113,31882367.5896586,39999.0,9442541.44684658,31881423.40701898,39999.0
9442934.018576013,31882884.416499984,39511.21951219512,0.8152877677670293,9442639.281552376,31882457.060701746,39023.439024390245,9442982.935928907,31883401.243341368,39023.439024390245,9443228.755599646,31883311.77229822,39999.0,9442885.101223113,31882367.5896586,39999.0
9443277.672952544,31883828.5991396,39511.21951219512,0.9519113503714786,9442982.935928907,31883401.243341368,39023.439024390245,9443326.59030544,31884345.425980985,39023.439024390245,9443572.409976179,31884255.954937838,39999.0,9443228.755599646,31883311.77229822,39999.0
9443621.327329075,31884772.78177922,39511.21951219512,0.8785625209680871,9443326.59030544,31884345.425980985,39023.439024390245,9443670.244681973,31885289.608620603,39023.439024390245,9443916.06435271,31885200.137577455,39999.0,9443572.409976179,31884255.954937838,39999.0
9443964.98170561,31885716.96441884,39511.21951219512,0.9913355138096815,9443670.244681973,31885289.608620603,39023.439024390245,9444013.899058506,31886233.791260224,39023.439024390245,9444259.718729243,31886144.320217077,39999.0,9443916.06435271,31885200.137577455,39999.0
9444308.63608214,31886661.14705846,39511.21951219512,0.8097954246362942,9444013.899058506,31886233.791260224,39023.439024390245,9444357.553435039,31887177.973899845,39023.439024390245,9444603.373105776,31887088.502856698,39999.0,9444259.718729243,31886144.320217077,39999.0
9444652.290458675,31887605.329698082,39511.21951219512,0.3124226401246298,9444357.553435039,31887177.973899845,39023.439024390245,9444701.207811572,31888122.156539463,39023.439024390245,9444947.027482308,31888032.685496315,39999.0,9444603.373105776,31887088.502856698,39999.0
9444995.944835206,31888549.5123377,39511.21951219512,0.14526535243705127,9444701.207811572,31888122.156539463,39023.439024390245,9445044.862188103,31889066.339179084,39023.439024390245,9445290.681858841,31888976.868135937,39999.0,9444947.027482308,31888032.685496315,39999.0
9445339.599211738,31889493.69497732,39511.21951219512,0.12355340879296528,9445044.862188103,31889066.339179084,39023.439024390245,9445388.516564636,31890010.521818705,39023.439024390245,9445634.336235374,31889921.05077556,39999.0,9445290.681858841,31888976.868135937,39999.0
9445683.25358827,31890437.87761694,39511.21951219512,0.10017899792216853,9445388.516564636,31890010.521818705,39023.439024390245,9445732.170941168,31890954.704458322,39023.439024390245,9445977.990611907,31890865.23341518,39999.0,9445634.336235374,31889921.05077556,39999.0
9446026.907964803,31891382.06025656,39511.21951219512,0.08235905951836232,9445732.170941168,31890954.704458322,39023.439024390245,9446075.825317701,31891898.887097944,39023.439024390245,9446321.64498844,31891809.4160548,39999.0,9445977.990611907,31890865.23341518,39999.0
9446370.562341336,31892326.24289618,39511.21951219512,0.09865662864119062,9446075.825317701,31891898.887097944,39023.439024390245,9446419.479694234,31892843.069737565,39023.439024390245,9446665.299364971,31892753.598694418,39999.0,9446321.64498844,31891809.4160548,39999.0
9446714.216717869,31893270.4255358,39511.21951219512,0.10477668096104746,9446419.479694234,31892843.069737565,39023.439024390245,9446763.134070767,31893787.252377182,39023.439024390245,9447008.953741504,31893697.78133404,39999.0,9446665.299364971,31892753.598694418,39999.0
9447057.871094402,31894214.608175423,39511.21951219512,0.1089748947414675,9446763.134070767,31893787.252377182,39023.439024390245,9447106.7884473,31894731.435016807,39023.439024390245,9447352.608118037,31894641.96397366,39999.0,9447008.953741504,31893697.78133404,39999.0
9447401.525470933,31895158.790815044,39511.21951219512,0.09364294492652502,9447106.7884473,31894731.435016807,39023.439024390245,9447450.442823833,31895675.617656425,39023.439024390245,9447696.26249457,31895586.146613277,39999.0,9447352.608118037,31894641.96397366,39999.0
9447745.179847468,31896102.97345466,39511.21951219512,0.05205176052603623,9447450.442823833,31895675.617656425,39023.439024390245,9447794.097200364,31896619.800296046,39023.439024390245,9448039.916871103,31896530.3292529,39999.0,9447696.26249457,31895586.146613277,39999.0
9448088.834223999,31897047.156094283,39511.21951219512,0.03366239542870214,9447794.097200364,31896619.800296046,39023.439024390245,9448137.751576897,31897563.982935667,39023.439024390245,9448383.571247635,31897474.51189252,39999.0,9448039.916871103,31896530.3292529,39999.0
9448432.488600532,31897991.338733904,39511.21951219512,0.04110324697555057,9448137.751576897,31897563.982935667,39023.439024390245,9448481.40595343,31898508.165575285,39023.439024390245,9448727.225624168,31898418.694532137,39999.0,9448383.571247635,31897474.51189252,39999.0
9448776.142977064,31898935.52137352,39511.21951219512,0.05564639557342715,9448481.40595343,31898508.165575285,39023.439024390245,9448825.060329963,31899452.348214906,39023.439024390245,9449070.880000701,31899362.87717176,39999.0,9448727.225624168,31898418.694532137,39999.0
9449119.797353595,31899879.704013143,39511.21951219512,0.08822658184698473,9448825.060329963,31899452.348214906,39023.439024390245,9449168.714706495,31900396.530854527,39023.439024390245,9449414.534377232,31900307.05981138,39999.0,9449070.880000701,31899362.87717176,39999.0
