clon,clat,cdep,slip,lon1,lat1,dep1,lon2,lat2,dep2,lon3,lat3,dep3,lon4,lat4,dep4
9412505.772768589,31833011.42385228,488.7804878048781,2.7009353465514976,9412211.035744954,31832584.068054046,1.0,9412554.690121487,31833528.250693664,1.0,9412800.509792225,31833438.779650517,976.5609756097562,9412456.855415693,31832494.5970109,976.5609756097562
9412849.427145123,31833955.6064919,488.7804878048781,2.967694981900162,9412554.690121487,31833528.250693664,1.0,9412898.34449802,31834472.433333285,1.0,9413144.164168758,31834382.962290138,976.5609756097562,9412800.509792225,31833438.779650517,976.5609756097562
9413193.081521655,31834899.789131522,488.7804878048781,3.465581213631841,9412898.34449802,31834472.433333285,1.0,9413241.99887455,31835416.615972906,1.0,9413487.818545291,31835327.14492976,976.5609756097562,9413144.164168758,31834382.962290138,976.5609756097562
9413536.735898187,31835843.971771143,488.7804878048781,3.1520465989102946,9413241.99887455,31835416.615972906,1.0,9413585.653251084,31836360.798612524,1.0,9413831.472921824,31836271.32756938,976.5609756097562,9413487.818545291,31835327.14492976,976.5609756097562
9413880.39027472,31836788.15441076,488.7804878048781,3.086632407866558,9413585.653251084,31836360.798612524,1.0,9413929.307627616,31837304.981252145,1.0,9414175.127298357,31837215.510209,976.5609756097562,9413831.472921824,31836271.32756938,976.5609756097562
9414224.044651251,31837732.337050382,488.7804878048781,2.6249957681704545,9413929.307627616,31837304.981252145,1.0,9414272.96200415,31838249.163891766,1.0,9414518.78167489,31838159.692848623,976.5609756097562,9414175.127298357,31837215.510209,976.5609756097562
9414567.699027786,31838676.519690003,488.7804878048781,2.9790237244845224,9414272.96200415,31838249.163891766,1.0,9414616.616380682,31839193.346531384,1.0,9414862.43605142,31839103.87548824,976.5609756097562,9414518.78167489,31838159.692848623,976.5609756097562
9414911.353404317,31839620.702329624,488.7804878048781,2.4933991555552444,9414616.616380682,31839193.346531384,1.0,9414960.270757215,31840137.529171005,1.0,9415206.090427954,31840048.05812786,976.5609756097562,9414862.43605142,31839103.87548824,976.5609756097562
9415255.007780852,31840564.884969246,488.7804878048781,2.2285512694239253,9414960.270757215,31840137.529171005,1.0,9415303.925133748,31841081.711810626,1.0,9415549.744804487,31840992.240767483,976.5609756097562,9415206.090427954,31840048.05812786,976.5609756097562
9415598.662157383,31841509.067608863,488.7804878048781,1.9989065400006085,9415303.925133748,31841081.711810626,1.0,9415647.579510279,31842025.894450247,1.0,9415893.39918102,31841936.4234071,976.5609756097562,9415549.744804487,31840992.240767483,976.5609756097562
9415942.316533916,31842453.250248484,488.7804878048781,2.3363726297580936,9415647.579510279,31842025.894450247,1.0,9415991.233886812,31842970.07708987,1.0,9416237.053557552,31842880.60604672,976.5609756097562,9415893.39918102,31841936.4234071,976.5609756097562
9416285.970910449,31843397.432888106,488.7804878048781,2.0056655969664794,9415991.233886812,31842970.07708987,1.0,9416334.888263345,31843914.259729486,1.0,9416580.707934083,31843824.78868634,976.5609756097562,9416237.053557552,31842880.60604672,976.5609756097562
9416629.62528698,31844341.615527723,488.7804878048781,3.4782579902695128,9416334.888263345,31843914.259729486,1.0,9416678.542639878,31844858.442369107,1.0,9416924.362310616,31844768.97132596,976.5609756097562,9416580.707934083,31843824.78868634,976.5609756097562
9416973.279663514,31845285.798167344,488.7804878048781,4.221417625369799,9416678.542639878,31844858.442369107,1.0,9417022.19701641,31845802.625008725,1.0,9417268.01668715,31845713.153965577,976.5609756097562,9416924.362310616,31844768.97132596,976.5609756097562
9417316.934040045,31846229.98080696,488.7804878048781,3.348906674096331,9417022.19701641,31845802.625008725,1.0,9417365.851392942,31846746.807648346,1.0,9417611.671063682,31846657.3366052,976.5609756097562,9417268.01668715,31845713.153965577,976.5609756097562
9417660.588416576,31847174.163446583,488.7804878048781,2.529655032416524,9417365.851392942,31846746.807648346,1.0,9417709.505769474,31847690.990287967,1.0,9417955.325440215,31847601.51924482,976.5609756097562,9417611.671063682,31846657.3366052,976.5609756097562
9418004.242793111,31848118.3460862,488.7804878048781,2.20411017721739,9417709.505769474,31847690.990287967,1.0,9418053.160146007,31848635.172927584,1.0,9418298.979816748,31848545.701884437,976.5609756097562,9417955.325440215,31847601.51924482,976.5609756097562
9418347.897169644,31849062.52872582,488.7804878048781,2.1827877555107116,9418053.160146007,31848635.172927584,1.0,9418396.81452254,31849579.355567206,1.0,9418642.63419328,31849489.884524062,976.5609756097562,9418298.979816748,31848545.701884437,976.5609756097562
9418691.551546177,31850006.711365443,488.7804878048781,2.9905908247287982,9418396.81452254,31849579.355567206,1.0,9418740.468899073,31850523.538206827,1.0,9418986.288569812,31850434.067163683,976.5609756097562,9418642.63419328,31849489.884524062,976.5609756097562
9419035.205922708,31850950.89400506,488.7804878048781,3.6413519222331283,9418740.468899073,31850523.538206827,1.0,9419084.123275606,31851467.720846444,1.0,9419329.942946345,31851378.2498033,976.5609756097562,9418986.288569812,31850434.067163683,976.5609756097562
9419378.860299243,31851895.076644685,488.7804878048781,3.801916469939703,9419084.123275606,31851467.720846444,1.0,9419427.777652139,31852411.903486066,1.0,9419673.597322877,31852322.432442922,976.5609756097562,9419329.942946345,31851378.2498033,976.5609756097562
9419722.514675774,31852839.259284306,488.7804878048781,2.886163753942442,9419427.777652139,31852411.903486066,1.0,9419771.43202867,31853356.086125687,1.0,9420017.25169941,31853266.615082543,976.5609756097562,9419673.597322877,31852322.432442922,976.5609756097562
9420066.169052305,31853783.441923924,488.7804878048781,1.6665145121596847,9419771.43202867,31853356.086125687,1.0,9420115.086405203,31854300.268765308,1.0,9420360.906075943,31854210.79772216,976.5609756097562,9420017.25169941,31853266.615082543,976.5609756097562
9420409.82342884,31854727.624563545,488.7804878048781,1.0514412438475793,9420115.086405203,31854300.268765308,1.0,9420458.740781736,31855244.45140493,1.0,9420704.560452476,31855154.980361782,976.5609756097562,9420360.906075943,31854210.79772216,976.5609756097562
9420753.477805372,31855671.807203166,488.7804878048781,0.9777343567489237,9420458.740781736,31855244.45140493,1.0,9420802.395158269,31856188.63404455,1.0,9421048.214829009,31856099.163001403,976.5609756097562,9420704.560452476,31855154.980361782,976.5609756097562
9421097.132181905,31856615.989842787,488.7804878048781,1.2831920788634212,9420802.395158269,31856188.63404455,1.0,9421146.049534801,31857132.816684168,1.0,9421391.86920554,31857043.34564102,976.5609756097562,9421048.214829009,31856099.163001403,976.5609756097562
9421440.786558436,31857560.172482405,488.7804878048781,1.5076952955509906,9421146.049534801,31857132.816684168,1.0,9421489.703911334,31858076.99932379,1.0,9421735.523582073,31857987.528280642,976.5609756097562,9421391.86920554,31857043.34564102,976.5609756097562
9421784.440934971,31858504.355122022,488.7804878048781,1.6596444436289266,9421489.703911334,31858076.99932379,1.0,9421833.358287867,31859021.18196341,1.0,9422079.177958606,31858931.71092026,976.5609756097562,9421735.523582073,31857987.528280642,976.5609756097562
9422128.095311502,31859448.537761644,488.7804878048781,1.4829789071786732,9421833.358287867,31859021.18196341,1.0,9422177.012664398,31859965.364603028,1.0,9422422.832335139,31859875.89355988,976.5609756097562,9422079.177958606,31858931.71092026,976.5609756097562
9422471.749688033,31860392.720401265,488.7804878048781,1.5183278210429823,9422177.012664398,31859965.364603028,1.0,9422520.667040931,31860909.54724265,1.0,9422766.486711672,31860820.0761995,976.5609756097562,9422422.832335139,31859875.89355988,976.5609756097562
9422815.404064568,31861336.903040882,488.7804878048781,1.390714537365237,9422520.667040931,31860909.54724265,1.0,9422864.321417464,31861853.729882266,1.0,9423110.141088204,31861764.25883912,976.5609756097562,9422766.486711672,31860820.0761995,976.5609756097562
9423159.0584411,31862281.085680503,488.7804878048781,0.8485259025047256,9422864.321417464,31861853.729882266,1.0,9423207.975793997,31862797.912521888,1.0,9423453.795464737,31862708.441478744,976.5609756097562,9423110.141088204,31861764.25883912,976.5609756097562
9423502.712817634,31863225.268320125,488.7804878048781,0.7555232132900148,9423207.975793997,31862797.912521888,1.0,9423551.63017053,31863742.09516151,1.0,9423797.449841268,31863652.624118365,976.5609756097562,9423453.795464737,31862708.441478744,976.5609756097562
9423846.367194165,31864169.450959746,488.7804878048781,0.5367255011366672,9423551.63017053,31863742.09516151,1.0,9423895.284547063,31864686.277801126,1.0,9424141.104217801,31864596.806757983,976.5609756097562,9423797.449841268,31863652.624118365,976.5609756097562
9424190.021570697,31865113.633599363,488.7804878048781,0.5907339362163899,9423895.284547063,31864686.277801126,1.0,9424238.938923594,31865630.460440747,1.0,9424484.758594334,31865540.989397604,976.5609756097562,9424141.104217801,31864596.806757983,976.5609756097562
9424533.67594723,31866057.81623899,488.7804878048781,0.7752338408387541,9424238.938923594,31865630.460440747,1.0,9424582.593300126,31866574.643080365,1.0,9424828.412970867,31866485.17203722,976.5609756097562,9424484.758594334,31865540.989397604,976.5609756097562
9424877.330323761,31867001.998878606,488.7804878048781,0.7090773781517956,9424582.593300126,31866574.643080365,1.0,9424926.24767666,31867518.825719986,1.0,9425172.067347398,31867429.354676843,976.5609756097562,9424828.412970867,31866485.17203722,976.5609756097562
9425220.984700296,31867946.181518223,488.7804878048781,0.5013270230001383,9424926.24767666,31867518.825719986,1.0,9425269.902053192,31868463.00835961,1.0,9425515.72172393,31868373.53731646,976.5609756097562,9425172.067347398,31867429.354676843,976.5609756097562
9425564.639076827,31868890.364157844,488.7804878048781,0.4378208044453147,9425269.902053192,31868463.00835961,1.0,9425613.556429725,31869407.19099923,1.0,9425859.376100464,31869317.71995608,976.5609756097562,9425515.72172393,31868373.53731646,976.5609756097562
9425908.293453362,31869834.546797466,488.7804878048781,0.5110367353863163,9425613.556429725,31869407.19099923,1.0,9425957.210806256,31870351.37363885,1.0,9426203.030476997,31870261.902595703,976.5609756097562,9425859.376100464,31869317.71995608,976.5609756097562
9426251.947829893,31870778.729437087,488.7804878048781,0.48344685930960807,9425957.210806256,31870351.37363885,1.0,9426300.865182789,31871295.55627847,1.0,9426546.68485353,31871206.08523532,976.5609756097562,9426203.030476997,31870261.902595703,976.5609756097562
9426595.602206426,31871722.912076704,488.7804878048781,0.4371035204392302,9426300.865182789,31871295.55627847,1.0,9426644.519559322,31872239.73891809,1.0,9426890.339230062,31872150.26787494,976.5609756097562,9426546.68485353,31871206.08523532,976.5609756097562
9426939.256582959,31872667.094716325,488.7804878048781,0.38796972545064734,9426644.519559322,31872239.73891809,1.0,9426988.173935855,31873183.92155771,1.0,9427233.993606595,31873094.450514562,976.5609756097562,9426890.339230062,31872150.26787494,976.5609756097562
9427282.91095949,31873611.277355943,488.7804878048781,0.3996863493918918,9426988.173935855,31873183.92155771,1.0,9427331.828312388,31874128.104197327,1.0,9427577.647983126,31874038.63315418,976.5609756097562,9427233.993606595,31873094.450514562,976.5609756097562
9427626.565336024,31874555.459995564,488.7804878048781,0.46871774418104845,9427331.828312388,31874128.104197327,1.0,9427675.48268892,31875072.28683695,1.0,9427921.30235966,31874982.8157938,976.5609756097562,9427577.647983126,31874038.63315418,976.5609756097562
9427970.219712555,31875499.642635185,488.7804878048781,0.3834375216832203,9427675.48268892,31875072.28683695,1.0,9428019.137065453,31876016.46947657,1.0,9428264.956736192,31875926.998433426,976.5609756097562,9427921.30235966,31874982.8157938,976.5609756097562
9428313.87408909,31876443.825274806,488.7804878048781,0.2459823979974351,9428019.137065453,31876016.46947657,1.0,9428362.791441984,31876960.652116187,1.0,9428608.611112725,31876871.181073043,976.5609756097562,9428264.956736192,31875926.998433426,976.5609756097562
9428657.528465621,31877388.007914424,488.7804878048781,0.3032905714427087,9428362.791441984,31876960.652116187,1.0,9428706.445818517,31877904.834755808,1.0,9428952.265489258,31877815.363712665,976.5609756097562,9428608.611112725,31876871.181073043,976.5609756097562
9429001.182842154,31878332.190554045,488.7804878048781,0.21909556509795866,9428706.445818517,31877904.834755808,1.0,9429050.10019505,31878849.01739543,1.0,9429295.91986579,31878759.546352286,976.5609756097562,9428952.265489258,31877815.363712665,976.5609756097562
9429344.837218687,31879276.373193666,488.7804878048781,0.13786022268660125,9429050.10019505,31878849.01739543,1.0,9429393.754571583,31879793.200035047,1.0,9429639.574242324,31879703.728991903,976.5609756097562,9429295.91986579,31878759.546352286,976.5609756097562
9429688.491595218,31880220.555833288,488.7804878048781,0.13114322469396772,9429393.754571583,31879793.200035047,1.0,9429737.408948116,31880737.382674668,1.0,9429983.228618855,31880647.911631525,976.5609756097562,9429639.574242324,31879703.728991903,976.5609756097562
9430032.145971753,31881164.73847291,488.7804878048781,0.15261167106332435,9429737.408948116,31880737.382674668,1.0,9430081.063324649,31881681.565314293,1.0,9430326.882995388,31881592.094271146,976.5609756097562,9429983.228618855,31880647.911631525,976.5609756097562
9430375.800348284,31882108.921112526,488.7804878048781,0.11838673068411072,9430081.063324649,31881681.565314293,1.0,9430424.717701182,31882625.74795391,1.0,9430670.53737192,31882536.276910763,976.5609756097562,9430326.882995388,31881592.094271146,976.5609756097562
9430719.454724818,31883053.103752147,488.7804878048781,0.0692769588648462,9430424.717701182,31882625.74795391,1.0,9430768.372077713,31883569.93059353,1.0,9431014.191748453,31883480.459550384,976.5609756097562,9430670.53737192,31882536.276910763,976.5609756097562
9431063.10910135,31883997.28639177,488.7804878048781,0.06498441313880202,9430768.372077713,31883569.93059353,1.0,9431112.026454246,31884514.113233153,1.0,9431357.846124986,31884424.642190006,976.5609756097562,9431014.191748453,31883480.459550384,976.5609756097562
9431406.763477882,31884941.46903139,488.7804878048781,0.06936382355469212,9431112.026454246,31884514.113233153,1.0,9431455.680830779,31885458.29587277,1.0,9431701.50050152,31885368.824829623,976.5609756097562,9431357.846124986,31884424.642190006,976.5609756097562
9431750.417854415,31885885.651671007,488.7804878048781,0.02738245045892102,9431455.680830779,31885458.29587277,1.0,9431799.335207311,31886402.47851239,1.0,9432045.154878052,31886313.007469244,976.5609756097562,9431701.50050152,31885368.824829623,976.5609756097562
9432094.072230946,31886829.83431063,488.7804878048781,0.019873928913800163,9431799.335207311,31886402.47851239,1.0,9432142.989583844,31887346.661152013,1.0,9432388.809254583,31887257.19010886,976.5609756097562,9432045.154878052,31886313.007469244,976.5609756097562
9432437.72660748,31887774.01695025,488.7804878048781,0.01378952101701394,9432142.989583844,31887346.661152013,1.0,9432486.643960375,31888290.84379163,1.0,9432732.463631116,31888201.372748483,976.5609756097562,9432388.809254583,31887257.19010886,976.5609756097562
9432781.380984012,31888718.199589863,488.7804878048781,0.010391030610783466,9432486.643960375,31888290.84379163,1.0,9432830.298336908,31889235.026431248,1.0,9433076.118007649,31889145.555388104,976.5609756097562,9432732.463631116,31888201.372748483,976.5609756097562
9433125.035360543,31889662.382229485,488.7804878048781,0.01869582204891434,9432830.298336908,31889235.026431248,1.0,9433173.952713441,31890179.20907087,1.0,9433419.772384182,31890089.738027725,976.5609756097562,9433076.118007649,31889145.555388104,976.5609756097562
9433468.689737078,31890606.564869106,488.7804878048781,0.02865365523004786,9433173.952713441,31890179.20907087,1.0,9433517.607089974,31891123.39171049,1.0,9433763.426760713,31891033.920667347,976.5609756097562,9433419.772384182,31890089.738027725,976.5609756097562
9433812.344113609,31891550.747508727,488.7804878048781,0.04980086262629844,9433517.607089974,31891123.39171049,1.0,9433861.261466507,31892067.574350107,1.0,9434107.081137246,31891978.103306964,976.5609756097562,9433763.426760713,31891033.920667347,976.5609756097562
9434155.998490144,31892494.93014835,488.7804878048781,0.06301109643386367,9433861.261466507,31892067.574350107,1.0,9434204.91584304,31893011.75698973,1.0,9434450.735513778,31892922.285946585,976.5609756097562,9434107.081137246,31891978.103306964,976.5609756097562
9434499.652866675,31893439.11278797,488.7804878048781,0.10189265125431442,9434204.91584304,31893011.75698973,1.0,9434548.57021957,31893955.93962935,1.0,9434794.389890311,31893866.468586206,976.5609756097562,9434450.735513778,31892922.285946585,976.5609756097562
9434843.307243207,31894383.295427587,488.7804878048781,0.19379750167140958,9434548.57021957,31893955.93962935,1.0,9434892.224596104,31894900.12226897,1.0,9435138.044266844,31894810.651225824,976.5609756097562,9434794.389890311,31893866.468586206,976.5609756097562
9435186.96161974,31895327.478067208,488.7804878048781,0.23663858597683204,9434892.224596104,31894900.12226897,1.0,9435235.878972637,31895844.304908592,1.0,9435481.698643377,31895754.833865445,976.5609756097562,9435138.044266844,31894810.651225824,976.5609756097562
9435530.615996271,31896271.66070683,488.7804878048781,0.3861480529335311,9435235.878972637,31895844.304908592,1.0,9435579.53334917,31896788.487548213,1.0,9435825.35301991,31896699.016505066,976.5609756097562,9435481.698643377,31895754.833865445,976.5609756097562
9435874.270372806,31897215.84334645,488.7804878048781,0.4901736697454632,9435579.53334917,31896788.487548213,1.0,9435923.187725702,31897732.67018783,1.0,9436169.007396441,31897643.199144684,976.5609756097562,9435825.35301991,31896699.016505066,976.5609756097562
9436217.924749337,31898160.025986068,488.7804878048781,0.40897285414953743,9435923.187725702,31897732.67018783,1.0,9436266.842102235,31898676.852827452,1.0,9436512.661772974,31898587.381784305,976.5609756097562,9436169.007396441,31897643.199144684,976.5609756097562
9436561.579125872,31899104.208625685,488.7804878048781,0.293590492019976,9436266.842102235,31898676.852827452,1.0,9436610.496478768,31899621.035467073,1.0,9436856.316149507,31899531.564423922,976.5609756097562,9436512.661772974,31898587.381784305,976.5609756097562
9436905.233502403,31900048.391265307,488.7804878048781,0.1339760316568409,9436610.496478768,31899621.035467073,1.0,9436954.1508553,31900565.21810669,1.0,9437199.97052604,31900475.747063544,976.5609756097562,9436856.316149507,31899531.564423922,976.5609756097562
9437248.887878936,31900992.573904928,488.7804878048781,0.05246954022142934,9436954.1508553,31900565.21810669,1.0,9437297.805231832,31901509.400746312,1.0,9437543.62490257,31901419.929703165,976.5609756097562,9437199.97052604,31900475.747063544,976.5609756097562
9437592.542255469,31901936.756544545,488.7804878048781,0.02520943181235307,9437297.805231832,31901509.400746312,1.0,9437641.459608365,31902453.58338593,1.0,9437887.279279104,31902364.112342786,976.5609756097562,9437543.62490257,31901419.929703165,976.5609756097562
9437936.196632,31902880.939184166,488.7804878048781,0.024107806263157838,9437641.459608365,31902453.58338593,1.0,9437985.113984898,31903397.76602555,1.0,9438230.933655636,31903308.294982407,976.5609756097562,9437887.279279104,31902364.112342786,976.5609756097562
9438279.851008534,31903825.121823788,488.7804878048781,0.04285933106807849,9437985.113984898,31903397.76602555,1.0,9438328.76836143,31904341.94866517,1.0,9438574.588032167,31904252.47762203,976.5609756097562,9438230.933655636,31903308.294982407,976.5609756097562
9412751.592439327,31832921.952809133,1464.3414634146343,4.204834717296726,9412456.855415693,31832494.5970109,976.5609756097562,9412800.509792225,31833438.779650517,976.5609756097562,9413046.329462964,31833349.308607373,1952.1219512195123,9412702.675086431,31832405.125967756,1952.1219512195123
9413095.24681586,31833866.135448758,1464.3414634146343,5.028065524073795,9412800.509792225,31833438.779650517,976.5609756097562,9413144.164168758,31834382.962290138,976.5609756097562,9413389.983839497,31834293.491246995,1952.1219512195123,9413046.329462964,31833349.308607373,1952.1219512195123
9413438.901192393,31834810.31808838,1464.3414634146343,5.1974393849707115,9413144.164168758,31834382.962290138,976.5609756097562,9413487.818545291,31835327.14492976,976.5609756097562,9413733.63821603,31835237.673886616,1952.1219512195123,9413389.983839497,31834293.491246995,1952.1219512195123
9413782.555568926,31835754.500728,1464.3414634146343,5.026844909066819,9413487.818545291,31835327.14492976,976.5609756097562,9413831.472921824,31836271.32756938,976.5609756097562,9414077.292592563,31836181.856526233,1952.1219512195123,9413733.63821603,31835237.673886616,1952.1219512195123
9414126.209945457,31836698.683367617,1464.3414634146343,5.473746354637318,9413831.472921824,31836271.32756938,976.5609756097562,9414175.127298357,31837215.510209,976.5609756097562,9414420.946969094,31837126.039165854,1952.1219512195123,9414077.292592563,31836181.856526233,1952.1219512195123
9414469.864321992,31837642.86600724,1464.3414634146343,5.693732626026179,9414175.127298357,31837215.510209,976.5609756097562,9414518.78167489,31838159.692848623,976.5609756097562,9414764.601345627,31838070.221805476,1952.1219512195123,9414420.946969094,31837126.039165854,1952.1219512195123
9414813.518698523,31838587.048646856,1464.3414634146343,4.493249413526309,9414518.78167489,31838159.692848623,976.5609756097562,9414862.43605142,31839103.87548824,976.5609756097562,9415108.25572216,31839014.404445093,1952.1219512195123,9414764.601345627,31838070.221805476,1952.1219512195123
9415157.173075056,31839531.231286477,1464.3414634146343,5.174492814259164,9414862.43605142,31839103.87548824,976.5609756097562,9415206.090427954,31840048.05812786,976.5609756097562,9415451.910098692,31839958.587084714,1952.1219512195123,9415108.25572216,31839014.404445093,1952.1219512195123
9415500.827451589,31840475.4139261,1464.3414634146343,4.814839493037543,9415206.090427954,31840048.05812786,976.5609756097562,9415549.744804487,31840992.240767483,976.5609756097562,9415795.564475225,31840902.769724336,1952.1219512195123,9415451.910098692,31839958.587084714,1952.1219512195123
9415844.48182812,31841419.596565716,1464.3414634146343,3.9730212258811375,9415549.744804487,31840992.240767483,976.5609756097562,9415893.39918102,31841936.4234071,976.5609756097562,9416139.218851758,31841846.952363953,1952.1219512195123,9415795.564475225,31840902.769724336,1952.1219512195123
9416188.136204654,31842363.779205337,1464.3414634146343,4.17762061624782,9415893.39918102,31841936.4234071,976.5609756097562,9416237.053557552,31842880.60604672,976.5609756097562,9416482.87322829,31842791.135003574,1952.1219512195123,9416139.218851758,31841846.952363953,1952.1219512195123
9416531.790581185,31843307.96184496,1464.3414634146343,4.9624778212736995,9416237.053557552,31842880.60604672,976.5609756097562,9416580.707934083,31843824.78868634,976.5609756097562,9416826.527604822,31843735.31764319,1952.1219512195123,9416482.87322829,31842791.135003574,1952.1219512195123
9416875.444957716,31844252.144484576,1464.3414634146343,4.5519367603654315,9416580.707934083,31843824.78868634,976.5609756097562,9416924.362310616,31844768.97132596,976.5609756097562,9417170.181981355,31844679.500282817,1952.1219512195123,9416826.527604822,31843735.31764319,1952.1219512195123
9417219.099334251,31845196.327124197,1464.3414634146343,4.287893200775759,9416924.362310616,31844768.97132596,976.5609756097562,9417268.01668715,31845713.153965577,976.5609756097562,9417513.836357888,31845623.682922434,1952.1219512195123,9417170.181981355,31844679.500282817,1952.1219512195123
9417562.753710784,31846140.509763815,1464.3414634146343,4.4955345725634475,9417268.01668715,31845713.153965577,976.5609756097562,9417611.671063682,31846657.3366052,976.5609756097562,9417857.49073442,31846567.865562055,1952.1219512195123,9417513.836357888,31845623.682922434,1952.1219512195123
9417906.408087317,31847084.69240344,1464.3414634146343,3.299417511865196,9417611.671063682,31846657.3366052,976.5609756097562,9417955.325440215,31847601.51924482,976.5609756097562,9418201.145110952,31847512.048201676,1952.1219512195123,9417857.49073442,31846567.865562055,1952.1219512195123
9418250.062463848,31848028.875043057,1464.3414634146343,1.9937014682269012,9417955.325440215,31847601.51924482,976.5609756097562,9418298.979816748,31848545.701884437,976.5609756097562,9418544.799487485,31848456.230841294,1952.1219512195123,9418201.145110952,31847512.048201676,1952.1219512195123
9418593.716840383,31848973.057682678,1464.3414634146343,1.6606844792128048,9418298.979816748,31848545.701884437,976.5609756097562,9418642.63419328,31849489.884524062,976.5609756097562,9418888.453864018,31849400.413480915,1952.1219512195123,9418544.799487485,31848456.230841294,1952.1219512195123
9418937.371216914,31849917.2403223,1464.3414634146343,1.6737152974984346,9418642.63419328,31849489.884524062,976.5609756097562,9418986.288569812,31850434.067163683,976.5609756097562,9419232.10824055,31850344.596120536,1952.1219512195123,9418888.453864018,31849400.413480915,1952.1219512195123
9419281.025593445,31850861.422961917,1464.3414634146343,1.6435085956730384,9418986.288569812,31850434.067163683,976.5609756097562,9419329.942946345,31851378.2498033,976.5609756097562,9419575.762617083,31851288.778760154,1952.1219512195123,9419232.10824055,31850344.596120536,1952.1219512195123
9419624.67996998,31851805.605601538,1464.3414634146343,1.6458074198436012,9419329.942946345,31851378.2498033,976.5609756097562,9419673.597322877,31852322.432442922,976.5609756097562,9419919.416993616,31852232.961399775,1952.1219512195123,9419575.762617083,31851288.778760154,1952.1219512195123
9419968.334346512,31852749.78824116,1464.3414634146343,1.1188196676449562,9419673.597322877,31852322.432442922,976.5609756097562,9420017.25169941,31853266.615082543,976.5609756097562,9420263.071370149,31853177.144039396,1952.1219512195123,9419919.416993616,31852232.961399775,1952.1219512195123
9420311.988723045,31853693.970880777,1464.3414634146343,1.2377187165221109,9420017.25169941,31853266.615082543,976.5609756097562,9420360.906075943,31854210.79772216,976.5609756097562,9420606.72574668,31854121.326679014,1952.1219512195123,9420263.071370149,31853177.144039396,1952.1219512195123
9420655.643099576,31854638.153520398,1464.3414634146343,1.1260910847829342,9420360.906075943,31854210.79772216,976.5609756097562,9420704.560452476,31855154.980361782,976.5609756097562,9420950.380123213,31855065.509318635,1952.1219512195123,9420606.72574668,31854121.326679014,1952.1219512195123
9420999.297476111,31855582.33616002,1464.3414634146343,0.6953194464304118,9420704.560452476,31855154.980361782,976.5609756097562,9421048.214829009,31856099.163001403,976.5609756097562,9421294.034499746,31856009.691958252,1952.1219512195123,9420950.380123213,31855065.509318635,1952.1219512195123
9421342.951852642,31856526.51879964,1464.3414634146343,0.6992881396533541,9421048.214829009,31856099.163001403,976.5609756097562,9421391.86920554,31857043.34564102,976.5609756097562,9421637.688876279,31856953.874597874,1952.1219512195123,9421294.034499746,31856009.691958252,1952.1219512195123
9421686.606229173,31857470.701439258,1464.3414634146343,1.1887939195926331,9421391.86920554,31857043.34564102,976.5609756097562,9421735.523582073,31857987.528280642,976.5609756097562,9421981.343252812,31857898.0572375,1952.1219512195123,9421637.688876279,31856953.874597874,1952.1219512195123
9422030.260605708,31858414.884078875,1464.3414634146343,1.5405951799587112,9421735.523582073,31857987.528280642,976.5609756097562,9422079.177958606,31858931.71092026,976.5609756097562,9422324.997629344,31858842.239877116,1952.1219512195123,9421981.343252812,31857898.0572375,1952.1219512195123
9422373.91498224,31859359.066718496,1464.3414634146343,1.6604376307193365,9422079.177958606,31858931.71092026,976.5609756097562,9422422.832335139,31859875.89355988,976.5609756097562,9422668.652005877,31859786.422516737,1952.1219512195123,9422324.997629344,31858842.239877116,1952.1219512195123
9422717.569358774,31860303.24935812,1464.3414634146343,1.403547155495527,9422422.832335139,31859875.89355988,976.5609756097562,9422766.486711672,31860820.0761995,976.5609756097562,9423012.306382408,31860730.60515636,1952.1219512195123,9422668.652005877,31859786.422516737,1952.1219512195123
9423061.223735305,31861247.43199774,1464.3414634146343,1.0689798443906442,9422766.486711672,31860820.0761995,976.5609756097562,9423110.141088204,31861764.25883912,976.5609756097562,9423355.960758941,31861674.787795976,1952.1219512195123,9423012.306382408,31860730.60515636,1952.1219512195123
9423404.87811184,31862191.61463736,1464.3414634146343,1.1502166905943667,9423110.141088204,31861764.25883912,976.5609756097562,9423453.795464737,31862708.441478744,976.5609756097562,9423699.615135474,31862618.970435597,1952.1219512195123,9423355.960758941,31861674.787795976,1952.1219512195123
9423748.53248837,31863135.79727698,1464.3414634146343,1.1356908354870696,9423453.795464737,31862708.441478744,976.5609756097562,9423797.449841268,31863652.624118365,976.5609756097562,9424043.269512007,31863563.15307522,1952.1219512195123,9423699.615135474,31862618.970435597,1952.1219512195123
9424092.186864901,31864079.979916602,1464.3414634146343,0.901381642398736,9423797.449841268,31863652.624118365,976.5609756097562,9424141.104217801,31864596.806757983,976.5609756097562,9424386.92388854,31864507.335714836,1952.1219512195123,9424043.269512007,31863563.15307522,1952.1219512195123
9424435.841241436,31865024.16255622,1464.3414634146343,1.0557109072886437,9424141.104217801,31864596.806757983,976.5609756097562,9424484.758594334,31865540.989397604,976.5609756097562,9424730.57826507,31865451.518354453,1952.1219512195123,9424386.92388854,31864507.335714836,1952.1219512195123
9424779.495617967,31865968.34519584,1464.3414634146343,1.2010895632763883,9424484.758594334,31865540.989397604,976.5609756097562,9424828.412970867,31866485.17203722,976.5609756097562,9425074.232641604,31866395.700994074,1952.1219512195123,9424730.57826507,31865451.518354453,1952.1219512195123
9425123.149994502,31866912.52783546,1464.3414634146343,1.0460762740231468,9424828.412970867,31866485.17203722,976.5609756097562,9425172.067347398,31867429.354676843,976.5609756097562,9425417.887018137,31867339.883633696,1952.1219512195123,9425074.232641604,31866395.700994074,1952.1219512195123
9425466.804371033,31867856.710475076,1464.3414634146343,0.9672444015811716,9425172.067347398,31867429.354676843,976.5609756097562,9425515.72172393,31868373.53731646,976.5609756097562,9425761.54139467,31868284.066273313,1952.1219512195123,9425417.887018137,31867339.883633696,1952.1219512195123
9425810.458747566,31868800.893114697,1464.3414634146343,0.9387830300748783,9425515.72172393,31868373.53731646,976.5609756097562,9425859.376100464,31869317.71995608,976.5609756097562,9426105.195771202,31869228.248912934,1952.1219512195123,9425761.54139467,31868284.066273313,1952.1219512195123
9426154.113124099,31869745.07575432,1464.3414634146343,1.0549764137943567,9425859.376100464,31869317.71995608,976.5609756097562,9426203.030476997,31870261.902595703,976.5609756097562,9426448.850147735,31870172.431552555,1952.1219512195123,9426105.195771202,31869228.248912934,1952.1219512195123
9426497.76750063,31870689.258393936,1464.3414634146343,0.9323898461414017,9426203.030476997,31870261.902595703,976.5609756097562,9426546.68485353,31871206.08523532,976.5609756097562,9426792.504524266,31871116.614192177,1952.1219512195123,9426448.850147735,31870172.431552555,1952.1219512195123
9426841.421877164,31871633.441033557,1464.3414634146343,0.7029568346428612,9426546.68485353,31871206.08523532,976.5609756097562,9426890.339230062,31872150.26787494,976.5609756097562,9427136.1589008,31872060.796831798,1952.1219512195123,9426792.504524266,31871116.614192177,1952.1219512195123
9427185.076253695,31872577.62367318,1464.3414634146343,0.5225059556422331,9426890.339230062,31872150.26787494,976.5609756097562,9427233.993606595,31873094.450514562,976.5609756097562,9427479.813277332,31873004.97947142,1952.1219512195123,9427136.1589008,31872060.796831798,1952.1219512195123
9427528.73063023,31873521.8063128,1464.3414634146343,0.6205433768319805,9427233.993606595,31873094.450514562,976.5609756097562,9427577.647983126,31874038.63315418,976.5609756097562,9427823.467653865,31873949.162111036,1952.1219512195123,9427479.813277332,31873004.97947142,1952.1219512195123
9427872.385006761,31874465.98895242,1464.3414634146343,0.45526412339194894,9427577.647983126,31874038.63315418,976.5609756097562,9427921.30235966,31874982.8157938,976.5609756097562,9428167.122030398,31874893.344750658,1952.1219512195123,9427823.467653865,31873949.162111036,1952.1219512195123
9428216.039383294,31875410.17159204,1464.3414634146343,0.2589265285745366,9427921.30235966,31874982.8157938,976.5609756097562,9428264.956736192,31875926.998433426,976.5609756097562,9428510.77640693,31875837.52739028,1952.1219512195123,9428167.122030398,31874893.344750658,1952.1219512195123
9428559.693759827,31876354.354231663,1464.3414634146343,0.22743475183401074,9428264.956736192,31875926.998433426,976.5609756097562,9428608.611112725,31876871.181073043,976.5609756097562,9428854.430783464,31876781.710029896,1952.1219512195123,9428510.77640693,31875837.52739028,1952.1219512195123
9428903.348136358,31877298.53687128,1464.3414634146343,0.2430556708994995,9428608.611112725,31876871.181073043,976.5609756097562,9428952.265489258,31877815.363712665,976.5609756097562,9429198.085159995,31877725.892669518,1952.1219512195123,9428854.430783464,31876781.710029896,1952.1219512195123
9429247.002512893,31878242.7195109,1464.3414634146343,0.2747003996025275,9428952.265489258,31877815.363712665,976.5609756097562,9429295.91986579,31878759.546352286,976.5609756097562,9429541.739536528,31878670.07530914,1952.1219512195123,9429198.085159995,31877725.892669518,1952.1219512195123
9429590.656889424,31879186.90215052,1464.3414634146343,0.2834632467809357,9429295.91986579,31878759.546352286,976.5609756097562,9429639.574242324,31879703.728991903,976.5609756097562,9429885.39391306,31879614.257948756,1952.1219512195123,9429541.739536528,31878670.07530914,1952.1219512195123
9429934.311265958,31880131.08479014,1464.3414634146343,0.13235896404523342,9429639.574242324,31879703.728991903,976.5609756097562,9429983.228618855,31880647.911631525,976.5609756097562,9430229.048289593,31880558.440588377,1952.1219512195123,9429885.39391306,31879614.257948756,1952.1219512195123
9430277.96564249,31881075.26742976,1464.3414634146343,0.11364167797153164,9429983.228618855,31880647.911631525,976.5609756097562,9430326.882995388,31881592.094271146,976.5609756097562,9430572.702666126,31881502.623228,1952.1219512195123,9430229.048289593,31880558.440588377,1952.1219512195123
9430621.620019022,31882019.45006938,1464.3414634146343,0.054509000202303134,9430326.882995388,31881592.094271146,976.5609756097562,9430670.53737192,31882536.276910763,976.5609756097562,9430916.35704266,31882446.805867616,1952.1219512195123,9430572.702666126,31881502.623228,1952.1219512195123
9430965.274395555,31882963.632709,1464.3414634146343,0.001739810223886156,9430670.53737192,31882536.276910763,976.5609756097562,9431014.191748453,31883480.459550384,976.5609756097562,9431260.011419192,31883390.988507237,1952.1219512195123,9430916.35704266,31882446.805867616,1952.1219512195123
9431308.928772086,31883907.81534862,1464.3414634146343,0.003483705219004881,9431014.191748453,31883480.459550384,976.5609756097562,9431357.846124986,31884424.642190006,976.5609756097562,9431603.665795723,31884335.17114686,1952.1219512195123,9431260.011419192,31883390.988507237,1952.1219512195123
9431652.583148621,31884851.99798824,1464.3414634146343,0.007611511286027688,9431357.846124986,31884424.642190006,976.5609756097562,9431701.50050152,31885368.824829623,976.5609756097562,9431947.320172256,31885279.35378648,1952.1219512195123,9431603.665795723,31884335.17114686,1952.1219512195123
9431996.237525152,31885796.18062786,1464.3414634146343,0.018676157272181172,9431701.50050152,31885368.824829623,976.5609756097562,9432045.154878052,31886313.007469244,976.5609756097562,9432290.974548789,31886223.5364261,1952.1219512195123,9431947.320172256,31885279.35378648,1952.1219512195123
9432339.891901687,31886740.36326748,1464.3414634146343,0.011462670303899955,9432045.154878052,31886313.007469244,976.5609756097562,9432388.809254583,31887257.19010886,976.5609756097562,9432634.628925322,31887167.71906572,1952.1219512195123,9432290.974548789,31886223.5364261,1952.1219512195123
9432683.546278218,31887684.545907103,1464.3414634146343,0.009560766042288988,9432388.809254583,31887257.19010886,976.5609756097562,9432732.463631116,31888201.372748483,976.5609756097562,9432978.283301855,31888111.90170534,1952.1219512195123,9432634.628925322,31887167.71906572,1952.1219512195123
9433027.200654749,31888628.72854672,1464.3414634146343,0.048635457278493346,9432732.463631116,31888201.372748483,976.5609756097562,9433076.118007649,31889145.555388104,976.5609756097562,9433321.937678386,31889056.084344957,1952.1219512195123,9432978.283301855,31888111.90170534,1952.1219512195123
9433370.855031284,31889572.91118634,1464.3414634146343,0.10222974010742923,9433076.118007649,31889145.555388104,976.5609756097562,9433419.772384182,31890089.738027725,976.5609756097562,9433665.592054918,31890000.26698458,1952.1219512195123,9433321.937678386,31889056.084344957,1952.1219512195123
9433714.509407815,31890517.093825962,1464.3414634146343,0.10929253525488682,9433419.772384182,31890089.738027725,976.5609756097562,9433763.426760713,31891033.920667347,976.5609756097562,9434009.246431451,31890944.4496242,1952.1219512195123,9433665.592054918,31890000.26698458,1952.1219512195123
9434058.163784347,31891461.27646558,1464.3414634146343,0.11429649903033517,9433763.426760713,31891033.920667347,976.5609756097562,9434107.081137246,31891978.103306964,976.5609756097562,9434352.900807984,31891888.632263817,1952.1219512195123,9434009.246431451,31890944.4496242,1952.1219512195123
9434401.81816088,31892405.4591052,1464.3414634146343,0.15134628640567946,9434107.081137246,31891978.103306964,976.5609756097562,9434450.735513778,31892922.285946585,976.5609756097562,9434696.555184517,31892832.814903438,1952.1219512195123,9434352.900807984,31891888.632263817,1952.1219512195123
9434745.472537411,31893349.641744822,1464.3414634146343,0.25194613696797086,9434450.735513778,31892922.285946585,976.5609756097562,9434794.389890311,31893866.468586206,976.5609756097562,9435040.20956105,31893776.997543056,1952.1219512195123,9434696.555184517,31892832.814903438,1952.1219512195123
9435089.126913946,31894293.82438444,1464.3414634146343,0.42381665033673366,9434794.389890311,31893866.468586206,976.5609756097562,9435138.044266844,31894810.651225824,976.5609756097562,9435383.863937581,31894721.180182677,1952.1219512195123,9435040.20956105,31893776.997543056,1952.1219512195123
9435432.781290477,31895238.00702406,1464.3414634146343,0.5096034690211922,9435138.044266844,31894810.651225824,976.5609756097562,9435481.698643377,31895754.833865445,976.5609756097562,9435727.518314114,31895665.362822298,1952.1219512195123,9435383.863937581,31894721.180182677,1952.1219512195123
9435776.435667012,31896182.189663682,1464.3414634146343,0.527109468920685,9435481.698643377,31895754.833865445,976.5609756097562,9435825.35301991,31896699.016505066,976.5609756097562,9436071.172690647,31896609.545461915,1952.1219512195123,9435727.518314114,31895665.362822298,1952.1219512195123
9436120.090043543,31897126.372303303,1464.3414634146343,0.6494435049109001,9435825.35301991,31896699.016505066,976.5609756097562,9436169.007396441,31897643.199144684,976.5609756097562,9436414.82706718,31897553.72810154,1952.1219512195123,9436071.172690647,31896609.545461915,1952.1219512195123
9436463.744420076,31898070.55494292,1464.3414634146343,0.7993957121036673,9436169.007396441,31897643.199144684,976.5609756097562,9436512.661772974,31898587.381784305,976.5609756097562,9436758.481443712,31898497.91074116,1952.1219512195123,9436414.82706718,31897553.72810154,1952.1219512195123
9436807.398796609,31899014.73758254,1464.3414634146343,0.5626164907052439,9436512.661772974,31898587.381784305,976.5609756097562,9436856.316149507,31899531.564423922,976.5609756097562,9437102.135820245,31899442.09338078,1952.1219512195123,9436758.481443712,31898497.91074116,1952.1219512195123
9437151.05317314,31899958.920222163,1464.3414634146343,0.387796896470456,9436856.316149507,31899531.564423922,976.5609756097562,9437199.97052604,31900475.747063544,976.5609756097562,9437445.790196778,31900386.2760204,1952.1219512195123,9437102.135820245,31899442.09338078,1952.1219512195123
9437494.707549674,31900903.102861784,1464.3414634146343,0.16597328202698214,9437199.97052604,31900475.747063544,976.5609756097562,9437543.62490257,31901419.929703165,976.5609756097562,9437789.44457331,31901330.45866002,1952.1219512195123,9437445.790196778,31900386.2760204,1952.1219512195123
9437838.361926205,31901847.285501402,1464.3414634146343,0.09776337925672801,9437543.62490257,31901419.929703165,976.5609756097562,9437887.279279104,31902364.112342786,976.5609756097562,9438133.098949842,31902274.64129964,1952.1219512195123,9437789.44457331,31901330.45866002,1952.1219512195123
9438182.01630274,31902791.468141023,1464.3414634146343,0.06227781339654932,9437887.279279104,31902364.112342786,976.5609756097562,9438230.933655636,31903308.294982407,976.5609756097562,9438476.753326375,31903218.82393926,1952.1219512195123,9438133.098949842,31902274.64129964,1952.1219512195123
9438525.670679271,31903735.650780644,1464.3414634146343,0.02523515578810759,9438230.933655636,31903308.294982407,976.5609756097562,9438574.588032167,31904252.47762203,976.5609756097562,9438820.407702908,31904163.00657888,1952.1219512195123,9438476.753326375,31903218.82393926,1952.1219512195123
9412997.41211007,31832832.48176599,2439.9024390243903,4.354634375438362,9412702.675086431,31832405.125967756,1952.1219512195123,9413046.329462964,31833349.308607373,1952.1219512195123,9413292.149133706,31833259.837564226,2927.682926829268,9412948.494757175,31832315.654924605,2927.682926829268
9413341.0664866,31833776.66440561,2439.9024390243903,4.495808869031671,9413046.329462964,31833349.308607373,1952.1219512195123,9413389.983839497,31834293.491246995,1952.1219512195123,9413635.80351024,31834204.020203847,2927.682926829268,9413292.149133706,31833259.837564226,2927.682926829268
9413684.720863136,31834720.84704523,2439.9024390243903,4.507713821909896,9413389.983839497,31834293.491246995,1952.1219512195123,9413733.63821603,31835237.673886616,1952.1219512195123,9413979.457886772,31835148.202843465,2927.682926829268,9413635.80351024,31834204.020203847,2927.682926829268
9414028.375239667,31835665.029684853,2439.9024390243903,4.314804965930972,9413733.63821603,31835237.673886616,1952.1219512195123,9414077.292592563,31836181.856526233,1952.1219512195123,9414323.112263305,31836092.385483086,2927.682926829268,9413979.457886772,31835148.202843465,2927.682926829268
9414372.0296162,31836609.21232447,2439.9024390243903,5.483205712476492,9414077.292592563,31836181.856526233,1952.1219512195123,9414420.946969094,31837126.039165854,1952.1219512195123,9414666.766639838,31837036.568122707,2927.682926829268,9414323.112263305,31836092.385483086,2927.682926829268
9414715.683992732,31837553.394964088,2439.9024390243903,5.707892123690913,9414420.946969094,31837126.039165854,1952.1219512195123,9414764.601345627,31838070.221805476,1952.1219512195123,9415010.421016369,31837980.750762325,2927.682926829268,9414666.766639838,31837036.568122707,2927.682926829268
9415059.338369265,31838497.57760371,2439.9024390243903,5.611842303651895,9414764.601345627,31838070.221805476,1952.1219512195123,9415108.25572216,31839014.404445093,1952.1219512195123,9415354.075392902,31838924.933401946,2927.682926829268,9415010.421016369,31837980.750762325,2927.682926829268
9415402.992745798,31839441.760243326,2439.9024390243903,5.415841940454751,9415108.25572216,31839014.404445093,1952.1219512195123,9415451.910098692,31839958.587084714,1952.1219512195123,9415697.729769435,31839869.116041567,2927.682926829268,9415354.075392902,31838924.933401946,2927.682926829268
9415746.64712233,31840385.942882948,2439.9024390243903,5.024377935442778,9415451.910098692,31839958.587084714,1952.1219512195123,9415795.564475225,31840902.769724336,1952.1219512195123,9416041.384145968,31840813.29868119,2927.682926829268,9415697.729769435,31839869.116041567,2927.682926829268
9416090.301498864,31841330.12552257,2439.9024390243903,5.1226230159762105,9415795.564475225,31840902.769724336,1952.1219512195123,9416139.218851758,31841846.952363953,1952.1219512195123,9416385.038522499,31841757.48132081,2927.682926829268,9416041.384145968,31840813.29868119,2927.682926829268
9416433.955875395,31842274.308162194,2439.9024390243903,5.930305666814671,9416139.218851758,31841846.952363953,1952.1219512195123,9416482.87322829,31842791.135003574,1952.1219512195123,9416728.692899032,31842701.663960427,2927.682926829268,9416385.038522499,31841757.48132081,2927.682926829268
9416777.610251928,31843218.49080181,2439.9024390243903,5.343633012993825,9416482.87322829,31842791.135003574,1952.1219512195123,9416826.527604822,31843735.31764319,1952.1219512195123,9417072.347275563,31843645.84660005,2927.682926829268,9416728.692899032,31842701.663960427,2927.682926829268
9417121.26462846,31844162.673441432,2439.9024390243903,5.354446139591706,9416826.527604822,31843735.31764319,1952.1219512195123,9417170.181981355,31844679.500282817,1952.1219512195123,9417416.001652095,31844590.029239666,2927.682926829268,9417072.347275563,31843645.84660005,2927.682926829268
9417464.919004992,31845106.856081054,2439.9024390243903,4.511845463903566,9417170.181981355,31844679.500282817,1952.1219512195123,9417513.836357888,31845623.682922434,1952.1219512195123,9417759.656028628,31845534.211879287,2927.682926829268,9417416.001652095,31844590.029239666,2927.682926829268
9417808.573381525,31846051.03872067,2439.9024390243903,3.5952724228248956,9417513.836357888,31845623.682922434,1952.1219512195123,9417857.49073442,31846567.865562055,1952.1219512195123,9418103.310405161,31846478.394518908,2927.682926829268,9417759.656028628,31845534.211879287,2927.682926829268
9418152.227758057,31846995.22136029,2439.9024390243903,2.683249993455853,9417857.49073442,31846567.865562055,1952.1219512195123,9418201.145110952,31847512.048201676,1952.1219512195123,9418446.964781694,31847422.577158526,2927.682926829268,9418103.310405161,31846478.394518908,2927.682926829268
9418495.88213459,31847939.40399991,2439.9024390243903,1.6357639343624328,9418201.145110952,31847512.048201676,1952.1219512195123,9418544.799487485,31848456.230841294,1952.1219512195123,9418790.619158227,31848366.759798147,2927.682926829268,9418446.964781694,31847422.577158526,2927.682926829268
9418839.536511123,31848883.58663953,2439.9024390243903,1.441675816163469,9418544.799487485,31848456.230841294,1952.1219512195123,9418888.453864018,31849400.413480915,1952.1219512195123,9419134.27353476,31849310.942437768,2927.682926829268,9418790.619158227,31848366.759798147,2927.682926829268
9419183.190887656,31849827.769279152,2439.9024390243903,1.6551491463220094,9418888.453864018,31849400.413480915,1952.1219512195123,9419232.10824055,31850344.596120536,1952.1219512195123,9419477.92791129,31850255.125077385,2927.682926829268,9419134.27353476,31849310.942437768,2927.682926829268
9419526.845264189,31850771.95191877,2439.9024390243903,1.4377372267943573,9419232.10824055,31850344.596120536,1952.1219512195123,9419575.762617083,31851288.778760154,1952.1219512195123,9419821.582287824,31851199.307717007,2927.682926829268,9419477.92791129,31850255.125077385,2927.682926829268
9419870.49964072,31851716.13455839,2439.9024390243903,1.3414315674592974,9419575.762617083,31851288.778760154,1952.1219512195123,9419919.416993616,31852232.961399775,1952.1219512195123,9420165.236664357,31852143.490356624,2927.682926829268,9419821.582287824,31851199.307717007,2927.682926829268
9420214.154017253,31852660.31719801,2439.9024390243903,0.8492501076215321,9419919.416993616,31852232.961399775,1952.1219512195123,9420263.071370149,31853177.144039396,1952.1219512195123,9420508.89104089,31853087.67299625,2927.682926829268,9420165.236664357,31852143.490356624,2927.682926829268
9420557.808393786,31853604.49983763,2439.9024390243903,0.7197835234833049,9420263.071370149,31853177.144039396,1952.1219512195123,9420606.72574668,31854121.326679014,1952.1219512195123,9420852.545417422,31854031.85563587,2927.682926829268,9420508.89104089,31853087.67299625,2927.682926829268
9420901.462770319,31854548.68247725,2439.9024390243903,0.690340232377506,9420606.72574668,31854121.326679014,1952.1219512195123,9420950.380123213,31855065.509318635,1952.1219512195123,9421196.199793955,31854976.038275488,2927.682926829268,9420852.545417422,31854031.85563587,2927.682926829268
9421245.117146851,31855492.865116876,2439.9024390243903,0.6641803276374119,9420950.380123213,31855065.509318635,1952.1219512195123,9421294.034499746,31856009.691958252,1952.1219512195123,9421539.854170488,31855920.22091511,2927.682926829268,9421196.199793955,31854976.038275488,2927.682926829268
9421588.771523384,31856437.047756493,2439.9024390243903,0.5350622401845353,9421294.034499746,31856009.691958252,1952.1219512195123,9421637.688876279,31856953.874597874,1952.1219512195123,9421883.50854702,31856864.40355473,2927.682926829268,9421539.854170488,31855920.22091511,2927.682926829268
9421932.425899917,31857381.23039611,2439.9024390243903,0.7187748122177505,9421637.688876279,31856953.874597874,1952.1219512195123,9421981.343252812,31857898.0572375,1952.1219512195123,9422227.162923552,31857808.586194348,2927.682926829268,9421883.50854702,31856864.40355473,2927.682926829268
9422276.080276448,31858325.41303573,2439.9024390243903,0.7237994911742482,9421981.343252812,31857898.0572375,1952.1219512195123,9422324.997629344,31858842.239877116,1952.1219512195123,9422570.817300085,31858752.76883397,2927.682926829268,9422227.162923552,31857808.586194348,2927.682926829268
9422619.734652981,31859269.595675353,2439.9024390243903,0.735676612487396,9422324.997629344,31858842.239877116,1952.1219512195123,9422668.652005877,31859786.422516737,1952.1219512195123,9422914.471676618,31859696.95147359,2927.682926829268,9422570.817300085,31858752.76883397,2927.682926829268
9422963.389029514,31860213.77831497,2439.9024390243903,0.6210469178618623,9422668.652005877,31859786.422516737,1952.1219512195123,9423012.306382408,31860730.60515636,1952.1219512195123,9423258.12605315,31860641.134113207,2927.682926829268,9422914.471676618,31859696.95147359,2927.682926829268
9423307.043406047,31861157.96095459,2439.9024390243903,0.6292162916687198,9423012.306382408,31860730.60515636,1952.1219512195123,9423355.960758941,31861674.787795976,1952.1219512195123,9423601.780429684,31861585.31675283,2927.682926829268,9423258.12605315,31860641.134113207,2927.682926829268
9423650.69778258,31862102.143594213,2439.9024390243903,0.7042198528401827,9423355.960758941,31861674.787795976,1952.1219512195123,9423699.615135474,31862618.970435597,1952.1219512195123,9423945.434806217,31862529.49939245,2927.682926829268,9423601.780429684,31861585.31675283,2927.682926829268
9423994.352159113,31863046.326233834,2439.9024390243903,0.6808303917879048,9423699.615135474,31862618.970435597,1952.1219512195123,9424043.269512007,31863563.15307522,1952.1219512195123,9424289.089182748,31863473.682032067,2927.682926829268,9423945.434806217,31862529.49939245,2927.682926829268
9424338.006535646,31863990.50887345,2439.9024390243903,0.6113723931961091,9424043.269512007,31863563.15307522,1952.1219512195123,9424386.92388854,31864507.335714836,1952.1219512195123,9424632.74355928,31864417.86467169,2927.682926829268,9424289.089182748,31863473.682032067,2927.682926829268
9424681.660912177,31864934.691513073,2439.9024390243903,0.9697480866081831,9424386.92388854,31864507.335714836,1952.1219512195123,9424730.57826507,31865451.518354453,1952.1219512195123,9424976.397935813,31865362.047311306,2927.682926829268,9424632.74355928,31864417.86467169,2927.682926829268
9425025.31528871,31865878.87415269,2439.9024390243903,1.1274623600617633,9424730.57826507,31865451.518354453,1952.1219512195123,9425074.232641604,31866395.700994074,1952.1219512195123,9425320.052312346,31866306.22995093,2927.682926829268,9424976.397935813,31865362.047311306,2927.682926829268
9425368.969665242,31866823.056792308,2439.9024390243903,1.0679080935956577,9425074.232641604,31866395.700994074,1952.1219512195123,9425417.887018137,31867339.883633696,1952.1219512195123,9425663.706688877,31867250.41259055,2927.682926829268,9425320.052312346,31866306.22995093,2927.682926829268
9425712.624041773,31867767.23943193,2439.9024390243903,0.9443035756068262,9425417.887018137,31867339.883633696,1952.1219512195123,9425761.54139467,31868284.066273313,1952.1219512195123,9426007.36106541,31868194.59523017,2927.682926829268,9425663.706688877,31867250.41259055,2927.682926829268
9426056.278418306,31868711.422071554,2439.9024390243903,0.9057472551944324,9425761.54139467,31868284.066273313,1952.1219512195123,9426105.195771202,31869228.248912934,1952.1219512195123,9426351.015441943,31869138.77786979,2927.682926829268,9426007.36106541,31868194.59523017,2927.682926829268
9426399.93279484,31869655.604711175,2439.9024390243903,0.6510093594732346,9426105.195771202,31869228.248912934,1952.1219512195123,9426448.850147735,31870172.431552555,1952.1219512195123,9426694.669818476,31870082.96050941,2927.682926829268,9426351.015441943,31869138.77786979,2927.682926829268
9426743.587171372,31870599.787350792,2439.9024390243903,0.7046385424581028,9426448.850147735,31870172.431552555,1952.1219512195123,9426792.504524266,31871116.614192177,1952.1219512195123,9427038.324195009,31871027.14314903,2927.682926829268,9426694.669818476,31870082.96050941,2927.682926829268
9427087.241547905,31871543.969990414,2439.9024390243903,0.5006114316556357,9426792.504524266,31871116.614192177,1952.1219512195123,9427136.1589008,31872060.796831798,1952.1219512195123,9427381.978571542,31871971.32578865,2927.682926829268,9427038.324195009,31871027.14314903,2927.682926829268
9427430.895924438,31872488.152630035,2439.9024390243903,0.3472591098554583,9427136.1589008,31872060.796831798,1952.1219512195123,9427479.813277332,31873004.97947142,1952.1219512195123,9427725.632948074,31872915.508428268,2927.682926829268,9427381.978571542,31871971.32578865,2927.682926829268
9427774.55030097,31873432.335269652,2439.9024390243903,0.2801173563070398,9427479.813277332,31873004.97947142,1952.1219512195123,9427823.467653865,31873949.162111036,1952.1219512195123,9428069.287324606,31873859.69106789,2927.682926829268,9427725.632948074,31872915.508428268,2927.682926829268
9428118.204677502,31874376.517909274,2439.9024390243903,0.21597913480075936,9427823.467653865,31873949.162111036,1952.1219512195123,9428167.122030398,31874893.344750658,1952.1219512195123,9428412.941701138,31874803.87370751,2927.682926829268,9428069.287324606,31873859.69106789,2927.682926829268
9428461.859054035,31875320.700548895,2439.9024390243903,0.08351850972630129,9428167.122030398,31874893.344750658,1952.1219512195123,9428510.77640693,31875837.52739028,1952.1219512195123,9428756.596077671,31875748.056347128,2927.682926829268,9428412.941701138,31874803.87370751,2927.682926829268
9428805.513430567,31876264.883188516,2439.9024390243903,0.11144076418734862,9428510.77640693,31875837.52739028,1952.1219512195123,9428854.430783464,31876781.710029896,1952.1219512195123,9429100.250454204,31876692.23898675,2927.682926829268,9428756.596077671,31875748.056347128,2927.682926829268
9429149.1678071,31877209.065828133,2439.9024390243903,0.4134086657188402,9428854.430783464,31876781.710029896,1952.1219512195123,9429198.085159995,31877725.892669518,1952.1219512195123,9429443.904830737,31877636.42162637,2927.682926829268,9429100.250454204,31876692.23898675,2927.682926829268
9429492.822183633,31878153.24846775,2439.9024390243903,0.5324166989485902,9429198.085159995,31877725.892669518,1952.1219512195123,9429541.739536528,31878670.07530914,1952.1219512195123,9429787.55920727,31878580.604265988,2927.682926829268,9429443.904830737,31877636.42162637,2927.682926829268
9429836.476560166,31879097.431107372,2439.9024390243903,0.34330584979765877,9429541.739536528,31878670.07530914,1952.1219512195123,9429885.39391306,31879614.257948756,1952.1219512195123,9430131.213583803,31879524.786905613,2927.682926829268,9429787.55920727,31878580.604265988,2927.682926829268
9430180.130936699,31880041.61374699,2439.9024390243903,0.21859154097121633,9429885.39391306,31879614.257948756,1952.1219512195123,9430229.048289593,31880558.440588377,1952.1219512195123,9430474.867960334,31880468.96954523,2927.682926829268,9430131.213583803,31879524.786905613,2927.682926829268
9430523.78531323,31880985.79638661,2439.9024390243903,0.12073240526498971,9430229.048289593,31880558.440588377,1952.1219512195123,9430572.702666126,31881502.623228,1952.1219512195123,9430818.522336867,31881413.15218485,2927.682926829268,9430474.867960334,31880468.96954523,2927.682926829268
9430867.439689763,31881929.979026236,2439.9024390243903,0.07563892772458651,9430572.702666126,31881502.623228,1952.1219512195123,9430916.35704266,31882446.805867616,1952.1219512195123,9431162.1767134,31882357.334824473,2927.682926829268,9430818.522336867,31881413.15218485,2927.682926829268
9431211.094066296,31882874.161665857,2439.9024390243903,0.028433445860967594,9430916.35704266,31882446.805867616,1952.1219512195123,9431260.011419192,31883390.988507237,1952.1219512195123,9431505.831089932,31883301.51746409,2927.682926829268,9431162.1767134,31882357.334824473,2927.682926829268
9431554.748442829,31883818.344305474,2439.9024390243903,0.021615984294111015,9431260.011419192,31883390.988507237,1952.1219512195123,9431603.665795723,31884335.17114686,1952.1219512195123,9431849.485466465,31884245.70010371,2927.682926829268,9431505.831089932,31883301.51746409,2927.682926829268
9431898.402819362,31884762.526945096,2439.9024390243903,0.022226970425439658,9431603.665795723,31884335.17114686,1952.1219512195123,9431947.320172256,31885279.35378648,1952.1219512195123,9432193.139842998,31885189.882743333,2927.682926829268,9431849.485466465,31884245.70010371,2927.682926829268
9432242.057195894,31885706.709584717,2439.9024390243903,0.03473219651377169,9431947.320172256,31885279.35378648,1952.1219512195123,9432290.974548789,31886223.5364261,1952.1219512195123,9432536.794219531,31886134.06538295,2927.682926829268,9432193.139842998,31885189.882743333,2927.682926829268
9432585.711572427,31886650.892224338,2439.9024390243903,0.03578738369009859,9432290.974548789,31886223.5364261,1952.1219512195123,9432634.628925322,31887167.71906572,1952.1219512195123,9432880.448596062,31887078.24802257,2927.682926829268,9432536.794219531,31886134.06538295,2927.682926829268
9432929.365948958,31887595.07486395,2439.9024390243903,0.04918923537243497,9432634.628925322,31887167.71906572,1952.1219512195123,9432978.283301855,31888111.90170534,1952.1219512195123,9433224.102972595,31888022.43066219,2927.682926829268,9432880.448596062,31887078.24802257,2927.682926829268
9433273.020325491,31888539.257503573,2439.9024390243903,0.058953619834617575,9432978.283301855,31888111.90170534,1952.1219512195123,9433321.937678386,31889056.084344957,1952.1219512195123,9433567.757349128,31888966.61330181,2927.682926829268,9433224.102972595,31888022.43066219,2927.682926829268
9433616.674702024,31889483.440143194,2439.9024390243903,0.1924388945293042,9433321.937678386,31889056.084344957,1952.1219512195123,9433665.592054918,31890000.26698458,1952.1219512195123,9433911.41172566,31889910.795941427,2927.682926829268,9433567.757349128,31888966.61330181,2927.682926829268
9433960.329078557,31890427.622782815,2439.9024390243903,0.46459556246914585,9433665.592054918,31890000.26698458,1952.1219512195123,9434009.246431451,31890944.4496242,1952.1219512195123,9434255.066102194,31890854.97858105,2927.682926829268,9433911.41172566,31889910.795941427,2927.682926829268
9434303.98345509,31891371.805422433,2439.9024390243903,0.5907888928179788,9434009.246431451,31890944.4496242,1952.1219512195123,9434352.900807984,31891888.632263817,1952.1219512195123,9434598.720478725,31891799.16122067,2927.682926829268,9434255.066102194,31890854.97858105,2927.682926829268
9434647.63783162,31892315.988062054,2439.9024390243903,0.5973222337880175,9434352.900807984,31891888.632263817,1952.1219512195123,9434696.555184517,31892832.814903438,1952.1219512195123,9434942.374855258,31892743.34386029,2927.682926829268,9434598.720478725,31891799.16122067,2927.682926829268
9434991.292208156,31893260.17070167,2439.9024390243903,0.5390319629886026,9434696.555184517,31892832.814903438,1952.1219512195123,9435040.20956105,31893776.997543056,1952.1219512195123,9435286.02923179,31893687.526499912,2927.682926829268,9434942.374855258,31892743.34386029,2927.682926829268
9435334.946584687,31894204.353341293,2439.9024390243903,0.6469838986055924,9435040.20956105,31893776.997543056,1952.1219512195123,9435383.863937581,31894721.180182677,1952.1219512195123,9435629.683608323,31894631.709139533,2927.682926829268,9435286.02923179,31893687.526499912,2927.682926829268
9435678.60096122,31895148.535980918,2439.9024390243903,0.6202331070747658,9435383.863937581,31894721.180182677,1952.1219512195123,9435727.518314114,31895665.362822298,1952.1219512195123,9435973.337984856,31895575.89177915,2927.682926829268,9435629.683608323,31894631.709139533,2927.682926829268
9436022.255337752,31896092.71862054,2439.9024390243903,0.7360516077848982,9435727.518314114,31895665.362822298,1952.1219512195123,9436071.172690647,31896609.545461915,1952.1219512195123,9436316.99236139,31896520.074418772,2927.682926829268,9435973.337984856,31895575.89177915,2927.682926829268
9436365.909714285,31897036.901260156,2439.9024390243903,0.5587279210973545,9436071.172690647,31896609.545461915,1952.1219512195123,9436414.82706718,31897553.72810154,1952.1219512195123,9436660.646737922,31897464.257058393,2927.682926829268,9436316.99236139,31896520.074418772,2927.682926829268
9436709.564090818,31897981.083899774,2439.9024390243903,0.38746168372418854,9436414.82706718,31897553.72810154,1952.1219512195123,9436758.481443712,31898497.91074116,1952.1219512195123,9437004.301114453,31898408.43969801,2927.682926829268,9436660.646737922,31897464.257058393,2927.682926829268
9437053.21846735,31898925.266539395,2439.9024390243903,0.1915156502719386,9436758.481443712,31898497.91074116,1952.1219512195123,9437102.135820245,31899442.09338078,1952.1219512195123,9437347.955490986,31899352.622337632,2927.682926829268,9437004.301114453,31898408.43969801,2927.682926829268
9437396.872843884,31899869.449179016,2439.9024390243903,0.10834313012108654,9437102.135820245,31899442.09338078,1952.1219512195123,9437445.790196778,31900386.2760204,1952.1219512195123,9437691.609867519,31900296.804977253,2927.682926829268,9437347.955490986,31899352.622337632,2927.682926829268
9437740.527220415,31900813.631818634,2439.9024390243903,0.0626057958157247,9437445.790196778,31900386.2760204,1952.1219512195123,9437789.44457331,31901330.45866002,1952.1219512195123,9438035.264244052,31901240.98761687,2927.682926829268,9437691.609867519,31900296.804977253,2927.682926829268
9438084.181596948,31901757.814458255,2439.9024390243903,0.033980215388514756,9437789.44457331,31901330.45866002,1952.1219512195123,9438133.098949842,31902274.64129964,1952.1219512195123,9438378.918620585,31902185.17025649,2927.682926829268,9438035.264244052,31901240.98761687,2927.682926829268
9438427.83597348,31902701.997097876,2439.9024390243903,0.011963429583689822,9438133.098949842,31902274.64129964,1952.1219512195123,9438476.753326375,31903218.82393926,1952.1219512195123,9438722.572997117,31903129.352896113,2927.682926829268,9438378.918620585,31902185.17025649,2927.682926829268
9438771.490350014,31903646.179737497,2439.9024390243903,0.04113344660365411,9438476.753326375,31903218.82393926,1952.1219512195123,9438820.407702908,31904163.00657888,1952.1219512195123,9439066.22737365,31904073.53553573,2927.682926829268,9438722.572997117,31903129.352896113,2927.682926829268
9413243.231780808,31832743.010722842,3415.4634146341464,2.869685032904194,9412948.494757175,31832315.654924605,2927.682926829268,9413292.149133706,31833259.837564226,2927.682926829268,9413537.968804445,31833170.36652108,3903.2439024390246,9413194.314427912,31832226.183881458,3903.2439024390246
9413586.88615734,31833687.193362463,3415.4634146341464,2.415467363529271,9413292.149133706,31833259.837564226,2927.682926829268,9413635.80351024,31834204.020203847,2927.682926829268,9413881.623180978,31834114.549160704,3903.2439024390246,9413537.968804445,31833170.36652108,3903.2439024390246
9413930.540533874,31834631.376002084,3415.4634146341464,2.9344864747644603,9413635.80351024,31834204.020203847,2927.682926829268,9413979.457886772,31835148.202843465,2927.682926829268,9414225.27755751,31835058.73180032,3903.2439024390246,9413881.623180978,31834114.549160704,3903.2439024390246
9414274.194910407,31835575.558641702,3415.4634146341464,4.046307878623749,9413979.457886772,31835148.202843465,2927.682926829268,9414323.112263305,31836092.385483086,2927.682926829268,9414568.931934044,31836002.914439943,3903.2439024390246,9414225.27755751,31835058.73180032,3903.2439024390246
9414617.84928694,31836519.741281323,3415.4634146341464,6.275076800796388,9414323.112263305,31836092.385483086,2927.682926829268,9414666.766639838,31837036.568122707,2927.682926829268,9414912.586310575,31836947.09707956,3903.2439024390246,9414568.931934044,31836002.914439943,3903.2439024390246
9414961.503663471,31837463.923920944,3415.4634146341464,6.220734837218753,9414666.766639838,31837036.568122707,2927.682926829268,9415010.421016369,31837980.750762325,2927.682926829268,9415256.240687108,31837891.27971918,3903.2439024390246,9414912.586310575,31836947.09707956,3903.2439024390246
9415305.158040006,31838408.106560566,3415.4634146341464,6.9328357998287,9415010.421016369,31837980.750762325,2927.682926829268,9415354.075392902,31838924.933401946,2927.682926829268,9415599.89506364,31838835.462358803,3903.2439024390246,9415256.240687108,31837891.27971918,3903.2439024390246
9415648.812416537,31839352.289200183,3415.4634146341464,6.271928735029468,9415354.075392902,31838924.933401946,2927.682926829268,9415697.729769435,31839869.116041567,2927.682926829268,9415943.549440173,31839779.64499842,3903.2439024390246,9415599.89506364,31838835.462358803,3903.2439024390246
9415992.466793068,31840296.471839804,3415.4634146341464,5.263443718384996,9415697.729769435,31839869.116041567,2927.682926829268,9416041.384145968,31840813.29868119,2927.682926829268,9416287.203816706,31840723.82763804,3903.2439024390246,9415943.549440173,31839779.64499842,3903.2439024390246
9416336.121169602,31841240.654479425,3415.4634146341464,5.30894985273744,9416041.384145968,31840813.29868119,2927.682926829268,9416385.038522499,31841757.48132081,2927.682926829268,9416630.85819324,31841668.010277662,3903.2439024390246,9416287.203816706,31840723.82763804,3903.2439024390246
9416679.775546135,31842184.837119047,3415.4634146341464,5.581883095904515,9416385.038522499,31841757.48132081,2927.682926829268,9416728.692899032,31842701.663960427,2927.682926829268,9416974.512569772,31842612.19291728,3903.2439024390246,9416630.85819324,31841668.010277662,3903.2439024390246
9417023.429922668,31843129.019758664,3415.4634146341464,4.160928294512794,9416728.692899032,31842701.663960427,2927.682926829268,9417072.347275563,31843645.84660005,2927.682926829268,9417318.166946303,31843556.3755569,3903.2439024390246,9416974.512569772,31842612.19291728,3903.2439024390246
9417367.0842992,31844073.202398285,3415.4634146341464,3.516009053802164,9417072.347275563,31843645.84660005,2927.682926829268,9417416.001652095,31844590.029239666,2927.682926829268,9417661.821322836,31844500.55819652,3903.2439024390246,9417318.166946303,31843556.3755569,3903.2439024390246
9417710.738675732,31845017.385037903,3415.4634146341464,3.080459521756981,9417416.001652095,31844590.029239666,2927.682926829268,9417759.656028628,31845534.211879287,2927.682926829268,9418005.475699369,31845444.74083614,3903.2439024390246,9417661.821322836,31844500.55819652,3903.2439024390246
9418054.393052265,31845961.567677524,3415.4634146341464,3.84282579981514,9417759.656028628,31845534.211879287,2927.682926829268,9418103.310405161,31846478.394518908,2927.682926829268,9418349.130075902,31846388.92347576,3903.2439024390246,9418005.475699369,31845444.74083614,3903.2439024390246
9418398.047428796,31846905.75031714,3415.4634146341464,3.3772390113079926,9418103.310405161,31846478.394518908,2927.682926829268,9418446.964781694,31847422.577158526,2927.682926829268,9418692.784452433,31847333.106115382,3903.2439024390246,9418349.130075902,31846388.92347576,3903.2439024390246
9418741.70180533,31847849.932956763,3415.4634146341464,2.7730051178109236,9418446.964781694,31847422.577158526,2927.682926829268,9418790.619158227,31848366.759798147,2927.682926829268,9419036.438828966,31848277.288755003,3903.2439024390246,9418692.784452433,31847333.106115382,3903.2439024390246
9419085.356181862,31848794.115596384,3415.4634146341464,2.6269006005380264,9418790.619158227,31848366.759798147,2927.682926829268,9419134.27353476,31849310.942437768,2927.682926829268,9419380.093205499,31849221.47139462,3903.2439024390246,9419036.438828966,31848277.288755003,3903.2439024390246
9419429.010558397,31849738.298236005,3415.4634146341464,2.186982816467366,9419134.27353476,31849310.942437768,2927.682926829268,9419477.92791129,31850255.125077385,2927.682926829268,9419723.747582031,31850165.654034242,3903.2439024390246,9419380.093205499,31849221.47139462,3903.2439024390246
9419772.664934928,31850682.480875626,3415.4634146341464,1.961526290467922,9419477.92791129,31850255.125077385,2927.682926829268,9419821.582287824,31851199.307717007,2927.682926829268,9420067.401958564,31851109.836673863,3903.2439024390246,9419723.747582031,31850165.654034242,3903.2439024390246
9420116.31931146,31851626.663515244,3415.4634146341464,1.5622335015574016,9419821.582287824,31851199.307717007,2927.682926829268,9420165.236664357,31852143.490356624,2927.682926829268,9420411.056335097,31852054.01931348,3903.2439024390246,9420067.401958564,31851109.836673863,3903.2439024390246
9420459.973687993,31852570.846154865,3415.4634146341464,1.0575899650587341,9420165.236664357,31852143.490356624,2927.682926829268,9420508.89104089,31853087.67299625,2927.682926829268,9420754.71071163,31852998.201953102,3903.2439024390246,9420411.056335097,31852054.01931348,3903.2439024390246
9420803.628064524,31853515.028794486,3415.4634146341464,0.6759877309526048,9420508.89104089,31853087.67299625,2927.682926829268,9420852.545417422,31854031.85563587,2927.682926829268,9421098.365088161,31853942.384592723,3903.2439024390246,9420754.71071163,31852998.201953102,3903.2439024390246
9421147.28244106,31854459.211434107,3415.4634146341464,0.7985689445445258,9420852.545417422,31854031.85563587,2927.682926829268,9421196.199793955,31854976.038275488,2927.682926829268,9421442.019464694,31854886.56723234,3903.2439024390246,9421098.365088161,31853942.384592723,3903.2439024390246
9421490.93681759,31855403.394073725,3415.4634146341464,0.7083676075089189,9421196.199793955,31854976.038275488,2927.682926829268,9421539.854170488,31855920.22091511,2927.682926829268,9421785.673841227,31855830.74987196,3903.2439024390246,9421442.019464694,31854886.56723234,3903.2439024390246
9421834.591194125,31856347.576713346,3415.4634146341464,0.5353624641863796,9421539.854170488,31855920.22091511,2927.682926829268,9421883.50854702,31856864.40355473,2927.682926829268,9422129.32821776,31856774.932511583,3903.2439024390246,9421785.673841227,31855830.74987196,3903.2439024390246
9422178.245570656,31857291.759352963,3415.4634146341464,0.6004638733662139,9421883.50854702,31856864.40355473,2927.682926829268,9422227.162923552,31857808.586194348,2927.682926829268,9422472.982594293,31857719.1151512,3903.2439024390246,9422129.32821776,31856774.932511583,3903.2439024390246
9422521.899947189,31858235.941992585,3415.4634146341464,0.5735049345249765,9422227.162923552,31857808.586194348,2927.682926829268,9422570.817300085,31858752.76883397,2927.682926829268,9422816.636970825,31858663.29779082,3903.2439024390246,9422472.982594293,31857719.1151512,3903.2439024390246
9422865.554323722,31859180.124632206,3415.4634146341464,0.5602994489908477,9422570.817300085,31858752.76883397,2927.682926829268,9422914.471676618,31859696.95147359,2927.682926829268,9423160.291347358,31859607.480430443,3903.2439024390246,9422816.636970825,31858663.29779082,3903.2439024390246
9423209.208700253,31860124.307271823,3415.4634146341464,0.5573349751283796,9422914.471676618,31859696.95147359,2927.682926829268,9423258.12605315,31860641.134113207,2927.682926829268,9423503.94572389,31860551.663070064,3903.2439024390246,9423160.291347358,31859607.480430443,3903.2439024390246
9423552.863076787,31861068.489911444,3415.4634146341464,0.5635023235067652,9423258.12605315,31860641.134113207,2927.682926829268,9423601.780429684,31861585.31675283,2927.682926829268,9423847.600100422,31861495.845709685,3903.2439024390246,9423503.94572389,31860551.663070064,3903.2439024390246
9423896.517453318,31862012.672551066,3415.4634146341464,0.5654944857936127,9423601.780429684,31861585.31675283,2927.682926829268,9423945.434806217,31862529.49939245,2927.682926829268,9424191.254476955,31862440.028349306,3903.2439024390246,9423847.600100422,31861495.845709685,3903.2439024390246
9424240.171829853,31862956.855190687,3415.4634146341464,0.585886184952616,9423945.434806217,31862529.49939245,2927.682926829268,9424289.089182748,31863473.682032067,2927.682926829268,9424534.908853488,31863384.210988924,3903.2439024390246,9424191.254476955,31862440.028349306,3903.2439024390246
9424583.826206384,31863901.037830308,3415.4634146341464,0.685785181768683,9424289.089182748,31863473.682032067,2927.682926829268,9424632.74355928,31864417.86467169,2927.682926829268,9424878.56323002,31864328.393628545,3903.2439024390246,9424534.908853488,31863384.210988924,3903.2439024390246
9424927.480582915,31864845.22046993,3415.4634146341464,0.8929311597665586,9424632.74355928,31864417.86467169,2927.682926829268,9424976.397935813,31865362.047311306,2927.682926829268,9425222.217606552,31865272.576268163,3903.2439024390246,9424878.56323002,31864328.393628545,3903.2439024390246
9425271.13495945,31865789.403109547,3415.4634146341464,1.0206950916846018,9424976.397935813,31865362.047311306,2927.682926829268,9425320.052312346,31866306.22995093,2927.682926829268,9425565.871983085,31866216.758907784,3903.2439024390246,9425222.217606552,31865272.576268163,3903.2439024390246
9425614.789335981,31866733.585749164,3415.4634146341464,1.0519237821305876,9425320.052312346,31866306.22995093,2927.682926829268,9425663.706688877,31867250.41259055,2927.682926829268,9425909.526359618,31867160.9415474,3903.2439024390246,9425565.871983085,31866216.758907784,3903.2439024390246
9425958.443712514,31867677.768388785,3415.4634146341464,1.0793387881566665,9425663.706688877,31867250.41259055,2927.682926829268,9426007.36106541,31868194.59523017,2927.682926829268,9426253.18073615,31868105.124187022,3903.2439024390246,9425909.526359618,31867160.9415474,3903.2439024390246
9426302.098089047,31868621.951028407,3415.4634146341464,0.6706590652545477,9426007.36106541,31868194.59523017,2927.682926829268,9426351.015441943,31869138.77786979,2927.682926829268,9426596.835112683,31869049.306826644,3903.2439024390246,9426253.18073615,31868105.124187022,3903.2439024390246
9426645.752465578,31869566.133668024,3415.4634146341464,0.42424109532814047,9426351.015441943,31869138.77786979,2927.682926829268,9426694.669818476,31870082.96050941,2927.682926829268,9426940.489489216,31869993.48946626,3903.2439024390246,9426596.835112683,31869049.306826644,3903.2439024390246
9426989.406842113,31870510.316307645,3415.4634146341464,0.43487398844121267,9426694.669818476,31870082.96050941,2927.682926829268,9427038.324195009,31871027.14314903,2927.682926829268,9427284.14386575,31870937.672105882,3903.2439024390246,9426940.489489216,31869993.48946626,3903.2439024390246
9427333.061218644,31871454.498947266,3415.4634146341464,0.4697288821720911,9427038.324195009,31871027.14314903,2927.682926829268,9427381.978571542,31871971.32578865,2927.682926829268,9427627.79824228,31871881.854745504,3903.2439024390246,9427284.14386575,31870937.672105882,3903.2439024390246
9427676.715595178,31872398.681586884,3415.4634146341464,0.32298090701758636,9427381.978571542,31871971.32578865,2927.682926829268,9427725.632948074,31872915.508428268,2927.682926829268,9427971.452618813,31872826.03738512,3903.2439024390246,9427627.79824228,31871881.854745504,3903.2439024390246
9428020.36997171,31873342.864226505,3415.4634146341464,0.36761115743529216,9427725.632948074,31872915.508428268,2927.682926829268,9428069.287324606,31873859.69106789,2927.682926829268,9428315.106995346,31873770.220024742,3903.2439024390246,9427971.452618813,31872826.03738512,3903.2439024390246
9428364.024348242,31874287.046866126,3415.4634146341464,0.4673390562016125,9428069.287324606,31873859.69106789,2927.682926829268,9428412.941701138,31874803.87370751,2927.682926829268,9428658.761371879,31874714.402664367,3903.2439024390246,9428315.106995346,31873770.220024742,3903.2439024390246
9428707.678724775,31875231.229505748,3415.4634146341464,0.43347145921227426,9428412.941701138,31874803.87370751,2927.682926829268,9428756.596077671,31875748.056347128,2927.682926829268,9429002.415748412,31875658.585303985,3903.2439024390246,9428658.761371879,31874714.402664367,3903.2439024390246
9429051.333101306,31876175.412145365,3415.4634146341464,0.6536802278165205,9428756.596077671,31875748.056347128,2927.682926829268,9429100.250454204,31876692.23898675,2927.682926829268,9429346.070124945,31876602.767943606,3903.2439024390246,9429002.415748412,31875658.585303985,3903.2439024390246
9429394.98747784,31877119.594784986,3415.4634146341464,0.832607417577007,9429100.250454204,31876692.23898675,2927.682926829268,9429443.904830737,31877636.42162637,2927.682926829268,9429689.724501476,31877546.950583223,3903.2439024390246,9429346.070124945,31876602.767943606,3903.2439024390246
9429738.641854372,31878063.777424607,3415.4634146341464,0.48821297634271,9429443.904830737,31877636.42162637,2927.682926829268,9429787.55920727,31878580.604265988,2927.682926829268,9430033.378878009,31878491.133222844,3903.2439024390246,9429689.724501476,31877546.950583223,3903.2439024390246
9430082.296230907,31879007.96006423,3415.4634146341464,0.34181283891112346,9429787.55920727,31878580.604265988,2927.682926829268,9430131.213583803,31879524.786905613,2927.682926829268,9430377.033254541,31879435.315862466,3903.2439024390246,9430033.378878009,31878491.133222844,3903.2439024390246
9430425.950607438,31879952.142703846,3415.4634146341464,0.3804117742022728,9430131.213583803,31879524.786905613,2927.682926829268,9430474.867960334,31880468.96954523,2927.682926829268,9430720.687631074,31880379.498502083,3903.2439024390246,9430377.033254541,31879435.315862466,3903.2439024390246
9430769.60498397,31880896.325343467,3415.4634146341464,0.2604111461357473,9430474.867960334,31880468.96954523,2927.682926829268,9430818.522336867,31881413.15218485,2927.682926829268,9431064.342007607,31881323.681141704,3903.2439024390246,9430720.687631074,31880379.498502083,3903.2439024390246
9431113.259360503,31881840.50798309,3415.4634146341464,0.34041414523965735,9430818.522336867,31881413.15218485,2927.682926829268,9431162.1767134,31882357.334824473,2927.682926829268,9431407.99638414,31882267.863781326,3903.2439024390246,9431064.342007607,31881323.681141704,3903.2439024390246
9431456.913737034,31882784.69062271,3415.4634146341464,0.3474321802162113,9431162.1767134,31882357.334824473,2927.682926829268,9431505.831089932,31883301.51746409,2927.682926829268,9431751.650760673,31883212.046420943,3903.2439024390246,9431407.99638414,31882267.863781326,3903.2439024390246
9431800.56811357,31883728.873262327,3415.4634146341464,0.20949758771549384,9431505.831089932,31883301.51746409,2927.682926829268,9431849.485466465,31884245.70010371,2927.682926829268,9432095.305137204,31884156.229060564,3903.2439024390246,9431751.650760673,31883212.046420943,3903.2439024390246
9432144.2224901,31884673.05590195,3415.4634146341464,0.09434828061763663,9431849.485466465,31884245.70010371,2927.682926829268,9432193.139842998,31885189.882743333,2927.682926829268,9432438.959513737,31885100.411700185,3903.2439024390246,9432095.305137204,31884156.229060564,3903.2439024390246
9432487.876866635,31885617.23854157,3415.4634146341464,0.08880448576589828,9432193.139842998,31885189.882743333,2927.682926829268,9432536.794219531,31886134.06538295,2927.682926829268,9432782.61389027,31886044.594339803,3903.2439024390246,9432438.959513737,31885100.411700185,3903.2439024390246
9432831.531243166,31886561.421181187,3415.4634146341464,0.06913740935697126,9432536.794219531,31886134.06538295,2927.682926829268,9432880.448596062,31887078.24802257,2927.682926829268,9433126.268266803,31886988.776979424,3903.2439024390246,9432782.61389027,31886044.594339803,3903.2439024390246
9433175.185619699,31887505.603820805,3415.4634146341464,0.06618405404167756,9432880.448596062,31887078.24802257,2927.682926829268,9433224.102972595,31888022.43066219,2927.682926829268,9433469.922643336,31887932.959619045,3903.2439024390246,9433126.268266803,31886988.776979424,3903.2439024390246
9433518.839996232,31888449.786460426,3415.4634146341464,0.08560783769221977,9433224.102972595,31888022.43066219,2927.682926829268,9433567.757349128,31888966.61330181,2927.682926829268,9433813.577019867,31888877.142258666,3903.2439024390246,9433469.922643336,31887932.959619045,3903.2439024390246
9433862.494372763,31889393.969100047,3415.4634146341464,0.2426433668566272,9433567.757349128,31888966.61330181,2927.682926829268,9433911.41172566,31889910.795941427,2927.682926829268,9434157.2313964,31889821.324898284,3903.2439024390246,9433813.577019867,31888877.142258666,3903.2439024390246
9434206.148749297,31890338.151739668,3415.4634146341464,0.567271046542595,9433911.41172566,31889910.795941427,2927.682926829268,9434255.066102194,31890854.97858105,2927.682926829268,9434500.885772932,31890765.507537905,3903.2439024390246,9434157.2313964,31889821.324898284,3903.2439024390246
9434549.803125829,31891282.33437929,3415.4634146341464,0.7568693927465066,9434255.066102194,31890854.97858105,2927.682926829268,9434598.720478725,31891799.16122067,2927.682926829268,9434844.540149465,31891709.690177526,3903.2439024390246,9434500.885772932,31890765.507537905,3903.2439024390246
9434893.45750236,31892226.517018907,3415.4634146341464,0.6514449095825973,9434598.720478725,31891799.16122067,2927.682926829268,9434942.374855258,31892743.34386029,2927.682926829268,9435188.194525998,31892653.872817144,3903.2439024390246,9434844.540149465,31891709.690177526,3903.2439024390246
9435237.111878894,31893170.699658528,3415.4634146341464,0.6801737948679116,9434942.374855258,31892743.34386029,2927.682926829268,9435286.02923179,31893687.526499912,2927.682926829268,9435531.848902531,31893598.055456765,3903.2439024390246,9435188.194525998,31892653.872817144,3903.2439024390246
9435580.766255427,31894114.88229815,3415.4634146341464,0.65748027668119,9435286.02923179,31893687.526499912,2927.682926829268,9435629.683608323,31894631.709139533,2927.682926829268,9435875.503279064,31894542.238096386,3903.2439024390246,9435531.848902531,31893598.055456765,3903.2439024390246
9435924.42063196,31895059.06493777,3415.4634146341464,0.4742769410063904,9435629.683608323,31894631.709139533,2927.682926829268,9435973.337984856,31895575.89177915,2927.682926829268,9436219.157655595,31895486.420736004,3903.2439024390246,9435875.503279064,31894542.238096386,3903.2439024390246
9436268.075008491,31896003.247577388,3415.4634146341464,0.4365917102943382,9435973.337984856,31895575.89177915,2927.682926829268,9436316.99236139,31896520.074418772,2927.682926829268,9436562.812032128,31896430.603375625,3903.2439024390246,9436219.157655595,31895486.420736004,3903.2439024390246
9436611.729385026,31896947.43021701,3415.4634146341464,0.22877774739306012,9436316.99236139,31896520.074418772,2927.682926829268,9436660.646737922,31897464.257058393,2927.682926829268,9436906.46640866,31897374.786015246,3903.2439024390246,9436562.812032128,31896430.603375625,3903.2439024390246
9436955.383761557,31897891.612856627,3415.4634146341464,0.08878567289909187,9436660.646737922,31897464.257058393,2927.682926829268,9437004.301114453,31898408.43969801,2927.682926829268,9437250.120785194,31898318.968654864,3903.2439024390246,9436906.46640866,31897374.786015246,3903.2439024390246
9437299.038138088,31898835.795496248,3415.4634146341464,0.06887588132057654,9437004.301114453,31898408.43969801,2927.682926829268,9437347.955490986,31899352.622337632,2927.682926829268,9437593.775161726,31899263.151294485,3903.2439024390246,9437250.120785194,31898318.968654864,3903.2439024390246
9437642.692514623,31899779.97813587,3415.4634146341464,0.1299010440784754,9437347.955490986,31899352.622337632,2927.682926829268,9437691.609867519,31900296.804977253,2927.682926829268,9437937.42953826,31900207.333934106,3903.2439024390246,9437593.775161726,31899263.151294485,3903.2439024390246
9437986.346891155,31900724.160775486,3415.4634146341464,0.13350385269150858,9437691.609867519,31900296.804977253,2927.682926829268,9438035.264244052,31901240.98761687,2927.682926829268,9438281.083914792,31901151.516573727,3903.2439024390246,9437937.42953826,31900207.333934106,3903.2439024390246
9438330.001267688,31901668.343415108,3415.4634146341464,0.11457619614182406,9438035.264244052,31901240.98761687,2927.682926829268,9438378.918620585,31902185.17025649,2927.682926829268,9438624.738291323,31902095.69921335,3903.2439024390246,9438281.083914792,31901151.516573727,3903.2439024390246
9438673.65564422,31902612.52605473,3415.4634146341464,0.04570549454867141,9438378.918620585,31902185.17025649,2927.682926829268,9438722.572997117,31903129.352896113,2927.682926829268,9438968.392667856,31903039.88185297,3903.2439024390246,9438624.738291323,31902095.69921335,3903.2439024390246
9439017.310020754,31903556.708694354,3415.4634146341464,0.07740479742750127,9438722.572997117,31903129.352896113,2927.682926829268,9439066.22737365,31904073.53553573,2927.682926829268,9439312.047044389,31903984.064492587,3903.2439024390246,9438968.392667856,31903039.88185297,3903.2439024390246
9413489.051451549,31832653.5396797,4391.024390243902,3.6343198299295376,9413194.314427912,31832226.183881458,3903.2439024390246,9413537.968804445,31833170.36652108,3903.2439024390246,9413783.788475184,31833080.895477936,4878.804878048781,9413440.13409865,31832136.712838314,4878.804878048781
9413832.705828082,31833597.72231932,4391.024390243902,3.3577249954842565,9413537.968804445,31833170.36652108,3903.2439024390246,9413881.623180978,31834114.549160704,3903.2439024390246,9414127.442851715,31834025.078117553,4878.804878048781,9413783.788475184,31833080.895477936,4878.804878048781
9414176.360204613,31834541.90495894,4391.024390243902,3.332766841671143,9413881.623180978,31834114.549160704,3903.2439024390246,9414225.27755751,31835058.73180032,3903.2439024390246,9414471.097228248,31834969.260757174,4878.804878048781,9414127.442851715,31834025.078117553,4878.804878048781
9414520.014581148,31835486.08759856,4391.024390243902,3.478944448589101,9414225.27755751,31835058.73180032,3903.2439024390246,9414568.931934044,31836002.914439943,3903.2439024390246,9414814.75160478,31835913.443396796,4878.804878048781,9414471.097228248,31834969.260757174,4878.804878048781
9414863.668957679,31836430.270238176,4391.024390243902,5.153096448327584,9414568.931934044,31836002.914439943,3903.2439024390246,9414912.586310575,31836947.09707956,3903.2439024390246,9415158.405981313,31836857.626036413,4878.804878048781,9414814.75160478,31835913.443396796,4878.804878048781
9415207.32333421,31837374.452877797,4391.024390243902,6.183469755110135,9414912.586310575,31836947.09707956,3903.2439024390246,9415256.240687108,31837891.27971918,3903.2439024390246,9415502.060357846,31837801.808676034,4878.804878048781,9415158.405981313,31836857.626036413,4878.804878048781
9415550.977710744,31838318.63551742,4391.024390243902,6.496935276579219,9415256.240687108,31837891.27971918,3903.2439024390246,9415599.89506364,31838835.462358803,3903.2439024390246,9415845.71473438,31838745.991315655,4878.804878048781,9415502.060357846,31837801.808676034,4878.804878048781
9415894.632087277,31839262.818157036,4391.024390243902,6.713805880268016,9415599.89506364,31838835.462358803,3903.2439024390246,9415943.549440173,31839779.64499842,3903.2439024390246,9416189.369110912,31839690.173955273,4878.804878048781,9415845.71473438,31838745.991315655,4878.804878048781
9416238.28646381,31840207.000796657,4391.024390243902,6.925198236974955,9415943.549440173,31839779.64499842,3903.2439024390246,9416287.203816706,31840723.82763804,3903.2439024390246,9416533.023487443,31840634.356594894,4878.804878048781,9416189.369110912,31839690.173955273,4878.804878048781
9416581.940840341,31841151.18343628,4391.024390243902,6.713285333516567,9416287.203816706,31840723.82763804,3903.2439024390246,9416630.85819324,31841668.010277662,3903.2439024390246,9416876.677863976,31841578.539234515,4878.804878048781,9416533.023487443,31840634.356594894,4878.804878048781
9416925.595216876,31842095.3660759,4391.024390243902,6.383296819181363,9416630.85819324,31841668.010277662,3903.2439024390246,9416974.512569772,31842612.19291728,3903.2439024390246,9417220.332240509,31842522.721874136,4878.804878048781,9416876.677863976,31841578.539234515,4878.804878048781
9417269.249593407,31843039.548715517,4391.024390243902,5.137224091908964,9416974.512569772,31842612.19291728,3903.2439024390246,9417318.166946303,31843556.3755569,3903.2439024390246,9417563.986617042,31843466.904513758,4878.804878048781,9417220.332240509,31842522.721874136,4878.804878048781
9417612.903969938,31843983.731355138,4391.024390243902,3.5634610597404617,9417318.166946303,31843556.3755569,3903.2439024390246,9417661.821322836,31844500.55819652,3903.2439024390246,9417907.640993573,31844411.087153375,4878.804878048781,9417563.986617042,31843466.904513758,4878.804878048781
9417956.558346473,31844927.91399476,4391.024390243902,2.6969789944104856,9417661.821322836,31844500.55819652,3903.2439024390246,9418005.475699369,31845444.74083614,3903.2439024390246,9418251.295370106,31845355.269792996,4878.804878048781,9417907.640993573,31844411.087153375,4878.804878048781
9418300.212723004,31845872.096634377,4391.024390243902,2.2993798536628054,9418005.475699369,31845444.74083614,3903.2439024390246,9418349.130075902,31846388.92347576,3903.2439024390246,9418594.949746639,31846299.452432614,4878.804878048781,9418251.295370106,31845355.269792996,4878.804878048781
9418643.867099538,31846816.279273998,4391.024390243902,1.6962540165686386,9418349.130075902,31846388.92347576,3903.2439024390246,9418692.784452433,31847333.106115382,3903.2439024390246,9418938.604123171,31847243.635072235,4878.804878048781,9418594.949746639,31846299.452432614,4878.804878048781
9418987.52147607,31847760.46191362,4391.024390243902,1.7220710706121731,9418692.784452433,31847333.106115382,3903.2439024390246,9419036.438828966,31848277.288755003,3903.2439024390246,9419282.258499704,31848187.817711856,4878.804878048781,9418938.604123171,31847243.635072235,4878.804878048781
9419331.175852602,31848704.644553237,4391.024390243902,1.5387315636002281,9419036.438828966,31848277.288755003,3903.2439024390246,9419380.093205499,31849221.47139462,3903.2439024390246,9419625.912876237,31849132.000351474,4878.804878048781,9419282.258499704,31848187.817711856,4878.804878048781
9419674.830229135,31849648.827192858,4391.024390243902,1.7121116097382933,9419380.093205499,31849221.47139462,3903.2439024390246,9419723.747582031,31850165.654034242,3903.2439024390246,9419969.56725277,31850076.182991095,4878.804878048781,9419625.912876237,31849132.000351474,4878.804878048781
9420018.484605666,31850593.00983248,4391.024390243902,1.8154863073864953,9419723.747582031,31850165.654034242,3903.2439024390246,9420067.401958564,31851109.836673863,3903.2439024390246,9420313.221629301,31851020.365630716,4878.804878048781,9419969.56725277,31850076.182991095,4878.804878048781
9420362.138982201,31851537.192472097,4391.024390243902,1.5088533016224894,9420067.401958564,31851109.836673863,3903.2439024390246,9420411.056335097,31852054.01931348,3903.2439024390246,9420656.876005834,31851964.548270334,4878.804878048781,9420313.221629301,31851020.365630716,4878.804878048781
9420705.793358732,31852481.375111718,4391.024390243902,0.9061920532402298,9420411.056335097,31852054.01931348,3903.2439024390246,9420754.71071163,31852998.201953102,3903.2439024390246,9421000.530382367,31852908.730909955,4878.804878048781,9420656.876005834,31851964.548270334,4878.804878048781
9421049.447735267,31853425.55775134,4391.024390243902,0.8648505915630408,9420754.71071163,31852998.201953102,3903.2439024390246,9421098.365088161,31853942.384592723,3903.2439024390246,9421344.1847589,31853852.913549576,4878.804878048781,9421000.530382367,31852908.730909955,4878.804878048781
9421393.102111798,31854369.74039096,4391.024390243902,1.1527184080925355,9421098.365088161,31853942.384592723,3903.2439024390246,9421442.019464694,31854886.56723234,3903.2439024390246,9421687.839135433,31854797.096189193,4878.804878048781,9421344.1847589,31853852.913549576,4878.804878048781
9421736.75648833,31855313.923030578,4391.024390243902,1.2035543729903626,9421442.019464694,31854886.56723234,3903.2439024390246,9421785.673841227,31855830.74987196,3903.2439024390246,9422031.493511965,31855741.27882882,4878.804878048781,9421687.839135433,31854797.096189193,4878.804878048781
9422080.410864864,31856258.1056702,4391.024390243902,1.2449297632905798,9421785.673841227,31855830.74987196,3903.2439024390246,9422129.32821776,31856774.932511583,3903.2439024390246,9422375.147888498,31856685.46146844,4878.804878048781,9422031.493511965,31855741.27882882,4878.804878048781
9422424.065241395,31857202.288309816,4391.024390243902,1.5298537835698653,9422129.32821776,31856774.932511583,3903.2439024390246,9422472.982594293,31857719.1151512,3903.2439024390246,9422718.80226503,31857629.644108057,4878.804878048781,9422375.147888498,31856685.46146844,4878.804878048781
9422767.71961793,31858146.47094944,4391.024390243902,1.558162080433627,9422472.982594293,31857719.1151512,3903.2439024390246,9422816.636970825,31858663.29779082,3903.2439024390246,9423062.456641562,31858573.82674768,4878.804878048781,9422718.80226503,31857629.644108057,4878.804878048781
9423111.37399446,31859090.653589062,4391.024390243902,1.274579655386502,9422816.636970825,31858663.29779082,3903.2439024390246,9423160.291347358,31859607.480430443,3903.2439024390246,9423406.111018095,31859518.0093873,4878.804878048781,9423062.456641562,31858573.82674768,4878.804878048781
9423455.028370993,31860034.83622868,4391.024390243902,0.8696179171108644,9423160.291347358,31859607.480430443,3903.2439024390246,9423503.94572389,31860551.663070064,3903.2439024390246,9423749.765394628,31860462.192026917,4878.804878048781,9423406.111018095,31859518.0093873,4878.804878048781
9423798.682747524,31860979.0188683,4391.024390243902,0.6599385239188621,9423503.94572389,31860551.663070064,3903.2439024390246,9423847.600100422,31861495.845709685,3903.2439024390246,9424093.41977116,31861406.374666538,4878.804878048781,9423749.765394628,31860462.192026917,4878.804878048781
9424142.337124057,31861923.201507922,4391.024390243902,0.8440420892143775,9423847.600100422,31861495.845709685,3903.2439024390246,9424191.254476955,31862440.028349306,3903.2439024390246,9424437.074147694,31862350.557306156,4878.804878048781,9424093.41977116,31861406.374666538,4878.804878048781
9424485.99150059,31862867.38414754,4391.024390243902,1.048669542846376,9424191.254476955,31862440.028349306,3903.2439024390246,9424534.908853488,31863384.210988924,3903.2439024390246,9424780.728524227,31863294.739945777,4878.804878048781,9424437.074147694,31862350.557306156,4878.804878048781
9424829.645877123,31863811.56678716,4391.024390243902,1.230081615091493,9424534.908853488,31863384.210988924,3903.2439024390246,9424878.56323002,31864328.393628545,3903.2439024390246,9425124.382900758,31864238.922585398,4878.804878048781,9424780.728524227,31863294.739945777,4878.804878048781
9425173.300253654,31864755.749426782,4391.024390243902,1.178125459998885,9424878.56323002,31864328.393628545,3903.2439024390246,9425222.217606552,31865272.576268163,3903.2439024390246,9425468.03727729,31865183.105225015,4878.804878048781,9425124.382900758,31864238.922585398,4878.804878048781
9425516.954630187,31865699.9320664,4391.024390243902,1.0369594613371336,9425222.217606552,31865272.576268163,3903.2439024390246,9425565.871983085,31866216.758907784,3903.2439024390246,9425811.691653823,31866127.287864637,4878.804878048781,9425468.03727729,31865183.105225015,4878.804878048781
9425860.609006718,31866644.114706017,4391.024390243902,0.9821164265847656,9425565.871983085,31866216.758907784,3903.2439024390246,9425909.526359618,31867160.9415474,3903.2439024390246,9426155.346030356,31867071.470504254,4878.804878048781,9425811.691653823,31866127.287864637,4878.804878048781
9426204.263383253,31867588.29734564,4391.024390243902,1.0378228562648288,9425909.526359618,31867160.9415474,3903.2439024390246,9426253.18073615,31868105.124187022,3903.2439024390246,9426499.00040689,31868015.653143875,4878.804878048781,9426155.346030356,31867071.470504254,4878.804878048781
9426547.917759784,31868532.47998526,4391.024390243902,0.8805313731143395,9426253.18073615,31868105.124187022,3903.2439024390246,9426596.835112683,31869049.306826644,3903.2439024390246,9426842.65478342,31868959.8357835,4878.804878048781,9426499.00040689,31868015.653143875,4878.804878048781
9426891.572136318,31869476.662624877,4391.024390243902,0.6581031272737332,9426596.835112683,31869049.306826644,3903.2439024390246,9426940.489489216,31869993.48946626,3903.2439024390246,9427186.309159953,31869904.018423118,4878.804878048781,9426842.65478342,31868959.8357835,4878.804878048781
9427235.22651285,31870420.8452645,4391.024390243902,0.7857500063486272,9426940.489489216,31869993.48946626,3903.2439024390246,9427284.14386575,31870937.672105882,3903.2439024390246,9427529.963536486,31870848.20106274,4878.804878048781,9427186.309159953,31869904.018423118,4878.804878048781
9427578.880889382,31871365.027904123,4391.024390243902,1.2452650973917374,9427284.14386575,31870937.672105882,3903.2439024390246,9427627.79824228,31871881.854745504,3903.2439024390246,9427873.617913019,31871792.38370236,4878.804878048781,9427529.963536486,31870848.20106274,4878.804878048781
9427922.535265915,31872309.21054374,4391.024390243902,1.7889222424385134,9427627.79824228,31871881.854745504,3903.2439024390246,9427971.452618813,31872826.03738512,3903.2439024390246,9428217.272289552,31872736.566341978,4878.804878048781,9427873.617913019,31871792.38370236,4878.804878048781
9428266.189642446,31873253.39318336,4391.024390243902,1.6723150860963893,9427971.452618813,31872826.03738512,3903.2439024390246,9428315.106995346,31873770.220024742,3903.2439024390246,9428560.926666085,31873680.7489816,4878.804878048781,9428217.272289552,31872736.566341978,4878.804878048781
9428609.84401898,31874197.575822983,4391.024390243902,1.6364532378927354,9428315.106995346,31873770.220024742,3903.2439024390246,9428658.761371879,31874714.402664367,3903.2439024390246,9428904.581042618,31874624.931621216,4878.804878048781,9428560.926666085,31873680.7489816,4878.804878048781
9428953.498395512,31875141.758462604,4391.024390243902,1.2933804371239492,9428658.761371879,31874714.402664367,3903.2439024390246,9429002.415748412,31875658.585303985,3903.2439024390246,9429248.235419149,31875569.114260837,4878.804878048781,9428904.581042618,31874624.931621216,4878.804878048781
9429297.152772047,31876085.94110222,4391.024390243902,1.1201874023014329,9429002.415748412,31875658.585303985,3903.2439024390246,9429346.070124945,31876602.767943606,3903.2439024390246,9429591.889795681,31876513.29690046,4878.804878048781,9429248.235419149,31875569.114260837,4878.804878048781
9429640.807148578,31877030.12374184,4391.024390243902,0.7016400484846542,9429346.070124945,31876602.767943606,3903.2439024390246,9429689.724501476,31877546.950583223,3903.2439024390246,9429935.544172214,31877457.479540076,4878.804878048781,9429591.889795681,31876513.29690046,4878.804878048781
9429984.46152511,31877974.30638146,4391.024390243902,0.5992345123501006,9429689.724501476,31877546.950583223,3903.2439024390246,9430033.378878009,31878491.133222844,3903.2439024390246,9430279.198548747,31878401.662179697,4878.804878048781,9429935.544172214,31877457.479540076,4878.804878048781
9430328.115901643,31878918.48902108,4391.024390243902,0.5828124886852067,9430033.378878009,31878491.133222844,3903.2439024390246,9430377.033254541,31879435.315862466,3903.2439024390246,9430622.85292528,31879345.84481932,4878.804878048781,9430279.198548747,31878401.662179697,4878.804878048781
9430671.770278174,31879862.6716607,4391.024390243902,0.5915869040095448,9430377.033254541,31879435.315862466,3903.2439024390246,9430720.687631074,31880379.498502083,3903.2439024390246,9430966.507301813,31880290.027458936,4878.804878048781,9430622.85292528,31879345.84481932,4878.804878048781
9431015.42465471,31880806.85430032,4391.024390243902,0.6864747204679063,9430720.687631074,31880379.498502083,3903.2439024390246,9431064.342007607,31881323.681141704,3903.2439024390246,9431310.161678344,31881234.210098557,4878.804878048781,9430966.507301813,31880290.027458936,4878.804878048781
9431359.07903124,31881751.03693994,4391.024390243902,0.5925219961386089,9431064.342007607,31881323.681141704,3903.2439024390246,9431407.99638414,31882267.863781326,3903.2439024390246,9431653.816054877,31882178.392738182,4878.804878048781,9431310.161678344,31881234.210098557,4878.804878048781
9431702.733407775,31882695.219579563,4391.024390243902,0.4475318864795455,9431407.99638414,31882267.863781326,3903.2439024390246,9431751.650760673,31883212.046420943,3903.2439024390246,9431997.47043141,31883122.5753778,4878.804878048781,9431653.816054877,31882178.392738182,4878.804878048781
9432046.387784306,31883639.40221918,4391.024390243902,0.4354386705632822,9431751.650760673,31883212.046420943,3903.2439024390246,9432095.305137204,31884156.229060564,3903.2439024390246,9432341.124807943,31884066.75801742,4878.804878048781,9431997.47043141,31883122.5753778,4878.804878048781
9432390.042160839,31884583.584858805,4391.024390243902,0.47096613157236533,9432095.305137204,31884156.229060564,3903.2439024390246,9432438.959513737,31885100.411700185,3903.2439024390246,9432684.779184476,31885010.940657042,4878.804878048781,9432341.124807943,31884066.75801742,4878.804878048781
9432733.696537372,31885527.767498426,4391.024390243902,0.31266842230509956,9432438.959513737,31885100.411700185,3903.2439024390246,9432782.61389027,31886044.594339803,3903.2439024390246,9433028.433561008,31885955.12329666,4878.804878048781,9432684.779184476,31885010.940657042,4878.804878048781
9433077.350913903,31886471.950138044,4391.024390243902,0.3340214780774125,9432782.61389027,31886044.594339803,3903.2439024390246,9433126.268266803,31886988.776979424,3903.2439024390246,9433372.087937541,31886899.30593628,4878.804878048781,9433028.433561008,31885955.12329666,4878.804878048781
9433421.005290437,31887416.13277766,4391.024390243902,0.37472781762148666,9433126.268266803,31886988.776979424,3903.2439024390246,9433469.922643336,31887932.959619045,3903.2439024390246,9433715.742314072,31887843.488575898,4878.804878048781,9433372.087937541,31886899.30593628,4878.804878048781
9433764.659666969,31888360.315417282,4391.024390243902,0.19527680378211404,9433469.922643336,31887932.959619045,3903.2439024390246,9433813.577019867,31888877.142258666,3903.2439024390246,9434059.396690605,31888787.67121552,4878.804878048781,9433715.742314072,31887843.488575898,4878.804878048781
9434108.3140435,31889304.4980569,4391.024390243902,0.22772782954458745,9433813.577019867,31888877.142258666,3903.2439024390246,9434157.2313964,31889821.324898284,3903.2439024390246,9434403.051067138,31889731.853855137,4878.804878048781,9434059.396690605,31888787.67121552,4878.804878048781
9434451.968420034,31890248.68069652,4391.024390243902,0.26512663519671686,9434157.2313964,31889821.324898284,3903.2439024390246,9434500.885772932,31890765.507537905,3903.2439024390246,9434746.705443671,31890676.036494758,4878.804878048781,9434403.051067138,31889731.853855137,4878.804878048781
9434795.622796567,31891192.863336142,4391.024390243902,0.2573863846509149,9434500.885772932,31890765.507537905,3903.2439024390246,9434844.540149465,31891709.690177526,3903.2439024390246,9435090.359820204,31891620.21913438,4878.804878048781,9434746.705443671,31890676.036494758,4878.804878048781
9435139.2771731,31892137.04597576,4391.024390243902,0.15682548658892848,9434844.540149465,31891709.690177526,3903.2439024390246,9435188.194525998,31892653.872817144,3903.2439024390246,9435434.014196735,31892564.401773997,4878.804878048781,9435090.359820204,31891620.21913438,4878.804878048781
9435482.931549631,31893081.22861538,4391.024390243902,0.16110749991926274,9435188.194525998,31892653.872817144,3903.2439024390246,9435531.848902531,31893598.055456765,3903.2439024390246,9435777.668573268,31893508.584413618,4878.804878048781,9435434.014196735,31892564.401773997,4878.804878048781
9435826.585926166,31894025.411255002,4391.024390243902,0.3267553486576682,9435531.848902531,31893598.055456765,3903.2439024390246,9435875.503279064,31894542.238096386,3903.2439024390246,9436121.3229498,31894452.76705324,4878.804878048781,9435777.668573268,31893508.584413618,4878.804878048781
9436170.240302697,31894969.593894623,4391.024390243902,0.46788945948691796,9435875.503279064,31894542.238096386,3903.2439024390246,9436219.157655595,31895486.420736004,3903.2439024390246,9436464.977326334,31895396.94969286,4878.804878048781,9436121.3229498,31894452.76705324,4878.804878048781
9436513.894679228,31895913.77653424,4391.024390243902,0.37391098494800123,9436219.157655595,31895486.420736004,3903.2439024390246,9436562.812032128,31896430.603375625,3903.2439024390246,9436808.631702866,31896341.13233248,4878.804878048781,9436464.977326334,31895396.94969286,4878.804878048781
9436857.549055763,31896857.959173862,4391.024390243902,0.09107371093905935,9436562.812032128,31896430.603375625,3903.2439024390246,9436906.46640866,31897374.786015246,3903.2439024390246,9437152.2860794,31897285.314972103,4878.804878048781,9436808.631702866,31896341.13233248,4878.804878048781
9437201.203432295,31897802.141813483,4391.024390243902,0.052967582743001174,9436906.46640866,31897374.786015246,3903.2439024390246,9437250.120785194,31898318.968654864,3903.2439024390246,9437495.940455932,31898229.49761172,4878.804878048781,9437152.2860794,31897285.314972103,4878.804878048781
9437544.857808828,31898746.324453104,4391.024390243902,0.11572733764550107,9437250.120785194,31898318.968654864,3903.2439024390246,9437593.775161726,31899263.151294485,3903.2439024390246,9437839.594832463,31899173.68025134,4878.804878048781,9437495.940455932,31898229.49761172,4878.804878048781
9437888.51218536,31899690.507092725,4391.024390243902,0.1642714843270299,9437593.775161726,31899263.151294485,3903.2439024390246,9437937.42953826,31900207.333934106,3903.2439024390246,9438183.249208996,31900117.862890963,4878.804878048781,9437839.594832463,31899173.68025134,4878.804878048781
9438232.166561894,31900634.689732343,4391.024390243902,0.1340171788469149,9437937.42953826,31900207.333934106,3903.2439024390246,9438281.083914792,31901151.516573727,3903.2439024390246,9438526.903585529,31901062.04553058,4878.804878048781,9438183.249208996,31900117.862890963,4878.804878048781
9438575.820938425,31901578.872371964,4391.024390243902,0.17375574414783854,9438281.083914792,31901151.516573727,3903.2439024390246,9438624.738291323,31902095.69921335,3903.2439024390246,9438870.557962062,31902006.2281702,4878.804878048781,9438526.903585529,31901062.04553058,4878.804878048781
9438919.475314956,31902523.055011585,4391.024390243902,0.27629245117989915,9438624.738291323,31902095.69921335,3903.2439024390246,9438968.392667856,31903039.88185297,3903.2439024390246,9439214.212338595,31902950.41080982,4878.804878048781,9438870.557962062,31902006.2281702,4878.804878048781
9439263.12969149,31903467.237651203,4391.024390243902,0.2696501306589822,9438968.392667856,31903039.88185297,3903.2439024390246,9439312.047044389,31903984.064492587,3903.2439024390246,9439557.866715128,31903894.59344944,4878.804878048781,9439214.212338595,31902950.41080982,4878.804878048781
9413734.871122288,31832564.06863655,5366.585365853659,3.6669558171963765,9413440.13409865,31832136.712838314,4878.804878048781,9413783.788475184,31833080.895477936,4878.804878048781,9414029.608145922,31832991.42443479,5854.365853658537,9413685.95376939,31832047.241795167,5854.365853658537
9414078.525498819,31833508.251276173,5366.585365853659,3.3993060570988547,9413783.788475184,31833080.895477936,4878.804878048781,9414127.442851715,31834025.078117553,4878.804878048781,9414373.262522455,31833935.607074406,5854.365853658537,9414029.608145922,31832991.42443479,5854.365853658537
9414422.17987535,31834452.43391579,5366.585365853659,3.67098522702672,9414127.442851715,31834025.078117553,4878.804878048781,9414471.097228248,31834969.260757174,4878.804878048781,9414716.916898988,31834879.789714027,5854.365853658537,9414373.262522455,31833935.607074406,5854.365853658537
9414765.834251884,31835396.61655541,5366.585365853659,4.4960697904722,9414471.097228248,31834969.260757174,4878.804878048781,9414814.75160478,31835913.443396796,4878.804878048781,9415060.571275521,31835823.97235365,5854.365853658537,9414716.916898988,31834879.789714027,5854.365853658537
9415109.488628417,31836340.79919503,5366.585365853659,5.752107950238389,9414814.75160478,31835913.443396796,4878.804878048781,9415158.405981313,31836857.626036413,4878.804878048781,9415404.225652054,31836768.154993266,5854.365853658537,9415060.571275521,31835823.97235365,5854.365853658537
9415453.14300495,31837284.98183465,5366.585365853659,7.378225009836762,9415158.405981313,31836857.626036413,4878.804878048781,9415502.060357846,31837801.808676034,4878.804878048781,9415747.880028585,31837712.33763289,5854.365853658537,9415404.225652054,31836768.154993266,5854.365853658537
9415796.797381481,31838229.16447427,5366.585365853659,8.104518350875916,9415502.060357846,31837801.808676034,4878.804878048781,9415845.71473438,31838745.991315655,4878.804878048781,9416091.534405118,31838656.520272512,5854.365853658537,9415747.880028585,31837712.33763289,5854.365853658537
9416140.451758016,31839173.34711389,5366.585365853659,8.45218682833768,9415845.71473438,31838745.991315655,4878.804878048781,9416189.369110912,31839690.173955273,4878.804878048781,9416435.18878165,31839600.70291213,5854.365853658537,9416091.534405118,31838656.520272512,5854.365853658537
9416484.106134547,31840117.529753514,5366.585365853659,8.773995955019448,9416189.369110912,31839690.173955273,4878.804878048781,9416533.023487443,31840634.356594894,4878.804878048781,9416778.843158184,31840544.88555175,5854.365853658537,9416435.18878165,31839600.70291213,5854.365853658537
9416827.760511078,31841061.712393135,5366.585365853659,7.889935397570726,9416533.023487443,31840634.356594894,4878.804878048781,9416876.677863976,31841578.539234515,4878.804878048781,9417122.497534717,31841489.06819137,5854.365853658537,9416778.843158184,31840544.88555175,5854.365853658537
9417171.414887613,31842005.895032756,5366.585365853659,6.570878251772692,9416876.677863976,31841578.539234515,4878.804878048781,9417220.332240509,31842522.721874136,4878.804878048781,9417466.15191125,31842433.25083099,5854.365853658537,9417122.497534717,31841489.06819137,5854.365853658537
9417515.069264144,31842950.077672374,5366.585365853659,5.510864185851178,9417220.332240509,31842522.721874136,4878.804878048781,9417563.986617042,31843466.904513758,4878.804878048781,9417809.80628778,31843377.433470607,5854.365853658537,9417466.15191125,31842433.25083099,5854.365853658537
9417858.723640678,31843894.260311995,5366.585365853659,4.650786401713766,9417563.986617042,31843466.904513758,4878.804878048781,9417907.640993573,31844411.087153375,4878.804878048781,9418153.460664313,31844321.616110228,5854.365853658537,9417809.80628778,31843377.433470607,5854.365853658537
9418202.37801721,31844838.442951612,5366.585365853659,3.442060118853152,9417907.640993573,31844411.087153375,4878.804878048781,9418251.295370106,31845355.269792996,4878.804878048781,9418497.115040846,31845265.79874985,5854.365853658537,9418153.460664313,31844321.616110228,5854.365853658537
9418546.032393742,31845782.62559123,5366.585365853659,2.8362365496503084,9418251.295370106,31845355.269792996,4878.804878048781,9418594.949746639,31846299.452432614,4878.804878048781,9418840.769417379,31846209.981389467,5854.365853658537,9418497.115040846,31845265.79874985,5854.365853658537
9418889.686770275,31846726.80823085,5366.585365853659,2.0968389739004576,9418594.949746639,31846299.452432614,4878.804878048781,9418938.604123171,31847243.635072235,4878.804878048781,9419184.423793912,31847154.164029088,5854.365853658537,9418840.769417379,31846209.981389467,5854.365853658537
9419233.341146806,31847670.990870472,5366.585365853659,1.9247699681766832,9418938.604123171,31847243.635072235,4878.804878048781,9419282.258499704,31848187.817711856,4878.804878048781,9419528.078170443,31848098.34666871,5854.365853658537,9419184.423793912,31847154.164029088,5854.365853658537
9419576.995523341,31848615.17351009,5366.585365853659,2.0786587581554175,9419282.258499704,31848187.817711856,4878.804878048781,9419625.912876237,31849132.000351474,4878.804878048781,9419871.732546976,31849042.529308327,5854.365853658537,9419528.078170443,31848098.34666871,5854.365853658537
9419920.649899872,31849559.35614971,5366.585365853659,2.70761392248292,9419625.912876237,31849132.000351474,4878.804878048781,9419969.56725277,31850076.182991095,4878.804878048781,9420215.386923509,31849986.711947948,5854.365853658537,9419871.732546976,31849042.529308327,5854.365853658537
9420264.304276407,31850503.538789332,5366.585365853659,2.1217325590998963,9419969.56725277,31850076.182991095,4878.804878048781,9420313.221629301,31851020.365630716,4878.804878048781,9420559.041300042,31850930.894587573,5854.365853658537,9420215.386923509,31849986.711947948,5854.365853658537
9420607.958652938,31851447.72142895,5366.585365853659,1.9844443335885709,9420313.221629301,31851020.365630716,4878.804878048781,9420656.876005834,31851964.548270334,4878.804878048781,9420902.695676574,31851875.07722719,5854.365853658537,9420559.041300042,31850930.894587573,5854.365853658537
9420951.61302947,31852391.90406857,5366.585365853659,1.7090358604342462,9420656.876005834,31851964.548270334,4878.804878048781,9421000.530382367,31852908.730909955,4878.804878048781,9421246.350053107,31852819.25986681,5854.365853658537,9420902.695676574,31851875.07722719,5854.365853658537
9421295.267406004,31853336.086708196,5366.585365853659,1.8505289813266999,9421000.530382367,31852908.730909955,4878.804878048781,9421344.1847589,31853852.913549576,4878.804878048781,9421590.00442964,31853763.442506433,5854.365853658537,9421246.350053107,31852819.25986681,5854.365853658537
9421638.921782535,31854280.269347817,5366.585365853659,2.4607537969727638,9421344.1847589,31853852.913549576,4878.804878048781,9421687.839135433,31854797.096189193,4878.804878048781,9421933.658806171,31854707.62514605,5854.365853658537,9421590.00442964,31853763.442506433,5854.365853658537
9421982.57615907,31855224.451987434,5366.585365853659,2.5160786974457032,9421687.839135433,31854797.096189193,4878.804878048781,9422031.493511965,31855741.27882882,4878.804878048781,9422277.313182704,31855651.80778567,5854.365853658537,9421933.658806171,31854707.62514605,5854.365853658537
9422326.2305356,31856168.634627055,5366.585365853659,2.6161460770599083,9422031.493511965,31855741.27882882,4878.804878048781,9422375.147888498,31856685.46146844,4878.804878048781,9422620.967559237,31856595.990425292,5854.365853658537,9422277.313182704,31855651.80778567,5854.365853658537
9422669.884912135,31857112.817266673,5366.585365853659,2.5577203274957263,9422375.147888498,31856685.46146844,4878.804878048781,9422718.80226503,31857629.644108057,4878.804878048781,9422964.62193577,31857540.17306491,5854.365853658537,9422620.967559237,31856595.990425292,5854.365853658537
9423013.539288666,31858056.999906294,5366.585365853659,2.552265106330214,9422718.80226503,31857629.644108057,4878.804878048781,9423062.456641562,31858573.82674768,4878.804878048781,9423308.276312303,31858484.35570453,5854.365853658537,9422964.62193577,31857540.17306491,5854.365853658537
9423357.193665199,31859001.18254591,5366.585365853659,1.828269333779523,9423062.456641562,31858573.82674768,4878.804878048781,9423406.111018095,31859518.0093873,4878.804878048781,9423651.930688836,31859428.53834415,5854.365853658537,9423308.276312303,31858484.35570453,5854.365853658537
9423700.848041732,31859945.365185533,5366.585365853659,1.6393771675957542,9423406.111018095,31859518.0093873,4878.804878048781,9423749.765394628,31860462.192026917,4878.804878048781,9423995.585065369,31860372.72098377,5854.365853658537,9423651.930688836,31859428.53834415,5854.365853658537
9424044.502418263,31860889.547825154,5366.585365853659,1.7653313032072724,9423749.765394628,31860462.192026917,4878.804878048781,9424093.41977116,31861406.374666538,4878.804878048781,9424339.2394419,31861316.90362339,5854.365853658537,9423995.585065369,31860372.72098377,5854.365853658537
9424388.156794798,31861833.730464775,5366.585365853659,2.015014545641588,9424093.41977116,31861406.374666538,4878.804878048781,9424437.074147694,31862350.557306156,4878.804878048781,9424682.893818432,31862261.08626301,5854.365853658537,9424339.2394419,31861316.90362339,5854.365853658537
9424731.811171329,31862777.913104393,5366.585365853659,1.9830478230798911,9424437.074147694,31862350.557306156,4878.804878048781,9424780.728524227,31863294.739945777,4878.804878048781,9425026.548194965,31863205.26890263,5854.365853658537,9424682.893818432,31862261.08626301,5854.365853658537
9425075.465547863,31863722.095744014,5366.585365853659,1.9034849255672002,9424780.728524227,31863294.739945777,4878.804878048781,9425124.382900758,31864238.922585398,4878.804878048781,9425370.202571498,31864149.451542255,5854.365853658537,9425026.548194965,31863205.26890263,5854.365853658537
9425419.119924394,31864666.278383635,5366.585365853659,1.9002340432978122,9425124.382900758,31864238.922585398,4878.804878048781,9425468.03727729,31865183.105225015,4878.804878048781,9425713.856948031,31865093.634181872,5854.365853658537,9425370.202571498,31864149.451542255,5854.365853658537
9425762.774300925,31865610.461023252,5366.585365853659,2.7796471238573455,9425468.03727729,31865183.105225015,4878.804878048781,9425811.691653823,31866127.287864637,4878.804878048781,9426057.511324562,31866037.816821493,5854.365853658537,9425713.856948031,31865093.634181872,5854.365853658537
9426106.42867746,31866554.643662874,5366.585365853659,2.7620629230746823,9425811.691653823,31866127.287864637,4878.804878048781,9426155.346030356,31867071.470504254,4878.804878048781,9426401.165701095,31866981.99946111,5854.365853658537,9426057.511324562,31866037.816821493,5854.365853658537
9426450.083053991,31867498.826302495,5366.585365853659,2.2628839509058714,9426155.346030356,31867071.470504254,4878.804878048781,9426499.00040689,31868015.653143875,4878.804878048781,9426744.820077628,31867926.182100732,5854.365853658537,9426401.165701095,31866981.99946111,5854.365853658537
9426793.737430524,31868443.008942116,5366.585365853659,1.9363373211156807,9426499.00040689,31868015.653143875,4878.804878048781,9426842.65478342,31868959.8357835,4878.804878048781,9427088.47445416,31868870.364740353,5854.365853658537,9426744.820077628,31867926.182100732,5854.365853658537
9427137.391807057,31869387.191581734,5366.585365853659,2.118722086332425,9426842.65478342,31868959.8357835,4878.804878048781,9427186.309159953,31869904.018423118,4878.804878048781,9427432.128830694,31869814.54737997,5854.365853658537,9427088.47445416,31868870.364740353,5854.365853658537
9427481.046183588,31870331.374221355,5366.585365853659,1.9657846723401948,9427186.309159953,31869904.018423118,4878.804878048781,9427529.963536486,31870848.20106274,4878.804878048781,9427775.783207227,31870758.73001959,5854.365853658537,9427432.128830694,31869814.54737997,5854.365853658537
9427824.700560123,31871275.556860976,5366.585365853659,1.847069832994585,9427529.963536486,31870848.20106274,4878.804878048781,9427873.617913019,31871792.38370236,4878.804878048781,9428119.43758376,31871702.91265921,5854.365853658537,9427775.783207227,31870758.73001959,5854.365853658537
9428168.354936654,31872219.739500593,5366.585365853659,2.070521804588611,9427873.617913019,31871792.38370236,4878.804878048781,9428217.272289552,31872736.566341978,4878.804878048781,9428463.09196029,31872647.09529883,5854.365853658537,9428119.43758376,31871702.91265921,5854.365853658537
9428512.009313188,31873163.922140215,5366.585365853659,2.0958658880194148,9428217.272289552,31872736.566341978,4878.804878048781,9428560.926666085,31873680.7489816,4878.804878048781,9428806.746336823,31873591.27793845,5854.365853658537,9428463.09196029,31872647.09529883,5854.365853658537
9428855.66368972,31874108.104779836,5366.585365853659,2.3587572770083636,9428560.926666085,31873680.7489816,4878.804878048781,9428904.581042618,31874624.931621216,4878.804878048781,9429150.400713356,31874535.46057807,5854.365853658537,9428806.746336823,31873591.27793845,5854.365853658537
9429199.318066252,31875052.287419453,5366.585365853659,1.734257896195891,9428904.581042618,31874624.931621216,4878.804878048781,9429248.235419149,31875569.114260837,4878.804878048781,9429494.05508989,31875479.64321769,5854.365853658537,9429150.400713356,31874535.46057807,5854.365853658537
9429542.972442785,31875996.470059074,5366.585365853659,0.878643413057212,9429248.235419149,31875569.114260837,4878.804878048781,9429591.889795681,31876513.29690046,4878.804878048781,9429837.709466422,31876423.82585731,5854.365853658537,9429494.05508989,31875479.64321769,5854.365853658537
9429886.626819316,31876940.652698692,5366.585365853659,0.5502637901419274,9429591.889795681,31876513.29690046,4878.804878048781,9429935.544172214,31877457.479540076,4878.804878048781,9430181.363842955,31877368.008496933,5854.365853658537,9429837.709466422,31876423.82585731,5854.365853658537
9430230.281195851,31877884.835338313,5366.585365853659,0.5101966113928826,9429935.544172214,31877457.479540076,4878.804878048781,9430279.198548747,31878401.662179697,4878.804878048781,9430525.018219486,31878312.191136554,5854.365853658537,9430181.363842955,31877368.008496933,5854.365853658537
9430573.935572382,31878829.017977934,5366.585365853659,0.566415770875624,9430279.198548747,31878401.662179697,4878.804878048781,9430622.85292528,31879345.84481932,4878.804878048781,9430868.672596019,31879256.373776175,5854.365853658537,9430525.018219486,31878312.191136554,5854.365853658537
9430917.589948917,31879773.200617556,5366.585365853659,0.5680491705210727,9430622.85292528,31879345.84481932,4878.804878048781,9430966.507301813,31880290.027458936,4878.804878048781,9431212.326972552,31880200.556415793,5854.365853658537,9430868.672596019,31879256.373776175,5854.365853658537
9431261.244325448,31880717.383257177,5366.585365853659,0.6199294534041658,9430966.507301813,31880290.027458936,4878.804878048781,9431310.161678344,31881234.210098557,4878.804878048781,9431555.981349085,31881144.739055414,5854.365853658537,9431212.326972552,31880200.556415793,5854.365853658537
9431604.89870198,31881661.565896798,5366.585365853659,0.6767758406228328,9431310.161678344,31881234.210098557,4878.804878048781,9431653.816054877,31882178.392738182,4878.804878048781,9431899.635725616,31882088.921695035,5854.365853658537,9431555.981349085,31881144.739055414,5854.365853658537
9431948.553078514,31882605.74853642,5366.585365853659,0.6516464941697071,9431653.816054877,31882178.392738182,4878.804878048781,9431997.47043141,31883122.5753778,4878.804878048781,9432243.290102148,31883033.104334652,5854.365853658537,9431899.635725616,31882088.921695035,5854.365853658537
9432292.207455045,31883549.931176037,5366.585365853659,0.9155540459834568,9431997.47043141,31883122.5753778,4878.804878048781,9432341.124807943,31884066.75801742,4878.804878048781,9432586.944478681,31883977.286974274,5854.365853658537,9432243.290102148,31883033.104334652,5854.365853658537
9432635.86183158,31884494.113815658,5366.585365853659,0.7053319802736394,9432341.124807943,31884066.75801742,4878.804878048781,9432684.779184476,31885010.940657042,4878.804878048781,9432930.598855212,31884921.469613895,5854.365853658537,9432586.944478681,31883977.286974274,5854.365853658537
9432979.51620811,31885438.29645528,5366.585365853659,0.4020304162327904,9432684.779184476,31885010.940657042,4878.804878048781,9433028.433561008,31885955.12329666,4878.804878048781,9433274.253231745,31885865.652253512,5854.365853658537,9432930.598855212,31884921.469613895,5854.365853658537
9433323.170584645,31886382.479094896,5366.585365853659,0.2726511511938817,9433028.433561008,31885955.12329666,4878.804878048781,9433372.087937541,31886899.30593628,4878.804878048781,9433617.907608278,31886809.834893133,5854.365853658537,9433274.253231745,31885865.652253512,5854.365853658537
9433666.824961176,31887326.661734514,5366.585365853659,0.2703146668144159,9433372.087937541,31886899.30593628,4878.804878048781,9433715.742314072,31887843.488575898,4878.804878048781,9433961.561984811,31887754.01753275,5854.365853658537,9433617.907608278,31886809.834893133,5854.365853658537
9434010.479337709,31888270.844374135,5366.585365853659,0.2563507347954336,9433715.742314072,31887843.488575898,4878.804878048781,9434059.396690605,31888787.67121552,4878.804878048781,9434305.216361344,31888698.200172372,5854.365853658537,9433961.561984811,31887754.01753275,5854.365853658537
9434354.133714242,31889215.027013753,5366.585365853659,0.272044963089049,9434059.396690605,31888787.67121552,4878.804878048781,9434403.051067138,31889731.853855137,4878.804878048781,9434648.870737875,31889642.38281199,5854.365853658537,9434305.216361344,31888698.200172372,5854.365853658537
9434697.788090773,31890159.209653374,5366.585365853659,0.17254219243067997,9434403.051067138,31889731.853855137,4878.804878048781,9434746.705443671,31890676.036494758,4878.804878048781,9434992.525114408,31890586.565451615,5854.365853658537,9434648.870737875,31889642.38281199,5854.365853658537
9435041.442467308,31891103.392292995,5366.585365853659,0.12108835950514553,9434746.705443671,31890676.036494758,4878.804878048781,9435090.359820204,31891620.21913438,4878.804878048781,9435336.17949094,31891530.748091236,5854.365853658537,9434992.525114408,31890586.565451615,5854.365853658537
9435385.096843839,31892047.574932612,5366.585365853659,0.10802917609781892,9435090.359820204,31891620.21913438,4878.804878048781,9435434.014196735,31892564.401773997,4878.804878048781,9435679.833867474,31892474.930730853,5854.365853658537,9435336.17949094,31891530.748091236,5854.365853658537
9435728.75122037,31892991.757572237,5366.585365853659,0.12210843458684227,9435434.014196735,31892564.401773997,4878.804878048781,9435777.668573268,31893508.584413618,4878.804878048781,9436023.488244006,31893419.113370474,5854.365853658537,9435679.833867474,31892474.930730853,5854.365853658537
9436072.405596904,31893935.94021186,5366.585365853659,0.11886743352980607,9435777.668573268,31893508.584413618,4878.804878048781,9436121.3229498,31894452.76705324,4878.804878048781,9436367.14262054,31894363.296010096,5854.365853658537,9436023.488244006,31893419.113370474,5854.365853658537
9436416.059973437,31894880.12285148,5366.585365853659,0.15170713197252586,9436121.3229498,31894452.76705324,4878.804878048781,9436464.977326334,31895396.94969286,4878.804878048781,9436710.796997072,31895307.478649713,5854.365853658537,9436367.14262054,31894363.296010096,5854.365853658537
9436759.71434997,31895824.305491097,5366.585365853659,0.20690952528148115,9436464.977326334,31895396.94969286,4878.804878048781,9436808.631702866,31896341.13233248,4878.804878048781,9437054.451373603,31896251.661289334,5854.365853658537,9436710.796997072,31895307.478649713,5854.365853658537
9437103.368726501,31896768.48813072,5366.585365853659,0.0757188550292059,9436808.631702866,31896341.13233248,4878.804878048781,9437152.2860794,31897285.314972103,4878.804878048781,9437398.105750136,31897195.843928955,5854.365853658537,9437054.451373603,31896251.661289334,5854.365853658537
9437447.023103036,31897712.670770336,5366.585365853659,0.06291155208655694,9437152.2860794,31897285.314972103,4878.804878048781,9437495.940455932,31898229.49761172,4878.804878048781,9437741.760126669,31898140.026568573,5854.365853658537,9437398.105750136,31897195.843928955,5854.365853658537
9437790.677479567,31898656.853409957,5366.585365853659,0.11192436789016129,9437495.940455932,31898229.49761172,4878.804878048781,9437839.594832463,31899173.68025134,4878.804878048781,9438085.414503202,31899084.209208194,5854.365853658537,9437741.760126669,31898140.026568573,5854.365853658537
9438134.331856098,31899601.036049575,5366.585365853659,0.08940657137061998,9437839.594832463,31899173.68025134,4878.804878048781,9438183.249208996,31900117.862890963,4878.804878048781,9438429.068879735,31900028.39184781,5854.365853658537,9438085.414503202,31899084.209208194,5854.365853658537
9438477.986232633,31900545.218689196,5366.585365853659,0.1219791566018101,9438183.249208996,31900117.862890963,4878.804878048781,9438526.903585529,31901062.04553058,4878.804878048781,9438772.723256268,31900972.574487433,5854.365853658537,9438429.068879735,31900028.39184781,5854.365853658537
9438821.640609166,31901489.401328817,5366.585365853659,0.16047638691072974,9438526.903585529,31901062.04553058,4878.804878048781,9438870.557962062,31902006.2281702,4878.804878048781,9439116.3776328,31901916.757127054,5854.365853658537,9438772.723256268,31900972.574487433,5854.365853658537
9439165.294985699,31902433.58396844,5366.585365853659,0.19087447093150564,9438870.557962062,31902006.2281702,4878.804878048781,9439214.212338595,31902950.41080982,4878.804878048781,9439460.032009332,31902860.93976667,5854.365853658537,9439116.3776328,31901916.757127054,5854.365853658537
9439508.94936223,31903377.766608056,5366.585365853659,0.28755443007485704,9439214.212338595,31902950.41080982,4878.804878048781,9439557.866715128,31903894.59344944,4878.804878048781,9439803.686385864,31903805.122406296,5854.365853658537,9439460.032009332,31902860.93976667,5854.365853658537
9413980.690793024,31832474.597593404,6342.146341463415,3.1570008890839034,9413685.95376939,31832047.241795167,5854.365853658537,9414029.608145922,31832991.42443479,5854.365853658537,9414275.427816661,31832901.953391645,6829.926829268294,9413931.773440128,31831957.77075202,6829.926829268294
9414324.345169557,31833418.780233026,6342.146341463415,3.4486011145720057,9414029.608145922,31832991.42443479,5854.365853658537,9414373.262522455,31833935.607074406,5854.365853658537,9414619.082193194,31833846.136031263,6829.926829268294,9414275.427816661,31832901.953391645,6829.926829268294
9414667.99954609,31834362.962872643,6342.146341463415,4.096352264008999,9414373.262522455,31833935.607074406,5854.365853658537,9414716.916898988,31834879.789714027,5854.365853658537,9414962.736569725,31834790.318670884,6829.926829268294,9414619.082193194,31833846.136031263,6829.926829268294
9415011.653922621,31835307.145512268,6342.146341463415,5.837608606590805,9414716.916898988,31834879.789714027,5854.365853658537,9415060.571275521,31835823.97235365,5854.365853658537,9415306.390946258,31835734.501310505,6829.926829268294,9414962.736569725,31834790.318670884,6829.926829268294
9415355.308299156,31836251.328151885,6342.146341463415,6.195273293986566,9415060.571275521,31835823.97235365,5854.365853658537,9415404.225652054,31836768.154993266,5854.365853658537,9415650.04532279,31836678.683950122,6829.926829268294,9415306.390946258,31835734.501310505,6829.926829268294
9415698.962675687,31837195.510791507,6342.146341463415,6.589514026086308,9415404.225652054,31836768.154993266,5854.365853658537,9415747.880028585,31837712.33763289,5854.365853658537,9415993.699699324,31837622.866589744,6829.926829268294,9415650.04532279,31836678.683950122,6829.926829268294
9416042.617052218,31838139.693431128,6342.146341463415,8.477733958826688,9415747.880028585,31837712.33763289,5854.365853658537,9416091.534405118,31838656.520272512,5854.365853658537,9416337.354075857,31838567.049229365,6829.926829268294,9415993.699699324,31837622.866589744,6829.926829268294
9416386.271428753,31839083.876070745,6342.146341463415,8.67642240107263,9416091.534405118,31838656.520272512,5854.365853658537,9416435.18878165,31839600.70291213,5854.365853658537,9416681.00845239,31839511.231868982,6829.926829268294,9416337.354075857,31838567.049229365,6829.926829268294
9416729.925805286,31840028.058710366,6342.146341463415,7.137869416294019,9416435.18878165,31839600.70291213,5854.365853658537,9416778.843158184,31840544.88555175,5854.365853658537,9417024.662828922,31840455.414508604,6829.926829268294,9416681.00845239,31839511.231868982,6829.926829268294
9417073.580181818,31840972.241349988,6342.146341463415,5.780610497456314,9416778.843158184,31840544.88555175,5854.365853658537,9417122.497534717,31841489.06819137,5854.365853658537,9417368.317205453,31841399.597148225,6829.926829268294,9417024.662828922,31840455.414508604,6829.926829268294
9417417.23455835,31841916.42398961,6342.146341463415,6.25557694105441,9417122.497534717,31841489.06819137,5854.365853658537,9417466.15191125,31842433.25083099,5854.365853658537,9417711.971581986,31842343.779787842,6829.926829268294,9417368.317205453,31841399.597148225,6829.926829268294
9417760.888934882,31842860.606629226,6342.146341463415,6.882195456499219,9417466.15191125,31842433.25083099,5854.365853658537,9417809.80628778,31843377.433470607,5854.365853658537,9418055.625958519,31843287.96242746,6829.926829268294,9417711.971581986,31842343.779787842,6829.926829268294
9418104.543311415,31843804.789268844,6342.146341463415,5.671715813844108,9417809.80628778,31843377.433470607,5854.365853658537,9418153.460664313,31844321.616110228,5854.365853658537,9418399.280335052,31844232.14506708,6829.926829268294,9418055.625958519,31843287.96242746,6829.926829268294
9418448.197687946,31844748.971908465,6342.146341463415,4.519795541586881,9418153.460664313,31844321.616110228,5854.365853658537,9418497.115040846,31845265.79874985,5854.365853658537,9418742.934711585,31845176.327706702,6829.926829268294,9418399.280335052,31844232.14506708,6829.926829268294
9418791.852064481,31845693.154548083,6342.146341463415,3.6543356449426865,9418497.115040846,31845265.79874985,5854.365853658537,9418840.769417379,31846209.981389467,5854.365853658537,9419086.589088116,31846120.510346323,6829.926829268294,9418742.934711585,31845176.327706702,6829.926829268294
9419135.506441012,31846637.337187704,6342.146341463415,2.5982285932229967,9418840.769417379,31846209.981389467,5854.365853658537,9419184.423793912,31847154.164029088,5854.365853658537,9419430.243464649,31847064.692985944,6829.926829268294,9419086.589088116,31846120.510346323,6829.926829268294
9419479.160817547,31847581.519827325,6342.146341463415,2.193453219177702,9419184.423793912,31847154.164029088,5854.365853658537,9419528.078170443,31848098.34666871,5854.365853658537,9419773.897841182,31848008.875625566,6829.926829268294,9419430.243464649,31847064.692985944,6829.926829268294
9419822.815194078,31848525.702466946,6342.146341463415,2.0314067752761584,9419528.078170443,31848098.34666871,5854.365853658537,9419871.732546976,31849042.529308327,5854.365853658537,9420117.552217714,31848953.058265183,6829.926829268294,9419773.897841182,31848008.875625566,6829.926829268294
9420166.46957061,31849469.885106567,6342.146341463415,1.5149898213437731,9419871.732546976,31849042.529308327,5854.365853658537,9420215.386923509,31849986.711947948,5854.365853658537,9420461.206594247,31849897.240904804,6829.926829268294,9420117.552217714,31848953.058265183,6829.926829268294
9420510.123947144,31850414.06774619,6342.146341463415,1.2314599399549933,9420215.386923509,31849986.711947948,5854.365853658537,9420559.041300042,31850930.894587573,5854.365853658537,9420804.86097078,31850841.423544426,6829.926829268294,9420461.206594247,31849897.240904804,6829.926829268294
9420853.778323675,31851358.250385806,6342.146341463415,2.054480183897663,9420559.041300042,31850930.894587573,5854.365853658537,9420902.695676574,31851875.07722719,5854.365853658537,9421148.515347311,31851785.606184043,6829.926829268294,9420804.86097078,31850841.423544426,6829.926829268294
9421197.43270021,31852302.433025427,6342.146341463415,3.3169985927273853,9420902.695676574,31851875.07722719,5854.365853658537,9421246.350053107,31852819.25986681,5854.365853658537,9421492.169723844,31852729.788823664,6829.926829268294,9421148.515347311,31851785.606184043,6829.926829268294
9421541.08707674,31853246.61566505,6342.146341463415,3.762528109515987,9421246.350053107,31852819.25986681,5854.365853658537,9421590.00442964,31853763.442506433,5854.365853658537,9421835.824100377,31853673.971463285,6829.926829268294,9421492.169723844,31852729.788823664,6829.926829268294
9421884.741453275,31854190.79830467,6342.146341463415,4.383341526130878,9421590.00442964,31853763.442506433,5854.365853658537,9421933.658806171,31854707.62514605,5854.365853658537,9422179.47847691,31854618.154102903,6829.926829268294,9421835.824100377,31853673.971463285,6829.926829268294
9422228.395829806,31855134.980944287,6342.146341463415,5.300795237088912,9421933.658806171,31854707.62514605,5854.365853658537,9422277.313182704,31855651.80778567,5854.365853658537,9422523.132853443,31855562.336742524,6829.926829268294,9422179.47847691,31854618.154102903,6829.926829268294
9422572.050206339,31856079.163583905,6342.146341463415,4.746356594141929,9422277.313182704,31855651.80778567,5854.365853658537,9422620.967559237,31856595.990425292,5854.365853658537,9422866.787229976,31856506.51938214,6829.926829268294,9422523.132853443,31855562.336742524,6829.926829268294
9422915.704582872,31857023.346223526,6342.146341463415,3.9504909041606866,9422620.967559237,31856595.990425292,5854.365853658537,9422964.62193577,31857540.17306491,5854.365853658537,9423210.441606509,31857450.702021763,6829.926829268294,9422866.787229976,31856506.51938214,6829.926829268294
9423259.358959403,31857967.528863147,6342.146341463415,4.058550545024719,9422964.62193577,31857540.17306491,5854.365853658537,9423308.276312303,31858484.35570453,5854.365853658537,9423554.09598304,31858394.884661384,6829.926829268294,9423210.441606509,31857450.702021763,6829.926829268294
9423603.013335938,31858911.711502764,6342.146341463415,3.6968959637337666,9423308.276312303,31858484.35570453,5854.365853658537,9423651.930688836,31859428.53834415,5854.365853658537,9423897.750359572,31859339.067301005,6829.926829268294,9423554.09598304,31858394.884661384,6829.926829268294
9423946.667712469,31859855.894142386,6342.146341463415,3.282590208674801,9423651.930688836,31859428.53834415,5854.365853658537,9423995.585065369,31860372.72098377,5854.365853658537,9424241.404736105,31860283.249940626,6829.926829268294,9423897.750359572,31859339.067301005,6829.926829268294
9424290.322089003,31860800.076782007,6342.146341463415,3.419302686962287,9423995.585065369,31860372.72098377,5854.365853658537,9424339.2394419,31861316.90362339,5854.365853658537,9424585.059112638,31861227.432580248,6829.926829268294,9424241.404736105,31860283.249940626,6829.926829268294
9424633.976465534,31861744.25942163,6342.146341463415,2.9947559081767614,9424339.2394419,31861316.90362339,5854.365853658537,9424682.893818432,31862261.08626301,5854.365853658537,9424928.713489171,31862171.615219865,6829.926829268294,9424585.059112638,31861227.432580248,6829.926829268294
9424977.630842067,31862688.44206125,6342.146341463415,3.9406943631157185,9424682.893818432,31862261.08626301,5854.365853658537,9425026.548194965,31863205.26890263,5854.365853658537,9425272.367865704,31863115.797859486,6829.926829268294,9424928.713489171,31862171.615219865,6829.926829268294
9425321.2852186,31863632.62470087,6342.146341463415,4.599386072553196,9425026.548194965,31863205.26890263,5854.365853658537,9425370.202571498,31864149.451542255,5854.365853658537,9425616.022242237,31864059.980499107,6829.926829268294,9425272.367865704,31863115.797859486,6829.926829268294
9425664.939595131,31864576.80734049,6342.146341463415,3.9747065231564234,9425370.202571498,31864149.451542255,5854.365853658537,9425713.856948031,31865093.634181872,5854.365853658537,9425959.676618768,31865004.163138725,6829.926829268294,9425616.022242237,31864059.980499107,6829.926829268294
9426008.593971664,31865520.98998011,6342.146341463415,4.482551514688355,9425713.856948031,31865093.634181872,5854.365853658537,9426057.511324562,31866037.816821493,5854.365853658537,9426303.3309953,31865948.345778346,6829.926829268294,9425959.676618768,31865004.163138725,6829.926829268294
9426352.248348197,31866465.172619727,6342.146341463415,3.9894842688617516,9426057.511324562,31866037.816821493,5854.365853658537,9426401.165701095,31866981.99946111,5854.365853658537,9426646.985371834,31866892.528417964,6829.926829268294,9426303.3309953,31865948.345778346,6829.926829268294
9426695.902724728,31867409.355259348,6342.146341463415,3.295165786071472,9426401.165701095,31866981.99946111,5854.365853658537,9426744.820077628,31867926.182100732,5854.365853658537,9426990.639748367,31867836.711057585,6829.926829268294,9426646.985371834,31866892.528417964,6829.926829268294
9427039.557101263,31868353.53789897,6342.146341463415,2.923104533007804,9426744.820077628,31867926.182100732,5854.365853658537,9427088.47445416,31868870.364740353,5854.365853658537,9427334.2941249,31868780.893697202,6829.926829268294,9426990.639748367,31867836.711057585,6829.926829268294
9427383.211477794,31869297.720538586,6342.146341463415,3.2620156411723134,9427088.47445416,31868870.364740353,5854.365853658537,9427432.128830694,31869814.54737997,5854.365853658537,9427677.94850143,31869725.076336823,6829.926829268294,9427334.2941249,31868780.893697202,6829.926829268294
9427726.865854328,31870241.903178208,6342.146341463415,3.358434396599081,9427432.128830694,31869814.54737997,5854.365853658537,9427775.783207227,31870758.73001959,5854.365853658537,9428021.602877963,31870669.258976445,6829.926829268294,9427677.94850143,31869725.076336823,6829.926829268294
9428070.52023086,31871186.085817825,6342.146341463415,2.361580985846293,9427775.783207227,31870758.73001959,5854.365853658537,9428119.43758376,31871702.91265921,5854.365853658537,9428365.257254496,31871613.441616066,6829.926829268294,9428021.602877963,31870669.258976445,6829.926829268294
9428414.174607392,31872130.268457446,6342.146341463415,1.8448243358292984,9428119.43758376,31871702.91265921,5854.365853658537,9428463.09196029,31872647.09529883,5854.365853658537,9428708.91163103,31872557.624255687,6829.926829268294,9428365.257254496,31871613.441616066,6829.926829268294
9428757.828983925,31873074.451097067,6342.146341463415,1.8528490433935705,9428463.09196029,31872647.09529883,5854.365853658537,9428806.746336823,31873591.27793845,5854.365853658537,9429052.566007562,31873501.80689531,6829.926829268294,9428708.91163103,31872557.624255687,6829.926829268294
9429101.483360456,31874018.63373669,6342.146341463415,1.5708040996651313,9428806.746336823,31873591.27793845,5854.365853658537,9429150.400713356,31874535.46057807,5854.365853658537,9429396.220384095,31874445.989534926,6829.926829268294,9429052.566007562,31873501.80689531,6829.926829268294
9429445.137736991,31874962.81637631,6342.146341463415,1.4686553828451034,9429150.400713356,31874535.46057807,5854.365853658537,9429494.05508989,31875479.64321769,5854.365853658537,9429739.874760628,31875390.172174547,6829.926829268294,9429396.220384095,31874445.989534926,6829.926829268294
9429788.792113522,31875906.99901593,6342.146341463415,1.4682296325925206,9429494.05508989,31875479.64321769,5854.365853658537,9429837.709466422,31876423.82585731,5854.365853658537,9430083.529137159,31876334.354814168,6829.926829268294,9429739.874760628,31875390.172174547,6829.926829268294
9430132.446490057,31876851.18165555,6342.146341463415,1.0716485789010095,9429837.709466422,31876423.82585731,5854.365853658537,9430181.363842955,31877368.008496933,5854.365853658537,9430427.183513692,31877278.537453786,6829.926829268294,9430083.529137159,31876334.354814168,6829.926829268294
9430476.100866588,31877795.36429517,6342.146341463415,0.8024397410588266,9430181.363842955,31877368.008496933,5854.365853658537,9430525.018219486,31878312.191136554,5854.365853658537,9430770.837890225,31878222.720093407,6829.926829268294,9430427.183513692,31877278.537453786,6829.926829268294
9430819.75524312,31878739.54693479,6342.146341463415,0.7444045973016715,9430525.018219486,31878312.191136554,5854.365853658537,9430868.672596019,31879256.373776175,5854.365853658537,9431114.492266757,31879166.902733028,6829.926829268294,9430770.837890225,31878222.720093407,6829.926829268294
9431163.409619654,31879683.72957441,6342.146341463415,1.0688134286950806,9430868.672596019,31879256.373776175,5854.365853658537,9431212.326972552,31880200.556415793,5854.365853658537,9431458.14664329,31880111.085372645,6829.926829268294,9431114.492266757,31879166.902733028,6829.926829268294
9431507.063996185,31880627.91221403,6342.146341463415,1.0475915881975806,9431212.326972552,31880200.556415793,5854.365853658537,9431555.981349085,31881144.739055414,5854.365853658537,9431801.801019823,31881055.268012267,6829.926829268294,9431458.14664329,31880111.085372645,6829.926829268294
9431850.71837272,31881572.09485365,6342.146341463415,1.027972171386415,9431555.981349085,31881144.739055414,5854.365853658537,9431899.635725616,31882088.921695035,5854.365853658537,9432145.455396356,31881999.450651888,6829.926829268294,9431801.801019823,31881055.268012267,6829.926829268294
9432194.37274925,31882516.277493272,6342.146341463415,1.1674244002930743,9431899.635725616,31882088.921695035,5854.365853658537,9432243.290102148,31883033.104334652,5854.365853658537,9432489.109772887,31882943.633291505,6829.926829268294,9432145.455396356,31881999.450651888,6829.926829268294
9432538.027125785,31883460.46013289,6342.146341463415,1.0963887030112274,9432243.290102148,31883033.104334652,5854.365853658537,9432586.944478681,31883977.286974274,5854.365853658537,9432832.76414942,31883887.815931126,6829.926829268294,9432489.109772887,31882943.633291505,6829.926829268294
9432881.681502316,31884404.64277251,6342.146341463415,0.713076445325185,9432586.944478681,31883977.286974274,5854.365853658537,9432930.598855212,31884921.469613895,5854.365853658537,9433176.418525953,31884831.998570744,6829.926829268294,9432832.76414942,31883887.815931126,6829.926829268294
9433225.335878849,31885348.82541213,6342.146341463415,0.4850548973031057,9432930.598855212,31884921.469613895,5854.365853658537,9433274.253231745,31885865.652253512,5854.365853658537,9433520.072902486,31885776.18121037,6829.926829268294,9433176.418525953,31884831.998570744,6829.926829268294
9433568.990255382,31886293.00805175,6342.146341463415,0.3210964360867669,9433274.253231745,31885865.652253512,5854.365853658537,9433617.907608278,31886809.834893133,5854.365853658537,9433863.727279019,31886720.36384999,6829.926829268294,9433520.072902486,31885776.18121037,6829.926829268294
9433912.644631913,31887237.190691367,6342.146341463415,0.3240525778925447,9433617.907608278,31886809.834893133,5854.365853658537,9433961.561984811,31887754.01753275,5854.365853658537,9434207.38165555,31887664.546489608,6829.926829268294,9433863.727279019,31886720.36384999,6829.926829268294
9434256.299008448,31888181.37333099,6342.146341463415,0.171810907192522,9433961.561984811,31887754.01753275,5854.365853658537,9434305.216361344,31888698.200172372,5854.365853658537,9434551.036032083,31888608.72912923,6829.926829268294,9434207.38165555,31887664.546489608,6829.926829268294
9434599.953384979,31889125.55597061,6342.146341463415,0.1563095558379866,9434305.216361344,31888698.200172372,5854.365853658537,9434648.870737875,31889642.38281199,5854.365853658537,9434894.690408615,31889552.911768846,6829.926829268294,9434551.036032083,31888608.72912923,6829.926829268294
9434943.60776151,31890069.73861023,6342.146341463415,0.10407046486453067,9434648.870737875,31889642.38281199,5854.365853658537,9434992.525114408,31890586.565451615,5854.365853658537,9435238.344785148,31890497.094408467,6829.926829268294,9434894.690408615,31889552.911768846,6829.926829268294
9435287.262138044,31891013.92124985,6342.146341463415,0.0654319721244458,9434992.525114408,31890586.565451615,5854.365853658537,9435336.17949094,31891530.748091236,5854.365853658537,9435581.999161681,31891441.27704809,6829.926829268294,9435238.344785148,31890497.094408467,6829.926829268294
9435630.916514577,31891958.10388947,6342.146341463415,0.11766568718124573,9435336.17949094,31891530.748091236,5854.365853658537,9435679.833867474,31892474.930730853,5854.365853658537,9435925.653538214,31892385.459687706,6829.926829268294,9435581.999161681,31891441.27704809,6829.926829268294
9435974.57089111,31892902.28652909,6342.146341463415,0.1631271174285147,9435679.833867474,31892474.930730853,5854.365853658537,9436023.488244006,31893419.113370474,5854.365853658537,9436269.307914745,31893329.642327327,6829.926829268294,9435925.653538214,31892385.459687706,6829.926829268294
9436318.225267641,31893846.46916871,6342.146341463415,0.09627237863759514,9436023.488244006,31893419.113370474,5854.365853658537,9436367.14262054,31894363.296010096,5854.365853658537,9436612.962291278,31894273.82496695,6829.926829268294,9436269.307914745,31893329.642327327,6829.926829268294
9436661.879644176,31894790.651808333,6342.146341463415,0.23538262000525953,9436367.14262054,31894363.296010096,5854.365853658537,9436710.796997072,31895307.478649713,5854.365853658537,9436956.61666781,31895218.007606566,6829.926829268294,9436612.962291278,31894273.82496695,6829.926829268294
9437005.534020707,31895734.83444795,6342.146341463415,0.2276820927121727,9436710.796997072,31895307.478649713,5854.365853658537,9437054.451373603,31896251.661289334,5854.365853658537,9437300.271044344,31896162.190246187,6829.926829268294,9436956.61666781,31895218.007606566,6829.926829268294
9437349.188397238,31896679.017087568,6342.146341463415,0.12581533480891047,9437054.451373603,31896251.661289334,5854.365853658537,9437398.105750136,31897195.843928955,5854.365853658537,9437643.925420877,31897106.372885805,6829.926829268294,9437300.271044344,31896162.190246187,6829.926829268294
9437692.842773773,31897623.19972719,6342.146341463415,0.1298131180924366,9437398.105750136,31897195.843928955,5854.365853658537,9437741.760126669,31898140.026568573,5854.365853658537,9437987.57979741,31898050.555525426,6829.926829268294,9437643.925420877,31897106.372885805,6829.926829268294
9438036.497150306,31898567.38236681,6342.146341463415,0.11083818179307955,9437741.760126669,31898140.026568573,5854.365853658537,9438085.414503202,31899084.209208194,5854.365853658537,9438331.234173942,31898994.73816505,6829.926829268294,9437987.57979741,31898050.555525426,6829.926829268294
9438380.151526839,31899511.565006427,6342.146341463415,0.06421927941230927,9438085.414503202,31899084.209208194,5854.365853658537,9438429.068879735,31900028.39184781,5854.365853658537,9438674.888550473,31899938.92080467,6829.926829268294,9438331.234173942,31898994.73816505,6829.926829268294
9438723.80590337,31900455.74764605,6342.146341463415,0.1327996371848358,9438429.068879735,31900028.39184781,5854.365853658537,9438772.723256268,31900972.574487433,5854.365853658537,9439018.542927006,31900883.10344429,6829.926829268294,9438674.888550473,31899938.92080467,6829.926829268294
9439067.460279904,31901399.930285674,6342.146341463415,0.2727142458016221,9438772.723256268,31900972.574487433,5854.365853658537,9439116.3776328,31901916.757127054,5854.365853658537,9439362.19730354,31901827.28608391,6829.926829268294,9439018.542927006,31900883.10344429,6829.926829268294
9439411.114656435,31902344.112925295,6342.146341463415,0.25688907200741307,9439116.3776328,31901916.757127054,5854.365853658537,9439460.032009332,31902860.93976667,5854.365853658537,9439705.851680072,31902771.468723528,6829.926829268294,9439362.19730354,31901827.28608391,6829.926829268294
9439754.769032966,31903288.295564912,6342.146341463415,0.3338285379479164,9439460.032009332,31902860.93976667,5854.365853658537,9439803.686385864,31903805.122406296,5854.365853658537,9440049.506056605,31903715.65136315,6829.926829268294,9439705.851680072,31902771.468723528,6829.926829268294
9414226.510463763,31832385.12655026,7317.707317073172,1.9571753586254168,9413931.773440128,31831957.77075202,6829.926829268294,9414275.427816661,31832901.953391645,6829.926829268294,9414521.2474874,31832812.482348498,7805.48780487805,9414177.593110867,31831868.299708877,7805.48780487805
9414570.164840298,31833329.309189882,7317.707317073172,2.673728337504449,9414275.427816661,31832901.953391645,6829.926829268294,9414619.082193194,31833846.136031263,6829.926829268294,9414864.90186393,31833756.664988115,7805.48780487805,9414521.2474874,31832812.482348498,7805.48780487805
9414913.819216829,31834273.4918295,7317.707317073172,4.4274549403045524,9414619.082193194,31833846.136031263,6829.926829268294,9414962.736569725,31834790.318670884,6829.926829268294,9415208.556240464,31834700.847627737,7805.48780487805,9414864.90186393,31833756.664988115,7805.48780487805
9415257.47359336,31835217.67446912,7317.707317073172,5.188778916469833,9414962.736569725,31834790.318670884,6829.926829268294,9415306.390946258,31835734.501310505,6829.926829268294,9415552.210616997,31835645.030267358,7805.48780487805,9415208.556240464,31834700.847627737,7805.48780487805
9415601.127969895,31836161.85710874,7317.707317073172,4.980413879178886,9415306.390946258,31835734.501310505,6829.926829268294,9415650.04532279,31836678.683950122,6829.926829268294,9415895.86499353,31836589.212906975,7805.48780487805,9415552.210616997,31835645.030267358,7805.48780487805
9415944.782346427,31837106.03974836,7317.707317073172,4.539250759483973,9415650.04532279,31836678.683950122,6829.926829268294,9415993.699699324,31837622.866589744,6829.926829268294,9416239.519370062,31837533.395546596,7805.48780487805,9415895.86499353,31836589.212906975,7805.48780487805
9416288.43672296,31838050.22238798,7317.707317073172,4.296646301498724,9415993.699699324,31837622.866589744,6829.926829268294,9416337.354075857,31838567.049229365,6829.926829268294,9416583.173746593,31838477.578186218,7805.48780487805,9416239.519370062,31837533.395546596,7805.48780487805
9416632.091099491,31838994.4050276,7317.707317073172,4.788065572532251,9416337.354075857,31838567.049229365,6829.926829268294,9416681.00845239,31839511.231868982,6829.926829268294,9416926.828123126,31839421.760825835,7805.48780487805,9416583.173746593,31838477.578186218,7805.48780487805
9416975.745476026,31839938.58766722,7317.707317073172,5.380013090657049,9416681.00845239,31839511.231868982,6829.926829268294,9417024.662828922,31840455.414508604,6829.926829268294,9417270.482499659,31840365.94346546,7805.48780487805,9416926.828123126,31839421.760825835,7805.48780487805
9417319.399852557,31840882.77030684,7317.707317073172,5.236505642696477,9417024.662828922,31840455.414508604,6829.926829268294,9417368.317205453,31841399.597148225,6829.926829268294,9417614.136876192,31841310.12610508,7805.48780487805,9417270.482499659,31840365.94346546,7805.48780487805
9417663.054229088,31841826.95294646,7317.707317073172,6.0604291312809755,9417368.317205453,31841399.597148225,6829.926829268294,9417711.971581986,31842343.779787842,6829.926829268294,9417957.791252725,31842254.3087447,7805.48780487805,9417614.136876192,31841310.12610508,7805.48780487805
9418006.708605623,31842771.135586083,7317.707317073172,4.904920618512531,9417711.971581986,31842343.779787842,6829.926829268294,9418055.625958519,31843287.96242746,6829.926829268294,9418301.445629256,31843198.491384316,7805.48780487805,9417957.791252725,31842254.3087447,7805.48780487805
9418350.362982154,31843715.3182257,7317.707317073172,3.11905643278627,9418055.625958519,31843287.96242746,6829.926829268294,9418399.280335052,31844232.14506708,6829.926829268294,9418645.100005789,31844142.674023937,7805.48780487805,9418301.445629256,31843198.491384316,7805.48780487805
9418694.017358689,31844659.50086532,7317.707317073172,2.627977825717368,9418399.280335052,31844232.14506708,6829.926829268294,9418742.934711585,31845176.327706702,6829.926829268294,9418988.754382322,31845086.85666356,7805.48780487805,9418645.100005789,31844142.674023937,7805.48780487805
9419037.67173522,31845603.68350494,7317.707317073172,2.7640091965044933,9418742.934711585,31845176.327706702,6829.926829268294,9419086.589088116,31846120.510346323,6829.926829268294,9419332.408758854,31846031.039303176,7805.48780487805,9418988.754382322,31845086.85666356,7805.48780487805
9419381.326111753,31846547.86614456,7317.707317073172,3.340641829393972,9419086.589088116,31846120.510346323,6829.926829268294,9419430.243464649,31847064.692985944,6829.926829268294,9419676.063135387,31846975.221942797,7805.48780487805,9419332.408758854,31846031.039303176,7805.48780487805
9419724.980488285,31847492.04878418,7317.707317073172,3.532492321063798,9419430.243464649,31847064.692985944,6829.926829268294,9419773.897841182,31848008.875625566,6829.926829268294,9420019.71751192,31847919.40458242,7805.48780487805,9419676.063135387,31846975.221942797,7805.48780487805
9420068.634864816,31848436.2314238,7317.707317073172,3.3210509826815904,9419773.897841182,31848008.875625566,6829.926829268294,9420117.552217714,31848953.058265183,6829.926829268294,9420363.371888453,31848863.587222036,7805.48780487805,9420019.71751192,31847919.40458242,7805.48780487805
9420412.289241351,31849380.41406342,7317.707317073172,2.213315739743374,9420117.552217714,31848953.058265183,6829.926829268294,9420461.206594247,31849897.240904804,6829.926829268294,9420707.026264984,31849807.769861657,7805.48780487805,9420363.371888453,31848863.587222036,7805.48780487805
9420755.943617882,31850324.59670304,7317.707317073172,2.2554787371919756,9420461.206594247,31849897.240904804,6829.926829268294,9420804.86097078,31850841.423544426,6829.926829268294,9421050.680641517,31850751.95250128,7805.48780487805,9420707.026264984,31849807.769861657,7805.48780487805
9421099.597994417,31851268.77934266,7317.707317073172,3.014211558901741,9420804.86097078,31850841.423544426,6829.926829268294,9421148.515347311,31851785.606184043,6829.926829268294,9421394.33501805,31851696.135140896,7805.48780487805,9421050.680641517,31850751.95250128,7805.48780487805
9421443.252370948,31852212.96198228,7317.707317073172,3.2503814387944225,9421148.515347311,31851785.606184043,6829.926829268294,9421492.169723844,31852729.788823664,6829.926829268294,9421737.989394583,31852640.317780517,7805.48780487805,9421394.33501805,31851696.135140896,7805.48780487805
9421786.90674748,31853157.1446219,7317.707317073172,5.70464051958936,9421492.169723844,31852729.788823664,6829.926829268294,9421835.824100377,31853673.971463285,6829.926829268294,9422081.643771116,31853584.50042014,7805.48780487805,9421737.989394583,31852640.317780517,7805.48780487805
9422130.561124014,31854101.327261522,7317.707317073172,6.400211693841749,9421835.824100377,31853673.971463285,6829.926829268294,9422179.47847691,31854618.154102903,6829.926829268294,9422425.298147649,31854528.68305976,7805.48780487805,9422081.643771116,31853584.50042014,7805.48780487805
9422474.215500545,31855045.50990114,7317.707317073172,6.37359657164726,9422179.47847691,31854618.154102903,6829.926829268294,9422523.132853443,31855562.336742524,6829.926829268294,9422768.95252418,31855472.86569938,7805.48780487805,9422425.298147649,31854528.68305976,7805.48780487805
9422817.86987708,31855989.69254076,7317.707317073172,7.396136753405779,9422523.132853443,31855562.336742524,6829.926829268294,9422866.787229976,31856506.51938214,6829.926829268294,9423112.606900712,31856417.048338998,7805.48780487805,9422768.95252418,31855472.86569938,7805.48780487805
9423161.52425361,31856933.875180382,7317.707317073172,7.244326481380888,9422866.787229976,31856506.51938214,6829.926829268294,9423210.441606509,31857450.702021763,6829.926829268294,9423456.261277245,31857361.23097862,7805.48780487805,9423112.606900712,31856417.048338998,7805.48780487805
9423505.178630145,31857878.057820003,7317.707317073172,5.904067947175902,9423210.441606509,31857450.702021763,6829.926829268294,9423554.09598304,31858394.884661384,6829.926829268294,9423799.915653778,31858305.41361824,7805.48780487805,9423456.261277245,31857361.23097862,7805.48780487805
9423848.833006676,31858822.24045962,7317.707317073172,5.336439756586027,9423554.09598304,31858394.884661384,6829.926829268294,9423897.750359572,31859339.067301005,6829.926829268294,9424143.570030311,31859249.596257858,7805.48780487805,9423799.915653778,31858305.41361824,7805.48780487805
9424192.48738321,31859766.423099242,7317.707317073172,3.872215779029241,9423897.750359572,31859339.067301005,6829.926829268294,9424241.404736105,31860283.249940626,6829.926829268294,9424487.224406844,31860193.77889748,7805.48780487805,9424143.570030311,31859249.596257858,7805.48780487805
9424536.141759742,31860710.605738863,7317.707317073172,3.1585689923644464,9424241.404736105,31860283.249940626,6829.926829268294,9424585.059112638,31861227.432580248,6829.926829268294,9424830.878783377,31861137.9615371,7805.48780487805,9424487.224406844,31860193.77889748,7805.48780487805
9424879.796136273,31861654.788378485,7317.707317073172,3.0873367640900553,9424585.059112638,31861227.432580248,6829.926829268294,9424928.713489171,31862171.615219865,6829.926829268294,9425174.533159908,31862082.144176718,7805.48780487805,9424830.878783377,31861137.9615371,7805.48780487805
9425223.450512808,31862598.971018102,7317.707317073172,3.308259871665304,9424928.713489171,31862171.615219865,6829.926829268294,9425272.367865704,31863115.797859486,6829.926829268294,9425518.18753644,31863026.32681634,7805.48780487805,9425174.533159908,31862082.144176718,7805.48780487805
9425567.104889339,31863543.153657723,7317.707317073172,3.6114935723781105,9425272.367865704,31863115.797859486,6829.926829268294,9425616.022242237,31864059.980499107,6829.926829268294,9425861.841912974,31863970.50945596,7805.48780487805,9425518.18753644,31863026.32681634,7805.48780487805
9425910.759265874,31864487.336297344,7317.707317073172,3.9521195866024197,9425616.022242237,31864059.980499107,6829.926829268294,9425959.676618768,31865004.163138725,6829.926829268294,9426205.496289507,31864914.692095578,7805.48780487805,9425861.841912974,31863970.50945596,7805.48780487805
9426254.413642405,31865431.51893696,7317.707317073172,4.607603787809723,9425959.676618768,31865004.163138725,6829.926829268294,9426303.3309953,31865948.345778346,6829.926829268294,9426549.15066604,31865858.874735195,7805.48780487805,9426205.496289507,31864914.692095578,7805.48780487805
9426598.068018936,31866375.70157658,7317.707317073172,5.3330672672348545,9426303.3309953,31865948.345778346,6829.926829268294,9426646.985371834,31866892.528417964,6829.926829268294,9426892.80504257,31866803.05737482,7805.48780487805,9426549.15066604,31865858.874735195,7805.48780487805
9426941.72239547,31867319.8842162,7317.707317073172,4.493006656240457,9426646.985371834,31866892.528417964,6829.926829268294,9426990.639748367,31867836.711057585,6829.926829268294,9427236.459419103,31867747.24001444,7805.48780487805,9426892.80504257,31866803.05737482,7805.48780487805
9427285.376772001,31868264.066855818,7317.707317073172,4.459430490177369,9426990.639748367,31867836.711057585,6829.926829268294,9427334.2941249,31868780.893697202,6829.926829268294,9427580.113795636,31868691.42265406,7805.48780487805,9427236.459419103,31867747.24001444,7805.48780487805
9427629.031148534,31869208.249495443,7317.707317073172,3.6342548807876556,9427334.2941249,31868780.893697202,6829.926829268294,9427677.94850143,31869725.076336823,6829.926829268294,9427923.76817217,31869635.60529368,7805.48780487805,9427580.113795636,31868691.42265406,7805.48780487805
9427972.685525067,31870152.432135064,7317.707317073172,2.8480805251264294,9427677.94850143,31869725.076336823,6829.926829268294,9428021.602877963,31870669.258976445,6829.926829268294,9428267.422548702,31870579.7879333,7805.48780487805,9427923.76817217,31869635.60529368,7805.48780487805
9428316.339901598,31871096.61477468,7317.707317073172,3.063029916815002,9428021.602877963,31870669.258976445,6829.926829268294,9428365.257254496,31871613.441616066,6829.926829268294,9428611.076925235,31871523.97057292,7805.48780487805,9428267.422548702,31870579.7879333,7805.48780487805
9428659.994278133,31872040.797414303,7317.707317073172,2.7302237106019205,9428365.257254496,31871613.441616066,6829.926829268294,9428708.91163103,31872557.624255687,6829.926829268294,9428954.731301768,31872468.15321254,7805.48780487805,9428611.076925235,31871523.97057292,7805.48780487805
9429003.648654664,31872984.980053924,7317.707317073172,3.138502956875549,9428708.91163103,31872557.624255687,6829.926829268294,9429052.566007562,31873501.80689531,6829.926829268294,9429298.385678299,31873412.33585216,7805.48780487805,9428954.731301768,31872468.15321254,7805.48780487805
9429347.303031199,31873929.162693545,7317.707317073172,2.703031470105858,9429052.566007562,31873501.80689531,6829.926829268294,9429396.220384095,31874445.989534926,6829.926829268294,9429642.040054832,31874356.51849178,7805.48780487805,9429298.385678299,31873412.33585216,7805.48780487805
9429690.95740773,31874873.345333163,7317.707317073172,2.906925026946314,9429396.220384095,31874445.989534926,6829.926829268294,9429739.874760628,31875390.172174547,6829.926829268294,9429985.694431365,31875300.7011314,7805.48780487805,9429642.040054832,31874356.51849178,7805.48780487805
9430034.611784263,31875817.527972784,7317.707317073172,2.4936504913318185,9429739.874760628,31875390.172174547,6829.926829268294,9430083.529137159,31876334.354814168,6829.926829268294,9430329.348807897,31876244.88377102,7805.48780487805,9429985.694431365,31875300.7011314,7805.48780487805
9430378.266160795,31876761.7106124,7317.707317073172,1.6646706027881915,9430083.529137159,31876334.354814168,6829.926829268294,9430427.183513692,31877278.537453786,6829.926829268294,9430673.00318443,31877189.06641064,7805.48780487805,9430329.348807897,31876244.88377102,7805.48780487805
9430721.920537326,31877705.893252023,7317.707317073172,1.3668930663937813,9430427.183513692,31877278.537453786,6829.926829268294,9430770.837890225,31878222.720093407,6829.926829268294,9431016.657560963,31878133.24905026,7805.48780487805,9430673.00318443,31877189.06641064,7805.48780487805
9431065.574913861,31878650.075891644,7317.707317073172,1.2190825116486577,9430770.837890225,31878222.720093407,6829.926829268294,9431114.492266757,31879166.902733028,6829.926829268294,9431360.311937496,31879077.43168988,7805.48780487805,9431016.657560963,31878133.24905026,7805.48780487805
9431409.229290392,31879594.25853126,7317.707317073172,1.2794461214992074,9431114.492266757,31879166.902733028,6829.926829268294,9431458.14664329,31880111.085372645,6829.926829268294,9431703.966314027,31880021.614329502,7805.48780487805,9431360.311937496,31879077.43168988,7805.48780487805
9431752.883666927,31880538.441170882,7317.707317073172,1.6229199914299552,9431458.14664329,31880111.085372645,6829.926829268294,9431801.801019823,31881055.268012267,6829.926829268294,9432047.62069056,31880965.796969123,7805.48780487805,9431703.966314027,31880021.614329502,7805.48780487805
9432096.538043458,31881482.623810504,7317.707317073172,1.5569243210432633,9431801.801019823,31881055.268012267,6829.926829268294,9432145.455396356,31881999.450651888,6829.926829268294,9432391.275067093,31881909.97960874,7805.48780487805,9432047.62069056,31880965.796969123,7805.48780487805
9432440.19241999,31882426.80645012,7317.707317073172,1.5425360165358541,9432145.455396356,31881999.450651888,6829.926829268294,9432489.109772887,31882943.633291505,6829.926829268294,9432734.929443626,31882854.16224836,7805.48780487805,9432391.275067093,31881909.97960874,7805.48780487805
9432783.846796524,31883370.989089746,7317.707317073172,1.4080299966183358,9432489.109772887,31882943.633291505,6829.926829268294,9432832.76414942,31883887.815931126,6829.926829268294,9433078.583820159,31883798.344887983,7805.48780487805,9432734.929443626,31882854.16224836,7805.48780487805
9433127.501173055,31884315.171729367,7317.707317073172,1.3086616904319803,9432832.76414942,31883887.815931126,6829.926829268294,9433176.418525953,31884831.998570744,6829.926829268294,9433422.238196691,31884742.5275276,7805.48780487805,9433078.583820159,31883798.344887983,7805.48780487805
9433471.15554959,31885259.354368985,7317.707317073172,1.4853580528923076,9433176.418525953,31884831.998570744,6829.926829268294,9433520.072902486,31885776.18121037,6829.926829268294,9433765.892573224,31885686.71016722,7805.48780487805,9433422.238196691,31884742.5275276,7805.48780487805
9433814.80992612,31886203.537008606,7317.707317073172,0.9953373352449308,9433520.072902486,31885776.18121037,6829.926829268294,9433863.727279019,31886720.36384999,6829.926829268294,9434109.546949755,31886630.892806843,7805.48780487805,9433765.892573224,31885686.71016722,7805.48780487805
9434158.464302655,31887147.719648223,7317.707317073172,0.5487510336694987,9433863.727279019,31886720.36384999,6829.926829268294,9434207.38165555,31887664.546489608,6829.926829268294,9434453.201326288,31887575.07544646,7805.48780487805,9434109.546949755,31886630.892806843,7805.48780487805
9434502.118679186,31888091.902287845,7317.707317073172,0.3523852370418935,9434207.38165555,31887664.546489608,6829.926829268294,9434551.036032083,31888608.72912923,6829.926829268294,9434796.855702821,31888519.25808608,7805.48780487805,9434453.201326288,31887575.07544646,7805.48780487805
9434845.77305572,31889036.084927462,7317.707317073172,0.39255880042481156,9434551.036032083,31888608.72912923,6829.926829268294,9434894.690408615,31889552.911768846,6829.926829268294,9435140.510079354,31889463.4407257,7805.48780487805,9434796.855702821,31888519.25808608,7805.48780487805
9435189.427432252,31889980.267567083,7317.707317073172,0.2542577965517688,9434894.690408615,31889552.911768846,6829.926829268294,9435238.344785148,31890497.094408467,6829.926829268294,9435484.164455885,31890407.62336532,7805.48780487805,9435140.510079354,31889463.4407257,7805.48780487805
9435533.081808783,31890924.450206704,7317.707317073172,0.22494402574118136,9435238.344785148,31890497.094408467,6829.926829268294,9435581.999161681,31891441.27704809,6829.926829268294,9435827.818832418,31891351.80600494,7805.48780487805,9435484.164455885,31890407.62336532,7805.48780487805
9435876.736185318,31891868.632846322,7317.707317073172,0.259586756095727,9435581.999161681,31891441.27704809,6829.926829268294,9435925.653538214,31892385.459687706,6829.926829268294,9436171.47320895,31892295.98864456,7805.48780487805,9435827.818832418,31891351.80600494,7805.48780487805
9436220.390561849,31892812.815485943,7317.707317073172,0.27789743970589115,9435925.653538214,31892385.459687706,6829.926829268294,9436269.307914745,31893329.642327327,6829.926829268294,9436515.127585484,31893240.171284184,7805.48780487805,9436171.47320895,31892295.98864456,7805.48780487805
9436564.04493838,31893756.998125564,7317.707317073172,0.29886532355791934,9436269.307914745,31893329.642327327,6829.926829268294,9436612.962291278,31894273.82496695,6829.926829268294,9436858.781962017,31894184.3539238,7805.48780487805,9436515.127585484,31893240.171284184,7805.48780487805
9436907.699314915,31894701.180765186,7317.707317073172,0.23511565003732987,9436612.962291278,31894273.82496695,6829.926829268294,9436956.61666781,31895218.007606566,6829.926829268294,9437202.43633855,31895128.536563423,7805.48780487805,9436858.781962017,31894184.3539238,7805.48780487805
9437251.353691448,31895645.363404803,7317.707317073172,0.18382754116778885,9436956.61666781,31895218.007606566,6829.926829268294,9437300.271044344,31896162.190246187,6829.926829268294,9437546.090715082,31896072.719203044,7805.48780487805,9437202.43633855,31895128.536563423,7805.48780487805
9437595.00806798,31896589.546044424,7317.707317073172,0.2056719369458993,9437300.271044344,31896162.190246187,6829.926829268294,9437643.925420877,31897106.372885805,6829.926829268294,9437889.745091613,31897016.90184266,7805.48780487805,9437546.090715082,31896072.719203044,7805.48780487805
9437938.662444511,31897533.728684045,7317.707317073172,0.18407455675578524,9437643.925420877,31897106.372885805,6829.926829268294,9437987.57979741,31898050.555525426,6829.926829268294,9438233.399468146,31897961.084482282,7805.48780487805,9437889.745091613,31897016.90184266,7805.48780487805
9438282.316821046,31898477.911323667,7317.707317073172,0.22428394259015985,9437987.57979741,31898050.555525426,6829.926829268294,9438331.234173942,31898994.73816505,6829.926829268294,9438577.05384468,31898905.267121904,7805.48780487805,9438233.399468146,31897961.084482282,7805.48780487805
9438625.971197577,31899422.093963284,7317.707317073172,0.28006797124164473,9438331.234173942,31898994.73816505,6829.926829268294,9438674.888550473,31899938.92080467,6829.926829268294,9438920.708221212,31899849.44976152,7805.48780487805,9438577.05384468,31898905.267121904,7805.48780487805
9438969.625574108,31900366.276602905,7317.707317073172,0.27198877880826655,9438674.888550473,31899938.92080467,6829.926829268294,9439018.542927006,31900883.10344429,6829.926829268294,9439264.362597745,31900793.632401142,7805.48780487805,9438920.708221212,31899849.44976152,7805.48780487805
9439313.279950641,31901310.459242526,7317.707317073172,0.1569487932904084,9439018.542927006,31900883.10344429,6829.926829268294,9439362.19730354,31901827.28608391,6829.926829268294,9439608.016974278,31901737.815040763,7805.48780487805,9439264.362597745,31900793.632401142,7805.48780487805
9439656.934327174,31902254.641882148,7317.707317073172,0.241209006452334,9439362.19730354,31901827.28608391,6829.926829268294,9439705.851680072,31902771.468723528,6829.926829268294,9439951.67135081,31902681.99768038,7805.48780487805,9439608.016974278,31901737.815040763,7805.48780487805
9440000.588703707,31903198.824521765,7317.707317073172,0.19618716411542567,9439705.851680072,31902771.468723528,6829.926829268294,9440049.506056605,31903715.65136315,6829.926829268294,9440295.325727342,31903626.180320002,7805.48780487805,9439951.67135081,31902681.99768038,7805.48780487805
9414472.330134504,31832295.655507114,8293.268292682927,1.751680565223835,9414177.593110867,31831868.299708877,7805.48780487805,9414521.2474874,31832812.482348498,7805.48780487805,9414767.067158142,31832723.011305347,8781.048780487805,9414423.41278161,31831778.82866573,8781.048780487805
9414815.984511036,31833239.838146735,8293.268292682927,1.6289098308665668,9414521.2474874,31832812.482348498,7805.48780487805,9414864.90186393,31833756.664988115,7805.48780487805,9415110.721534675,31833667.19394497,8781.048780487805,9414767.067158142,31832723.011305347,8781.048780487805
9415159.63888757,31834184.020786352,8293.268292682927,1.7819053479413085,9414864.90186393,31833756.664988115,7805.48780487805,9415208.556240464,31834700.847627737,7805.48780487805,9415454.375911206,31834611.37658459,8781.048780487805,9415110.721534675,31833667.19394497,8781.048780487805
9415503.293264102,31835128.20342597,8293.268292682927,2.432149457691225,9415208.556240464,31834700.847627737,7805.48780487805,9415552.210616997,31835645.030267358,7805.48780487805,9415798.030287739,31835555.55922421,8781.048780487805,9415454.375911206,31834611.37658459,8781.048780487805
9415846.947640633,31836072.38606559,8293.268292682927,3.937128276515667,9415552.210616997,31835645.030267358,7805.48780487805,9415895.86499353,31836589.212906975,7805.48780487805,9416141.684664272,31836499.741863832,8781.048780487805,9415798.030287739,31835555.55922421,8781.048780487805
9416190.602017166,31837016.568705212,8293.268292682927,5.514588695082076,9415895.86499353,31836589.212906975,7805.48780487805,9416239.519370062,31837533.395546596,7805.48780487805,9416485.339040805,31837443.924503453,8781.048780487805,9416141.684664272,31836499.741863832,8781.048780487805
9416534.256393699,31837960.751344834,8293.268292682927,5.266497512865299,9416239.519370062,31837533.395546596,7805.48780487805,9416583.173746593,31838477.578186218,7805.48780487805,9416828.993417338,31838388.10714307,8781.048780487805,9416485.339040805,31837443.924503453,8781.048780487805
9416877.910770232,31838904.933984455,8293.268292682927,4.831068140552302,9416583.173746593,31838477.578186218,7805.48780487805,9416926.828123126,31839421.760825835,7805.48780487805,9417172.64779387,31839332.28978269,8781.048780487805,9416828.993417338,31838388.10714307,8781.048780487805
9417221.565146765,31839849.116624076,8293.268292682927,4.980425164447203,9416926.828123126,31839421.760825835,7805.48780487805,9417270.482499659,31840365.94346546,7805.48780487805,9417516.302170403,31840276.47242231,8781.048780487805,9417172.64779387,31839332.28978269,8781.048780487805
9417565.219523298,31840793.299263693,8293.268292682927,4.826390944500653,9417270.482499659,31840365.94346546,7805.48780487805,9417614.136876192,31841310.12610508,7805.48780487805,9417859.956546934,31841220.65506193,8781.048780487805,9417516.302170403,31840276.47242231,8781.048780487805
9417908.87389983,31841737.481903315,8293.268292682927,4.08899673266399,9417614.136876192,31841310.12610508,7805.48780487805,9417957.791252725,31842254.3087447,7805.48780487805,9418203.610923467,31842164.83770155,8781.048780487805,9417859.956546934,31841220.65506193,8781.048780487805
9418252.528276362,31842681.664542936,8293.268292682927,4.31832446370571,9417957.791252725,31842254.3087447,7805.48780487805,9418301.445629256,31843198.491384316,7805.48780487805,9418547.2653,31843109.02034117,8781.048780487805,9418203.610923467,31842164.83770155,8781.048780487805
9418596.182652894,31843625.847182553,8293.268292682927,3.2106392267061525,9418301.445629256,31843198.491384316,7805.48780487805,9418645.100005789,31844142.674023937,7805.48780487805,9418890.919676533,31844053.20298079,8781.048780487805,9418547.2653,31843109.02034117,8781.048780487805
9418939.837029427,31844570.02982217,8293.268292682927,2.4116743728499355,9418645.100005789,31844142.674023937,7805.48780487805,9418988.754382322,31845086.85666356,7805.48780487805,9419234.574053066,31844997.385620408,8781.048780487805,9418890.919676533,31844053.20298079,8781.048780487805
9419283.49140596,31845514.212461792,8293.268292682927,2.252227665966179,9418988.754382322,31845086.85666356,7805.48780487805,9419332.408758854,31846031.039303176,7805.48780487805,9419578.228429597,31845941.56826003,8781.048780487805,9419234.574053066,31844997.385620408,8781.048780487805
9419627.145782491,31846458.395101413,8293.268292682927,2.17707485869637,9419332.408758854,31846031.039303176,7805.48780487805,9419676.063135387,31846975.221942797,7805.48780487805,9419921.88280613,31846885.75089965,8781.048780487805,9419578.228429597,31845941.56826003,8781.048780487805
9419970.800159024,31847402.577741034,8293.268292682927,2.1290434092001487,9419676.063135387,31846975.221942797,7805.48780487805,9420019.71751192,31847919.40458242,7805.48780487805,9420265.537182663,31847829.933539268,8781.048780487805,9419921.88280613,31846885.75089965,8781.048780487805
9420314.454535559,31848346.76038065,8293.268292682927,2.3527082638912673,9420019.71751192,31847919.40458242,7805.48780487805,9420363.371888453,31848863.587222036,7805.48780487805,9420609.191559196,31848774.116178893,8781.048780487805,9420265.537182663,31847829.933539268,8781.048780487805
9420658.10891209,31849290.943020273,8293.268292682927,2.5039850441515954,9420363.371888453,31848863.587222036,7805.48780487805,9420707.026264984,31849807.769861657,7805.48780487805,9420952.845935728,31849718.29881851,8781.048780487805,9420609.191559196,31848774.116178893,8781.048780487805
9421001.763288623,31850235.12565989,8293.268292682927,2.0811225169339473,9420707.026264984,31849807.769861657,7805.48780487805,9421050.680641517,31850751.95250128,7805.48780487805,9421296.500312261,31850662.48145813,8781.048780487805,9420952.845935728,31849718.29881851,8781.048780487805
9421345.417665156,31851179.308299515,8293.268292682927,2.7629767217437133,9421050.680641517,31850751.95250128,7805.48780487805,9421394.33501805,31851696.135140896,7805.48780487805,9421640.154688794,31851606.664097752,8781.048780487805,9421296.500312261,31850662.48145813,8781.048780487805
9421689.072041688,31852123.490939137,8293.268292682927,4.209601865022497,9421394.33501805,31851696.135140896,7805.48780487805,9421737.989394583,31852640.317780517,7805.48780487805,9421983.809065325,31852550.84673737,8781.048780487805,9421640.154688794,31851606.664097752,8781.048780487805
9422032.72641822,31853067.673578758,8293.268292682927,6.71537142069218,9421737.989394583,31852640.317780517,7805.48780487805,9422081.643771116,31853584.50042014,7805.48780487805,9422327.463441858,31853495.02937699,8781.048780487805,9421983.809065325,31852550.84673737,8781.048780487805
9422376.380794752,31854011.856218375,8293.268292682927,7.1932644831075105,9422081.643771116,31853584.50042014,7805.48780487805,9422425.298147649,31854528.68305976,7805.48780487805,9422671.117818391,31854439.212016612,8781.048780487805,9422327.463441858,31853495.02937699,8781.048780487805
9422720.035171285,31854956.038857993,8293.268292682927,7.213786574526505,9422425.298147649,31854528.68305976,7805.48780487805,9422768.95252418,31855472.86569938,7805.48780487805,9423014.772194924,31855383.39465623,8781.048780487805,9422671.117818391,31854439.212016612,8781.048780487805
9423063.689547818,31855900.221497614,8293.268292682927,7.438965305587052,9422768.95252418,31855472.86569938,7805.48780487805,9423112.606900712,31856417.048338998,7805.48780487805,9423358.426571457,31856327.57729585,8781.048780487805,9423014.772194924,31855383.39465623,8781.048780487805
9423407.343924351,31856844.404137235,8293.268292682927,5.2277421569301525,9423112.606900712,31856417.048338998,7805.48780487805,9423456.261277245,31857361.23097862,7805.48780487805,9423702.08094799,31857271.759935472,8781.048780487805,9423358.426571457,31856327.57729585,8781.048780487805
9423750.998300884,31857788.586776853,8293.268292682927,4.191950503995728,9423456.261277245,31857361.23097862,7805.48780487805,9423799.915653778,31858305.41361824,7805.48780487805,9424045.735324522,31858215.94257509,8781.048780487805,9423702.08094799,31857271.759935472,8781.048780487805
9424094.652677417,31858732.769416474,8293.268292682927,3.9691665272297585,9423799.915653778,31858305.41361824,7805.48780487805,9424143.570030311,31859249.596257858,7805.48780487805,9424389.389701054,31859160.12521471,8781.048780487805,9424045.735324522,31858215.94257509,8781.048780487805
9424438.307053948,31859676.952056095,8293.268292682927,4.251563611496572,9424143.570030311,31859249.596257858,7805.48780487805,9424487.224406844,31860193.77889748,7805.48780487805,9424733.044077586,31860104.307854332,8781.048780487805,9424389.389701054,31859160.12521471,8781.048780487805
9424781.96143048,31860621.134695716,8293.268292682927,3.4493889305635412,9424487.224406844,31860193.77889748,7805.48780487805,9424830.878783377,31861137.9615371,7805.48780487805,9425076.69845412,31861048.49049395,8781.048780487805,9424733.044077586,31860104.307854332,8781.048780487805
9425125.615807014,31861565.317335334,8293.268292682927,3.521896869946914,9424830.878783377,31861137.9615371,7805.48780487805,9425174.533159908,31862082.144176718,7805.48780487805,9425420.352830652,31861992.673133574,8781.048780487805,9425076.69845412,31861048.49049395,8781.048780487805
9425469.270183546,31862509.499974955,8293.268292682927,3.2561135688775833,9425174.533159908,31862082.144176718,7805.48780487805,9425518.18753644,31863026.32681634,7805.48780487805,9425764.007207185,31862936.855773196,8781.048780487805,9425420.352830652,31861992.673133574,8781.048780487805
9425812.92456008,31863453.682614576,8293.268292682927,3.3560309962050754,9425518.18753644,31863026.32681634,7805.48780487805,9425861.841912974,31863970.50945596,7805.48780487805,9426107.661583718,31863881.038412813,8781.048780487805,9425764.007207185,31862936.855773196,8781.048780487805
9426156.578936612,31864397.8652542,8293.268292682927,3.9724198574817455,9425861.841912974,31863970.50945596,7805.48780487805,9426205.496289507,31864914.692095578,7805.48780487805,9426451.315960249,31864825.22105243,8781.048780487805,9426107.661583718,31863881.038412813,8781.048780487805
9426500.233313143,31865342.047893815,8293.268292682927,4.959926023459197,9426205.496289507,31864914.692095578,7805.48780487805,9426549.15066604,31865858.874735195,7805.48780487805,9426794.970336782,31865769.40369205,8781.048780487805,9426451.315960249,31864825.22105243,8781.048780487805
9426843.887689676,31866286.230533436,8293.268292682927,5.710608896668354,9426549.15066604,31865858.874735195,7805.48780487805,9426892.80504257,31866803.05737482,7805.48780487805,9427138.624713315,31866713.586331673,8781.048780487805,9426794.970336782,31865769.40369205,8781.048780487805
9427187.542066209,31867230.413173057,8293.268292682927,6.337988934940016,9426892.80504257,31866803.05737482,7805.48780487805,9427236.459419103,31867747.24001444,7805.48780487805,9427482.279089848,31867657.76897129,8781.048780487805,9427138.624713315,31866713.586331673,8781.048780487805
9427531.196442742,31868174.595812675,8293.268292682927,6.408831977988956,9427236.459419103,31867747.24001444,7805.48780487805,9427580.113795636,31868691.42265406,7805.48780487805,9427825.93346638,31868601.95161091,8781.048780487805,9427482.279089848,31867657.76897129,8781.048780487805
9427874.850819275,31869118.778452296,8293.268292682927,5.37356519424461,9427580.113795636,31868691.42265406,7805.48780487805,9427923.76817217,31869635.60529368,7805.48780487805,9428169.587842911,31869546.134250533,8781.048780487805,9427825.93346638,31868601.95161091,8781.048780487805
9428218.505195806,31870062.961091917,8293.268292682927,5.435152998366329,9427923.76817217,31869635.60529368,7805.48780487805,9428267.422548702,31870579.7879333,7805.48780487805,9428513.242219444,31870490.31689015,8781.048780487805,9428169.587842911,31869546.134250533,8781.048780487805
9428562.15957234,31871007.143731534,8293.268292682927,3.921267423992965,9428267.422548702,31870579.7879333,7805.48780487805,9428611.076925235,31871523.97057292,7805.48780487805,9428856.896595977,31871434.49952977,8781.048780487805,9428513.242219444,31870490.31689015,8781.048780487805
9428905.813948872,31871951.326371156,8293.268292682927,2.9950858362345243,9428611.076925235,31871523.97057292,7805.48780487805,9428954.731301768,31872468.15321254,7805.48780487805,9429200.55097251,31872378.682169393,8781.048780487805,9428856.896595977,31871434.49952977,8781.048780487805
9429249.468325404,31872895.509010777,8293.268292682927,2.6569665135275904,9428954.731301768,31872468.15321254,7805.48780487805,9429298.385678299,31873412.33585216,7805.48780487805,9429544.205349043,31873322.86480901,8781.048780487805,9429200.55097251,31872378.682169393,8781.048780487805
9429593.122701937,31873839.691650398,8293.268292682927,2.342376538539324,9429298.385678299,31873412.33585216,7805.48780487805,9429642.040054832,31874356.51849178,7805.48780487805,9429887.859725576,31874267.04744863,8781.048780487805,9429544.205349043,31873322.86480901,8781.048780487805
9429936.77707847,31874783.874290016,8293.268292682927,2.149901462850117,9429642.040054832,31874356.51849178,7805.48780487805,9429985.694431365,31875300.7011314,7805.48780487805,9430231.514102109,31875211.230088256,8781.048780487805,9429887.859725576,31874267.04744863,8781.048780487805
9430280.431455003,31875728.056929633,8293.268292682927,1.5719667306798037,9429985.694431365,31875300.7011314,7805.48780487805,9430329.348807897,31876244.88377102,7805.48780487805,9430575.16847864,31876155.412727874,8781.048780487805,9430231.514102109,31875211.230088256,8781.048780487805
9430624.085831534,31876672.239569254,8293.268292682927,1.4200810078231425,9430329.348807897,31876244.88377102,7805.48780487805,9430673.00318443,31877189.06641064,7805.48780487805,9430918.822855173,31877099.595367495,8781.048780487805,9430575.16847864,31876155.412727874,8781.048780487805
9430967.740208069,31877616.422208875,8293.268292682927,0.69787668875907,9430673.00318443,31877189.06641064,7805.48780487805,9431016.657560963,31878133.24905026,7805.48780487805,9431262.477231706,31878043.778007112,8781.048780487805,9430918.822855173,31877099.595367495,8781.048780487805
9431311.3945846,31878560.604848497,8293.268292682927,0.51076580002072,9431016.657560963,31878133.24905026,7805.48780487805,9431360.311937496,31879077.43168988,7805.48780487805,9431606.131608238,31878987.960646734,8781.048780487805,9431262.477231706,31878043.778007112,8781.048780487805
9431655.048961133,31879504.787488118,8293.268292682927,0.5708282204614402,9431360.311937496,31879077.43168988,7805.48780487805,9431703.966314027,31880021.614329502,7805.48780487805,9431949.785984771,31879932.143286355,8781.048780487805,9431606.131608238,31878987.960646734,8781.048780487805
9431998.703337666,31880448.97012774,8293.268292682927,0.6224296331208788,9431703.966314027,31880021.614329502,7805.48780487805,9432047.62069056,31880965.796969123,7805.48780487805,9432293.440361304,31880876.325925972,8781.048780487805,9431949.785984771,31879932.143286355,8781.048780487805
9432342.357714199,31881393.152767356,8293.268292682927,0.8440114441214065,9432047.62069056,31880965.796969123,7805.48780487805,9432391.275067093,31881909.97960874,7805.48780487805,9432637.094737837,31881820.508565594,8781.048780487805,9432293.440361304,31880876.325925972,8781.048780487805
9432686.012090731,31882337.335406978,8293.268292682927,1.1420099674699042,9432391.275067093,31881909.97960874,7805.48780487805,9432734.929443626,31882854.16224836,7805.48780487805,9432980.749114368,31882764.691205215,8781.048780487805,9432637.094737837,31881820.508565594,8781.048780487805
9433029.666467262,31883281.5180466,8293.268292682927,1.2421517163524216,9432734.929443626,31882854.16224836,7805.48780487805,9433078.583820159,31883798.344887983,7805.48780487805,9433324.403490901,31883708.873844832,8781.048780487805,9432980.749114368,31882764.691205215,8781.048780487805
9433373.320843797,31884225.70068622,8293.268292682927,1.2219390151109786,9433078.583820159,31883798.344887983,7805.48780487805,9433422.238196691,31884742.5275276,7805.48780487805,9433668.057867434,31884653.056484453,8781.048780487805,9433324.403490901,31883708.873844832,8781.048780487805
9433716.975220328,31885169.883325838,8293.268292682927,0.8319987708861749,9433422.238196691,31884742.5275276,7805.48780487805,9433765.892573224,31885686.71016722,7805.48780487805,9434011.712243967,31885597.239124075,8781.048780487805,9433668.057867434,31884653.056484453,8781.048780487805
9434060.629596861,31886114.065965455,8293.268292682927,0.5997823162387541,9433765.892573224,31885686.71016722,7805.48780487805,9434109.546949755,31886630.892806843,7805.48780487805,9434355.3666205,31886541.421763692,8781.048780487805,9434011.712243967,31885597.239124075,8781.048780487805
9434404.283973394,31887058.248605076,8293.268292682927,0.8000257313202951,9434109.546949755,31886630.892806843,7805.48780487805,9434453.201326288,31887575.07544646,7805.48780487805,9434699.02099703,31887485.604403313,8781.048780487805,9434355.3666205,31886541.421763692,8781.048780487805
9434747.938349925,31888002.431244697,8293.268292682927,1.2567579895536498,9434453.201326288,31887575.07544646,7805.48780487805,9434796.855702821,31888519.25808608,7805.48780487805,9435042.675373564,31888429.787042934,8781.048780487805,9434699.02099703,31887485.604403313,8781.048780487805
9435091.592726458,31888946.613884315,8293.268292682927,1.3610688595389384,9434796.855702821,31888519.25808608,7805.48780487805,9435140.510079354,31889463.4407257,7805.48780487805,9435386.329750096,31889373.969682556,8781.048780487805,9435042.675373564,31888429.787042934,8781.048780487805
9435435.24710299,31889890.796523936,8293.268292682927,1.3017188910806006,9435140.510079354,31889463.4407257,7805.48780487805,9435484.164455885,31890407.62336532,7805.48780487805,9435729.98412663,31890318.152322173,8781.048780487805,9435386.329750096,31889373.969682556,8781.048780487805
9435778.901479524,31890834.979163557,8293.268292682927,1.1643350827206724,9435484.164455885,31890407.62336532,7805.48780487805,9435827.818832418,31891351.80600494,7805.48780487805,9436073.638503162,31891262.334961794,8781.048780487805,9435729.98412663,31890318.152322173,8781.048780487805
9436122.555856057,31891779.16180318,8293.268292682927,1.3694088773840383,9435827.818832418,31891351.80600494,7805.48780487805,9436171.47320895,31892295.98864456,7805.48780487805,9436417.292879695,31892206.517601416,8781.048780487805,9436073.638503162,31891262.334961794,8781.048780487805
9436466.21023259,31892723.3444428,8293.268292682927,1.6304806712347872,9436171.47320895,31892295.98864456,7805.48780487805,9436515.127585484,31893240.171284184,7805.48780487805,9436760.947256226,31893150.700241033,8781.048780487805,9436417.292879695,31892206.517601416,8781.048780487805
9436809.864609122,31893667.52708242,8293.268292682927,0.8285902505375954,9436515.127585484,31893240.171284184,7805.48780487805,9436858.781962017,31894184.3539238,7805.48780487805,9437104.601632759,31894094.882880654,8781.048780487805,9436760.947256226,31893150.700241033,8781.048780487805
9437153.518985653,31894611.70972204,8293.268292682927,0.44520593902379396,9436858.781962017,31894184.3539238,7805.48780487805,9437202.43633855,31895128.536563423,7805.48780487805,9437448.256009292,31895039.065520275,8781.048780487805,9437104.601632759,31894094.882880654,8781.048780487805
9437497.173362186,31895555.892361656,8293.268292682927,0.28171925515035534,9437202.43633855,31895128.536563423,7805.48780487805,9437546.090715082,31896072.719203044,7805.48780487805,9437791.910385825,31895983.248159893,8781.048780487805,9437448.256009292,31895039.065520275,8781.048780487805
9437840.827738719,31896500.075001277,8293.268292682927,0.32122296269910167,9437546.090715082,31896072.719203044,7805.48780487805,9437889.745091613,31897016.90184266,7805.48780487805,9438135.564762358,31896927.430799514,8781.048780487805,9437791.910385825,31895983.248159893,8781.048780487805
9438184.482115252,31897444.2576409,8293.268292682927,0.3186743797092378,9437889.745091613,31897016.90184266,7805.48780487805,9438233.399468146,31897961.084482282,7805.48780487805,9438479.21913889,31897871.613439135,8781.048780487805,9438135.564762358,31896927.430799514,8781.048780487805
9438528.136491785,31898388.440280516,8293.268292682927,0.3167671002988378,9438233.399468146,31897961.084482282,7805.48780487805,9438577.05384468,31898905.267121904,7805.48780487805,9438822.873515423,31898815.796078753,8781.048780487805,9438479.21913889,31897871.613439135,8781.048780487805
9438871.790868318,31899332.622920137,8293.268292682927,0.3376039607909964,9438577.05384468,31898905.267121904,7805.48780487805,9438920.708221212,31899849.44976152,7805.48780487805,9439166.527891954,31899759.978718374,8781.048780487805,9438822.873515423,31898815.796078753,8781.048780487805
9439215.44524485,31900276.805559758,8293.268292682927,0.2147336505895616,9438920.708221212,31899849.44976152,7805.48780487805,9439264.362597745,31900793.632401142,7805.48780487805,9439510.182268487,31900704.161357995,8781.048780487805,9439166.527891954,31899759.978718374,8781.048780487805
9439559.099621382,31901220.98819938,8293.268292682927,0.3434835337330526,9439264.362597745,31900793.632401142,7805.48780487805,9439608.016974278,31901737.815040763,7805.48780487805,9439853.83664502,31901648.343997616,8781.048780487805,9439510.182268487,31900704.161357995,8781.048780487805
9439902.753997914,31902165.170838997,8293.268292682927,0.44106880440514173,9439608.016974278,31901737.815040763,7805.48780487805,9439951.67135081,31902681.99768038,7805.48780487805,9440197.491021553,31902592.526637238,8781.048780487805,9439853.83664502,31901648.343997616,8781.048780487805
9440246.408374447,31903109.353478618,8293.268292682927,0.19510820282832905,9439951.67135081,31902681.99768038,7805.48780487805,9440295.325727342,31903626.180320002,7805.48780487805,9440541.145398086,31903536.70927686,8781.048780487805,9440197.491021553,31902592.526637238,8781.048780487805
9414718.149805246,31832206.184463967,9268.829268292682,1.2974072326920942,9414423.41278161,31831778.82866573,8781.048780487805,9414767.067158142,31832723.011305347,8781.048780487805,9415012.886828879,31832633.540262204,9756.609756097561,9414669.232452348,31831689.357622586,9756.609756097561
9415061.804181777,31833150.367103588,9268.829268292682,1.2855700480698462,9414767.067158142,31832723.011305347,8781.048780487805,9415110.721534675,31833667.19394497,8781.048780487805,9415356.541205412,31833577.722901825,9756.609756097561,9415012.886828879,31832633.540262204,9756.609756097561
9415405.458558312,31834094.549743205,9268.829268292682,1.1722420155761193,9415110.721534675,31833667.19394497,8781.048780487805,9415454.375911206,31834611.37658459,8781.048780487805,9415700.195581945,31834521.905541442,9756.609756097561,9415356.541205412,31833577.722901825,9756.609756097561
9415749.112934843,31835038.732382827,9268.829268292682,1.5302285943250131,9415454.375911206,31834611.37658459,8781.048780487805,9415798.030287739,31835555.55922421,8781.048780487805,9416043.849958478,31835466.088181064,9756.609756097561,9415700.195581945,31834521.905541442,9756.609756097561
9416092.767311376,31835982.915022448,9268.829268292682,1.8458201250501007,9415798.030287739,31835555.55922421,8781.048780487805,9416141.684664272,31836499.741863832,8781.048780487805,9416387.50433501,31836410.270820685,9756.609756097561,9416043.849958478,31835466.088181064,9756.609756097561
9416436.421687908,31836927.097662065,9268.829268292682,3.1214231660209095,9416141.684664272,31836499.741863832,8781.048780487805,9416485.339040805,31837443.924503453,8781.048780487805,9416731.158711543,31837354.453460302,9756.609756097561,9416387.50433501,31836410.270820685,9756.609756097561
9416780.07606444,31837871.280301686,9268.829268292682,3.2657185420893375,9416485.339040805,31837443.924503453,8781.048780487805,9416828.993417338,31838388.10714307,8781.048780487805,9417074.813088074,31838298.636099923,9756.609756097561,9416731.158711543,31837354.453460302,9756.609756097561
9417123.730440974,31838815.462941308,9268.829268292682,3.4375371399606136,9416828.993417338,31838388.10714307,8781.048780487805,9417172.64779387,31839332.28978269,8781.048780487805,9417418.467464607,31839242.818739545,9756.609756097561,9417074.813088074,31838298.636099923,9756.609756097561
9417467.384817505,31839759.64558093,9268.829268292682,3.6371417439938303,9417172.64779387,31839332.28978269,8781.048780487805,9417516.302170403,31840276.47242231,8781.048780487805,9417762.12184114,31840187.001379162,9756.609756097561,9417418.467464607,31839242.818739545,9756.609756097561
9417811.039194038,31840703.828220546,9268.829268292682,4.047489140102447,9417516.302170403,31840276.47242231,8781.048780487805,9417859.956546934,31841220.65506193,8781.048780487805,9418105.776217673,31841131.184018783,9756.609756097561,9417762.12184114,31840187.001379162,9756.609756097561
9418154.69357057,31841648.010860167,9268.829268292682,5.264232583224892,9417859.956546934,31841220.65506193,8781.048780487805,9418203.610923467,31842164.83770155,8781.048780487805,9418449.430594206,31842075.366658404,9756.609756097561,9418105.776217673,31841131.184018783,9756.609756097561
9418498.347947102,31842592.19349979,9268.829268292682,6.01081000428361,9418203.610923467,31842164.83770155,8781.048780487805,9418547.2653,31843109.02034117,8781.048780487805,9418793.084970737,31843019.549298022,9756.609756097561,9418449.430594206,31842075.366658404,9756.609756097561
9418842.002323635,31843536.376139406,9268.829268292682,4.692135583867043,9418547.2653,31843109.02034117,8781.048780487805,9418890.919676533,31844053.20298079,8781.048780487805,9419136.73934727,31843963.731937647,9756.609756097561,9418793.084970737,31843019.549298022,9756.609756097561
9419185.656700168,31844480.558779024,9268.829268292682,3.589559075002748,9418890.919676533,31844053.20298079,8781.048780487805,9419234.574053066,31844997.385620408,8781.048780487805,9419480.393723803,31844907.914577264,9756.609756097561,9419136.73934727,31843963.731937647,9756.609756097561
9419529.311076699,31845424.741418645,9268.829268292682,2.713727556532095,9419234.574053066,31844997.385620408,8781.048780487805,9419578.228429597,31845941.56826003,8781.048780487805,9419824.048100336,31845852.097216886,9756.609756097561,9419480.393723803,31844907.914577264,9756.609756097561
9419872.965453232,31846368.92405827,9268.829268292682,2.4066756547431933,9419578.228429597,31845941.56826003,8781.048780487805,9419921.88280613,31846885.75089965,8781.048780487805,9420167.702476868,31846796.279856503,9756.609756097561,9419824.048100336,31845852.097216886,9756.609756097561
9420216.619829763,31847313.106697887,9268.829268292682,2.3373840729556012,9419921.88280613,31846885.75089965,8781.048780487805,9420265.537182663,31847829.933539268,8781.048780487805,9420511.356853401,31847740.462496124,9756.609756097561,9420167.702476868,31846796.279856503,9756.609756097561
9420560.274206297,31848257.28933751,9268.829268292682,2.066511162960955,9420265.537182663,31847829.933539268,8781.048780487805,9420609.191559196,31848774.116178893,8781.048780487805,9420855.011229934,31848684.645135745,9756.609756097561,9420511.356853401,31847740.462496124,9756.609756097561
9420903.928582828,31849201.471977126,9268.829268292682,2.0229443044893776,9420609.191559196,31848774.116178893,8781.048780487805,9420952.845935728,31849718.29881851,8781.048780487805,9421198.665606465,31849628.827775363,9756.609756097561,9420855.011229934,31848684.645135745,9756.609756097561
9421247.582959363,31850145.654616747,9268.829268292682,2.468637827706284,9420952.845935728,31849718.29881851,8781.048780487805,9421296.500312261,31850662.48145813,8781.048780487805,9421542.319982998,31850573.010414984,9756.609756097561,9421198.665606465,31849628.827775363,9756.609756097561
9421591.237335894,31851089.83725637,9268.829268292682,3.3229560422898383,9421296.500312261,31850662.48145813,8781.048780487805,9421640.154688794,31851606.664097752,8781.048780487805,9421885.974359531,31851517.193054605,9756.609756097561,9421542.319982998,31850573.010414984,9756.609756097561
9421934.891712427,31852034.01989599,9268.829268292682,3.5839154077269764,9421640.154688794,31851606.664097752,8781.048780487805,9421983.809065325,31852550.84673737,8781.048780487805,9422229.628736064,31852461.375694223,9756.609756097561,9421885.974359531,31851517.193054605,9756.609756097561
9422278.54608896,31852978.202535607,9268.829268292682,4.564785651144051,9421983.809065325,31852550.84673737,8781.048780487805,9422327.463441858,31853495.02937699,8781.048780487805,9422573.283112597,31853405.558333844,9756.609756097561,9422229.628736064,31852461.375694223,9756.609756097561
9422622.200465491,31853922.385175228,9268.829268292682,5.007311386462635,9422327.463441858,31853495.02937699,8781.048780487805,9422671.117818391,31854439.212016612,8781.048780487805,9422916.93748913,31854349.740973465,9756.609756097561,9422573.283112597,31853405.558333844,9756.609756097561
9422965.854842026,31854866.567814846,9268.829268292682,4.940526356991036,9422671.117818391,31854439.212016612,8781.048780487805,9423014.772194924,31855383.39465623,8781.048780487805,9423260.591865662,31855293.923613083,9756.609756097561,9422916.93748913,31854349.740973465,9756.609756097561
9423309.509218557,31855810.750454467,9268.829268292682,4.104416848156948,9423014.772194924,31855383.39465623,8781.048780487805,9423358.426571457,31856327.57729585,8781.048780487805,9423604.246242194,31856238.106252704,9756.609756097561,9423260.591865662,31855293.923613083,9756.609756097561
9423653.163595092,31856754.933094088,9268.829268292682,3.480417580732797,9423358.426571457,31856327.57729585,8781.048780487805,9423702.08094799,31857271.759935472,8781.048780487805,9423947.900618726,31857182.28889233,9756.609756097561,9423604.246242194,31856238.106252704,9756.609756097561
9423996.817971623,31857699.115733705,9268.829268292682,3.1311067514928688,9423702.08094799,31857271.759935472,8781.048780487805,9424045.735324522,31858215.94257509,8781.048780487805,9424291.55499526,31858126.471531946,9756.609756097561,9423947.900618726,31857182.28889233,9756.609756097561
9424340.472348155,31858643.298373327,9268.829268292682,4.463290070951095,9424045.735324522,31858215.94257509,8781.048780487805,9424389.389701054,31859160.12521471,8781.048780487805,9424635.209371792,31859070.654171567,9756.609756097561,9424291.55499526,31858126.471531946,9756.609756097561
9424684.126724688,31859587.48101295,9268.829268292682,5.689482537537486,9424389.389701054,31859160.12521471,8781.048780487805,9424733.044077586,31860104.307854332,8781.048780487805,9424978.863748325,31860014.83681119,9756.609756097561,9424635.209371792,31859070.654171567,9756.609756097561
9425027.78110122,31860531.663652573,9268.829268292682,6.101340136231575,9424733.044077586,31860104.307854332,8781.048780487805,9425076.69845412,31861048.49049395,8781.048780487805,9425322.518124858,31860959.019450806,9756.609756097561,9424978.863748325,31860014.83681119,9756.609756097561
9425371.435477754,31861475.84629219,9268.829268292682,6.50116205461105,9425076.69845412,31861048.49049395,8781.048780487805,9425420.352830652,31861992.673133574,8781.048780487805,9425666.17250139,31861903.202090427,9756.609756097561,9425322.518124858,31860959.019450806,9756.609756097561
9425715.089854285,31862420.02893181,9268.829268292682,7.211727718300377,9425420.352830652,31861992.673133574,8781.048780487805,9425764.007207185,31862936.855773196,8781.048780487805,9426009.826877922,31862847.38473005,9756.609756097561,9425666.17250139,31861903.202090427,9756.609756097561
9426058.74423082,31863364.211571433,9268.829268292682,7.481129452156672,9425764.007207185,31862936.855773196,8781.048780487805,9426107.661583718,31863881.038412813,8781.048780487805,9426353.481254455,31863791.567369666,9756.609756097561,9426009.826877922,31862847.38473005,9756.609756097561
9426402.39860735,31864308.394211046,9268.829268292682,7.269827221866598,9426107.661583718,31863881.038412813,8781.048780487805,9426451.315960249,31864825.22105243,8781.048780487805,9426697.135630988,31864735.750009283,9756.609756097561,9426353.481254455,31863791.567369666,9756.609756097561
9426746.052983884,31865252.576850668,9268.829268292682,7.72566526899169,9426451.315960249,31864825.22105243,8781.048780487805,9426794.970336782,31865769.40369205,8781.048780487805,9427040.79000752,31865679.932648905,9756.609756097561,9426697.135630988,31864735.750009283,9756.609756097561
9427089.707360417,31866196.75949029,9268.829268292682,6.293615008850565,9426794.970336782,31865769.40369205,8781.048780487805,9427138.624713315,31866713.586331673,8781.048780487805,9427384.444384051,31866624.115288526,9756.609756097561,9427040.79000752,31865679.932648905,9756.609756097561
9427433.361736948,31867140.942129906,9268.829268292682,5.24254771815203,9427138.624713315,31866713.586331673,8781.048780487805,9427482.279089848,31867657.76897129,8781.048780487805,9427728.098760584,31867568.297928143,9756.609756097561,9427384.444384051,31866624.115288526,9756.609756097561
9427777.016113482,31868085.124769527,9268.829268292682,5.724314849198246,9427482.279089848,31867657.76897129,8781.048780487805,9427825.93346638,31868601.95161091,8781.048780487805,9428071.753137117,31868512.480567764,9756.609756097561,9427728.098760584,31867568.297928143,9756.609756097561
9428120.670490013,31869029.30740915,9268.829268292682,5.240258284364209,9427825.93346638,31868601.95161091,8781.048780487805,9428169.587842911,31869546.134250533,8781.048780487805,9428415.40751365,31869456.663207386,9756.609756097561,9428071.753137117,31868512.480567764,9756.609756097561
9428464.324866544,31869973.490048766,9268.829268292682,4.362120730443531,9428169.587842911,31869546.134250533,8781.048780487805,9428513.242219444,31870490.31689015,8781.048780487805,9428759.061890183,31870400.845847007,9756.609756097561,9428415.40751365,31869456.663207386,9756.609756097561
9428807.97924308,31870917.672688387,9268.829268292682,4.678697977110441,9428513.242219444,31870490.31689015,8781.048780487805,9428856.896595977,31871434.49952977,8781.048780487805,9429102.716266716,31871345.028486628,9756.609756097561,9428759.061890183,31870400.845847007,9756.609756097561
9429151.633619612,31871861.85532801,9268.829268292682,3.8105284616831754,9428856.896595977,31871434.49952977,8781.048780487805,9429200.55097251,31872378.682169393,8781.048780487805,9429446.370643249,31872289.21112625,9756.609756097561,9429102.716266716,31871345.028486628,9756.609756097561
9429495.287996145,31872806.037967633,9268.829268292682,3.009824256658934,9429200.55097251,31872378.682169393,8781.048780487805,9429544.205349043,31873322.86480901,8781.048780487805,9429790.02501978,31873233.393765867,9756.609756097561,9429446.370643249,31872289.21112625,9756.609756097561
9429838.942372676,31873750.22060725,9268.829268292682,2.638185990222316,9429544.205349043,31873322.86480901,8781.048780487805,9429887.859725576,31874267.04744863,8781.048780487805,9430133.679396313,31874177.576405488,9756.609756097561,9429790.02501978,31873233.393765867,9756.609756097561
9430182.59674921,31874694.40324687,9268.829268292682,1.741620937742392,9429887.859725576,31874267.04744863,8781.048780487805,9430231.514102109,31875211.230088256,8781.048780487805,9430477.333772846,31875121.759045105,9756.609756097561,9430133.679396313,31874177.576405488,9756.609756097561
9430526.251125742,31875638.58588649,9268.829268292682,1.08531574968723,9430231.514102109,31875211.230088256,8781.048780487805,9430575.16847864,31876155.412727874,8781.048780487805,9430820.988149378,31876065.941684727,9756.609756097561,9430477.333772846,31875121.759045105,9756.609756097561
9430869.905502273,31876582.76852611,9268.829268292682,0.6032143827074833,9430575.16847864,31876155.412727874,8781.048780487805,9430918.822855173,31877099.595367495,8781.048780487805,9431164.642525911,31877010.124324348,9756.609756097561,9430820.988149378,31876065.941684727,9756.609756097561
9431213.559878808,31877526.95116573,9268.829268292682,0.498822099203159,9430918.822855173,31877099.595367495,8781.048780487805,9431262.477231706,31878043.778007112,8781.048780487805,9431508.296902444,31877954.306963965,9756.609756097561,9431164.642525911,31877010.124324348,9756.609756097561
9431557.21425534,31878471.13380535,9268.829268292682,0.40514880201183184,9431262.477231706,31878043.778007112,8781.048780487805,9431606.131608238,31878987.960646734,8781.048780487805,9431851.951278977,31878898.489603586,9756.609756097561,9431508.296902444,31877954.306963965,9756.609756097561
9431900.868631873,31879415.31644497,9268.829268292682,0.24522840704049398,9431606.131608238,31878987.960646734,8781.048780487805,9431949.785984771,31879932.143286355,8781.048780487805,9432195.605655508,31879842.672243208,9756.609756097561,9431851.951278977,31878898.489603586,9756.609756097561
9432244.523008404,31880359.499084592,9268.829268292682,0.44089305804270884,9431949.785984771,31879932.143286355,8781.048780487805,9432293.440361304,31880876.325925972,8781.048780487805,9432539.260032041,31880786.854882825,9756.609756097561,9432195.605655508,31879842.672243208,9756.609756097561
9432588.177384939,31881303.68172421,9268.829268292682,0.6395116701138643,9432293.440361304,31880876.325925972,8781.048780487805,9432637.094737837,31881820.508565594,8781.048780487805,9432882.914408574,31881731.037522446,9756.609756097561,9432539.260032041,31880786.854882825,9756.609756097561
9432931.83176147,31882247.86436383,9268.829268292682,0.8344622054236568,9432637.094737837,31881820.508565594,8781.048780487805,9432980.749114368,31882764.691205215,8781.048780487805,9433226.568785107,31882675.220162068,9756.609756097561,9432882.914408574,31881731.037522446,9756.609756097561
9433275.486138001,31883192.04700345,9268.829268292682,0.8938093163631101,9432980.749114368,31882764.691205215,8781.048780487805,9433324.403490901,31883708.873844832,8781.048780487805,9433570.22316164,31883619.40280169,9756.609756097561,9433226.568785107,31882675.220162068,9756.609756097561
9433619.140514536,31884136.22964307,9268.829268292682,1.0031852297526542,9433324.403490901,31883708.873844832,8781.048780487805,9433668.057867434,31884653.056484453,8781.048780487805,9433913.877538173,31884563.58544131,9756.609756097561,9433570.22316164,31883619.40280169,9756.609756097561
9433962.794891069,31885080.41228269,9268.829268292682,1.0419948208277,9433668.057867434,31884653.056484453,8781.048780487805,9434011.712243967,31885597.239124075,8781.048780487805,9434257.531914705,31885507.76808093,9756.609756097561,9433913.877538173,31884563.58544131,9756.609756097561
9434306.449267602,31886024.59492231,9268.829268292682,0.9646224709890637,9434011.712243967,31885597.239124075,8781.048780487805,9434355.3666205,31886541.421763692,8781.048780487805,9434601.186291236,31886451.95072055,9756.609756097561,9434257.531914705,31885507.76808093,9756.609756097561
9434650.103644133,31886968.777561933,9268.829268292682,0.9433060466422287,9434355.3666205,31886541.421763692,8781.048780487805,9434699.02099703,31887485.604403313,8781.048780487805,9434944.84066777,31887396.133360166,9756.609756097561,9434601.186291236,31886451.95072055,9756.609756097561
9434993.758020665,31887912.96020155,9268.829268292682,1.1668926296399584,9434699.02099703,31887485.604403313,8781.048780487805,9435042.675373564,31888429.787042934,8781.048780487805,9435288.495044302,31888340.315999787,9756.609756097561,9434944.84066777,31887396.133360166,9756.609756097561
9435337.412397198,31888857.14284117,9268.829268292682,1.2399846563156691,9435042.675373564,31888429.787042934,8781.048780487805,9435386.329750096,31889373.969682556,8781.048780487805,9435632.149420835,31889284.49863941,9756.609756097561,9435288.495044302,31888340.315999787,9756.609756097561
9435681.06677373,31889801.32548079,9268.829268292682,1.1337487763489353,9435386.329750096,31889373.969682556,8781.048780487805,9435729.98412663,31890318.152322173,8781.048780487805,9435975.803797366,31890228.681279026,9756.609756097561,9435632.149420835,31889284.49863941,9756.609756097561
9436024.721150264,31890745.50812041,9268.829268292682,1.0521954470756574,9435729.98412663,31890318.152322173,8781.048780487805,9436073.638503162,31891262.334961794,8781.048780487805,9436319.458173899,31891172.863918647,9756.609756097561,9435975.803797366,31890228.681279026,9756.609756097561
9436368.375526795,31891689.69076003,9268.829268292682,1.1644214654469422,9436073.638503162,31891262.334961794,8781.048780487805,9436417.292879695,31892206.517601416,8781.048780487805,9436663.112550432,31892117.04655827,9756.609756097561,9436319.458173899,31891172.863918647,9756.609756097561
9436712.02990333,31892633.873399653,9268.829268292682,1.3775554425248984,9436417.292879695,31892206.517601416,8781.048780487805,9436760.947256226,31893150.700241033,8781.048780487805,9437006.766926965,31893061.229197886,9756.609756097561,9436663.112550432,31892117.04655827,9756.609756097561
9437055.68427986,31893578.05603927,9268.829268292682,1.0988119966259742,9436760.947256226,31893150.700241033,8781.048780487805,9437104.601632759,31894094.882880654,8781.048780487805,9437350.421303498,31894005.411837507,9756.609756097561,9437006.766926965,31893061.229197886,9756.609756097561
9437399.338656394,31894522.23867889,9268.829268292682,0.5124301865710115,9437104.601632759,31894094.882880654,8781.048780487805,9437448.256009292,31895039.065520275,8781.048780487805,9437694.07568003,31894949.59447713,9756.609756097561,9437350.421303498,31894005.411837507,9756.609756097561
9437742.993032927,31895466.42131851,9268.829268292682,0.3950011776824052,9437448.256009292,31895039.065520275,8781.048780487805,9437791.910385825,31895983.248159893,8781.048780487805,9438037.730056563,31895893.777116746,9756.609756097561,9437694.07568003,31894949.59447713,9756.609756097561
9438086.647409458,31896410.60395813,9268.829268292682,0.4859404683305374,9437791.910385825,31895983.248159893,8781.048780487805,9438135.564762358,31896927.430799514,8781.048780487805,9438381.384433094,31896837.95975637,9756.609756097561,9438037.730056563,31895893.777116746,9756.609756097561
9438430.301785992,31897354.78659775,9268.829268292682,0.48794438198058915,9438135.564762358,31896927.430799514,8781.048780487805,9438479.21913889,31897871.613439135,8781.048780487805,9438725.038809627,31897782.14239599,9756.609756097561,9438381.384433094,31896837.95975637,9756.609756097561
9438773.956162523,31898298.96923737,9268.829268292682,0.4332032095327938,9438479.21913889,31897871.613439135,8781.048780487805,9438822.873515423,31898815.796078753,8781.048780487805,9439068.69318616,31898726.32503561,9756.609756097561,9438725.038809627,31897782.14239599,9756.609756097561
9439117.610539058,31899243.151876993,9268.829268292682,0.4395473900627508,9438822.873515423,31898815.796078753,8781.048780487805,9439166.527891954,31899759.978718374,8781.048780487805,9439412.347562693,31899670.50767523,9756.609756097561,9439068.69318616,31898726.32503561,9756.609756097561
9439461.26491559,31900187.334516615,9268.829268292682,0.6882103954908237,9439166.527891954,31899759.978718374,8781.048780487805,9439510.182268487,31900704.161357995,8781.048780487805,9439756.001939226,31900614.69031485,9756.609756097561,9439412.347562693,31899670.50767523,9756.609756097561
9439804.919292122,31901131.517156236,9268.829268292682,0.9255599719052298,9439510.182268487,31900704.161357995,8781.048780487805,9439853.83664502,31901648.343997616,8781.048780487805,9440099.656315759,31901558.87295447,9756.609756097561,9439756.001939226,31900614.69031485,9756.609756097561
9440148.573668655,31902075.699795853,9268.829268292682,0.6821320296607644,9439853.83664502,31901648.343997616,8781.048780487805,9440197.491021553,31902592.526637238,8781.048780487805,9440443.310692292,31902503.05559409,9756.609756097561,9440099.656315759,31901558.87295447,9756.609756097561
9440492.228045186,31903019.882435475,9268.829268292682,0.581707126144525,9440197.491021553,31902592.526637238,8781.048780487805,9440541.145398086,31903536.70927686,8781.048780487805,9440786.965068823,31903447.238233708,9756.609756097561,9440443.310692292,31902503.05559409,9756.609756097561
9414963.969475983,31832116.713420823,10244.390243902439,1.0731500022605946,9414669.232452348,31831689.357622586,9756.609756097561,9415012.886828879,31832633.540262204,9756.609756097561,9415258.70649962,31832544.069219057,10732.170731707318,9414915.052123087,31831599.886579435,10732.170731707318
9415307.623852516,31833060.89606044,10244.390243902439,1.177963331287924,9415012.886828879,31832633.540262204,9756.609756097561,9415356.541205412,31833577.722901825,9756.609756097561,9415602.360876152,31833488.251858678,10732.170731707318,9415258.70649962,31832544.069219057,10732.170731707318
9415651.278229048,31834005.07870006,10244.390243902439,1.4303064987307013,9415356.541205412,31833577.722901825,9756.609756097561,9415700.195581945,31834521.905541442,9756.609756097561,9415946.015252685,31834432.434498295,10732.170731707318,9415602.360876152,31833488.251858678,10732.170731707318
9415994.93260558,31834949.26133968,10244.390243902439,1.3890918152611698,9415700.195581945,31834521.905541442,9756.609756097561,9416043.849958478,31835466.088181064,9756.609756097561,9416289.669629218,31835376.617137916,10732.170731707318,9415946.015252685,31834432.434498295,10732.170731707318
9416338.586982114,31835893.4439793,10244.390243902439,1.864690665897284,9416043.849958478,31835466.088181064,9756.609756097561,9416387.50433501,31836410.270820685,9756.609756097561,9416633.32400575,31836320.799777538,10732.170731707318,9416289.669629218,31835376.617137916,10732.170731707318
9416682.241358645,31836837.626618918,10244.390243902439,3.3675306106366905,9416387.50433501,31836410.270820685,9756.609756097561,9416731.158711543,31837354.453460302,9756.609756097561,9416976.978382282,31837264.982417155,10732.170731707318,9416633.32400575,31836320.799777538,10732.170731707318
9417025.89573518,31837781.80925854,10244.390243902439,3.3774529312606454,9416731.158711543,31837354.453460302,9756.609756097561,9417074.813088074,31838298.636099923,9756.609756097561,9417320.632758815,31838209.16505678,10732.170731707318,9416976.978382282,31837264.982417155,10732.170731707318
9417369.550111711,31838725.99189816,10244.390243902439,3.1475533099730666,9417074.813088074,31838298.636099923,9756.609756097561,9417418.467464607,31839242.818739545,9756.609756097561,9417664.287135348,31839153.3476964,10732.170731707318,9417320.632758815,31838209.16505678,10732.170731707318
9417713.204488244,31839670.17453778,10244.390243902439,4.481909086155935,9417418.467464607,31839242.818739545,9756.609756097561,9417762.12184114,31840187.001379162,9756.609756097561,9418007.94151188,31840097.53033602,10732.170731707318,9417664.287135348,31839153.3476964,10732.170731707318
9418056.858864777,31840614.3571774,10244.390243902439,5.034244796753587,9417762.12184114,31840187.001379162,9756.609756097561,9418105.776217673,31841131.184018783,9756.609756097561,9418351.595888413,31841041.71297564,10732.170731707318,9418007.94151188,31840097.53033602,10732.170731707318
9418400.513241308,31841558.539817024,10244.390243902439,5.98286938789164,9418105.776217673,31841131.184018783,9756.609756097561,9418449.430594206,31842075.366658404,9756.609756097561,9418695.250264945,31841985.89561526,10732.170731707318,9418351.595888413,31841041.71297564,10732.170731707318
9418744.16761784,31842502.722456645,10244.390243902439,7.053170282253941,9418449.430594206,31842075.366658404,9756.609756097561,9418793.084970737,31843019.549298022,9756.609756097561,9419038.904641477,31842930.07825488,10732.170731707318,9418695.250264945,31841985.89561526,10732.170731707318
9419087.821994374,31843446.90509626,10244.390243902439,6.21724175218357,9418793.084970737,31843019.549298022,9756.609756097561,9419136.73934727,31843963.731937647,9756.609756097561,9419382.55901801,31843874.260894496,10732.170731707318,9419038.904641477,31842930.07825488,10732.170731707318
9419431.476370905,31844391.08773588,10244.390243902439,5.086988564273058,9419136.73934727,31843963.731937647,9756.609756097561,9419480.393723803,31844907.914577264,9756.609756097561,9419726.213394543,31844818.443534117,10732.170731707318,9419382.55901801,31843874.260894496,10732.170731707318
9419775.13074744,31845335.2703755,10244.390243902439,3.9961755085527026,9419480.393723803,31844907.914577264,9756.609756097561,9419824.048100336,31845852.097216886,9756.609756097561,9420069.867771076,31845762.62617374,10732.170731707318,9419726.213394543,31844818.443534117,10732.170731707318
9420118.78512397,31846279.45301512,10244.390243902439,2.515744415179785,9419824.048100336,31845852.097216886,9756.609756097561,9420167.702476868,31846796.279856503,9756.609756097561,9420413.522147607,31846706.808813356,10732.170731707318,9420069.867771076,31845762.62617374,10732.170731707318
9420462.439500505,31847223.63565474,10244.390243902439,2.947315497064034,9420167.702476868,31846796.279856503,9756.609756097561,9420511.356853401,31847740.462496124,9756.609756097561,9420757.17652414,31847650.991452977,10732.170731707318,9420413.522147607,31846706.808813356,10732.170731707318
9420806.093877036,31848167.81829436,10244.390243902439,3.3950170734203255,9420511.356853401,31847740.462496124,9756.609756097561,9420855.011229934,31848684.645135745,9756.609756097561,9421100.830900673,31848595.1740926,10732.170731707318,9420757.17652414,31847650.991452977,10732.170731707318
9421149.748253569,31849112.00093398,10244.390243902439,3.1497746119796948,9420855.011229934,31848684.645135745,9756.609756097561,9421198.665606465,31849628.827775363,9756.609756097561,9421444.485277206,31849539.356732216,10732.170731707318,9421100.830900673,31848595.1740926,10732.170731707318
9421493.402630102,31850056.1835736,10244.390243902439,3.5665968540816024,9421198.665606465,31849628.827775363,9756.609756097561,9421542.319982998,31850573.010414984,9756.609756097561,9421788.139653739,31850483.539371837,10732.170731707318,9421444.485277206,31849539.356732216,10732.170731707318
9421837.057006633,31851000.36621322,10244.390243902439,4.60731623027199,9421542.319982998,31850573.010414984,9756.609756097561,9421885.974359531,31851517.193054605,9756.609756097561,9422131.794030271,31851427.72201146,10732.170731707318,9421788.139653739,31850483.539371837,10732.170731707318
9422180.711383168,31851944.548852842,10244.390243902439,5.598585801015848,9421885.974359531,31851517.193054605,9756.609756097561,9422229.628736064,31852461.375694223,9756.609756097561,9422475.448406804,31852371.90465108,10732.170731707318,9422131.794030271,31851427.72201146,10732.170731707318
9422524.365759699,31852888.73149246,10244.390243902439,5.62069069614749,9422229.628736064,31852461.375694223,9756.609756097561,9422573.283112597,31853405.558333844,9756.609756097561,9422819.102783335,31853316.0872907,10732.170731707318,9422475.448406804,31852371.90465108,10732.170731707318
9422868.020136233,31853832.91413208,10244.390243902439,5.719207576709522,9422573.283112597,31853405.558333844,9756.609756097561,9422916.93748913,31854349.740973465,9756.609756097561,9423162.757159868,31854260.26993032,10732.170731707318,9422819.102783335,31853316.0872907,10732.170731707318
9423211.674512764,31854777.096771702,10244.390243902439,5.1418626128998906,9422916.93748913,31854349.740973465,9756.609756097561,9423260.591865662,31855293.923613083,9756.609756097561,9423506.411536401,31855204.45256994,10732.170731707318,9423162.757159868,31854260.26993032,10732.170731707318
9423555.328889297,31855721.279411323,10244.390243902439,4.5330756502833545,9423260.591865662,31855293.923613083,9756.609756097561,9423604.246242194,31856238.106252704,9756.609756097561,9423850.065912934,31856148.63520956,10732.170731707318,9423506.411536401,31855204.45256994,10732.170731707318
9423898.98326583,31856665.462050945,10244.390243902439,5.109244273890305,9423604.246242194,31856238.106252704,9756.609756097561,9423947.900618726,31857182.28889233,9756.609756097561,9424193.720289467,31857092.81784918,10732.170731707318,9423850.065912934,31856148.63520956,10732.170731707318
9424242.637642361,31857609.644690562,10244.390243902439,4.472975633822809,9423947.900618726,31857182.28889233,9756.609756097561,9424291.55499526,31858126.471531946,9756.609756097561,9424537.374666,31858037.0004888,10732.170731707318,9424193.720289467,31857092.81784918,10732.170731707318
9424586.292018896,31858553.827330183,10244.390243902439,5.2361222765427895,9424291.55499526,31858126.471531946,9756.609756097561,9424635.209371792,31859070.654171567,9756.609756097561,9424881.02904253,31858981.18312842,10732.170731707318,9424537.374666,31858037.0004888,10732.170731707318
9424929.946395427,31859498.009969804,10244.390243902439,6.9666870444278945,9424635.209371792,31859070.654171567,9756.609756097561,9424978.863748325,31860014.83681119,9756.609756097561,9425224.683419064,31859925.365768038,10732.170731707318,9424881.02904253,31858981.18312842,10732.170731707318
9425273.600771962,31860442.192609422,10244.390243902439,8.088348313988421,9424978.863748325,31860014.83681119,9756.609756097561,9425322.518124858,31860959.019450806,9756.609756097561,9425568.337795597,31860869.54840766,10732.170731707318,9425224.683419064,31859925.365768038,10732.170731707318
9425617.255148493,31861386.375249043,10244.390243902439,8.779704014606518,9425322.518124858,31860959.019450806,9756.609756097561,9425666.17250139,31861903.202090427,9756.609756097561,9425911.99217213,31861813.73104728,10732.170731707318,9425568.337795597,31860869.54840766,10732.170731707318
9425960.909525026,31862330.557888664,10244.390243902439,9.510804779321829,9425666.17250139,31861903.202090427,9756.609756097561,9426009.826877922,31862847.38473005,9756.609756097561,9426255.64654866,31862757.913686898,10732.170731707318,9425911.99217213,31861813.73104728,10732.170731707318
9426304.563901559,31863274.740528286,10244.390243902439,9.824055782358293,9426009.826877922,31862847.38473005,9756.609756097561,9426353.481254455,31863791.567369666,9756.609756097561,9426599.300925193,31863702.09632652,10732.170731707318,9426255.64654866,31862757.913686898,10732.170731707318
9426648.21827809,31864218.9231679,10244.390243902439,9.057587211140145,9426353.481254455,31863791.567369666,9756.609756097561,9426697.135630988,31864735.750009283,9756.609756097561,9426942.955301724,31864646.27896614,10732.170731707318,9426599.300925193,31863702.09632652,10732.170731707318
9426991.872654624,31865163.10580752,10244.390243902439,8.749967853833935,9426697.135630988,31864735.750009283,9756.609756097561,9427040.79000752,31865679.932648905,9756.609756097561,9427286.609678257,31865590.46160576,10732.170731707318,9426942.955301724,31864646.27896614,10732.170731707318
9427335.527031155,31866107.28844714,10244.390243902439,8.262968389162943,9427040.79000752,31865679.932648905,9756.609756097561,9427384.444384051,31866624.115288526,9756.609756097561,9427630.26405479,31866534.644245382,10732.170731707318,9427286.609678257,31865590.46160576,10732.170731707318
9427679.181407686,31867051.471086763,10244.390243902439,7.737985921266671,9427384.444384051,31866624.115288526,9756.609756097561,9427728.098760584,31867568.297928143,9756.609756097561,9427973.918431323,31867478.826885,10732.170731707318,9427630.26405479,31866534.644245382,10732.170731707318
9428022.835784221,31867995.653726384,10244.390243902439,6.615297595322561,9427728.098760584,31867568.297928143,9756.609756097561,9428071.753137117,31868512.480567764,9756.609756097561,9428317.572807856,31868423.00952462,10732.170731707318,9427973.918431323,31867478.826885,10732.170731707318
9428366.490160754,31868939.836366005,10244.390243902439,6.1572556034392845,9428071.753137117,31868512.480567764,9756.609756097561,9428415.40751365,31869456.663207386,9756.609756097561,9428661.227184389,31869367.192164242,10732.170731707318,9428317.572807856,31868423.00952462,10732.170731707318
9428710.144537287,31869884.019005623,10244.390243902439,6.665119922729974,9428415.40751365,31869456.663207386,9756.609756097561,9428759.061890183,31870400.845847007,9756.609756097561,9429004.88156092,31870311.37480386,10732.170731707318,9428661.227184389,31869367.192164242,10732.170731707318
9429053.798913818,31870828.201645244,10244.390243902439,6.4398199295281415,9428759.061890183,31870400.845847007,9756.609756097561,9429102.716266716,31871345.028486628,9756.609756097561,9429348.535937453,31871255.55744348,10732.170731707318,9429004.88156092,31870311.37480386,10732.170731707318
9429397.453290353,31871772.384284865,10244.390243902439,5.94220865393592,9429102.716266716,31871345.028486628,9756.609756097561,9429446.370643249,31872289.21112625,9756.609756097561,9429692.190313986,31872199.7400831,10732.170731707318,9429348.535937453,31871255.55744348,10732.170731707318
9429741.107666884,31872716.566924486,10244.390243902439,5.54330944161765,9429446.370643249,31872289.21112625,9756.609756097561,9429790.02501978,31873233.393765867,9756.609756097561,9430035.844690518,31873143.92272272,10732.170731707318,9429692.190313986,31872199.7400831,10732.170731707318
9430084.762043415,31873660.749564104,10244.390243902439,3.6687168139834645,9429790.02501978,31873233.393765867,9756.609756097561,9430133.679396313,31874177.576405488,9756.609756097561,9430379.499067051,31874088.10536234,10732.170731707318,9430035.844690518,31873143.92272272,10732.170731707318
9430428.41641995,31874604.93220372,10244.390243902439,2.006874951345664,9430133.679396313,31874177.576405488,9756.609756097561,9430477.333772846,31875121.759045105,9756.609756097561,9430723.153443584,31875032.28800196,10732.170731707318,9430379.499067051,31874088.10536234,10732.170731707318
9430772.070796482,31875549.114843342,10244.390243902439,1.4846143023988219,9430477.333772846,31875121.759045105,9756.609756097561,9430820.988149378,31876065.941684727,9756.609756097561,9431066.807820117,31875976.47064158,10732.170731707318,9430723.153443584,31875032.28800196,10732.170731707318
9431115.725173015,31876493.297482964,10244.390243902439,1.013901620447447,9430820.988149378,31876065.941684727,9756.609756097561,9431164.642525911,31877010.124324348,9756.609756097561,9431410.462196648,31876920.6532812,10732.170731707318,9431066.807820117,31875976.47064158,10732.170731707318
9431459.379549546,31877437.48012258,10244.390243902439,0.4897768717777319,9431164.642525911,31877010.124324348,9756.609756097561,9431508.296902444,31877954.306963965,9756.609756097561,9431754.116573181,31877864.835920822,10732.170731707318,9431410.462196648,31876920.6532812,10732.170731707318
9431803.03392608,31878381.662762202,10244.390243902439,0.3034381261564471,9431508.296902444,31877954.306963965,9756.609756097561,9431851.951278977,31878898.489603586,9756.609756097561,9432097.770949714,31878809.018560443,10732.170731707318,9431754.116573181,31877864.835920822,10732.170731707318
9432146.688302612,31879325.845401824,10244.390243902439,0.34982528544676095,9431851.951278977,31878898.489603586,9756.609756097561,9432195.605655508,31879842.672243208,9756.609756097561,9432441.425326247,31879753.201200064,10732.170731707318,9432097.770949714,31878809.018560443,10732.170731707318
9432490.342679143,31880270.028041445,10244.390243902439,0.3592201680153412,9432195.605655508,31879842.672243208,9756.609756097561,9432539.260032041,31880786.854882825,9756.609756097561,9432785.07970278,31880697.38383968,10732.170731707318,9432441.425326247,31879753.201200064,10732.170731707318
9432833.997055678,31881214.210681066,10244.390243902439,0.525057816406396,9432539.260032041,31880786.854882825,9756.609756097561,9432882.914408574,31881731.037522446,9756.609756097561,9433128.734079313,31881641.566479303,10732.170731707318,9432785.07970278,31880697.38383968,10732.170731707318
9433177.65143221,31882158.393320687,10244.390243902439,0.6279265389162852,9432882.914408574,31881731.037522446,9756.609756097561,9433226.568785107,31882675.220162068,9756.609756097561,9433472.388455845,31882585.749118924,10732.170731707318,9433128.734079313,31881641.566479303,10732.170731707318
9433521.305808743,31883102.57596031,10244.390243902439,0.8029393793435651,9433226.568785107,31882675.220162068,9756.609756097561,9433570.22316164,31883619.40280169,9756.609756097561,9433816.042832376,31883529.93175854,10732.170731707318,9433472.388455845,31882585.749118924,10732.170731707318
9433864.960185274,31884046.758599926,10244.390243902439,0.9246606428754008,9433570.22316164,31883619.40280169,9756.609756097561,9433913.877538173,31884563.58544131,9756.609756097561,9434159.69720891,31884474.114398163,10732.170731707318,9433816.042832376,31883529.93175854,10732.170731707318
9434208.61456181,31884990.941239547,10244.390243902439,0.9758060978339045,9433913.877538173,31884563.58544131,9756.609756097561,9434257.531914705,31885507.76808093,9756.609756097561,9434503.351585442,31885418.297037784,10732.170731707318,9434159.69720891,31884474.114398163,10732.170731707318
9434552.26893834,31885935.123879164,10244.390243902439,0.9580548972291705,9434257.531914705,31885507.76808093,9756.609756097561,9434601.186291236,31886451.95072055,9756.609756097561,9434847.005961975,31886362.4796774,10732.170731707318,9434503.351585442,31885418.297037784,10732.170731707318
9434895.923314871,31886879.306518782,10244.390243902439,1.02233256144147,9434601.186291236,31886451.95072055,9756.609756097561,9434944.84066777,31887396.133360166,9756.609756097561,9435190.660338508,31887306.66231702,10732.170731707318,9434847.005961975,31886362.4796774,10732.170731707318
9435239.577691406,31887823.489158403,10244.390243902439,1.1089506167875314,9434944.84066777,31887396.133360166,9756.609756097561,9435288.495044302,31888340.315999787,9756.609756097561,9435534.314715039,31888250.84495664,10732.170731707318,9435190.660338508,31887306.66231702,10732.170731707318
9435583.232067937,31888767.671798024,10244.390243902439,1.2546387049512162,9435288.495044302,31888340.315999787,9756.609756097561,9435632.149420835,31889284.49863941,9756.609756097561,9435877.969091572,31889195.02759626,10732.170731707318,9435534.314715039,31888250.84495664,10732.170731707318
9435926.886444472,31889711.85443764,10244.390243902439,1.032755013758932,9435632.149420835,31889284.49863941,9756.609756097561,9435975.803797366,31890228.681279026,9756.609756097561,9436221.623468105,31890139.21023588,10732.170731707318,9435877.969091572,31889195.02759626,10732.170731707318
9436270.540821003,31890656.037077263,10244.390243902439,0.9332182783386529,9435975.803797366,31890228.681279026,9756.609756097561,9436319.458173899,31891172.863918647,9756.609756097561,9436565.277844638,31891083.3928755,10732.170731707318,9436221.623468105,31890139.21023588,10732.170731707318
9436614.195197536,31891600.219716884,10244.390243902439,1.209905879499323,9436319.458173899,31891172.863918647,9756.609756097561,9436663.112550432,31892117.04655827,9756.609756097561,9436908.93222117,31892027.575515125,10732.170731707318,9436565.277844638,31891083.3928755,10732.170731707318
9436957.849574069,31892544.402356505,10244.390243902439,1.3536013348316225,9436663.112550432,31892117.04655827,9756.609756097561,9437006.766926965,31893061.229197886,9756.609756097561,9437252.586597703,31892971.758154742,10732.170731707318,9436908.93222117,31892027.575515125,10732.170731707318
9437301.5039506,31893488.584996123,10244.390243902439,0.9673977200899286,9437006.766926965,31893061.229197886,9756.609756097561,9437350.421303498,31894005.411837507,9756.609756097561,9437596.240974236,31893915.940794364,10732.170731707318,9437252.586597703,31892971.758154742,10732.170731707318
9437645.158327134,31894432.767635748,10244.390243902439,0.5790197039136632,9437350.421303498,31894005.411837507,9756.609756097561,9437694.07568003,31894949.59447713,9756.609756097561,9437939.895350767,31894860.123433985,10732.170731707318,9437596.240974236,31893915.940794364,10732.170731707318
9437988.812703665,31895376.950275365,10244.390243902439,0.6303217645418506,9437694.07568003,31894949.59447713,9756.609756097561,9438037.730056563,31895893.777116746,9756.609756097561,9438283.5497273,31895804.306073602,10732.170731707318,9437939.895350767,31894860.123433985,10732.170731707318
9438332.4670802,31896321.132914986,10244.390243902439,0.8420161707689915,9438037.730056563,31895893.777116746,9756.609756097561,9438381.384433094,31896837.95975637,9756.609756097561,9438627.204103833,31896748.488713223,10732.170731707318,9438283.5497273,31895804.306073602,10732.170731707318
9438676.121456731,31897265.315554608,10244.390243902439,1.0640269974845964,9438381.384433094,31896837.95975637,9756.609756097561,9438725.038809627,31897782.14239599,9756.609756097561,9438970.858480366,31897692.671352845,10732.170731707318,9438627.204103833,31896748.488713223,10732.170731707318
9439019.775833264,31898209.498194225,10244.390243902439,0.9929006429640421,9438725.038809627,31897782.14239599,9756.609756097561,9439068.69318616,31898726.32503561,9756.609756097561,9439314.512856899,31898636.853992462,10732.170731707318,9438970.858480366,31897692.671352845,10732.170731707318
9439363.430209797,31899153.680833846,10244.390243902439,1.350971793699316,9439068.69318616,31898726.32503561,9756.609756097561,9439412.347562693,31899670.50767523,9756.609756097561,9439658.167233432,31899581.036632083,10732.170731707318,9439314.512856899,31898636.853992462,10732.170731707318
9439707.084586328,31900097.863473468,10244.390243902439,1.9367231153214,9439412.347562693,31899670.50767523,9756.609756097561,9439756.001939226,31900614.69031485,9756.609756097561,9440001.821609963,31900525.2192717,10732.170731707318,9439658.167233432,31899581.036632083,10732.170731707318
9440050.738962863,31901042.046113085,10244.390243902439,1.813309082347233,9439756.001939226,31900614.69031485,9756.609756097561,9440099.656315759,31901558.87295447,9756.609756097561,9440345.475986496,31901469.401911322,10732.170731707318,9440001.821609963,31900525.2192717,10732.170731707318
9440394.393339394,31901986.228752706,10244.390243902439,1.4876055064111973,9440099.656315759,31901558.87295447,9756.609756097561,9440443.310692292,31902503.05559409,9756.609756097561,9440689.130363028,31902413.584550943,10732.170731707318,9440345.475986496,31901469.401911322,10732.170731707318
9440738.047715928,31902930.411392327,10244.390243902439,1.4536962343194135,9440443.310692292,31902503.05559409,9756.609756097561,9440786.965068823,31903447.238233708,9756.609756097561,9441032.784739561,31903357.76719056,10732.170731707318,9440689.130363028,31902413.584550943,10732.170731707318
9415209.78914672,31832027.242377672,11219.951219512195,0.6681564916431619,9414915.052123087,31831599.886579435,10732.170731707318,9415258.70649962,31832544.069219057,10732.170731707318,9415504.526170358,31832454.59817591,11707.731707317073,9415160.871793825,31831510.41553629,11707.731707317073
9415553.443523254,31832971.425017294,11219.951219512195,1.2894027986353147,9415258.70649962,31832544.069219057,10732.170731707318,9415602.360876152,31833488.251858678,10732.170731707318,9415848.18054689,31833398.780815534,11707.731707317073,9415504.526170358,31832454.59817591,11707.731707317073
9415897.097899785,31833915.60765691,11219.951219512195,1.8788177324626523,9415602.360876152,31833488.251858678,10732.170731707318,9415946.015252685,31834432.434498295,10732.170731707318,9416191.834923422,31834342.96345515,11707.731707317073,9415848.18054689,31833398.780815534,11707.731707317073
9416240.75227632,31834859.790296532,11219.951219512195,3.030149206735948,9415946.015252685,31834432.434498295,10732.170731707318,9416289.669629218,31835376.617137916,10732.170731707318,9416535.489299955,31835287.146094773,11707.731707317073,9416191.834923422,31834342.96345515,11707.731707317073
9416584.406652851,31835803.972936157,11219.951219512195,4.3084971071433795,9416289.669629218,31835376.617137916,10732.170731707318,9416633.32400575,31836320.799777538,10732.170731707318,9416879.143676488,31836231.328734394,11707.731707317073,9416535.489299955,31835287.146094773,11707.731707317073
9416928.061029384,31836748.155575775,11219.951219512195,5.069092766881575,9416633.32400575,31836320.799777538,10732.170731707318,9416976.978382282,31837264.982417155,10732.170731707318,9417222.79805302,31837175.51137401,11707.731707317073,9416879.143676488,31836231.328734394,11707.731707317073
9417271.715405917,31837692.338215396,11219.951219512195,5.979651249473236,9416976.978382282,31837264.982417155,10732.170731707318,9417320.632758815,31838209.16505678,10732.170731707318,9417566.452429553,31838119.694013633,11707.731707317073,9417222.79805302,31837175.51137401,11707.731707317073
9417615.369782448,31838636.520855017,11219.951219512195,5.515010181495142,9417320.632758815,31838209.16505678,10732.170731707318,9417664.287135348,31839153.3476964,10732.170731707318,9417910.106806086,31839063.876653254,11707.731707317073,9417566.452429553,31838119.694013633,11707.731707317073
9417959.024158983,31839580.70349464,11219.951219512195,3.884954197136409,9417664.287135348,31839153.3476964,10732.170731707318,9418007.94151188,31840097.53033602,10732.170731707318,9418253.761182617,31840008.05929287,11707.731707317073,9417910.106806086,31839063.876653254,11707.731707317073
9418302.678535514,31840524.886134256,11219.951219512195,3.5314214829452824,9418007.94151188,31840097.53033602,10732.170731707318,9418351.595888413,31841041.71297564,10732.170731707318,9418597.41555915,31840952.241932493,11707.731707317073,9418253.761182617,31840008.05929287,11707.731707317073
9418646.332912048,31841469.068773877,11219.951219512195,4.325597363218157,9418351.595888413,31841041.71297564,10732.170731707318,9418695.250264945,31841985.89561526,10732.170731707318,9418941.069935683,31841896.424572114,11707.731707317073,9418597.41555915,31840952.241932493,11707.731707317073
9418989.98728858,31842413.251413498,11219.951219512195,5.4669622916993195,9418695.250264945,31841985.89561526,10732.170731707318,9419038.904641477,31842930.07825488,10732.170731707318,9419284.724312216,31842840.60721173,11707.731707317073,9418941.069935683,31841896.424572114,11707.731707317073
9419333.64166511,31843357.43405311,11219.951219512195,5.528535965682537,9419038.904641477,31842930.07825488,10732.170731707318,9419382.55901801,31843874.260894496,10732.170731707318,9419628.378688747,31843784.78985135,11707.731707317073,9419284.724312216,31842840.60721173,11707.731707317073
9419677.296041645,31844301.616692733,11219.951219512195,4.328458157098422,9419382.55901801,31843874.260894496,10732.170731707318,9419726.213394543,31844818.443534117,10732.170731707318,9419972.03306528,31844728.97249097,11707.731707317073,9419628.378688747,31843784.78985135,11707.731707317073
9420020.950418176,31845245.799332354,11219.951219512195,2.831554847389099,9419726.213394543,31844818.443534117,10732.170731707318,9420069.867771076,31845762.62617374,10732.170731707318,9420315.687441813,31845673.15513059,11707.731707317073,9419972.03306528,31844728.97249097,11707.731707317073
9420364.604794709,31846189.98197197,11219.951219512195,3.6928905810480295,9420069.867771076,31845762.62617374,10732.170731707318,9420413.522147607,31846706.808813356,10732.170731707318,9420659.341818346,31846617.337770212,11707.731707317073,9420315.687441813,31845673.15513059,11707.731707317073
9420708.259171242,31847134.164611593,11219.951219512195,4.537735804259255,9420413.522147607,31846706.808813356,10732.170731707318,9420757.17652414,31847650.991452977,10732.170731707318,9421002.996194879,31847561.520409834,11707.731707317073,9420659.341818346,31846617.337770212,11707.731707317073
9421051.913547773,31848078.347251214,11219.951219512195,4.564144560234531,9420757.17652414,31847650.991452977,10732.170731707318,9421100.830900673,31848595.1740926,10732.170731707318,9421346.650571411,31848505.703049455,11707.731707317073,9421002.996194879,31847561.520409834,11707.731707317073
9421395.567924308,31849022.529890835,11219.951219512195,5.22188087242681,9421100.830900673,31848595.1740926,10732.170731707318,9421444.485277206,31849539.356732216,10732.170731707318,9421690.304947944,31849449.885689072,11707.731707317073,9421346.650571411,31848505.703049455,11707.731707317073
9421739.222300839,31849966.712530456,11219.951219512195,5.61366619576248,9421444.485277206,31849539.356732216,10732.170731707318,9421788.139653739,31850483.539371837,10732.170731707318,9422033.959324475,31850394.068328694,11707.731707317073,9421690.304947944,31849449.885689072,11707.731707317073
9422082.876677373,31850910.895170078,11219.951219512195,5.4055068730900135,9421788.139653739,31850483.539371837,10732.170731707318,9422131.794030271,31851427.72201146,10732.170731707318,9422377.613701008,31851338.250968315,11707.731707317073,9422033.959324475,31850394.068328694,11707.731707317073
9422426.531053904,31851855.0778097,11219.951219512195,6.326353292399118,9422131.794030271,31851427.72201146,10732.170731707318,9422475.448406804,31852371.90465108,10732.170731707318,9422721.268077541,31852282.433607932,11707.731707317073,9422377.613701008,31851338.250968315,11707.731707317073
9422770.185430437,31852799.260449316,11219.951219512195,7.141231003235984,9422475.448406804,31852371.90465108,10732.170731707318,9422819.102783335,31853316.0872907,10732.170731707318,9423064.922454074,31853226.616247553,11707.731707317073,9422721.268077541,31852282.433607932,11707.731707317073
9423113.83980697,31853743.443088938,11219.951219512195,7.215663115123479,9422819.102783335,31853316.0872907,10732.170731707318,9423162.757159868,31854260.26993032,10732.170731707318,9423408.576830607,31854170.798887175,11707.731707317073,9423064.922454074,31853226.616247553,11707.731707317073
9423457.494183501,31854687.625728555,11219.951219512195,7.495440030304228,9423162.757159868,31854260.26993032,10732.170731707318,9423506.411536401,31855204.45256994,10732.170731707318,9423752.23120714,31855114.981526792,11707.731707317073,9423408.576830607,31854170.798887175,11707.731707317073
9423801.148560036,31855631.808368176,11219.951219512195,5.671031869573234,9423506.411536401,31855204.45256994,10732.170731707318,9423850.065912934,31856148.63520956,10732.170731707318,9424095.885583673,31856059.164166413,11707.731707317073,9423752.23120714,31855114.981526792,11707.731707317073
9424144.802936567,31856575.991007794,11219.951219512195,5.433244498400639,9423850.065912934,31856148.63520956,10732.170731707318,9424193.720289467,31857092.81784918,10732.170731707318,9424439.539960204,31857003.34680603,11707.731707317073,9424095.885583673,31856059.164166413,11707.731707317073
9424488.457313102,31857520.173647415,11219.951219512195,6.808823211361339,9424193.720289467,31857092.81784918,10732.170731707318,9424537.374666,31858037.0004888,10732.170731707318,9424783.194336737,31857947.529445652,11707.731707317073,9424439.539960204,31857003.34680603,11707.731707317073
9424832.111689633,31858464.356287036,11219.951219512195,6.864565534757707,9424537.374666,31858037.0004888,10732.170731707318,9424881.02904253,31858981.18312842,10732.170731707318,9425126.84871327,31858891.712085273,11707.731707317073,9424783.194336737,31857947.529445652,11707.731707317073
9425175.766066166,31859408.538926657,11219.951219512195,7.116430145267566,9424881.02904253,31858981.18312842,10732.170731707318,9425224.683419064,31859925.365768038,10732.170731707318,9425470.503089802,31859835.894724894,11707.731707317073,9425126.84871327,31858891.712085273,11707.731707317073
9425519.420442699,31860352.721566275,11219.951219512195,8.119864024698904,9425224.683419064,31859925.365768038,10732.170731707318,9425568.337795597,31860869.54840766,10732.170731707318,9425814.157466335,31860780.077364516,11707.731707317073,9425470.503089802,31859835.894724894,11707.731707317073
9425863.07481923,31861296.904205896,11219.951219512195,8.849803788015278,9425568.337795597,31860869.54840766,10732.170731707318,9425911.99217213,31861813.73104728,10732.170731707318,9426157.811842868,31861724.260004137,11707.731707317073,9425814.157466335,31860780.077364516,11707.731707317073
9426206.729195764,31862241.086845517,11219.951219512195,9.278556574918726,9425911.99217213,31861813.73104728,10732.170731707318,9426255.64654866,31862757.913686898,10732.170731707318,9426501.466219401,31862668.442643754,11707.731707317073,9426157.811842868,31861724.260004137,11707.731707317073
9426550.383572295,31863185.26948514,11219.951219512195,10.210144879171194,9426255.64654866,31862757.913686898,10732.170731707318,9426599.300925193,31863702.09632652,10732.170731707318,9426845.120595932,31863612.625283375,11707.731707317073,9426501.466219401,31862668.442643754,11707.731707317073
9426894.03794883,31864129.452124756,11219.951219512195,10.878586053148956,9426599.300925193,31863702.09632652,10732.170731707318,9426942.955301724,31864646.27896614,10732.170731707318,9427188.774972465,31864556.807922993,11707.731707317073,9426845.120595932,31863612.625283375,11707.731707317073
9427237.692325361,31865073.634764377,11219.951219512195,10.09098490413986,9426942.955301724,31864646.27896614,10732.170731707318,9427286.609678257,31865590.46160576,10732.170731707318,9427532.429348998,31865500.990562614,11707.731707317073,9427188.774972465,31864556.807922993,11707.731707317073
9427581.346701894,31866017.817404,11219.951219512195,9.875381388364174,9427286.609678257,31865590.46160576,10732.170731707318,9427630.26405479,31866534.644245382,10732.170731707318,9427876.08372553,31866445.173202235,11707.731707317073,9427532.429348998,31865500.990562614,11707.731707317073
9427925.001078427,31866962.000043616,11219.951219512195,9.056479967118104,9427630.26405479,31866534.644245382,10732.170731707318,9427973.918431323,31867478.826885,10732.170731707318,9428219.738102062,31867389.355841853,11707.731707317073,9427876.08372553,31866445.173202235,11707.731707317073
9428268.655454958,31867906.182683237,11219.951219512195,8.940822110100656,9427973.918431323,31867478.826885,10732.170731707318,9428317.572807856,31868423.00952462,10732.170731707318,9428563.392478595,31868333.538481474,11707.731707317073,9428219.738102062,31867389.355841853,11707.731707317073
9428612.309831493,31868850.365322858,11219.951219512195,8.44334752000899,9428317.572807856,31868423.00952462,10732.170731707318,9428661.227184389,31869367.192164242,10732.170731707318,9428907.046855127,31869277.72112109,11707.731707317073,9428563.392478595,31868333.538481474,11707.731707317073
9428955.964208024,31869794.547962476,11219.951219512195,8.916610752692815,9428661.227184389,31869367.192164242,10732.170731707318,9429004.88156092,31870311.37480386,10732.170731707318,9429250.70123166,31870221.903760713,11707.731707317073,9428907.046855127,31869277.72112109,11707.731707317073
9429299.618584555,31870738.730602097,11219.951219512195,8.665820564540368,9429004.88156092,31870311.37480386,10732.170731707318,9429348.535937453,31871255.55744348,10732.170731707318,9429594.355608193,31871166.086400334,11707.731707317073,9429250.70123166,31870221.903760713,11707.731707317073
9429643.27296109,31871682.913241718,11219.951219512195,8.606798944777452,9429348.535937453,31871255.55744348,10732.170731707318,9429692.190313986,31872199.7400831,10732.170731707318,9429938.009984726,31872110.26903995,11707.731707317073,9429594.355608193,31871166.086400334,11707.731707317073
9429986.927337622,31872627.095881335,11219.951219512195,7.847471282736082,9429692.190313986,31872199.7400831,10732.170731707318,9430035.844690518,31873143.92272272,10732.170731707318,9430281.664361259,31873054.451679576,11707.731707317073,9429938.009984726,31872110.26903995,11707.731707317073
9430330.581714155,31873571.278520957,11219.951219512195,5.281499614418622,9430035.844690518,31873143.92272272,10732.170731707318,9430379.499067051,31874088.10536234,10732.170731707318,9430625.31873779,31873998.634319197,11707.731707317073,9430281.664361259,31873054.451679576,11707.731707317073
9430674.236090686,31874515.461160574,11219.951219512195,2.9674746266826624,9430379.499067051,31874088.10536234,10732.170731707318,9430723.153443584,31875032.28800196,10732.170731707318,9430968.973114323,31874942.816958815,11707.731707317073,9430625.31873779,31873998.634319197,11707.731707317073
9431017.89046722,31875459.6438002,11219.951219512195,1.4010945967631194,9430723.153443584,31875032.28800196,10732.170731707318,9431066.807820117,31875976.47064158,10732.170731707318,9431312.627490856,31875886.999598436,11707.731707317073,9430968.973114323,31874942.816958815,11707.731707317073
9431361.544843752,31876403.82643982,11219.951219512195,0.8089502287997603,9431066.807820117,31875976.47064158,10732.170731707318,9431410.462196648,31876920.6532812,10732.170731707318,9431656.281867389,31876831.182238057,11707.731707317073,9431312.627490856,31875886.999598436,11707.731707317073
9431705.199220283,31877348.009079438,11219.951219512195,0.5439490535834233,9431410.462196648,31876920.6532812,10732.170731707318,9431754.116573181,31877864.835920822,10732.170731707318,9431999.936243922,31877775.364877675,11707.731707317073,9431656.281867389,31876831.182238057,11707.731707317073
9432048.853596818,31878292.19171906,11219.951219512195,0.5521175604613089,9431754.116573181,31877864.835920822,10732.170731707318,9432097.770949714,31878809.018560443,10732.170731707318,9432343.590620454,31878719.547517296,11707.731707317073,9431999.936243922,31877775.364877675,11707.731707317073
9432392.50797335,31879236.37435868,11219.951219512195,0.5338060407625365,9432097.770949714,31878809.018560443,10732.170731707318,9432441.425326247,31879753.201200064,10732.170731707318,9432687.244996987,31879663.730156917,11707.731707317073,9432343.590620454,31878719.547517296,11707.731707317073
9432736.162349883,31880180.5569983,11219.951219512195,0.5313954380500224,9432441.425326247,31879753.201200064,10732.170731707318,9432785.07970278,31880697.38383968,10732.170731707318,9433030.899373518,31880607.912796535,11707.731707317073,9432687.244996987,31879663.730156917,11707.731707317073
9433079.816726414,31881124.73963792,11219.951219512195,0.5137858170674258,9432785.07970278,31880697.38383968,10732.170731707318,9433128.734079313,31881641.566479303,10732.170731707318,9433374.553750051,31881552.095436156,11707.731707317073,9433030.899373518,31880607.912796535,11707.731707317073
9433423.47110295,31882068.92227754,11219.951219512195,0.6037851958607138,9433128.734079313,31881641.566479303,10732.170731707318,9433472.388455845,31882585.749118924,10732.170731707318,9433718.208126584,31882496.278075777,11707.731707317073,9433374.553750051,31881552.095436156,11707.731707317073
9433767.12547948,31883013.10491716,11219.951219512195,0.9465125200930461,9433472.388455845,31882585.749118924,10732.170731707318,9433816.042832376,31883529.93175854,10732.170731707318,9434061.862503117,31883440.460715394,11707.731707317073,9433718.208126584,31882496.278075777,11707.731707317073
9434110.779856011,31883957.28755678,11219.951219512195,1.0377833014032156,9433816.042832376,31883529.93175854,10732.170731707318,9434159.69720891,31884474.114398163,10732.170731707318,9434405.51687965,31884384.643355016,11707.731707317073,9434061.862503117,31883440.460715394,11707.731707317073
9434454.434232546,31884901.470196396,11219.951219512195,1.0988347243499432,9434159.69720891,31884474.114398163,10732.170731707318,9434503.351585442,31885418.297037784,10732.170731707318,9434749.171256183,31885328.825994633,11707.731707317073,9434405.51687965,31884384.643355016,11707.731707317073
9434798.088609079,31885845.652836017,11219.951219512195,1.1348780049452265,9434503.351585442,31885418.297037784,10732.170731707318,9434847.005961975,31886362.4796774,10732.170731707318,9435092.825632716,31886273.008634258,11707.731707317073,9434749.171256183,31885328.825994633,11707.731707317073
9435141.742985612,31886789.835475635,11219.951219512195,1.012290310784548,9434847.005961975,31886362.4796774,10732.170731707318,9435190.660338508,31887306.66231702,10732.170731707318,9435436.480009247,31887217.191273876,11707.731707317073,9435092.825632716,31886273.008634258,11707.731707317073
9435485.397362143,31887734.018115256,11219.951219512195,1.2066329944307677,9435190.660338508,31887306.66231702,10732.170731707318,9435534.314715039,31888250.84495664,10732.170731707318,9435780.13438578,31888161.373913497,11707.731707317073,9435436.480009247,31887217.191273876,11707.731707317073
9435829.051738676,31888678.20075488,11219.951219512195,0.9701900371051613,9435534.314715039,31888250.84495664,10732.170731707318,9435877.969091572,31889195.02759626,10732.170731707318,9436123.788762312,31889105.556553118,11707.731707317073,9435780.13438578,31888161.373913497,11707.731707317073
9436172.706115209,31889622.3833945,11219.951219512195,0.9326663455322076,9435877.969091572,31889195.02759626,10732.170731707318,9436221.623468105,31890139.21023588,10732.170731707318,9436467.443138845,31890049.739192735,11707.731707317073,9436123.788762312,31889105.556553118,11707.731707317073
9436516.36049174,31890566.56603412,11219.951219512195,1.1492345159966963,9436221.623468105,31890139.21023588,10732.170731707318,9436565.277844638,31891083.3928755,10732.170731707318,9436811.097515378,31890993.921832357,11707.731707317073,9436467.443138845,31890049.739192735,11707.731707317073
9436860.014868274,31891510.74867374,11219.951219512195,1.1859431493032973,9436565.277844638,31891083.3928755,10732.170731707318,9436908.93222117,31892027.575515125,10732.170731707318,9437154.75189191,31891938.104471978,11707.731707317073,9436811.097515378,31890993.921832357,11707.731707317073
9437203.669244805,31892454.931313362,11219.951219512195,1.1954472336921915,9436908.93222117,31892027.575515125,10732.170731707318,9437252.586597703,31892971.758154742,10732.170731707318,9437498.406268442,31892882.287111595,11707.731707317073,9437154.75189191,31891938.104471978,11707.731707317073
9437547.32362134,31893399.11395298,11219.951219512195,0.8694293079283518,9437252.586597703,31892971.758154742,10732.170731707318,9437596.240974236,31893915.940794364,10732.170731707318,9437842.060644975,31893826.469751216,11707.731707317073,9437498.406268442,31892882.287111595,11707.731707317073
9437890.977997871,31894343.2965926,11219.951219512195,0.8298886827488255,9437596.240974236,31893915.940794364,10732.170731707318,9437939.895350767,31894860.123433985,10732.170731707318,9438185.715021508,31894770.652390838,11707.731707317073,9437842.060644975,31893826.469751216,11707.731707317073
9438234.632374404,31895287.479232218,11219.951219512195,0.6206105853071351,9437939.895350767,31894860.123433985,10732.170731707318,9438283.5497273,31895804.306073602,10732.170731707318,9438529.36939804,31895714.835030455,11707.731707317073,9438185.715021508,31894770.652390838,11707.731707317073
9438578.286750937,31896231.66187184,11219.951219512195,0.7543511443714004,9438283.5497273,31895804.306073602,10732.170731707318,9438627.204103833,31896748.488713223,10732.170731707318,9438873.023774574,31896659.017670076,11707.731707317073,9438529.36939804,31895714.835030455,11707.731707317073
9438921.941127468,31897175.844511457,11219.951219512195,1.2460328559474294,9438627.204103833,31896748.488713223,10732.170731707318,9438970.858480366,31897692.671352845,10732.170731707318,9439216.678151106,31897603.200309694,11707.731707317073,9438873.023774574,31896659.017670076,11707.731707317073
9439265.595504003,31898120.027151078,11219.951219512195,1.2822211566862718,9438970.858480366,31897692.671352845,10732.170731707318,9439314.512856899,31898636.853992462,10732.170731707318,9439560.332527637,31898547.382949315,11707.731707317073,9439216.678151106,31897603.200309694,11707.731707317073
9439609.249880534,31899064.2097907,11219.951219512195,1.4371818395241975,9439314.512856899,31898636.853992462,10732.170731707318,9439658.167233432,31899581.036632083,10732.170731707318,9439903.98690417,31899491.56558894,11707.731707317073,9439560.332527637,31898547.382949315,11707.731707317073
9439952.904257068,31900008.39243032,11219.951219512195,1.0562612071909654,9439658.167233432,31899581.036632083,10732.170731707318,9440001.821609963,31900525.2192717,10732.170731707318,9440247.641280703,31900435.748228557,11707.731707317073,9439903.98690417,31899491.56558894,11707.731707317073
9440296.5586336,31900952.575069938,11219.951219512195,1.1405081861231676,9440001.821609963,31900525.2192717,10732.170731707318,9440345.475986496,31901469.401911322,10732.170731707318,9440591.295657236,31901379.93086818,11707.731707317073,9440247.641280703,31900435.748228557,11707.731707317073
9440640.213010132,31901896.757709563,11219.951219512195,1.2733742520371698,9440345.475986496,31901469.401911322,10732.170731707318,9440689.130363028,31902413.584550943,10732.170731707318,9440934.950033769,31902324.1135078,11707.731707317073,9440591.295657236,31901379.93086818,11707.731707317073
9440983.867386665,31902840.940349184,11219.951219512195,1.347134212999809,9440689.130363028,31902413.584550943,10732.170731707318,9441032.784739561,31903357.76719056,10732.170731707318,9441278.604410302,31903268.296147417,11707.731707317073,9440934.950033769,31902324.1135078,11707.731707317073
9415455.608817462,31831937.77133453,12195.512195121953,1.08583916531478,9415160.871793825,31831510.41553629,11707.731707317073,9415504.526170358,31832454.59817591,11707.731707317073,9415750.345841095,31832365.127132766,12683.292682926829,9415406.691464562,31831420.944493145,12683.292682926829
9415799.263193993,31832881.95397415,12195.512195121953,1.7137050020532618,9415504.526170358,31832454.59817591,11707.731707317073,9415848.18054689,31833398.780815534,11707.731707317073,9416094.000217628,31833309.309772387,12683.292682926829,9415750.345841095,31832365.127132766,12683.292682926829
9416142.917570526,31833826.136613768,12195.512195121953,2.584065474911823,9415848.18054689,31833398.780815534,11707.731707317073,9416191.834923422,31834342.96345515,11707.731707317073,9416437.65459416,31834253.492412005,12683.292682926829,9416094.000217628,31833309.309772387,12683.292682926829
9416486.571947059,31834770.31925339,12195.512195121953,3.0463642103868938,9416191.834923422,31834342.96345515,11707.731707317073,9416535.489299955,31835287.146094773,11707.731707317073,9416781.308970693,31835197.675051626,12683.292682926829,9416437.65459416,31834253.492412005,12683.292682926829
9416830.22632359,31835714.50189301,12195.512195121953,4.066946947610806,9416535.489299955,31835287.146094773,11707.731707317073,9416879.143676488,31836231.328734394,11707.731707317073,9417124.963347226,31836141.857691247,12683.292682926829,9416781.308970693,31835197.675051626,12683.292682926829
9417173.880700124,31836658.684532627,12195.512195121953,4.764918402729595,9416879.143676488,31836231.328734394,11707.731707317073,9417222.79805302,31837175.51137401,11707.731707317073,9417468.617723757,31837086.040330864,12683.292682926829,9417124.963347226,31836141.857691247,12683.292682926829
9417517.535076655,31837602.86717225,12195.512195121953,3.4261292148222164,9417222.79805302,31837175.51137401,11707.731707317073,9417566.452429553,31838119.694013633,11707.731707317073,9417812.27210029,31838030.222970486,12683.292682926829,9417468.617723757,31837086.040330864,12683.292682926829
9417861.18945319,31838547.04981187,12195.512195121953,4.232822642958222,9417566.452429553,31838119.694013633,11707.731707317073,9417910.106806086,31839063.876653254,11707.731707317073,9418155.926476823,31838974.405610107,12683.292682926829,9417812.27210029,31838030.222970486,12683.292682926829
9418204.843829721,31839491.23245149,12195.512195121953,3.9318131371348763,9417910.106806086,31839063.876653254,11707.731707317073,9418253.761182617,31840008.05929287,11707.731707317073,9418499.580853356,31839918.588249724,12683.292682926829,9418155.926476823,31838974.405610107,12683.292682926829
9418548.498206254,31840435.41509111,12195.512195121953,4.919647042033226,9418253.761182617,31840008.05929287,11707.731707317073,9418597.41555915,31840952.241932493,11707.731707317073,9418843.235229889,31840862.770889346,12683.292682926829,9418499.580853356,31839918.588249724,12683.292682926829
9418892.152582787,31841379.59773073,12195.512195121953,4.988885570225113,9418597.41555915,31840952.241932493,11707.731707317073,9418941.069935683,31841896.424572114,11707.731707317073,9419186.889606422,31841806.95352897,12683.292682926829,9418843.235229889,31840862.770889346,12683.292682926829
9419235.806959318,31842323.78037035,12195.512195121953,4.710798835723117,9418941.069935683,31841896.424572114,11707.731707317073,9419284.724312216,31842840.60721173,11707.731707317073,9419530.543982953,31842751.136168588,12683.292682926829,9419186.889606422,31841806.95352897,12683.292682926829
9419579.46133585,31843267.963009965,12195.512195121953,5.868742982131158,9419284.724312216,31842840.60721173,11707.731707317073,9419628.378688747,31843784.78985135,11707.731707317073,9419874.198359486,31843695.318808205,12683.292682926829,9419530.543982953,31842751.136168588,12683.292682926829
9419923.115712384,31844212.14564959,12195.512195121953,6.880939465066583,9419628.378688747,31843784.78985135,11707.731707317073,9419972.03306528,31844728.97249097,11707.731707317073,9420217.852736019,31844639.501447827,12683.292682926829,9419874.198359486,31843695.318808205,12683.292682926829
9420266.770088915,31845156.32828921,12195.512195121953,6.588898691907888,9419972.03306528,31844728.97249097,11707.731707317073,9420315.687441813,31845673.15513059,11707.731707317073,9420561.507112551,31845583.684087448,12683.292682926829,9420217.852736019,31844639.501447827,12683.292682926829
9420610.42446545,31846100.51092883,12195.512195121953,8.258997938919837,9420315.687441813,31845673.15513059,11707.731707317073,9420659.341818346,31846617.337770212,11707.731707317073,9420905.161489084,31846527.866727065,12683.292682926829,9420561.507112551,31845583.684087448,12683.292682926829
9420954.07884198,31847044.69356845,12195.512195121953,8.689004273461846,9420659.341818346,31846617.337770212,11707.731707317073,9421002.996194879,31847561.520409834,11707.731707317073,9421248.815865615,31847472.049366686,12683.292682926829,9420905.161489084,31846527.866727065,12683.292682926829
9421297.733218515,31847988.87620807,12195.512195121953,7.682960603003734,9421002.996194879,31847561.520409834,11707.731707317073,9421346.650571411,31848505.703049455,11707.731707317073,9421592.470242148,31848416.232006308,12683.292682926829,9421248.815865615,31847472.049366686,12683.292682926829
9421641.387595046,31848933.05884769,12195.512195121953,6.377179511491522,9421346.650571411,31848505.703049455,11707.731707317073,9421690.304947944,31849449.885689072,11707.731707317073,9421936.124618681,31849360.414645925,12683.292682926829,9421592.470242148,31848416.232006308,12683.292682926829
9421985.04197158,31849877.24148731,12195.512195121953,5.832725915066034,9421690.304947944,31849449.885689072,11707.731707317073,9422033.959324475,31850394.068328694,11707.731707317073,9422279.778995214,31850304.597285546,12683.292682926829,9421936.124618681,31849360.414645925,12683.292682926829
9422328.696348112,31850821.42412693,12195.512195121953,5.620110926711086,9422033.959324475,31850394.068328694,11707.731707317073,9422377.613701008,31851338.250968315,11707.731707317073,9422623.433371747,31851248.779925168,12683.292682926829,9422279.778995214,31850304.597285546,12683.292682926829
9422672.350724643,31851765.60676655,12195.512195121953,4.986688815918778,9422377.613701008,31851338.250968315,11707.731707317073,9422721.268077541,31852282.433607932,11707.731707317073,9422967.08774828,31852192.962564785,12683.292682926829,9422623.433371747,31851248.779925168,12683.292682926829
9423016.005101178,31852709.78940617,12195.512195121953,6.195969670052046,9422721.268077541,31852282.433607932,11707.731707317073,9423064.922454074,31853226.616247553,11707.731707317073,9423310.742124813,31853137.145204406,12683.292682926829,9422967.08774828,31852192.962564785,12683.292682926829
9423359.659477709,31853653.972045787,12195.512195121953,7.479003617432253,9423064.922454074,31853226.616247553,11707.731707317073,9423408.576830607,31854170.798887175,11707.731707317073,9423654.396501344,31854081.327844024,12683.292682926829,9423310.742124813,31853137.145204406,12683.292682926829
9423703.313854244,31854598.154685408,12195.512195121953,6.581846042827739,9423408.576830607,31854170.798887175,11707.731707317073,9423752.23120714,31855114.981526792,11707.731707317073,9423998.050877877,31855025.51048365,12683.292682926829,9423654.396501344,31854081.327844024,12683.292682926829
9424046.968230775,31855542.33732503,12195.512195121953,6.039031038758801,9423752.23120714,31855114.981526792,11707.731707317073,9424095.885583673,31856059.164166413,11707.731707317073,9424341.70525441,31855969.69312327,12683.292682926829,9423998.050877877,31855025.51048365,12683.292682926829
9424390.622607308,31856486.519964647,12195.512195121953,7.12299613798901,9424095.885583673,31856059.164166413,11707.731707317073,9424439.539960204,31857003.34680603,11707.731707317073,9424685.359630942,31856913.875762887,12683.292682926829,9424341.70525441,31855969.69312327,12683.292682926829
9424734.27698384,31857430.70260427,12195.512195121953,8.34684373639712,9424439.539960204,31857003.34680603,11707.731707317073,9424783.194336737,31857947.529445652,11707.731707317073,9425029.014007475,31857858.05840251,12683.292682926829,9424685.359630942,31856913.875762887,12683.292682926829
9425077.931360371,31858374.885243893,12195.512195121953,7.7221711497599665,9424783.194336737,31857947.529445652,11707.731707317073,9425126.84871327,31858891.712085273,11707.731707317073,9425372.668384008,31858802.24104213,12683.292682926829,9425029.014007475,31857858.05840251,12683.292682926829
9425421.585736906,31859319.067883514,12195.512195121953,7.511166172305348,9425126.84871327,31858891.712085273,11707.731707317073,9425470.503089802,31859835.894724894,11707.731707317073,9425716.322760541,31859746.423681747,12683.292682926829,9425372.668384008,31858802.24104213,12683.292682926829
9425765.240113437,31860263.25052313,12195.512195121953,8.134314720382331,9425470.503089802,31859835.894724894,11707.731707317073,9425814.157466335,31860780.077364516,11707.731707317073,9426059.977137072,31860690.60632137,12683.292682926829,9425716.322760541,31859746.423681747,12683.292682926829
9426108.894489972,31861207.433162753,12195.512195121953,8.642732331001698,9425814.157466335,31860780.077364516,11707.731707317073,9426157.811842868,31861724.260004137,11707.731707317073,9426403.631513605,31861634.78896099,12683.292682926829,9426059.977137072,31860690.60632137,12683.292682926829
9426452.548866503,31862151.615802374,12195.512195121953,9.656998761544795,9426157.811842868,31861724.260004137,11707.731707317073,9426501.466219401,31862668.442643754,11707.731707317073,9426747.285890138,31862578.971600607,12683.292682926829,9426403.631513605,31861634.78896099,12683.292682926829
9426796.203243036,31863095.79844199,12195.512195121953,9.703802957465511,9426501.466219401,31862668.442643754,11707.731707317073,9426845.120595932,31863612.625283375,11707.731707317073,9427090.94026667,31863523.15424023,12683.292682926829,9426747.285890138,31862578.971600607,12683.292682926829
9427139.857619569,31864039.98108161,12195.512195121953,9.814278854750262,9426845.120595932,31863612.625283375,11707.731707317073,9427188.774972465,31864556.807922993,11707.731707317073,9427434.594643204,31864467.336879846,12683.292682926829,9427090.94026667,31863523.15424023,12683.292682926829
9427483.5119961,31864984.16372123,12195.512195121953,9.701441421910692,9427188.774972465,31864556.807922993,11707.731707317073,9427532.429348998,31865500.990562614,11707.731707317073,9427778.249019735,31865411.519519467,12683.292682926829,9427434.594643204,31864467.336879846,12683.292682926829
9427827.166372634,31865928.34636085,12195.512195121953,8.911266221076918,9427532.429348998,31865500.990562614,11707.731707317073,9427876.08372553,31866445.173202235,11707.731707317073,9428121.903396267,31866355.702159084,12683.292682926829,9427778.249019735,31865411.519519467,12683.292682926829
9428170.820749165,31866872.52900047,12195.512195121953,8.104337939423747,9427876.08372553,31866445.173202235,11707.731707317073,9428219.738102062,31867389.355841853,11707.731707317073,9428465.5577728,31867299.884798706,12683.292682926829,9428121.903396267,31866355.702159084,12683.292682926829
9428514.475125697,31867816.71164009,12195.512195121953,7.572142849989526,9428219.738102062,31867389.355841853,11707.731707317073,9428563.392478595,31868333.538481474,11707.731707317073,9428809.212149333,31868244.06743833,12683.292682926829,9428465.5577728,31867299.884798706,12683.292682926829
9428858.129502231,31868760.894279707,12195.512195121953,6.423067745931253,9428563.392478595,31868333.538481474,11707.731707317073,9428907.046855127,31869277.72112109,11707.731707317073,9429152.866525866,31869188.250077948,12683.292682926829,9428809.212149333,31868244.06743833,12683.292682926829
9429201.783878764,31869705.07691933,12195.512195121953,7.217647895434244,9428907.046855127,31869277.72112109,11707.731707317073,9429250.70123166,31870221.903760713,11707.731707317073,9429496.520902399,31870132.43271757,12683.292682926829,9429152.866525866,31869188.250077948,12683.292682926829
9429545.438255297,31870649.259558953,12195.512195121953,8.689543195294712,9429250.70123166,31870221.903760713,11707.731707317073,9429594.355608193,31871166.086400334,11707.731707317073,9429840.17527893,31871076.61535719,12683.292682926829,9429496.520902399,31870132.43271757,12683.292682926829
9429889.092631828,31871593.442198575,12195.512195121953,6.560128957083714,9429594.355608193,31871166.086400334,11707.731707317073,9429938.009984726,31872110.26903995,11707.731707317073,9430183.829655463,31872020.797996808,12683.292682926829,9429840.17527893,31871076.61535719,12683.292682926829
9430232.747008363,31872537.624838192,12195.512195121953,4.672117936754567,9429938.009984726,31872110.26903995,11707.731707317073,9430281.664361259,31873054.451679576,11707.731707317073,9430527.484031996,31872964.98063643,12683.292682926829,9430183.829655463,31872020.797996808,12683.292682926829
9430576.401384894,31873481.807477813,12195.512195121953,4.233596152619445,9430281.664361259,31873054.451679576,11707.731707317073,9430625.31873779,31873998.634319197,11707.731707317073,9430871.138408529,31873909.16327605,12683.292682926829,9430527.484031996,31872964.98063643,12683.292682926829
9430920.055761425,31874425.99011743,12195.512195121953,3.2874708052909316,9430625.31873779,31873998.634319197,11707.731707317073,9430968.973114323,31874942.816958815,11707.731707317073,9431214.792785062,31874853.345915668,12683.292682926829,9430871.138408529,31873909.16327605,12683.292682926829
9431263.71013796,31875370.172757052,12195.512195121953,1.6756195481776028,9430968.973114323,31874942.816958815,11707.731707317073,9431312.627490856,31875886.999598436,11707.731707317073,9431558.447161594,31875797.52855529,12683.292682926829,9431214.792785062,31874853.345915668,12683.292682926829
9431607.364514492,31876314.355396673,12195.512195121953,0.9187549377095489,9431312.627490856,31875886.999598436,11707.731707317073,9431656.281867389,31876831.182238057,11707.731707317073,9431902.101538127,31876741.71119491,12683.292682926829,9431558.447161594,31875797.52855529,12683.292682926829
9431951.018891025,31877258.53803629,12195.512195121953,0.5877215646559327,9431656.281867389,31876831.182238057,11707.731707317073,9431999.936243922,31877775.364877675,11707.731707317073,9432245.755914658,31877685.893834528,12683.292682926829,9431902.101538127,31876741.71119491,12683.292682926829
9432294.673267556,31878202.72067591,12195.512195121953,0.5042001291918531,9431999.936243922,31877775.364877675,11707.731707317073,9432343.590620454,31878719.547517296,11707.731707317073,9432589.410291191,31878630.07647415,12683.292682926829,9432245.755914658,31877685.893834528,12683.292682926829
9432638.327644091,31879146.903315533,12195.512195121953,0.48810656472892106,9432343.590620454,31878719.547517296,11707.731707317073,9432687.244996987,31879663.730156917,11707.731707317073,9432933.064667724,31879574.25911377,12683.292682926829,9432589.410291191,31878630.07647415,12683.292682926829
9432981.982020622,31880091.085955154,12195.512195121953,0.588690124499897,9432687.244996987,31879663.730156917,11707.731707317073,9433030.899373518,31880607.912796535,11707.731707317073,9433276.719044257,31880518.441753387,12683.292682926829,9432933.064667724,31879574.25911377,12683.292682926829
9433325.636397153,31881035.26859477,12195.512195121953,0.8921607802017867,9433030.899373518,31880607.912796535,11707.731707317073,9433374.553750051,31881552.095436156,11707.731707317073,9433620.37342079,31881462.624393012,12683.292682926829,9433276.719044257,31880518.441753387,12683.292682926829
9433669.290773686,31881979.451234393,12195.512195121953,0.9918193212480703,9433374.553750051,31881552.095436156,11707.731707317073,9433718.208126584,31882496.278075777,11707.731707317073,9433964.027797323,31882406.80703263,12683.292682926829,9433620.37342079,31881462.624393012,12683.292682926829
9434012.945150219,31882923.633874014,12195.512195121953,1.2945036229443825,9433718.208126584,31882496.278075777,11707.731707317073,9434061.862503117,31883440.460715394,11707.731707317073,9434307.682173856,31883350.98967225,12683.292682926829,9433964.027797323,31882406.80703263,12683.292682926829
9434356.599526752,31883867.816513635,12195.512195121953,1.4011852571248282,9434061.862503117,31883440.460715394,11707.731707317073,9434405.51687965,31884384.643355016,11707.731707317073,9434651.336550387,31884295.172311872,12683.292682926829,9434307.682173856,31883350.98967225,12683.292682926829
9434700.253903285,31884811.999153253,12195.512195121953,1.2045337886962713,9434405.51687965,31884384.643355016,11707.731707317073,9434749.171256183,31885328.825994633,11707.731707317073,9434994.99092692,31885239.35495149,12683.292682926829,9434651.336550387,31884295.172311872,12683.292682926829
9435043.908279818,31885756.181792874,12195.512195121953,1.2254834413081765,9434749.171256183,31885328.825994633,11707.731707317073,9435092.825632716,31886273.008634258,11707.731707317073,9435338.645303452,31886183.53759111,12683.292682926829,9434994.99092692,31885239.35495149,12683.292682926829
9435387.562656349,31886700.36443249,12195.512195121953,0.9956215590423145,9435092.825632716,31886273.008634258,11707.731707317073,9435436.480009247,31887217.191273876,11707.731707317073,9435682.299679985,31887127.72023073,12683.292682926829,9435338.645303452,31886183.53759111,12683.292682926829
9435731.21703288,31887644.547072113,12195.512195121953,0.7741265936823247,9435436.480009247,31887217.191273876,11707.731707317073,9435780.13438578,31888161.373913497,11707.731707317073,9436025.954056518,31888071.90287035,12683.292682926829,9435682.299679985,31887127.72023073,12683.292682926829
9436074.871409414,31888588.729711734,12195.512195121953,0.9309639794472484,9435780.13438578,31888161.373913497,11707.731707317073,9436123.788762312,31889105.556553118,11707.731707317073,9436369.60843305,31889016.08550997,12683.292682926829,9436025.954056518,31888071.90287035,12683.292682926829
9436418.525785945,31889532.91235135,12195.512195121953,0.7856800813186674,9436123.788762312,31889105.556553118,11707.731707317073,9436467.443138845,31890049.739192735,11707.731707317073,9436713.262809582,31889960.26814959,12683.292682926829,9436369.60843305,31889016.08550997,12683.292682926829
9436762.18016248,31890477.094990972,12195.512195121953,0.8437374697700007,9436467.443138845,31890049.739192735,11707.731707317073,9436811.097515378,31890993.921832357,11707.731707317073,9437056.917186115,31890904.45078921,12683.292682926829,9436713.262809582,31889960.26814959,12683.292682926829
9437105.834539011,31891421.277630594,12195.512195121953,0.9345940149859435,9436811.097515378,31890993.921832357,11707.731707317073,9437154.75189191,31891938.104471978,11707.731707317073,9437400.571562648,31891848.63342883,12683.292682926829,9437056.917186115,31890904.45078921,12683.292682926829
9437449.488915544,31892365.460270215,12195.512195121953,0.9182986287636654,9437154.75189191,31891938.104471978,11707.731707317073,9437498.406268442,31892882.287111595,11707.731707317073,9437744.22593918,31892792.816068448,12683.292682926829,9437400.571562648,31891848.63342883,12683.292682926829
9437793.143292077,31893309.642909832,12195.512195121953,0.8574692614992772,9437498.406268442,31892882.287111595,11707.731707317073,9437842.060644975,31893826.469751216,11707.731707317073,9438087.880315714,31893736.99870807,12683.292682926829,9437744.22593918,31892792.816068448,12683.292682926829
9438136.797668608,31894253.82554945,12195.512195121953,0.9068711777036124,9437842.060644975,31893826.469751216,11707.731707317073,9438185.715021508,31894770.652390838,11707.731707317073,9438431.534692246,31894681.18134769,12683.292682926829,9438087.880315714,31893736.99870807,12683.292682926829
9438480.452045143,31895198.00818907,12195.512195121953,1.4143162168923444,9438185.715021508,31894770.652390838,11707.731707317073,9438529.36939804,31895714.835030455,11707.731707317073,9438775.189068777,31895625.36398731,12683.292682926829,9438431.534692246,31894681.18134769,12683.292682926829
9438824.106421674,31896142.190828692,12195.512195121953,1.6009573313114338,9438529.36939804,31895714.835030455,11707.731707317073,9438873.023774574,31896659.017670076,11707.731707317073,9439118.84344531,31896569.546626933,12683.292682926829,9438775.189068777,31895625.36398731,12683.292682926829
9439167.760798208,31897086.373468313,12195.512195121953,1.5897053290647563,9438873.023774574,31896659.017670076,11707.731707317073,9439216.678151106,31897603.200309694,11707.731707317073,9439462.497821843,31897513.72926655,12683.292682926829,9439118.84344531,31896569.546626933,12683.292682926829
9439511.41517474,31898030.556107935,12195.512195121953,1.2088649665960198,9439216.678151106,31897603.200309694,11707.731707317073,9439560.332527637,31898547.382949315,11707.731707317073,9439806.152198376,31898457.91190617,12683.292682926829,9439462.497821843,31897513.72926655,12683.292682926829
9439855.069551272,31898974.738747556,12195.512195121953,0.7549452148314617,9439560.332527637,31898547.382949315,11707.731707317073,9439903.98690417,31899491.56558894,11707.731707317073,9440149.806574909,31899402.094545793,12683.292682926829,9439806.152198376,31898457.91190617,12683.292682926829
9440198.723927805,31899918.921387177,12195.512195121953,0.714809483290328,9439903.98690417,31899491.56558894,11707.731707317073,9440247.641280703,31900435.748228557,11707.731707317073,9440493.460951442,31900346.27718541,12683.292682926829,9440149.806574909,31899402.094545793,12683.292682926829
9440542.378304336,31900863.104026794,12195.512195121953,1.3133605953523815,9440247.641280703,31900435.748228557,11707.731707317073,9440591.295657236,31901379.93086818,11707.731707317073,9440837.115327975,31901290.45982503,12683.292682926829,9440493.460951442,31900346.27718541,12683.292682926829
9440886.032680871,31901807.286666416,12195.512195121953,1.6136746491728033,9440591.295657236,31901379.93086818,11707.731707317073,9440934.950033769,31902324.1135078,11707.731707317073,9441180.769704506,31902234.642464653,12683.292682926829,9440837.115327975,31901290.45982503,12683.292682926829
9441229.687057402,31902751.469306037,12195.512195121953,1.4731499322524229,9440934.950033769,31902324.1135078,11707.731707317073,9441278.604410302,31903268.296147417,11707.731707317073,9441524.424081039,31903178.82510427,12683.292682926829,9441180.769704506,31902234.642464653,12683.292682926829
9415701.428488199,31831848.30029138,13171.073170731708,1.504088493893188,9415406.691464562,31831420.944493145,12683.292682926829,9415750.345841095,31832365.127132766,12683.292682926829,9415996.165511835,31832275.65608962,13658.853658536585,9415652.511135302,31831331.473449998,13658.853658536585
9416045.08286473,31832792.482931003,13171.073170731708,2.630675962700349,9415750.345841095,31832365.127132766,12683.292682926829,9416094.000217628,31833309.309772387,12683.292682926829,9416339.819888368,31833219.83872924,13658.853658536585,9415996.165511835,31832275.65608962,13658.853658536585
9416388.737241264,31833736.66557062,13171.073170731708,2.8687465265533767,9416094.000217628,31833309.309772387,12683.292682926829,9416437.65459416,31834253.492412005,12683.292682926829,9416683.4742649,31834164.021368857,13658.853658536585,9416339.819888368,31833219.83872924,13658.853658536585
9416732.391617795,31834680.84821024,13171.073170731708,2.4237411397382194,9416437.65459416,31834253.492412005,12683.292682926829,9416781.308970693,31835197.675051626,12683.292682926829,9417027.128641432,31835108.20400848,13658.853658536585,9416683.4742649,31834164.021368857,13658.853658536585
9417076.04599433,31835625.030849863,13171.073170731708,3.2335328872199627,9416781.308970693,31835197.675051626,12683.292682926829,9417124.963347226,31836141.857691247,12683.292682926829,9417370.783017965,31836052.3866481,13658.853658536585,9417027.128641432,31835108.20400848,13658.853658536585
9417419.700370861,31836569.21348948,13171.073170731708,3.3273234010553696,9417124.963347226,31836141.857691247,12683.292682926829,9417468.617723757,31837086.040330864,12683.292682926829,9417714.437394498,31836996.56928772,13658.853658536585,9417370.783017965,31836052.3866481,13658.853658536585
9417763.354747394,31837513.3961291,13171.073170731708,4.0819442356224975,9417468.617723757,31837086.040330864,12683.292682926829,9417812.27210029,31838030.222970486,12683.292682926829,9418058.09177103,31837940.751927342,13658.853658536585,9417714.437394498,31836996.56928772,13658.853658536585
9418107.009123927,31838457.578768723,13171.073170731708,3.898353088818852,9417812.27210029,31838030.222970486,12683.292682926829,9418155.926476823,31838974.405610107,12683.292682926829,9418401.746147564,31838884.934566963,13658.853658536585,9418058.09177103,31837940.751927342,13658.853658536585
9418450.663500458,31839401.761408348,13171.073170731708,3.7430137344468974,9418155.926476823,31838974.405610107,12683.292682926829,9418499.580853356,31839918.588249724,12683.292682926829,9418745.400524097,31839829.11720658,13658.853658536585,9418401.746147564,31838884.934566963,13658.853658536585
9418794.317876993,31840345.944047965,13171.073170731708,4.373526811058239,9418499.580853356,31839918.588249724,12683.292682926829,9418843.235229889,31840862.770889346,12683.292682926829,9419089.054900628,31840773.299846202,13658.853658536585,9418745.400524097,31839829.11720658,13658.853658536585
9419137.972253524,31841290.126687586,13171.073170731708,4.545252248821022,9418843.235229889,31840862.770889346,12683.292682926829,9419186.889606422,31841806.95352897,12683.292682926829,9419432.70927716,31841717.48248582,13658.853658536585,9419089.054900628,31840773.299846202,13658.853658536585
9419481.626630059,31842234.309327208,13171.073170731708,4.7953478772794735,9419186.889606422,31841806.95352897,12683.292682926829,9419530.543982953,31842751.136168588,12683.292682926829,9419776.363653693,31842661.66512544,13658.853658536585,9419432.70927716,31841717.48248582,13658.853658536585
9419825.28100659,31843178.49196682,13171.073170731708,5.632159392522639,9419530.543982953,31842751.136168588,12683.292682926829,9419874.198359486,31843695.318808205,12683.292682926829,9420120.018030226,31843605.84776506,13658.853658536585,9419776.363653693,31842661.66512544,13658.853658536585
9420168.93538312,31844122.674606442,13171.073170731708,7.539460145197421,9419874.198359486,31843695.318808205,12683.292682926829,9420217.852736019,31844639.501447827,12683.292682926829,9420463.672406757,31844550.03040468,13658.853658536585,9420120.018030226,31843605.84776506,13658.853658536585
9420512.589759655,31845066.857246064,13171.073170731708,8.795138495054863,9420217.852736019,31844639.501447827,12683.292682926829,9420561.507112551,31845583.684087448,12683.292682926829,9420807.32678329,31845494.2130443,13658.853658536585,9420463.672406757,31844550.03040468,13658.853658536585
9420856.244136186,31846011.03988568,13171.073170731708,8.881693770743059,9420561.507112551,31845583.684087448,12683.292682926829,9420905.161489084,31846527.866727065,12683.292682926829,9421150.981159823,31846438.39568392,13658.853658536585,9420807.32678329,31845494.2130443,13658.853658536585
9421199.89851272,31846955.222525302,13171.073170731708,9.490335931149646,9420905.161489084,31846527.866727065,12683.292682926829,9421248.815865615,31847472.049366686,12683.292682926829,9421494.635536356,31847382.57832354,13658.853658536585,9421150.981159823,31846438.39568392,13658.853658536585
9421543.552889252,31847899.405164924,13171.073170731708,8.88449466744542,9421248.815865615,31847472.049366686,12683.292682926829,9421592.470242148,31848416.232006308,12683.292682926829,9421838.289912889,31848326.76096316,13658.853658536585,9421494.635536356,31847382.57832354,13658.853658536585
9421887.207265783,31848843.58780454,13171.073170731708,7.122321590101551,9421592.470242148,31848416.232006308,12683.292682926829,9421936.124618681,31849360.414645925,12683.292682926829,9422181.944289422,31849270.943602778,13658.853658536585,9421838.289912889,31848326.76096316,13658.853658536585
9422230.861642318,31849787.770444162,13171.073170731708,5.96552640553872,9421936.124618681,31849360.414645925,12683.292682926829,9422279.778995214,31850304.597285546,12683.292682926829,9422525.598665955,31850215.126242403,13658.853658536585,9422181.944289422,31849270.943602778,13658.853658536585
9422574.516018849,31850731.953083783,13171.073170731708,6.118921981744232,9422279.778995214,31850304.597285546,12683.292682926829,9422623.433371747,31851248.779925168,12683.292682926829,9422869.253042486,31851159.30888202,13658.853658536585,9422525.598665955,31850215.126242403,13658.853658536585
9422918.170395384,31851676.135723405,13171.073170731708,6.855960467972828,9422623.433371747,31851248.779925168,12683.292682926829,9422967.08774828,31852192.962564785,12683.292682926829,9423212.907419018,31852103.49152164,13658.853658536585,9422869.253042486,31851159.30888202,13658.853658536585
9423261.824771915,31852620.318363026,13171.073170731708,6.487519214738988,9422967.08774828,31852192.962564785,12683.292682926829,9423310.742124813,31853137.145204406,12683.292682926829,9423556.561795551,31853047.674161263,13658.853658536585,9423212.907419018,31852103.49152164,13658.853658536585
9423605.479148448,31853564.501002643,13171.073170731708,6.395749370498645,9423310.742124813,31853137.145204406,12683.292682926829,9423654.396501344,31854081.327844024,12683.292682926829,9423900.216172084,31853991.85680088,13658.853658536585,9423556.561795551,31853047.674161263,13658.853658536585
9423949.13352498,31854508.683642264,13171.073170731708,6.974932231930195,9423654.396501344,31854081.327844024,12683.292682926829,9423998.050877877,31855025.51048365,12683.292682926829,9424243.870548617,31854936.0394405,13658.853658536585,9423900.216172084,31853991.85680088,13658.853658536585
9424292.787901511,31855452.866281886,13171.073170731708,6.959510762741163,9423998.050877877,31855025.51048365,12683.292682926829,9424341.70525441,31855969.69312327,12683.292682926829,9424587.52492515,31855880.222080123,13658.853658536585,9424243.870548617,31854936.0394405,13658.853658536585
9424636.442278046,31856397.048921503,13171.073170731708,8.22990459140439,9424341.70525441,31855969.69312327,12683.292682926829,9424685.359630942,31856913.875762887,12683.292682926829,9424931.179301683,31856824.40471974,13658.853658536585,9424587.52492515,31855880.222080123,13658.853658536585
9424980.096654577,31857341.231561124,13171.073170731708,8.084009371385832,9424685.359630942,31856913.875762887,12683.292682926829,9425029.014007475,31857858.05840251,12683.292682926829,9425274.833678214,31857768.58735936,13658.853658536585,9424931.179301683,31856824.40471974,13658.853658536585
9425323.751031112,31858285.414200746,13171.073170731708,8.345462583294285,9425029.014007475,31857858.05840251,12683.292682926829,9425372.668384008,31858802.24104213,12683.292682926829,9425618.488054747,31858712.769998983,13658.853658536585,9425274.833678214,31857768.58735936,13658.853658536585
9425667.405407643,31859229.596840367,13171.073170731708,7.795114656152266,9425372.668384008,31858802.24104213,12683.292682926829,9425716.322760541,31859746.423681747,12683.292682926829,9425962.14243128,31859656.9526386,13658.853658536585,9425618.488054747,31858712.769998983,13658.853658536585
9426011.059784176,31860173.779479984,13171.073170731708,7.07695913835626,9425716.322760541,31859746.423681747,12683.292682926829,9426059.977137072,31860690.60632137,12683.292682926829,9426305.796807813,31860601.13527822,13658.853658536585,9425962.14243128,31859656.9526386,13658.853658536585
9426354.714160709,31861117.962119605,13171.073170731708,7.658349445628301,9426059.977137072,31860690.60632137,12683.292682926829,9426403.631513605,31861634.78896099,12683.292682926829,9426649.451184345,31861545.317917842,13658.853658536585,9426305.796807813,31860601.13527822,13658.853658536585
9426698.36853724,31862062.144759227,13171.073170731708,7.583524242362497,9426403.631513605,31861634.78896099,12683.292682926829,9426747.285890138,31862578.971600607,12683.292682926829,9426993.105560878,31862489.50055746,13658.853658536585,9426649.451184345,31861545.317917842,13658.853658536585
9427042.022913774,31863006.327398844,13171.073170731708,8.154182552119485,9426747.285890138,31862578.971600607,12683.292682926829,9427090.94026667,31863523.15424023,12683.292682926829,9427336.759937411,31863433.683197085,13658.853658536585,9426993.105560878,31862489.50055746,13658.853658536585
9427385.677290305,31863950.51003846,13171.073170731708,7.044800935035133,9427090.94026667,31863523.15424023,12683.292682926829,9427434.594643204,31864467.336879846,12683.292682926829,9427680.414313942,31864377.865836702,13658.853658536585,9427336.759937411,31863433.683197085,13658.853658536585
9427729.33166684,31864894.692678083,13171.073170731708,5.7833661061775485,9427434.594643204,31864467.336879846,12683.292682926829,9427778.249019735,31865411.519519467,12683.292682926829,9428024.068690475,31865322.048476323,13658.853658536585,9427680.414313942,31864377.865836702,13658.853658536585
9428072.986043371,31865838.875317704,13171.073170731708,5.257708740928575,9427778.249019735,31865411.519519467,12683.292682926829,9428121.903396267,31866355.702159084,12683.292682926829,9428367.723067008,31866266.23111594,13658.853658536585,9428024.068690475,31865322.048476323,13658.853658536585
9428416.640419904,31866783.057957325,13171.073170731708,4.934440871253613,9428121.903396267,31866355.702159084,12683.292682926829,9428465.5577728,31867299.884798706,12683.292682926829,9428711.37744354,31867210.413755562,13658.853658536585,9428367.723067008,31866266.23111594,13658.853658536585
9428760.294796437,31867727.240596946,13171.073170731708,4.986147121557667,9428465.5577728,31867299.884798706,12683.292682926829,9428809.212149333,31868244.06743833,12683.292682926829,9429055.031820074,31868154.596395183,13658.853658536585,9428711.37744354,31867210.413755562,13658.853658536585
9429103.949172968,31868671.423236564,13171.073170731708,5.469865547203034,9428809.212149333,31868244.06743833,12683.292682926829,9429152.866525866,31869188.250077948,12683.292682926829,9429398.686196605,31869098.7790348,13658.853658536585,9429055.031820074,31868154.596395183,13658.853658536585
9429447.603549503,31869615.605876185,13171.073170731708,4.856473918577475,9429152.866525866,31869188.250077948,12683.292682926829,9429496.520902399,31870132.43271757,12683.292682926829,9429742.340573138,31870042.961674422,13658.853658536585,9429398.686196605,31869098.7790348,13658.853658536585
9429791.257926034,31870559.788515806,13171.073170731708,4.0080651852110165,9429496.520902399,31870132.43271757,12683.292682926829,9429840.17527893,31871076.61535719,12683.292682926829,9430085.99494967,31870987.144314043,13658.853658536585,9429742.340573138,31870042.961674422,13658.853658536585
9430134.912302565,31871503.971155427,13171.073170731708,3.8206093642873142,9429840.17527893,31871076.61535719,12683.292682926829,9430183.829655463,31872020.797996808,12683.292682926829,9430429.649326203,31871931.32695366,13658.853658536585,9430085.99494967,31870987.144314043,13658.853658536585
9430478.5666791,31872448.153795045,13171.073170731708,2.683265640915656,9430183.829655463,31872020.797996808,12683.292682926829,9430527.484031996,31872964.98063643,12683.292682926829,9430773.303702736,31872875.509593282,13658.853658536585,9430429.649326203,31871931.32695366,13658.853658536585
9430822.221055632,31873392.336434666,13171.073170731708,1.814045011916818,9430527.484031996,31872964.98063643,12683.292682926829,9430871.138408529,31873909.16327605,12683.292682926829,9431116.95807927,31873819.692232903,13658.853658536585,9430773.303702736,31872875.509593282,13658.853658536585
9431165.875432165,31874336.519074284,13171.073170731708,1.6607899313485741,9430871.138408529,31873909.16327605,12683.292682926829,9431214.792785062,31874853.345915668,12683.292682926829,9431460.6124558,31874763.87487252,13658.853658536585,9431116.95807927,31873819.692232903,13658.853658536585
9431509.529808696,31875280.701713905,13171.073170731708,1.7791825196588662,9431214.792785062,31874853.345915668,12683.292682926829,9431558.447161594,31875797.52855529,12683.292682926829,9431804.266832333,31875708.05751214,13658.853658536585,9431460.6124558,31874763.87487252,13658.853658536585
9431853.184185231,31876224.884353526,13171.073170731708,1.8627436278669574,9431558.447161594,31875797.52855529,12683.292682926829,9431902.101538127,31876741.71119491,12683.292682926829,9432147.921208866,31876652.240151767,13658.853658536585,9431804.266832333,31875708.05751214,13658.853658536585
9432196.838561762,31877169.066993143,13171.073170731708,1.6408410445734707,9431902.101538127,31876741.71119491,12683.292682926829,9432245.755914658,31877685.893834528,12683.292682926829,9432491.575585399,31877596.422791384,13658.853658536585,9432147.921208866,31876652.240151767,13658.853658536585
9432540.492938293,31878113.249632765,13171.073170731708,1.194596953751766,9432245.755914658,31877685.893834528,12683.292682926829,9432589.410291191,31878630.07647415,12683.292682926829,9432835.229961932,31878540.605431005,13658.853658536585,9432491.575585399,31877596.422791384,13658.853658536585
9432884.147314828,31879057.43227239,13171.073170731708,0.9657980126558914,9432589.410291191,31878630.07647415,12683.292682926829,9432933.064667724,31879574.25911377,12683.292682926829,9433178.884338465,31879484.788070623,13658.853658536585,9432835.229961932,31878540.605431005,13658.853658536585
9433227.80169136,31880001.614912007,13171.073170731708,1.002333760365437,9432933.064667724,31879574.25911377,12683.292682926829,9433276.719044257,31880518.441753387,12683.292682926829,9433522.538714997,31880428.970710244,13658.853658536585,9433178.884338465,31879484.788070623,13658.853658536585
9433571.456067894,31880945.79755163,13171.073170731708,1.1395299792425446,9433276.719044257,31880518.441753387,12683.292682926829,9433620.37342079,31881462.624393012,12683.292682926829,9433866.193091528,31881373.153349865,13658.853658536585,9433522.538714997,31880428.970710244,13658.853658536585
9433915.110444425,31881889.98019125,13171.073170731708,1.1981052443646003,9433620.37342079,31881462.624393012,12683.292682926829,9433964.027797323,31882406.80703263,12683.292682926829,9434209.847468061,31882317.335989483,13658.853658536585,9433866.193091528,31881373.153349865,13658.853658536585
9434258.76482096,31882834.162830867,13171.073170731708,1.3483224651584056,9433964.027797323,31882406.80703263,12683.292682926829,9434307.682173856,31883350.98967225,12683.292682926829,9434553.501844594,31883261.518629104,13658.853658536585,9434209.847468061,31882317.335989483,13658.853658536585
9434602.41919749,31883778.345470488,13171.073170731708,1.371202450121005,9434307.682173856,31883350.98967225,12683.292682926829,9434651.336550387,31884295.172311872,12683.292682926829,9434897.156221127,31884205.701268725,13658.853658536585,9434553.501844594,31883261.518629104,13658.853658536585
9434946.073574021,31884722.528110106,13171.073170731708,1.0568525194247047,9434651.336550387,31884295.172311872,12683.292682926829,9434994.99092692,31885239.35495149,12683.292682926829,9435240.81059766,31885149.883908343,13658.853658536585,9434897.156221127,31884205.701268725,13658.853658536585
9435289.727950556,31885666.710749727,13171.073170731708,1.1668145490628168,9434994.99092692,31885239.35495149,12683.292682926829,9435338.645303452,31886183.53759111,12683.292682926829,9435584.464974193,31886094.066547964,13658.853658536585,9435240.81059766,31885149.883908343,13658.853658536585
9435633.382327087,31886610.893389344,13171.073170731708,1.6010778447445302,9435338.645303452,31886183.53759111,12683.292682926829,9435682.299679985,31887127.72023073,12683.292682926829,9435928.119350724,31887038.24918758,13658.853658536585,9435584.464974193,31886094.066547964,13658.853658536585
9435977.036703622,31887555.076028965,13171.073170731708,1.4236653087580906,9435682.299679985,31887127.72023073,12683.292682926829,9436025.954056518,31888071.90287035,12683.292682926829,9436271.773727257,31887982.431827202,13658.853658536585,9435928.119350724,31887038.24918758,13658.853658536585
9436320.691080153,31888499.258668587,13171.073170731708,0.9436825456371022,9436025.954056518,31888071.90287035,12683.292682926829,9436369.60843305,31889016.08550997,12683.292682926829,9436615.42810379,31888926.614466824,13658.853658536585,9436271.773727257,31887982.431827202,13658.853658536585
9436664.345456686,31889443.441308204,13171.073170731708,0.971962443123348,9436369.60843305,31889016.08550997,12683.292682926829,9436713.262809582,31889960.26814959,12683.292682926829,9436959.082480323,31889870.797106445,13658.853658536585,9436615.42810379,31888926.614466824,13658.853658536585
9437007.999833219,31890387.623947825,13171.073170731708,1.1921578047907415,9436713.262809582,31889960.26814959,12683.292682926829,9437056.917186115,31890904.45078921,12683.292682926829,9437302.736856855,31890814.979746066,13658.853658536585,9436959.082480323,31889870.797106445,13658.853658536585
9437351.65420975,31891331.806587446,13171.073170731708,1.279389894084855,9437056.917186115,31890904.45078921,12683.292682926829,9437400.571562648,31891848.63342883,12683.292682926829,9437646.391233388,31891759.162385684,13658.853658536585,9437302.736856855,31890814.979746066,13658.853658536585
9437695.308586285,31892275.98922707,13171.073170731708,0.9334549080640796,9437400.571562648,31891848.63342883,12683.292682926829,9437744.22593918,31892792.816068448,12683.292682926829,9437990.04560992,31892703.345025305,13658.853658536585,9437646.391233388,31891759.162385684,13658.853658536585
9438038.962962816,31893220.17186669,13171.073170731708,0.9580529172428455,9437744.22593918,31892792.816068448,12683.292682926829,9438087.880315714,31893736.99870807,12683.292682926829,9438333.699986452,31893647.527664926,13658.853658536585,9437990.04560992,31892703.345025305,13658.853658536585
9438382.61733935,31894164.354506306,13171.073170731708,1.1059555224066602,9438087.880315714,31893736.99870807,12683.292682926829,9438431.534692246,31894681.18134769,12683.292682926829,9438677.354362985,31894591.710304543,13658.853658536585,9438333.699986452,31893647.527664926,13658.853658536585
9438726.271715881,31895108.537145928,13171.073170731708,1.4966935069494416,9438431.534692246,31894681.18134769,12683.292682926829,9438775.189068777,31895625.36398731,12683.292682926829,9439021.008739518,31895535.892944165,13658.853658536585,9438677.354362985,31894591.710304543,13658.853658536585
9439069.926092414,31896052.71978555,13171.073170731708,1.8682842899691885,9438775.189068777,31895625.36398731,12683.292682926829,9439118.84344531,31896569.546626933,12683.292682926829,9439364.66311605,31896480.075583786,13658.853658536585,9439021.008739518,31895535.892944165,13658.853658536585
9439413.580468947,31896996.902425166,13171.073170731708,2.3937774374148146,9439118.84344531,31896569.546626933,12683.292682926829,9439462.497821843,31897513.72926655,12683.292682926829,9439708.317492584,31897424.258223403,13658.853658536585,9439364.66311605,31896480.075583786,13658.853658536585
9439757.234845478,31897941.085064787,13171.073170731708,2.027942202790275,9439462.497821843,31897513.72926655,12683.292682926829,9439806.152198376,31898457.91190617,12683.292682926829,9440051.971869117,31898368.440863024,13658.853658536585,9439708.317492584,31897424.258223403,13658.853658536585
9440100.889222013,31898885.26770441,13171.073170731708,1.6528157503877996,9439806.152198376,31898457.91190617,12683.292682926829,9440149.806574909,31899402.094545793,12683.292682926829,9440395.626245648,31899312.623502646,13658.853658536585,9440051.971869117,31898368.440863024,13658.853658536585
9440444.543598544,31899829.45034403,13171.073170731708,1.397972582712294,9440149.806574909,31899402.094545793,12683.292682926829,9440493.460951442,31900346.27718541,12683.292682926829,9440739.28062218,31900256.806142263,13658.853658536585,9440395.626245648,31899312.623502646,13658.853658536585
9440788.197975079,31900773.632983647,13171.073170731708,1.470882263320211,9440493.460951442,31900346.27718541,12683.292682926829,9440837.115327975,31901290.45982503,12683.292682926829,9441082.934998713,31901200.988781884,13658.853658536585,9440739.28062218,31900256.806142263,13658.853658536585
9441131.85235161,31901717.81562327,13171.073170731708,0.9873973035797688,9440837.115327975,31901290.45982503,12683.292682926829,9441180.769704506,31902234.642464653,12683.292682926829,9441426.589375246,31902145.171421506,13658.853658536585,9441082.934998713,31901200.988781884,13658.853658536585
9441475.506728142,31902661.99826289,13171.073170731708,0.7109283312220694,9441180.769704506,31902234.642464653,12683.292682926829,9441524.424081039,31903178.82510427,12683.292682926829,9441770.243751777,31903089.354061127,13658.853658536585,9441426.589375246,31902145.171421506,13658.853658536585
9415947.248158937,31831758.829248235,14146.634146341463,2.8303457811911117,9415652.511135302,31831331.473449998,13658.853658536585,9415996.165511835,31832275.65608962,13658.853658536585,9416241.985182576,31832186.185046475,14634.414634146342,9415898.330806043,31831242.002406854,14634.414634146342
9416290.902535472,31832703.011887852,14146.634146341463,4.300539058296485,9415996.165511835,31832275.65608962,13658.853658536585,9416339.819888368,31833219.83872924,13658.853658536585,9416585.639559109,31833130.367686093,14634.414634146342,9416241.985182576,31832186.185046475,14634.414634146342
9416634.556912003,31833647.194527477,14146.634146341463,3.9909856833124784,9416339.819888368,31833219.83872924,13658.853658536585,9416683.4742649,31834164.021368857,13658.853658536585,9416929.293935642,31834074.550325714,14634.414634146342,9416585.639559109,31833130.367686093,14634.414634146342
9416978.211288536,31834591.3771671,14146.634146341463,3.7326390211835405,9416683.4742649,31834164.021368857,13658.853658536585,9417027.128641432,31835108.20400848,13658.853658536585,9417272.948312175,31835018.732965335,14634.414634146342,9416929.293935642,31834074.550325714,14634.414634146342
9417321.865665069,31835535.559806716,14146.634146341463,3.5891751871682267,9417027.128641432,31835108.20400848,13658.853658536585,9417370.783017965,31836052.3866481,13658.853658536585,9417616.602688707,31835962.915604953,14634.414634146342,9417272.948312175,31835018.732965335,14634.414634146342
9417665.520041602,31836479.742446337,14146.634146341463,3.3831893860155353,9417370.783017965,31836052.3866481,13658.853658536585,9417714.437394498,31836996.56928772,13658.853658536585,9417960.257065238,31836907.098244574,14634.414634146342,9417616.602688707,31835962.915604953,14634.414634146342
9418009.174418133,31837423.925085958,14146.634146341463,4.75065738782446,9417714.437394498,31836996.56928772,13658.853658536585,9418058.09177103,31837940.751927342,13658.853658536585,9418303.911441771,31837851.28088419,14634.414634146342,9417960.257065238,31836907.098244574,14634.414634146342
9418352.828794666,31838368.107725576,14146.634146341463,4.251778109891605,9418058.09177103,31837940.751927342,13658.853658536585,9418401.746147564,31838884.934566963,13658.853658536585,9418647.565818304,31838795.463523813,14634.414634146342,9418303.911441771,31837851.28088419,14634.414634146342
9418696.4831712,31839312.290365197,14146.634146341463,3.6421149116609968,9418401.746147564,31838884.934566963,13658.853658536585,9418745.400524097,31839829.11720658,13658.853658536585,9418991.220194837,31839739.646163434,14634.414634146342,9418647.565818304,31838795.463523813,14634.414634146342
9419040.137547731,31840256.473004818,14146.634146341463,3.1595501983565355,9418745.400524097,31839829.11720658,13658.853658536585,9419089.054900628,31840773.299846202,13658.853658536585,9419334.87457137,31840683.82880305,14634.414634146342,9418991.220194837,31839739.646163434,14634.414634146342
9419383.791924264,31841200.65564444,14146.634146341463,3.4963868740641795,9419089.054900628,31840773.299846202,13658.853658536585,9419432.70927716,31841717.48248582,13658.853658536585,9419678.528947903,31841628.011442672,14634.414634146342,9419334.87457137,31840683.82880305,14634.414634146342
9419727.446300797,31842144.838284053,14146.634146341463,3.9772600727192096,9419432.70927716,31841717.48248582,13658.853658536585,9419776.363653693,31842661.66512544,13658.853658536585,9420022.183324434,31842572.19408229,14634.414634146342,9419678.528947903,31841628.011442672,14634.414634146342
9420071.100677328,31843089.020923674,14146.634146341463,4.821093125782071,9419776.363653693,31842661.66512544,13658.853658536585,9420120.018030226,31843605.84776506,13658.853658536585,9420365.837700967,31843516.37672191,14634.414634146342,9420022.183324434,31842572.19408229,14634.414634146342
9420414.755053861,31844033.203563295,14146.634146341463,6.06251524875495,9420120.018030226,31843605.84776506,13658.853658536585,9420463.672406757,31844550.03040468,13658.853658536585,9420709.4920775,31844460.559361536,14634.414634146342,9420365.837700967,31843516.37672191,14634.414634146342
9420758.409430394,31844977.386202917,14146.634146341463,6.565138587791982,9420463.672406757,31844550.03040468,13658.853658536585,9420807.32678329,31845494.2130443,13658.853658536585,9421053.146454033,31845404.742001154,14634.414634146342,9420709.4920775,31844460.559361536,14634.414634146342
9421102.063806927,31845921.568842534,14146.634146341463,5.818497568722181,9420807.32678329,31845494.2130443,13658.853658536585,9421150.981159823,31846438.39568392,13658.853658536585,9421396.800830565,31846348.924640775,14634.414634146342,9421053.146454033,31845404.742001154,14634.414634146342
9421445.71818346,31846865.75148216,14146.634146341463,6.264670520227038,9421150.981159823,31846438.39568392,13658.853658536585,9421494.635536356,31847382.57832354,13658.853658536585,9421740.455207098,31847293.107280392,14634.414634146342,9421396.800830565,31846348.924640775,14634.414634146342
9421789.372559993,31847809.934121776,14146.634146341463,6.352062841046041,9421494.635536356,31847382.57832354,13658.853658536585,9421838.289912889,31848326.76096316,13658.853658536585,9422084.10958363,31848237.289920013,14634.414634146342,9421740.455207098,31847293.107280392,14634.414634146342
9422133.026936525,31848754.116761398,14146.634146341463,7.128856161449752,9421838.289912889,31848326.76096316,13658.853658536585,9422181.944289422,31849270.943602778,13658.853658536585,9422427.763960162,31849181.472559635,14634.414634146342,9422084.10958363,31848237.289920013,14634.414634146342
9422476.681313056,31849698.29940102,14146.634146341463,7.171426400415823,9422181.944289422,31849270.943602778,13658.853658536585,9422525.598665955,31850215.126242403,13658.853658536585,9422771.418336695,31850125.655199252,14634.414634146342,9422427.763960162,31849181.472559635,14634.414634146342
9422820.33568959,31850642.48204064,14146.634146341463,6.052680651646173,9422525.598665955,31850215.126242403,13658.853658536585,9422869.253042486,31851159.30888202,13658.853658536585,9423115.072713228,31851069.837838873,14634.414634146342,9422771.418336695,31850125.655199252,14634.414634146342
9423163.990066122,31851586.664680257,14146.634146341463,6.408710013792424,9422869.253042486,31851159.30888202,13658.853658536585,9423212.907419018,31852103.49152164,13658.853658536585,9423458.72708976,31852014.020478494,14634.414634146342,9423115.072713228,31851069.837838873,14634.414634146342
9423507.644442655,31852530.847319875,14146.634146341463,6.899756719462211,9423212.907419018,31852103.49152164,13658.853658536585,9423556.561795551,31853047.674161263,13658.853658536585,9423802.381466294,31852958.203118112,14634.414634146342,9423458.72708976,31852014.020478494,14634.414634146342
9423851.298819188,31853475.029959496,14146.634146341463,6.1568995418765615,9423556.561795551,31853047.674161263,13658.853658536585,9423900.216172084,31853991.85680088,13658.853658536585,9424146.035842825,31853902.385757733,14634.414634146342,9423802.381466294,31852958.203118112,14634.414634146342
9424194.953195719,31854419.212599117,14146.634146341463,5.8291878888466515,9423900.216172084,31853991.85680088,13658.853658536585,9424243.870548617,31854936.0394405,13658.853658536585,9424489.690219358,31854846.568397354,14634.414634146342,9424146.035842825,31853902.385757733,14634.414634146342
9424538.607572254,31855363.395238735,14146.634146341463,7.605715893666045,9424243.870548617,31854936.0394405,13658.853658536585,9424587.52492515,31855880.222080123,13658.853658536585,9424833.34459589,31855790.75103697,14634.414634146342,9424489.690219358,31854846.568397354,14634.414634146342
9424882.261948785,31856307.577878356,14146.634146341463,7.5751880243163905,9424587.52492515,31855880.222080123,13658.853658536585,9424931.179301683,31856824.40471974,13658.853658536585,9425176.998972423,31856734.933676593,14634.414634146342,9424833.34459589,31855790.75103697,14634.414634146342
9425225.916325318,31857251.760517977,14146.634146341463,8.34956297291012,9424931.179301683,31856824.40471974,13658.853658536585,9425274.833678214,31857768.58735936,13658.853658536585,9425520.653348956,31857679.116316218,14634.414634146342,9425176.998972423,31856734.933676593,14634.414634146342
9425569.57070185,31858195.9431576,14146.634146341463,8.862377980699122,9425274.833678214,31857768.58735936,13658.853658536585,9425618.488054747,31858712.769998983,13658.853658536585,9425864.30772549,31858623.298955835,14634.414634146342,9425520.653348956,31857679.116316218,14634.414634146342
9425913.225078383,31859140.125797216,14146.634146341463,8.016980613803833,9425618.488054747,31858712.769998983,13658.853658536585,9425962.14243128,31859656.9526386,13658.853658536585,9426207.962102022,31859567.481595457,14634.414634146342,9425864.30772549,31858623.298955835,14634.414634146342
9426256.879454916,31860084.30843684,14146.634146341463,6.8318375156767805,9425962.14243128,31859656.9526386,13658.853658536585,9426305.796807813,31860601.13527822,13658.853658536585,9426551.616478553,31860511.664235078,14634.414634146342,9426207.962102022,31859567.481595457,14634.414634146342
9426600.533831447,31861028.491076462,14146.634146341463,6.95188055332882,9426305.796807813,31860601.13527822,13658.853658536585,9426649.451184345,31861545.317917842,13658.853658536585,9426895.270855086,31861455.846874695,14634.414634146342,9426551.616478553,31860511.664235078,14634.414634146342
9426944.188207982,31861972.673716083,14146.634146341463,7.01946967479179,9426649.451184345,31861545.317917842,13658.853658536585,9426993.105560878,31862489.50055746,13658.853658536585,9427238.925231619,31862400.029514316,14634.414634146342,9426895.270855086,31861455.846874695,14634.414634146342
9427287.842584513,31862916.8563557,14146.634146341463,6.786598698628168,9426993.105560878,31862489.50055746,13658.853658536585,9427336.759937411,31863433.683197085,13658.853658536585,9427582.579608152,31863344.212153938,14634.414634146342,9427238.925231619,31862400.029514316,14634.414634146342
9427631.496961046,31863861.038995318,14146.634146341463,6.190999449708598,9427336.759937411,31863433.683197085,13658.853658536585,9427680.414313942,31864377.865836702,13658.853658536585,9427926.233984685,31864288.394793555,14634.414634146342,9427582.579608152,31863344.212153938,14634.414634146342
9427975.151337579,31864805.22163494,14146.634146341463,5.350494916998274,9427680.414313942,31864377.865836702,13658.853658536585,9428024.068690475,31865322.048476323,13658.853658536585,9428269.888361216,31865232.577433173,14634.414634146342,9427926.233984685,31864288.394793555,14634.414634146342
9428318.80571411,31865749.404274557,14146.634146341463,3.356301998040287,9428024.068690475,31865322.048476323,13658.853658536585,9428367.723067008,31866266.23111594,13658.853658536585,9428613.542737748,31866176.760072794,14634.414634146342,9428269.888361216,31865232.577433173,14634.414634146342
9428662.460090643,31866693.586914178,14146.634146341463,2.051659012450248,9428367.723067008,31866266.23111594,13658.853658536585,9428711.37744354,31867210.413755562,13658.853658536585,9428957.197114281,31867120.942712415,14634.414634146342,9428613.542737748,31866176.760072794,14634.414634146342
9429006.114467176,31867637.7695538,14146.634146341463,1.9179858681684476,9428711.37744354,31867210.413755562,13658.853658536585,9429055.031820074,31868154.596395183,13658.853658536585,9429300.851490814,31868065.125352032,14634.414634146342,9428957.197114281,31867120.942712415,14634.414634146342
9429349.768843709,31868581.952193417,14146.634146341463,1.6456244770839896,9429055.031820074,31868154.596395183,13658.853658536585,9429398.686196605,31869098.7790348,13658.853658536585,9429644.505867347,31869009.307991654,14634.414634146342,9429300.851490814,31868065.125352032,14634.414634146342
9429693.423220241,31869526.134833038,14146.634146341463,1.5867614380196329,9429398.686196605,31869098.7790348,13658.853658536585,9429742.340573138,31870042.961674422,13658.853658536585,9429988.16024388,31869953.490631275,14634.414634146342,9429644.505867347,31869009.307991654,14634.414634146342
9430037.077596774,31870470.31747266,14146.634146341463,1.6134095562716697,9429742.340573138,31870042.961674422,13658.853658536585,9430085.99494967,31870987.144314043,13658.853658536585,9430331.814620413,31870897.673270896,14634.414634146342,9429988.16024388,31869953.490631275,14634.414634146342
9430380.731973307,31871414.50011228,14146.634146341463,1.558222447045829,9430085.99494967,31870987.144314043,13658.853658536585,9430429.649326203,31871931.32695366,13658.853658536585,9430675.468996944,31871841.855910517,14634.414634146342,9430331.814620413,31870897.673270896,14634.414634146342
9430724.386349838,31872358.682751898,14146.634146341463,1.3957885973478752,9430429.649326203,31871931.32695366,13658.853658536585,9430773.303702736,31872875.509593282,13658.853658536585,9431019.123373477,31872786.03855014,14634.414634146342,9430675.468996944,31871841.855910517,14634.414634146342
9431068.040726371,31873302.86539152,14146.634146341463,1.57545463303997,9430773.303702736,31872875.509593282,13658.853658536585,9431116.95807927,31873819.692232903,13658.853658536585,9431362.77775001,31873730.221189756,14634.414634146342,9431019.123373477,31872786.03855014,14634.414634146342
9431411.695102904,31874247.04803114,14146.634146341463,1.7720592168108813,9431116.95807927,31873819.692232903,13658.853658536585,9431460.6124558,31874763.87487252,13658.853658536585,9431706.432126543,31874674.403829377,14634.414634146342,9431362.77775001,31873730.221189756,14634.414634146342
9431755.349479437,31875191.230670758,14146.634146341463,1.5021875367993482,9431460.6124558,31874763.87487252,13658.853658536585,9431804.266832333,31875708.05751214,13658.853658536585,9432050.086503075,31875618.586468995,14634.414634146342,9431706.432126543,31874674.403829377,14634.414634146342
9432099.00385597,31876135.41331038,14146.634146341463,1.4691374424695225,9431804.266832333,31875708.05751214,13658.853658536585,9432147.921208866,31876652.240151767,13658.853658536585,9432393.740879608,31876562.769108616,14634.414634146342,9432050.086503075,31875618.586468995,14634.414634146342
9432442.658232503,31877079.59595,14146.634146341463,1.5783365237802116,9432147.921208866,31876652.240151767,13658.853658536585,9432491.575585399,31877596.422791384,13658.853658536585,9432737.395256141,31877506.951748237,14634.414634146342,9432393.740879608,31876562.769108616,14634.414634146342
9432786.312609036,31878023.77858962,14146.634146341463,1.4047310638711097,9432491.575585399,31877596.422791384,13658.853658536585,9432835.229961932,31878540.605431005,13658.853658536585,9433081.049632672,31878451.134387854,14634.414634146342,9432737.395256141,31877506.951748237,14634.414634146342
9433129.966985567,31878967.96122924,14146.634146341463,1.006923428170012,9432835.229961932,31878540.605431005,13658.853658536585,9433178.884338465,31879484.788070623,13658.853658536585,9433424.704009205,31879395.317027476,14634.414634146342,9433081.049632672,31878451.134387854,14634.414634146342
9433473.6213621,31879912.14386886,14146.634146341463,0.6610459673392406,9433178.884338465,31879484.788070623,13658.853658536585,9433522.538714997,31880428.970710244,13658.853658536585,9433768.358385738,31880339.499667097,14634.414634146342,9433424.704009205,31879395.317027476,14634.414634146342
9433817.275738632,31880856.32650848,14146.634146341463,0.7630792871128009,9433522.538714997,31880428.970710244,13658.853658536585,9433866.193091528,31881373.153349865,13658.853658536585,9434112.01276227,31881283.682306714,14634.414634146342,9433768.358385738,31880339.499667097,14634.414634146342
9434160.930115165,31881800.509148102,14146.634146341463,1.149824351585785,9433866.193091528,31881373.153349865,13658.853658536585,9434209.847468061,31882317.335989483,13658.853658536585,9434455.667138804,31882227.864946336,14634.414634146342,9434112.01276227,31881283.682306714,14634.414634146342
9434504.584491698,31882744.69178772,14146.634146341463,1.3343152902101285,9434209.847468061,31882317.335989483,13658.853658536585,9434553.501844594,31883261.518629104,13658.853658536585,9434799.321515337,31883172.047585957,14634.414634146342,9434455.667138804,31882227.864946336,14634.414634146342
9434848.238868231,31883688.874427337,14146.634146341463,1.463503506643153,9434553.501844594,31883261.518629104,13658.853658536585,9434897.156221127,31884205.701268725,13658.853658536585,9435142.97589187,31884116.230225578,14634.414634146342,9434799.321515337,31883172.047585957,14634.414634146342
9435191.893244764,31884633.05706696,14146.634146341463,1.1719414424003627,9434897.156221127,31884205.701268725,13658.853658536585,9435240.81059766,31885149.883908343,13658.853658536585,9435486.6302684,31885060.4128652,14634.414634146342,9435142.97589187,31884116.230225578,14634.414634146342
9435535.547621295,31885577.23970658,14146.634146341463,0.9388601214532654,9435240.81059766,31885149.883908343,13658.853658536585,9435584.464974193,31886094.066547964,13658.853658536585,9435830.284644933,31886004.59550482,14634.414634146342,9435486.6302684,31885060.4128652,14634.414634146342
9435879.201997828,31886521.4223462,14146.634146341463,1.1199660563828167,9435584.464974193,31886094.066547964,13658.853658536585,9435928.119350724,31887038.24918758,13658.853658536585,9436173.939021466,31886948.778144438,14634.414634146342,9435830.284644933,31886004.59550482,14634.414634146342
9436222.85637436,31887465.604985822,14146.634146341463,1.5277377825885794,9435928.119350724,31887038.24918758,13658.853658536585,9436271.773727257,31887982.431827202,13658.853658536585,9436517.593398,31887892.960784055,14634.414634146342,9436173.939021466,31886948.778144438,14634.414634146342
9436566.510750894,31888409.78762544,14146.634146341463,1.5550141950150511,9436271.773727257,31887982.431827202,13658.853658536585,9436615.42810379,31888926.614466824,13658.853658536585,9436861.24777453,31888837.143423676,14634.414634146342,9436517.593398,31887892.960784055,14634.414634146342
9436910.165127425,31889353.97026506,14146.634146341463,1.6327945101349457,9436615.42810379,31888926.614466824,13658.853658536585,9436959.082480323,31889870.797106445,13658.853658536585,9437204.902151063,31889781.326063298,14634.414634146342,9436861.24777453,31888837.143423676,14634.414634146342
9437253.819503957,31890298.15290468,14146.634146341463,1.6237714031795976,9436959.082480323,31889870.797106445,13658.853658536585,9437302.736856855,31890814.979746066,13658.853658536585,9437548.556527596,31890725.508702915,14634.414634146342,9437204.902151063,31889781.326063298,14634.414634146342
9437597.473880492,31891242.335544303,14146.634146341463,1.6477836487149486,9437302.736856855,31890814.979746066,13658.853658536585,9437646.391233388,31891759.162385684,13658.853658536585,9437892.210904129,31891669.691342536,14634.414634146342,9437548.556527596,31890725.508702915,14634.414634146342
9437941.128257023,31892186.51818392,14146.634146341463,1.345838989529545,9437646.391233388,31891759.162385684,13658.853658536585,9437990.04560992,31892703.345025305,13658.853658536585,9438235.865280662,31892613.873982158,14634.414634146342,9437892.210904129,31891669.691342536,14634.414634146342
9438284.782633556,31893130.700823538,14146.634146341463,0.806780739538425,9437990.04560992,31892703.345025305,13658.853658536585,9438333.699986452,31893647.527664926,13658.853658536585,9438579.519657195,31893558.056621775,14634.414634146342,9438235.865280662,31892613.873982158,14634.414634146342
9438628.437010089,31894074.88346316,14146.634146341463,0.6811115227434045,9438333.699986452,31893647.527664926,13658.853658536585,9438677.354362985,31894591.710304543,13658.853658536585,9438923.174033727,31894502.239261396,14634.414634146342,9438579.519657195,31893558.056621775,14634.414634146342
9438972.091386622,31895019.06610278,14146.634146341463,0.9102344310380052,9438677.354362985,31894591.710304543,13658.853658536585,9439021.008739518,31895535.892944165,13658.853658536585,9439266.828410259,31895446.421901017,14634.414634146342,9438923.174033727,31894502.239261396,14634.414634146342
9439315.745763153,31895963.248742398,14146.634146341463,1.2255542040056422,9439021.008739518,31895535.892944165,13658.853658536585,9439364.66311605,31896480.075583786,13658.853658536585,9439610.482786791,31896390.604540635,14634.414634146342,9439266.828410259,31895446.421901017,14634.414634146342
9439659.400139686,31896907.43138202,14146.634146341463,1.627872660660514,9439364.66311605,31896480.075583786,13658.853658536585,9439708.317492584,31897424.258223403,13658.853658536585,9439954.137163324,31897334.78718026,14634.414634146342,9439610.482786791,31896390.604540635,14634.414634146342
9440003.05451622,31897851.61402164,14146.634146341463,1.8405508316202304,9439708.317492584,31897424.258223403,13658.853658536585,9440051.971869117,31898368.440863024,13658.853658536585,9440297.791539857,31898278.96981988,14634.414634146342,9439954.137163324,31897334.78718026,14634.414634146342
9440346.708892751,31898795.79666126,14146.634146341463,2.1164477032688565,9440051.971869117,31898368.440863024,13658.853658536585,9440395.626245648,31899312.623502646,13658.853658536585,9440641.44591639,31899223.1524595,14634.414634146342,9440297.791539857,31898278.96981988,14634.414634146342
9440690.363269284,31899739.97930088,14146.634146341463,2.3359114285353453,9440395.626245648,31899312.623502646,13658.853658536585,9440739.28062218,31900256.806142263,13658.853658536585,9440985.100292923,31900167.33509912,14634.414634146342,9440641.44591639,31899223.1524595,14634.414634146342
9441034.017645817,31900684.161940504,14146.634146341463,1.765736563399838,9440739.28062218,31900256.806142263,13658.853658536585,9441082.934998713,31901200.988781884,13658.853658536585,9441328.754669456,31901111.51773874,14634.414634146342,9440985.100292923,31900167.33509912,14634.414634146342
9441377.67202235,31901628.344580125,14146.634146341463,1.2157365888822085,9441082.934998713,31901200.988781884,13658.853658536585,9441426.589375246,31902145.171421506,13658.853658536585,9441672.409045987,31902055.70037836,14634.414634146342,9441328.754669456,31901111.51773874,14634.414634146342
9441721.326398881,31902572.527219746,14146.634146341463,0.8785171685858391,9441426.589375246,31902145.171421506,13658.853658536585,9441770.243751777,31903089.354061127,13658.853658536585,9442016.06342252,31902999.88301798,14634.414634146342,9441672.409045987,31902055.70037836,14634.414634146342
9416193.067829678,31831669.358205087,15122.195121951221,3.8274719889620252,9415898.330806043,31831242.002406854,14634.414634146342,9416241.985182576,31832186.185046475,14634.414634146342,9416487.804853316,31832096.714003325,15609.975609756098,9416144.150476784,31831152.531363707,15609.975609756098
9416536.722206213,31832613.54084471,15122.195121951221,5.122576253723854,9416241.985182576,31832186.185046475,14634.414634146342,9416585.639559109,31833130.367686093,14634.414634146342,9416831.45922985,31833040.896642946,15609.975609756098,9416487.804853316,31832096.714003325,15609.975609756098
9416880.376582744,31833557.72348433,15122.195121951221,4.892303592490426,9416585.639559109,31833130.367686093,14634.414634146342,9416929.293935642,31834074.550325714,14634.414634146342,9417175.11360638,31833985.079282567,15609.975609756098,9416831.45922985,31833040.896642946,15609.975609756098
9417224.030959278,31834501.906123947,15122.195121951221,4.335693512036539,9416929.293935642,31834074.550325714,14634.414634146342,9417272.948312175,31835018.732965335,14634.414634146342,9417518.767982913,31834929.261922184,15609.975609756098,9417175.11360638,31833985.079282567,15609.975609756098
9417567.68533581,31835446.08876357,15122.195121951221,4.36529190007126,9417272.948312175,31835018.732965335,14634.414634146342,9417616.602688707,31835962.915604953,14634.414634146342,9417862.422359446,31835873.444561806,15609.975609756098,9417518.767982913,31834929.261922184,15609.975609756098
9417911.339712342,31836390.27140319,15122.195121951221,3.6538701961887865,9417616.602688707,31835962.915604953,14634.414634146342,9417960.257065238,31836907.098244574,14634.414634146342,9418206.076735979,31836817.627201427,15609.975609756098,9417862.422359446,31835873.444561806,15609.975609756098
9418254.994088875,31837334.45404281,15122.195121951221,3.348911530334462,9417960.257065238,31836907.098244574,14634.414634146342,9418303.911441771,31837851.28088419,14634.414634146342,9418549.731112512,31837761.809841044,15609.975609756098,9418206.076735979,31836817.627201427,15609.975609756098
9418598.648465406,31838278.63668243,15122.195121951221,3.536246733019731,9418303.911441771,31837851.28088419,14634.414634146342,9418647.565818304,31838795.463523813,14634.414634146342,9418893.385489045,31838705.992480665,15609.975609756098,9418549.731112512,31837761.809841044,15609.975609756098
9418942.30284194,31839222.81932205,15122.195121951221,4.556850919042944,9418647.565818304,31838795.463523813,14634.414634146342,9418991.220194837,31839739.646163434,14634.414634146342,9419237.039865576,31839650.17512029,15609.975609756098,9418893.385489045,31838705.992480665,15609.975609756098
9419285.957218472,31840167.00196167,15122.195121951221,4.26720658775977,9418991.220194837,31839739.646163434,14634.414634146342,9419334.87457137,31840683.82880305,14634.414634146342,9419580.694242109,31840594.357759908,15609.975609756098,9419237.039865576,31839650.17512029,15609.975609756098
9419629.611595007,31841111.18460129,15122.195121951221,3.564838948415962,9419334.87457137,31840683.82880305,14634.414634146342,9419678.528947903,31841628.011442672,14634.414634146342,9419924.348618641,31841538.54039953,15609.975609756098,9419580.694242109,31840594.357759908,15609.975609756098
9419973.265971538,31842055.36724091,15122.195121951221,3.1793348581243683,9419678.528947903,31841628.011442672,14634.414634146342,9420022.183324434,31842572.19408229,14634.414634146342,9420268.002995174,31842482.723039147,15609.975609756098,9419924.348618641,31841538.54039953,15609.975609756098
9420316.92034807,31842999.54988053,15122.195121951221,3.1851948510483608,9420022.183324434,31842572.19408229,14634.414634146342,9420365.837700967,31843516.37672191,14634.414634146342,9420611.657371705,31843426.905678768,15609.975609756098,9420268.002995174,31842482.723039147,15609.975609756098
9420660.574724603,31843943.732520152,15122.195121951221,4.588602296979696,9420365.837700967,31843516.37672191,14634.414634146342,9420709.4920775,31844460.559361536,14634.414634146342,9420955.311748238,31844371.088318385,15609.975609756098,9420611.657371705,31843426.905678768,15609.975609756098
9421004.229101134,31844887.91515977,15122.195121951221,5.436826273839228,9420709.4920775,31844460.559361536,14634.414634146342,9421053.146454033,31845404.742001154,14634.414634146342,9421298.96612477,31845315.270958006,15609.975609756098,9420955.311748238,31844371.088318385,15609.975609756098
9421347.88347767,31845832.09779939,15122.195121951221,5.729294107036535,9421053.146454033,31845404.742001154,14634.414634146342,9421396.800830565,31846348.924640775,14634.414634146342,9421642.620501302,31846259.453597628,15609.975609756098,9421298.96612477,31845315.270958006,15609.975609756098
9421691.5378542,31846776.280439008,15122.195121951221,5.650412509944564,9421396.800830565,31846348.924640775,14634.414634146342,9421740.455207098,31847293.107280392,14634.414634146342,9421986.274877835,31847203.636237245,15609.975609756098,9421642.620501302,31846259.453597628,15609.975609756098
9422035.192230735,31847720.46307863,15122.195121951221,6.100777164864979,9421740.455207098,31847293.107280392,14634.414634146342,9422084.10958363,31848237.289920013,14634.414634146342,9422329.929254368,31848147.818876866,15609.975609756098,9421986.274877835,31847203.636237245,15609.975609756098
9422378.846607266,31848664.64571825,15122.195121951221,7.445020401032439,9422084.10958363,31848237.289920013,14634.414634146342,9422427.763960162,31849181.472559635,14634.414634146342,9422673.5836309,31849092.001516487,15609.975609756098,9422329.929254368,31848147.818876866,15609.975609756098
9422722.500983799,31849608.82835787,15122.195121951221,6.654552428200429,9422427.763960162,31849181.472559635,14634.414634146342,9422771.418336695,31850125.655199252,14634.414634146342,9423017.238007434,31850036.184156105,15609.975609756098,9422673.5836309,31849092.001516487,15609.975609756098
9423066.155360332,31850553.01099749,15122.195121951221,5.357516139269173,9422771.418336695,31850125.655199252,14634.414634146342,9423115.072713228,31851069.837838873,14634.414634146342,9423360.892383967,31850980.366795726,15609.975609756098,9423017.238007434,31850036.184156105,15609.975609756098
9423409.809736863,31851497.19363711,15122.195121951221,3.885662593836228,9423115.072713228,31851069.837838873,14634.414634146342,9423458.72708976,31852014.020478494,14634.414634146342,9423704.546760498,31851924.549435347,15609.975609756098,9423360.892383967,31850980.366795726,15609.975609756098
9423753.464113398,31852441.376276728,15122.195121951221,5.690125284433488,9423458.72708976,31852014.020478494,14634.414634146342,9423802.381466294,31852958.203118112,14634.414634146342,9424048.20113703,31852868.73207497,15609.975609756098,9423704.546760498,31851924.549435347,15609.975609756098
9424097.118489929,31853385.55891635,15122.195121951221,6.8010468787693945,9423802.381466294,31852958.203118112,14634.414634146342,9424146.035842825,31853902.385757733,14634.414634146342,9424391.855513563,31853812.91471459,15609.975609756098,9424048.20113703,31852868.73207497,15609.975609756098
9424440.77286646,31854329.74155597,15122.195121951221,6.141481978028708,9424146.035842825,31853902.385757733,14634.414634146342,9424489.690219358,31854846.568397354,14634.414634146342,9424735.509890096,31854757.09735421,15609.975609756098,9424391.855513563,31853812.91471459,15609.975609756098
9424784.427242994,31855273.92419559,15122.195121951221,6.616189567747758,9424489.690219358,31854846.568397354,14634.414634146342,9424833.34459589,31855790.75103697,14634.414634146342,9425079.16426663,31855701.27999383,15609.975609756098,9424735.509890096,31854757.09735421,15609.975609756098
9425128.081619527,31856218.106835213,15122.195121951221,8.46924396594336,9424833.34459589,31855790.75103697,14634.414634146342,9425176.998972423,31856734.933676593,14634.414634146342,9425422.818643162,31856645.46263345,15609.975609756098,9425079.16426663,31855701.27999383,15609.975609756098
9425471.73599606,31857162.289474834,15122.195121951221,8.797159075487995,9425176.998972423,31856734.933676593,14634.414634146342,9425520.653348956,31857679.116316218,14634.414634146342,9425766.473019693,31857589.64527307,15609.975609756098,9425422.818643162,31856645.46263345,15609.975609756098
9425815.390372591,31858106.472114455,15122.195121951221,9.33568261077361,9425520.653348956,31857679.116316218,14634.414634146342,9425864.30772549,31858623.298955835,14634.414634146342,9426110.127396226,31858533.82791269,15609.975609756098,9425766.473019693,31857589.64527307,15609.975609756098
9426159.044749126,31859050.654754072,15122.195121951221,9.197093046445742,9425864.30772549,31858623.298955835,14634.414634146342,9426207.962102022,31859567.481595457,14634.414634146342,9426453.781772759,31859478.01055231,15609.975609756098,9426110.127396226,31858533.82791269,15609.975609756098
9426502.699125657,31859994.837393694,15122.195121951221,8.42807711027199,9426207.962102022,31859567.481595457,14634.414634146342,9426551.616478553,31860511.664235078,14634.414634146342,9426797.436149292,31860422.19319193,15609.975609756098,9426453.781772759,31859478.01055231,15609.975609756098
9426846.353502188,31860939.020033315,15122.195121951221,9.019073229878915,9426551.616478553,31860511.664235078,14634.414634146342,9426895.270855086,31861455.846874695,14634.414634146342,9427141.090525825,31861366.375831548,15609.975609756098,9426797.436149292,31860422.19319193,15609.975609756098
9427190.007878723,31861883.202672932,15122.195121951221,8.324414887949377,9426895.270855086,31861455.846874695,14634.414634146342,9427238.925231619,31862400.029514316,14634.414634146342,9427484.744902357,31862310.55847117,15609.975609756098,9427141.090525825,31861366.375831548,15609.975609756098
9427533.662255256,31862827.38531255,15122.195121951221,6.912705743970435,9427238.925231619,31862400.029514316,14634.414634146342,9427582.579608152,31863344.212153938,14634.414634146342,9427828.39927889,31863254.741110787,15609.975609756098,9427484.744902357,31862310.55847117,15609.975609756098
9427877.316631788,31863771.56795217,15122.195121951221,5.75601320608935,9427582.579608152,31863344.212153938,14634.414634146342,9427926.233984685,31864288.394793555,14634.414634146342,9428172.053655421,31864198.923750408,15609.975609756098,9427828.39927889,31863254.741110787,15609.975609756098
9428220.97100832,31864715.75059179,15122.195121951221,4.508952878461647,9427926.233984685,31864288.394793555,14634.414634146342,9428269.888361216,31865232.577433173,14634.414634146342,9428515.708031954,31865143.106390025,15609.975609756098,9428172.053655421,31864198.923750408,15609.975609756098
9428564.625384852,31865659.93323141,15122.195121951221,2.356797971352219,9428269.888361216,31865232.577433173,14634.414634146342,9428613.542737748,31866176.760072794,14634.414634146342,9428859.362408487,31866087.28902965,15609.975609756098,9428515.708031954,31865143.106390025,15609.975609756098
9428908.279761385,31866604.11587103,15122.195121951221,1.6249951345566365,9428613.542737748,31866176.760072794,14634.414634146342,9428957.197114281,31867120.942712415,14634.414634146342,9429203.01678502,31867031.47166927,15609.975609756098,9428859.362408487,31866087.28902965,15609.975609756098
9429251.934137916,31867548.29851065,15122.195121951221,1.1452405558806007,9428957.197114281,31867120.942712415,14634.414634146342,9429300.851490814,31868065.125352032,14634.414634146342,9429546.671161553,31867975.65430889,15609.975609756098,9429203.01678502,31867031.47166927,15609.975609756098
9429595.588514451,31868492.481150273,15122.195121951221,0.5885452010168778,9429300.851490814,31868065.125352032,14634.414634146342,9429644.505867347,31869009.307991654,14634.414634146342,9429890.325538084,31868919.83694851,15609.975609756098,9429546.671161553,31867975.65430889,15609.975609756098
9429939.242890982,31869436.663789894,15122.195121951221,0.4337556966673911,9429644.505867347,31869009.307991654,14634.414634146342,9429988.16024388,31869953.490631275,14634.414634146342,9430233.979914617,31869864.01958813,15609.975609756098,9429890.325538084,31868919.83694851,15609.975609756098
9430282.897267517,31870380.846429516,15122.195121951221,0.47506746635205366,9429988.16024388,31869953.490631275,14634.414634146342,9430331.814620413,31870897.673270896,14634.414634146342,9430577.63429115,31870808.20222775,15609.975609756098,9430233.979914617,31869864.01958813,15609.975609756098
9430626.551644048,31871325.029069133,15122.195121951221,0.5051769912668835,9430331.814620413,31870897.673270896,14634.414634146342,9430675.468996944,31871841.855910517,14634.414634146342,9430921.288667683,31871752.38486737,15609.975609756098,9430577.63429115,31870808.20222775,15609.975609756098
9430970.20602058,31872269.21170875,15122.195121951221,0.5765149745273157,9430675.468996944,31871841.855910517,14634.414634146342,9431019.123373477,31872786.03855014,14634.414634146342,9431264.943044215,31872696.567506988,15609.975609756098,9430921.288667683,31871752.38486737,15609.975609756098
9431313.860397113,31873213.39434837,15122.195121951221,0.7313134283663534,9431019.123373477,31872786.03855014,14634.414634146342,9431362.77775001,31873730.221189756,14634.414634146342,9431608.597420748,31873640.75014661,15609.975609756098,9431264.943044215,31872696.567506988,15609.975609756098
9431657.514773645,31874157.576987993,15122.195121951221,0.8393873293969196,9431362.77775001,31873730.221189756,14634.414634146342,9431706.432126543,31874674.403829377,14634.414634146342,9431952.251797281,31874584.93278623,15609.975609756098,9431608.597420748,31873640.75014661,15609.975609756098
9432001.16915018,31875101.75962761,15122.195121951221,0.5985803787978997,9431706.432126543,31874674.403829377,14634.414634146342,9432050.086503075,31875618.586468995,14634.414634146342,9432295.906173812,31875529.115425847,15609.975609756098,9431952.251797281,31874584.93278623,15609.975609756098
9432344.82352671,31876045.94226723,15122.195121951221,0.7012021850541045,9432050.086503075,31875618.586468995,14634.414634146342,9432393.740879608,31876562.769108616,14634.414634146342,9432639.560550345,31876473.29806547,15609.975609756098,9432295.906173812,31875529.115425847,15609.975609756098
9432688.477903245,31876990.124906853,15122.195121951221,0.5820367960277615,9432393.740879608,31876562.769108616,14634.414634146342,9432737.395256141,31877506.951748237,14634.414634146342,9432983.214926878,31877417.48070509,15609.975609756098,9432639.560550345,31876473.29806547,15609.975609756098
9433032.132279776,31877934.307546474,15122.195121951221,0.7630371781493153,9432737.395256141,31877506.951748237,14634.414634146342,9433081.049632672,31878451.134387854,14634.414634146342,9433326.86930341,31878361.663344707,15609.975609756098,9432983.214926878,31877417.48070509,15609.975609756098
9433375.786656309,31878878.49018609,15122.195121951221,0.70448493977856,9433081.049632672,31878451.134387854,14634.414634146342,9433424.704009205,31879395.317027476,14634.414634146342,9433670.523679944,31879305.845984332,15609.975609756098,9433326.86930341,31878361.663344707,15609.975609756098
9433719.441032842,31879822.672825713,15122.195121951221,0.760443979008845,9433424.704009205,31879395.317027476,14634.414634146342,9433768.358385738,31880339.499667097,14634.414634146342,9434014.178056477,31880250.028623953,15609.975609756098,9433670.523679944,31879305.845984332,15609.975609756098
9434063.095409373,31880766.855465334,15122.195121951221,1.2065925269425073,9433768.358385738,31880339.499667097,14634.414634146342,9434112.01276227,31881283.682306714,14634.414634146342,9434357.83243301,31881194.21126357,15609.975609756098,9434014.178056477,31880250.028623953,15609.975609756098
9434406.749785908,31881711.038104955,15122.195121951221,1.3392441963645683,9434112.01276227,31881283.682306714,14634.414634146342,9434455.667138804,31882227.864946336,14634.414634146342,9434701.48680954,31882138.393903192,15609.975609756098,9434357.83243301,31881194.21126357,15609.975609756098
9434750.404162439,31882655.220744576,15122.195121951221,1.6286940500792786,9434455.667138804,31882227.864946336,14634.414634146342,9434799.321515337,31883172.047585957,14634.414634146342,9435045.141186073,31883082.576542813,15609.975609756098,9434701.48680954,31882138.393903192,15609.975609756098
9435094.058538973,31883599.403384194,15122.195121951221,1.684272591021159,9434799.321515337,31883172.047585957,14634.414634146342,9435142.97589187,31884116.230225578,14634.414634146342,9435388.795562606,31884026.75918243,15609.975609756098,9435045.141186073,31883082.576542813,15609.975609756098
9435437.712915504,31884543.586023815,15122.195121951221,1.5498332819579492,9435142.97589187,31884116.230225578,14634.414634146342,9435486.6302684,31885060.4128652,14634.414634146342,9435732.44993914,31884970.941822052,15609.975609756098,9435388.795562606,31884026.75918243,15609.975609756098
9435781.367292037,31885487.768663436,15122.195121951221,1.4980242308579594,9435486.6302684,31885060.4128652,14634.414634146342,9435830.284644933,31886004.59550482,14634.414634146342,9436076.104315672,31885915.124461673,15609.975609756098,9435732.44993914,31884970.941822052,15609.975609756098
9436125.02166857,31886431.951303054,15122.195121951221,1.5979504681198047,9435830.284644933,31886004.59550482,14634.414634146342,9436173.939021466,31886948.778144438,14634.414634146342,9436419.758692203,31886859.30710129,15609.975609756098,9436076.104315672,31885915.124461673,15609.975609756098
9436468.676045101,31887376.13394267,15122.195121951221,1.928643136353477,9436173.939021466,31886948.778144438,14634.414634146342,9436517.593398,31887892.960784055,14634.414634146342,9436763.413068736,31887803.48974091,15609.975609756098,9436419.758692203,31886859.30710129,15609.975609756098
9436812.330421634,31888320.316582292,15122.195121951221,1.9787939631936229,9436517.593398,31887892.960784055,14634.414634146342,9436861.24777453,31888837.143423676,14634.414634146342,9437107.067445269,31888747.67238053,15609.975609756098,9436763.413068736,31887803.48974091,15609.975609756098
9437155.984798167,31889264.499221914,15122.195121951221,1.7900390536225248,9436861.24777453,31888837.143423676,14634.414634146342,9437204.902151063,31889781.326063298,14634.414634146342,9437450.721821802,31889691.85502015,15609.975609756098,9437107.067445269,31888747.67238053,15609.975609756098
9437499.639174698,31890208.681861535,15122.195121951221,1.812223747701738,9437204.902151063,31889781.326063298,14634.414634146342,9437548.556527596,31890725.508702915,14634.414634146342,9437794.376198335,31890636.037659768,15609.975609756098,9437450.721821802,31889691.85502015,15609.975609756098
9437843.293551233,31891152.864501152,15122.195121951221,1.5023772459137108,9437548.556527596,31890725.508702915,14634.414634146342,9437892.210904129,31891669.691342536,14634.414634146342,9438138.030574868,31891580.22029939,15609.975609756098,9437794.376198335,31890636.037659768,15609.975609756098
9438186.947927764,31892097.047140773,15122.195121951221,1.1556578204668455,9437892.210904129,31891669.691342536,14634.414634146342,9438235.865280662,31892613.873982158,14634.414634146342,9438481.684951399,31892524.402939014,15609.975609756098,9438138.030574868,31891580.22029939,15609.975609756098
9438530.602304298,31893041.22978039,15122.195121951221,1.0767269341691788,9438235.865280662,31892613.873982158,14634.414634146342,9438579.519657195,31893558.056621775,14634.414634146342,9438825.339327931,31893468.58557863,15609.975609756098,9438481.684951399,31892524.402939014,15609.975609756098
9438874.25668083,31893985.412420012,15122.195121951221,0.8563511814381796,9438579.519657195,31893558.056621775,14634.414634146342,9438923.174033727,31894502.239261396,14634.414634146342,9439168.993704464,31894412.768218253,15609.975609756098,9438825.339327931,31893468.58557863,15609.975609756098
9439217.911057362,31894929.595059637,15122.195121951221,0.8475280699084027,9438923.174033727,31894502.239261396,14634.414634146342,9439266.828410259,31895446.421901017,14634.414634146342,9439512.648080997,31895356.950857874,15609.975609756098,9439168.993704464,31894412.768218253,15609.975609756098
9439561.565433895,31895873.777699254,15122.195121951221,0.8399922549032431,9439266.828410259,31895446.421901017,14634.414634146342,9439610.482786791,31896390.604540635,14634.414634146342,9439856.30245753,31896301.13349749,15609.975609756098,9439512.648080997,31895356.950857874,15609.975609756098
9439905.219810426,31896817.960338876,15122.195121951221,0.7869661863231499,9439610.482786791,31896390.604540635,14634.414634146342,9439954.137163324,31897334.78718026,14634.414634146342,9440199.956834063,31897245.316137113,15609.975609756098,9439856.30245753,31896301.13349749,15609.975609756098
9440248.874186961,31897762.142978497,15122.195121951221,1.1864359308277956,9439954.137163324,31897334.78718026,14634.414634146342,9440297.791539857,31898278.96981988,14634.414634146342,9440543.611210596,31898189.498776734,15609.975609756098,9440199.956834063,31897245.316137113,15609.975609756098
9440592.528563492,31898706.325618118,15122.195121951221,1.2836949207391195,9440297.791539857,31898278.96981988,14634.414634146342,9440641.44591639,31899223.1524595,14634.414634146342,9440887.265587127,31899133.68141635,15609.975609756098,9440543.611210596,31898189.498776734,15609.975609756098
9440936.182940027,31899650.508257736,15122.195121951221,1.086214092147339,9440641.44591639,31899223.1524595,14634.414634146342,9440985.100292923,31900167.33509912,14634.414634146342,9441230.91996366,31900077.864055973,15609.975609756098,9440887.265587127,31899133.68141635,15609.975609756098
9441279.837316558,31900594.690897357,15122.195121951221,0.9854888425406501,9440985.100292923,31900167.33509912,14634.414634146342,9441328.754669456,31901111.51773874,14634.414634146342,9441574.574340193,31901022.04669559,15609.975609756098,9441230.91996366,31900077.864055973,15609.975609756098
9441623.49169309,31901538.873536978,15122.195121951221,0.8184845136259289,9441328.754669456,31901111.51773874,14634.414634146342,9441672.409045987,31902055.70037836,14634.414634146342,9441918.228716725,31901966.22933521,15609.975609756098,9441574.574340193,31901022.04669559,15609.975609756098
9441967.146069624,31902483.056176595,15122.195121951221,0.5805880256950233,9441672.409045987,31902055.70037836,14634.414634146342,9442016.06342252,31902999.88301798,14634.414634146342,9442261.883093258,31902910.411974832,15609.975609756098,9441918.228716725,31901966.22933521,15609.975609756098
9416438.887500418,31831579.88716194,16097.756097560974,3.524333962279083,9416144.150476784,31831152.531363707,15609.975609756098,9416487.804853316,31832096.714003325,15609.975609756098,9416733.624524053,31832007.242960177,16585.536585365855,9416389.97014752,31831063.06032056,16585.536585365855
9416782.54187695,31832524.06980156,16097.756097560974,3.506721350845921,9416487.804853316,31832096.714003325,15609.975609756098,9416831.45922985,31833040.896642946,15609.975609756098,9417077.278900586,31832951.4255998,16585.536585365855,9416733.624524053,31832007.242960177,16585.536585365855
9417126.196253482,31833468.252441183,16097.756097560974,4.244605853208915,9416831.45922985,31833040.896642946,15609.975609756098,9417175.11360638,31833985.079282567,15609.975609756098,9417420.933277119,31833895.60823942,16585.536585365855,9417077.278900586,31832951.4255998,16585.536585365855
9417469.850630015,31834412.4350808,16097.756097560974,4.504088969524759,9417175.11360638,31833985.079282567,15609.975609756098,9417518.767982913,31834929.261922184,15609.975609756098,9417764.587653652,31834839.79087904,16585.536585365855,9417420.933277119,31833895.60823942,16585.536585365855
9417813.505006546,31835356.61772042,16097.756097560974,5.5190440869029205,9417518.767982913,31834929.261922184,15609.975609756098,9417862.422359446,31835873.444561806,15609.975609756098,9418108.242030185,31835783.973518662,16585.536585365855,9417764.587653652,31834839.79087904,16585.536585365855
9418157.15938308,31836300.800360043,16097.756097560974,5.310064006770689,9417862.422359446,31835873.444561806,15609.975609756098,9418206.076735979,31836817.627201427,15609.975609756098,9418451.896406718,31836728.156158283,16585.536585365855,9418108.242030185,31835783.973518662,16585.536585365855
9418500.813759612,31837244.982999668,16097.756097560974,5.34029927293537,9418206.076735979,31836817.627201427,15609.975609756098,9418549.731112512,31837761.809841044,15609.975609756098,9418795.550783249,31837672.3387979,16585.536585365855,9418451.896406718,31836728.156158283,16585.536585365855
9418844.468136147,31838189.165639285,16097.756097560974,6.64382085278965,9418549.731112512,31837761.809841044,15609.975609756098,9418893.385489045,31838705.992480665,15609.975609756098,9419139.205159782,31838616.521437522,16585.536585365855,9418795.550783249,31837672.3387979,16585.536585365855
9419188.122512678,31839133.348278906,16097.756097560974,6.809338212826883,9418893.385489045,31838705.992480665,15609.975609756098,9419237.039865576,31839650.17512029,15609.975609756098,9419482.859536314,31839560.704077143,16585.536585365855,9419139.205159782,31838616.521437522,16585.536585365855
9419531.77688921,31840077.530918527,16097.756097560974,6.3158458210104085,9419237.039865576,31839650.17512029,15609.975609756098,9419580.694242109,31840594.357759908,15609.975609756098,9419826.513912847,31840504.88671676,16585.536585365855,9419482.859536314,31839560.704077143,16585.536585365855
9419875.431265743,31841021.713558145,16097.756097560974,5.321963563569919,9419580.694242109,31840594.357759908,15609.975609756098,9419924.348618641,31841538.54039953,15609.975609756098,9420170.16828938,31841449.069356382,16585.536585365855,9419826.513912847,31840504.88671676,16585.536585365855
9420219.085642274,31841965.896197762,16097.756097560974,3.8853788286156683,9419924.348618641,31841538.54039953,15609.975609756098,9420268.002995174,31842482.723039147,15609.975609756098,9420513.822665911,31842393.251996,16585.536585365855,9420170.16828938,31841449.069356382,16585.536585365855
9420562.74001881,31842910.078837384,16097.756097560974,3.2362437432670017,9420268.002995174,31842482.723039147,15609.975609756098,9420611.657371705,31843426.905678768,15609.975609756098,9420857.477042444,31843337.43463562,16585.536585365855,9420513.822665911,31842393.251996,16585.536585365855
9420906.39439534,31843854.261477,16097.756097560974,3.830779113053595,9420611.657371705,31843426.905678768,15609.975609756098,9420955.311748238,31844371.088318385,15609.975609756098,9421201.131418977,31844281.617275238,16585.536585365855,9420857.477042444,31843337.43463562,16585.536585365855
9421250.048771875,31844798.444116622,16097.756097560974,4.524644393049918,9420955.311748238,31844371.088318385,15609.975609756098,9421298.96612477,31845315.270958006,15609.975609756098,9421544.78579551,31845225.79991486,16585.536585365855,9421201.131418977,31844281.617275238,16585.536585365855
9421593.703148406,31845742.626756243,16097.756097560974,5.266699842447446,9421298.96612477,31845315.270958006,15609.975609756098,9421642.620501302,31846259.453597628,15609.975609756098,9421888.440172043,31846169.98255448,16585.536585365855,9421544.78579551,31845225.79991486,16585.536585365855
9421937.357524939,31846686.80939586,16097.756097560974,5.5024369014715395,9421642.620501302,31846259.453597628,15609.975609756098,9421986.274877835,31847203.636237245,15609.975609756098,9422232.094548576,31847114.1651941,16585.536585365855,9421888.440172043,31846169.98255448,16585.536585365855
9422281.011901472,31847630.992035482,16097.756097560974,4.577545873376149,9421986.274877835,31847203.636237245,15609.975609756098,9422329.929254368,31848147.818876866,15609.975609756098,9422575.748925108,31848058.347833723,16585.536585365855,9422232.094548576,31847114.1651941,16585.536585365855
9422624.666278003,31848575.174675103,16097.756097560974,4.9141646156145535,9422329.929254368,31848147.818876866,15609.975609756098,9422673.5836309,31849092.001516487,15609.975609756098,9422919.40330164,31849002.530473344,16585.536585365855,9422575.748925108,31848058.347833723,16585.536585365855
9422968.320654538,31849519.357314724,16097.756097560974,5.009370537812317,9422673.5836309,31849092.001516487,15609.975609756098,9423017.238007434,31850036.184156105,15609.975609756098,9423263.057678172,31849946.71311296,16585.536585365855,9422919.40330164,31849002.530473344,16585.536585365855
9423311.975031069,31850463.539954346,16097.756097560974,5.287442480599748,9423017.238007434,31850036.184156105,15609.975609756098,9423360.892383967,31850980.366795726,15609.975609756098,9423606.712054705,31850890.895752583,16585.536585365855,9423263.057678172,31849946.71311296,16585.536585365855
9423655.629407603,31851407.722593967,16097.756097560974,3.7258408892307493,9423360.892383967,31850980.366795726,15609.975609756098,9423704.546760498,31851924.549435347,15609.975609756098,9423950.366431238,31851835.078392204,16585.536585365855,9423606.712054705,31850890.895752583,16585.536585365855
9423999.283784134,31852351.905233584,16097.756097560974,3.979940714631819,9423704.546760498,31851924.549435347,15609.975609756098,9424048.20113703,31852868.73207497,15609.975609756098,9424294.020807771,31852779.26103182,16585.536585365855,9423950.366431238,31851835.078392204,16585.536585365855
9424342.938160667,31853296.087873206,16097.756097560974,4.314531924701034,9424048.20113703,31852868.73207497,15609.975609756098,9424391.855513563,31853812.91471459,15609.975609756098,9424637.675184304,31853723.443671443,16585.536585365855,9424294.020807771,31852779.26103182,16585.536585365855
9424686.5925372,31854240.270512827,16097.756097560974,4.399399389229538,9424391.855513563,31853812.91471459,15609.975609756098,9424735.509890096,31854757.09735421,15609.975609756098,9424981.329560837,31854667.626311064,16585.536585365855,9424637.675184304,31853723.443671443,16585.536585365855
9425030.246913731,31855184.453152444,16097.756097560974,4.144632969061301,9424735.509890096,31854757.09735421,15609.975609756098,9425079.16426663,31855701.27999383,15609.975609756098,9425324.983937368,31855611.80895068,16585.536585365855,9424981.329560837,31854667.626311064,16585.536585365855
9425373.901290266,31856128.635792065,16097.756097560974,5.264318439731176,9425079.16426663,31855701.27999383,15609.975609756098,9425422.818643162,31856645.46263345,15609.975609756098,9425668.6383139,31856555.991590302,16585.536585365855,9425324.983937368,31855611.80895068,16585.536585365855
9425717.555666797,31857072.818431687,16097.756097560974,6.411769493457457,9425422.818643162,31856645.46263345,15609.975609756098,9425766.473019693,31857589.64527307,15609.975609756098,9426012.292690434,31857500.17422992,16585.536585365855,9425668.6383139,31856555.991590302,16585.536585365855
9426061.210043328,31858017.001071304,16097.756097560974,7.63522290112566,9425766.473019693,31857589.64527307,15609.975609756098,9426110.127396226,31858533.82791269,15609.975609756098,9426355.947066966,31858444.35686954,16585.536585365855,9426012.292690434,31857500.17422992,16585.536585365855
9426404.864419863,31858961.183710925,16097.756097560974,7.425240152317972,9426110.127396226,31858533.82791269,15609.975609756098,9426453.781772759,31859478.01055231,15609.975609756098,9426699.6014435,31859388.539509162,16585.536585365855,9426355.947066966,31858444.35686954,16585.536585365855
9426748.518796396,31859905.366350546,16097.756097560974,6.670426893961105,9426453.781772759,31859478.01055231,15609.975609756098,9426797.436149292,31860422.19319193,15609.975609756098,9427043.255820032,31860332.72214878,16585.536585365855,9426699.6014435,31859388.539509162,16585.536585365855
9427092.173172928,31860849.548990168,16097.756097560974,6.202352271485391,9426797.436149292,31860422.19319193,15609.975609756098,9427141.090525825,31861366.375831548,15609.975609756098,9427386.910196563,31861276.904788405,16585.536585365855,9427043.255820032,31860332.72214878,16585.536585365855
9427435.82754946,31861793.731629785,16097.756097560974,6.334049154742767,9427141.090525825,31861366.375831548,15609.975609756098,9427484.744902357,31862310.55847117,15609.975609756098,9427730.564573096,31862221.087428026,16585.536585365855,9427386.910196563,31861276.904788405,16585.536585365855
9427779.481925994,31862737.914269403,16097.756097560974,5.252358315031639,9427484.744902357,31862310.55847117,15609.975609756098,9427828.39927889,31863254.741110787,15609.975609756098,9428074.218949629,31863165.270067643,16585.536585365855,9427730.564573096,31862221.087428026,16585.536585365855
9428123.136302525,31863682.096909028,16097.756097560974,4.6061502195407105,9427828.39927889,31863254.741110787,15609.975609756098,9428172.053655421,31864198.923750408,15609.975609756098,9428417.873326162,31864109.452707265,16585.536585365855,9428074.218949629,31863165.270067643,16585.536585365855
9428466.790679056,31864626.279548645,16097.756097560974,3.8137959876770395,9428172.053655421,31864198.923750408,15609.975609756098,9428515.708031954,31865143.106390025,15609.975609756098,9428761.527702695,31865053.635346882,16585.536585365855,9428417.873326162,31864109.452707265,16585.536585365855
9428810.445055591,31865570.462188266,16097.756097560974,2.0499098023264946,9428515.708031954,31865143.106390025,15609.975609756098,9428859.362408487,31866087.28902965,15609.975609756098,9429105.182079226,31865997.817986503,16585.536585365855,9428761.527702695,31865053.635346882,16585.536585365855
9429154.099432122,31866514.644827887,16097.756097560974,1.6660219669298155,9428859.362408487,31866087.28902965,15609.975609756098,9429203.01678502,31867031.47166927,15609.975609756098,9429448.836455759,31866942.000626124,16585.536585365855,9429105.182079226,31865997.817986503,16585.536585365855
9429497.753808657,31867458.827467505,16097.756097560974,0.9757596923093961,9429203.01678502,31867031.47166927,15609.975609756098,9429546.671161553,31867975.65430889,15609.975609756098,9429792.490832292,31867886.183265742,16585.536585365855,9429448.836455759,31866942.000626124,16585.536585365855
9429841.408185188,31868403.010107126,16097.756097560974,0.48903235298548386,9429546.671161553,31867975.65430889,15609.975609756098,9429890.325538084,31868919.83694851,15609.975609756098,9430136.145208824,31868830.365905363,16585.536585365855,9429792.490832292,31867886.183265742,16585.536585365855
9430185.06256172,31869347.192746747,16097.756097560974,0.3377208805625822,9429890.325538084,31868919.83694851,15609.975609756098,9430233.979914617,31869864.01958813,15609.975609756098,9430479.799585357,31869774.54854498,16585.536585365855,9430136.145208824,31868830.365905363,16585.536585365855
9430528.716938253,31870291.37538637,16097.756097560974,0.22758702580379522,9430233.979914617,31869864.01958813,15609.975609756098,9430577.63429115,31870808.20222775,15609.975609756098,9430823.45396189,31870718.7311846,16585.536585365855,9430479.799585357,31869774.54854498,16585.536585365855
9430872.371314785,31871235.558025986,16097.756097560974,0.3115472168776854,9430577.63429115,31870808.20222775,15609.975609756098,9430921.288667683,31871752.38486737,15609.975609756098,9431167.108338423,31871662.913824223,16585.536585365855,9430823.45396189,31870718.7311846,16585.536585365855
9431216.02569132,31872179.740665603,16097.756097560974,0.3136649041053333,9430921.288667683,31871752.38486737,15609.975609756098,9431264.943044215,31872696.567506988,15609.975609756098,9431510.762714954,31872607.09646384,16585.536585365855,9431167.108338423,31871662.913824223,16585.536585365855
9431559.68006785,31873123.923305225,16097.756097560974,0.40941591490151663,9431264.943044215,31872696.567506988,15609.975609756098,9431608.597420748,31873640.75014661,15609.975609756098,9431854.417091487,31873551.27910346,16585.536585365855,9431510.762714954,31872607.09646384,16585.536585365855
9431903.334444385,31874068.105944846,16097.756097560974,0.4454619705288736,9431608.597420748,31873640.75014661,15609.975609756098,9431952.251797281,31874584.93278623,15609.975609756098,9432198.07146802,31874495.461743087,16585.536585365855,9431854.417091487,31873551.27910346,16585.536585365855
9432246.988820916,31875012.288584463,16097.756097560974,0.46322406739002703,9431952.251797281,31874584.93278623,15609.975609756098,9432295.906173812,31875529.115425847,15609.975609756098,9432541.725844553,31875439.644382704,16585.536585365855,9432198.07146802,31874495.461743087,16585.536585365855
9432590.643197449,31875956.471224084,16097.756097560974,0.4436908341625527,9432295.906173812,31875529.115425847,15609.975609756098,9432639.560550345,31876473.29806547,15609.975609756098,9432885.380221086,31876383.827022325,16585.536585365855,9432541.725844553,31875439.644382704,16585.536585365855
9432934.297573982,31876900.65386371,16097.756097560974,0.4401002734139559,9432639.560550345,31876473.29806547,15609.975609756098,9432983.214926878,31877417.48070509,15609.975609756098,9433229.034597619,31877328.009661946,16585.536585365855,9432885.380221086,31876383.827022325,16585.536585365855
9433277.951950513,31877844.83650333,16097.756097560974,0.553687471529055,9432983.214926878,31877417.48070509,15609.975609756098,9433326.86930341,31878361.663344707,15609.975609756098,9433572.688974151,31878272.192301564,16585.536585365855,9433229.034597619,31877328.009661946,16585.536585365855
9433621.606327048,31878789.019142948,16097.756097560974,0.8632206011132073,9433326.86930341,31878361.663344707,15609.975609756098,9433670.523679944,31879305.845984332,15609.975609756098,9433916.343350682,31879216.374941185,16585.536585365855,9433572.688974151,31878272.192301564,16585.536585365855
9433965.260703579,31879733.20178257,16097.756097560974,1.0463728535315968,9433670.523679944,31879305.845984332,15609.975609756098,9434014.178056477,31880250.028623953,15609.975609756098,9434259.997727215,31880160.557580806,16585.536585365855,9433916.343350682,31879216.374941185,16585.536585365855
9434308.915080113,31880677.38442219,16097.756097560974,1.1530467229274652,9434014.178056477,31880250.028623953,15609.975609756098,9434357.83243301,31881194.21126357,15609.975609756098,9434603.652103748,31881104.740220424,16585.536585365855,9434259.997727215,31880160.557580806,16585.536585365855
9434652.569456644,31881621.567061808,16097.756097560974,1.2018797999308029,9434357.83243301,31881194.21126357,15609.975609756098,9434701.48680954,31882138.393903192,15609.975609756098,9434947.306480281,31882048.922860045,16585.536585365855,9434603.652103748,31881104.740220424,16585.536585365855
9434996.223833177,31882565.74970143,16097.756097560974,1.6938589107641415,9434701.48680954,31882138.393903192,15609.975609756098,9435045.141186073,31883082.576542813,15609.975609756098,9435290.960856814,31882993.105499666,16585.536585365855,9434947.306480281,31882048.922860045,16585.536585365855
9435339.87820971,31883509.932341047,16097.756097560974,2.000080373302678,9435045.141186073,31883082.576542813,15609.975609756098,9435388.795562606,31884026.75918243,15609.975609756098,9435634.615233347,31883937.288139284,16585.536585365855,9435290.960856814,31882993.105499666,16585.536585365855
9435683.532586241,31884454.114980668,16097.756097560974,1.8902968243565172,9435388.795562606,31884026.75918243,15609.975609756098,9435732.44993914,31884970.941822052,15609.975609756098,9435978.26960988,31884881.470778905,16585.536585365855,9435634.615233347,31883937.288139284,16585.536585365855
9436027.186962776,31885398.29762029,16097.756097560974,1.6771666262122047,9435732.44993914,31884970.941822052,15609.975609756098,9436076.104315672,31885915.124461673,15609.975609756098,9436321.92398641,31885825.653418526,16585.536585365855,9435978.26960988,31884881.470778905,16585.536585365855
9436370.841339307,31886342.480259907,16097.756097560974,1.6872550995830449,9436076.104315672,31885915.124461673,15609.975609756098,9436419.758692203,31886859.30710129,15609.975609756098,9436665.578362944,31886769.836058144,16585.536585365855,9436321.92398641,31885825.653418526,16585.536585365855
9436714.495715838,31887286.662899524,16097.756097560974,1.7481938294104515,9436419.758692203,31886859.30710129,15609.975609756098,9436763.413068736,31887803.48974091,15609.975609756098,9437009.232739476,31887714.018697765,16585.536585365855,9436665.578362944,31886769.836058144,16585.536585365855
9437058.150092373,31888230.845539145,16097.756097560974,1.9659995451764325,9436763.413068736,31887803.48974091,15609.975609756098,9437107.067445269,31888747.67238053,15609.975609756098,9437352.88711601,31888658.201337386,16585.536585365855,9437009.232739476,31887714.018697765,16585.536585365855
9437401.804468904,31889175.028178766,16097.756097560974,2.0417422733254327,9437107.067445269,31888747.67238053,15609.975609756098,9437450.721821802,31889691.85502015,15609.975609756098,9437696.54149254,31889602.383977007,16585.536585365855,9437352.88711601,31888658.201337386,16585.536585365855
9437745.458845438,31890119.21081839,16097.756097560974,1.9065384173222593,9437450.721821802,31889691.85502015,15609.975609756098,9437794.376198335,31890636.037659768,15609.975609756098,9438040.195869073,31890546.566616625,16585.536585365855,9437696.54149254,31889602.383977007,16585.536585365855
9438089.11322197,31891063.39345801,16097.756097560974,1.9043350797454577,9437794.376198335,31890636.037659768,15609.975609756098,9438138.030574868,31891580.22029939,15609.975609756098,9438383.850245606,31891490.749256246,16585.536585365855,9438040.195869073,31890546.566616625,16585.536585365855
9438432.767598502,31892007.57609763,16097.756097560974,1.4701822880348376,9438138.030574868,31891580.22029939,15609.975609756098,9438481.684951399,31892524.402939014,15609.975609756098,9438727.504622139,31892434.931895867,16585.536585365855,9438383.850245606,31891490.749256246,16585.536585365855
9438776.421975035,31892951.758737247,16097.756097560974,1.1489154496609146,9438481.684951399,31892524.402939014,15609.975609756098,9438825.339327931,31893468.58557863,15609.975609756098,9439071.158998672,31893379.114535484,16585.536585365855,9438727.504622139,31892434.931895867,16585.536585365855
9439120.076351566,31893895.94137687,16097.756097560974,1.3370981756594709,9438825.339327931,31893468.58557863,15609.975609756098,9439168.993704464,31894412.768218253,15609.975609756098,9439414.813375205,31894323.297175106,16585.536585365855,9439071.158998672,31893379.114535484,16585.536585365855
9439463.730728101,31894840.12401649,16097.756097560974,1.1823054848235581,9439168.993704464,31894412.768218253,15609.975609756098,9439512.648080997,31895356.950857874,15609.975609756098,9439758.467751738,31895267.479814727,16585.536585365855,9439414.813375205,31894323.297175106,16585.536585365855
9439807.385104632,31895784.306656107,16097.756097560974,1.0296853446148426,9439512.648080997,31895356.950857874,15609.975609756098,9439856.30245753,31896301.13349749,15609.975609756098,9440102.122128269,31896211.662454344,16585.536585365855,9439758.467751738,31895267.479814727,16585.536585365855
9440151.039481167,31896728.48929573,16097.756097560974,1.333848298051486,9439856.30245753,31896301.13349749,15609.975609756098,9440199.956834063,31897245.316137113,15609.975609756098,9440445.776504802,31897155.845093966,16585.536585365855,9440102.122128269,31896211.662454344,16585.536585365855
9440494.693857698,31897672.67193535,16097.756097560974,1.110421152065616,9440199.956834063,31897245.316137113,15609.975609756098,9440543.611210596,31898189.498776734,15609.975609756098,9440789.430881334,31898100.027733583,16585.536585365855,9440445.776504802,31897155.845093966,16585.536585365855
9440838.34823423,31898616.854574967,16097.756097560974,0.677927842350635,9440543.611210596,31898189.498776734,15609.975609756098,9440887.265587127,31899133.68141635,15609.975609756098,9441133.085257867,31899044.210373204,16585.536585365855,9440789.430881334,31898100.027733583,16585.536585365855
9441182.002610764,31899561.03721459,16097.756097560974,0.5702427086027497,9440887.265587127,31899133.68141635,15609.975609756098,9441230.91996366,31900077.864055973,15609.975609756098,9441476.7396344,31899988.393012825,16585.536585365855,9441133.085257867,31899044.210373204,16585.536585365855
9441525.656987295,31900505.21985421,16097.756097560974,0.4367638646844282,9441230.91996366,31900077.864055973,15609.975609756098,9441574.574340193,31901022.04669559,15609.975609756098,9441820.394010933,31900932.575652447,16585.536585365855,9441476.7396344,31899988.393012825,16585.536585365855
9441869.31136383,31901449.402493827,16097.756097560974,0.1324287086758418,9441574.574340193,31901022.04669559,15609.975609756098,9441918.228716725,31901966.22933521,15609.975609756098,9442164.048387466,31901876.758292068,16585.536585365855,9441820.394010933,31900932.575652447,16585.536585365855
9442212.96574036,31902393.58513345,16097.756097560974,0.07236502227503873,9441918.228716725,31901966.22933521,15609.975609756098,9442261.883093258,31902910.411974832,15609.975609756098,9442507.702763997,31902820.94093169,16585.536585365855,9442164.048387466,31901876.758292068,16585.536585365855
9416684.707171157,31831490.416118797,17073.317073170736,1.833625530809996,9416389.97014752,31831063.06032056,16585.536585365855,9416733.624524053,31832007.242960177,16585.536585365855,9416979.444194792,31831917.771917034,17561.09756097561,9416635.789818259,31830973.589277416,17561.09756097561
9417028.361547688,31832434.598758418,17073.317073170736,1.7171390048476194,9416733.624524053,31832007.242960177,16585.536585365855,9417077.278900586,31832951.4255998,16585.536585365855,9417323.098571325,31832861.954556655,17561.09756097561,9416979.444194792,31831917.771917034,17561.09756097561
9417372.015924223,31833378.78139804,17073.317073170736,2.6829109475420885,9417077.278900586,31832951.4255998,16585.536585365855,9417420.933277119,31833895.60823942,16585.536585365855,9417666.752947858,31833806.137196276,17561.09756097561,9417323.098571325,31832861.954556655,17561.09756097561
9417715.670300754,31834322.964037657,17073.317073170736,3.5587207640558294,9417420.933277119,31833895.60823942,16585.536585365855,9417764.587653652,31834839.79087904,16585.536585365855,9418010.407324389,31834750.319835894,17561.09756097561,9417666.752947858,31833806.137196276,17561.09756097561
9418059.324677289,31835267.146677278,17073.317073170736,5.009182944466391,9417764.587653652,31834839.79087904,16585.536585365855,9418108.242030185,31835783.973518662,16585.536585365855,9418354.061700922,31835694.502475515,17561.09756097561,9418010.407324389,31834750.319835894,17561.09756097561
9418402.97905382,31836211.3293169,17073.317073170736,5.939337548876225,9418108.242030185,31835783.973518662,16585.536585365855,9418451.896406718,31836728.156158283,16585.536585365855,9418697.716077454,31836638.685115136,17561.09756097561,9418354.061700922,31835694.502475515,17561.09756097561
9418746.633430352,31837155.51195652,17073.317073170736,6.818456095911414,9418451.896406718,31836728.156158283,16585.536585365855,9418795.550783249,31837672.3387979,16585.536585365855,9419041.370453987,31837582.867754754,17561.09756097561,9418697.716077454,31836638.685115136,17561.09756097561
9419090.287806885,31838099.694596138,17073.317073170736,8.180762512061836,9418795.550783249,31837672.3387979,16585.536585365855,9419139.205159782,31838616.521437522,16585.536585365855,9419385.02483052,31838527.050394375,17561.09756097561,9419041.370453987,31837582.867754754,17561.09756097561
9419433.942183416,31839043.87723576,17073.317073170736,8.817857965369292,9419139.205159782,31838616.521437522,16585.536585365855,9419482.859536314,31839560.704077143,16585.536585365855,9419728.679207053,31839471.233033996,17561.09756097561,9419385.02483052,31838527.050394375,17561.09756097561
9419777.596559951,31839988.05987538,17073.317073170736,7.8279103588026935,9419482.859536314,31839560.704077143,16585.536585365855,9419826.513912847,31840504.88671676,16585.536585365855,9420072.333583586,31840415.415673614,17561.09756097561,9419728.679207053,31839471.233033996,17561.09756097561
9420121.250936482,31840932.242514998,17073.317073170736,6.121793611523382,9419826.513912847,31840504.88671676,16585.536585365855,9420170.16828938,31841449.069356382,16585.536585365855,9420415.987960117,31841359.598313235,17561.09756097561,9420072.333583586,31840415.415673614,17561.09756097561
9420464.905313017,31841876.425154615,17073.317073170736,4.725809753103101,9420170.16828938,31841449.069356382,16585.536585365855,9420513.822665911,31842393.251996,16585.536585365855,9420759.64233665,31842303.780952856,17561.09756097561,9420415.987960117,31841359.598313235,17561.09756097561
9420808.559689548,31842820.607794236,17073.317073170736,3.8858259794277124,9420513.822665911,31842393.251996,16585.536585365855,9420857.477042444,31843337.43463562,16585.536585365855,9421103.296713183,31843247.963592477,17561.09756097561,9420759.64233665,31842303.780952856,17561.09756097561
9421152.21406608,31843764.790433854,17073.317073170736,3.892509037301116,9420857.477042444,31843337.43463562,16585.536585365855,9421201.131418977,31844281.617275238,16585.536585365855,9421446.951089716,31844192.146232095,17561.09756097561,9421103.296713183,31843247.963592477,17561.09756097561
9421495.868442614,31844708.97307348,17073.317073170736,4.361629293357453,9421201.131418977,31844281.617275238,16585.536585365855,9421544.78579551,31845225.79991486,16585.536585365855,9421790.605466248,31845136.328871716,17561.09756097561,9421446.951089716,31844192.146232095,17561.09756097561
9421839.522819145,31845653.1557131,17073.317073170736,3.72202471210631,9421544.78579551,31845225.79991486,16585.536585365855,9421888.440172043,31846169.98255448,16585.536585365855,9422134.25984278,31846080.511511337,17561.09756097561,9421790.605466248,31845136.328871716,17561.09756097561
9422183.17719568,31846597.338352717,17073.317073170736,3.1100332916994287,9421888.440172043,31846169.98255448,16585.536585365855,9422232.094548576,31847114.1651941,16585.536585365855,9422477.914219312,31847024.694150954,17561.09756097561,9422134.25984278,31846080.511511337,17561.09756097561
9422526.83157221,31847541.52099234,17073.317073170736,3.3039262279563633,9422232.094548576,31847114.1651941,16585.536585365855,9422575.748925108,31848058.347833723,16585.536585365855,9422821.568595845,31847968.876790576,17561.09756097561,9422477.914219312,31847024.694150954,17561.09756097561
9422870.485948745,31848485.70363196,17073.317073170736,3.6298419568175357,9422575.748925108,31848058.347833723,16585.536585365855,9422919.40330164,31849002.530473344,16585.536585365855,9423165.222972378,31848913.059430197,17561.09756097561,9422821.568595845,31847968.876790576,17561.09756097561
9423214.140325276,31849429.88627158,17073.317073170736,3.894165349180703,9422919.40330164,31849002.530473344,16585.536585365855,9423263.057678172,31849946.71311296,16585.536585365855,9423508.877348911,31849857.242069814,17561.09756097561,9423165.222972378,31848913.059430197,17561.09756097561
9423557.794701809,31850374.0689112,17073.317073170736,4.285426926595516,9423263.057678172,31849946.71311296,16585.536585365855,9423606.712054705,31850890.895752583,16585.536585365855,9423852.531725444,31850801.424709436,17561.09756097561,9423508.877348911,31849857.242069814,17561.09756097561
9423901.449078342,31851318.25155082,17073.317073170736,3.847325921440859,9423606.712054705,31850890.895752583,16585.536585365855,9423950.366431238,31851835.078392204,16585.536585365855,9424196.186101977,31851745.607349057,17561.09756097561,9423852.531725444,31850801.424709436,17561.09756097561
9424245.103454873,31852262.434190437,17073.317073170736,2.9119472672444844,9423950.366431238,31851835.078392204,16585.536585365855,9424294.020807771,31852779.26103182,16585.536585365855,9424539.840478508,31852689.789988674,17561.09756097561,9424196.186101977,31851745.607349057,17561.09756097561
9424588.757831408,31853206.61683006,17073.317073170736,3.251032924308863,9424294.020807771,31852779.26103182,16585.536585365855,9424637.675184304,31853723.443671443,16585.536585365855,9424883.49485504,31853633.972628295,17561.09756097561,9424539.840478508,31852689.789988674,17561.09756097561
9424932.412207939,31854150.799469676,17073.317073170736,2.1590328680489783,9424637.675184304,31853723.443671443,16585.536585365855,9424981.329560837,31854667.626311064,16585.536585365855,9425227.149231574,31854578.155267913,17561.09756097561,9424883.49485504,31853633.972628295,17561.09756097561
9425276.066584473,31855094.982109297,17073.317073170736,2.0764278274951726,9424981.329560837,31854667.626311064,16585.536585365855,9425324.983937368,31855611.80895068,16585.536585365855,9425570.803608106,31855522.337907538,17561.09756097561,9425227.149231574,31854578.155267913,17561.09756097561
9425619.720961004,31856039.16474892,17073.317073170736,2.395580967488911,9425324.983937368,31855611.80895068,16585.536585365855,9425668.6383139,31856555.991590302,16585.536585365855,9425914.45798464,31856466.52054716,17561.09756097561,9425570.803608106,31855522.337907538,17561.09756097561
9425963.375337537,31856983.34738854,17073.317073170736,2.5047316078917032,9425668.6383139,31856555.991590302,16585.536585365855,9426012.292690434,31857500.17422992,16585.536585365855,9426258.112361172,31857410.703186776,17561.09756097561,9425914.45798464,31856466.52054716,17561.09756097561
9426307.02971407,31857927.530028157,17073.317073170736,3.337507221102535,9426012.292690434,31857500.17422992,16585.536585365855,9426355.947066966,31858444.35686954,16585.536585365855,9426601.766737705,31858354.885826398,17561.09756097561,9426258.112361172,31857410.703186776,17561.09756097561
9426650.684090601,31858871.71266778,17073.317073170736,3.262487828122514,9426355.947066966,31858444.35686954,16585.536585365855,9426699.6014435,31859388.539509162,16585.536585365855,9426945.421114236,31859299.06846602,17561.09756097561,9426601.766737705,31858354.885826398,17561.09756097561
9426994.338467136,31859815.895307403,17073.317073170736,4.194836727020666,9426699.6014435,31859388.539509162,16585.536585365855,9427043.255820032,31860332.72214878,16585.536585365855,9427289.075490769,31860243.251105636,17561.09756097561,9426945.421114236,31859299.06846602,17561.09756097561
9427337.992843667,31860760.07794702,17073.317073170736,4.919826828532499,9427043.255820032,31860332.72214878,16585.536585365855,9427386.910196563,31861276.904788405,16585.536585365855,9427632.729867302,31861187.433745258,17561.09756097561,9427289.075490769,31860243.251105636,17561.09756097561
9427681.647220198,31861704.26058664,17073.317073170736,4.9020624349375375,9427386.910196563,31861276.904788405,16585.536585365855,9427730.564573096,31862221.087428026,16585.536585365855,9427976.384243835,31862131.61638488,17561.09756097561,9427632.729867302,31861187.433745258,17561.09756097561
9428025.301596731,31862648.44322626,17073.317073170736,4.025883560083732,9427730.564573096,31862221.087428026,16585.536585365855,9428074.218949629,31863165.270067643,16585.536585365855,9428320.038620368,31863075.799024496,17561.09756097561,9427976.384243835,31862131.61638488,17561.09756097561
9428368.955973264,31863592.62586588,17073.317073170736,3.8952605990005136,9428074.218949629,31863165.270067643,16585.536585365855,9428417.873326162,31864109.452707265,16585.536585365855,9428663.692996899,31864019.981664117,17561.09756097561,9428320.038620368,31863075.799024496,17561.09756097561
9428712.610349797,31864536.808505498,17073.317073170736,4.383500221959294,9428417.873326162,31864109.452707265,16585.536585365855,9428761.527702695,31865053.635346882,16585.536585365855,9429007.347373432,31864964.164303735,17561.09756097561,9428663.692996899,31864019.981664117,17561.09756097561
9429056.26472633,31865480.99114512,17073.317073170736,3.482607940259295,9428761.527702695,31865053.635346882,16585.536585365855,9429105.182079226,31865997.817986503,16585.536585365855,9429351.001749964,31865908.346943356,17561.09756097561,9429007.347373432,31864964.164303735,17561.09756097561
9429399.91910286,31866425.17378474,17073.317073170736,2.6158144892528514,9429105.182079226,31865997.817986503,16585.536585365855,9429448.836455759,31866942.000626124,16585.536585365855,9429694.656126497,31866852.529582974,17561.09756097561,9429351.001749964,31865908.346943356,17561.09756097561
9429743.573479393,31867369.356424358,17073.317073170736,1.443443095341535,9429448.836455759,31866942.000626124,16585.536585365855,9429792.490832292,31867886.183265742,16585.536585365855,9430038.31050303,31867796.712222595,17561.09756097561,9429694.656126497,31866852.529582974,17561.09756097561
9430087.227855925,31868313.53906398,17073.317073170736,0.6338516292720858,9429792.490832292,31867886.183265742,16585.536585365855,9430136.145208824,31868830.365905363,16585.536585365855,9430381.964879563,31868740.89486222,17561.09756097561,9430038.31050303,31867796.712222595,17561.09756097561
9430430.88223246,31869257.7217036,17073.317073170736,0.4817634819048735,9430136.145208824,31868830.365905363,16585.536585365855,9430479.799585357,31869774.54854498,16585.536585365855,9430725.619256094,31869685.077501837,17561.09756097561,9430381.964879563,31868740.89486222,17561.09756097561
9430774.53660899,31870201.904343218,17073.317073170736,0.4317879505352034,9430479.799585357,31869774.54854498,16585.536585365855,9430823.45396189,31870718.7311846,16585.536585365855,9431069.273632627,31870629.26014146,17561.09756097561,9430725.619256094,31869685.077501837,17561.09756097561
9431118.190985525,31871146.08698284,17073.317073170736,0.42010541234085846,9430823.45396189,31870718.7311846,16585.536585365855,9431167.108338423,31871662.913824223,16585.536585365855,9431412.92800916,31871573.44278108,17561.09756097561,9431069.273632627,31870629.26014146,17561.09756097561
9431461.845362056,31872090.26962246,17073.317073170736,0.317636929928976,9431167.108338423,31871662.913824223,16585.536585365855,9431510.762714954,31872607.09646384,16585.536585365855,9431756.582385693,31872517.625420697,17561.09756097561,9431412.92800916,31871573.44278108,17561.09756097561
9431805.499738589,31873034.45226208,17073.317073170736,0.3994598767275133,9431510.762714954,31872607.09646384,16585.536585365855,9431854.417091487,31873551.27910346,16585.536585365855,9432100.236762226,31873461.80806032,17561.09756097561,9431756.582385693,31872517.625420697,17561.09756097561
9432149.154115122,31873978.634901702,17073.317073170736,0.4572673205145769,9431854.417091487,31873551.27910346,16585.536585365855,9432198.07146802,31874495.461743087,16585.536585365855,9432443.891138759,31874405.99069994,17561.09756097561,9432100.236762226,31873461.80806032,17561.09756097561
9432492.808491653,31874922.81754132,17073.317073170736,0.38978648980755154,9432198.07146802,31874495.461743087,16585.536585365855,9432541.725844553,31875439.644382704,16585.536585365855,9432787.545515291,31875350.173339557,17561.09756097561,9432443.891138759,31874405.99069994,17561.09756097561
9432836.462868188,31875867.00018094,17073.317073170736,0.22371468687144094,9432541.725844553,31875439.644382704,16585.536585365855,9432885.380221086,31876383.827022325,16585.536585365855,9433131.199891822,31876294.355979178,17561.09756097561,9432787.545515291,31875350.173339557,17561.09756097561
9433180.117244719,31876811.182820562,17073.317073170736,0.22200835845520914,9432885.380221086,31876383.827022325,16585.536585365855,9433229.034597619,31877328.009661946,16585.536585365855,9433474.854268355,31877238.5386188,17561.09756097561,9433131.199891822,31876294.355979178,17561.09756097561
9433523.771621253,31877755.365460183,17073.317073170736,0.4705964836374503,9433229.034597619,31877328.009661946,16585.536585365855,9433572.688974151,31878272.192301564,16585.536585365855,9433818.508644888,31878182.721258417,17561.09756097561,9433474.854268355,31877238.5386188,17561.09756097561
9433867.425997784,31878699.5480998,17073.317073170736,1.0611353109291721,9433572.688974151,31878272.192301564,16585.536585365855,9433916.343350682,31879216.374941185,16585.536585365855,9434162.163021421,31879126.903898038,17561.09756097561,9433818.508644888,31878182.721258417,17561.09756097561
9434211.080374317,31879643.730739422,17073.317073170736,0.7986528677763238,9433916.343350682,31879216.374941185,16585.536585365855,9434259.997727215,31880160.557580806,16585.536585365855,9434505.817397954,31880071.08653766,17561.09756097561,9434162.163021421,31879126.903898038,17561.09756097561
9434554.73475085,31880587.913379043,17073.317073170736,0.7840182062987766,9434259.997727215,31880160.557580806,16585.536585365855,9434603.652103748,31881104.740220424,16585.536585365855,9434849.471774487,31881015.269177277,17561.09756097561,9434505.817397954,31880071.08653766,17561.09756097561
9434898.389127381,31881532.09601866,17073.317073170736,1.0744228600412056,9434603.652103748,31881104.740220424,16585.536585365855,9434947.306480281,31882048.922860045,16585.536585365855,9435193.12615102,31881959.451816898,17561.09756097561,9434849.471774487,31881015.269177277,17561.09756097561
9435242.043503916,31882476.27865828,17073.317073170736,1.7163062956428157,9434947.306480281,31882048.922860045,16585.536585365855,9435290.960856814,31882993.105499666,16585.536585365855,9435536.78052755,31882903.63445652,17561.09756097561,9435193.12615102,31881959.451816898,17561.09756097561
9435585.697880447,31883420.4612979,17073.317073170736,2.943293459915437,9435290.960856814,31882993.105499666,16585.536585365855,9435634.615233347,31883937.288139284,16585.536585365855,9435880.434904084,31883847.81709614,17561.09756097561,9435536.78052755,31882903.63445652,17561.09756097561
9435929.352256982,31884364.64393752,17073.317073170736,2.680625520843935,9435634.615233347,31883937.288139284,16585.536585365855,9435978.26960988,31884881.470778905,16585.536585365855,9436224.089280616,31884791.99973576,17561.09756097561,9435880.434904084,31883847.81709614,17561.09756097561
9436273.006633513,31885308.826577146,17073.317073170736,1.9471571806386936,9435978.26960988,31884881.470778905,16585.536585365855,9436321.92398641,31885825.653418526,16585.536585365855,9436567.74365715,31885736.18237538,17561.09756097561,9436224.089280616,31884791.99973576,17561.09756097561
9436616.661010044,31886253.009216763,17073.317073170736,1.8172623664049368,9436321.92398641,31885825.653418526,16585.536585365855,9436665.578362944,31886769.836058144,16585.536585365855,9436911.39803368,31886680.365015,17561.09756097561,9436567.74365715,31885736.18237538,17561.09756097561
9436960.315386578,31887197.19185638,17073.317073170736,1.8537627697868801,9436665.578362944,31886769.836058144,16585.536585365855,9437009.232739476,31887714.018697765,16585.536585365855,9437255.052410213,31887624.547654618,17561.09756097561,9436911.39803368,31886680.365015,17561.09756097561
9437303.96976311,31888141.374496,17073.317073170736,2.9532561616011215,9437009.232739476,31887714.018697765,16585.536585365855,9437352.88711601,31888658.201337386,16585.536585365855,9437598.706786746,31888568.73029424,17561.09756097561,9437255.052410213,31887624.547654618,17561.09756097561
9437647.624139642,31889085.557135623,17073.317073170736,2.7899755002558297,9437352.88711601,31888658.201337386,16585.536585365855,9437696.54149254,31889602.383977007,16585.536585365855,9437942.361163279,31889512.91293386,17561.09756097561,9437598.706786746,31888568.73029424,17561.09756097561
9437991.278516175,31890029.739775244,17073.317073170736,2.727722360703138,9437696.54149254,31889602.383977007,16585.536585365855,9438040.195869073,31890546.566616625,16585.536585365855,9438286.015539812,31890457.095573477,17561.09756097561,9437942.361163279,31889512.91293386,17561.09756097561
9438334.932892706,31890973.92241486,17073.317073170736,2.17510631561657,9438040.195869073,31890546.566616625,16585.536585365855,9438383.850245606,31891490.749256246,16585.536585365855,9438629.669916345,31891401.2782131,17561.09756097561,9438286.015539812,31890457.095573477,17561.09756097561
9438678.587269241,31891918.105054483,17073.317073170736,1.4691740715121475,9438383.850245606,31891490.749256246,16585.536585365855,9438727.504622139,31892434.931895867,16585.536585365855,9438973.324292878,31892345.46085272,17561.09756097561,9438629.669916345,31891401.2782131,17561.09756097561
9439022.241645772,31892862.2876941,17073.317073170736,0.9680841741227555,9438727.504622139,31892434.931895867,16585.536585365855,9439071.158998672,31893379.114535484,16585.536585365855,9439316.978669409,31893289.643492337,17561.09756097561,9438973.324292878,31892345.46085272,17561.09756097561
9439365.896022307,31893806.47033372,17073.317073170736,0.6071041676019615,9439071.158998672,31893379.114535484,16585.536585365855,9439414.813375205,31894323.297175106,16585.536585365855,9439660.633045942,31894233.82613196,17561.09756097561,9439316.978669409,31893289.643492337,17561.09756097561
9439709.550398838,31894750.65297334,17073.317073170736,0.48143499801483214,9439414.813375205,31894323.297175106,16585.536585365855,9439758.467751738,31895267.479814727,16585.536585365855,9440004.287422474,31895178.00877158,17561.09756097561,9439660.633045942,31894233.82613196,17561.09756097561
9440053.20477537,31895694.83561296,17073.317073170736,0.567781547515805,9439758.467751738,31895267.479814727,16585.536585365855,9440102.122128269,31896211.662454344,16585.536585365855,9440347.941799007,31896122.1914112,17561.09756097561,9440004.287422474,31895178.00877158,17561.09756097561
9440396.859151904,31896639.01825258,17073.317073170736,0.5996087712504844,9440102.122128269,31896211.662454344,16585.536585365855,9440445.776504802,31897155.845093966,16585.536585365855,9440691.59617554,31897066.374050822,17561.09756097561,9440347.941799007,31896122.1914112,17561.09756097561
9440740.513528435,31897583.200892203,17073.317073170736,0.513110475315499,9440445.776504802,31897155.845093966,16585.536585365855,9440789.430881334,31898100.027733583,16585.536585365855,9441035.250552073,31898010.55669044,17561.09756097561,9440691.59617554,31897066.374050822,17561.09756097561
9441084.16790497,31898527.383531824,17073.317073170736,0.47970360965813097,9440789.430881334,31898100.027733583,16585.536585365855,9441133.085257867,31899044.210373204,16585.536585365855,9441378.904928606,31898954.73933006,17561.09756097561,9441035.250552073,31898010.55669044,17561.09756097561
9441427.8222815,31899471.566171445,17073.317073170736,0.4275826897016537,9441133.085257867,31899044.210373204,16585.536585365855,9441476.7396344,31899988.393012825,16585.536585365855,9441722.559305137,31899898.921969682,17561.09756097561,9441378.904928606,31898954.73933006,17561.09756097561
9441771.476658035,31900415.748811066,17073.317073170736,0.25749652859924216,9441476.7396344,31899988.393012825,16585.536585365855,9441820.394010933,31900932.575652447,16585.536585365855,9442066.21368167,31900843.1046093,17561.09756097561,9441722.559305137,31899898.921969682,17561.09756097561
9442115.131034566,31901359.931450684,17073.317073170736,0.10570016119696549,9441820.394010933,31900932.575652447,16585.536585365855,9442164.048387466,31901876.758292068,16585.536585365855,9442409.868058203,31901787.28724892,17561.09756097561,9442066.21368167,31900843.1046093,17561.09756097561
9442458.785411099,31902304.114090305,17073.317073170736,0.058193024791952916,9442164.048387466,31901876.758292068,16585.536585365855,9442507.702763997,31902820.94093169,16585.536585365855,9442753.522434736,31902731.46988854,17561.09756097561,9442409.868058203,31901787.28724892,17561.09756097561
9416930.526841894,31831400.94507565,18048.878048780487,2.3918453079736244,9416635.789818259,31830973.589277416,17561.09756097561,9416979.444194792,31831917.771917034,17561.09756097561,9417225.26386553,31831828.300873887,18536.658536585368,9416881.609489,31830884.11823427,18536.658536585368
9417274.181218429,31832345.12771527,18048.878048780487,1.748169580511528,9416979.444194792,31831917.771917034,17561.09756097561,9417323.098571325,31832861.954556655,17561.09756097561,9417568.918242063,31832772.483513508,18536.658536585368,9417225.26386553,31831828.300873887,18536.658536585368
9417617.83559496,31833289.310354892,18048.878048780487,2.1253921420332467,9417323.098571325,31832861.954556655,17561.09756097561,9417666.752947858,31833806.137196276,17561.09756097561,9417912.572618596,31833716.66615313,18536.658536585368,9417568.918242063,31832772.483513508,18536.658536585368
9417961.489971492,31834233.49299451,18048.878048780487,2.298571650474093,9417666.752947858,31833806.137196276,17561.09756097561,9418010.407324389,31834750.319835894,17561.09756097561,9418256.22699513,31834660.848792747,18536.658536585368,9417912.572618596,31833716.66615313,18536.658536585368
9418305.144348025,31835177.67563413,18048.878048780487,2.962636179190206,9418010.407324389,31834750.319835894,17561.09756097561,9418354.061700922,31835694.502475515,17561.09756097561,9418599.881371662,31835605.031432368,18536.658536585368,9418256.22699513,31834660.848792747,18536.658536585368
9418648.798724556,31836121.858273752,18048.878048780487,3.7846323408389875,9418354.061700922,31835694.502475515,17561.09756097561,9418697.716077454,31836638.685115136,17561.09756097561,9418943.535748195,31836549.21407199,18536.658536585368,9418599.881371662,31835605.031432368,18536.658536585368
9418992.453101091,31837066.040913373,18048.878048780487,4.617840711436318,9418697.716077454,31836638.685115136,17561.09756097561,9419041.370453987,31837582.867754754,17561.09756097561,9419287.190124728,31837493.39671161,18536.658536585368,9418943.535748195,31836549.21407199,18536.658536585368
9419336.107477622,31838010.22355299,18048.878048780487,5.369116922140014,9419041.370453987,31837582.867754754,17561.09756097561,9419385.02483052,31838527.050394375,17561.09756097561,9419630.844501259,31838437.57935123,18536.658536585368,9419287.190124728,31837493.39671161,18536.658536585368
9419679.761854157,31838954.406192612,18048.878048780487,6.082487022058696,9419385.02483052,31838527.050394375,17561.09756097561,9419728.679207053,31839471.233033996,17561.09756097561,9419974.498877792,31839381.761990853,18536.658536585368,9419630.844501259,31838437.57935123,18536.658536585368
9420023.416230688,31839898.588832237,18048.878048780487,5.244447279596012,9419728.679207053,31839471.233033996,17561.09756097561,9420072.333583586,31840415.415673614,17561.09756097561,9420318.153254325,31840325.94463047,18536.658536585368,9419974.498877792,31839381.761990853,18536.658536585368
9420367.07060722,31840842.771471854,18048.878048780487,4.388278436187674,9420072.333583586,31840415.415673614,17561.09756097561,9420415.987960117,31841359.598313235,17561.09756097561,9420661.807630857,31841270.12727009,18536.658536585368,9420318.153254325,31840325.94463047,18536.658536585368
9420710.724983754,31841786.95411147,18048.878048780487,4.587226239660241,9420415.987960117,31841359.598313235,17561.09756097561,9420759.64233665,31842303.780952856,17561.09756097561,9421005.46200739,31842214.30990971,18536.658536585368,9420661.807630857,31841270.12727009,18536.658536585368
9421054.379360285,31842731.136751093,18048.878048780487,5.185176884783426,9420759.64233665,31842303.780952856,17561.09756097561,9421103.296713183,31843247.963592477,17561.09756097561,9421349.116383921,31843158.49254933,18536.658536585368,9421005.46200739,31842214.30990971,18536.658536585368
9421398.03373682,31843675.31939071,18048.878048780487,5.8405646450335365,9421103.296713183,31843247.963592477,17561.09756097561,9421446.951089716,31844192.146232095,17561.09756097561,9421692.770760454,31844102.675188947,18536.658536585368,9421349.116383921,31843158.49254933,18536.658536585368
9421741.68811335,31844619.50203033,18048.878048780487,5.314784948338525,9421446.951089716,31844192.146232095,17561.09756097561,9421790.605466248,31845136.328871716,17561.09756097561,9422036.425136987,31845046.85782857,18536.658536585368,9421692.770760454,31844102.675188947,18536.658536585368
9422085.342489885,31845563.684669953,18048.878048780487,3.898912087891341,9421790.605466248,31845136.328871716,17561.09756097561,9422134.25984278,31846080.511511337,17561.09756097561,9422380.07951352,31845991.04046819,18536.658536585368,9422036.425136987,31845046.85782857,18536.658536585368
9422428.996866416,31846507.86730957,18048.878048780487,2.5033133973816937,9422134.25984278,31846080.511511337,17561.09756097561,9422477.914219312,31847024.694150954,17561.09756097561,9422723.733890053,31846935.223107807,18536.658536585368,9422380.07951352,31845991.04046819,18536.658536585368
9422772.651242949,31847452.04994919,18048.878048780487,2.5206426215378404,9422477.914219312,31847024.694150954,17561.09756097561,9422821.568595845,31847968.876790576,17561.09756097561,9423067.388266586,31847879.40574743,18536.658536585368,9422723.733890053,31846935.223107807,18536.658536585368
9423116.305619482,31848396.232588813,18048.878048780487,2.7115410177951937,9422821.568595845,31847968.876790576,17561.09756097561,9423165.222972378,31848913.059430197,17561.09756097561,9423411.042643119,31848823.58838705,18536.658536585368,9423067.388266586,31847879.40574743,18536.658536585368
9423459.959996013,31849340.415228434,18048.878048780487,3.593146486521982,9423165.222972378,31848913.059430197,17561.09756097561,9423508.877348911,31849857.242069814,17561.09756097561,9423754.69701965,31849767.771026667,18536.658536585368,9423411.042643119,31848823.58838705,18536.658536585368
9423803.614372548,31850284.59786805,18048.878048780487,2.829704240875955,9423508.877348911,31849857.242069814,17561.09756097561,9423852.531725444,31850801.424709436,17561.09756097561,9424098.351396183,31850711.953666292,18536.658536585368,9423754.69701965,31849767.771026667,18536.658536585368
9424147.268749079,31851228.78050767,18048.878048780487,1.8227176317664646,9423852.531725444,31850801.424709436,17561.09756097561,9424196.186101977,31851745.607349057,17561.09756097561,9424442.005772715,31851656.13630591,18536.658536585368,9424098.351396183,31850711.953666292,18536.658536585368
9424490.923125613,31852172.96314729,18048.878048780487,1.7018979320040106,9424196.186101977,31851745.607349057,17561.09756097561,9424539.840478508,31852689.789988674,17561.09756097561,9424785.660149248,31852600.31894553,18536.658536585368,9424442.005772715,31851656.13630591,18536.658536585368
9424834.577502145,31853117.145786915,18048.878048780487,1.4557336279647315,9424539.840478508,31852689.789988674,17561.09756097561,9424883.49485504,31853633.972628295,17561.09756097561,9425129.314525781,31853544.501585152,18536.658536585368,9424785.660149248,31852600.31894553,18536.658536585368
9425178.231878677,31854061.328426532,18048.878048780487,1.3699202553576508,9424883.49485504,31853633.972628295,17561.09756097561,9425227.149231574,31854578.155267913,17561.09756097561,9425472.968902314,31854488.68422477,18536.658536585368,9425129.314525781,31853544.501585152,18536.658536585368
9425521.88625521,31855005.511066154,18048.878048780487,1.4848902536939994,9425227.149231574,31854578.155267913,17561.09756097561,9425570.803608106,31855522.337907538,17561.09756097561,9425816.623278847,31855432.86686439,18536.658536585368,9425472.968902314,31854488.68422477,18536.658536585368
9425865.540631741,31855949.693705775,18048.878048780487,1.4371971639272823,9425570.803608106,31855522.337907538,17561.09756097561,9425914.45798464,31856466.52054716,17561.09756097561,9426160.277655378,31856377.049504012,18536.658536585368,9425816.623278847,31855432.86686439,18536.658536585368
9426209.195008276,31856893.876345396,18048.878048780487,1.4194989413468502,9425914.45798464,31856466.52054716,17561.09756097561,9426258.112361172,31857410.703186776,17561.09756097561,9426503.93203191,31857321.23214363,18536.658536585368,9426160.277655378,31856377.049504012,18536.658536585368
9426552.849384807,31857838.058985014,18048.878048780487,1.7897104624340217,9426258.112361172,31857410.703186776,17561.09756097561,9426601.766737705,31858354.885826398,17561.09756097561,9426847.586408444,31858265.41478325,18536.658536585368,9426503.93203191,31857321.23214363,18536.658536585368
9426896.503761342,31858782.241624635,18048.878048780487,2.1508764076871523,9426601.766737705,31858354.885826398,17561.09756097561,9426945.421114236,31859299.06846602,17561.09756097561,9427191.240784977,31859209.59742287,18536.658536585368,9426847.586408444,31858265.41478325,18536.658536585368
9427240.158137873,31859726.424264256,18048.878048780487,3.826147061086718,9426945.421114236,31859299.06846602,17561.09756097561,9427289.075490769,31860243.251105636,17561.09756097561,9427534.89516151,31860153.78006249,18536.658536585368,9427191.240784977,31859209.59742287,18536.658536585368
9427583.812514406,31860670.606903873,18048.878048780487,4.4191048471364045,9427289.075490769,31860243.251105636,17561.09756097561,9427632.729867302,31861187.433745258,17561.09756097561,9427878.549538042,31861097.96270211,18536.658536585368,9427534.89516151,31860153.78006249,18536.658536585368
9427927.466890939,31861614.789543495,18048.878048780487,4.864403856361064,9427632.729867302,31861187.433745258,17561.09756097561,9427976.384243835,31862131.61638488,17561.09756097561,9428222.203914575,31862042.14534173,18536.658536585368,9427878.549538042,31861097.96270211,18536.658536585368
9428271.12126747,31862558.972183112,18048.878048780487,5.933697385036232,9427976.384243835,31862131.61638488,17561.09756097561,9428320.038620368,31863075.799024496,17561.09756097561,9428565.858291106,31862986.32798135,18536.658536585368,9428222.203914575,31862042.14534173,18536.658536585368
9428614.775644002,31863503.154822733,18048.878048780487,5.500362135612475,9428320.038620368,31863075.799024496,17561.09756097561,9428663.692996899,31864019.981664117,17561.09756097561,9428909.51266764,31863930.51062097,18536.658536585368,9428565.858291106,31862986.32798135,18536.658536585368
9428958.430020535,31864447.33746235,18048.878048780487,5.197422623349434,9428663.692996899,31864019.981664117,17561.09756097561,9429007.347373432,31864964.164303735,17561.09756097561,9429253.167044172,31864874.69326059,18536.658536585368,9428909.51266764,31863930.51062097,18536.658536585368
9429302.084397066,31865391.520101972,18048.878048780487,4.520693066744223,9429007.347373432,31864964.164303735,17561.09756097561,9429351.001749964,31865908.346943356,17561.09756097561,9429596.821420705,31865818.875900213,18536.658536585368,9429253.167044172,31864874.69326059,18536.658536585368
9429645.738773601,31866335.702741593,18048.878048780487,3.034004705208669,9429351.001749964,31865908.346943356,17561.09756097561,9429694.656126497,31866852.529582974,17561.09756097561,9429940.475797236,31866763.05853983,18536.658536585368,9429596.821420705,31865818.875900213,18536.658536585368
9429989.393150132,31867279.885381214,18048.878048780487,1.7294011202864925,9429694.656126497,31866852.529582974,17561.09756097561,9430038.31050303,31867796.712222595,17561.09756097561,9430284.130173769,31867707.24117945,18536.658536585368,9429940.475797236,31866763.05853983,18536.658536585368
9430333.047526667,31868224.068020836,18048.878048780487,1.2600097075669676,9430038.31050303,31867796.712222595,17561.09756097561,9430381.964879563,31868740.89486222,17561.09756097561,9430627.784550302,31868651.423819073,18536.658536585368,9430284.130173769,31867707.24117945,18536.658536585368
9430676.701903198,31869168.250660457,18048.878048780487,0.8937707039492316,9430381.964879563,31868740.89486222,17561.09756097561,9430725.619256094,31869685.077501837,17561.09756097561,9430971.438926835,31869595.60645869,18536.658536585368,9430627.784550302,31868651.423819073,18536.658536585368
9431020.35627973,31870112.433300074,18048.878048780487,0.7550654161728511,9430725.619256094,31869685.077501837,17561.09756097561,9431069.273632627,31870629.26014146,17561.09756097561,9431315.093303367,31870539.78909831,18536.658536585368,9430971.438926835,31869595.60645869,18536.658536585368
9431364.010656264,31871056.615939695,18048.878048780487,0.4979200481481708,9431069.273632627,31870629.26014146,17561.09756097561,9431412.92800916,31871573.44278108,17561.09756097561,9431658.7476799,31871483.971737932,18536.658536585368,9431315.093303367,31870539.78909831,18536.658536585368
9431707.665032795,31872000.798579313,18048.878048780487,0.6298193963367095,9431412.92800916,31871573.44278108,17561.09756097561,9431756.582385693,31872517.625420697,17561.09756097561,9432002.402056433,31872428.15437755,18536.658536585368,9431658.7476799,31871483.971737932,18536.658536585368
9432051.31940933,31872944.981218934,18048.878048780487,0.7812586837158486,9431756.582385693,31872517.625420697,17561.09756097561,9432100.236762226,31873461.80806032,17561.09756097561,9432346.056432964,31873372.33701717,18536.658536585368,9432002.402056433,31872428.15437755,18536.658536585368
9432394.97378586,31873889.163858555,18048.878048780487,0.8986871909574095,9432100.236762226,31873461.80806032,17561.09756097561,9432443.891138759,31874405.99069994,17561.09756097561,9432689.710809497,31874316.519656792,18536.658536585368,9432346.056432964,31873372.33701717,18536.658536585368
9432738.628162395,31874833.346498173,18048.878048780487,0.8088725988727954,9432443.891138759,31874405.99069994,17561.09756097561,9432787.545515291,31875350.173339557,17561.09756097561,9433033.36518603,31875260.70229641,18536.658536585368,9432689.710809497,31874316.519656792,18536.658536585368
9433082.282538926,31875777.529137794,18048.878048780487,0.5910185702403693,9432787.545515291,31875350.173339557,17561.09756097561,9433131.199891822,31876294.355979178,17561.09756097561,9433377.019562563,31876204.88493603,18536.658536585368,9433033.36518603,31875260.70229641,18536.658536585368
9433425.93691546,31876721.711777415,18048.878048780487,0.5138619592342611,9433131.199891822,31876294.355979178,17561.09756097561,9433474.854268355,31877238.5386188,17561.09756097561,9433720.673939096,31877149.067575656,18536.658536585368,9433377.019562563,31876204.88493603,18536.658536585368
9433769.591291992,31877665.894417036,18048.878048780487,0.5544561266410277,9433474.854268355,31877238.5386188,17561.09756097561,9433818.508644888,31878182.721258417,17561.09756097561,9434064.328315629,31878093.250215273,18536.658536585368,9433720.673939096,31877149.067575656,18536.658536585368
9434113.245668523,31878610.077056654,18048.878048780487,0.797129902162804,9433818.508644888,31878182.721258417,17561.09756097561,9434162.163021421,31879126.903898038,17561.09756097561,9434407.982692162,31879037.432854895,18536.658536585368,9434064.328315629,31878093.250215273,18536.658536585368
9434456.900045058,31879554.259696275,18048.878048780487,1.0573840959493603,9434162.163021421,31879126.903898038,17561.09756097561,9434505.817397954,31880071.08653766,17561.09756097561,9434751.637068693,31879981.615494512,18536.658536585368,9434407.982692162,31879037.432854895,18536.658536585368
9434800.554421589,31880498.4423359,18048.878048780487,0.9866248266679157,9434505.817397954,31880071.08653766,17561.09756097561,9434849.471774487,31881015.269177277,17561.09756097561,9435095.291445225,31880925.798134133,18536.658536585368,9434751.637068693,31879981.615494512,18536.658536585368
9435144.208798124,31881442.624975517,18048.878048780487,1.621551667866742,9434849.471774487,31881015.269177277,17561.09756097561,9435193.12615102,31881959.451816898,17561.09756097561,9435438.945821758,31881869.980773754,18536.658536585368,9435095.291445225,31880925.798134133,18536.658536585368
9435487.863174655,31882386.807615135,18048.878048780487,2.1828386930027825,9435193.12615102,31881959.451816898,17561.09756097561,9435536.78052755,31882903.63445652,17561.09756097561,9435782.600198291,31882814.163413372,18536.658536585368,9435438.945821758,31881869.980773754,18536.658536585368
9435831.517551187,31883330.990254756,18048.878048780487,2.460362650972352,9435536.78052755,31882903.63445652,17561.09756097561,9435880.434904084,31883847.81709614,17561.09756097561,9436126.254574822,31883758.346052993,18536.658536585368,9435782.600198291,31882814.163413372,18536.658536585368
9436175.17192772,31884275.172894377,18048.878048780487,2.3985369836355566,9435880.434904084,31883847.81709614,17561.09756097561,9436224.089280616,31884791.99973576,17561.09756097561,9436469.908951355,31884702.528692614,18536.658536585368,9436126.254574822,31883758.346052993,18536.658536585368
9436518.826304251,31885219.355533995,18048.878048780487,2.0493188280454593,9436224.089280616,31884791.99973576,17561.09756097561,9436567.74365715,31885736.18237538,17561.09756097561,9436813.563327888,31885646.71133223,18536.658536585368,9436469.908951355,31884702.528692614,18536.658536585368
9436862.480680784,31886163.538173616,18048.878048780487,1.8483958573104722,9436567.74365715,31885736.18237538,17561.09756097561,9436911.39803368,31886680.365015,17561.09756097561,9437157.217704419,31886590.893971853,18536.658536585368,9436813.563327888,31885646.71133223,18536.658536585368
9437206.135057317,31887107.720813233,18048.878048780487,1.7089669172421253,9436911.39803368,31886680.365015,17561.09756097561,9437255.052410213,31887624.547654618,17561.09756097561,9437500.872080952,31887535.07661147,18536.658536585368,9437157.217704419,31886590.893971853,18536.658536585368
9437549.789433848,31888051.903452855,18048.878048780487,2.1357409695719602,9437255.052410213,31887624.547654618,17561.09756097561,9437598.706786746,31888568.73029424,17561.09756097561,9437844.526457485,31888479.25925109,18536.658536585368,9437500.872080952,31887535.07661147,18536.658536585368
9437893.443810383,31888996.086092476,18048.878048780487,2.3080361117200203,9437598.706786746,31888568.73029424,17561.09756097561,9437942.361163279,31889512.91293386,17561.09756097561,9438188.180834018,31889423.441890713,18536.658536585368,9437844.526457485,31888479.25925109,18536.658536585368
9438237.098186914,31889940.268732097,18048.878048780487,2.583982073707925,9437942.361163279,31889512.91293386,17561.09756097561,9438286.015539812,31890457.095573477,17561.09756097561,9438531.835210549,31890367.624530334,18536.658536585368,9438188.180834018,31889423.441890713,18536.658536585368
9438580.752563449,31890884.451371714,18048.878048780487,2.081443323824867,9438286.015539812,31890457.095573477,17561.09756097561,9438629.669916345,31891401.2782131,17561.09756097561,9438875.489587082,31891311.807169955,18536.658536585368,9438531.835210549,31890367.624530334,18536.658536585368
9438924.40693998,31891828.634011332,18048.878048780487,1.4249272814657703,9438629.669916345,31891401.2782131,17561.09756097561,9438973.324292878,31892345.46085272,17561.09756097561,9439219.143963614,31892255.989809573,18536.658536585368,9438875.489587082,31891311.807169955,18536.658536585368
9439268.061316513,31892772.816650957,18048.878048780487,0.7091814728147374,9438973.324292878,31892345.46085272,17561.09756097561,9439316.978669409,31893289.643492337,17561.09756097561,9439562.798340147,31893200.172449194,18536.658536585368,9439219.143963614,31892255.989809573,18536.658536585368
9439611.715693045,31893716.999290578,18048.878048780487,0.7446978985770054,9439316.978669409,31893289.643492337,17561.09756097561,9439660.633045942,31894233.82613196,17561.09756097561,9439906.45271668,31894144.355088815,18536.658536585368,9439562.798340147,31893200.172449194,18536.658536585368
9439955.370069576,31894661.181930196,18048.878048780487,0.5477824647765167,9439660.633045942,31894233.82613196,17561.09756097561,9440004.287422474,31895178.00877158,17561.09756097561,9440250.107093213,31895088.537728433,18536.658536585368,9439906.45271668,31894144.355088815,18536.658536585368
9440299.024446111,31895605.364569817,18048.878048780487,0.4659127897094468,9440004.287422474,31895178.00877158,17561.09756097561,9440347.941799007,31896122.1914112,17561.09756097561,9440593.761469746,31896032.720368054,18536.658536585368,9440250.107093213,31895088.537728433,18536.658536585368
9440642.678822642,31896549.547209438,18048.878048780487,0.35157578882798823,9440347.941799007,31896122.1914112,17561.09756097561,9440691.59617554,31897066.374050822,17561.09756097561,9440937.415846277,31896976.903007675,18536.658536585368,9440593.761469746,31896032.720368054,18536.658536585368
9440986.333199177,31897493.72984906,18048.878048780487,0.2434042792046707,9440691.59617554,31897066.374050822,17561.09756097561,9441035.250552073,31898010.55669044,17561.09756097561,9441281.07022281,31897921.085647292,18536.658536585368,9440937.415846277,31896976.903007675,18536.658536585368
9441329.987575708,31898437.912488677,18048.878048780487,0.18145323192721896,9441035.250552073,31898010.55669044,17561.09756097561,9441378.904928606,31898954.73933006,17561.09756097561,9441624.724599343,31898865.268286914,18536.658536585368,9441281.07022281,31897921.085647292,18536.658536585368
9441673.64195224,31899382.095128298,18048.878048780487,0.2627558994933552,9441378.904928606,31898954.73933006,17561.09756097561,9441722.559305137,31899898.921969682,17561.09756097561,9441968.378975876,31899809.450926535,18536.658536585368,9441624.724599343,31898865.268286914,18536.658536585368
9442017.296328774,31900326.27776792,18048.878048780487,0.16622358300880272,9441722.559305137,31899898.921969682,17561.09756097561,9442066.21368167,31900843.1046093,17561.09756097561,9442312.033352409,31900753.633566152,18536.658536585368,9441968.378975876,31899809.450926535,18536.658536585368
9442360.950705305,31901270.460407536,18048.878048780487,0.14696327750689517,9442066.21368167,31900843.1046093,17561.09756097561,9442409.868058203,31901787.28724892,17561.09756097561,9442655.687728941,31901697.816205774,18536.658536585368,9442312.033352409,31900753.633566152,18536.658536585368
9442704.60508184,31902214.643047158,18048.878048780487,0.14076455894356216,9442409.868058203,31901787.28724892,17561.09756097561,9442753.522434736,31902731.46988854,17561.09756097561,9442999.342105474,31902641.998845395,18536.658536585368,9442655.687728941,31901697.816205774,18536.658536585368
9417176.346512632,31831311.474032503,19024.43902439025,2.962058451815548,9416881.609489,31830884.11823427,18536.658536585368,9417225.26386553,31831828.300873887,18536.658536585368,9417471.08353627,31831738.82983074,19512.219512195123,9417127.429159736,31830794.647191122,19512.219512195123
9417520.000889165,31832255.656672124,19024.43902439025,2.1078877188531124,9417225.26386553,31831828.300873887,18536.658536585368,9417568.918242063,31832772.483513508,18536.658536585368,9417814.737912802,31832683.012470365,19512.219512195123,9417471.08353627,31831738.82983074,19512.219512195123
9417863.655265696,31833199.839311745,19024.43902439025,2.0818684835271895,9417568.918242063,31832772.483513508,18536.658536585368,9417912.572618596,31833716.66615313,18536.658536585368,9418158.392289335,31833627.195109986,19512.219512195123,9417814.737912802,31832683.012470365,19512.219512195123
9418207.309642231,31834144.021951362,19024.43902439025,2.0298000078402034,9417912.572618596,31833716.66615313,18536.658536585368,9418256.22699513,31834660.848792747,18536.658536585368,9418502.046665868,31834571.377749603,19512.219512195123,9418158.392289335,31833627.195109986,19512.219512195123
9418550.964018764,31835088.204590987,19024.43902439025,2.509149738164568,9418256.22699513,31834660.848792747,18536.658536585368,9418599.881371662,31835605.031432368,18536.658536585368,9418845.7010424,31835515.560389224,19512.219512195123,9418502.046665868,31834571.377749603,19512.219512195123
9418894.618395297,31836032.38723061,19024.43902439025,2.7596446479778356,9418599.881371662,31835605.031432368,18536.658536585368,9418943.535748195,31836549.21407199,18536.658536585368,9419189.355418932,31836459.743028846,19512.219512195123,9418845.7010424,31835515.560389224,19512.219512195123
9419238.272771828,31836976.56987023,19024.43902439025,3.6353104064787645,9418943.535748195,31836549.21407199,18536.658536585368,9419287.190124728,31837493.39671161,18536.658536585368,9419533.009795465,31837403.925668463,19512.219512195123,9419189.355418932,31836459.743028846,19512.219512195123
9419581.92714836,31837920.752509847,19024.43902439025,3.2260244899579136,9419287.190124728,31837493.39671161,18536.658536585368,9419630.844501259,31838437.57935123,18536.658536585368,9419876.664171997,31838348.108308084,19512.219512195123,9419533.009795465,31837403.925668463,19512.219512195123
9419925.581524894,31838864.93514947,19024.43902439025,3.6071501374333743,9419630.844501259,31838437.57935123,18536.658536585368,9419974.498877792,31839381.761990853,18536.658536585368,9420220.31854853,31839292.2909477,19512.219512195123,9419876.664171997,31838348.108308084,19512.219512195123
9420269.235901425,31839809.11778909,19024.43902439025,4.3239407800230305,9419974.498877792,31839381.761990853,18536.658536585368,9420318.153254325,31840325.94463047,18536.658536585368,9420563.972925063,31840236.473587323,19512.219512195123,9420220.31854853,31839292.2909477,19512.219512195123
9420612.89027796,31840753.300428707,19024.43902439025,4.047577487652284,9420318.153254325,31840325.94463047,18536.658536585368,9420661.807630857,31841270.12727009,18536.658536585368,9420907.627301596,31841180.656226944,19512.219512195123,9420563.972925063,31840236.473587323,19512.219512195123
9420956.54465449,31841697.483068325,19024.43902439025,4.476175530265866,9420661.807630857,31841270.12727009,18536.658536585368,9421005.46200739,31842214.30990971,18536.658536585368,9421251.281678127,31842124.83886656,19512.219512195123,9420907.627301596,31841180.656226944,19512.219512195123
9421300.199031025,31842641.665707946,19024.43902439025,5.0507727555931625,9421005.46200739,31842214.30990971,18536.658536585368,9421349.116383921,31843158.49254933,18536.658536585368,9421594.93605466,31843069.021506183,19512.219512195123,9421251.281678127,31842124.83886656,19512.219512195123
9421643.853407556,31843585.848347563,19024.43902439025,5.4491114132112175,9421349.116383921,31843158.49254933,18536.658536585368,9421692.770760454,31844102.675188947,18536.658536585368,9421938.590431193,31844013.2041458,19512.219512195123,9421594.93605466,31843069.021506183,19512.219512195123
9421987.50778409,31844530.030987184,19024.43902439025,4.537657364773309,9421692.770760454,31844102.675188947,18536.658536585368,9422036.425136987,31845046.85782857,18536.658536585368,9422282.244807726,31844957.38678542,19512.219512195123,9421938.590431193,31844013.2041458,19512.219512195123
9422331.162160622,31845474.213626806,19024.43902439025,4.659221567706291,9422036.425136987,31845046.85782857,18536.658536585368,9422380.07951352,31845991.04046819,18536.658536585368,9422625.899184259,31845901.569425046,19512.219512195123,9422282.244807726,31844957.38678542,19512.219512195123
9422674.816537153,31846418.396266423,19024.43902439025,3.962798045457236,9422380.07951352,31845991.04046819,18536.658536585368,9422723.733890053,31846935.223107807,18536.658536585368,9422969.55356079,31846845.752064664,19512.219512195123,9422625.899184259,31845901.569425046,19512.219512195123
9423018.470913688,31847362.578906044,19024.43902439025,2.902397637972757,9422723.733890053,31846935.223107807,18536.658536585368,9423067.388266586,31847879.40574743,18536.658536585368,9423313.207937323,31847789.934704285,19512.219512195123,9422969.55356079,31846845.752064664,19512.219512195123
9423362.125290219,31848306.76154567,19024.43902439025,3.5045617123683055,9423067.388266586,31847879.40574743,18536.658536585368,9423411.042643119,31848823.58838705,18536.658536585368,9423656.862313855,31848734.117343903,19512.219512195123,9423313.207937323,31847789.934704285,19512.219512195123
9423705.779666753,31849250.94418529,19024.43902439025,3.4075047183362925,9423411.042643119,31848823.58838705,18536.658536585368,9423754.69701965,31849767.771026667,18536.658536585368,9424000.516690388,31849678.299983524,19512.219512195123,9423656.862313855,31848734.117343903,19512.219512195123
9424049.434043285,31850195.126824908,19024.43902439025,2.1553536420773933,9423754.69701965,31849767.771026667,18536.658536585368,9424098.351396183,31850711.953666292,18536.658536585368,9424344.171066921,31850622.482623145,19512.219512195123,9424000.516690388,31849678.299983524,19512.219512195123
9424393.088419817,31851139.309464525,19024.43902439025,1.544444243790402,9424098.351396183,31850711.953666292,18536.658536585368,9424442.005772715,31851656.13630591,18536.658536585368,9424687.825443454,31851566.665262762,19512.219512195123,9424344.171066921,31850622.482623145,19512.219512195123
9424736.74279635,31852083.492104147,19024.43902439025,1.188199647961092,9424442.005772715,31851656.13630591,18536.658536585368,9424785.660149248,31852600.31894553,18536.658536585368,9425031.479819987,31852510.847902384,19512.219512195123,9424687.825443454,31851566.665262762,19512.219512195123
9425080.397172881,31853027.674743768,19024.43902439025,1.1883171597185134,9424785.660149248,31852600.31894553,18536.658536585368,9425129.314525781,31853544.501585152,18536.658536585368,9425375.134196518,31853455.030542005,19512.219512195123,9425031.479819987,31852510.847902384,19512.219512195123
9425424.051549416,31853971.857383385,19024.43902439025,1.447763838824287,9425129.314525781,31853544.501585152,18536.658536585368,9425472.968902314,31854488.68422477,18536.658536585368,9425718.78857305,31854399.213181622,19512.219512195123,9425375.134196518,31853455.030542005,19512.219512195123
9425767.705925947,31854916.040023006,19024.43902439025,1.7153570744117923,9425472.968902314,31854488.68422477,18536.658536585368,9425816.623278847,31855432.86686439,18536.658536585368,9426062.442949584,31855343.395821244,19512.219512195123,9425718.78857305,31854399.213181622,19512.219512195123
9426111.360302482,31855860.222662628,19024.43902439025,1.9817718887859512,9425816.623278847,31855432.86686439,18536.658536585368,9426160.277655378,31856377.049504012,18536.658536585368,9426406.097326117,31856287.578460865,19512.219512195123,9426062.442949584,31855343.395821244,19512.219512195123
9426455.014679013,31856804.40530225,19024.43902439025,1.8564629812235083,9426160.277655378,31856377.049504012,18536.658536585368,9426503.93203191,31857321.23214363,18536.658536585368,9426749.75170265,31857231.761100482,19512.219512195123,9426406.097326117,31856287.578460865,19512.219512195123
9426798.669055546,31857748.587941866,19024.43902439025,2.04070401270123,9426503.93203191,31857321.23214363,18536.658536585368,9426847.586408444,31858265.41478325,18536.658536585368,9427093.406079182,31858175.943740103,19512.219512195123,9426749.75170265,31857231.761100482,19512.219512195123
9427142.323432079,31858692.770581488,19024.43902439025,2.2305030242341437,9426847.586408444,31858265.41478325,18536.658536585368,9427191.240784977,31859209.59742287,18536.658536585368,9427437.060455715,31859120.12637973,19512.219512195123,9427093.406079182,31858175.943740103,19512.219512195123
9427485.97780861,31859636.95322111,19024.43902439025,2.385869889271703,9427191.240784977,31859209.59742287,18536.658536585368,9427534.89516151,31860153.78006249,18536.658536585368,9427780.714832246,31860064.309019346,19512.219512195123,9427437.060455715,31859120.12637973,19512.219512195123
9427829.632185144,31860581.135860726,19024.43902439025,2.8080144108495078,9427534.89516151,31860153.78006249,18536.658536585368,9427878.549538042,31861097.96270211,18536.658536585368,9428124.36920878,31861008.491658967,19512.219512195123,9427780.714832246,31860064.309019346,19512.219512195123
9428173.286561675,31861525.31850035,19024.43902439025,3.072215353293581,9427878.549538042,31861097.96270211,18536.658536585368,9428222.203914575,31862042.14534173,18536.658536585368,9428468.023585312,31861952.67429859,19512.219512195123,9428124.36920878,31861008.491658967,19512.219512195123
9428516.94093821,31862469.50113997,19024.43902439025,3.2957277912728196,9428222.203914575,31862042.14534173,18536.658536585368,9428565.858291106,31862986.32798135,18536.658536585368,9428811.677961845,31862896.856938206,19512.219512195123,9428468.023585312,31861952.67429859,19512.219512195123
9428860.595314741,31863413.683779586,19024.43902439025,3.8861616373516146,9428565.858291106,31862986.32798135,18536.658536585368,9428909.51266764,31863930.51062097,18536.658536585368,9429155.332338376,31863841.039577823,19512.219512195123,9428811.677961845,31862896.856938206,19512.219512195123
9429204.249691272,31864357.866419207,19024.43902439025,3.6031456719522637,9428909.51266764,31863930.51062097,18536.658536585368,9429253.167044172,31864874.69326059,18536.658536585368,9429498.986714909,31864785.222217444,19512.219512195123,9429155.332338376,31863841.039577823,19512.219512195123
9429547.904067807,31865302.04905883,19024.43902439025,3.1274267846258375,9429253.167044172,31864874.69326059,18536.658536585368,9429596.821420705,31865818.875900213,18536.658536585368,9429842.641091442,31865729.404857066,19512.219512195123,9429498.986714909,31864785.222217444,19512.219512195123
9429891.558444338,31866246.231698446,19024.43902439025,2.3650919053382116,9429596.821420705,31865818.875900213,18536.658536585368,9429940.475797236,31866763.05853983,18536.658536585368,9430186.295467975,31866673.587496683,19512.219512195123,9429842.641091442,31865729.404857066,19512.219512195123
9430235.21282087,31867190.414338067,19024.43902439025,2.049943554854991,9429940.475797236,31866763.05853983,18536.658536585368,9430284.130173769,31867707.24117945,18536.658536585368,9430529.949844508,31867617.770136304,19512.219512195123,9430186.295467975,31866673.587496683,19512.219512195123
9430578.867197404,31868134.59697769,19024.43902439025,1.6350233682277755,9430284.130173769,31867707.24117945,18536.658536585368,9430627.784550302,31868651.423819073,18536.658536585368,9430873.60422104,31868561.952775925,19512.219512195123,9430529.949844508,31867617.770136304,19512.219512195123
9430922.521573935,31869078.77961731,19024.43902439025,2.07669390621092,9430627.784550302,31868651.423819073,18536.658536585368,9430971.438926835,31869595.60645869,18536.658536585368,9431217.258597573,31869506.135415543,19512.219512195123,9430873.60422104,31868561.952775925,19512.219512195123
9431266.17595047,31870022.962256927,19024.43902439025,1.5535387116420734,9430971.438926835,31869595.60645869,18536.658536585368,9431315.093303367,31870539.78909831,18536.658536585368,9431560.912974104,31870450.318055164,19512.219512195123,9431217.258597573,31869506.135415543,19512.219512195123
9431609.830327,31870967.14489655,19024.43902439025,1.283621481340606,9431315.093303367,31870539.78909831,18536.658536585368,9431658.7476799,31871483.971737932,18536.658536585368,9431904.567350637,31871394.500694785,19512.219512195123,9431560.912974104,31870450.318055164,19512.219512195123
9431953.484703535,31871911.327536166,19024.43902439025,1.2371547233917835,9431658.7476799,31871483.971737932,18536.658536585368,9432002.402056433,31872428.15437755,18536.658536585368,9432248.22172717,31872338.683334406,19512.219512195123,9431904.567350637,31871394.500694785,19512.219512195123
9432297.139080066,31872855.510175787,19024.43902439025,1.1101977639149474,9432002.402056433,31872428.15437755,18536.658536585368,9432346.056432964,31873372.33701717,18536.658536585368,9432591.876103703,31873282.865974028,19512.219512195123,9432248.22172717,31872338.683334406,19512.219512195123
9432640.7934566,31873799.692815408,19024.43902439025,1.363840894867277,9432346.056432964,31873372.33701717,18536.658536585368,9432689.710809497,31874316.519656792,18536.658536585368,9432935.530480236,31874227.04861365,19512.219512195123,9432591.876103703,31873282.865974028,19512.219512195123
9432984.447833132,31874743.87545503,19024.43902439025,1.036179818863497,9432689.710809497,31874316.519656792,18536.658536585368,9433033.36518603,31875260.70229641,18536.658536585368,9433279.184856769,31875171.231253266,19512.219512195123,9432935.530480236,31874227.04861365,19512.219512195123
9433328.102209663,31875688.05809465,19024.43902439025,0.9156007302414624,9433033.36518603,31875260.70229641,18536.658536585368,9433377.019562563,31876204.88493603,18536.658536585368,9433622.839233302,31876115.413892888,19512.219512195123,9433279.184856769,31875171.231253266,19512.219512195123
9433671.756586198,31876632.24073427,19024.43902439025,0.9128775428921457,9433377.019562563,31876204.88493603,18536.658536585368,9433720.673939096,31877149.067575656,18536.658536585368,9433966.493609833,31877059.596532505,19512.219512195123,9433622.839233302,31876115.413892888,19512.219512195123
9434015.410962729,31877576.42337389,19024.43902439025,0.8880552601075647,9433720.673939096,31877149.067575656,18536.658536585368,9434064.328315629,31878093.250215273,18536.658536585368,9434310.147986365,31878003.779172126,19512.219512195123,9433966.493609833,31877059.596532505,19512.219512195123
9434359.065339264,31878520.60601351,19024.43902439025,0.9531962597578905,9434064.328315629,31878093.250215273,18536.658536585368,9434407.982692162,31879037.432854895,18536.658536585368,9434653.802362898,31878947.961811747,19512.219512195123,9434310.147986365,31878003.779172126,19512.219512195123
9434702.719715795,31879464.78865313,19024.43902439025,1.0843165465743516,9434407.982692162,31879037.432854895,18536.658536585368,9434751.637068693,31879981.615494512,18536.658536585368,9434997.456739431,31879892.144451365,19512.219512195123,9434653.802362898,31878947.961811747,19512.219512195123
9435046.374092327,31880408.97129275,19024.43902439025,1.715770125478707,9434751.637068693,31879981.615494512,18536.658536585368,9435095.291445225,31880925.798134133,18536.658536585368,9435341.111115964,31880836.327090986,19512.219512195123,9434997.456739431,31879892.144451365,19512.219512195123
9435390.02846886,31881353.15393237,19024.43902439025,2.0325537969522127,9435095.291445225,31880925.798134133,18536.658536585368,9435438.945821758,31881869.980773754,18536.658536585368,9435684.765492497,31881780.509730607,19512.219512195123,9435341.111115964,31880836.327090986,19512.219512195123
9435733.682845391,31882297.336571988,19024.43902439025,1.8801388035234556,9435438.945821758,31881869.980773754,18536.658536585368,9435782.600198291,31882814.163413372,18536.658536585368,9436028.41986903,31882724.692370225,19512.219512195123,9435684.765492497,31881780.509730607,19512.219512195123
9436077.337221926,31883241.51921161,19024.43902439025,1.7093123883735661,9435782.600198291,31882814.163413372,18536.658536585368,9436126.254574822,31883758.346052993,18536.658536585368,9436372.07424556,31883668.875009846,19512.219512195123,9436028.41986903,31882724.692370225,19512.219512195123
9436420.991598457,31884185.70185123,19024.43902439025,1.608530793806036,9436126.254574822,31883758.346052993,18536.658536585368,9436469.908951355,31884702.528692614,18536.658536585368,9436715.728622094,31884613.057649467,19512.219512195123,9436372.07424556,31883668.875009846,19512.219512195123
9436764.645974992,31885129.884490848,19024.43902439025,1.7239632523102468,9436469.908951355,31884702.528692614,18536.658536585368,9436813.563327888,31885646.71133223,18536.658536585368,9437059.382998627,31885557.24028909,19512.219512195123,9436715.728622094,31884613.057649467,19512.219512195123
9437108.300351523,31886074.06713047,19024.43902439025,1.8817584303976937,9436813.563327888,31885646.71133223,18536.658536585368,9437157.217704419,31886590.893971853,18536.658536585368,9437403.03737516,31886501.42292871,19512.219512195123,9437059.382998627,31885557.24028909,19512.219512195123
9437451.954728056,31887018.249770086,19024.43902439025,2.2736088502805036,9437157.217704419,31886590.893971853,18536.658536585368,9437500.872080952,31887535.07661147,18536.658536585368,9437746.691751692,31887445.605568327,19512.219512195123,9437403.03737516,31886501.42292871,19512.219512195123
9437795.609104589,31887962.43240971,19024.43902439025,2.8095319388057094,9437500.872080952,31887535.07661147,18536.658536585368,9437844.526457485,31888479.25925109,18536.658536585368,9438090.346128223,31888389.78820795,19512.219512195123,9437746.691751692,31887445.605568327,19512.219512195123
9438139.26348112,31888906.615049332,19024.43902439025,1.9458879617403495,9437844.526457485,31888479.25925109,18536.658536585368,9438188.180834018,31889423.441890713,18536.658536585368,9438434.000504756,31889333.970847566,19512.219512195123,9438090.346128223,31888389.78820795,19512.219512195123
9438482.917857653,31889850.797688954,19024.43902439025,2.3646698229865586,9438188.180834018,31889423.441890713,18536.658536585368,9438531.835210549,31890367.624530334,18536.658536585368,9438777.65488129,31890278.153487187,19512.219512195123,9438434.000504756,31889333.970847566,19512.219512195123
9438826.572234185,31890794.98032857,19024.43902439025,1.602694714220802,9438531.835210549,31890367.624530334,18536.658536585368,9438875.489587082,31891311.807169955,18536.658536585368,9439121.309257822,31891222.336126808,19512.219512195123,9438777.65488129,31890278.153487187,19512.219512195123
9439170.226610716,31891739.16296819,19024.43902439025,1.166657012211924,9438875.489587082,31891311.807169955,18536.658536585368,9439219.143963614,31892255.989809573,18536.658536585368,9439464.963634355,31892166.518766426,19512.219512195123,9439121.309257822,31891222.336126808,19512.219512195123
9439513.880987251,31892683.34560781,19024.43902439025,1.0804733218437998,9439219.143963614,31892255.989809573,18536.658536585368,9439562.798340147,31893200.172449194,18536.658536585368,9439808.618010888,31893110.701406047,19512.219512195123,9439464.963634355,31892166.518766426,19512.219512195123
9439857.535363782,31893627.52824743,19024.43902439025,0.768843607122548,9439562.798340147,31893200.172449194,18536.658536585368,9439906.45271668,31894144.355088815,18536.658536585368,9440152.272387419,31894054.884045668,19512.219512195123,9439808.618010888,31893110.701406047,19512.219512195123
9440201.189740317,31894571.71088705,19024.43902439025,0.5424208083505033,9439906.45271668,31894144.355088815,18536.658536585368,9440250.107093213,31895088.537728433,18536.658536585368,9440495.926763952,31894999.066685285,19512.219512195123,9440152.272387419,31894054.884045668,19512.219512195123
9440544.844116848,31895515.89352667,19024.43902439025,0.4280151242630877,9440250.107093213,31895088.537728433,18536.658536585368,9440593.761469746,31896032.720368054,18536.658536585368,9440839.581140485,31895943.249324907,19512.219512195123,9440495.926763952,31894999.066685285,19512.219512195123
9440888.49849338,31896460.07616629,19024.43902439025,0.3114943149922415,9440593.761469746,31896032.720368054,18536.658536585368,9440937.415846277,31896976.903007675,18536.658536585368,9441183.235517018,31896887.431964528,19512.219512195123,9440839.581140485,31895943.249324907,19512.219512195123
9441232.152869914,31897404.258805912,19024.43902439025,0.10805652801698386,9440937.415846277,31896976.903007675,18536.658536585368,9441281.07022281,31897921.085647292,18536.658536585368,9441526.88989355,31897831.614604145,19512.219512195123,9441183.235517018,31896887.431964528,19512.219512195123
9441575.807246445,31898348.44144553,19024.43902439025,0.04456183556172657,9441281.07022281,31897921.085647292,18536.658536585368,9441624.724599343,31898865.268286914,18536.658536585368,9441870.544270083,31898775.79724377,19512.219512195123,9441526.88989355,31897831.614604145,19512.219512195123
9441919.46162298,31899292.62408515,19024.43902439025,0.03647256531669544,9441624.724599343,31898865.268286914,18536.658536585368,9441968.378975876,31899809.450926535,18536.658536585368,9442214.198646616,31899719.97988339,19512.219512195123,9441870.544270083,31898775.79724377,19512.219512195123
9442263.11599951,31900236.80672477,19024.43902439025,0.060640024597160044,9441968.378975876,31899809.450926535,18536.658536585368,9442312.033352409,31900753.633566152,18536.658536585368,9442557.853023147,31900664.16252301,19512.219512195123,9442214.198646616,31899719.97988339,19512.219512195123
9442606.770376045,31901180.989364393,19024.43902439025,0.03305274271454375,9442312.033352409,31900753.633566152,18536.658536585368,9442655.687728941,31901697.816205774,18536.658536585368,9442901.50739968,31901608.34516263,19512.219512195123,9442557.853023147,31900664.16252301,19512.219512195123
9442950.424752576,31902125.172004014,19024.43902439025,0.022081590743095156,9442655.687728941,31901697.816205774,18536.658536585368,9442999.342105474,31902641.998845395,18536.658536585368,9443245.161776213,31902552.52780225,19512.219512195123,9442901.50739968,31901608.34516263,19512.219512195123
9417422.166183375,31831222.00298936,20000.0,3.4971674749530752,9417127.429159736,31830794.647191122,19512.219512195123,9417471.08353627,31831738.82983074,19512.219512195123,9417716.903207012,31831649.358787596,20487.78048780488,9417373.248830479,31830705.176147975,20487.78048780488
9417765.820559908,31832166.18562898,20000.0,2.629492058220072,9417471.08353627,31831738.82983074,19512.219512195123,9417814.737912802,31832683.012470365,19512.219512195123,9418060.557583543,31832593.541427217,20487.78048780488,9417716.903207012,31831649.358787596,20487.78048780488
9418109.47493644,31833110.368268598,20000.0,1.4582526292480877,9417814.737912802,31832683.012470365,19512.219512195123,9418158.392289335,31833627.195109986,19512.219512195123,9418404.211960075,31833537.724066835,20487.78048780488,9418060.557583543,31832593.541427217,20487.78048780488
9418453.129312972,31834054.55090822,20000.0,1.2997124943579266,9418158.392289335,31833627.195109986,19512.219512195123,9418502.046665868,31834571.377749603,19512.219512195123,9418747.866336608,31834481.906706456,20487.78048780488,9418404.211960075,31833537.724066835,20487.78048780488
9418796.783689504,31834998.73354784,20000.0,1.7526782939704149,9418502.046665868,31834571.377749603,19512.219512195123,9418845.7010424,31835515.560389224,19512.219512195123,9419091.520713141,31835426.089346074,20487.78048780488,9418747.866336608,31834481.906706456,20487.78048780488
9419140.438066037,31835942.916187458,20000.0,2.633366059717936,9418845.7010424,31835515.560389224,19512.219512195123,9419189.355418932,31836459.743028846,19512.219512195123,9419435.175089674,31836370.271985695,20487.78048780488,9419091.520713141,31835426.089346074,20487.78048780488
9419484.09244257,31836887.09882708,20000.0,3.2908495358846066,9419189.355418932,31836459.743028846,19512.219512195123,9419533.009795465,31837403.925668463,19512.219512195123,9419778.829466207,31837314.454625316,20487.78048780488,9419435.175089674,31836370.271985695,20487.78048780488
9419827.746819103,31837831.2814667,20000.0,3.4632398980936734,9419533.009795465,31837403.925668463,19512.219512195123,9419876.664171997,31838348.108308084,19512.219512195123,9420122.48384274,31838258.637264933,20487.78048780488,9419778.829466207,31837314.454625316,20487.78048780488
9420171.401195636,31838775.46410632,20000.0,3.435523616293364,9419876.664171997,31838348.108308084,19512.219512195123,9420220.31854853,31839292.2909477,19512.219512195123,9420466.13821927,31839202.819904555,20487.78048780488,9420122.48384274,31838258.637264933,20487.78048780488
9420515.055572169,31839719.64674594,20000.0,4.607597552135808,9420220.31854853,31839292.2909477,19512.219512195123,9420563.972925063,31840236.473587323,19512.219512195123,9420809.792595804,31840147.002544176,20487.78048780488,9420466.13821927,31839202.819904555,20487.78048780488
9420858.7099487,31840663.829385556,20000.0,5.589705984255754,9420563.972925063,31840236.473587323,19512.219512195123,9420907.627301596,31841180.656226944,19512.219512195123,9421153.446972337,31841091.185183797,20487.78048780488,9420809.792595804,31840147.002544176,20487.78048780488
9421202.364325233,31841608.012025177,20000.0,6.057003643187822,9420907.627301596,31841180.656226944,19512.219512195123,9421251.281678127,31842124.83886656,19512.219512195123,9421497.10134887,31842035.36782342,20487.78048780488,9421153.446972337,31841091.185183797,20487.78048780488
9421546.018701766,31842552.1946648,20000.0,5.832259862552133,9421251.281678127,31842124.83886656,19512.219512195123,9421594.93605466,31843069.021506183,19512.219512195123,9421840.7557254,31842979.550463036,20487.78048780488,9421497.10134887,31842035.36782342,20487.78048780488
9421889.673078297,31843496.37730442,20000.0,4.496099227476805,9421594.93605466,31843069.021506183,19512.219512195123,9421938.590431193,31844013.2041458,19512.219512195123,9422184.410101933,31843923.733102657,20487.78048780488,9421840.7557254,31842979.550463036,20487.78048780488
9422233.32745483,31844440.55994404,20000.0,4.006181418920643,9421938.590431193,31844013.2041458,19512.219512195123,9422282.244807726,31844957.38678542,19512.219512195123,9422528.064478466,31844867.915742274,20487.78048780488,9422184.410101933,31843923.733102657,20487.78048780488
9422576.981831362,31845384.74258366,20000.0,3.381212826173756,9422282.244807726,31844957.38678542,19512.219512195123,9422625.899184259,31845901.569425046,19512.219512195123,9422871.718855,31845812.098381896,20487.78048780488,9422528.064478466,31844867.915742274,20487.78048780488
9422920.636207895,31846328.92522328,20000.0,3.0536932120504354,9422625.899184259,31845901.569425046,19512.219512195123,9422969.55356079,31846845.752064664,19512.219512195123,9423215.373231532,31846756.281021517,20487.78048780488,9422871.718855,31845812.098381896,20487.78048780488
9423264.290584428,31847273.1078629,20000.0,2.8851572459752934,9422969.55356079,31846845.752064664,19512.219512195123,9423313.207937323,31847789.934704285,19512.219512195123,9423559.027608065,31847700.463661134,20487.78048780488,9423215.373231532,31846756.281021517,20487.78048780488
9423607.944960961,31848217.290502522,20000.0,2.543887633629715,9423313.207937323,31847789.934704285,19512.219512195123,9423656.862313855,31848734.117343903,19512.219512195123,9423902.681984598,31848644.646300755,20487.78048780488,9423559.027608065,31847700.463661134,20487.78048780488
9423951.599337494,31849161.47314214,20000.0,3.115263564215684,9423656.862313855,31848734.117343903,19512.219512195123,9424000.516690388,31849678.299983524,19512.219512195123,9424246.336361129,31849588.828940377,20487.78048780488,9423902.681984598,31848644.646300755,20487.78048780488
9424295.253714025,31850105.655781757,20000.0,2.416717403823439,9424000.516690388,31849678.299983524,19512.219512195123,9424344.171066921,31850622.482623145,19512.219512195123,9424589.990737662,31850533.011579994,20487.78048780488,9424246.336361129,31849588.828940377,20487.78048780488
9424638.908090558,31851049.83842138,20000.0,1.6822544891789712,9424344.171066921,31850622.482623145,19512.219512195123,9424687.825443454,31851566.665262762,19512.219512195123,9424933.645114195,31851477.194219615,20487.78048780488,9424589.990737662,31850533.011579994,20487.78048780488
9424982.56246709,31851994.021061,20000.0,1.461378549175104,9424687.825443454,31851566.665262762,19512.219512195123,9425031.479819987,31852510.847902384,19512.219512195123,9425277.299490727,31852421.376859237,20487.78048780488,9424933.645114195,31851477.194219615,20487.78048780488
9425326.216843624,31852938.203700617,20000.0,0.9383141744788502,9425031.479819987,31852510.847902384,19512.219512195123,9425375.134196518,31853455.030542005,19512.219512195123,9425620.95386726,31853365.559498858,20487.78048780488,9425277.299490727,31852421.376859237,20487.78048780488
9425669.871220157,31853882.38634024,20000.0,1.2154408783972332,9425375.134196518,31853455.030542005,19512.219512195123,9425718.78857305,31854399.213181622,19512.219512195123,9425964.608243793,31854309.74213848,20487.78048780488,9425620.95386726,31853365.559498858,20487.78048780488
9426013.52559669,31854826.56897986,20000.0,1.600442264728261,9425718.78857305,31854399.213181622,19512.219512195123,9426062.442949584,31855343.395821244,19512.219512195123,9426308.262620326,31855253.9247781,20487.78048780488,9425964.608243793,31854309.74213848,20487.78048780488
9426357.179973222,31855770.75161948,20000.0,2.56182417212544,9426062.442949584,31855343.395821244,19512.219512195123,9426406.097326117,31856287.578460865,19512.219512195123,9426651.916996857,31856198.107417718,20487.78048780488,9426308.262620326,31855253.9247781,20487.78048780488
9426700.834349753,31856714.9342591,20000.0,3.7959127730222044,9426406.097326117,31856287.578460865,19512.219512195123,9426749.75170265,31857231.761100482,19512.219512195123,9426995.57137339,31857142.29005734,20487.78048780488,9426651.916996857,31856198.107417718,20487.78048780488
9427044.488726286,31857659.116898723,20000.0,3.030080388341838,9426749.75170265,31857231.761100482,19512.219512195123,9427093.406079182,31858175.943740103,19512.219512195123,9427339.225749923,31858086.47269696,20487.78048780488,9426995.57137339,31857142.29005734,20487.78048780488
9427388.14310282,31858603.299538344,20000.0,2.292691293388041,9427093.406079182,31858175.943740103,19512.219512195123,9427437.060455715,31859120.12637973,19512.219512195123,9427682.880126456,31859030.655336577,20487.78048780488,9427339.225749923,31858086.47269696,20487.78048780488
9427731.797479352,31859547.482177965,20000.0,1.8668689089413837,9427437.060455715,31859120.12637973,19512.219512195123,9427780.714832246,31860064.309019346,19512.219512195123,9428026.534502989,31859974.8379762,20487.78048780488,9427682.880126456,31859030.655336577,20487.78048780488
9428075.451855885,31860491.664817583,20000.0,1.6546898434118484,9427780.714832246,31860064.309019346,19512.219512195123,9428124.36920878,31861008.491658967,19512.219512195123,9428370.188879522,31860919.02061582,20487.78048780488,9428026.534502989,31859974.8379762,20487.78048780488
9428419.106232418,31861435.8474572,20000.0,2.099970333710452,9428124.36920878,31861008.491658967,19512.219512195123,9428468.023585312,31861952.67429859,19512.219512195123,9428713.843256054,31861863.203255437,20487.78048780488,9428370.188879522,31860919.02061582,20487.78048780488
9428762.76060895,31862380.03009682,20000.0,2.2862570436680407,9428468.023585312,31861952.67429859,19512.219512195123,9428811.677961845,31862896.856938206,19512.219512195123,9429057.497632585,31862807.38589506,20487.78048780488,9428713.843256054,31861863.203255437,20487.78048780488
9429106.414985482,31863324.21273644,20000.0,3.0523346061314927,9428811.677961845,31862896.856938206,19512.219512195123,9429155.332338376,31863841.039577823,19512.219512195123,9429401.152009118,31863751.568534676,20487.78048780488,9429057.497632585,31862807.38589506,20487.78048780488
9429450.069362015,31864268.39537606,20000.0,2.276429224582015,9429155.332338376,31863841.039577823,19512.219512195123,9429498.986714909,31864785.222217444,19512.219512195123,9429744.806385651,31864695.751174297,20487.78048780488,9429401.152009118,31863751.568534676,20487.78048780488
9429793.723738547,31865212.57801568,20000.0,1.760901207882052,9429498.986714909,31864785.222217444,19512.219512195123,9429842.641091442,31865729.404857066,19512.219512195123,9430088.460762184,31865639.933813915,20487.78048780488,9429744.806385651,31864695.751174297,20487.78048780488
9430137.37811508,31866156.7606553,20000.0,2.096877737256462,9429842.641091442,31865729.404857066,19512.219512195123,9430186.295467975,31866673.587496683,19512.219512195123,9430432.115138715,31866584.116453536,20487.78048780488,9430088.460762184,31865639.933813915,20487.78048780488
9430481.032491611,31867100.94329492,20000.0,2.0896688129787315,9430186.295467975,31866673.587496683,19512.219512195123,9430529.949844508,31867617.770136304,19512.219512195123,9430775.769515248,31867528.29909316,20487.78048780488,9430432.115138715,31866584.116453536,20487.78048780488
9430824.686868144,31868045.12593454,20000.0,1.8510550051606782,9430529.949844508,31867617.770136304,19512.219512195123,9430873.60422104,31868561.952775925,19512.219512195123,9431119.42389178,31868472.48173278,20487.78048780488,9430775.769515248,31867528.29909316,20487.78048780488
9431168.341244679,31868989.308574162,20000.0,1.8522495197270705,9430873.60422104,31868561.952775925,19512.219512195123,9431217.258597573,31869506.135415543,19512.219512195123,9431463.078268314,31869416.6643724,20487.78048780488,9431119.42389178,31868472.48173278,20487.78048780488
9431511.99562121,31869933.491213784,20000.0,2.7521885429523216,9431217.258597573,31869506.135415543,19512.219512195123,9431560.912974104,31870450.318055164,19512.219512195123,9431806.732644847,31870360.84701202,20487.78048780488,9431463.078268314,31869416.6643724,20487.78048780488
9431855.649997743,31870877.6738534,20000.0,2.7024547983223464,9431560.912974104,31870450.318055164,19512.219512195123,9431904.567350637,31871394.500694785,19512.219512195123,9432150.38702138,31871305.029651638,20487.78048780488,9431806.732644847,31870360.84701202,20487.78048780488
9432199.304374276,31871821.856493022,20000.0,1.6483667510996691,9431904.567350637,31871394.500694785,19512.219512195123,9432248.22172717,31872338.683334406,19512.219512195123,9432494.041397912,31872249.21229126,20487.78048780488,9432150.38702138,31871305.029651638,20487.78048780488
9432542.958750809,31872766.03913264,20000.0,1.099151230732436,9432248.22172717,31872338.683334406,19512.219512195123,9432591.876103703,31873282.865974028,19512.219512195123,9432837.695774443,31873193.394930877,20487.78048780488,9432494.041397912,31872249.21229126,20487.78048780488
9432886.61312734,31873710.22177226,20000.0,1.0580762146140883,9432591.876103703,31873282.865974028,19512.219512195123,9432935.530480236,31874227.04861365,19512.219512195123,9433181.350150976,31874137.577570498,20487.78048780488,9432837.695774443,31873193.394930877,20487.78048780488
9433230.267503873,31874654.404411882,20000.0,1.2279742399365745,9432935.530480236,31874227.04861365,19512.219512195123,9433279.184856769,31875171.231253266,19512.219512195123,9433525.00452751,31875081.76021012,20487.78048780488,9433181.350150976,31874137.577570498,20487.78048780488
9433573.921880407,31875598.587051503,20000.0,1.4128871975720871,9433279.184856769,31875171.231253266,19512.219512195123,9433622.839233302,31876115.413892888,19512.219512195123,9433868.658904042,31876025.942849737,20487.78048780488,9433525.00452751,31875081.76021012,20487.78048780488
9433917.576256938,31876542.76969112,20000.0,1.5223097243438943,9433622.839233302,31876115.413892888,19512.219512195123,9433966.493609833,31877059.596532505,19512.219512195123,9434212.313280575,31876970.125489358,20487.78048780488,9433868.658904042,31876025.942849737,20487.78048780488
9434261.230633471,31877486.952330742,20000.0,1.3928629666502024,9433966.493609833,31877059.596532505,19512.219512195123,9434310.147986365,31878003.779172126,19512.219512195123,9434555.967657108,31877914.30812898,20487.78048780488,9434212.313280575,31876970.125489358,20487.78048780488
9434604.885010004,31878431.134970363,20000.0,1.0364037962654913,9434310.147986365,31878003.779172126,19512.219512195123,9434653.802362898,31878947.961811747,19512.219512195123,9434899.62203364,31878858.490768597,20487.78048780488,9434555.967657108,31877914.30812898,20487.78048780488
9434948.539386537,31879375.317609984,20000.0,0.763837637230263,9434653.802362898,31878947.961811747,19512.219512195123,9434997.456739431,31879892.144451365,19512.219512195123,9435243.276410172,31879802.673408218,20487.78048780488,9434899.62203364,31878858.490768597,20487.78048780488
9435292.193763068,31880319.500249602,20000.0,1.2258236439295687,9434997.456739431,31879892.144451365,19512.219512195123,9435341.111115964,31880836.327090986,19512.219512195123,9435586.930786705,31880746.856047843,20487.78048780488,9435243.276410172,31879802.673408218,20487.78048780488
9435635.8481396,31881263.68288922,20000.0,1.5082558312046714,9435341.111115964,31880836.327090986,19512.219512195123,9435684.765492497,31881780.509730607,19512.219512195123,9435930.585163238,31881691.03868746,20487.78048780488,9435586.930786705,31880746.856047843,20487.78048780488
9435979.502516136,31882207.86552884,20000.0,1.5014194687830484,9435684.765492497,31881780.509730607,19512.219512195123,9436028.41986903,31882724.692370225,19512.219512195123,9436274.23953977,31882635.22132708,20487.78048780488,9435930.585163238,31881691.03868746,20487.78048780488
9436323.156892667,31883152.048168465,20000.0,1.3939181126723121,9436028.41986903,31882724.692370225,19512.219512195123,9436372.07424556,31883668.875009846,19512.219512195123,9436617.893916303,31883579.403966703,20487.78048780488,9436274.23953977,31882635.22132708,20487.78048780488
9436666.8112692,31884096.230808087,20000.0,1.3896248536543623,9436372.07424556,31883668.875009846,19512.219512195123,9436715.728622094,31884613.057649467,19512.219512195123,9436961.548292836,31884523.58660632,20487.78048780488,9436617.893916303,31883579.403966703,20487.78048780488
9437010.465645732,31885040.413447704,20000.0,1.4429913917063295,9436715.728622094,31884613.057649467,19512.219512195123,9437059.382998627,31885557.24028909,19512.219512195123,9437305.202669369,31885467.76924594,20487.78048780488,9436961.548292836,31884523.58660632,20487.78048780488
9437354.120022265,31885984.596087325,20000.0,1.5834838435778733,9437059.382998627,31885557.24028909,19512.219512195123,9437403.03737516,31886501.42292871,19512.219512195123,9437648.8570459,31886411.95188556,20487.78048780488,9437305.202669369,31885467.76924594,20487.78048780488
9437697.774398796,31886928.778726943,20000.0,1.5511001011665024,9437403.03737516,31886501.42292871,19512.219512195123,9437746.691751692,31887445.605568327,19512.219512195123,9437992.511422433,31887356.13452518,20487.78048780488,9437648.8570459,31886411.95188556,20487.78048780488
9438041.42877533,31887872.961366564,20000.0,1.7300914495232074,9437746.691751692,31887445.605568327,19512.219512195123,9438090.346128223,31888389.78820795,19512.219512195123,9438336.165798966,31888300.317164797,20487.78048780488,9437992.511422433,31887356.13452518,20487.78048780488
9438385.083151862,31888817.144006185,20000.0,1.3792561140797455,9438090.346128223,31888389.78820795,19512.219512195123,9438434.000504756,31889333.970847566,19512.219512195123,9438679.820175499,31889244.49980442,20487.78048780488,9438336.165798966,31888300.317164797,20487.78048780488
9438728.737528395,31889761.326645803,20000.0,1.1164048973885967,9438434.000504756,31889333.970847566,19512.219512195123,9438777.65488129,31890278.153487187,19512.219512195123,9439023.474552032,31890188.68244404,20487.78048780488,9438679.820175499,31889244.49980442,20487.78048780488
9439072.391904928,31890705.50928542,20000.0,0.8490055969497885,9438777.65488129,31890278.153487187,19512.219512195123,9439121.309257822,31891222.336126808,19512.219512195123,9439367.128928563,31891132.865083657,20487.78048780488,9439023.474552032,31890188.68244404,20487.78048780488
9439416.04628146,31891649.69192504,20000.0,0.706000769995399,9439121.309257822,31891222.336126808,19512.219512195123,9439464.963634355,31892166.518766426,19512.219512195123,9439710.783305096,31892077.04772328,20487.78048780488,9439367.128928563,31891132.865083657,20487.78048780488
9439759.700657992,31892593.874564663,20000.0,0.5389605160797476,9439464.963634355,31892166.518766426,19512.219512195123,9439808.618010888,31893110.701406047,19512.219512195123,9440054.437681628,31893021.2303629,20487.78048780488,9439710.783305096,31892077.04772328,20487.78048780488
9440103.355034525,31893538.05720428,20000.0,0.7766395201121896,9439808.618010888,31893110.701406047,19512.219512195123,9440152.272387419,31894054.884045668,19512.219512195123,9440398.092058161,31893965.41300252,20487.78048780488,9440054.437681628,31893021.2303629,20487.78048780488
9440447.009411057,31894482.2398439,20000.0,0.7129529804867195,9440152.272387419,31894054.884045668,19512.219512195123,9440495.926763952,31894999.066685285,19512.219512195123,9440741.746434694,31894909.595642142,20487.78048780488,9440398.092058161,31893965.41300252,20487.78048780488
9440790.66378759,31895426.422483522,20000.0,0.49799494655687143,9440495.926763952,31894999.066685285,19512.219512195123,9440839.581140485,31895943.249324907,19512.219512195123,9441085.400811227,31895853.778281763,20487.78048780488,9440741.746434694,31894909.595642142,20487.78048780488
9441134.318164123,31896370.605123147,20000.0,0.3500878427602287,9440839.581140485,31895943.249324907,19512.219512195123,9441183.235517018,31896887.431964528,19512.219512195123,9441429.05518776,31896797.96092138,20487.78048780488,9441085.400811227,31895853.778281763,20487.78048780488
9441477.972540654,31897314.787762765,20000.0,0.3357224283872371,9441183.235517018,31896887.431964528,19512.219512195123,9441526.88989355,31897831.614604145,19512.219512195123,9441772.709564291,31897742.143561002,20487.78048780488,9441429.05518776,31896797.96092138,20487.78048780488
9441821.626917187,31898258.970402386,20000.0,0.12909258860457443,9441526.88989355,31897831.614604145,19512.219512195123,9441870.544270083,31898775.79724377,19512.219512195123,9442116.363940824,31898686.326200623,20487.78048780488,9441772.709564291,31897742.143561002,20487.78048780488
9442165.28129372,31899203.153042007,20000.0,0.030767497113022877,9441870.544270083,31898775.79724377,19512.219512195123,9442214.198646616,31899719.97988339,19512.219512195123,9442460.018317357,31899630.50884024,20487.78048780488,9442116.363940824,31898686.326200623,20487.78048780488
9442508.935670253,31900147.33568163,20000.0,0.016058720360672064,9442214.198646616,31899719.97988339,19512.219512195123,9442557.853023147,31900664.16252301,19512.219512195123,9442803.67269389,31900574.69147986,20487.78048780488,9442460.018317357,31899630.50884024,20487.78048780488
9442852.590046784,31901091.518321242,20000.0,0.004755131555554508,9442557.853023147,31900664.16252301,19512.219512195123,9442901.50739968,31901608.34516263,19512.219512195123,9443147.327070422,31901518.87411948,20487.78048780488,9442803.67269389,31900574.69147986,20487.78048780488
9443196.244423317,31902035.700960863,20000.0,0.0014940397040815378,9442901.50739968,31901608.34516263,19512.219512195123,9443245.161776213,31902552.52780225,19512.219512195123,9443490.981446955,31902463.0567591,20487.78048780488,9443147.327070422,31901518.87411948,20487.78048780488
9417667.985854113,31831132.531946212,20975.56097560976,2.008755994587315,9417373.248830479,31830705.176147975,20487.78048780488,9417716.903207012,31831649.358787596,20487.78048780488,9417962.72287775,31831559.88774445,21463.341463414636,9417619.068501217,31830615.705104828,21463.341463414636
9418011.640230648,31832076.71458583,20975.56097560976,1.2974546880269666,9417716.903207012,31831649.358787596,20487.78048780488,9418060.557583543,31832593.541427217,20487.78048780488,9418306.377254283,31832504.070384067,21463.341463414636,9417962.72287775,31831559.88774445,21463.341463414636
9418355.29460718,31833020.89722545,20975.56097560976,1.059558563059895,9418060.557583543,31832593.541427217,20487.78048780488,9418404.211960075,31833537.724066835,20487.78048780488,9418650.031630816,31833448.253023688,21463.341463414636,9418306.377254283,31832504.070384067,21463.341463414636
9418698.948983712,31833965.079865072,20975.56097560976,1.1174951889119276,9418404.211960075,31833537.724066835,20487.78048780488,9418747.866336608,31834481.906706456,20487.78048780488,9418993.686007349,31834392.43566331,21463.341463414636,9418650.031630816,31833448.253023688,21463.341463414636
9419042.603360245,31834909.262504693,20975.56097560976,1.530675612258499,9418747.866336608,31834481.906706456,20487.78048780488,9419091.520713141,31835426.089346074,20487.78048780488,9419337.340383882,31835336.61830293,21463.341463414636,9418993.686007349,31834392.43566331,21463.341463414636
9419386.257736776,31835853.44514431,20975.56097560976,2.022847240694786,9419091.520713141,31835426.089346074,20487.78048780488,9419435.175089674,31836370.271985695,20487.78048780488,9419680.994760413,31836280.80094255,21463.341463414636,9419337.340383882,31835336.61830293,21463.341463414636
9419729.91211331,31836797.62778393,20975.56097560976,2.4356248283543893,9419435.175089674,31836370.271985695,20487.78048780488,9419778.829466207,31837314.454625316,20487.78048780488,9420024.649136946,31837224.983582173,21463.341463414636,9419680.994760413,31836280.80094255,21463.341463414636
9420073.566489842,31837741.810423553,20975.56097560976,3.7587969675392783,9419778.829466207,31837314.454625316,20487.78048780488,9420122.48384274,31838258.637264933,20487.78048780488,9420368.303513478,31838169.16622179,21463.341463414636,9420024.649136946,31837224.983582173,21463.341463414636
9420417.220866377,31838685.993063174,20975.56097560976,5.93889332381059,9420122.48384274,31838258.637264933,20487.78048780488,9420466.13821927,31839202.819904555,20487.78048780488,9420711.957890011,31839113.34886141,21463.341463414636,9420368.303513478,31838169.16622179,21463.341463414636
9420760.875242908,31839630.175702795,20975.56097560976,6.693123502657788,9420466.13821927,31839202.819904555,20487.78048780488,9420809.792595804,31840147.002544176,20487.78048780488,9421055.612266544,31840057.531501032,21463.341463414636,9420711.957890011,31839113.34886141,21463.341463414636
9421104.52961944,31840574.358342413,20975.56097560976,6.010546996531832,9420809.792595804,31840147.002544176,20487.78048780488,9421153.446972337,31841091.185183797,20487.78048780488,9421399.266643077,31841001.71414065,21463.341463414636,9421055.612266544,31840057.531501032,21463.341463414636
9421448.183995973,31841518.540982034,20975.56097560976,7.779511684045779,9421153.446972337,31841091.185183797,20487.78048780488,9421497.10134887,31842035.36782342,20487.78048780488,9421742.921019608,31841945.896780267,21463.341463414636,9421399.266643077,31841001.71414065,21463.341463414636
9421791.838372504,31842462.72362165,20975.56097560976,6.910055294117189,9421497.10134887,31842035.36782342,20487.78048780488,9421840.7557254,31842979.550463036,20487.78048780488,9422086.575396141,31842890.07941989,21463.341463414636,9421742.921019608,31841945.896780267,21463.341463414636
9422135.492749037,31843406.906261273,20975.56097560976,6.066020590333777,9421840.7557254,31842979.550463036,20487.78048780488,9422184.410101933,31843923.733102657,20487.78048780488,9422430.229772674,31843834.26205951,21463.341463414636,9422086.575396141,31842890.07941989,21463.341463414636
9422479.14712557,31844351.08890089,20975.56097560976,5.296273500956004,9422184.410101933,31843923.733102657,20487.78048780488,9422528.064478466,31844867.915742274,20487.78048780488,9422773.884149207,31844778.444699127,21463.341463414636,9422430.229772674,31843834.26205951,21463.341463414636
9422822.801502101,31845295.27154051,20975.56097560976,4.6509384969412055,9422528.064478466,31844867.915742274,20487.78048780488,9422871.718855,31845812.098381896,20487.78048780488,9423117.53852574,31845722.62733875,21463.341463414636,9422773.884149207,31844778.444699127,21463.341463414636
9423166.455878636,31846239.454180133,20975.56097560976,4.351308216658372,9422871.718855,31845812.098381896,20487.78048780488,9423215.373231532,31846756.281021517,20487.78048780488,9423461.19290227,31846666.80997837,21463.341463414636,9423117.53852574,31845722.62733875,21463.341463414636
9423510.110255167,31847183.636819754,20975.56097560976,4.355431987988984,9423215.373231532,31846756.281021517,20487.78048780488,9423559.027608065,31847700.463661134,20487.78048780488,9423804.847278804,31847610.992617987,21463.341463414636,9423461.19290227,31846666.80997837,21463.341463414636
9423853.764631702,31848127.81945937,20975.56097560976,3.6700170739422737,9423559.027608065,31847700.463661134,20487.78048780488,9423902.681984598,31848644.646300755,20487.78048780488,9424148.501655336,31848555.175257612,21463.341463414636,9423804.847278804,31847610.992617987,21463.341463414636
9424197.419008233,31849072.002098992,20975.56097560976,3.90456679231073,9423902.681984598,31848644.646300755,20487.78048780488,9424246.336361129,31849588.828940377,20487.78048780488,9424492.15603187,31849499.357897233,21463.341463414636,9424148.501655336,31848555.175257612,21463.341463414636
9424541.073384766,31850016.18473861,20975.56097560976,3.889802522844692,9424246.336361129,31849588.828940377,20487.78048780488,9424589.990737662,31850533.011579994,20487.78048780488,9424835.810408402,31850443.54053685,21463.341463414636,9424492.15603187,31849499.357897233,21463.341463414636
9424884.727761298,31850960.367378235,20975.56097560976,3.059660120519414,9424589.990737662,31850533.011579994,20487.78048780488,9424933.645114195,31851477.194219615,20487.78048780488,9425179.464784935,31851387.723176472,21463.341463414636,9424835.810408402,31850443.54053685,21463.341463414636
9425228.38213783,31851904.550017856,20975.56097560976,2.0554122299469455,9424933.645114195,31851477.194219615,20487.78048780488,9425277.299490727,31852421.376859237,20487.78048780488,9425523.119161468,31852331.905816093,21463.341463414636,9425179.464784935,31851387.723176472,21463.341463414636
9425572.036514364,31852848.732657474,20975.56097560976,1.2745691890332638,9425277.299490727,31852421.376859237,20487.78048780488,9425620.95386726,31853365.559498858,20487.78048780488,9425866.773537999,31853276.08845571,21463.341463414636,9425523.119161468,31852331.905816093,21463.341463414636
9425915.690890895,31853792.915297095,20975.56097560976,1.2664881773107357,9425620.95386726,31853365.559498858,20487.78048780488,9425964.608243793,31854309.74213848,20487.78048780488,9426210.427914532,31854220.27109533,21463.341463414636,9425866.773537999,31853276.08845571,21463.341463414636
9426259.34526743,31854737.097936716,20975.56097560976,1.4133315665237538,9425964.608243793,31854309.74213848,20487.78048780488,9426308.262620326,31855253.9247781,20487.78048780488,9426554.082291065,31855164.453734953,21463.341463414636,9426210.427914532,31854220.27109533,21463.341463414636
9426602.999643961,31855681.280576337,20975.56097560976,1.2998693307279345,9426308.262620326,31855253.9247781,20487.78048780488,9426651.916996857,31856198.107417718,20487.78048780488,9426897.736667598,31856108.63637457,21463.341463414636,9426554.082291065,31855164.453734953,21463.341463414636
9426946.654020494,31856625.463215955,20975.56097560976,1.4749015219148214,9426651.916996857,31856198.107417718,20487.78048780488,9426995.57137339,31857142.29005734,20487.78048780488,9427241.39104413,31857052.81901419,21463.341463414636,9426897.736667598,31856108.63637457,21463.341463414636
9427290.308397027,31857569.645855576,20975.56097560976,2.090396999819094,9426995.57137339,31857142.29005734,20487.78048780488,9427339.225749923,31858086.47269696,20487.78048780488,9427585.045420663,31857997.001653813,21463.341463414636,9427241.39104413,31857052.81901419,21463.341463414636
9427633.962773558,31858513.828495197,20975.56097560976,3.4743861072153828,9427339.225749923,31858086.47269696,20487.78048780488,9427682.880126456,31859030.655336577,20487.78048780488,9427928.699797196,31858941.18429343,21463.341463414636,9427585.045420663,31857997.001653813,21463.341463414636
9427977.617150092,31859458.011134814,20975.56097560976,2.704082740271454,9427682.880126456,31859030.655336577,20487.78048780488,9428026.534502989,31859974.8379762,20487.78048780488,9428272.354173727,31859885.36693305,21463.341463414636,9427928.699797196,31858941.18429343,21463.341463414636
9428321.271526624,31860402.193774432,20975.56097560976,2.7398719479403324,9428026.534502989,31859974.8379762,20487.78048780488,9428370.188879522,31860919.02061582,20487.78048780488,9428616.00855026,31860829.54957267,21463.341463414636,9428272.354173727,31859885.36693305,21463.341463414636
9428664.925903158,31861346.376414053,20975.56097560976,2.3050082578610023,9428370.188879522,31860919.02061582,20487.78048780488,9428713.843256054,31861863.203255437,20487.78048780488,9428959.662926793,31861773.732212294,21463.341463414636,9428616.00855026,31860829.54957267,21463.341463414636
9429008.58027969,31862290.559053674,20975.56097560976,2.4158256351723466,9428713.843256054,31861863.203255437,20487.78048780488,9429057.497632585,31862807.38589506,20487.78048780488,9429303.317303326,31862717.914851915,21463.341463414636,9428959.662926793,31861773.732212294,21463.341463414636
9429352.234656222,31863234.74169329,20975.56097560976,2.4957983069554834,9429057.497632585,31862807.38589506,20487.78048780488,9429401.152009118,31863751.568534676,20487.78048780488,9429646.971679859,31863662.097491533,21463.341463414636,9429303.317303326,31862717.914851915,21463.341463414636
9429695.889032755,31864178.924332917,20975.56097560976,2.2752755766270862,9429401.152009118,31863751.568534676,20487.78048780488,9429744.806385651,31864695.751174297,20487.78048780488,9429990.62605639,31864606.280131154,21463.341463414636,9429646.971679859,31863662.097491533,21463.341463414636
9430039.543409286,31865123.106972534,20975.56097560976,2.0029821823685268,9429744.806385651,31864695.751174297,20487.78048780488,9430088.460762184,31865639.933813915,20487.78048780488,9430334.280432923,31865550.46277077,21463.341463414636,9429990.62605639,31864606.280131154,21463.341463414636
9430383.197785819,31866067.289612155,20975.56097560976,2.0275708920422364,9430088.460762184,31865639.933813915,20487.78048780488,9430432.115138715,31866584.116453536,20487.78048780488,9430677.934809456,31866494.645410392,21463.341463414636,9430334.280432923,31865550.46277077,21463.341463414636
9430726.852162352,31867011.472251777,20975.56097560976,1.9377388173212053,9430432.115138715,31866584.116453536,20487.78048780488,9430775.769515248,31867528.29909316,20487.78048780488,9431021.589185989,31867438.828050014,21463.341463414636,9430677.934809456,31866494.645410392,21463.341463414636
9431070.506538883,31867955.654891398,20975.56097560976,2.17057241976955,9430775.769515248,31867528.29909316,20487.78048780488,9431119.42389178,31868472.48173278,20487.78048780488,9431365.243562521,31868383.01068963,21463.341463414636,9431021.589185989,31867438.828050014,21463.341463414636
9431414.160915418,31868899.837531015,20975.56097560976,2.85669161025554,9431119.42389178,31868472.48173278,20487.78048780488,9431463.078268314,31869416.6643724,20487.78048780488,9431708.897939054,31869327.193329252,21463.341463414636,9431365.243562521,31868383.01068963,21463.341463414636
9431757.815291949,31869844.020170633,20975.56097560976,2.968786424302827,9431463.078268314,31869416.6643724,20487.78048780488,9431806.732644847,31870360.84701202,20487.78048780488,9432052.552315585,31870271.37596887,21463.341463414636,9431708.897939054,31869327.193329252,21463.341463414636
9432101.469668483,31870788.202810254,20975.56097560976,2.912875730824718,9431806.732644847,31870360.84701202,20487.78048780488,9432150.38702138,31871305.029651638,20487.78048780488,9432396.206692118,31871215.55860849,21463.341463414636,9432052.552315585,31870271.37596887,21463.341463414636
9432445.124045014,31871732.385449875,20975.56097560976,2.1875153841141333,9432150.38702138,31871305.029651638,20487.78048780488,9432494.041397912,31872249.21229126,20487.78048780488,9432739.861068651,31872159.741248112,21463.341463414636,9432396.206692118,31871215.55860849,21463.341463414636
9432788.778421547,31872676.568089493,20975.56097560976,1.6013966231005088,9432494.041397912,31872249.21229126,20487.78048780488,9432837.695774443,31873193.394930877,20487.78048780488,9433083.515445184,31873103.92388773,21463.341463414636,9432739.861068651,31872159.741248112,21463.341463414636
9433132.43279808,31873620.750729114,20975.56097560976,1.3746688470692752,9432837.695774443,31873193.394930877,20487.78048780488,9433181.350150976,31874137.577570498,20487.78048780488,9433427.169821717,31874048.10652735,21463.341463414636,9433083.515445184,31873103.92388773,21463.341463414636
9433476.087174611,31874564.933368735,20975.56097560976,1.5279293124870001,9433181.350150976,31874137.577570498,20487.78048780488,9433525.00452751,31875081.76021012,20487.78048780488,9433770.82419825,31874992.289166976,21463.341463414636,9433427.169821717,31874048.10652735,21463.341463414636
9433819.741551146,31875509.116008356,20975.56097560976,1.2692617431602882,9433525.00452751,31875081.76021012,20487.78048780488,9433868.658904042,31876025.942849737,20487.78048780488,9434114.478574783,31875936.471806593,21463.341463414636,9433770.82419825,31874992.289166976,21463.341463414636
9434163.395927677,31876453.298647974,20975.56097560976,1.313278738161072,9433868.658904042,31876025.942849737,20487.78048780488,9434212.313280575,31876970.125489358,20487.78048780488,9434458.132951314,31876880.654446214,21463.341463414636,9434114.478574783,31875936.471806593,21463.341463414636
9434507.050304212,31877397.4812876,20975.56097560976,1.4507467841464174,9434212.313280575,31876970.125489358,20487.78048780488,9434555.967657108,31877914.30812898,20487.78048780488,9434801.787327847,31877824.837085836,21463.341463414636,9434458.132951314,31876880.654446214,21463.341463414636
9434850.704680743,31878341.66392722,20975.56097560976,1.303708693911552,9434555.967657108,31877914.30812898,20487.78048780488,9434899.62203364,31878858.490768597,20487.78048780488,9435145.44170438,31878769.019725453,21463.341463414636,9434801.787327847,31877824.837085836,21463.341463414636
9435194.359057276,31879285.846566837,20975.56097560976,1.023808608068641,9434899.62203364,31878858.490768597,20487.78048780488,9435243.276410172,31879802.673408218,20487.78048780488,9435489.096080912,31879713.202365074,21463.341463414636,9435145.44170438,31878769.019725453,21463.341463414636
9435538.013433808,31880230.02920646,20975.56097560976,0.8433752026145162,9435243.276410172,31879802.673408218,20487.78048780488,9435586.930786705,31880746.856047843,20487.78048780488,9435832.750457445,31880657.385004696,21463.341463414636,9435489.096080912,31879713.202365074,21463.341463414636
9435881.66781034,31881174.211846076,20975.56097560976,0.7201336196817937,9435586.930786705,31880746.856047843,20487.78048780488,9435930.585163238,31881691.03868746,20487.78048780488,9436176.404833978,31881601.567644313,21463.341463414636,9435832.750457445,31880657.385004696,21463.341463414636
9436225.322186874,31882118.394485697,20975.56097560976,0.810004884257002,9435930.585163238,31881691.03868746,20487.78048780488,9436274.23953977,31882635.22132708,20487.78048780488,9436520.05921051,31882545.750283934,21463.341463414636,9436176.404833978,31881601.567644313,21463.341463414636
9436568.976563405,31883062.57712532,20975.56097560976,1.0484431485152441,9436274.23953977,31882635.22132708,20487.78048780488,9436617.893916303,31883579.403966703,20487.78048780488,9436863.713587042,31883489.932923555,21463.341463414636,9436520.05921051,31882545.750283934,21463.341463414636
9436912.63093994,31884006.759764936,20975.56097560976,1.0472826221505838,9436617.893916303,31883579.403966703,20487.78048780488,9436961.548292836,31884523.58660632,20487.78048780488,9437207.367963575,31884434.115563173,21463.341463414636,9436863.713587042,31883489.932923555,21463.341463414636
9437256.285316471,31884950.942404557,20975.56097560976,1.2141357827343133,9436961.548292836,31884523.58660632,20487.78048780488,9437305.202669369,31885467.76924594,20487.78048780488,9437551.022340108,31885378.298202794,21463.341463414636,9437207.367963575,31884434.115563173,21463.341463414636
9437599.939693004,31885895.125044174,20975.56097560976,1.3660852453917882,9437305.202669369,31885467.76924594,20487.78048780488,9437648.8570459,31886411.95188556,20487.78048780488,9437894.67671664,31886322.48084241,21463.341463414636,9437551.022340108,31885378.298202794,21463.341463414636
9437943.594069537,31886839.307683796,20975.56097560976,1.3075069721235064,9437648.8570459,31886411.95188556,20487.78048780488,9437992.511422433,31887356.13452518,20487.78048780488,9438238.331093173,31887266.663482033,21463.341463414636,9437894.67671664,31886322.48084241,21463.341463414636
9438287.248446068,31887783.490323417,20975.56097560976,1.156550118746447,9437992.511422433,31887356.13452518,20487.78048780488,9438336.165798966,31888300.317164797,20487.78048780488,9438581.985469704,31888210.846121654,21463.341463414636,9438238.331093173,31887266.663482033,21463.341463414636
9438630.902822603,31888727.672963034,20975.56097560976,0.9175748974454268,9438336.165798966,31888300.317164797,20487.78048780488,9438679.820175499,31889244.49980442,20487.78048780488,9438925.639846237,31889155.028761275,21463.341463414636,9438581.985469704,31888210.846121654,21463.341463414636
9438974.557199134,31889671.855602656,20975.56097560976,0.7812376228314071,9438679.820175499,31889244.49980442,20487.78048780488,9439023.474552032,31890188.68244404,20487.78048780488,9439269.29422277,31890099.211400896,21463.341463414636,9438925.639846237,31889155.028761275,21463.341463414636
9439318.211575668,31890616.038242277,20975.56097560976,0.4639547715143169,9439023.474552032,31890188.68244404,20487.78048780488,9439367.128928563,31891132.865083657,20487.78048780488,9439612.948599303,31891043.394040514,21463.341463414636,9439269.29422277,31890099.211400896,21463.341463414636
9439661.8659522,31891560.220881898,20975.56097560976,0.4654051899831128,9439367.128928563,31891132.865083657,20487.78048780488,9439710.783305096,31892077.04772328,20487.78048780488,9439956.602975836,31891987.576680135,21463.341463414636,9439612.948599303,31891043.394040514,21463.341463414636
9440005.520328732,31892504.40352152,20975.56097560976,0.46908781913589315,9439710.783305096,31892077.04772328,20487.78048780488,9440054.437681628,31893021.2303629,20487.78048780488,9440300.257352369,31892931.759319756,21463.341463414636,9439956.602975836,31891987.576680135,21463.341463414636
9440349.174705265,31893448.586161137,20975.56097560976,0.6840603922497253,9440054.437681628,31893021.2303629,20487.78048780488,9440398.092058161,31893965.41300252,20487.78048780488,9440643.911728902,31893875.941959374,21463.341463414636,9440300.257352369,31892931.759319756,21463.341463414636
9440692.829081796,31894392.768800758,20975.56097560976,0.612751922328057,9440398.092058161,31893965.41300252,20487.78048780488,9440741.746434694,31894909.595642142,20487.78048780488,9440987.566105433,31894820.124598995,21463.341463414636,9440643.911728902,31893875.941959374,21463.341463414636
9441036.48345833,31895336.95144038,20975.56097560976,0.4324060491128845,9440741.746434694,31894909.595642142,20487.78048780488,9441085.400811227,31895853.778281763,20487.78048780488,9441331.220481966,31895764.307238616,21463.341463414636,9440987.566105433,31894820.124598995,21463.341463414636
9441380.137834862,31896281.13408,20975.56097560976,0.386787124311989,9441085.400811227,31895853.778281763,20487.78048780488,9441429.05518776,31896797.96092138,20487.78048780488,9441674.874858499,31896708.489878234,21463.341463414636,9441331.220481966,31895764.307238616,21463.341463414636
9441723.792211397,31897225.316719618,20975.56097560976,0.26331277113916873,9441429.05518776,31896797.96092138,20487.78048780488,9441772.709564291,31897742.143561002,20487.78048780488,9442018.529235031,31897652.672517855,21463.341463414636,9441674.874858499,31896708.489878234,21463.341463414636
9442067.446587928,31898169.49935924,20975.56097560976,0.13102399795505848,9441772.709564291,31897742.143561002,20487.78048780488,9442116.363940824,31898686.326200623,20487.78048780488,9442362.183611564,31898596.855157472,21463.341463414636,9442018.529235031,31897652.672517855,21463.341463414636
9442411.10096446,31899113.68199886,20975.56097560976,0.052991427185987344,9442116.363940824,31898686.326200623,20487.78048780488,9442460.018317357,31899630.50884024,20487.78048780488,9442705.837988097,31899541.037797093,21463.341463414636,9442362.183611564,31898596.855157472,21463.341463414636
9442754.755340993,31900057.864638478,20975.56097560976,0.04041898461322567,9442460.018317357,31899630.50884024,20487.78048780488,9442803.67269389,31900574.69147986,20487.78048780488,9443049.49236463,31900485.220436715,21463.341463414636,9442705.837988097,31899541.037797093,21463.341463414636
9443098.409717524,31901002.047278095,20975.56097560976,0.04399328672023737,9442803.67269389,31900574.69147986,20487.78048780488,9443147.327070422,31901518.87411948,20487.78048780488,9443393.146741161,31901429.403076336,21463.341463414636,9443049.49236463,31900485.220436715,21463.341463414636
9443442.06409406,31901946.229917716,20975.56097560976,0.028736388724875963,9443147.327070422,31901518.87411948,20487.78048780488,9443490.981446955,31902463.0567591,20487.78048780488,9443736.801117694,31902373.585715957,21463.341463414636,9443393.146741161,31901429.403076336,21463.341463414636
9417913.805524854,31831043.060903065,21951.121951219513,2.074531326968928,9417619.068501217,31830615.705104828,21463.341463414636,9417962.72287775,31831559.88774445,21463.341463414636,9418208.542548489,31831470.416701306,22438.902439024394,9417864.888171956,31830526.234061684,22438.902439024394
9418257.459901387,31831987.243542682,21951.121951219513,1.4486821556430993,9417962.72287775,31831559.88774445,21463.341463414636,9418306.377254283,31832504.070384067,21463.341463414636,9418552.196925022,31832414.599340923,22438.902439024394,9418208.542548489,31831470.416701306,22438.902439024394
9418601.114277918,31832931.426182307,21951.121951219513,1.3640075386566488,9418306.377254283,31832504.070384067,21463.341463414636,9418650.031630816,31833448.253023688,21463.341463414636,9418895.851301553,31833358.781980544,22438.902439024394,9418552.196925022,31832414.599340923,22438.902439024394
9418944.768654453,31833875.60882193,21951.121951219513,1.157026681268183,9418650.031630816,31833448.253023688,21463.341463414636,9418993.686007349,31834392.43566331,21463.341463414636,9419239.505678086,31834302.964620166,22438.902439024394,9418895.851301553,31833358.781980544,22438.902439024394
9419288.423030984,31834819.79146155,21951.121951219513,1.2669721647027097,9418993.686007349,31834392.43566331,21463.341463414636,9419337.340383882,31835336.61830293,21463.341463414636,9419583.160054618,31835247.147259783,22438.902439024394,9419239.505678086,31834302.964620166,22438.902439024394
9419632.077407518,31835763.974101167,21951.121951219513,1.9533359253504736,9419337.340383882,31835336.61830293,21463.341463414636,9419680.994760413,31836280.80094255,21463.341463414636,9419926.814431151,31836191.329899404,22438.902439024394,9419583.160054618,31835247.147259783,22438.902439024394
9419975.73178405,31836708.15674079,21951.121951219513,2.7358436238205623,9419680.994760413,31836280.80094255,21463.341463414636,9420024.649136946,31837224.983582173,21463.341463414636,9420270.468807684,31837135.512539025,22438.902439024394,9419926.814431151,31836191.329899404,22438.902439024394
9420319.386160582,31837652.33938041,21951.121951219513,4.239432970352159,9420024.649136946,31837224.983582173,21463.341463414636,9420368.303513478,31838169.16622179,21463.341463414636,9420614.123184217,31838079.695178643,22438.902439024394,9420270.468807684,31837135.512539025,22438.902439024394
9420663.040537115,31838596.522020027,21951.121951219513,5.811158724234873,9420368.303513478,31838169.16622179,21463.341463414636,9420711.957890011,31839113.34886141,21463.341463414636,9420957.77756075,31839023.877818264,22438.902439024394,9420614.123184217,31838079.695178643,22438.902439024394
9421006.694913646,31839540.70465965,21951.121951219513,7.6353264725030785,9420711.957890011,31839113.34886141,21463.341463414636,9421055.612266544,31840057.531501032,21463.341463414636,9421301.431937281,31839968.060457885,22438.902439024394,9420957.77756075,31839023.877818264,22438.902439024394
9421350.349290181,31840484.887299266,21951.121951219513,8.65842543458693,9421055.612266544,31840057.531501032,21463.341463414636,9421399.266643077,31841001.71414065,21463.341463414636,9421645.086313814,31840912.243097503,22438.902439024394,9421301.431937281,31839968.060457885,22438.902439024394
9421694.003666712,31841429.069938883,21951.121951219513,8.09238157017551,9421399.266643077,31841001.71414065,21463.341463414636,9421742.921019608,31841945.896780267,21463.341463414636,9421988.740690347,31841856.42573712,22438.902439024394,9421645.086313814,31840912.243097503,22438.902439024394
9422037.658043243,31842373.252578504,21951.121951219513,9.248792497473163,9421742.921019608,31841945.896780267,21463.341463414636,9422086.575396141,31842890.07941989,21463.341463414636,9422332.39506688,31842800.60837674,22438.902439024394,9421988.740690347,31841856.42573712,22438.902439024394
9422381.312419776,31843317.435218126,21951.121951219513,9.556738995608267,9422086.575396141,31842890.07941989,21463.341463414636,9422430.229772674,31843834.26205951,21463.341463414636,9422676.04944341,31843744.791016366,22438.902439024394,9422332.39506688,31842800.60837674,22438.902439024394
9422724.966796309,31844261.617857743,21951.121951219513,8.927109466829199,9422430.229772674,31843834.26205951,21463.341463414636,9422773.884149207,31844778.444699127,21463.341463414636,9423019.703819944,31844688.973655984,22438.902439024394,9422676.04944341,31843744.791016366,22438.902439024394
9423068.621172842,31845205.800497364,21951.121951219513,8.23146940536503,9422773.884149207,31844778.444699127,21463.341463414636,9423117.53852574,31845722.62733875,21463.341463414636,9423363.358196476,31845633.156295605,22438.902439024394,9423019.703819944,31844688.973655984,22438.902439024394
9423412.275549375,31846149.98313699,21951.121951219513,7.815001110264977,9423117.53852574,31845722.62733875,21463.341463414636,9423461.19290227,31846666.80997837,21463.341463414636,9423707.01257301,31846577.338935226,22438.902439024394,9423363.358196476,31845633.156295605,22438.902439024394
9423755.929925906,31847094.16577661,21951.121951219513,7.34466128375313,9423461.19290227,31846666.80997837,21463.341463414636,9423804.847278804,31847610.992617987,21463.341463414636,9424050.666949542,31847521.521574844,22438.902439024394,9423707.01257301,31846577.338935226,22438.902439024394
9424099.584302438,31848038.348416228,21951.121951219513,7.562187920897019,9423804.847278804,31847610.992617987,21463.341463414636,9424148.501655336,31848555.175257612,21463.341463414636,9424394.321326075,31848465.704214465,22438.902439024394,9424050.666949542,31847521.521574844,22438.902439024394
9424443.23867897,31848982.53105585,21951.121951219513,6.811132120410766,9424148.501655336,31848555.175257612,21463.341463414636,9424492.15603187,31849499.357897233,21463.341463414636,9424737.975702608,31849409.886854086,22438.902439024394,9424394.321326075,31848465.704214465,22438.902439024394
9424786.893055504,31849926.713695467,21951.121951219513,5.494613950750974,9424492.15603187,31849499.357897233,21463.341463414636,9424835.810408402,31850443.54053685,21463.341463414636,9425081.630079139,31850354.069493704,22438.902439024394,9424737.975702608,31849409.886854086,22438.902439024394
9425130.547432035,31850870.896335088,21951.121951219513,3.709535597646918,9424835.810408402,31850443.54053685,21463.341463414636,9425179.464784935,31851387.723176472,21463.341463414636,9425425.284455672,31851298.252133325,22438.902439024394,9425081.630079139,31850354.069493704,22438.902439024394
9425474.20180857,31851815.07897471,21951.121951219513,2.0534125932134963,9425179.464784935,31851387.723176472,21463.341463414636,9425523.119161468,31852331.905816093,21463.341463414636,9425768.938832205,31852242.434772946,22438.902439024394,9425425.284455672,31851298.252133325,22438.902439024394
9425817.856185101,31852759.261614326,21951.121951219513,1.493605964205217,9425523.119161468,31852331.905816093,21463.341463414636,9425866.773537999,31853276.08845571,21463.341463414636,9426112.593208738,31853186.617412563,22438.902439024394,9425768.938832205,31852242.434772946,22438.902439024394
9426161.510561634,31853703.444253948,21951.121951219513,1.0923782245032392,9425866.773537999,31853276.08845571,21463.341463414636,9426210.427914532,31854220.27109533,21463.341463414636,9426456.24758527,31854130.800052185,22438.902439024394,9426112.593208738,31853186.617412563,22438.902439024394
9426505.164938167,31854647.62689357,21951.121951219513,0.7306449564544355,9426210.427914532,31854220.27109533,21463.341463414636,9426554.082291065,31855164.453734953,21463.341463414636,9426799.901961803,31855074.982691806,22438.902439024394,9426456.24758527,31854130.800052185,22438.902439024394
9426848.819314698,31855591.80953319,21951.121951219513,0.9084919018237834,9426554.082291065,31855164.453734953,21463.341463414636,9426897.736667598,31856108.63637457,21463.341463414636,9427143.556338336,31856019.165331423,22438.902439024394,9426799.901961803,31855074.982691806,22438.902439024394
9427192.473691233,31856535.992172807,21951.121951219513,0.9759630368129906,9426897.736667598,31856108.63637457,21463.341463414636,9427241.39104413,31857052.81901419,21463.341463414636,9427487.210714867,31856963.34797105,22438.902439024394,9427143.556338336,31856019.165331423,22438.902439024394
9427536.128067764,31857480.17481243,21951.121951219513,1.9461801945805346,9427241.39104413,31857052.81901419,21463.341463414636,9427585.045420663,31857997.001653813,21463.341463414636,9427830.8650914,31857907.530610666,22438.902439024394,9427487.210714867,31856963.34797105,22438.902439024394
9427879.782444298,31858424.35745205,21951.121951219513,3.7556735084369115,9427585.045420663,31857997.001653813,21463.341463414636,9427928.699797196,31858941.18429343,21463.341463414636,9428174.519467933,31858851.713250287,22438.902439024394,9427830.8650914,31857907.530610666,22438.902439024394
9428223.43682083,31859368.54009167,21951.121951219513,4.622440824735256,9427928.699797196,31858941.18429343,21463.341463414636,9428272.354173727,31859885.36693305,21463.341463414636,9428518.173844466,31859795.895889908,22438.902439024394,9428174.519467933,31858851.713250287,22438.902439024394
9428567.091197362,31860312.72273129,21951.121951219513,4.0054743689022505,9428272.354173727,31859885.36693305,21463.341463414636,9428616.00855026,31860829.54957267,21463.341463414636,9428861.828220999,31860740.078529526,22438.902439024394,9428518.173844466,31859795.895889908,22438.902439024394
9428910.745573895,31861256.90537091,21951.121951219513,2.499088896421548,9428616.00855026,31860829.54957267,21463.341463414636,9428959.662926793,31861773.732212294,21463.341463414636,9429205.482597532,31861684.261169147,22438.902439024394,9428861.828220999,31860740.078529526,22438.902439024394
9429254.399950426,31862201.08801053,21951.121951219513,2.024110480065125,9428959.662926793,31861773.732212294,21463.341463414636,9429303.317303326,31862717.914851915,21463.341463414636,9429549.136974065,31862628.443808768,22438.902439024394,9429205.482597532,31861684.261169147,22438.902439024394
9429598.05432696,31863145.27065015,21951.121951219513,2.4155424169613657,9429303.317303326,31862717.914851915,21463.341463414636,9429646.971679859,31863662.097491533,21463.341463414636,9429892.791350596,31863572.626448385,22438.902439024394,9429549.136974065,31862628.443808768,22438.902439024394
9429941.708703492,31864089.45328977,21951.121951219513,1.9490896020314,9429646.971679859,31863662.097491533,21463.341463414636,9429990.62605639,31864606.280131154,21463.341463414636,9430236.445727129,31864516.809088007,22438.902439024394,9429892.791350596,31863572.626448385,22438.902439024394
9430285.363080023,31865033.635929387,21951.121951219513,2.206882482803132,9429990.62605639,31864606.280131154,21463.341463414636,9430334.280432923,31865550.46277077,21463.341463414636,9430580.100103661,31865460.991727624,22438.902439024394,9430236.445727129,31864516.809088007,22438.902439024394
9430629.017456558,31865977.81856901,21951.121951219513,3.3936446960699467,9430334.280432923,31865550.46277077,21463.341463414636,9430677.934809456,31866494.645410392,21463.341463414636,9430923.754480194,31866405.174367245,22438.902439024394,9430580.100103661,31865460.991727624,22438.902439024394
9430972.67183309,31866922.00120863,21951.121951219513,3.6012502130344877,9430677.934809456,31866494.645410392,21463.341463414636,9431021.589185989,31867438.828050014,21463.341463414636,9431267.408856727,31867349.357006863,22438.902439024394,9430923.754480194,31866405.174367245,22438.902439024394
9431316.326209623,31867866.18384825,21951.121951219513,4.263049908007553,9431021.589185989,31867438.828050014,21463.341463414636,9431365.243562521,31868383.01068963,21463.341463414636,9431611.063233258,31868293.539646484,22438.902439024394,9431267.408856727,31867349.357006863,22438.902439024394
9431659.980586154,31868810.366487868,21951.121951219513,3.7893098869852166,9431365.243562521,31868383.01068963,21463.341463414636,9431708.897939054,31869327.193329252,21463.341463414636,9431954.717609791,31869237.722286105,22438.902439024394,9431611.063233258,31868293.539646484,22438.902439024394
9432003.634962687,31869754.549127486,21951.121951219513,4.257398913512981,9431708.897939054,31869327.193329252,21463.341463414636,9432052.552315585,31870271.37596887,21463.341463414636,9432298.371986324,31870181.904925726,22438.902439024394,9431954.717609791,31869237.722286105,22438.902439024394
9432347.28933922,31870698.731767107,21951.121951219513,4.280577877315066,9432052.552315585,31870271.37596887,21463.341463414636,9432396.206692118,31871215.55860849,21463.341463414636,9432642.026362857,31871126.087565348,22438.902439024394,9432298.371986324,31870181.904925726,22438.902439024394
9432690.943715751,31871642.914406728,21951.121951219513,4.014208767807268,9432396.206692118,31871215.55860849,21463.341463414636,9432739.861068651,31872159.741248112,21463.341463414636,9432985.68073939,31872070.27020497,22438.902439024394,9432642.026362857,31871126.087565348,22438.902439024394
9433034.598092286,31872587.09704635,21951.121951219513,3.013027044167148,9432739.861068651,31872159.741248112,21463.341463414636,9433083.515445184,31873103.92388773,21463.341463414636,9433329.335115923,31873014.452844586,22438.902439024394,9432985.68073939,31872070.27020497,22438.902439024394
9433378.252468819,31873531.27968597,21951.121951219513,2.5418710112673004,9433083.515445184,31873103.92388773,21463.341463414636,9433427.169821717,31874048.10652735,21463.341463414636,9433672.989492455,31873958.635484207,22438.902439024394,9433329.335115923,31873014.452844586,22438.902439024394
9433721.906845352,31874475.46232559,21951.121951219513,2.026322570283377,9433427.169821717,31874048.10652735,21463.341463414636,9433770.82419825,31874992.289166976,21463.341463414636,9434016.643868987,31874902.81812383,22438.902439024394,9433672.989492455,31873958.635484207,22438.902439024394
9434065.561221883,31875419.644965213,21951.121951219513,1.5801645493424001,9433770.82419825,31874992.289166976,21463.341463414636,9434114.478574783,31875936.471806593,21463.341463414636,9434360.29824552,31875847.000763446,22438.902439024394,9434016.643868987,31874902.81812383,22438.902439024394
9434409.215598416,31876363.82760483,21951.121951219513,1.2454746545794986,9434114.478574783,31875936.471806593,21463.341463414636,9434458.132951314,31876880.654446214,21463.341463414636,9434703.952622052,31876791.183403067,22438.902439024394,9434360.29824552,31875847.000763446,22438.902439024394
9434752.869974948,31877308.01024445,21951.121951219513,1.2360380455267643,9434458.132951314,31876880.654446214,21463.341463414636,9434801.787327847,31877824.837085836,21463.341463414636,9435047.606998585,31877735.36604269,22438.902439024394,9434703.952622052,31876791.183403067,22438.902439024394
9435096.52435148,31878252.192884073,21951.121951219513,1.3741605845745846,9434801.787327847,31877824.837085836,21463.341463414636,9435145.44170438,31878769.019725453,21463.341463414636,9435391.261375118,31878679.548682306,22438.902439024394,9435047.606998585,31877735.36604269,22438.902439024394
9435440.178728014,31879196.37552369,21951.121951219513,1.2511694110776346,9435145.44170438,31878769.019725453,21463.341463414636,9435489.096080912,31879713.202365074,21463.341463414636,9435734.91575165,31879623.731321927,22438.902439024394,9435391.261375118,31878679.548682306,22438.902439024394
9435783.833104545,31880140.55816331,21951.121951219513,1.3330596777569628,9435489.096080912,31879713.202365074,21463.341463414636,9435832.750457445,31880657.385004696,21463.341463414636,9436078.570128182,31880567.91396155,22438.902439024394,9435734.91575165,31879623.731321927,22438.902439024394
9436127.48748108,31881084.74080293,21951.121951219513,1.4072030964516025,9435832.750457445,31880657.385004696,21463.341463414636,9436176.404833978,31881601.567644313,21463.341463414636,9436422.224504715,31881512.096601166,22438.902439024394,9436078.570128182,31880567.91396155,22438.902439024394
9436471.141857611,31882028.92344255,21951.121951219513,1.4058031486884393,9436176.404833978,31881601.567644313,21463.341463414636,9436520.05921051,31882545.750283934,21463.341463414636,9436765.878881248,31882456.279240787,22438.902439024394,9436422.224504715,31881512.096601166,22438.902439024394
9436814.796234144,31882973.10608217,21951.121951219513,1.5653829428929267,9436520.05921051,31882545.750283934,21463.341463414636,9436863.713587042,31883489.932923555,21463.341463414636,9437109.53325778,31883400.461880412,22438.902439024394,9436765.878881248,31882456.279240787,22438.902439024394
9437158.450610677,31883917.28872179,21951.121951219513,1.9660958110512488,9436863.713587042,31883489.932923555,21463.341463414636,9437207.367963575,31884434.115563173,21463.341463414636,9437453.187634313,31884344.64452003,22438.902439024394,9437109.53325778,31883400.461880412,22438.902439024394
9437502.104987208,31884861.47136141,21951.121951219513,2.102068079231805,9437207.367963575,31884434.115563173,21463.341463414636,9437551.022340108,31885378.298202794,21463.341463414636,9437796.842010846,31885288.82715965,22438.902439024394,9437453.187634313,31884344.64452003,22438.902439024394
9437845.759363743,31885805.65400103,21951.121951219513,2.1477820447630513,9437551.022340108,31885378.298202794,21463.341463414636,9437894.67671664,31886322.48084241,21463.341463414636,9438140.496387377,31886233.009799268,22438.902439024394,9437796.842010846,31885288.82715965,22438.902439024394
9438189.413740274,31886749.836640652,21951.121951219513,1.5116293186264818,9437894.67671664,31886322.48084241,21463.341463414636,9438238.331093173,31887266.663482033,21463.341463414636,9438484.15076391,31887177.19243889,22438.902439024394,9438140.496387377,31886233.009799268,22438.902439024394
9438533.068116808,31887694.019280273,21951.121951219513,0.9655674843224255,9438238.331093173,31887266.663482033,21463.341463414636,9438581.985469704,31888210.846121654,21463.341463414636,9438827.805140443,31888121.375078507,22438.902439024394,9438484.15076391,31887177.19243889,22438.902439024394
9438876.72249334,31888638.20191989,21951.121951219513,0.6618513379593896,9438581.985469704,31888210.846121654,21463.341463414636,9438925.639846237,31889155.028761275,21463.341463414636,9439171.459516976,31889065.557718128,22438.902439024394,9438827.805140443,31888121.375078507,22438.902439024394
9439220.376869872,31889582.384559512,21951.121951219513,0.45188885371389736,9438925.639846237,31889155.028761275,21463.341463414636,9439269.29422277,31890099.211400896,21463.341463414636,9439515.113893509,31890009.74035775,22438.902439024394,9439171.459516976,31889065.557718128,22438.902439024394
9439564.031246405,31890526.56719913,21951.121951219513,0.26825903761807024,9439269.29422277,31890099.211400896,21463.341463414636,9439612.948599303,31891043.394040514,21463.341463414636,9439858.768270042,31890953.922997367,22438.902439024394,9439515.113893509,31890009.74035775,22438.902439024394
9439907.685622936,31891470.74983875,21951.121951219513,0.41990264508270586,9439612.948599303,31891043.394040514,21463.341463414636,9439956.602975836,31891987.576680135,21463.341463414636,9440202.422646573,31891898.105636988,22438.902439024394,9439858.768270042,31890953.922997367,22438.902439024394
9440251.33999947,31892414.932478372,21951.121951219513,0.41350807208232765,9439956.602975836,31891987.576680135,21463.341463414636,9440300.257352369,31892931.759319756,21463.341463414636,9440546.077023106,31892842.28827661,22438.902439024394,9440202.422646573,31891898.105636988,22438.902439024394
9440594.994376002,31893359.11511799,21951.121951219513,0.5111846429043506,9440300.257352369,31892931.759319756,21463.341463414636,9440643.911728902,31893875.941959374,21463.341463414636,9440889.731399639,31893786.470916227,22438.902439024394,9440546.077023106,31892842.28827661,22438.902439024394
9440938.648752537,31894303.29775761,21951.121951219513,0.6152669294678084,9440643.911728902,31893875.941959374,21463.341463414636,9440987.566105433,31894820.124598995,21463.341463414636,9441233.385776171,31894730.653555848,22438.902439024394,9440889.731399639,31893786.470916227,22438.902439024394
9441282.303129068,31895247.480397232,21951.121951219513,0.4572845467456678,9440987.566105433,31894820.124598995,21463.341463414636,9441331.220481966,31895764.307238616,21463.341463414636,9441577.040152704,31895674.836195465,22438.902439024394,9441233.385776171,31894730.653555848,22438.902439024394
9441625.9575056,31896191.66303685,21951.121951219513,0.3032548303888922,9441331.220481966,31895764.307238616,21463.341463414636,9441674.874858499,31896708.489878234,21463.341463414636,9441920.694529237,31896619.01883509,22438.902439024394,9441577.040152704,31895674.836195465,22438.902439024394
9441969.611882133,31897135.84567647,21951.121951219513,0.2349234205096094,9441674.874858499,31896708.489878234,21463.341463414636,9442018.529235031,31897652.672517855,21463.341463414636,9442264.34890577,31897563.20147471,22438.902439024394,9441920.694529237,31896619.01883509,22438.902439024394
9442313.266258664,31898080.02831609,21951.121951219513,0.1719718389248895,9442018.529235031,31897652.672517855,21463.341463414636,9442362.183611564,31898596.855157472,21463.341463414636,9442608.003282301,31898507.38411433,22438.902439024394,9442264.34890577,31897563.20147471,22438.902439024394
9442656.9206352,31899024.210955713,21951.121951219513,0.17638883635517666,9442362.183611564,31898596.855157472,21463.341463414636,9442705.837988097,31899541.037797093,21463.341463414636,9442951.657658834,31899451.56675395,22438.902439024394,9442608.003282301,31898507.38411433,22438.902439024394
9443000.57501173,31899968.393595334,21951.121951219513,0.2958043076501645,9442705.837988097,31899541.037797093,21463.341463414636,9443049.49236463,31900485.220436715,21463.341463414636,9443295.312035367,31900395.74939357,22438.902439024394,9442951.657658834,31899451.56675395,22438.902439024394
9443344.229388265,31900912.57623495,21951.121951219513,0.3130187477533636,9443049.49236463,31900485.220436715,21463.341463414636,9443393.146741161,31901429.403076336,21463.341463414636,9443638.9664119,31901339.93203319,22438.902439024394,9443295.312035367,31900395.74939357,22438.902439024394
9443687.883764796,31901856.758874573,21951.121951219513,0.11787663115897119,9443393.146741161,31901429.403076336,21463.341463414636,9443736.801117694,31902373.585715957,21463.341463414636,9443982.620788433,31902284.11467281,22438.902439024394,9443638.9664119,31901339.93203319,22438.902439024394
9418159.625195593,31830953.58985992,22926.68292682927,1.859436975112379,9417864.888171956,31830526.234061684,22438.902439024394,9418208.542548489,31831470.416701306,22438.902439024394,9418454.362219227,31831380.94565816,23414.46341463415,9418110.707842695,31830436.763018537,23414.46341463415
9418503.279572124,31831897.77249954,22926.68292682927,2.6446245135282487,9418208.542548489,31831470.416701306,22438.902439024394,9418552.196925022,31832414.599340923,22438.902439024394,9418798.01659576,31832325.128297776,23414.46341463415,9418454.362219227,31831380.94565816,23414.46341463415
9418846.933948658,31832841.95513916,22926.68292682927,3.35590667817807,9418552.196925022,31832414.599340923,22438.902439024394,9418895.851301553,31833358.781980544,22438.902439024394,9419141.670972293,31833269.310937397,23414.46341463415,9418798.01659576,31832325.128297776,23414.46341463415
9419190.58832519,31833786.13777878,22926.68292682927,2.340270019061224,9418895.851301553,31833358.781980544,22438.902439024394,9419239.505678086,31834302.964620166,22438.902439024394,9419485.325348826,31834213.49357702,23414.46341463415,9419141.670972293,31833269.310937397,23414.46341463415
9419534.242701722,31834730.320418403,22926.68292682927,1.9964861476773341,9419239.505678086,31834302.964620166,22438.902439024394,9419583.160054618,31835247.147259783,22438.902439024394,9419828.979725359,31835157.676216636,23414.46341463415,9419485.325348826,31834213.49357702,23414.46341463415
9419877.897078255,31835674.50305802,22926.68292682927,2.750574746086819,9419583.160054618,31835247.147259783,22438.902439024394,9419926.814431151,31836191.329899404,22438.902439024394,9420172.634101892,31836101.858856257,23414.46341463415,9419828.979725359,31835157.676216636,23414.46341463415
9420221.551454786,31836618.68569764,22926.68292682927,4.405153000304312,9419926.814431151,31836191.329899404,22438.902439024394,9420270.468807684,31837135.512539025,22438.902439024394,9420516.288478423,31837046.04149588,23414.46341463415,9420172.634101892,31836101.858856257,23414.46341463415
9420565.205831321,31837562.868337262,22926.68292682927,6.723087876633479,9420270.468807684,31837135.512539025,22438.902439024394,9420614.123184217,31838079.695178643,22438.902439024394,9420859.942854956,31837990.224135496,23414.46341463415,9420516.288478423,31837046.04149588,23414.46341463415
9420908.860207852,31838507.05097688,22926.68292682927,8.256269462324765,9420614.123184217,31838079.695178643,22438.902439024394,9420957.77756075,31839023.877818264,22438.902439024394,9421203.597231489,31838934.40677512,23414.46341463415,9420859.942854956,31837990.224135496,23414.46341463415
9421252.514584387,31839451.2336165,22926.68292682927,7.621880018151851,9420957.77756075,31839023.877818264,22438.902439024394,9421301.431937281,31839968.060457885,22438.902439024394,9421547.251608022,31839878.58941474,23414.46341463415,9421203.597231489,31838934.40677512,23414.46341463415
9421596.168960918,31840395.41625612,22926.68292682927,8.430204982430139,9421301.431937281,31839968.060457885,22438.902439024394,9421645.086313814,31840912.243097503,22438.902439024394,9421890.905984554,31840822.77205436,23414.46341463415,9421547.251608022,31839878.58941474,23414.46341463415
9421939.823337449,31841339.59889574,22926.68292682927,9.738424885073703,9421645.086313814,31840912.243097503,22438.902439024394,9421988.740690347,31841856.42573712,22438.902439024394,9422234.560361085,31841766.954693977,23414.46341463415,9421890.905984554,31840822.77205436,23414.46341463415
9422283.477713984,31842283.78153536,22926.68292682927,9.530955591219385,9421988.740690347,31841856.42573712,22438.902439024394,9422332.39506688,31842800.60837674,22438.902439024394,9422578.214737618,31842711.137333598,23414.46341463415,9422234.560361085,31841766.954693977,23414.46341463415
9422627.132090515,31843227.964174982,22926.68292682927,9.87331758428874,9422332.39506688,31842800.60837674,22438.902439024394,9422676.04944341,31843744.791016366,22438.902439024394,9422921.869114151,31843655.31997322,23414.46341463415,9422578.214737618,31842711.137333598,23414.46341463415
9422970.786467047,31844172.1468146,22926.68292682927,8.834220763943541,9422676.04944341,31843744.791016366,22438.902439024394,9423019.703819944,31844688.973655984,22438.902439024394,9423265.523490684,31844599.502612837,23414.46341463415,9422921.869114151,31843655.31997322,23414.46341463415
9423314.44084358,31845116.32945422,22926.68292682927,8.785927873536401,9423019.703819944,31844688.973655984,22438.902439024394,9423363.358196476,31845633.156295605,22438.902439024394,9423609.177867217,31845543.685252458,23414.46341463415,9423265.523490684,31844599.502612837,23414.46341463415
9423658.095220111,31846060.512093842,22926.68292682927,8.767386492811383,9423363.358196476,31845633.156295605,22438.902439024394,9423707.01257301,31846577.338935226,22438.902439024394,9423952.83224375,31846487.86789208,23414.46341463415,9423609.177867217,31845543.685252458,23414.46341463415
9424001.749596646,31847004.694733463,22926.68292682927,7.179685834473943,9423707.01257301,31846577.338935226,22438.902439024394,9424050.666949542,31847521.521574844,22438.902439024394,9424296.48662028,31847432.050531697,23414.46341463415,9423952.83224375,31846487.86789208,23414.46341463415
9424345.403973177,31847948.87737308,22926.68292682927,7.623396643331708,9424050.666949542,31847521.521574844,22438.902439024394,9424394.321326075,31848465.704214465,22438.902439024394,9424640.140996814,31848376.233171318,23414.46341463415,9424296.48662028,31847432.050531697,23414.46341463415
9424689.058349712,31848893.060012702,22926.68292682927,7.293998476999766,9424394.321326075,31848465.704214465,22438.902439024394,9424737.975702608,31849409.886854086,22438.902439024394,9424983.795373347,31849320.41581094,23414.46341463415,9424640.140996814,31848376.233171318,23414.46341463415
9425032.712726243,31849837.24265232,22926.68292682927,5.873415825543071,9424737.975702608,31849409.886854086,22438.902439024394,9425081.630079139,31850354.069493704,22438.902439024394,9425327.44974988,31850264.598450556,23414.46341463415,9424983.795373347,31849320.41581094,23414.46341463415
9425376.367102776,31850781.42529194,22926.68292682927,3.750488027066418,9425081.630079139,31850354.069493704,22438.902439024394,9425425.284455672,31851298.252133325,22438.902439024394,9425671.104126412,31851208.781090178,23414.46341463415,9425327.44974988,31850264.598450556,23414.46341463415
9425720.021479309,31851725.607931558,22926.68292682927,2.496147369211657,9425425.284455672,31851298.252133325,22438.902439024394,9425768.938832205,31852242.434772946,22438.902439024394,9426014.758502945,31852152.9637298,23414.46341463415,9425671.104126412,31851208.781090178,23414.46341463415
9426063.67585584,31852669.79057118,22926.68292682927,1.8814227305772535,9425768.938832205,31852242.434772946,22438.902439024394,9426112.593208738,31853186.617412563,22438.902439024394,9426358.412879478,31853097.14636942,23414.46341463415,9426014.758502945,31852152.9637298,23414.46341463415
9426407.330232374,31853613.9732108,22926.68292682927,1.137597801401255,9426112.593208738,31853186.617412563,22438.902439024394,9426456.24758527,31854130.800052185,22438.902439024394,9426702.06725601,31854041.32900904,23414.46341463415,9426358.412879478,31853097.14636942,23414.46341463415
9426750.984608905,31854558.155850425,22926.68292682927,0.9349773622966397,9426456.24758527,31854130.800052185,22438.902439024394,9426799.901961803,31855074.982691806,22438.902439024394,9427045.721632542,31854985.51164866,23414.46341463415,9426702.06725601,31854041.32900904,23414.46341463415
9427094.63898544,31855502.338490043,22926.68292682927,0.6718896624461336,9426799.901961803,31855074.982691806,22438.902439024394,9427143.556338336,31856019.165331423,22438.902439024394,9427389.376009075,31855929.69428828,23414.46341463415,9427045.721632542,31854985.51164866,23414.46341463415
9427438.293361971,31856446.521129664,22926.68292682927,0.8593085967680245,9427143.556338336,31856019.165331423,22438.902439024394,9427487.210714867,31856963.34797105,22438.902439024394,9427733.030385608,31856873.8769279,23414.46341463415,9427389.376009075,31855929.69428828,23414.46341463415
9427781.947738504,31857390.703769285,22926.68292682927,1.4073429772685229,9427487.210714867,31856963.34797105,22438.902439024394,9427830.8650914,31857907.530610666,22438.902439024394,9428076.68476214,31857818.05956752,23414.46341463415,9427733.030385608,31856873.8769279,23414.46341463415
9428125.602115037,31858334.886408903,22926.68292682927,1.963222772645764,9427830.8650914,31857907.530610666,22438.902439024394,9428174.519467933,31858851.713250287,22438.902439024394,9428420.339138674,31858762.24220714,23414.46341463415,9428076.68476214,31857818.05956752,23414.46341463415
9428469.256491568,31859279.069048524,22926.68292682927,3.138660704267347,9428174.519467933,31858851.713250287,22438.902439024394,9428518.173844466,31859795.895889908,22438.902439024394,9428763.993515207,31859706.42484676,23414.46341463415,9428420.339138674,31858762.24220714,23414.46341463415
9428812.910868103,31860223.25168814,22926.68292682927,3.147768444381801,9428518.173844466,31859795.895889908,22438.902439024394,9428861.828220999,31860740.078529526,22438.902439024394,9429107.647891738,31860650.60748638,23414.46341463415,9428763.993515207,31859706.42484676,23414.46341463415
9429156.565244634,31861167.434327763,22926.68292682927,2.711468560856664,9428861.828220999,31860740.078529526,22438.902439024394,9429205.482597532,31861684.261169147,22438.902439024394,9429451.30226827,31861594.790126,23414.46341463415,9429107.647891738,31860650.60748638,23414.46341463415
9429500.219621168,31862111.616967384,22926.68292682927,2.979368987257979,9429205.482597532,31861684.261169147,22438.902439024394,9429549.136974065,31862628.443808768,22438.902439024394,9429794.956644803,31862538.97276562,23414.46341463415,9429451.30226827,31861594.790126,23414.46341463415
9429843.8739977,31863055.799607,22926.68292682927,2.643563547573129,9429549.136974065,31862628.443808768,22438.902439024394,9429892.791350596,31863572.626448385,22438.902439024394,9430138.611021336,31863483.15540524,23414.46341463415,9429794.956644803,31862538.97276562,23414.46341463415
9430187.528374232,31863999.982246622,22926.68292682927,2.476453998947028,9429892.791350596,31863572.626448385,22438.902439024394,9430236.445727129,31864516.809088007,22438.902439024394,9430482.265397867,31864427.33804486,23414.46341463415,9430138.611021336,31863483.15540524,23414.46341463415
9430531.182750765,31864944.16488624,22926.68292682927,2.9396348269215933,9430236.445727129,31864516.809088007,22438.902439024394,9430580.100103661,31865460.991727624,22438.902439024394,9430825.9197744,31865371.52068448,23414.46341463415,9430482.265397867,31864427.33804486,23414.46341463415
9430874.837127296,31865888.34752586,22926.68292682927,3.977838652949166,9430580.100103661,31865460.991727624,22438.902439024394,9430923.754480194,31866405.174367245,22438.902439024394,9431169.574150931,31866315.703324102,23414.46341463415,9430825.9197744,31865371.52068448,23414.46341463415
9431218.491503831,31866832.530165482,22926.68292682927,5.357529021444873,9430923.754480194,31866405.174367245,22438.902439024394,9431267.408856727,31867349.357006863,22438.902439024394,9431513.228527464,31867259.88596372,23414.46341463415,9431169.574150931,31866315.703324102,23414.46341463415
9431562.145880362,31867776.712805104,22926.68292682927,6.012339307156631,9431267.408856727,31867349.357006863,22438.902439024394,9431611.063233258,31868293.539646484,22438.902439024394,9431856.882903997,31868204.06860334,23414.46341463415,9431513.228527464,31867259.88596372,23414.46341463415
9431905.800256893,31868720.895444725,22926.68292682927,7.081161988154584,9431611.063233258,31868293.539646484,22438.902439024394,9431954.717609791,31869237.722286105,22438.902439024394,9432200.53728053,31869148.25124296,23414.46341463415,9431856.882903997,31868204.06860334,23414.46341463415
9432249.454633428,31869665.078084342,22926.68292682927,5.715132151781003,9431954.717609791,31869237.722286105,22438.902439024394,9432298.371986324,31870181.904925726,22438.902439024394,9432544.191657063,31870092.43388258,23414.46341463415,9432200.53728053,31869148.25124296,23414.46341463415
9432593.10900996,31870609.260723963,22926.68292682927,4.400119285969394,9432298.371986324,31870181.904925726,22438.902439024394,9432642.026362857,31871126.087565348,22438.902439024394,9432887.846033596,31871036.6165222,23414.46341463415,9432544.191657063,31870092.43388258,23414.46341463415
9432936.763386494,31871553.443363585,22926.68292682927,3.8672070161864047,9432642.026362857,31871126.087565348,22438.902439024394,9432985.68073939,31872070.27020497,22438.902439024394,9433231.500410127,31871980.79916182,23414.46341463415,9432887.846033596,31871036.6165222,23414.46341463415
9433280.417763025,31872497.626003202,22926.68292682927,4.0491653014254325,9432985.68073939,31872070.27020497,22438.902439024394,9433329.335115923,31873014.452844586,22438.902439024394,9433575.15478666,31872924.98180144,23414.46341463415,9433231.500410127,31871980.79916182,23414.46341463415
9433624.07213956,31873441.808642823,22926.68292682927,3.8492373510085667,9433329.335115923,31873014.452844586,22438.902439024394,9433672.989492455,31873958.635484207,22438.902439024394,9433918.809163192,31873869.16444106,23414.46341463415,9433575.15478666,31872924.98180144,23414.46341463415
9433967.72651609,31874385.991282444,22926.68292682927,3.4738634147646037,9433672.989492455,31873958.635484207,22438.902439024394,9434016.643868987,31874902.81812383,22438.902439024394,9434262.463539725,31874813.34708068,23414.46341463415,9433918.809163192,31873869.16444106,23414.46341463415
9434311.380892621,31875330.173922066,22926.68292682927,2.6215232907340518,9434016.643868987,31874902.81812383,22438.902439024394,9434360.29824552,31875847.000763446,22438.902439024394,9434606.117916258,31875757.5297203,23414.46341463415,9434262.463539725,31874813.34708068,23414.46341463415
9434655.035269156,31876274.356561683,22926.68292682927,2.347702790680235,9434360.29824552,31875847.000763446,22438.902439024394,9434703.952622052,31876791.183403067,22438.902439024394,9434949.772292791,31876701.71235992,23414.46341463415,9434606.117916258,31875757.5297203,23414.46341463415
9434998.689645689,31877218.539201304,22926.68292682927,2.096089819372604,9434703.952622052,31876791.183403067,22438.902439024394,9435047.606998585,31877735.36604269,22438.902439024394,9435293.426669324,31877645.89499954,23414.46341463415,9434949.772292791,31876701.71235992,23414.46341463415
9435342.344022222,31878162.721840926,22926.68292682927,2.436968614105254,9435047.606998585,31877735.36604269,22438.902439024394,9435391.261375118,31878679.548682306,22438.902439024394,9435637.081045855,31878590.077639163,23414.46341463415,9435293.426669324,31877645.89499954,23414.46341463415
9435685.998398753,31879106.904480543,22926.68292682927,2.4540384064118266,9435391.261375118,31878679.548682306,22438.902439024394,9435734.91575165,31879623.731321927,22438.902439024394,9435980.735422388,31879534.260278784,23414.46341463415,9435637.081045855,31878590.077639163,23414.46341463415
9436029.652775286,31880051.087120164,22926.68292682927,2.808856813582728,9435734.91575165,31879623.731321927,22438.902439024394,9436078.570128182,31880567.91396155,22438.902439024394,9436324.38979892,31880478.442918405,23414.46341463415,9435980.735422388,31879534.260278784,23414.46341463415
9436373.307151819,31880995.269759785,22926.68292682927,2.8136763685595554,9436078.570128182,31880567.91396155,22438.902439024394,9436422.224504715,31881512.096601166,22438.902439024394,9436668.044175453,31881422.625558022,23414.46341463415,9436324.38979892,31880478.442918405,23414.46341463415
9436716.96152835,31881939.452399407,22926.68292682927,2.489628614038739,9436422.224504715,31881512.096601166,22438.902439024394,9436765.878881248,31882456.279240787,22438.902439024394,9437011.698551986,31882366.808197644,23414.46341463415,9436668.044175453,31881422.625558022,23414.46341463415
9437060.615904884,31882883.635039028,22926.68292682927,2.31814466104723,9436765.878881248,31882456.279240787,22438.902439024394,9437109.53325778,31883400.461880412,22438.902439024394,9437355.35292852,31883310.99083726,23414.46341463415,9437011.698551986,31882366.808197644,23414.46341463415
9437404.270281415,31883827.817678645,22926.68292682927,2.1580132324034036,9437109.53325778,31883400.461880412,22438.902439024394,9437453.187634313,31884344.64452003,22438.902439024394,9437699.00730505,31884255.173476882,23414.46341463415,9437355.35292852,31883310.99083726,23414.46341463415
9437747.92465795,31884772.000318266,22926.68292682927,2.083130234357737,9437453.187634313,31884344.64452003,22438.902439024394,9437796.842010846,31885288.82715965,22438.902439024394,9438042.661681583,31885199.356116503,23414.46341463415,9437699.00730505,31884255.173476882,23414.46341463415
9438091.579034481,31885716.182957884,22926.68292682927,1.3716089860266374,9437796.842010846,31885288.82715965,22438.902439024394,9438140.496387377,31886233.009799268,22438.902439024394,9438386.316058116,31886143.53875612,23414.46341463415,9438042.661681583,31885199.356116503,23414.46341463415
9438435.233411014,31886660.365597505,22926.68292682927,1.3419836447069378,9438140.496387377,31886233.009799268,22438.902439024394,9438484.15076391,31887177.19243889,22438.902439024394,9438729.970434649,31887087.721395742,23414.46341463415,9438386.316058116,31886143.53875612,23414.46341463415
9438778.887787547,31887604.548237126,22926.68292682927,1.2949708336922676,9438484.15076391,31887177.19243889,22438.902439024394,9438827.805140443,31888121.375078507,22438.902439024394,9439073.624811182,31888031.90403536,23414.46341463415,9438729.970434649,31887087.721395742,23414.46341463415
9439122.542164078,31888548.730876744,22926.68292682927,0.6711454044607237,9438827.805140443,31888121.375078507,22438.902439024394,9439171.459516976,31889065.557718128,22438.902439024394,9439417.279187713,31888976.08667498,23414.46341463415,9439073.624811182,31888031.90403536,23414.46341463415
9439466.196540613,31889492.913516365,22926.68292682927,0.50368560319028,9439171.459516976,31889065.557718128,22438.902439024394,9439515.113893509,31890009.74035775,22438.902439024394,9439760.933564246,31889920.269314602,23414.46341463415,9439417.279187713,31888976.08667498,23414.46341463415
9439809.850917144,31890437.096155982,22926.68292682927,0.5604123111300363,9439515.113893509,31890009.74035775,22438.902439024394,9439858.768270042,31890953.922997367,22438.902439024394,9440104.587940779,31890864.45195422,23414.46341463415,9439760.933564246,31889920.269314602,23414.46341463415
9440153.505293678,31891381.278795604,22926.68292682927,0.6592619770476025,9439858.768270042,31890953.922997367,22438.902439024394,9440202.422646573,31891898.105636988,22438.902439024394,9440448.242317311,31891808.634593844,23414.46341463415,9440104.587940779,31890864.45195422,23414.46341463415
9440497.15967021,31892325.46143522,22926.68292682927,0.6137570892964033,9440202.422646573,31891898.105636988,22438.902439024394,9440546.077023106,31892842.28827661,22438.902439024394,9440791.896693844,31892752.817233462,23414.46341463415,9440448.242317311,31891808.634593844,23414.46341463415
9440840.814046742,31893269.644074842,22926.68292682927,0.6038663726079672,9440546.077023106,31892842.28827661,22438.902439024394,9440889.731399639,31893786.470916227,22438.902439024394,9441135.551070377,31893696.999873083,23414.46341463415,9440791.896693844,31892752.817233462,23414.46341463415
9441184.468423275,31894213.826714467,22926.68292682927,0.5206708124473534,9440889.731399639,31893786.470916227,22438.902439024394,9441233.385776171,31894730.653555848,22438.902439024394,9441479.20544691,31894641.182512704,23414.46341463415,9441135.551070377,31893696.999873083,23414.46341463415
9441528.122799806,31895158.00935409,22926.68292682927,0.5091908341440746,9441233.385776171,31894730.653555848,22438.902439024394,9441577.040152704,31895674.836195465,22438.902439024394,9441822.859823441,31895585.36515232,23414.46341463415,9441479.20544691,31894641.182512704,23414.46341463415
9441871.777176341,31896102.191993706,22926.68292682927,0.477598027743348,9441577.040152704,31895674.836195465,22438.902439024394,9441920.694529237,31896619.01883509,22438.902439024394,9442166.514199974,31896529.547791943,23414.46341463415,9441822.859823441,31895585.36515232,23414.46341463415
9442215.431552872,31897046.374633327,22926.68292682927,0.45174497505189815,9441920.694529237,31896619.01883509,22438.902439024394,9442264.34890577,31897563.20147471,22438.902439024394,9442510.168576507,31897473.730431564,23414.46341463415,9442166.514199974,31896529.547791943,23414.46341463415
9442559.085929407,31897990.55727295,22926.68292682927,0.44743400166356223,9442264.34890577,31897563.20147471,22438.902439024394,9442608.003282301,31898507.38411433,22438.902439024394,9442853.82295304,31898417.91307118,23414.46341463415,9442510.168576507,31897473.730431564,23414.46341463415
9442902.740305938,31898934.739912566,22926.68292682927,0.39292396304421295,9442608.003282301,31898507.38411433,22438.902439024394,9442951.657658834,31899451.56675395,22438.902439024394,9443197.477329573,31899362.095710803,23414.46341463415,9442853.82295304,31898417.91307118,23414.46341463415
9443246.39468247,31899878.922552187,22926.68292682927,0.3409359070428503,9442951.657658834,31899451.56675395,22438.902439024394,9443295.312035367,31900395.74939357,22438.902439024394,9443541.131706106,31900306.278350424,23414.46341463415,9443197.477329573,31899362.095710803,23414.46341463415
9443590.049059004,31900823.105191804,22926.68292682927,0.31671189021739127,9443295.312035367,31900395.74939357,22438.902439024394,9443638.9664119,31901339.93203319,22438.902439024394,9443884.786082638,31901250.46099004,23414.46341463415,9443541.131706106,31900306.278350424,23414.46341463415
9443933.703435535,31901767.287831426,22926.68292682927,0.4067336008594287,9443638.9664119,31901339.93203319,22438.902439024394,9443982.620788433,31902284.11467281,22438.902439024394,9444228.44045917,31902194.643629663,23414.46341463415,9443884.786082638,31901250.46099004,23414.46341463415
9418405.44486633,31830864.118816774,23902.24390243903,2.5520301150390527,9418110.707842695,31830436.763018537,23414.46341463415,9418454.362219227,31831380.94565816,23414.46341463415,9418700.181889966,31831291.47461501,24390.024390243903,9418356.527513433,31830347.29197539,24390.024390243903
9418749.099242862,31831808.30145639,23902.24390243903,3.40115397242106,9418454.362219227,31831380.94565816,23414.46341463415,9418798.01659576,31832325.128297776,23414.46341463415,9419043.836266499,31832235.65725463,24390.024390243903,9418700.181889966,31831291.47461501,24390.024390243903
9419092.753619395,31832752.484096013,23902.24390243903,3.9770575337280842,9418798.01659576,31832325.128297776,23414.46341463415,9419141.670972293,31833269.310937397,23414.46341463415,9419387.490643032,31833179.839894254,24390.024390243903,9419043.836266499,31832235.65725463,24390.024390243903
9419436.407995926,31833696.666735634,23902.24390243903,4.2945693211180815,9419141.670972293,31833269.310937397,23414.46341463415,9419485.325348826,31834213.49357702,23414.46341463415,9419731.145019563,31834124.022533875,24390.024390243903,9419387.490643032,31833179.839894254,24390.024390243903
9419780.062372461,31834640.849375255,23902.24390243903,4.660811541842751,9419485.325348826,31834213.49357702,23414.46341463415,9419828.979725359,31835157.676216636,23414.46341463415,9420074.799396096,31835068.205173492,24390.024390243903,9419731.145019563,31834124.022533875,24390.024390243903
9420123.716748992,31835585.032014877,23902.24390243903,4.6192570108267565,9419828.979725359,31835157.676216636,23414.46341463415,9420172.634101892,31836101.858856257,23414.46341463415,9420418.453772629,31836012.387813114,24390.024390243903,9420074.799396096,31835068.205173492,24390.024390243903
9420467.371125527,31836529.214654498,23902.24390243903,6.645810971615312,9420172.634101892,31836101.858856257,23414.46341463415,9420516.288478423,31837046.04149588,23414.46341463415,9420762.108149162,31836956.570452735,24390.024390243903,9420418.453772629,31836012.387813114,24390.024390243903
9420811.025502058,31837473.39729412,23902.24390243903,9.036133260398513,9420516.288478423,31837046.04149588,23414.46341463415,9420859.942854956,31837990.224135496,23414.46341463415,9421105.762525694,31837900.753092352,24390.024390243903,9420762.108149162,31836956.570452735,24390.024390243903
9421154.67987859,31838417.579933736,23902.24390243903,9.831267407753781,9420859.942854956,31837990.224135496,23414.46341463415,9421203.597231489,31838934.40677512,23414.46341463415,9421449.416902227,31838844.935731973,24390.024390243903,9421105.762525694,31837900.753092352,24390.024390243903
9421498.334255124,31839361.762573354,23902.24390243903,9.617957701294001,9421203.597231489,31838934.40677512,23414.46341463415,9421547.251608022,31839878.58941474,23414.46341463415,9421793.07127876,31839789.11837159,24390.024390243903,9421449.416902227,31838844.935731973,24390.024390243903
9421841.988631655,31840305.945212975,23902.24390243903,9.59545951294024,9421547.251608022,31839878.58941474,23414.46341463415,9421890.905984554,31840822.77205436,23414.46341463415,9422136.725655291,31840733.301011212,24390.024390243903,9421793.07127876,31839789.11837159,24390.024390243903
9422185.643008187,31841250.127852593,23902.24390243903,9.890589046066225,9421890.905984554,31840822.77205436,23414.46341463415,9422234.560361085,31841766.954693977,23414.46341463415,9422480.380031824,31841677.48365083,24390.024390243903,9422136.725655291,31840733.301011212,24390.024390243903
9422529.29738472,31842194.310492214,23902.24390243903,9.044064468192577,9422234.560361085,31841766.954693977,23414.46341463415,9422578.214737618,31842711.137333598,23414.46341463415,9422824.034408357,31842621.66629045,24390.024390243903,9422480.380031824,31841677.48365083,24390.024390243903
9422872.951761251,31843138.493131835,23902.24390243903,8.222096497880921,9422578.214737618,31842711.137333598,23414.46341463415,9422921.869114151,31843655.31997322,23414.46341463415,9423167.68878489,31843565.848930072,24390.024390243903,9422824.034408357,31842621.66629045,24390.024390243903
9423216.606137786,31844082.675771452,23902.24390243903,7.56752475506807,9422921.869114151,31843655.31997322,23414.46341463415,9423265.523490684,31844599.502612837,23414.46341463415,9423511.343161423,31844510.03156969,24390.024390243903,9423167.68878489,31843565.848930072,24390.024390243903
9423560.260514317,31845026.858411074,23902.24390243903,7.317231509483009,9423265.523490684,31844599.502612837,23414.46341463415,9423609.177867217,31845543.685252458,23414.46341463415,9423854.997537954,31845454.21420931,24390.024390243903,9423511.343161423,31844510.03156969,24390.024390243903
9423903.914890852,31845971.041050695,23902.24390243903,6.5755342983081215,9423609.177867217,31845543.685252458,23414.46341463415,9423952.83224375,31846487.86789208,23414.46341463415,9424198.651914487,31846398.396848932,24390.024390243903,9423854.997537954,31845454.21420931,24390.024390243903
9424247.569267383,31846915.223690316,23902.24390243903,7.067119944631599,9423952.83224375,31846487.86789208,23414.46341463415,9424296.48662028,31847432.050531697,23414.46341463415,9424542.30629102,31847342.579488553,24390.024390243903,9424198.651914487,31846398.396848932,24390.024390243903
9424591.223643916,31847859.406329934,23902.24390243903,6.4802184499198985,9424296.48662028,31847432.050531697,23414.46341463415,9424640.140996814,31848376.233171318,23414.46341463415,9424885.960667552,31848286.762128174,24390.024390243903,9424542.30629102,31847342.579488553,24390.024390243903
9424934.878020449,31848803.588969555,23902.24390243903,5.962383239277054,9424640.140996814,31848376.233171318,23414.46341463415,9424983.795373347,31849320.41581094,23414.46341463415,9425229.615044085,31849230.94476779,24390.024390243903,9424885.960667552,31848286.762128174,24390.024390243903
9425278.53239698,31849747.771609176,23902.24390243903,4.104421522249468,9424983.795373347,31849320.41581094,23414.46341463415,9425327.44974988,31850264.598450556,23414.46341463415,9425573.269420618,31850175.127407413,24390.024390243903,9425229.615044085,31849230.94476779,24390.024390243903
9425622.186773514,31850691.954248797,23902.24390243903,2.544603811187907,9425327.44974988,31850264.598450556,23414.46341463415,9425671.104126412,31851208.781090178,23414.46341463415,9425916.92379715,31851119.310047034,24390.024390243903,9425573.269420618,31850175.127407413,24390.024390243903
9425965.841150045,31851636.136888415,23902.24390243903,2.260692748658663,9425671.104126412,31851208.781090178,23414.46341463415,9426014.758502945,31852152.9637298,23414.46341463415,9426260.578173682,31852063.49268665,24390.024390243903,9425916.92379715,31851119.310047034,24390.024390243903
9426309.49552658,31852580.319528036,23902.24390243903,1.3608552266003142,9426014.758502945,31852152.9637298,23414.46341463415,9426358.412879478,31853097.14636942,23414.46341463415,9426604.232550215,31853007.675326273,24390.024390243903,9426260.578173682,31852063.49268665,24390.024390243903
9426653.149903111,31853524.502167657,23902.24390243903,0.9205419990858852,9426358.412879478,31853097.14636942,23414.46341463415,9426702.06725601,31854041.32900904,23414.46341463415,9426947.886926748,31853951.857965894,24390.024390243903,9426604.232550215,31853007.675326273,24390.024390243903
9426996.804279644,31854468.68480728,23902.24390243903,0.6634562724040327,9426702.06725601,31854041.32900904,23414.46341463415,9427045.721632542,31854985.51164866,23414.46341463415,9427291.54130328,31854896.04060551,24390.024390243903,9426947.886926748,31853951.857965894,24390.024390243903
9427340.458656177,31855412.867446896,23902.24390243903,0.9636285729580844,9427045.721632542,31854985.51164866,23414.46341463415,9427389.376009075,31855929.69428828,23414.46341463415,9427635.195679814,31855840.223245133,24390.024390243903,9427291.54130328,31854896.04060551,24390.024390243903
9427684.113032708,31856357.050086517,23902.24390243903,1.2250703009846837,9427389.376009075,31855929.69428828,23414.46341463415,9427733.030385608,31856873.8769279,23414.46341463415,9427978.850056347,31856784.405884754,24390.024390243903,9427635.195679814,31855840.223245133,24390.024390243903
9428027.767409243,31857301.232726138,23902.24390243903,1.2464757490322795,9427733.030385608,31856873.8769279,23414.46341463415,9428076.68476214,31857818.05956752,23414.46341463415,9428322.504432878,31857728.58852437,24390.024390243903,9427978.850056347,31856784.405884754,24390.024390243903
9428371.421785774,31858245.415365756,23902.24390243903,1.6736885657160931,9428076.68476214,31857818.05956752,23414.46341463415,9428420.339138674,31858762.24220714,23414.46341463415,9428666.15880941,31858672.771163993,24390.024390243903,9428322.504432878,31857728.58852437,24390.024390243903
9428715.076162308,31859189.598005377,23902.24390243903,2.2472690251547762,9428420.339138674,31858762.24220714,23414.46341463415,9428763.993515207,31859706.42484676,23414.46341463415,9429009.813185943,31859616.953803614,24390.024390243903,9428666.15880941,31858672.771163993,24390.024390243903
9429058.73053884,31860133.780644994,23902.24390243903,2.6757388886130586,9428763.993515207,31859706.42484676,23414.46341463415,9429107.647891738,31860650.60748638,23414.46341463415,9429353.467562476,31860561.136443235,24390.024390243903,9429009.813185943,31859616.953803614,24390.024390243903
9429402.384915372,31861077.963284615,23902.24390243903,2.0552798361873936,9429107.647891738,31860650.60748638,23414.46341463415,9429451.30226827,31861594.790126,23414.46341463415,9429697.121939009,31861505.319082856,24390.024390243903,9429353.467562476,31860561.136443235,24390.024390243903
9429746.039291905,31862022.145924237,23902.24390243903,2.311363938094342,9429451.30226827,31861594.790126,23414.46341463415,9429794.956644803,31862538.97276562,23414.46341463415,9430040.776315542,31862449.501722477,24390.024390243903,9429697.121939009,31861505.319082856,24390.024390243903
9430089.693668436,31862966.328563858,23902.24390243903,2.5152342779126333,9429794.956644803,31862538.97276562,23414.46341463415,9430138.611021336,31863483.15540524,23414.46341463415,9430384.430692073,31863393.684362095,24390.024390243903,9430040.776315542,31862449.501722477,24390.024390243903
9430433.348044971,31863910.511203475,23902.24390243903,2.263632773970204,9430138.611021336,31863483.15540524,23414.46341463415,9430482.265397867,31864427.33804486,23414.46341463415,9430728.085068606,31864337.867001712,24390.024390243903,9430384.430692073,31863393.684362095,24390.024390243903
9430777.002421502,31864854.693843096,23902.24390243903,2.243566180972877,9430482.265397867,31864427.33804486,23414.46341463415,9430825.9197744,31865371.52068448,23414.46341463415,9431071.739445139,31865282.049641334,24390.024390243903,9430728.085068606,31864337.867001712,24390.024390243903
9431120.656798033,31865798.876482718,23902.24390243903,4.012065095152508,9430825.9197744,31865371.52068448,23414.46341463415,9431169.574150931,31866315.703324102,23414.46341463415,9431415.393821672,31866226.232280955,24390.024390243903,9431071.739445139,31865282.049641334,24390.024390243903
9431464.311174568,31866743.05912234,23902.24390243903,7.3102524553315655,9431169.574150931,31866315.703324102,23414.46341463415,9431513.228527464,31867259.88596372,23414.46341463415,9431759.048198204,31867170.414920572,24390.024390243903,9431415.393821672,31866226.232280955,24390.024390243903
9431807.9655511,31867687.241761956,23902.24390243903,8.807487877094376,9431513.228527464,31867259.88596372,23414.46341463415,9431856.882903997,31868204.06860334,23414.46341463415,9432102.702574737,31868114.597560193,24390.024390243903,9431759.048198204,31867170.414920572,24390.024390243903
9432151.619927634,31868631.424401578,23902.24390243903,8.449953305002746,9431856.882903997,31868204.06860334,23414.46341463415,9432200.53728053,31869148.25124296,23414.46341463415,9432446.356951268,31869058.780199815,24390.024390243903,9432102.702574737,31868114.597560193,24390.024390243903
9432495.274304165,31869575.607041195,23902.24390243903,6.709656143621802,9432200.53728053,31869148.25124296,23414.46341463415,9432544.191657063,31870092.43388258,23414.46341463415,9432790.011327801,31870002.962839432,24390.024390243903,9432446.356951268,31869058.780199815,24390.024390243903
9432838.9286807,31870519.789680816,23902.24390243903,4.345198684717995,9432544.191657063,31870092.43388258,23414.46341463415,9432887.846033596,31871036.6165222,23414.46341463415,9433133.665704334,31870947.145479053,24390.024390243903,9432790.011327801,31870002.962839432,24390.024390243903
9433182.58305723,31871463.972320437,23902.24390243903,3.1084004873634394,9432887.846033596,31871036.6165222,23414.46341463415,9433231.500410127,31871980.79916182,23414.46341463415,9433477.320080867,31871891.328118674,24390.024390243903,9433133.665704334,31870947.145479053,24390.024390243903
9433526.237433761,31872408.154960055,23902.24390243903,2.651419956716336,9433231.500410127,31871980.79916182,23414.46341463415,9433575.15478666,31872924.98180144,23414.46341463415,9433820.9744574,31872835.510758296,24390.024390243903,9433477.320080867,31871891.328118674,24390.024390243903
9433869.891810296,31873352.337599676,23902.24390243903,2.4645941560537747,9433575.15478666,31872924.98180144,23414.46341463415,9433918.809163192,31873869.16444106,23414.46341463415,9434164.628833933,31873779.693397917,24390.024390243903,9433820.9744574,31872835.510758296,24390.024390243903
9434213.546186829,31874296.520239297,23902.24390243903,2.976015482910263,9433918.809163192,31873869.16444106,23414.46341463415,9434262.463539725,31874813.34708068,23414.46341463415,9434508.283210466,31874723.876037538,24390.024390243903,9434164.628833933,31873779.693397917,24390.024390243903
9434557.200563362,31875240.70287892,23902.24390243903,3.4911813569618624,9434262.463539725,31874813.34708068,23414.46341463415,9434606.117916258,31875757.5297203,23414.46341463415,9434851.937586997,31875668.058677156,24390.024390243903,9434508.283210466,31874723.876037538,24390.024390243903
9434900.854939893,31876184.88551854,23902.24390243903,4.256028548524584,9434606.117916258,31875757.5297203,23414.46341463415,9434949.772292791,31876701.71235992,23414.46341463415,9435195.59196353,31876612.241316777,24390.024390243903,9434851.937586997,31875668.058677156,24390.024390243903
9435244.509316428,31877129.06815816,23902.24390243903,4.248684680701838,9434949.772292791,31876701.71235992,23414.46341463415,9435293.426669324,31877645.89499954,23414.46341463415,9435539.246340062,31877556.423956394,24390.024390243903,9435195.59196353,31876612.241316777,24390.024390243903
9435588.163692959,31878073.250797782,23902.24390243903,4.8072450368893715,9435293.426669324,31877645.89499954,23414.46341463415,9435637.081045855,31878590.077639163,23414.46341463415,9435882.900716595,31878500.606596015,24390.024390243903,9435539.246340062,31877556.423956394,24390.024390243903
9435931.81806949,31879017.4334374,23902.24390243903,4.034843754502058,9435637.081045855,31878590.077639163,23414.46341463415,9435980.735422388,31879534.260278784,23414.46341463415,9436226.555093128,31879444.789235637,24390.024390243903,9435882.900716595,31878500.606596015,24390.024390243903
9436275.472446024,31879961.616077017,23902.24390243903,4.353199046428922,9435980.735422388,31879534.260278784,23414.46341463415,9436324.38979892,31880478.442918405,23414.46341463415,9436570.209469661,31880388.971875254,24390.024390243903,9436226.555093128,31879444.789235637,24390.024390243903
9436619.126822557,31880905.79871664,23902.24390243903,4.098280561243166,9436324.38979892,31880478.442918405,23414.46341463415,9436668.044175453,31881422.625558022,23414.46341463415,9436913.863846194,31881333.154514875,24390.024390243903,9436570.209469661,31880388.971875254,24390.024390243903
9436962.78119909,31881849.98135626,23902.24390243903,3.3979773031381955,9436668.044175453,31881422.625558022,23414.46341463415,9437011.698551986,31882366.808197644,23414.46341463415,9437257.518222725,31882277.337154496,24390.024390243903,9436913.863846194,31881333.154514875,24390.024390243903
9437306.435575621,31882794.163995877,23902.24390243903,3.4264574248828517,9437011.698551986,31882366.808197644,23414.46341463415,9437355.35292852,31883310.99083726,23414.46341463415,9437601.172599258,31883221.519794114,24390.024390243903,9437257.518222725,31882277.337154496,24390.024390243903
9437650.089952154,31883738.346635498,23902.24390243903,1.921479081998721,9437355.35292852,31883310.99083726,23414.46341463415,9437699.00730505,31884255.173476882,23414.46341463415,9437944.82697579,31884165.702433735,24390.024390243903,9437601.172599258,31883221.519794114,24390.024390243903
9437993.744328687,31884682.52927512,23902.24390243903,1.459964316864665,9437699.00730505,31884255.173476882,23414.46341463415,9438042.661681583,31885199.356116503,23414.46341463415,9438288.481352324,31885109.885073356,24390.024390243903,9437944.82697579,31884165.702433735,24390.024390243903
9438337.398705218,31885626.711914737,23902.24390243903,1.269800478623866,9438042.661681583,31885199.356116503,23414.46341463415,9438386.316058116,31886143.53875612,23414.46341463415,9438632.135728855,31886054.067712978,24390.024390243903,9438288.481352324,31885109.885073356,24390.024390243903
9438681.053081753,31886570.894554358,23902.24390243903,0.8826882400724546,9438386.316058116,31886143.53875612,23414.46341463415,9438729.970434649,31887087.721395742,23414.46341463415,9438975.790105388,31886998.2503526,24390.024390243903,9438632.135728855,31886054.067712978,24390.024390243903
9439024.707458284,31887515.07719398,23902.24390243903,0.8911431969756948,9438729.970434649,31887087.721395742,23414.46341463415,9439073.624811182,31888031.90403536,23414.46341463415,9439319.44448192,31887942.432992216,24390.024390243903,9438975.790105388,31886998.2503526,24390.024390243903
9439368.361834818,31888459.259833597,23902.24390243903,0.777599089352435,9439073.624811182,31888031.90403536,23414.46341463415,9439417.279187713,31888976.08667498,23414.46341463415,9439663.098858453,31888886.615631837,24390.024390243903,9439319.44448192,31887942.432992216,24390.024390243903
9439712.01621135,31889403.442473218,23902.24390243903,1.0237580133744975,9439417.279187713,31888976.08667498,23414.46341463415,9439760.933564246,31889920.269314602,23414.46341463415,9440006.753234986,31889830.798271455,24390.024390243903,9439663.098858453,31888886.615631837,24390.024390243903
9440055.670587882,31890347.62511284,23902.24390243903,1.3237628024846753,9439760.933564246,31889920.269314602,23414.46341463415,9440104.587940779,31890864.45195422,23414.46341463415,9440350.40761152,31890774.980911076,24390.024390243903,9440006.753234986,31889830.798271455,24390.024390243903
9440399.324964415,31891291.80775246,23902.24390243903,1.63347361946312,9440104.587940779,31890864.45195422,23414.46341463415,9440448.242317311,31891808.634593844,23414.46341463415,9440694.061988052,31891719.163550697,24390.024390243903,9440350.40761152,31890774.980911076,24390.024390243903
9440742.979340946,31892235.990392078,23902.24390243903,1.2474988186075615,9440448.242317311,31891808.634593844,23414.46341463415,9440791.896693844,31892752.817233462,23414.46341463415,9441037.716364583,31892663.346190315,24390.024390243903,9440694.061988052,31891719.163550697,24390.024390243903
9441086.633717481,31893180.1730317,23902.24390243903,1.023857163634597,9440791.896693844,31892752.817233462,23414.46341463415,9441135.551070377,31893696.999873083,23414.46341463415,9441381.370741116,31893607.528829936,24390.024390243903,9441037.716364583,31892663.346190315,24390.024390243903
9441430.288094012,31894124.35567132,23902.24390243903,0.6755467272559939,9441135.551070377,31893696.999873083,23414.46341463415,9441479.20544691,31894641.182512704,23414.46341463415,9441725.025117649,31894551.711469557,24390.024390243903,9441381.370741116,31893607.528829936,24390.024390243903
9441773.942470547,31895068.53831094,23902.24390243903,0.6855605624983779,9441479.20544691,31894641.182512704,23414.46341463415,9441822.859823441,31895585.36515232,23414.46341463415,9442068.679494182,31895495.894109175,24390.024390243903,9441725.025117649,31894551.711469557,24390.024390243903
9442117.596847078,31896012.72095056,23902.24390243903,0.8380962890703241,9441822.859823441,31895585.36515232,23414.46341463415,9442166.514199974,31896529.547791943,23414.46341463415,9442412.333870715,31896440.076748796,24390.024390243903,9442068.679494182,31895495.894109175,24390.024390243903
9442461.25122361,31896956.90359018,23902.24390243903,0.9440488222655652,9442166.514199974,31896529.547791943,23414.46341463415,9442510.168576507,31897473.730431564,23414.46341463415,9442755.988247247,31897384.259388417,24390.024390243903,9442412.333870715,31896440.076748796,24390.024390243903
9442804.905600144,31897901.0862298,23902.24390243903,0.6549427757768465,9442510.168576507,31897473.730431564,23414.46341463415,9442853.82295304,31898417.91307118,23414.46341463415,9443099.64262378,31898328.442028034,24390.024390243903,9442755.988247247,31897384.259388417,24390.024390243903
9443148.559976675,31898845.26886942,23902.24390243903,0.39431085642510527,9442853.82295304,31898417.91307118,23414.46341463415,9443197.477329573,31899362.095710803,23414.46341463415,9443443.297000311,31899272.624667656,24390.024390243903,9443099.64262378,31898328.442028034,24390.024390243903
9443492.21435321,31899789.45150904,23902.24390243903,0.21124047532700618,9443197.477329573,31899362.095710803,23414.46341463415,9443541.131706106,31900306.278350424,23414.46341463415,9443786.951376844,31900216.80730728,24390.024390243903,9443443.297000311,31899272.624667656,24390.024390243903
9443835.86872974,31900733.634148657,23902.24390243903,0.23744839408368365,9443541.131706106,31900306.278350424,23414.46341463415,9443884.786082638,31901250.46099004,23414.46341463415,9444130.605753377,31901160.989946898,24390.024390243903,9443786.951376844,31900216.80730728,24390.024390243903
9444179.523106275,31901677.81678828,23902.24390243903,0.48145758233347236,9443884.786082638,31901250.46099004,23414.46341463415,9444228.44045917,31902194.643629663,23414.46341463415,9444474.26012991,31902105.17258652,24390.024390243903,9444130.605753377,31901160.989946898,24390.024390243903
9418651.264537068,31830774.64777363,24877.804878048784,2.984415999674697,9418356.527513433,31830347.29197539,24390.024390243903,9418700.181889966,31831291.47461501,24390.024390243903,9418946.001560703,31831202.003571868,25365.58536585366,9418602.347184172,31830257.820932247,25365.58536585366
9418994.918913603,31831718.83041325,24877.804878048784,3.546731600120089,9418700.181889966,31831291.47461501,24390.024390243903,9419043.836266499,31832235.65725463,24390.024390243903,9419289.655937236,31832146.186211485,25365.58536585366,9418946.001560703,31831202.003571868,25365.58536585366
9419338.573290134,31832663.01305287,24877.804878048784,4.996554737998336,9419043.836266499,31832235.65725463,24390.024390243903,9419387.490643032,31833179.839894254,24390.024390243903,9419633.310313769,31833090.368851107,25365.58536585366,9419289.655937236,31832146.186211485,25365.58536585366
9419682.227666669,31833607.19569249,24877.804878048784,6.977217122328265,9419387.490643032,31833179.839894254,24390.024390243903,9419731.145019563,31834124.022533875,24390.024390243903,9419976.964690302,31834034.551490728,25365.58536585366,9419633.310313769,31833090.368851107,25365.58536585366
9420025.8820432,31834551.378332112,24877.804878048784,7.207739351065879,9419731.145019563,31834124.022533875,24390.024390243903,9420074.799396096,31835068.205173492,24390.024390243903,9420320.619066834,31834978.734130345,25365.58536585366,9419976.964690302,31834034.551490728,25365.58536585366
9420369.536419732,31835495.56097173,24877.804878048784,8.288277806316508,9420074.799396096,31835068.205173492,24390.024390243903,9420418.453772629,31836012.387813114,24390.024390243903,9420664.273443367,31835922.916769966,25365.58536585366,9420320.619066834,31834978.734130345,25365.58536585366
9420713.190796265,31836439.74361135,24877.804878048784,8.877119111049875,9420418.453772629,31836012.387813114,24390.024390243903,9420762.108149162,31836956.570452735,24390.024390243903,9421007.9278199,31836867.099409584,25365.58536585366,9420664.273443367,31835922.916769966,25365.58536585366
9421056.845172796,31837383.92625097,24877.804878048784,9.297226903341954,9420762.108149162,31836956.570452735,24390.024390243903,9421105.762525694,31837900.753092352,24390.024390243903,9421351.582196431,31837811.282049205,25365.58536585366,9421007.9278199,31836867.099409584,25365.58536585366
9421400.499549331,31838328.10889059,24877.804878048784,11.087258066606807,9421105.762525694,31837900.753092352,24390.024390243903,9421449.416902227,31838844.935731973,24390.024390243903,9421695.236572964,31838755.464688826,25365.58536585366,9421351.582196431,31837811.282049205,25365.58536585366
9421744.153925862,31839272.291530207,24877.804878048784,11.249643724806484,9421449.416902227,31838844.935731973,24390.024390243903,9421793.07127876,31839789.11837159,24390.024390243903,9422038.890949497,31839699.647328444,25365.58536585366,9421695.236572964,31838755.464688826,25365.58536585366
9422087.808302397,31840216.474169828,24877.804878048784,10.580671455767568,9421793.07127876,31839789.11837159,24390.024390243903,9422136.725655291,31840733.301011212,24390.024390243903,9422382.54532603,31840643.829968065,25365.58536585366,9422038.890949497,31839699.647328444,25365.58536585366
9422431.462678928,31841160.656809445,24877.804878048784,9.318468629134546,9422136.725655291,31840733.301011212,24390.024390243903,9422480.380031824,31841677.48365083,24390.024390243903,9422726.199702563,31841588.012607686,25365.58536585366,9422382.54532603,31840643.829968065,25365.58536585366
9422775.117055459,31842104.839449067,24877.804878048784,8.85100846351118,9422480.380031824,31841677.48365083,24390.024390243903,9422824.034408357,31842621.66629045,24390.024390243903,9423069.854079094,31842532.195247307,25365.58536585366,9422726.199702563,31841588.012607686,25365.58536585366
9423118.771431994,31843049.022088688,24877.804878048784,7.2212543214451035,9422824.034408357,31842621.66629045,24390.024390243903,9423167.68878489,31843565.848930072,24390.024390243903,9423413.508455627,31843476.37788693,25365.58536585366,9423069.854079094,31842532.195247307,25365.58536585366
9423462.425808525,31843993.20472831,24877.804878048784,6.035261774006226,9423167.68878489,31843565.848930072,24390.024390243903,9423511.343161423,31844510.03156969,24390.024390243903,9423757.16283216,31844420.560526546,25365.58536585366,9423413.508455627,31843476.37788693,25365.58536585366
9423806.080185058,31844937.38736793,24877.804878048784,4.504263590551761,9423511.343161423,31844510.03156969,24390.024390243903,9423854.997537954,31845454.21420931,24390.024390243903,9424100.817208692,31845364.743166167,25365.58536585366,9423757.16283216,31844420.560526546,25365.58536585366
9424149.73456159,31845881.57000755,24877.804878048784,4.079285536292188,9423854.997537954,31845454.21420931,24390.024390243903,9424198.651914487,31846398.396848932,24390.024390243903,9424444.471585225,31846308.925805785,25365.58536585366,9424100.817208692,31845364.743166167,25365.58536585366
9424493.388938121,31846825.752647173,24877.804878048784,4.155649475282798,9424198.651914487,31846398.396848932,24390.024390243903,9424542.30629102,31847342.579488553,24390.024390243903,9424788.125961758,31847253.108445406,25365.58536585366,9424444.471585225,31846308.925805785,25365.58536585366
9424837.043314656,31847769.93528679,24877.804878048784,3.7167117885836523,9424542.30629102,31847342.579488553,24390.024390243903,9424885.960667552,31848286.762128174,24390.024390243903,9425131.780338291,31848197.291085027,25365.58536585366,9424788.125961758,31847253.108445406,25365.58536585366
9425180.697691187,31848714.117926408,24877.804878048784,3.4876160133687044,9424885.960667552,31848286.762128174,24390.024390243903,9425229.615044085,31849230.94476779,24390.024390243903,9425475.434714822,31849141.473724645,25365.58536585366,9425131.780338291,31848197.291085027,25365.58536585366
9425524.352067722,31849658.30056603,24877.804878048784,3.239898659847266,9425229.615044085,31849230.94476779,24390.024390243903,9425573.269420618,31850175.127407413,24390.024390243903,9425819.089091355,31850085.656364266,25365.58536585366,9425475.434714822,31849141.473724645,25365.58536585366
9425868.006444253,31850602.48320565,24877.804878048784,2.406633696160649,9425573.269420618,31850175.127407413,24390.024390243903,9425916.92379715,31851119.310047034,24390.024390243903,9426162.743467888,31851029.839003887,25365.58536585366,9425819.089091355,31850085.656364266,25365.58536585366
9426211.660820786,31851546.665845267,24877.804878048784,2.1164188821231598,9425916.92379715,31851119.310047034,24390.024390243903,9426260.578173682,31852063.49268665,24390.024390243903,9426506.39784442,31851974.021643505,25365.58536585366,9426162.743467888,31851029.839003887,25365.58536585366
9426555.315197319,31852490.84848489,24877.804878048784,1.7032873183153368,9426260.578173682,31852063.49268665,24390.024390243903,9426604.232550215,31853007.675326273,24390.024390243903,9426850.052220954,31852918.204283126,25365.58536585366,9426506.39784442,31851974.021643505,25365.58536585366
9426898.96957385,31853435.03112451,24877.804878048784,1.0220119466867066,9426604.232550215,31853007.675326273,24390.024390243903,9426947.886926748,31853951.857965894,24390.024390243903,9427193.706597487,31853862.386922747,25365.58536585366,9426850.052220954,31852918.204283126,25365.58536585366
9427242.623950385,31854379.21376413,24877.804878048784,0.9937734945258015,9426947.886926748,31853951.857965894,24390.024390243903,9427291.54130328,31854896.04060551,24390.024390243903,9427537.360974018,31854806.569562368,25365.58536585366,9427193.706597487,31853862.386922747,25365.58536585366
9427586.278326916,31855323.39640375,24877.804878048784,1.3495414410342548,9427291.54130328,31854896.04060551,24390.024390243903,9427635.195679814,31855840.223245133,24390.024390243903,9427881.01535055,31855750.75220199,25365.58536585366,9427537.360974018,31854806.569562368,25365.58536585366
9427929.93270345,31856267.57904337,24877.804878048784,1.2247985123594318,9427635.195679814,31855840.223245133,24390.024390243903,9427978.850056347,31856784.405884754,24390.024390243903,9428224.669727083,31856694.93484161,25365.58536585366,9427881.01535055,31855750.75220199,25365.58536585366
9428273.587079981,31857211.761682995,24877.804878048784,1.0507412783465706,9427978.850056347,31856784.405884754,24390.024390243903,9428322.504432878,31857728.58852437,24390.024390243903,9428568.324103616,31857639.117481228,25365.58536585366,9428224.669727083,31856694.93484161,25365.58536585366
9428617.241456514,31858155.944322612,24877.804878048784,1.4883704985293051,9428322.504432878,31857728.58852437,24390.024390243903,9428666.15880941,31858672.771163993,24390.024390243903,9428911.978480149,31858583.30012085,25365.58536585366,9428568.324103616,31857639.117481228,25365.58536585366
9428960.895833047,31859100.126962233,24877.804878048784,1.8226459766980776,9428666.15880941,31858672.771163993,24390.024390243903,9429009.813185943,31859616.953803614,24390.024390243903,9429255.632856682,31859527.48276047,25365.58536585366,9428911.978480149,31858583.30012085,25365.58536585366
9429304.550209578,31860044.30960185,24877.804878048784,1.8918451563173169,9429009.813185943,31859616.953803614,24390.024390243903,9429353.467562476,31860561.136443235,24390.024390243903,9429599.287233215,31860471.665400088,25365.58536585366,9429255.632856682,31859527.48276047,25365.58536585366
9429648.204586113,31860988.492241472,24877.804878048784,1.9225055100871857,9429353.467562476,31860561.136443235,24390.024390243903,9429697.121939009,31861505.319082856,24390.024390243903,9429942.941609746,31861415.84803971,25365.58536585366,9429599.287233215,31860471.665400088,25365.58536585366
9429991.858962644,31861932.674881093,24877.804878048784,3.3967091113755457,9429697.121939009,31861505.319082856,24390.024390243903,9430040.776315542,31862449.501722477,24390.024390243903,9430286.595986279,31862360.03067933,25365.58536585366,9429942.941609746,31861415.84803971,25365.58536585366
9430335.513339179,31862876.85752071,24877.804878048784,3.822353911424385,9430040.776315542,31862449.501722477,24390.024390243903,9430384.430692073,31863393.684362095,24390.024390243903,9430630.250362812,31863304.213318948,25365.58536585366,9430286.595986279,31862360.03067933,25365.58536585366
9430679.16771571,31863821.04016033,24877.804878048784,2.976859021360248,9430384.430692073,31863393.684362095,24390.024390243903,9430728.085068606,31864337.867001712,24390.024390243903,9430973.904739344,31864248.395958565,25365.58536585366,9430630.250362812,31863304.213318948,25365.58536585366
9431022.822092243,31864765.22279995,24877.804878048784,3.327792206682614,9430728.085068606,31864337.867001712,24390.024390243903,9431071.739445139,31865282.049641334,24390.024390243903,9431317.559115877,31865192.578598186,25365.58536585366,9430973.904739344,31864248.395958565,25365.58536585366
9431366.476468775,31865709.40543957,24877.804878048784,5.333828245206454,9431071.739445139,31865282.049641334,24390.024390243903,9431415.393821672,31866226.232280955,24390.024390243903,9431661.213492408,31866136.761237808,25365.58536585366,9431317.559115877,31865192.578598186,25365.58536585366
9431710.130845306,31866653.58807919,24877.804878048784,8.886088635547708,9431415.393821672,31866226.232280955,24390.024390243903,9431759.048198204,31867170.414920572,24390.024390243903,9432004.867868941,31867080.943877425,25365.58536585366,9431661.213492408,31866136.761237808,25365.58536585366
9432053.785221841,31867597.77071881,24877.804878048784,8.823574447118025,9431759.048198204,31867170.414920572,24390.024390243903,9432102.702574737,31868114.597560193,24390.024390243903,9432348.522245474,31868025.12651705,25365.58536585366,9432004.867868941,31867080.943877425,25365.58536585366
9432397.439598372,31868541.95335843,24877.804878048784,7.762787565673885,9432102.702574737,31868114.597560193,24390.024390243903,9432446.356951268,31869058.780199815,24390.024390243903,9432692.176622007,31868969.30915667,25365.58536585366,9432348.522245474,31868025.12651705,25365.58536585366
9432741.093974903,31869486.135998048,24877.804878048784,5.168154714205112,9432446.356951268,31869058.780199815,24390.024390243903,9432790.011327801,31870002.962839432,24390.024390243903,9433035.83099854,31869913.49179629,25365.58536585366,9432692.176622007,31868969.30915667,25365.58536585366
9433084.748351438,31870430.318637673,24877.804878048784,2.7902860935599634,9432790.011327801,31870002.962839432,24390.024390243903,9433133.665704334,31870947.145479053,24390.024390243903,9433379.485375073,31870857.67443591,25365.58536585366,9433035.83099854,31869913.49179629,25365.58536585366
9433428.40272797,31871374.501277294,24877.804878048784,1.9485551582028895,9433133.665704334,31870947.145479053,24390.024390243903,9433477.320080867,31871891.328118674,24390.024390243903,9433723.139751606,31871801.85707553,25365.58536585366,9433379.485375073,31870857.67443591,25365.58536585366
9433772.057104504,31872318.68391691,24877.804878048784,2.285919162234912,9433477.320080867,31871891.328118674,24390.024390243903,9433820.9744574,31872835.510758296,24390.024390243903,9434066.794128137,31872746.03971515,25365.58536585366,9433723.139751606,31871801.85707553,25365.58536585366
9434115.711481035,31873262.866556533,24877.804878048784,2.188593982285654,9433820.9744574,31872835.510758296,24390.024390243903,9434164.628833933,31873779.693397917,24390.024390243903,9434410.44850467,31873690.22235477,25365.58536585366,9434066.794128137,31872746.03971515,25365.58536585366
9434459.36585757,31874207.049196154,24877.804878048784,2.175680523201623,9434164.628833933,31873779.693397917,24390.024390243903,9434508.283210466,31874723.876037538,24390.024390243903,9434754.102881202,31874634.404994387,25365.58536585366,9434410.44850467,31873690.22235477,25365.58536585366
9434803.0202341,31875151.23183577,24877.804878048784,4.766175857640538,9434508.283210466,31874723.876037538,24390.024390243903,9434851.937586997,31875668.058677156,24390.024390243903,9435097.757257735,31875578.58763401,25365.58536585366,9434754.102881202,31874634.404994387,25365.58536585366
9435146.674610632,31876095.414475393,24877.804878048784,5.798683860831683,9434851.937586997,31875668.058677156,24390.024390243903,9435195.59196353,31876612.241316777,24390.024390243903,9435441.411634268,31876522.77027363,25365.58536585366,9435097.757257735,31875578.58763401,25365.58536585366
9435490.328987166,31877039.597115014,24877.804878048784,6.799685740504931,9435195.59196353,31876612.241316777,24390.024390243903,9435539.246340062,31877556.423956394,24390.024390243903,9435785.066010801,31877466.952913247,25365.58536585366,9435441.411634268,31876522.77027363,25365.58536585366
9435833.9833637,31877983.77975463,24877.804878048784,6.067651154172742,9435539.246340062,31877556.423956394,24390.024390243903,9435882.900716595,31878500.606596015,24390.024390243903,9436128.720387334,31878411.13555287,25365.58536585366,9435785.066010801,31877466.952913247,25365.58536585366
9436177.637740232,31878927.962394252,24877.804878048784,5.37438854890332,9435882.900716595,31878500.606596015,24390.024390243903,9436226.555093128,31879444.789235637,24390.024390243903,9436472.374763865,31879355.31819249,25365.58536585366,9436128.720387334,31878411.13555287,25365.58536585366
9436521.292116763,31879872.14503387,24877.804878048784,4.302076920537585,9436226.555093128,31879444.789235637,24390.024390243903,9436570.209469661,31880388.971875254,24390.024390243903,9436816.029140398,31880299.500832107,25365.58536585366,9436472.374763865,31879355.31819249,25365.58536585366
9436864.946493298,31880816.32767349,24877.804878048784,3.6007473715309843,9436570.209469661,31880388.971875254,24390.024390243903,9436913.863846194,31881333.154514875,24390.024390243903,9437159.68351693,31881243.68347173,25365.58536585366,9436816.029140398,31880299.500832107,25365.58536585366
9437208.600869829,31881760.510313112,24877.804878048784,3.4026001155302152,9436913.863846194,31881333.154514875,24390.024390243903,9437257.518222725,31882277.337154496,24390.024390243903,9437503.337893464,31882187.866111353,25365.58536585366,9437159.68351693,31881243.68347173,25365.58536585366
9437552.25524636,31882704.69295273,24877.804878048784,2.237737130364594,9437257.518222725,31882277.337154496,24390.024390243903,9437601.172599258,31883221.519794114,24390.024390243903,9437846.992269997,31883132.04875097,25365.58536585366,9437503.337893464,31882187.866111353,25365.58536585366
9437895.909622893,31883648.875592355,24877.804878048784,2.007178391638074,9437601.172599258,31883221.519794114,24390.024390243903,9437944.82697579,31884165.702433735,24390.024390243903,9438190.64664653,31884076.23139059,25365.58536585366,9437846.992269997,31883132.04875097,25365.58536585366
9438239.563999426,31884593.058231976,24877.804878048784,1.8411357646375413,9437944.82697579,31884165.702433735,24390.024390243903,9438288.481352324,31885109.885073356,24390.024390243903,9438534.301023062,31885020.414030213,25365.58536585366,9438190.64664653,31884076.23139059,25365.58536585366
9438583.218375959,31885537.240871593,24877.804878048784,1.8776646354882691,9438288.481352324,31885109.885073356,24390.024390243903,9438632.135728855,31886054.067712978,24390.024390243903,9438877.955399593,31885964.59666983,25365.58536585366,9438534.301023062,31885020.414030213,25365.58536585366
9438926.872752491,31886481.423511215,24877.804878048784,1.7742659144006578,9438632.135728855,31886054.067712978,24390.024390243903,9438975.790105388,31886998.2503526,24390.024390243903,9439221.609776126,31886908.779309448,25365.58536585366,9438877.955399593,31885964.59666983,25365.58536585366
9439270.527129022,31887425.606150836,24877.804878048784,1.5211441816396905,9438975.790105388,31886998.2503526,24390.024390243903,9439319.44448192,31887942.432992216,24390.024390243903,9439565.26415266,31887852.96194907,25365.58536585366,9439221.609776126,31886908.779309448,25365.58536585366
9439614.181505555,31888369.788790453,24877.804878048784,0.9787646877491271,9439319.44448192,31887942.432992216,24390.024390243903,9439663.098858453,31888886.615631837,24390.024390243903,9439908.918529192,31888797.14458869,25365.58536585366,9439565.26415266,31887852.96194907,25365.58536585366
9439957.835882086,31889313.97143007,24877.804878048784,1.1847883126979828,9439663.098858453,31888886.615631837,24390.024390243903,9440006.753234986,31889830.798271455,24390.024390243903,9440252.572905723,31889741.327228308,25365.58536585366,9439908.918529192,31888797.14458869,25365.58536585366
9440301.490258621,31890258.154069692,24877.804878048784,1.1935497691531498,9440006.753234986,31889830.798271455,24390.024390243903,9440350.40761152,31890774.980911076,24390.024390243903,9440596.227282256,31890685.50986793,25365.58536585366,9440252.572905723,31889741.327228308,25365.58536585366
9440645.144635152,31891202.336709313,24877.804878048784,1.6126961767174561,9440350.40761152,31890774.980911076,24390.024390243903,9440694.061988052,31891719.163550697,24390.024390243903,9440939.881658789,31891629.69250755,25365.58536585366,9440596.227282256,31890685.50986793,25365.58536585366
9440988.799011687,31892146.51934893,24877.804878048784,1.8141888158240325,9440694.061988052,31891719.163550697,24390.024390243903,9441037.716364583,31892663.346190315,24390.024390243903,9441283.536035322,31892573.875147168,25365.58536585366,9440939.881658789,31891629.69250755,25365.58536585366
9441332.453388218,31893090.70198855,24877.804878048784,2.020966368371622,9441037.716364583,31892663.346190315,24390.024390243903,9441381.370741116,31893607.528829936,24390.024390243903,9441627.190411855,31893518.05778679,25365.58536585366,9441283.536035322,31892573.875147168,25365.58536585366
9441676.10776475,31894034.884628173,24877.804878048784,2.225339352149727,9441381.370741116,31893607.528829936,24390.024390243903,9441725.025117649,31894551.711469557,24390.024390243903,9441970.844788387,31894462.240426414,25365.58536585366,9441627.190411855,31893518.05778679,25365.58536585366
9442019.762141284,31894979.067267794,24877.804878048784,1.73897288298504,9441725.025117649,31894551.711469557,24390.024390243903,9442068.679494182,31895495.894109175,24390.024390243903,9442314.49916492,31895406.42306603,25365.58536585366,9441970.844788387,31894462.240426414,25365.58536585366
9442363.416517815,31895923.24990741,24877.804878048784,1.4097513269001853,9442068.679494182,31895495.894109175,24390.024390243903,9442412.333870715,31896440.076748796,24390.024390243903,9442658.153541451,31896350.605705652,25365.58536585366,9442314.49916492,31895406.42306603,25365.58536585366
9442707.07089435,31896867.432547033,24877.804878048784,1.1783693098500012,9442412.333870715,31896440.076748796,24390.024390243903,9442755.988247247,31897384.259388417,24390.024390243903,9443001.807917984,31897294.788345274,25365.58536585366,9442658.153541451,31896350.605705652,25365.58536585366
9443050.72527088,31897811.615186658,24877.804878048784,0.9038836175080233,9442755.988247247,31897384.259388417,24390.024390243903,9443099.64262378,31898328.442028034,24390.024390243903,9443345.462294517,31898238.97098489,25365.58536585366,9443001.807917984,31897294.788345274,25365.58536585366
9443394.379647415,31898755.797826275,24877.804878048784,0.6809920436349952,9443099.64262378,31898328.442028034,24390.024390243903,9443443.297000311,31899272.624667656,24390.024390243903,9443689.11667105,31899183.153624512,25365.58536585366,9443345.462294517,31898238.97098489,25365.58536585366
9443738.034023946,31899699.980465896,24877.804878048784,0.6134684515822306,9443443.297000311,31899272.624667656,24390.024390243903,9443786.951376844,31900216.80730728,24390.024390243903,9444032.771047583,31900127.336264133,25365.58536585366,9443689.11667105,31899183.153624512,25365.58536585366
9444081.688400479,31900644.163105514,24877.804878048784,0.484777088291271,9443786.951376844,31900216.80730728,24390.024390243903,9444130.605753377,31901160.989946898,24390.024390243903,9444376.425424116,31901071.51890375,25365.58536585366,9444032.771047583,31900127.336264133,25365.58536585366
9444425.342777012,31901588.345745135,24877.804878048784,0.4182900516482632,9444130.605753377,31901160.989946898,24390.024390243903,9444474.26012991,31902105.17258652,24390.024390243903,9444720.079800649,31902015.701543372,25365.58536585366,9444376.425424116,31901071.51890375,25365.58536585366
9418897.084207809,31830685.17673048,25853.36585365854,5.438643230377942,9418602.347184172,31830257.820932247,25365.58536585366,9418946.001560703,31831202.003571868,25365.58536585366,9419191.821231447,31831112.532528717,26341.146341463416,9418848.166854914,31830168.3498891,26341.146341463416
9419240.738584341,31831629.3593701,25853.36585365854,5.554414471427043,9418946.001560703,31831202.003571868,25365.58536585366,9419289.655937236,31832146.186211485,25365.58536585366,9419535.47560798,31832056.71516834,26341.146341463416,9419191.821231447,31831112.532528717,26341.146341463416
9419584.392960874,31832573.542009722,25853.36585365854,7.649461040107934,9419289.655937236,31832146.186211485,25365.58536585366,9419633.310313769,31833090.368851107,25365.58536585366,9419879.129984513,31833000.897807956,26341.146341463416,9419535.47560798,31832056.71516834,26341.146341463416
9419928.047337407,31833517.72464934,25853.36585365854,10.049688091291587,9419633.310313769,31833090.368851107,25365.58536585366,9419976.964690302,31834034.551490728,25365.58536585366,9420222.784361044,31833945.080447577,26341.146341463416,9419879.129984513,31833000.897807956,26341.146341463416
9420271.701713938,31834461.90728896,25853.36585365854,10.134685116988686,9419976.964690302,31834034.551490728,25365.58536585366,9420320.619066834,31834978.734130345,25365.58536585366,9420566.438737577,31834889.2630872,26341.146341463416,9420222.784361044,31833945.080447577,26341.146341463416
9420615.356090471,31835406.089928582,25853.36585365854,11.017941749193103,9420320.619066834,31834978.734130345,25365.58536585366,9420664.273443367,31835922.916769966,25365.58536585366,9420910.09311411,31835833.445726816,26341.146341463416,9420566.438737577,31834889.2630872,26341.146341463416
9420959.010467004,31836350.272568204,25853.36585365854,10.74033709085286,9420664.273443367,31835922.916769966,25365.58536585366,9421007.9278199,31836867.099409584,25365.58536585366,9421253.747490643,31836777.62836644,26341.146341463416,9420910.09311411,31835833.445726816,26341.146341463416
9421302.664843537,31837294.45520782,25853.36585365854,10.32292892530991,9421007.9278199,31836867.099409584,25365.58536585366,9421351.582196431,31837811.282049205,25365.58536585366,9421597.401867175,31837721.81100606,26341.146341463416,9421253.747490643,31836777.62836644,26341.146341463416
9421646.31922007,31838238.63784744,25853.36585365854,10.041725372261531,9421351.582196431,31837811.282049205,25365.58536585366,9421695.236572964,31838755.464688826,25365.58536585366,9421941.056243708,31838665.99364568,26341.146341463416,9421597.401867175,31837721.81100606,26341.146341463416
9421989.973596603,31839182.820487063,25853.36585365854,10.866015881840953,9421695.236572964,31838755.464688826,25365.58536585366,9422038.890949497,31839699.647328444,25365.58536585366,9422284.710620241,31839610.1762853,26341.146341463416,9421941.056243708,31838665.99364568,26341.146341463416
9422333.627973136,31840127.003126685,25853.36585365854,10.735493518632556,9422038.890949497,31839699.647328444,25365.58536585366,9422382.54532603,31840643.829968065,25365.58536585366,9422628.364996772,31840554.35892492,26341.146341463416,9422284.710620241,31839610.1762853,26341.146341463416
9422677.282349667,31841071.185766302,25853.36585365854,10.465440870492683,9422382.54532603,31840643.829968065,25365.58536585366,9422726.199702563,31841588.012607686,25365.58536585366,9422972.019373305,31841498.54156454,26341.146341463416,9422628.364996772,31840554.35892492,26341.146341463416
9423020.9367262,31842015.368405923,25853.36585365854,9.363650306551412,9422726.199702563,31841588.012607686,25365.58536585366,9423069.854079094,31842532.195247307,25365.58536585366,9423315.673749838,31842442.724204157,26341.146341463416,9422972.019373305,31841498.54156454,26341.146341463416
9423364.591102732,31842959.55104554,25853.36585365854,9.104202900687094,9423069.854079094,31842532.195247307,25365.58536585366,9423413.508455627,31843476.37788693,25365.58536585366,9423659.32812637,31843386.906843778,26341.146341463416,9423315.673749838,31842442.724204157,26341.146341463416
9423708.245479265,31843903.733685162,25853.36585365854,9.019022852344623,9423413.508455627,31843476.37788693,25365.58536585366,9423757.16283216,31844420.560526546,25365.58536585366,9424002.982502904,31844331.0894834,26341.146341463416,9423659.32812637,31843386.906843778,26341.146341463416
9424051.899855798,31844847.916324783,25853.36585365854,9.166531003412913,9423757.16283216,31844420.560526546,25365.58536585366,9424100.817208692,31845364.743166167,25365.58536585366,9424346.636879435,31845275.272123016,26341.146341463416,9424002.982502904,31844331.0894834,26341.146341463416
9424395.55423233,31845792.098964404,25853.36585365854,6.2151224417371775,9424100.817208692,31845364.743166167,25365.58536585366,9424444.471585225,31846308.925805785,25365.58536585366,9424690.291255968,31846219.454762638,26341.146341463416,9424346.636879435,31845275.272123016,26341.146341463416
9424739.208608864,31846736.28160402,25853.36585365854,4.02504712929551,9424444.471585225,31846308.925805785,25365.58536585366,9424788.125961758,31847253.108445406,25365.58536585366,9425033.9456325,31847163.63740226,26341.146341463416,9424690.291255968,31846219.454762638,26341.146341463416
9425082.862985395,31847680.46424364,25853.36585365854,4.290866456041578,9424788.125961758,31847253.108445406,25365.58536585366,9425131.780338291,31848197.291085027,25365.58536585366,9425377.600009033,31848107.820041876,26341.146341463416,9425033.9456325,31847163.63740226,26341.146341463416
9425426.517361928,31848624.64688326,25853.36585365854,3.5406726478172152,9425131.780338291,31848197.291085027,25365.58536585366,9425475.434714822,31849141.473724645,25365.58536585366,9425721.254385566,31849052.002681497,26341.146341463416,9425377.600009033,31848107.820041876,26341.146341463416
9425770.17173846,31849568.82952288,25853.36585365854,3.0565446486560477,9425475.434714822,31849141.473724645,25365.58536585366,9425819.089091355,31850085.656364266,25365.58536585366,9426064.9087621,31849996.185321122,26341.146341463416,9425721.254385566,31849052.002681497,26341.146341463416
9426113.826114994,31850513.0121625,25853.36585365854,2.7825031258836117,9425819.089091355,31850085.656364266,25365.58536585366,9426162.743467888,31851029.839003887,25365.58536585366,9426408.563138632,31850940.36796074,26341.146341463416,9426064.9087621,31849996.185321122,26341.146341463416
9426457.480491526,31851457.19480212,25853.36585365854,3.0144252284985464,9426162.743467888,31851029.839003887,25365.58536585366,9426506.39784442,31851974.021643505,25365.58536585366,9426752.217515163,31851884.55060036,26341.146341463416,9426408.563138632,31850940.36796074,26341.146341463416
9426801.134868057,31852401.377441745,25853.36585365854,2.2624240333694736,9426506.39784442,31851974.021643505,25365.58536585366,9426850.052220954,31852918.204283126,25365.58536585366,9427095.871891696,31852828.733239982,26341.146341463416,9426752.217515163,31851884.55060036,26341.146341463416
9427144.789244592,31853345.560081366,25853.36585365854,1.4777123247936512,9426850.052220954,31852918.204283126,25365.58536585366,9427193.706597487,31853862.386922747,25365.58536585366,9427439.526268229,31853772.9158796,26341.146341463416,9427095.871891696,31852828.733239982,26341.146341463416
9427488.443621123,31854289.742720984,25853.36585365854,1.3976948224900467,9427193.706597487,31853862.386922747,25365.58536585366,9427537.360974018,31854806.569562368,25365.58536585366,9427783.180644762,31854717.09851922,26341.146341463416,9427439.526268229,31853772.9158796,26341.146341463416
9427832.097997656,31855233.925360605,25853.36585365854,1.3403517357999115,9427537.360974018,31854806.569562368,25365.58536585366,9427881.01535055,31855750.75220199,25365.58536585366,9428126.835021295,31855661.281158842,26341.146341463416,9427783.180644762,31854717.09851922,26341.146341463416
9428175.752374189,31856178.108000226,25853.36585365854,1.1596931101867478,9427881.01535055,31855750.75220199,25365.58536585366,9428224.669727083,31856694.93484161,25365.58536585366,9428470.489397828,31856605.46379846,26341.146341463416,9428126.835021295,31855661.281158842,26341.146341463416
9428519.406750722,31857122.290639848,25853.36585365854,1.4439471960471146,9428224.669727083,31856694.93484161,25365.58536585366,9428568.324103616,31857639.117481228,25365.58536585366,9428814.14377436,31857549.64643808,26341.146341463416,9428470.489397828,31856605.46379846,26341.146341463416
9428863.061127255,31858066.473279465,25853.36585365854,1.913746403810977,9428568.324103616,31857639.117481228,25365.58536585366,9428911.978480149,31858583.30012085,25365.58536585366,9429157.798150891,31858493.829077702,26341.146341463416,9428814.14377436,31857549.64643808,26341.146341463416
9429206.715503786,31859010.655919082,25853.36585365854,3.3766152957830906,9428911.978480149,31858583.30012085,25365.58536585366,9429255.632856682,31859527.48276047,25365.58536585366,9429501.452527424,31859438.01171732,26341.146341463416,9429157.798150891,31858493.829077702,26341.146341463416
9429550.36988032,31859954.838558704,25853.36585365854,3.794154006611405,9429255.632856682,31859527.48276047,25365.58536585366,9429599.287233215,31860471.665400088,25365.58536585366,9429845.106903957,31860382.19435694,26341.146341463416,9429501.452527424,31859438.01171732,26341.146341463416
9429894.024256852,31860899.021198325,25853.36585365854,3.5247220950308304,9429599.287233215,31860471.665400088,25365.58536585366,9429942.941609746,31861415.84803971,25365.58536585366,9430188.76128049,31861326.37699656,26341.146341463416,9429845.106903957,31860382.19435694,26341.146341463416
9430237.678633384,31861843.203837946,25853.36585365854,3.8821512162727068,9429942.941609746,31861415.84803971,25365.58536585366,9430286.595986279,31862360.03067933,25365.58536585366,9430532.415657023,31862270.55963618,26341.146341463416,9430188.76128049,31861326.37699656,26341.146341463416
9430581.333009917,31862787.386477564,25853.36585365854,4.909381263889698,9430286.595986279,31862360.03067933,25365.58536585366,9430630.250362812,31863304.213318948,25365.58536585366,9430876.070033554,31863214.7422758,26341.146341463416,9430532.415657023,31862270.55963618,26341.146341463416
9430924.987386448,31863731.56911718,25853.36585365854,4.995210127305491,9430630.250362812,31863304.213318948,25365.58536585366,9430973.904739344,31864248.395958565,25365.58536585366,9431219.724410087,31864158.92491542,26341.146341463416,9430876.070033554,31863214.7422758,26341.146341463416
9431268.641762981,31864675.751756802,25853.36585365854,4.965852145616818,9430973.904739344,31864248.395958565,25365.58536585366,9431317.559115877,31865192.578598186,25365.58536585366,9431563.37878662,31865103.107555043,26341.146341463416,9431219.724410087,31864158.92491542,26341.146341463416
9431612.296139514,31865619.934396427,25853.36585365854,5.849206488596704,9431317.559115877,31865192.578598186,25365.58536585366,9431661.213492408,31866136.761237808,25365.58536585366,9431907.033163153,31866047.29019466,26341.146341463416,9431563.37878662,31865103.107555043,26341.146341463416
9431955.950516047,31866564.11703605,25853.36585365854,6.782368946244388,9431661.213492408,31866136.761237808,25365.58536585366,9432004.867868941,31867080.943877425,25365.58536585366,9432250.687539686,31866991.47283428,26341.146341463416,9431907.033163153,31866047.29019466,26341.146341463416
9432299.60489258,31867508.299675666,25853.36585365854,6.974437664697089,9432004.867868941,31867080.943877425,25365.58536585366,9432348.522245474,31868025.12651705,25365.58536585366,9432594.341916218,31867935.655473903,26341.146341463416,9432250.687539686,31866991.47283428,26341.146341463416
9432643.259269113,31868452.482315283,25853.36585365854,6.451144562827242,9432348.522245474,31868025.12651705,25365.58536585366,9432692.176622007,31868969.30915667,25365.58536585366,9432937.99629275,31868879.83811352,26341.146341463416,9432594.341916218,31867935.655473903,26341.146341463416
9432986.913645646,31869396.664954904,25853.36585365854,5.0069481928759085,9432692.176622007,31868969.30915667,25365.58536585366,9433035.83099854,31869913.49179629,25365.58536585366,9433281.650669282,31869824.02075314,26341.146341463416,9432937.99629275,31868879.83811352,26341.146341463416
9433330.568022177,31870340.847594522,25853.36585365854,3.894769283934124,9433035.83099854,31869913.49179629,25365.58536585366,9433379.485375073,31870857.67443591,25365.58536585366,9433625.305045815,31870768.20339276,26341.146341463416,9433281.650669282,31869824.02075314,26341.146341463416
9433674.22239871,31871285.030234143,25853.36585365854,3.2858078424449797,9433379.485375073,31870857.67443591,25365.58536585366,9433723.139751606,31871801.85707553,25365.58536585366,9433968.959422348,31871712.38603238,26341.146341463416,9433625.305045815,31870768.20339276,26341.146341463416
9434017.876775242,31872229.212873764,25853.36585365854,3.4871796041741447,9433723.139751606,31871801.85707553,25365.58536585366,9434066.794128137,31872746.03971515,25365.58536585366,9434312.613798881,31872656.568672,26341.146341463416,9433968.959422348,31871712.38603238,26341.146341463416
9434361.531151775,31873173.395513386,25853.36585365854,3.4352941204633747,9434066.794128137,31872746.03971515,25365.58536585366,9434410.44850467,31873690.22235477,25365.58536585366,9434656.268175414,31873600.75131162,26341.146341463416,9434312.613798881,31872656.568672,26341.146341463416
9434705.185528308,31874117.578153003,25853.36585365854,4.122151975957998,9434410.44850467,31873690.22235477,25365.58536585366,9434754.102881202,31874634.404994387,25365.58536585366,9434999.922551947,31874544.93395124,26341.146341463416,9434656.268175414,31873600.75131162,26341.146341463416
9435048.839904841,31875061.760792624,25853.36585365854,4.514259217083546,9434754.102881202,31874634.404994387,25365.58536585366,9435097.757257735,31875578.58763401,25365.58536585366,9435343.576928478,31875489.11659086,26341.146341463416,9434999.922551947,31874544.93395124,26341.146341463416
9435392.494281374,31876005.943432245,25853.36585365854,5.187916921711417,9435097.757257735,31875578.58763401,25365.58536585366,9435441.411634268,31876522.77027363,25365.58536585366,9435687.23130501,31876433.299230482,26341.146341463416,9435343.576928478,31875489.11659086,26341.146341463416
9435736.148657905,31876950.126071867,25853.36585365854,5.068907946563789,9435441.411634268,31876522.77027363,25365.58536585366,9435785.066010801,31877466.952913247,25365.58536585366,9436030.885681543,31877377.481870104,26341.146341463416,9435687.23130501,31876433.299230482,26341.146341463416
9436079.803034438,31877894.308711484,25853.36585365854,4.823303993834274,9435785.066010801,31877466.952913247,25365.58536585366,9436128.720387334,31878411.13555287,25365.58536585366,9436374.540058076,31878321.664509725,26341.146341463416,9436030.885681543,31877377.481870104,26341.146341463416
9436423.45741097,31878838.491351105,25853.36585365854,5.065305699437054,9436128.720387334,31878411.13555287,25365.58536585366,9436472.374763865,31879355.31819249,25365.58536585366,9436718.19443461,31879265.847149342,26341.146341463416,9436374.540058076,31878321.664509725,26341.146341463416
9436767.111787504,31879782.673990726,25853.36585365854,4.478362787448858,9436472.374763865,31879355.31819249,25365.58536585366,9436816.029140398,31880299.500832107,25365.58536585366,9437061.848811142,31880210.029788963,26341.146341463416,9436718.19443461,31879265.847149342,26341.146341463416
9437110.766164036,31880726.856630348,25853.36585365854,3.7491652244430855,9436816.029140398,31880299.500832107,25365.58536585366,9437159.68351693,31881243.68347173,25365.58536585366,9437405.503187675,31881154.212428585,26341.146341463416,9437061.848811142,31880210.029788963,26341.146341463416
9437454.42054057,31881671.03926997,25853.36585365854,3.129600595740791,9437159.68351693,31881243.68347173,25365.58536585366,9437503.337893464,31882187.866111353,25365.58536585366,9437749.157564206,31882098.395068202,26341.146341463416,9437405.503187675,31881154.212428585,26341.146341463416
9437798.074917102,31882615.221909586,25853.36585365854,2.2841435294394477,9437503.337893464,31882187.866111353,25365.58536585366,9437846.992269997,31883132.04875097,25365.58536585366,9438092.811940739,31883042.577707823,26341.146341463416,9437749.157564206,31882098.395068202,26341.146341463416
9438141.729293633,31883559.404549208,25853.36585365854,2.555626239261648,9437846.992269997,31883132.04875097,25365.58536585366,9438190.64664653,31884076.23139059,25365.58536585366,9438436.466317272,31883986.760347445,26341.146341463416,9438092.811940739,31883042.577707823,26341.146341463416
9438485.383670166,31884503.58718883,25853.36585365854,2.8579265525846362,9438190.64664653,31884076.23139059,25365.58536585366,9438534.301023062,31885020.414030213,25365.58536585366,9438780.120693805,31884930.942987062,26341.146341463416,9438436.466317272,31883986.760347445,26341.146341463416
9438829.038046699,31885447.769828446,25853.36585365854,2.425647907170656,9438534.301023062,31885020.414030213,25365.58536585366,9438877.955399593,31885964.59666983,25365.58536585366,9439123.775070336,31885875.12562668,26341.146341463416,9438780.120693805,31884930.942987062,26341.146341463416
9439172.69242323,31886391.952468067,25853.36585365854,2.181517862699946,9438877.955399593,31885964.59666983,25365.58536585366,9439221.609776126,31886908.779309448,25365.58536585366,9439467.429446869,31886819.3082663,26341.146341463416,9439123.775070336,31885875.12562668,26341.146341463416
9439516.346799763,31887336.135107685,25853.36585365854,1.5705197507687625,9439221.609776126,31886908.779309448,25365.58536585366,9439565.26415266,31887852.96194907,25365.58536585366,9439811.083823401,31887763.490905922,26341.146341463416,9439467.429446869,31886819.3082663,26341.146341463416
9439860.001176296,31888280.317747302,25853.36585365854,1.6116542980869755,9439565.26415266,31887852.96194907,25365.58536585366,9439908.918529192,31888797.14458869,25365.58536585366,9440154.738199934,31888707.67354554,26341.146341463416,9439811.083823401,31887763.490905922,26341.146341463416
9440203.655552829,31889224.500386924,25853.36585365854,1.6727919424725615,9439908.918529192,31888797.14458869,25365.58536585366,9440252.572905723,31889741.327228308,25365.58536585366,9440498.392576467,31889651.856185164,26341.146341463416,9440154.738199934,31888707.67354554,26341.146341463416
9440547.309929362,31890168.683026545,25853.36585365854,1.4159713394217026,9440252.572905723,31889741.327228308,25365.58536585366,9440596.227282256,31890685.50986793,25365.58536585366,9440842.046953,31890596.038824786,26341.146341463416,9440498.392576467,31889651.856185164,26341.146341463416
9440890.964305894,31891112.865666162,25853.36585365854,1.424085667800076,9440596.227282256,31890685.50986793,25365.58536585366,9440939.881658789,31891629.69250755,25365.58536585366,9441185.701329533,31891540.221464403,26341.146341463416,9440842.046953,31890596.038824786,26341.146341463416
9441234.618682427,31892057.048305787,25853.36585365854,1.6797693066873967,9440939.881658789,31891629.69250755,25365.58536585366,9441283.536035322,31892573.875147168,25365.58536585366,9441529.355706064,31892484.404104024,26341.146341463416,9441185.701329533,31891540.221464403,26341.146341463416
9441578.273058958,31893001.23094541,25853.36585365854,2.4219764330428677,9441283.536035322,31892573.875147168,25365.58536585366,9441627.190411855,31893518.05778679,25365.58536585366,9441873.010082597,31893428.586743645,26341.146341463416,9441529.355706064,31892484.404104024,26341.146341463416
9441921.927435491,31893945.41358503,25853.36585365854,2.02545317929887,9441627.190411855,31893518.05778679,25365.58536585366,9441970.844788387,31894462.240426414,25365.58536585366,9442216.66445913,31894372.769383263,26341.146341463416,9441873.010082597,31893428.586743645,26341.146341463416
9442265.581812024,31894889.596224647,25853.36585365854,1.3328985299618454,9441970.844788387,31894462.240426414,25365.58536585366,9442314.49916492,31895406.42306603,25365.58536585366,9442560.31883566,31895316.952022884,26341.146341463416,9442216.66445913,31894372.769383263,26341.146341463416
9442609.236188557,31895833.77886427,25853.36585365854,1.1110114600210057,9442314.49916492,31895406.42306603,25365.58536585366,9442658.153541451,31896350.605705652,25365.58536585366,9442903.973212194,31896261.134662505,26341.146341463416,9442560.31883566,31895316.952022884,26341.146341463416
9442952.89056509,31896777.96150389,25853.36585365854,0.818655092816129,9442658.153541451,31896350.605705652,25365.58536585366,9443001.807917984,31897294.788345274,25365.58536585366,9443247.627588727,31897205.317302123,26341.146341463416,9442903.973212194,31896261.134662505,26341.146341463416
9443296.544941623,31897722.14414351,25853.36585365854,0.8163193755773012,9443001.807917984,31897294.788345274,25365.58536585366,9443345.462294517,31898238.97098489,25365.58536585366,9443591.28196526,31898149.499941744,26341.146341463416,9443247.627588727,31897205.317302123,26341.146341463416
9443640.199318156,31898666.326783124,25853.36585365854,0.7970214775895368,9443345.462294517,31898238.97098489,25365.58536585366,9443689.11667105,31899183.153624512,25365.58536585366,9443934.93634179,31899093.68258136,26341.146341463416,9443591.28196526,31898149.499941744,26341.146341463416
9443983.853694687,31899610.509422746,25853.36585365854,0.7803396320989777,9443689.11667105,31899183.153624512,25365.58536585366,9444032.771047583,31900127.336264133,25365.58536585366,9444278.590718323,31900037.865220983,26341.146341463416,9443934.93634179,31899093.68258136,26341.146341463416
9444327.50807122,31900554.692062367,25853.36585365854,0.6916105902323421,9444032.771047583,31900127.336264133,25365.58536585366,9444376.425424116,31901071.51890375,25365.58536585366,9444622.245094856,31900982.047860604,26341.146341463416,9444278.590718323,31900037.865220983,26341.146341463416
9444671.162447752,31901498.874701988,25853.36585365854,0.5799286013802893,9444376.425424116,31901071.51890375,25365.58536585366,9444720.079800649,31902015.701543372,25365.58536585366,9444965.89947139,31901926.23050022,26341.146341463416,9444622.245094856,31900982.047860604,26341.146341463416
9419142.90387855,31830595.705687333,26828.926829268297,10.35705827490466,9418848.166854914,31830168.3498891,26341.146341463416,9419191.821231447,31831112.532528717,26341.146341463416,9419437.640902186,31831023.061485574,27316.707317073175,9419093.986525653,31830078.87884595,27316.707317073175
9419486.55825508,31831539.888326954,26828.926829268297,10.508230900852816,9419191.821231447,31831112.532528717,26341.146341463416,9419535.47560798,31832056.71516834,26341.146341463416,9419781.295278717,31831967.244125195,27316.707317073175,9419437.640902186,31831023.061485574,27316.707317073175
9419830.212631615,31832484.070966575,26828.926829268297,10.48741905383737,9419535.47560798,31832056.71516834,26341.146341463416,9419879.129984513,31833000.897807956,26341.146341463416,9420124.94965525,31832911.426764812,27316.707317073175,9419781.295278717,31831967.244125195,27316.707317073175
9420173.867008146,31833428.253606193,26828.926829268297,10.405561802283552,9419879.129984513,31833000.897807956,26341.146341463416,9420222.784361044,31833945.080447577,26341.146341463416,9420468.604031783,31833855.609404434,27316.707317073175,9420124.94965525,31832911.426764812,27316.707317073175
9420517.521384679,31834372.436245818,26828.926829268297,10.518697340311649,9420222.784361044,31833945.080447577,26341.146341463416,9420566.438737577,31834889.2630872,26341.146341463416,9420812.258408315,31834799.792044055,27316.707317073175,9420468.604031783,31833855.609404434,27316.707317073175
9420861.175761212,31835316.61888544,26828.926829268297,11.039621167720474,9420566.438737577,31834889.2630872,26341.146341463416,9420910.09311411,31835833.445726816,26341.146341463416,9421155.912784848,31835743.974683672,27316.707317073175,9420812.258408315,31834799.792044055,27316.707317073175
9421204.830137743,31836260.801525056,26828.926829268297,10.375704533731612,9420910.09311411,31835833.445726816,26341.146341463416,9421253.747490643,31836777.62836644,26341.146341463416,9421499.567161381,31836688.157323293,27316.707317073175,9421155.912784848,31835743.974683672,27316.707317073175
9421548.484514277,31837204.984164678,26828.926829268297,9.852800311310759,9421253.747490643,31836777.62836644,26341.146341463416,9421597.401867175,31837721.81100606,26341.146341463416,9421843.221537912,31837632.339962915,27316.707317073175,9421499.567161381,31836688.157323293,27316.707317073175
9421892.138890808,31838149.166804295,26828.926829268297,10.681515427521163,9421597.401867175,31837721.81100606,26341.146341463416,9421941.056243708,31838665.99364568,26341.146341463416,9422186.875914445,31838576.522602532,27316.707317073175,9421843.221537912,31837632.339962915,27316.707317073175
9422235.793267343,31839093.349443916,26828.926829268297,11.628215886959309,9421941.056243708,31838665.99364568,26341.146341463416,9422284.710620241,31839610.1762853,26341.146341463416,9422530.530290978,31839520.705242153,27316.707317073175,9422186.875914445,31838576.522602532,27316.707317073175
9422579.447643874,31840037.532083537,26828.926829268297,10.907750324930458,9422284.710620241,31839610.1762853,26341.146341463416,9422628.364996772,31840554.35892492,26341.146341463416,9422874.18466751,31840464.887881774,27316.707317073175,9422530.530290978,31839520.705242153,27316.707317073175
9422923.102020407,31840981.714723155,26828.926829268297,10.61630289248732,9422628.364996772,31840554.35892492,26341.146341463416,9422972.019373305,31841498.54156454,26341.146341463416,9423217.839044044,31841409.070521392,27316.707317073175,9422874.18466751,31840464.887881774,27316.707317073175
9423266.75639694,31841925.897362772,26828.926829268297,10.173040809414536,9422972.019373305,31841498.54156454,26341.146341463416,9423315.673749838,31842442.724204157,26341.146341463416,9423561.493420575,31842353.25316101,27316.707317073175,9423217.839044044,31841409.070521392,27316.707317073175
9423610.410773471,31842870.080002394,26828.926829268297,10.02880242333539,9423315.673749838,31842442.724204157,26341.146341463416,9423659.32812637,31843386.906843778,26341.146341463416,9423905.147797108,31843297.43580063,27316.707317073175,9423561.493420575,31842353.25316101,27316.707317073175
9423954.065150006,31843814.262642015,26828.926829268297,10.71755584360062,9423659.32812637,31843386.906843778,26341.146341463416,9424002.982502904,31844331.0894834,26341.146341463416,9424248.80217364,31844241.618440256,27316.707317073175,9423905.147797108,31843297.43580063,27316.707317073175
9424297.719526537,31844758.445281636,26828.926829268297,11.16895458527037,9424002.982502904,31844331.0894834,26341.146341463416,9424346.636879435,31845275.272123016,26341.146341463416,9424592.456550173,31845185.801079873,27316.707317073175,9424248.80217364,31844241.618440256,27316.707317073175
9424641.373903068,31845702.627921253,26828.926829268297,10.597887609022287,9424346.636879435,31845275.272123016,26341.146341463416,9424690.291255968,31846219.454762638,26341.146341463416,9424936.110926706,31846129.983719494,27316.707317073175,9424592.456550173,31845185.801079873,27316.707317073175
9424985.028279603,31846646.810560875,26828.926829268297,9.666889450872585,9424690.291255968,31846219.454762638,26341.146341463416,9425033.9456325,31847163.63740226,26341.146341463416,9425279.76530324,31847074.166359115,27316.707317073175,9424936.110926706,31846129.983719494,27316.707317073175
9425328.682656135,31847590.993200496,26828.926829268297,7.195155211757019,9425033.9456325,31847163.63740226,26341.146341463416,9425377.600009033,31848107.820041876,26341.146341463416,9425623.419679772,31848018.348998733,27316.707317073175,9425279.76530324,31847074.166359115,27316.707317073175
9425672.337032668,31848535.175840117,26828.926829268297,5.219106783067659,9425377.600009033,31848107.820041876,26341.146341463416,9425721.254385566,31849052.002681497,26341.146341463416,9425967.074056303,31848962.531638354,27316.707317073175,9425623.419679772,31848018.348998733,27316.707317073175
9426015.9914092,31849479.35847974,26828.926829268297,4.6078382976109635,9425721.254385566,31849052.002681497,26341.146341463416,9426064.9087621,31849996.185321122,26341.146341463416,9426310.728432836,31849906.714277975,27316.707317073175,9425967.074056303,31848962.531638354,27316.707317073175
9426359.645785734,31850423.541119356,26828.926829268297,4.143988600177539,9426064.9087621,31849996.185321122,26341.146341463416,9426408.563138632,31850940.36796074,26341.146341463416,9426654.382809369,31850850.896917593,27316.707317073175,9426310.728432836,31849906.714277975,27316.707317073175
9426703.300162265,31851367.723758977,26828.926829268297,5.677541826805839,9426408.563138632,31850940.36796074,26341.146341463416,9426752.217515163,31851884.55060036,26341.146341463416,9426998.037185902,31851795.079557214,27316.707317073175,9426654.382809369,31850850.896917593,27316.707317073175
9427046.954538796,31852311.906398598,26828.926829268297,5.146327726207783,9426752.217515163,31851884.55060036,26341.146341463416,9427095.871891696,31852828.733239982,26341.146341463416,9427341.691562435,31852739.262196835,27316.707317073175,9426998.037185902,31851795.079557214,27316.707317073175
9427390.60891533,31853256.08903822,26828.926829268297,4.264029409910942,9427095.871891696,31852828.733239982,26341.146341463416,9427439.526268229,31853772.9158796,26341.146341463416,9427685.345938968,31853683.444836453,27316.707317073175,9427341.691562435,31852739.262196835,27316.707317073175
9427734.263291864,31854200.271677837,26828.926829268297,3.600216299173026,9427439.526268229,31853772.9158796,26341.146341463416,9427783.180644762,31854717.09851922,26341.146341463416,9428029.0003155,31854627.627476074,27316.707317073175,9427685.345938968,31853683.444836453,27316.707317073175
9428077.917668397,31855144.454317458,26828.926829268297,2.7908598962290205,9427783.180644762,31854717.09851922,26341.146341463416,9428126.835021295,31855661.281158842,26341.146341463416,9428372.654692031,31855571.810115695,27316.707317073175,9428029.0003155,31854627.627476074,27316.707317073175
9428421.572044928,31856088.63695708,26828.926829268297,3.7909530762952794,9428126.835021295,31855661.281158842,26341.146341463416,9428470.489397828,31856605.46379846,26341.146341463416,9428716.309068564,31856515.992755312,27316.707317073175,9428372.654692031,31855571.810115695,27316.707317073175
9428765.226421462,31857032.819596697,26828.926829268297,3.8008780577304817,9428470.489397828,31856605.46379846,26341.146341463416,9428814.14377436,31857549.64643808,26341.146341463416,9429059.963445097,31857460.175394934,27316.707317073175,9428716.309068564,31856515.992755312,27316.707317073175
9429108.880797993,31857977.002236314,26828.926829268297,4.215176246386901,9428814.14377436,31857549.64643808,26341.146341463416,9429157.798150891,31858493.829077702,26341.146341463416,9429403.61782163,31858404.358034555,27316.707317073175,9429059.963445097,31857460.175394934,27316.707317073175
9429452.535174524,31858921.184875935,26828.926829268297,4.916035676341437,9429157.798150891,31858493.829077702,26341.146341463416,9429501.452527424,31859438.01171732,26341.146341463416,9429747.272198163,31859348.540674176,27316.707317073175,9429403.61782163,31858404.358034555,27316.707317073175
9429796.18955106,31859865.367515557,26828.926829268297,5.616720809197265,9429501.452527424,31859438.01171732,26341.146341463416,9429845.106903957,31860382.19435694,26341.146341463416,9430090.926574696,31860292.723313797,27316.707317073175,9429747.272198163,31859348.540674176,27316.707317073175
9430139.843927592,31860809.550155178,26828.926829268297,6.104555754476708,9429845.106903957,31860382.19435694,26341.146341463416,9430188.76128049,31861326.37699656,26341.146341463416,9430434.580951229,31861236.905953415,27316.707317073175,9430090.926574696,31860292.723313797,27316.707317073175
9430483.498304125,31861753.7327948,26828.926829268297,6.4869571890880415,9430188.76128049,31861326.37699656,26341.146341463416,9430532.415657023,31862270.55963618,26341.146341463416,9430778.23532776,31862181.088593036,27316.707317073175,9430434.580951229,31861236.905953415,27316.707317073175
9430827.152680656,31862697.915434416,26828.926829268297,6.3474479083403095,9430532.415657023,31862270.55963618,26341.146341463416,9430876.070033554,31863214.7422758,26341.146341463416,9431121.889704293,31863125.271232653,27316.707317073175,9430778.23532776,31862181.088593036,27316.707317073175
9431170.807057189,31863642.098074038,26828.926829268297,7.068836664230154,9430876.070033554,31863214.7422758,26341.146341463416,9431219.724410087,31864158.92491542,26341.146341463416,9431465.544080826,31864069.453872275,27316.707317073175,9431121.889704293,31863125.271232653,27316.707317073175
9431514.461433722,31864586.28071366,26828.926829268297,7.2247849902883345,9431219.724410087,31864158.92491542,26341.146341463416,9431563.37878662,31865103.107555043,26341.146341463416,9431809.198457358,31865013.636511896,27316.707317073175,9431465.544080826,31864069.453872275,27316.707317073175
9431858.115810253,31865530.46335328,26828.926829268297,6.110822271709221,9431563.37878662,31865103.107555043,26341.146341463416,9431907.033163153,31866047.29019466,26341.146341463416,9432152.85283389,31865957.819151513,27316.707317073175,9431809.198457358,31865013.636511896,27316.707317073175
9432201.770186787,31866474.645992897,26828.926829268297,6.507992586801315,9431907.033163153,31866047.29019466,26341.146341463416,9432250.687539686,31866991.47283428,26341.146341463416,9432496.507210422,31866902.001791134,27316.707317073175,9432152.85283389,31865957.819151513,27316.707317073175
9432545.424563318,31867418.828632515,26828.926829268297,7.6214615217894,9432250.687539686,31866991.47283428,26341.146341463416,9432594.341916218,31867935.655473903,26341.146341463416,9432840.161586955,31867846.184430752,27316.707317073175,9432496.507210422,31866902.001791134,27316.707317073175
9432889.078939853,31868363.011272136,26828.926829268297,6.668302289482826,9432594.341916218,31867935.655473903,26341.146341463416,9432937.99629275,31868879.83811352,26341.146341463416,9433183.815963488,31868790.367070373,27316.707317073175,9432840.161586955,31867846.184430752,27316.707317073175
9433232.733316384,31869307.193911757,26828.926829268297,4.786420744301166,9432937.99629275,31868879.83811352,26341.146341463416,9433281.650669282,31869824.02075314,26341.146341463416,9433527.470340021,31869734.549709994,27316.707317073175,9433183.815963488,31868790.367070373,27316.707317073175
9433576.387692917,31870251.376551375,26828.926829268297,3.794520845207043,9433281.650669282,31869824.02075314,26341.146341463416,9433625.305045815,31870768.20339276,26341.146341463416,9433871.124716554,31870678.732349616,27316.707317073175,9433527.470340021,31869734.549709994,27316.707317073175
9433920.04206945,31871195.559190996,26828.926829268297,3.30412039524274,9433625.305045815,31870768.20339276,26341.146341463416,9433968.959422348,31871712.38603238,26341.146341463416,9434214.779093087,31871622.914989237,27316.707317073175,9433871.124716554,31870678.732349616,27316.707317073175
9434263.696445981,31872139.741830617,26828.926829268297,2.775479660848229,9433968.959422348,31871712.38603238,26341.146341463416,9434312.613798881,31872656.568672,26341.146341463416,9434558.433469618,31872567.097628858,27316.707317073175,9434214.779093087,31871622.914989237,27316.707317073175
9434607.350822516,31873083.92447024,26828.926829268297,3.8451199374521434,9434312.613798881,31872656.568672,26341.146341463416,9434656.268175414,31873600.75131162,26341.146341463416,9434902.08784615,31873511.280268475,27316.707317073175,9434558.433469618,31872567.097628858,27316.707317073175
9434951.005199047,31874028.10710986,26828.926829268297,4.361524210217129,9434656.268175414,31873600.75131162,26341.146341463416,9434999.922551947,31874544.93395124,26341.146341463416,9435245.742222684,31874455.462908097,27316.707317073175,9434902.08784615,31873511.280268475,27316.707317073175
9435294.659575582,31874972.28974948,26828.926829268297,4.891533821293342,9434999.922551947,31874544.93395124,26341.146341463416,9435343.576928478,31875489.11659086,26341.146341463416,9435589.396599216,31875399.645547718,27316.707317073175,9435245.742222684,31874455.462908097,27316.707317073175
9435638.313952113,31875916.472389102,26828.926829268297,6.271959763495541,9435343.576928478,31875489.11659086,26341.146341463416,9435687.23130501,31876433.299230482,26341.146341463416,9435933.05097575,31876343.828187335,27316.707317073175,9435589.396599216,31875399.645547718,27316.707317073175
9435981.968328645,31876860.65502872,26828.926829268297,5.976751616622514,9435687.23130501,31876433.299230482,26341.146341463416,9436030.885681543,31877377.481870104,26341.146341463416,9436276.705352282,31877288.010826956,27316.707317073175,9435933.05097575,31876343.828187335,27316.707317073175
9436325.622705178,31877804.83766834,26828.926829268297,6.644321060538087,9436030.885681543,31877377.481870104,26341.146341463416,9436374.540058076,31878321.664509725,26341.146341463416,9436620.359728815,31878232.193466578,27316.707317073175,9436276.705352282,31877288.010826956,27316.707317073175
9436669.27708171,31878749.020307958,26828.926829268297,8.398270663781407,9436374.540058076,31878321.664509725,26341.146341463416,9436718.19443461,31879265.847149342,26341.146341463416,9436964.014105346,31879176.376106195,27316.707317073175,9436620.359728815,31878232.193466578,27316.707317073175
9437012.931458244,31879693.20294758,26828.926829268297,8.284674264428373,9436718.19443461,31879265.847149342,26341.146341463416,9437061.848811142,31880210.029788963,26341.146341463416,9437307.668481879,31880120.558745816,27316.707317073175,9436964.014105346,31879176.376106195,27316.707317073175
9437356.585834775,31880637.3855872,26828.926829268297,7.686925859636964,9437061.848811142,31880210.029788963,26341.146341463416,9437405.503187675,31881154.212428585,26341.146341463416,9437651.322858412,31881064.741385438,27316.707317073175,9437307.668481879,31880120.558745816,27316.707317073175
9437700.24021131,31881581.568226818,26828.926829268297,7.189467708456801,9437405.503187675,31881154.212428585,26341.146341463416,9437749.157564206,31882098.395068202,26341.146341463416,9437994.977234945,31882008.924025055,27316.707317073175,9437651.322858412,31881064.741385438,27316.707317073175
9438043.89458784,31882525.75086644,26828.926829268297,3.8786078023233053,9437749.157564206,31882098.395068202,26341.146341463416,9438092.811940739,31883042.577707823,26341.146341463416,9438338.631611478,31882953.106664676,27316.707317073175,9437994.977234945,31882008.924025055,27316.707317073175
9438387.548964374,31883469.93350606,26828.926829268297,2.7391513500569924,9438092.811940739,31883042.577707823,26341.146341463416,9438436.466317272,31883986.760347445,26341.146341463416,9438682.28598801,31883897.289304297,27316.707317073175,9438338.631611478,31882953.106664676,27316.707317073175
9438731.203340907,31884414.116145678,26828.926829268297,2.4504327522109723,9438436.466317272,31883986.760347445,26341.146341463416,9438780.120693805,31884930.942987062,26341.146341463416,9439025.940364543,31884841.47194392,27316.707317073175,9438682.28598801,31883897.289304297,27316.707317073175
9439074.857717438,31885358.2987853,26828.926829268297,2.421031498412001,9438780.120693805,31884930.942987062,26341.146341463416,9439123.775070336,31885875.12562668,26341.146341463416,9439369.594741074,31885785.654583536,27316.707317073175,9439025.940364543,31884841.47194392,27316.707317073175
9439418.51209397,31886302.481424917,26828.926829268297,2.9147553438197504,9439123.775070336,31885875.12562668,26341.146341463416,9439467.429446869,31886819.3082663,26341.146341463416,9439713.249117607,31886729.837223157,27316.707317073175,9439369.594741074,31885785.654583536,27316.707317073175
9439762.166470503,31887246.66406454,26828.926829268297,2.154605541834259,9439467.429446869,31886819.3082663,26341.146341463416,9439811.083823401,31887763.490905922,26341.146341463416,9440056.90349414,31887674.01986278,27316.707317073175,9439713.249117607,31886729.837223157,27316.707317073175
9440105.820847034,31888190.84670416,26828.926829268297,1.651734322612577,9439811.083823401,31887763.490905922,26341.146341463416,9440154.738199934,31888707.67354554,26341.146341463416,9440400.557870673,31888618.202502396,27316.707317073175,9440056.90349414,31887674.01986278,27316.707317073175
9440449.47522357,31889135.02934378,26828.926829268297,2.009004418006244,9440154.738199934,31888707.67354554,26341.146341463416,9440498.392576467,31889651.856185164,26341.146341463416,9440744.212247204,31889562.385142017,27316.707317073175,9440400.557870673,31888618.202502396,27316.707317073175
9440793.1296001,31890079.2119834,26828.926829268297,1.9706959130505393,9440498.392576467,31889651.856185164,26341.146341463416,9440842.046953,31890596.038824786,26341.146341463416,9441087.866623737,31890506.56778164,27316.707317073175,9440744.212247204,31889562.385142017,27316.707317073175
9441136.783976635,31891023.39462302,26828.926829268297,1.4543698155666311,9440842.046953,31890596.038824786,26341.146341463416,9441185.701329533,31891540.221464403,26341.146341463416,9441431.52100027,31891450.750421256,27316.707317073175,9441087.866623737,31890506.56778164,27316.707317073175
9441480.438353166,31891967.57726264,26828.926829268297,0.9739908167442,9441185.701329533,31891540.221464403,26341.146341463416,9441529.355706064,31892484.404104024,26341.146341463416,9441775.175376803,31892394.933060877,27316.707317073175,9441431.52100027,31891450.750421256,27316.707317073175
9441824.092729699,31892911.75990226,26828.926829268297,1.2692896089744323,9441529.355706064,31892484.404104024,26341.146341463416,9441873.010082597,31893428.586743645,26341.146341463416,9442118.829753336,31893339.1157005,27316.707317073175,9441775.175376803,31892394.933060877,27316.707317073175
9442167.747106232,31893855.942541882,26828.926829268297,1.3192939581976073,9441873.010082597,31893428.586743645,26341.146341463416,9442216.66445913,31894372.769383263,26341.146341463416,9442462.484129868,31894283.298340116,27316.707317073175,9442118.829753336,31893339.1157005,27316.707317073175
9442511.401482763,31894800.1251815,26828.926829268297,1.1801347975365941,9442216.66445913,31894372.769383263,26341.146341463416,9442560.31883566,31895316.952022884,26341.146341463416,9442806.138506401,31895227.480979737,27316.707317073175,9442462.484129868,31894283.298340116,27316.707317073175
9442855.055859298,31895744.30782112,26828.926829268297,1.1027726504464905,9442560.31883566,31895316.952022884,26341.146341463416,9442903.973212194,31896261.134662505,26341.146341463416,9443149.792882932,31896171.663619354,27316.707317073175,9442806.138506401,31895227.480979737,27316.707317073175
9443198.710235829,31896688.490460742,26828.926829268297,0.8572415842150618,9442903.973212194,31896261.134662505,26341.146341463416,9443247.627588727,31897205.317302123,26341.146341463416,9443493.447259465,31897115.846258976,27316.707317073175,9443149.792882932,31896171.663619354,27316.707317073175
9443542.364612363,31897632.67310036,26828.926829268297,0.9069694904394755,9443247.627588727,31897205.317302123,26341.146341463416,9443591.28196526,31898149.499941744,26341.146341463416,9443837.101635998,31898060.0288986,27316.707317073175,9443493.447259465,31897115.846258976,27316.707317073175
9443886.018988894,31898576.855739977,26828.926829268297,1.4581477275162666,9443591.28196526,31898149.499941744,26341.146341463416,9443934.93634179,31899093.68258136,26341.146341463416,9444180.756012531,31899004.211538218,27316.707317073175,9443837.101635998,31898060.0288986,27316.707317073175
9444229.673365427,31899521.0383796,26828.926829268297,1.6318587511880935,9443934.93634179,31899093.68258136,26341.146341463416,9444278.590718323,31900037.865220983,26341.146341463416,9444524.410389064,31899948.39417784,27316.707317073175,9444180.756012531,31899004.211538218,27316.707317073175
9444573.32774196,31900465.221019223,26828.926829268297,1.0430443651636876,9444278.590718323,31900037.865220983,26341.146341463416,9444622.245094856,31900982.047860604,26341.146341463416,9444868.064765597,31900892.57681746,27316.707317073175,9444524.410389064,31899948.39417784,27316.707317073175
9444916.982118491,31901409.40365884,26828.926829268297,0.8714857229806335,9444622.245094856,31900982.047860604,26341.146341463416,9444965.89947139,31901926.23050022,26341.146341463416,9445211.71914213,31901836.759457078,27316.707317073175,9444868.064765597,31900892.57681746,27316.707317073175
9419388.723549288,31830506.23464419,27804.487804878052,10.5910174734119,9419093.986525653,31830078.87884595,27316.707317073175,9419437.640902186,31831023.061485574,27316.707317073175,9419683.460572924,31830933.590442427,28292.26829268293,9419339.806196392,31829989.407802805,28292.26829268293
9419732.37792582,31831450.41728381,27804.487804878052,11.507797019417115,9419437.640902186,31831023.061485574,27316.707317073175,9419781.295278717,31831967.244125195,27316.707317073175,9420027.114949457,31831877.773082048,28292.26829268293,9419683.460572924,31830933.590442427,28292.26829268293
9420076.032302354,31832394.599923432,27804.487804878052,11.76230309516095,9419781.295278717,31831967.244125195,27316.707317073175,9420124.94965525,31832911.426764812,27316.707317073175,9420370.76932599,31832821.955721665,28292.26829268293,9420027.114949457,31831877.773082048,28292.26829268293
9420419.686678885,31833338.78256305,27804.487804878052,10.738665168173199,9420124.94965525,31832911.426764812,27316.707317073175,9420468.604031783,31833855.609404434,27316.707317073175,9420714.423702523,31833766.138361286,28292.26829268293,9420370.76932599,31832821.955721665,28292.26829268293
9420763.34105542,31834282.96520267,27804.487804878052,10.702325796841954,9420468.604031783,31833855.609404434,27316.707317073175,9420812.258408315,31834799.792044055,27316.707317073175,9421058.078079056,31834710.321000908,28292.26829268293,9420714.423702523,31833766.138361286,28292.26829268293
9421106.99543195,31835227.14784229,27804.487804878052,11.220898186062117,9420812.258408315,31834799.792044055,27316.707317073175,9421155.912784848,31835743.974683672,27316.707317073175,9421401.732455587,31835654.503640525,28292.26829268293,9421058.078079056,31834710.321000908,28292.26829268293
9421450.649808485,31836171.33048191,27804.487804878052,11.288940874269134,9421155.912784848,31835743.974683672,27316.707317073175,9421499.567161381,31836688.157323293,27316.707317073175,9421745.38683212,31836598.686280146,28292.26829268293,9421401.732455587,31835654.503640525,28292.26829268293
9421794.304185016,31837115.51312153,27804.487804878052,11.76174867697265,9421499.567161381,31836688.157323293,27316.707317073175,9421843.221537912,31837632.339962915,27316.707317073175,9422089.041208653,31837542.868919767,28292.26829268293,9421745.38683212,31836598.686280146,28292.26829268293
9422137.958561549,31838059.695761148,27804.487804878052,13.747402236279623,9421843.221537912,31837632.339962915,27316.707317073175,9422186.875914445,31838576.522602532,27316.707317073175,9422432.695585186,31838487.051559385,28292.26829268293,9422089.041208653,31837542.868919767,28292.26829268293
9422481.612938082,31839003.87840077,27804.487804878052,13.710352518796817,9422186.875914445,31838576.522602532,27316.707317073175,9422530.530290978,31839520.705242153,27316.707317073175,9422776.349961719,31839431.23419901,28292.26829268293,9422432.695585186,31838487.051559385,28292.26829268293
9422825.267314613,31839948.06104039,27804.487804878052,12.842792199733998,9422530.530290978,31839520.705242153,27316.707317073175,9422874.18466751,31840464.887881774,27316.707317073175,9423120.004338251,31840375.41683863,28292.26829268293,9422776.349961719,31839431.23419901,28292.26829268293
9423168.921691148,31840892.243680008,27804.487804878052,11.644588932906215,9422874.18466751,31840464.887881774,27316.707317073175,9423217.839044044,31841409.070521392,27316.707317073175,9423463.658714782,31841319.59947825,28292.26829268293,9423120.004338251,31840375.41683863,28292.26829268293
9423512.576067679,31841836.42631963,27804.487804878052,11.33165080683333,9423217.839044044,31841409.070521392,27316.707317073175,9423561.493420575,31842353.25316101,27316.707317073175,9423807.313091315,31842263.782117866,28292.26829268293,9423463.658714782,31841319.59947825,28292.26829268293
9423856.23044421,31842780.60895925,27804.487804878052,10.623850337618606,9423561.493420575,31842353.25316101,27316.707317073175,9423905.147797108,31843297.43580063,27316.707317073175,9424150.967467848,31843207.964757487,28292.26829268293,9423807.313091315,31842263.782117866,28292.26829268293
9424199.884820744,31843724.79159887,27804.487804878052,11.364210926961698,9423905.147797108,31843297.43580063,27316.707317073175,9424248.80217364,31844241.618440256,27316.707317073175,9424494.621844381,31844152.14739711,28292.26829268293,9424150.967467848,31843207.964757487,28292.26829268293
9424543.539197277,31844668.974238493,27804.487804878052,12.406081272223904,9424248.80217364,31844241.618440256,27316.707317073175,9424592.456550173,31845185.801079873,27316.707317073175,9424838.276220912,31845096.330036726,28292.26829268293,9424494.621844381,31844152.14739711,28292.26829268293
9424887.19357381,31845613.15687811,27804.487804878052,11.751741241701955,9424592.456550173,31845185.801079873,27316.707317073175,9424936.110926706,31846129.983719494,27316.707317073175,9425181.930597445,31846040.512676347,28292.26829268293,9424838.276220912,31845096.330036726,28292.26829268293
9425230.847950341,31846557.33951773,27804.487804878052,11.223924346447735,9424936.110926706,31846129.983719494,27316.707317073175,9425279.76530324,31847074.166359115,27316.707317073175,9425525.584973976,31846984.69531597,28292.26829268293,9425181.930597445,31846040.512676347,28292.26829268293
9425574.502326876,31847501.52215735,27804.487804878052,10.897357086741076,9425279.76530324,31847074.166359115,27316.707317073175,9425623.419679772,31848018.348998733,27316.707317073175,9425869.239350509,31847928.877955586,28292.26829268293,9425525.584973976,31846984.69531597,28292.26829268293
9425918.156703407,31848445.70479697,27804.487804878052,10.084483163260645,9425623.419679772,31848018.348998733,27316.707317073175,9425967.074056303,31848962.531638354,27316.707317073175,9426212.893727042,31848873.060595207,28292.26829268293,9425869.239350509,31847928.877955586,28292.26829268293
9426261.811079938,31849389.88743659,27804.487804878052,9.536818520738883,9425967.074056303,31848962.531638354,27316.707317073175,9426310.728432836,31849906.714277975,27316.707317073175,9426556.548103575,31849817.243234828,28292.26829268293,9426212.893727042,31848873.060595207,28292.26829268293
9426605.465456473,31850334.07007621,27804.487804878052,10.208076691064232,9426310.728432836,31849906.714277975,27316.707317073175,9426654.382809369,31850850.896917593,27316.707317073175,9426900.202480108,31850761.425874446,28292.26829268293,9426556.548103575,31849817.243234828,28292.26829268293
9426949.119833006,31851278.25271583,27804.487804878052,10.43007272004835,9426654.382809369,31850850.896917593,27316.707317073175,9426998.037185902,31851795.079557214,27316.707317073175,9427243.85685664,31851705.608514067,28292.26829268293,9426900.202480108,31850761.425874446,28292.26829268293
9427292.774209538,31852222.43535545,27804.487804878052,9.774020954178733,9426998.037185902,31851795.079557214,27316.707317073175,9427341.691562435,31852739.262196835,27316.707317073175,9427587.511233171,31852649.79115369,28292.26829268293,9427243.85685664,31851705.608514067,28292.26829268293
9427636.42858607,31853166.617995072,27804.487804878052,8.431809937259903,9427341.691562435,31852739.262196835,27316.707317073175,9427685.345938968,31853683.444836453,27316.707317073175,9427931.165609704,31853593.97379331,28292.26829268293,9427587.511233171,31852649.79115369,28292.26829268293
9427980.082962604,31854110.80063469,27804.487804878052,7.0002711227785746,9427685.345938968,31853683.444836453,27316.707317073175,9428029.0003155,31854627.627476074,27316.707317073175,9428274.819986237,31854538.15643293,28292.26829268293,9427931.165609704,31853593.97379331,28292.26829268293
9428323.737339135,31855054.98327431,27804.487804878052,6.038445446995863,9428029.0003155,31854627.627476074,27316.707317073175,9428372.654692031,31855571.810115695,27316.707317073175,9428618.47436277,31855482.339072548,28292.26829268293,9428274.819986237,31854538.15643293,28292.26829268293
9428667.391715666,31855999.165913936,27804.487804878052,6.879453527444941,9428372.654692031,31855571.810115695,27316.707317073175,9428716.309068564,31856515.992755312,27316.707317073175,9428962.128739303,31856426.52171217,28292.26829268293,9428618.47436277,31855482.339072548,28292.26829268293
9429011.046092201,31856943.348553553,27804.487804878052,6.335487733735315,9428716.309068564,31856515.992755312,27316.707317073175,9429059.963445097,31857460.175394934,27316.707317073175,9429305.783115836,31857370.70435179,28292.26829268293,9428962.128739303,31856426.52171217,28292.26829268293
9429354.700468734,31857887.53119317,27804.487804878052,4.625170618120384,9429059.963445097,31857460.175394934,27316.707317073175,9429403.61782163,31858404.358034555,27316.707317073175,9429649.437492369,31858314.886991408,28292.26829268293,9429305.783115836,31857370.70435179,28292.26829268293
9429698.354845267,31858831.713832792,27804.487804878052,4.706469790222683,9429403.61782163,31858404.358034555,27316.707317073175,9429747.272198163,31859348.540674176,27316.707317073175,9429993.0918689,31859259.06963103,28292.26829268293,9429649.437492369,31858314.886991408,28292.26829268293
9430042.009221798,31859775.896472413,27804.487804878052,5.398425565527691,9429747.272198163,31859348.540674176,27316.707317073175,9430090.926574696,31860292.723313797,27316.707317073175,9430336.746245433,31860203.25227065,28292.26829268293,9429993.0918689,31859259.06963103,28292.26829268293
9430385.663598333,31860720.07911203,27804.487804878052,7.434310994633552,9430090.926574696,31860292.723313797,27316.707317073175,9430434.580951229,31861236.905953415,27316.707317073175,9430680.400621966,31861147.434910268,28292.26829268293,9430336.746245433,31860203.25227065,28292.26829268293
9430729.317974864,31861664.26175165,27804.487804878052,8.55330488325913,9430434.580951229,31861236.905953415,27316.707317073175,9430778.23532776,31862181.088593036,27316.707317073175,9431024.054998498,31862091.61754989,28292.26829268293,9430680.400621966,31861147.434910268,28292.26829268293
9431072.972351395,31862608.44439127,27804.487804878052,9.426494412780428,9430778.23532776,31862181.088593036,27316.707317073175,9431121.889704293,31863125.271232653,27316.707317073175,9431367.70937503,31863035.800189506,28292.26829268293,9431024.054998498,31862091.61754989,28292.26829268293
9431416.62672793,31863552.62703089,27804.487804878052,9.803641689989906,9431121.889704293,31863125.271232653,27316.707317073175,9431465.544080826,31864069.453872275,27316.707317073175,9431711.363751562,31863979.982829127,28292.26829268293,9431367.70937503,31863035.800189506,28292.26829268293
9431760.28110446,31864496.80967051,27804.487804878052,9.180999448161701,9431465.544080826,31864069.453872275,27316.707317073175,9431809.198457358,31865013.636511896,27316.707317073175,9432055.018128095,31864924.165468745,28292.26829268293,9431711.363751562,31863979.982829127,28292.26829268293
9432103.935480995,31865440.992310133,27804.487804878052,8.648147341453397,9431809.198457358,31865013.636511896,27316.707317073175,9432152.85283389,31865957.819151513,27316.707317073175,9432398.672504628,31865868.34810837,28292.26829268293,9432055.018128095,31864924.165468745,28292.26829268293
9432447.589857526,31866385.17494975,27804.487804878052,7.026580520611467,9432152.85283389,31865957.819151513,27316.707317073175,9432496.507210422,31866902.001791134,27316.707317073175,9432742.326881161,31866812.53074799,28292.26829268293,9432398.672504628,31865868.34810837,28292.26829268293
9432791.244234059,31867329.357589368,27804.487804878052,6.458462249453913,9432496.507210422,31866902.001791134,27316.707317073175,9432840.161586955,31867846.184430752,27316.707317073175,9433085.981257694,31867756.71338761,28292.26829268293,9432742.326881161,31866812.53074799,28292.26829268293
9433134.898610592,31868273.540228993,27804.487804878052,5.830668143337501,9432840.161586955,31867846.184430752,27316.707317073175,9433183.815963488,31868790.367070373,27316.707317073175,9433429.635634227,31868700.89602723,28292.26829268293,9433085.981257694,31867756.71338761,28292.26829268293
9433478.552987123,31869217.722868614,27804.487804878052,5.233460419391477,9433183.815963488,31868790.367070373,27316.707317073175,9433527.470340021,31869734.549709994,27316.707317073175,9433773.290010758,31869645.07866685,28292.26829268293,9433429.635634227,31868700.89602723,28292.26829268293
9433822.207363658,31870161.90550823,27804.487804878052,3.39393114236534,9433527.470340021,31869734.549709994,27316.707317073175,9433871.124716554,31870678.732349616,27316.707317073175,9434116.94438729,31870589.26130647,28292.26829268293,9433773.290010758,31869645.07866685,28292.26829268293
9434165.861740189,31871106.088147853,27804.487804878052,2.780186788942199,9433871.124716554,31870678.732349616,27316.707317073175,9434214.779093087,31871622.914989237,27316.707317073175,9434460.598763824,31871533.44394609,28292.26829268293,9434116.94438729,31870589.26130647,28292.26829268293
9434509.516116723,31872050.270787474,27804.487804878052,3.1521430616477564,9434214.779093087,31871622.914989237,27316.707317073175,9434558.433469618,31872567.097628858,27316.707317073175,9434804.253140356,31872477.62658571,28292.26829268293,9434460.598763824,31871533.44394609,28292.26829268293
9434853.170493254,31872994.453427095,27804.487804878052,4.679122009062221,9434558.433469618,31872567.097628858,27316.707317073175,9434902.08784615,31873511.280268475,27316.707317073175,9435147.90751689,31873421.80922533,28292.26829268293,9434804.253140356,31872477.62658571,28292.26829268293
9435196.824869787,31873938.636066712,27804.487804878052,5.04320381680577,9434902.08784615,31873511.280268475,27316.707317073175,9435245.742222684,31874455.462908097,27316.707317073175,9435491.561893422,31874365.99186495,28292.26829268293,9435147.90751689,31873421.80922533,28292.26829268293
9435540.47924632,31874882.818706334,27804.487804878052,5.8949339253270665,9435245.742222684,31874455.462908097,27316.707317073175,9435589.396599216,31875399.645547718,27316.707317073175,9435835.216269955,31875310.17450457,28292.26829268293,9435491.561893422,31874365.99186495,28292.26829268293
9435884.133622851,31875827.001345955,27804.487804878052,9.351802329057318,9435589.396599216,31875399.645547718,27316.707317073175,9435933.05097575,31876343.828187335,27316.707317073175,9436178.870646486,31876254.357144188,28292.26829268293,9435835.216269955,31875310.17450457,28292.26829268293
9436227.787999386,31876771.183985572,27804.487804878052,9.993024286210018,9435933.05097575,31876343.828187335,27316.707317073175,9436276.705352282,31877288.010826956,27316.707317073175,9436522.525023019,31877198.53978381,28292.26829268293,9436178.870646486,31876254.357144188,28292.26829268293
9436571.442375917,31877715.366625194,27804.487804878052,10.031268979467768,9436276.705352282,31877288.010826956,27316.707317073175,9436620.359728815,31878232.193466578,27316.707317073175,9436866.179399552,31878142.72242343,28292.26829268293,9436522.525023019,31877198.53978381,28292.26829268293
9436915.096752452,31878659.54926481,27804.487804878052,10.352489035054518,9436620.359728815,31878232.193466578,27316.707317073175,9436964.014105346,31879176.376106195,27316.707317073175,9437209.833776085,31879086.90506305,28292.26829268293,9436866.179399552,31878142.72242343,28292.26829268293
9437258.751128983,31879603.731904432,27804.487804878052,10.377995208224705,9436964.014105346,31879176.376106195,27316.707317073175,9437307.668481879,31880120.558745816,27316.707317073175,9437553.488152618,31880031.087702673,28292.26829268293,9437209.833776085,31879086.90506305,28292.26829268293
9437602.405505516,31880547.914544053,27804.487804878052,10.526865625856312,9437307.668481879,31880120.558745816,27316.707317073175,9437651.322858412,31881064.741385438,27316.707317073175,9437897.14252915,31880975.270342294,28292.26829268293,9437553.488152618,31880031.087702673,28292.26829268293
9437946.059882049,31881492.097183675,27804.487804878052,7.688638071041807,9437651.322858412,31881064.741385438,27316.707317073175,9437994.977234945,31882008.924025055,27316.707317073175,9438240.796905683,31881919.45298191,28292.26829268293,9437897.14252915,31880975.270342294,28292.26829268293
9438289.71425858,31882436.279823296,27804.487804878052,4.537551377098377,9437994.977234945,31882008.924025055,27316.707317073175,9438338.631611478,31882953.106664676,27316.707317073175,9438584.451282214,31882863.635621533,28292.26829268293,9438240.796905683,31881919.45298191,28292.26829268293
9438633.368635114,31883380.462462917,27804.487804878052,3.4378193112355553,9438338.631611478,31882953.106664676,27316.707317073175,9438682.28598801,31883897.289304297,27316.707317073175,9438928.105658747,31883807.81826115,28292.26829268293,9438584.451282214,31882863.635621533,28292.26829268293
9438977.023011645,31884324.645102534,27804.487804878052,2.4440096738571127,9438682.28598801,31883897.289304297,27316.707317073175,9439025.940364543,31884841.47194392,27316.707317073175,9439271.76003528,31884752.00090077,28292.26829268293,9438928.105658747,31883807.81826115,28292.26829268293
9439320.67738818,31885268.827742156,27804.487804878052,2.661194169935452,9439025.940364543,31884841.47194392,27316.707317073175,9439369.594741074,31885785.654583536,27316.707317073175,9439615.414411813,31885696.18354039,28292.26829268293,9439271.76003528,31884752.00090077,28292.26829268293
9439664.331764711,31886213.010381773,27804.487804878052,2.7446002908493767,9439369.594741074,31885785.654583536,27316.707317073175,9439713.249117607,31886729.837223157,27316.707317073175,9439959.068788346,31886640.36618001,28292.26829268293,9439615.414411813,31885696.18354039,28292.26829268293
9440007.986141242,31887157.193021394,27804.487804878052,3.17831428180187,9439713.249117607,31886729.837223157,27316.707317073175,9440056.90349414,31887674.01986278,27316.707317073175,9440302.723164877,31887584.54881963,28292.26829268293,9439959.068788346,31886640.36618001,28292.26829268293
9440351.640517777,31888101.37566101,27804.487804878052,2.9945747643692653,9440056.90349414,31887674.01986278,27316.707317073175,9440400.557870673,31888618.202502396,27316.707317073175,9440646.37754141,31888528.73145925,28292.26829268293,9440302.723164877,31887584.54881963,28292.26829268293
9440695.294894308,31889045.558300633,27804.487804878052,2.3527533028568106,9440400.557870673,31888618.202502396,27316.707317073175,9440744.212247204,31889562.385142017,27316.707317073175,9440990.031917943,31889472.91409887,28292.26829268293,9440646.37754141,31888528.73145925,28292.26829268293
9441038.94927084,31889989.740940254,27804.487804878052,1.8320318003583669,9440744.212247204,31889562.385142017,27316.707317073175,9441087.866623737,31890506.56778164,27316.707317073175,9441333.686294476,31890417.09673849,28292.26829268293,9440990.031917943,31889472.91409887,28292.26829268293
9441382.603647374,31890933.92357987,27804.487804878052,1.4104271481727524,9441087.866623737,31890506.56778164,27316.707317073175,9441431.52100027,31891450.750421256,27316.707317073175,9441677.340671008,31891361.27937811,28292.26829268293,9441333.686294476,31890417.09673849,28292.26829268293
9441726.258023905,31891878.106219493,27804.487804878052,0.9999630015561424,9441431.52100027,31891450.750421256,27316.707317073175,9441775.175376803,31892394.933060877,27316.707317073175,9442020.995047541,31892305.462017734,28292.26829268293,9441677.340671008,31891361.27937811,28292.26829268293
9442069.91240044,31892822.288859114,27804.487804878052,1.1240815820114887,9441775.175376803,31892394.933060877,27316.707317073175,9442118.829753336,31893339.1157005,27316.707317073175,9442364.649424074,31893249.64465735,28292.26829268293,9442020.995047541,31892305.462017734,28292.26829268293
9442413.56677697,31893766.47149873,27804.487804878052,1.3596914556256654,9442118.829753336,31893339.1157005,27316.707317073175,9442462.484129868,31894283.298340116,27316.707317073175,9442708.303800605,31894193.827296972,28292.26829268293,9442364.649424074,31893249.64465735,28292.26829268293
9442757.221153505,31894710.654138356,27804.487804878052,1.562487618677694,9442462.484129868,31894283.298340116,27316.707317073175,9442806.138506401,31895227.480979737,27316.707317073175,9443051.958177138,31895138.009936593,28292.26829268293,9442708.303800605,31894193.827296972,28292.26829268293
9443100.875530036,31895654.836777978,27804.487804878052,1.5322590063219592,9442806.138506401,31895227.480979737,27316.707317073175,9443149.792882932,31896171.663619354,27316.707317073175,9443395.612553671,31896082.19257621,28292.26829268293,9443051.958177138,31895138.009936593,28292.26829268293
9443444.529906569,31896599.019417595,27804.487804878052,1.3837684296276993,9443149.792882932,31896171.663619354,27316.707317073175,9443493.447259465,31897115.846258976,27316.707317073175,9443739.266930204,31897026.375215832,28292.26829268293,9443395.612553671,31896082.19257621,28292.26829268293
9443788.184283102,31897543.202057216,27804.487804878052,1.594097903254476,9443493.447259465,31897115.846258976,27316.707317073175,9443837.101635998,31898060.0288986,27316.707317073175,9444082.921306737,31897970.557855453,28292.26829268293,9443739.266930204,31897026.375215832,28292.26829268293
9444131.838659633,31898487.384696834,27804.487804878052,2.635868323444644,9443837.101635998,31898060.0288986,27316.707317073175,9444180.756012531,31899004.211538218,27316.707317073175,9444426.57568327,31898914.74049507,28292.26829268293,9444082.921306737,31897970.557855453,28292.26829268293
9444475.493036168,31899431.567336455,27804.487804878052,2.4539709054243763,9444180.756012531,31899004.211538218,27316.707317073175,9444524.410389064,31899948.39417784,27316.707317073175,9444770.2300598,31899858.923134692,28292.26829268293,9444426.57568327,31898914.74049507,28292.26829268293
9444819.147412699,31900375.749976076,27804.487804878052,2.029082626727578,9444524.410389064,31899948.39417784,27316.707317073175,9444868.064765597,31900892.57681746,27316.707317073175,9445113.884436334,31900803.105774313,28292.26829268293,9444770.2300598,31899858.923134692,28292.26829268293
9445162.801789233,31901319.932615694,27804.487804878052,1.4466768019350855,9444868.064765597,31900892.57681746,27316.707317073175,9445211.71914213,31901836.759457078,27316.707317073175,9445457.538812866,31901747.28841393,28292.26829268293,9445113.884436334,31900803.105774313,28292.26829268293
9419634.543220025,31830416.763601042,28780.04878048781,9.760160099609546,9419339.806196392,31829989.407802805,28292.26829268293,9419683.460572924,31830933.590442427,28292.26829268293,9419929.280243663,31830844.11939928,29267.829268292688,9419585.62586713,31829899.93675966,29267.829268292688
9419978.19759656,31831360.946240664,28780.04878048781,11.310467167185019,9419683.460572924,31830933.590442427,28292.26829268293,9420027.114949457,31831877.773082048,28292.26829268293,9420272.934620196,31831788.3020389,29267.829268292688,9419929.280243663,31830844.11939928,29267.829268292688
9420321.85197309,31832305.128880285,28780.04878048781,11.058251601575416,9420027.114949457,31831877.773082048,28292.26829268293,9420370.76932599,31832821.955721665,28292.26829268293,9420616.588996727,31832732.484678518,29267.829268292688,9420272.934620196,31831788.3020389,29267.829268292688
9420665.506349625,31833249.311519902,28780.04878048781,11.037141409322457,9420370.76932599,31832821.955721665,28292.26829268293,9420714.423702523,31833766.138361286,28292.26829268293,9420960.24337326,31833676.66731814,29267.829268292688,9420616.588996727,31832732.484678518,29267.829268292688
9421009.160726156,31834193.494159523,28780.04878048781,11.321653223036716,9420714.423702523,31833766.138361286,28292.26829268293,9421058.078079056,31834710.321000908,28292.26829268293,9421303.897749793,31834620.849957764,29267.829268292688,9420960.24337326,31833676.66731814,29267.829268292688
9421352.815102689,31835137.676799145,28780.04878048781,11.578427400585,9421058.078079056,31834710.321000908,28292.26829268293,9421401.732455587,31835654.503640525,28292.26829268293,9421647.552126326,31835565.03259738,29267.829268292688,9421303.897749793,31834620.849957764,29267.829268292688
9421696.469479222,31836081.859438762,28780.04878048781,12.072741721570424,9421401.732455587,31835654.503640525,28292.26829268293,9421745.38683212,31836598.686280146,28292.26829268293,9421991.206502859,31836509.215237003,29267.829268292688,9421647.552126326,31835565.03259738,29267.829268292688
9422040.123855753,31837026.042078387,28780.04878048781,12.62341094343219,9421745.38683212,31836598.686280146,28292.26829268293,9422089.041208653,31837542.868919767,28292.26829268293,9422334.860879391,31837453.397876624,29267.829268292688,9421991.206502859,31836509.215237003,29267.829268292688
9422383.778232288,31837970.224718004,28780.04878048781,12.760979064812869,9422089.041208653,31837542.868919767,28292.26829268293,9422432.695585186,31838487.051559385,28292.26829268293,9422678.515255924,31838397.58051624,29267.829268292688,9422334.860879391,31837453.397876624,29267.829268292688
9422727.432608819,31838914.407357626,28780.04878048781,13.270524972497114,9422432.695585186,31838487.051559385,28292.26829268293,9422776.349961719,31839431.23419901,28292.26829268293,9423022.169632455,31839341.763155863,29267.829268292688,9422678.515255924,31838397.58051624,29267.829268292688
9423071.086985353,31839858.589997247,28780.04878048781,14.319792121567188,9422776.349961719,31839431.23419901,28292.26829268293,9423120.004338251,31840375.41683863,28292.26829268293,9423365.824008988,31840285.94579548,29267.829268292688,9423022.169632455,31839341.763155863,29267.829268292688
9423414.741361884,31840802.772636864,28780.04878048781,13.068191709299919,9423120.004338251,31840375.41683863,28292.26829268293,9423463.658714782,31841319.59947825,28292.26829268293,9423709.478385521,31841230.1284351,29267.829268292688,9423365.824008988,31840285.94579548,29267.829268292688
9423758.395738417,31841746.95527648,28780.04878048781,12.48437700684297,9423463.658714782,31841319.59947825,28292.26829268293,9423807.313091315,31842263.782117866,28292.26829268293,9424053.132762054,31842174.31107472,29267.829268292688,9423709.478385521,31841230.1284351,29267.829268292688
9424102.05011495,31842691.137916103,28780.04878048781,11.495007726184308,9423807.313091315,31842263.782117866,28292.26829268293,9424150.967467848,31843207.964757487,28292.26829268293,9424396.787138585,31843118.49371434,29267.829268292688,9424053.132762054,31842174.31107472,29267.829268292688
9424445.704491481,31843635.320555724,28780.04878048781,11.864907667516553,9424150.967467848,31843207.964757487,28292.26829268293,9424494.621844381,31844152.14739711,28292.26829268293,9424740.441515118,31844062.67635396,29267.829268292688,9424396.787138585,31843118.49371434,29267.829268292688
9424789.358868016,31844579.503195345,28780.04878048781,13.62016401333946,9424494.621844381,31844152.14739711,28292.26829268293,9424838.276220912,31845096.330036726,28292.26829268293,9425084.09589165,31845006.85899358,29267.829268292688,9424740.441515118,31844062.67635396,29267.829268292688
9425133.013244547,31845523.685834963,28780.04878048781,13.862762433333078,9424838.276220912,31845096.330036726,28292.26829268293,9425181.930597445,31846040.512676347,28292.26829268293,9425427.750268184,31845951.0416332,29267.829268292688,9425084.09589165,31845006.85899358,29267.829268292688
9425476.667621078,31846467.868474584,28780.04878048781,13.40926980769608,9425181.930597445,31846040.512676347,28292.26829268293,9425525.584973976,31846984.69531597,28292.26829268293,9425771.404644717,31846895.22427282,29267.829268292688,9425427.750268184,31845951.0416332,29267.829268292688
9425820.321997613,31847412.0511142,28780.04878048781,13.078688586758105,9425525.584973976,31846984.69531597,28292.26829268293,9425869.239350509,31847928.877955586,28292.26829268293,9426115.05902125,31847839.406912442,29267.829268292688,9425771.404644717,31846895.22427282,29267.829268292688
9426163.976374146,31848356.233753823,28780.04878048781,13.600509084603964,9425869.239350509,31847928.877955586,28292.26829268293,9426212.893727042,31848873.060595207,28292.26829268293,9426458.713397782,31848783.589552063,29267.829268292688,9426115.05902125,31847839.406912442,29267.829268292688
9426507.630750678,31849300.416393444,28780.04878048781,12.49771413750229,9426212.893727042,31848873.060595207,28292.26829268293,9426556.548103575,31849817.243234828,28292.26829268293,9426802.367774313,31849727.772191685,29267.829268292688,9426458.713397782,31848783.589552063,29267.829268292688
9426851.28512721,31850244.599033065,28780.04878048781,12.35891218311537,9426556.548103575,31849817.243234828,28292.26829268293,9426900.202480108,31850761.425874446,28292.26829268293,9427146.022150846,31850671.954831302,29267.829268292688,9426802.367774313,31849727.772191685,29267.829268292688
9427194.939503744,31851188.781672686,28780.04878048781,12.226015017827324,9426900.202480108,31850761.425874446,28292.26829268293,9427243.85685664,31851705.608514067,28292.26829268293,9427489.67652738,31851616.137470923,29267.829268292688,9427146.022150846,31850671.954831302,29267.829268292688
9427538.593880275,31852132.964312308,28780.04878048781,11.227351672511878,9427243.85685664,31851705.608514067,28292.26829268293,9427587.511233171,31852649.79115369,28292.26829268293,9427833.330903912,31852560.32011054,29267.829268292688,9427489.67652738,31851616.137470923,29267.829268292688
9427882.248256806,31853077.146951925,28780.04878048781,9.845573691555618,9427587.511233171,31852649.79115369,28292.26829268293,9427931.165609704,31853593.97379331,28292.26829268293,9428176.985280445,31853504.502750162,29267.829268292688,9427833.330903912,31852560.32011054,29267.829268292688
9428225.902633341,31854021.329591546,28780.04878048781,7.977266338273707,9427931.165609704,31853593.97379331,28292.26829268293,9428274.819986237,31854538.15643293,28292.26829268293,9428520.639656978,31854448.685389783,29267.829268292688,9428176.985280445,31853504.502750162,29267.829268292688
9428569.557009874,31854965.512231167,28780.04878048781,8.5208667912533,9428274.819986237,31854538.15643293,28292.26829268293,9428618.47436277,31855482.339072548,28292.26829268293,9428864.29403351,31855392.8680294,29267.829268292688,9428520.639656978,31854448.685389783,29267.829268292688
9428913.211386407,31855909.694870785,28780.04878048781,7.719149925829675,9428618.47436277,31855482.339072548,28292.26829268293,9428962.128739303,31856426.52171217,28292.26829268293,9429207.948410042,31856337.050669022,29267.829268292688,9428864.29403351,31855392.8680294,29267.829268292688
9429256.865762938,31856853.877510406,28780.04878048781,5.931640995236742,9428962.128739303,31856426.52171217,28292.26829268293,9429305.783115836,31857370.70435179,28292.26829268293,9429551.602786575,31857281.233308643,29267.829268292688,9429207.948410042,31856337.050669022,29267.829268292688
9429600.520139473,31857798.060150024,28780.04878048781,5.029778041030553,9429305.783115836,31857370.70435179,28292.26829268293,9429649.437492369,31858314.886991408,28292.26829268293,9429895.257163107,31858225.41594826,29267.829268292688,9429551.602786575,31857281.233308643,29267.829268292688
9429944.174516004,31858742.242789645,28780.04878048781,5.330004131112535,9429649.437492369,31858314.886991408,28292.26829268293,9429993.0918689,31859259.06963103,28292.26829268293,9430238.91153964,31859169.59858788,29267.829268292688,9429895.257163107,31858225.41594826,29267.829268292688
9430287.828892535,31859686.425429266,28780.04878048781,6.077421881888844,9429993.0918689,31859259.06963103,28292.26829268293,9430336.746245433,31860203.25227065,28292.26829268293,9430582.565916173,31860113.781227503,29267.829268292688,9430238.91153964,31859169.59858788,29267.829268292688
9430631.48326907,31860630.608068883,28780.04878048781,6.1883697328909015,9430336.746245433,31860203.25227065,28292.26829268293,9430680.400621966,31861147.434910268,28292.26829268293,9430926.220292706,31861057.963867124,29267.829268292688,9430582.565916173,31860113.781227503,29267.829268292688
9430975.137645602,31861574.790708505,28780.04878048781,7.920246485029276,9430680.400621966,31861147.434910268,28292.26829268293,9431024.054998498,31862091.61754989,28292.26829268293,9431269.874669239,31862002.146506745,29267.829268292688,9430926.220292706,31861057.963867124,29267.829268292688
9431318.792022135,31862518.973348122,28780.04878048781,9.778298582586645,9431024.054998498,31862091.61754989,28292.26829268293,9431367.70937503,31863035.800189506,28292.26829268293,9431613.52904577,31862946.329146363,29267.829268292688,9431269.874669239,31862002.146506745,29267.829268292688
9431662.446398666,31863463.155987747,28780.04878048781,10.04964924032264,9431367.70937503,31863035.800189506,28292.26829268293,9431711.363751562,31863979.982829127,28292.26829268293,9431957.183422303,31863890.511785984,29267.829268292688,9431613.52904577,31862946.329146363,29267.829268292688
9432006.100775199,31864407.33862737,28780.04878048781,10.633146140366016,9431711.363751562,31863979.982829127,28292.26829268293,9432055.018128095,31864924.165468745,28292.26829268293,9432300.837798836,31864834.6944256,29267.829268292688,9431957.183422303,31863890.511785984,29267.829268292688
9432349.755151732,31865351.521266986,28780.04878048781,10.247904863181875,9432055.018128095,31864924.165468745,28292.26829268293,9432398.672504628,31865868.34810837,28292.26829268293,9432644.492175369,31865778.877065223,29267.829268292688,9432300.837798836,31864834.6944256,29267.829268292688
9432693.409528263,31866295.703906607,28780.04878048781,8.214261904730789,9432398.672504628,31865868.34810837,28292.26829268293,9432742.326881161,31866812.53074799,28292.26829268293,9432988.1465519,31866723.059704844,29267.829268292688,9432644.492175369,31865778.877065223,29267.829268292688
9433037.063904798,31867239.886546224,28780.04878048781,7.729472108338718,9432742.326881161,31866812.53074799,28292.26829268293,9433085.981257694,31867756.71338761,28292.26829268293,9433331.800928432,31867667.24234446,29267.829268292688,9432988.1465519,31866723.059704844,29267.829268292688
9433380.718281329,31868184.069185846,28780.04878048781,6.015492122482509,9433085.981257694,31867756.71338761,28292.26829268293,9433429.635634227,31868700.89602723,28292.26829268293,9433675.455304965,31868611.424984083,29267.829268292688,9433331.800928432,31867667.24234446,29267.829268292688
9433724.372657863,31869128.251825467,28780.04878048781,4.41332997388043,9433429.635634227,31868700.89602723,28292.26829268293,9433773.290010758,31869645.07866685,28292.26829268293,9434019.109681498,31869555.607623704,29267.829268292688,9433675.455304965,31868611.424984083,29267.829268292688
9434068.027034394,31870072.434465084,28780.04878048781,4.0315129242232715,9433773.290010758,31869645.07866685,28292.26829268293,9434116.94438729,31870589.26130647,28292.26829268293,9434362.764058031,31870499.79026332,29267.829268292688,9434019.109681498,31869555.607623704,29267.829268292688
9434411.681410927,31871016.617104705,28780.04878048781,3.4067064170716983,9434116.94438729,31870589.26130647,28292.26829268293,9434460.598763824,31871533.44394609,28292.26829268293,9434706.418434564,31871443.972902942,29267.829268292688,9434362.764058031,31870499.79026332,29267.829268292688
9434755.33578746,31871960.799744327,28780.04878048781,4.859516501650499,9434460.598763824,31871533.44394609,28292.26829268293,9434804.253140356,31872477.62658571,28292.26829268293,9435050.072811097,31872388.155542564,29267.829268292688,9434706.418434564,31871443.972902942,29267.829268292688
9435098.990163991,31872904.982383948,28780.04878048781,7.030667286796619,9434804.253140356,31872477.62658571,28292.26829268293,9435147.90751689,31873421.80922533,28292.26829268293,9435393.727187628,31873332.33818218,29267.829268292688,9435050.072811097,31872388.155542564,29267.829268292688
9435442.644540526,31873849.165023565,28780.04878048781,7.0459922101457195,9435147.90751689,31873421.80922533,28292.26829268293,9435491.561893422,31874365.99186495,28292.26829268293,9435737.38156416,31874276.520821806,29267.829268292688,9435393.727187628,31873332.33818218,29267.829268292688
9435786.298917057,31874793.347663186,28780.04878048781,8.996593989429348,9435491.561893422,31874365.99186495,28292.26829268293,9435835.216269955,31875310.17450457,28292.26829268293,9436081.035940694,31875220.703461427,29267.829268292688,9435737.38156416,31874276.520821806,29267.829268292688
9436129.953293592,31875737.530302808,28780.04878048781,10.061285509046122,9435835.216269955,31875310.17450457,28292.26829268293,9436178.870646486,31876254.357144188,28292.26829268293,9436424.690317227,31876164.886101045,29267.829268292688,9436081.035940694,31875220.703461427,29267.829268292688
9436473.607670123,31876681.71294243,28780.04878048781,11.01729353345431,9436178.870646486,31876254.357144188,28292.26829268293,9436522.525023019,31877198.53978381,28292.26829268293,9436768.34469376,31877109.068740666,29267.829268292688,9436424.690317227,31876164.886101045,29267.829268292688
9436817.262046656,31877625.89558205,28780.04878048781,11.530710066891249,9436522.525023019,31877198.53978381,28292.26829268293,9436866.179399552,31878142.72242343,28292.26829268293,9437111.999070292,31878053.251380287,29267.829268292688,9436768.34469376,31877109.068740666,29267.829268292688
9437160.916423189,31878570.078221668,28780.04878048781,12.358651365093023,9436866.179399552,31878142.72242343,28292.26829268293,9437209.833776085,31879086.90506305,28292.26829268293,9437455.653446825,31878997.434019905,29267.829268292688,9437111.999070292,31878053.251380287,29267.829268292688
9437504.57079972,31879514.26086129,28780.04878048781,13.085946028018498,9437209.833776085,31879086.90506305,28292.26829268293,9437553.488152618,31880031.087702673,28292.26829268293,9437799.307823356,31879941.616659526,29267.829268292688,9437455.653446825,31878997.434019905,29267.829268292688
9437848.225176254,31880458.44350091,28780.04878048781,11.997001726281313,9437553.488152618,31880031.087702673,28292.26829268293,9437897.14252915,31880975.270342294,28292.26829268293,9438142.96219989,31880885.799299143,29267.829268292688,9437799.307823356,31879941.616659526,29267.829268292688
9438191.879552785,31881402.626140527,28780.04878048781,9.41767612607084,9437897.14252915,31880975.270342294,28292.26829268293,9438240.796905683,31881919.45298191,28292.26829268293,9438486.616576422,31881829.981938764,29267.829268292688,9438142.96219989,31880885.799299143,29267.829268292688
9438535.53392932,31882346.80878015,28780.04878048781,7.522657975122965,9438240.796905683,31881919.45298191,28292.26829268293,9438584.451282214,31882863.635621533,28292.26829268293,9438830.270952955,31882774.164578386,29267.829268292688,9438486.616576422,31881829.981938764,29267.829268292688
9438879.188305851,31883290.991419766,28780.04878048781,6.813086122255745,9438584.451282214,31882863.635621533,28292.26829268293,9438928.105658747,31883807.81826115,28292.26829268293,9439173.925329488,31883718.347218003,29267.829268292688,9438830.270952955,31882774.164578386,29267.829268292688
9439222.842682384,31884235.174059387,28780.04878048781,6.176614219159952,9438928.105658747,31883807.81826115,28292.26829268293,9439271.76003528,31884752.00090077,28292.26829268293,9439517.57970602,31884662.529857624,29267.829268292688,9439173.925329488,31883718.347218003,29267.829268292688
9439566.497058917,31885179.35669901,28780.04878048781,4.362548597374045,9439271.76003528,31884752.00090077,28292.26829268293,9439615.414411813,31885696.18354039,28292.26829268293,9439861.234082552,31885606.71249724,29267.829268292688,9439517.57970602,31884662.529857624,29267.829268292688
9439910.151435448,31886123.539338626,28780.04878048781,3.563240159199877,9439615.414411813,31885696.18354039,28292.26829268293,9439959.068788346,31886640.36618001,28292.26829268293,9440204.888459085,31886550.895136863,29267.829268292688,9439861.234082552,31885606.71249724,29267.829268292688
9440253.80581198,31887067.721978247,28780.04878048781,3.1114606972552896,9439959.068788346,31886640.36618001,28292.26829268293,9440302.723164877,31887584.54881963,28292.26829268293,9440548.542835617,31887495.077776488,29267.829268292688,9440204.888459085,31886550.895136863,29267.829268292688
9440597.460188514,31888011.904617865,28780.04878048781,3.052125576662499,9440302.723164877,31887584.54881963,28292.26829268293,9440646.37754141,31888528.73145925,28292.26829268293,9440892.19721215,31888439.260416105,29267.829268292688,9440548.542835617,31887495.077776488,29267.829268292688
9440941.114565045,31888956.087257486,28780.04878048781,3.1672167902537582,9440646.37754141,31888528.73145925,28292.26829268293,9440990.031917943,31889472.91409887,28292.26829268293,9441235.851588683,31889383.443055727,29267.829268292688,9440892.19721215,31888439.260416105,29267.829268292688
9441284.76894158,31889900.269897107,28780.04878048781,2.5896594911634585,9440990.031917943,31889472.91409887,28292.26829268293,9441333.686294476,31890417.09673849,28292.26829268293,9441579.505965216,31890327.625695344,29267.829268292688,9441235.851588683,31889383.443055727,29267.829268292688
9441628.42331811,31890844.45253673,28780.04878048781,2.2486347512429328,9441333.686294476,31890417.09673849,28292.26829268293,9441677.340671008,31891361.27937811,28292.26829268293,9441923.160341747,31891271.808334965,29267.829268292688,9441579.505965216,31890327.625695344,29267.829268292688
9441972.077694645,31891788.63517635,28780.04878048781,2.2559831003059947,9441677.340671008,31891361.27937811,28292.26829268293,9442020.995047541,31892305.462017734,28292.26829268293,9442266.81471828,31892215.990974586,29267.829268292688,9441923.160341747,31891271.808334965,29267.829268292688
9442315.732071176,31892732.81781597,28780.04878048781,1.8376189146969093,9442020.995047541,31892305.462017734,28292.26829268293,9442364.649424074,31893249.64465735,28292.26829268293,9442610.469094813,31893160.173614204,29267.829268292688,9442266.81471828,31892215.990974586,29267.829268292688
9442659.386447709,31893677.000455588,28780.04878048781,1.6954269145450027,9442364.649424074,31893249.64465735,28292.26829268293,9442708.303800605,31894193.827296972,28292.26829268293,9442954.123471346,31894104.356253825,29267.829268292688,9442610.469094813,31893160.173614204,29267.829268292688
9443003.040824242,31894621.18309521,28780.04878048781,1.9856377034223152,9442708.303800605,31894193.827296972,28292.26829268293,9443051.958177138,31895138.009936593,28292.26829268293,9443297.777847879,31895048.538893446,29267.829268292688,9442954.123471346,31894104.356253825,29267.829268292688
9443346.695200773,31895565.36573483,28780.04878048781,1.6497043788595782,9443051.958177138,31895138.009936593,28292.26829268293,9443395.612553671,31896082.19257621,28292.26829268293,9443641.432224412,31895992.721533064,29267.829268292688,9443297.777847879,31895048.538893446,29267.829268292688
9443690.349577308,31896509.548374448,28780.04878048781,1.5217924568241352,9443395.612553671,31896082.19257621,28292.26829268293,9443739.266930204,31897026.375215832,28292.26829268293,9443985.086600944,31896936.904172685,29267.829268292688,9443641.432224412,31895992.721533064,29267.829268292688
9444034.003953839,31897453.73101407,28780.04878048781,1.4945334723267027,9443739.266930204,31897026.375215832,28292.26829268293,9444082.921306737,31897970.557855453,28292.26829268293,9444328.740977475,31897881.086812306,29267.829268292688,9443985.086600944,31896936.904172685,29267.829268292688
9444377.658330373,31898397.913653687,28780.04878048781,1.828213847959147,9444082.921306737,31897970.557855453,28292.26829268293,9444426.57568327,31898914.74049507,28292.26829268293,9444672.395354008,31898825.269451924,29267.829268292688,9444328.740977475,31897881.086812306,29267.829268292688
9444721.312706904,31899342.096293308,28780.04878048781,2.0413925742035923,9444426.57568327,31898914.74049507,28292.26829268293,9444770.2300598,31899858.923134692,28292.26829268293,9445016.049730541,31899769.452091545,29267.829268292688,9444672.395354008,31898825.269451924,29267.829268292688
9445064.967083437,31900286.27893293,28780.04878048781,1.6680504625565822,9444770.2300598,31899858.923134692,28292.26829268293,9445113.884436334,31900803.105774313,28292.26829268293,9445359.704107074,31900713.63473117,29267.829268292688,9445016.049730541,31899769.452091545,29267.829268292688
9445408.62145997,31901230.461572547,28780.04878048781,1.0204259275376633,9445113.884436334,31900803.105774313,28292.26829268293,9445457.538812866,31901747.28841393,28292.26829268293,9445703.358483607,31901657.817370787,29267.829268292688,9445359.704107074,31900713.63473117,29267.829268292688
9419880.362890767,31830327.292557895,29755.60975609756,11.695155519430555,9419585.62586713,31829899.93675966,29267.829268292688,9419929.280243663,31830844.11939928,29267.829268292688,9420175.0999144,31830754.648356136,30243.390243902442,9419831.445537867,31829810.465716515,30243.390243902442
9420224.017267298,31831271.475197516,29755.60975609756,12.74647093334651,9419929.280243663,31830844.11939928,29267.829268292688,9420272.934620196,31831788.3020389,29267.829268292688,9420518.754290933,31831698.830995757,30243.390243902442,9420175.0999144,31830754.648356136,30243.390243902442
9420567.67164383,31832215.65783714,29755.60975609756,12.590643528142314,9420272.934620196,31831788.3020389,29267.829268292688,9420616.588996727,31832732.484678518,29267.829268292688,9420862.408667466,31832643.013635375,30243.390243902442,9420518.754290933,31831698.830995757,30243.390243902442
9420911.326020364,31833159.84047676,29755.60975609756,12.325895049642678,9420616.588996727,31832732.484678518,29267.829268292688,9420960.24337326,31833676.66731814,29267.829268292688,9421206.063043999,31833587.196274996,30243.390243902442,9420862.408667466,31832643.013635375,30243.390243902442
9421254.980396895,31834104.02311638,29755.60975609756,11.837293253354769,9420960.24337326,31833676.66731814,29267.829268292688,9421303.897749793,31834620.849957764,29267.829268292688,9421549.717420531,31834531.378914617,30243.390243902442,9421206.063043999,31833587.196274996,30243.390243902442
9421598.63477343,31835048.205756,29755.60975609756,12.364024525895536,9421303.897749793,31834620.849957764,29267.829268292688,9421647.552126326,31835565.03259738,29267.829268292688,9421893.371797064,31835475.561554234,30243.390243902442,9421549.717420531,31834531.378914617,30243.390243902442
9421942.28914996,31835992.38839562,29755.60975609756,14.04194414271022,9421647.552126326,31835565.03259738,29267.829268292688,9421991.206502859,31836509.215237003,29267.829268292688,9422237.026173595,31836419.744193856,30243.390243902442,9421893.371797064,31835475.561554234,30243.390243902442
9422285.943526495,31836936.571035236,29755.60975609756,13.859852577645954,9421991.206502859,31836509.215237003,29267.829268292688,9422334.860879391,31837453.397876624,29267.829268292688,9422580.680550128,31837363.926833473,30243.390243902442,9422237.026173595,31836419.744193856,30243.390243902442
9422629.597903026,31837880.753674857,29755.60975609756,13.037428431228106,9422334.860879391,31837453.397876624,29267.829268292688,9422678.515255924,31838397.58051624,29267.829268292688,9422924.334926661,31838308.109473094,30243.390243902442,9422580.680550128,31837363.926833473,30243.390243902442
9422973.25227956,31838824.93631448,29755.60975609756,12.899092575895274,9422678.515255924,31838397.58051624,29267.829268292688,9423022.169632455,31839341.763155863,29267.829268292688,9423267.989303194,31839252.292112716,30243.390243902442,9422924.334926661,31838308.109473094,30243.390243902442
9423316.906656092,31839769.118954096,29755.60975609756,13.751381514307372,9423022.169632455,31839341.763155863,29267.829268292688,9423365.824008988,31840285.94579548,29267.829268292688,9423611.643679727,31840196.474752333,30243.390243902442,9423267.989303194,31839252.292112716,30243.390243902442
9423660.561032623,31840713.301593717,29755.60975609756,13.522552692511054,9423365.824008988,31840285.94579548,29267.829268292688,9423709.478385521,31841230.1284351,29267.829268292688,9423955.298056258,31841140.657391954,30243.390243902442,9423611.643679727,31840196.474752333,30243.390243902442
9424004.215409158,31841657.484233335,29755.60975609756,11.818869310207168,9423709.478385521,31841230.1284351,29267.829268292688,9424053.132762054,31842174.31107472,29267.829268292688,9424298.95243279,31842084.84003157,30243.390243902442,9423955.298056258,31841140.657391954,30243.390243902442
9424347.869785689,31842601.666872956,29755.60975609756,11.858349789420851,9424053.132762054,31842174.31107472,29267.829268292688,9424396.787138585,31843118.49371434,29267.829268292688,9424642.606809324,31843029.022671197,30243.390243902442,9424298.95243279,31842084.84003157,30243.390243902442
9424691.52416222,31843545.849512577,29755.60975609756,12.265367832694956,9424396.787138585,31843118.49371434,29267.829268292688,9424740.441515118,31844062.67635396,29267.829268292688,9424986.261185857,31843973.205310818,30243.390243902442,9424642.606809324,31843029.022671197,30243.390243902442
9425035.178538755,31844490.0321522,29755.60975609756,12.738918090995433,9424740.441515118,31844062.67635396,29267.829268292688,9425084.09589165,31845006.85899358,29267.829268292688,9425329.91556239,31844917.387950435,30243.390243902442,9424986.261185857,31843973.205310818,30243.390243902442
9425378.832915287,31845434.21479182,29755.60975609756,14.409163135404675,9425084.09589165,31845006.85899358,29267.829268292688,9425427.750268184,31845951.0416332,29267.829268292688,9425673.569938922,31845861.570590056,30243.390243902442,9425329.91556239,31844917.387950435,30243.390243902442
9425722.48729182,31846378.397431437,29755.60975609756,15.523870419822194,9425427.750268184,31845951.0416332,29267.829268292688,9425771.404644717,31846895.22427282,29267.829268292688,9426017.224315453,31846805.753229674,30243.390243902442,9425673.569938922,31845861.570590056,30243.390243902442
9426066.141668351,31847322.580071058,29755.60975609756,16.3668488274724,9425771.404644717,31846895.22427282,29267.829268292688,9426115.05902125,31847839.406912442,29267.829268292688,9426360.878691986,31847749.935869295,30243.390243902442,9426017.224315453,31846805.753229674,30243.390243902442
9426409.796044886,31848266.76271068,29755.60975609756,16.489334740680224,9426115.05902125,31847839.406912442,29267.829268292688,9426458.713397782,31848783.589552063,29267.829268292688,9426704.53306852,31848694.118508916,30243.390243902442,9426360.878691986,31847749.935869295,30243.390243902442
9426753.450421417,31849210.945350297,29755.60975609756,15.868309244581313,9426458.713397782,31848783.589552063,29267.829268292688,9426802.367774313,31849727.772191685,29267.829268292688,9427048.187445052,31849638.301148534,30243.390243902442,9426704.53306852,31848694.118508916,30243.390243902442
9427097.104797948,31850155.127989918,29755.60975609756,14.262566714897128,9426802.367774313,31849727.772191685,29267.829268292688,9427146.022150846,31850671.954831302,29267.829268292688,9427391.841821585,31850582.483788155,30243.390243902442,9427048.187445052,31849638.301148534,30243.390243902442
9427440.759174483,31851099.31062954,29755.60975609756,12.300771074516106,9427146.022150846,31850671.954831302,29267.829268292688,9427489.67652738,31851616.137470923,29267.829268292688,9427735.496198118,31851526.666427776,30243.390243902442,9427391.841821585,31850582.483788155,30243.390243902442
9427784.413551016,31852043.49326916,29755.60975609756,12.379184570775966,9427489.67652738,31851616.137470923,29267.829268292688,9427833.330903912,31852560.32011054,29267.829268292688,9428079.15057465,31852470.849067394,30243.390243902442,9427735.496198118,31851526.666427776,30243.390243902442
9428128.067927549,31852987.675908778,29755.60975609756,11.60830494738273,9427833.330903912,31852560.32011054,29267.829268292688,9428176.985280445,31853504.502750162,29267.829268292688,9428422.804951182,31853415.031707015,30243.390243902442,9428079.15057465,31852470.849067394,30243.390243902442
9428471.72230408,31853931.8585484,29755.60975609756,9.53068030502174,9428176.985280445,31853504.502750162,29267.829268292688,9428520.639656978,31854448.685389783,29267.829268292688,9428766.459327715,31854359.214346636,30243.390243902442,9428422.804951182,31853415.031707015,30243.390243902442
9428815.376680614,31854876.04118802,29755.60975609756,7.248788682585187,9428520.639656978,31854448.685389783,29267.829268292688,9428864.29403351,31855392.8680294,29267.829268292688,9429110.113704247,31855303.396986254,30243.390243902442,9428766.459327715,31854359.214346636,30243.390243902442
9429159.031057145,31855820.223827638,29755.60975609756,6.495009106786019,9428864.29403351,31855392.8680294,29267.829268292688,9429207.948410042,31856337.050669022,29267.829268292688,9429453.76808078,31856247.57962588,30243.390243902442,9429110.113704247,31855303.396986254,30243.390243902442
9429502.685433676,31856764.40646726,29755.60975609756,4.346143508452706,9429207.948410042,31856337.050669022,29267.829268292688,9429551.602786575,31857281.233308643,29267.829268292688,9429797.422457313,31857191.7622655,30243.390243902442,9429453.76808078,31856247.57962588,30243.390243902442
9429846.339810211,31857708.589106876,29755.60975609756,3.9086743405862734,9429551.602786575,31857281.233308643,29267.829268292688,9429895.257163107,31858225.41594826,29267.829268292688,9430141.076833846,31858135.944905117,30243.390243902442,9429797.422457313,31857191.7622655,30243.390243902442
9430189.994186744,31858652.7717465,29755.60975609756,3.337269700234613,9429895.257163107,31858225.41594826,29267.829268292688,9430238.91153964,31859169.59858788,29267.829268292688,9430484.731210379,31859080.12754474,30243.390243902442,9430141.076833846,31858135.944905117,30243.390243902442
9430533.648563277,31859596.954386123,29755.60975609756,3.2844890583933246,9430238.91153964,31859169.59858788,29267.829268292688,9430582.565916173,31860113.781227503,29267.829268292688,9430828.38558691,31860024.31018436,30243.390243902442,9430484.731210379,31859080.12754474,30243.390243902442
9430877.302939808,31860541.13702574,29755.60975609756,3.2228788617964184,9430582.565916173,31860113.781227503,29267.829268292688,9430926.220292706,31861057.963867124,29267.829268292688,9431172.039963443,31860968.492823977,30243.390243902442,9430828.38558691,31860024.31018436,30243.390243902442
9431220.957316343,31861485.31966536,29755.60975609756,4.000806062787945,9430926.220292706,31861057.963867124,29267.829268292688,9431269.874669239,31862002.146506745,29267.829268292688,9431515.694339976,31861912.6754636,30243.390243902442,9431172.039963443,31860968.492823977,30243.390243902442
9431564.611692874,31862429.50230498,29755.60975609756,6.91434512225189,9431269.874669239,31862002.146506745,29267.829268292688,9431613.52904577,31862946.329146363,29267.829268292688,9431859.348716509,31862856.858103216,30243.390243902442,9431515.694339976,31861912.6754636,30243.390243902442
9431908.266069405,31863373.6849446,29755.60975609756,9.750975732320331,9431613.52904577,31862946.329146363,29267.829268292688,9431957.183422303,31863890.511785984,29267.829268292688,9432203.003093041,31863801.040742837,30243.390243902442,9431859.348716509,31862856.858103216,30243.390243902442
9432251.920445938,31864317.86758422,29755.60975609756,10.3016201873464,9431957.183422303,31863890.511785984,29267.829268292688,9432300.837798836,31864834.6944256,29267.829268292688,9432546.657469572,31864745.223382454,30243.390243902442,9432203.003093041,31863801.040742837,30243.390243902442
9432595.57482247,31865262.05022384,29755.60975609756,9.856379403658062,9432300.837798836,31864834.6944256,29267.829268292688,9432644.492175369,31865778.877065223,29267.829268292688,9432890.311846105,31865689.406022076,30243.390243902442,9432546.657469572,31864745.223382454,30243.390243902442
9432939.229199003,31866206.23286346,29755.60975609756,8.448282828263343,9432644.492175369,31865778.877065223,29267.829268292688,9432988.1465519,31866723.059704844,29267.829268292688,9433233.966222638,31866633.588661697,30243.390243902442,9432890.311846105,31865689.406022076,30243.390243902442
9433282.883575536,31867150.415503077,29755.60975609756,7.162240515244694,9432988.1465519,31866723.059704844,29267.829268292688,9433331.800928432,31867667.24234446,29267.829268292688,9433577.620599171,31867577.771301314,30243.390243902442,9433233.966222638,31866633.588661697,30243.390243902442
9433626.537952067,31868094.5981427,29755.60975609756,5.259435000097208,9433331.800928432,31867667.24234446,29267.829268292688,9433675.455304965,31868611.424984083,29267.829268292688,9433921.274975704,31868521.953940935,30243.390243902442,9433577.620599171,31867577.771301314,30243.390243902442
9433970.1923286,31869038.78078232,29755.60975609756,4.4216842828981315,9433675.455304965,31868611.424984083,29267.829268292688,9434019.109681498,31869555.607623704,29267.829268292688,9434264.929352237,31869466.13658056,30243.390243902442,9433921.274975704,31868521.953940935,30243.390243902442
9434313.846705131,31869982.963421937,29755.60975609756,5.235311191619357,9434019.109681498,31869555.607623704,29267.829268292688,9434362.764058031,31870499.79026332,29267.829268292688,9434608.583728768,31870410.319220178,30243.390243902442,9434264.929352237,31869466.13658056,30243.390243902442
9434657.501081666,31870927.14606156,29755.60975609756,5.865912367630484,9434362.764058031,31870499.79026332,29267.829268292688,9434706.418434564,31871443.972902942,29267.829268292688,9434952.2381053,31871354.5018598,30243.390243902442,9434608.583728768,31870410.319220178,30243.390243902442
9435001.155458197,31871871.328701183,29755.60975609756,5.466812557875583,9434706.418434564,31871443.972902942,29267.829268292688,9435050.072811097,31872388.155542564,29267.829268292688,9435295.892481834,31872298.68449942,30243.390243902442,9434952.2381053,31871354.5018598,30243.390243902442
9435344.809834732,31872815.511340804,29755.60975609756,8.749416225826435,9435050.072811097,31872388.155542564,29267.829268292688,9435393.727187628,31873332.33818218,29267.829268292688,9435639.546858367,31873242.867139038,30243.390243902442,9435295.892481834,31872298.68449942,30243.390243902442
9435688.464211263,31873759.693980422,29755.60975609756,9.930770168527271,9435393.727187628,31873332.33818218,29267.829268292688,9435737.38156416,31874276.520821806,29267.829268292688,9435983.2012349,31874187.04977866,30243.390243902442,9435639.546858367,31873242.867139038,30243.390243902442
9436032.118587796,31874703.876620043,29755.60975609756,10.443825106812183,9435737.38156416,31874276.520821806,29267.829268292688,9436081.035940694,31875220.703461427,29267.829268292688,9436326.855611432,31875131.23241828,30243.390243902442,9435983.2012349,31874187.04977866,30243.390243902442
9436375.772964329,31875648.059259664,29755.60975609756,11.484195226018612,9436081.035940694,31875220.703461427,29267.829268292688,9436424.690317227,31876164.886101045,29267.829268292688,9436670.509987965,31876075.415057898,30243.390243902442,9436326.855611432,31875131.23241828,30243.390243902442
9436719.42734086,31876592.24189928,29755.60975609756,11.398745980903133,9436424.690317227,31876164.886101045,29267.829268292688,9436768.34469376,31877109.068740666,29267.829268292688,9437014.164364496,31877019.59769752,30243.390243902442,9436670.509987965,31876075.415057898,30243.390243902442
9437063.081717394,31877536.4245389,29755.60975609756,12.004079171990298,9436768.34469376,31877109.068740666,29267.829268292688,9437111.999070292,31878053.251380287,29267.829268292688,9437357.81874103,31877963.780337136,30243.390243902442,9437014.164364496,31877019.59769752,30243.390243902442
9437406.736093925,31878480.60717852,29755.60975609756,13.549311524118938,9437111.999070292,31878053.251380287,29267.829268292688,9437455.653446825,31878997.434019905,29267.829268292688,9437701.473117562,31878907.962976757,30243.390243902442,9437357.81874103,31877963.780337136,30243.390243902442
9437750.39047046,31879424.78981814,29755.60975609756,12.821355324384074,9437455.653446825,31878997.434019905,29267.829268292688,9437799.307823356,31879941.616659526,29267.829268292688,9438045.127494095,31879852.14561638,30243.390243902442,9437701.473117562,31878907.962976757,30243.390243902442
9438094.044846991,31880368.97245776,29755.60975609756,12.607387465734902,9437799.307823356,31879941.616659526,29267.829268292688,9438142.96219989,31880885.799299143,29267.829268292688,9438388.781870628,31880796.328255996,30243.390243902442,9438045.127494095,31879852.14561638,30243.390243902442
9438437.699223524,31881313.15509738,29755.60975609756,11.466243128969877,9438142.96219989,31880885.799299143,29267.829268292688,9438486.616576422,31881829.981938764,29267.829268292688,9438732.43624716,31881740.510895617,30243.390243902442,9438388.781870628,31880796.328255996,30243.390243902442
9438781.353600057,31882257.337737,29755.60975609756,9.3077780133553,9438486.616576422,31881829.981938764,29267.829268292688,9438830.270952955,31882774.164578386,29267.829268292688,9439076.090623694,31882684.693535242,30243.390243902442,9438732.43624716,31881740.510895617,30243.390243902442
9439125.007976588,31883201.52037662,29755.60975609756,8.939735217407279,9438830.270952955,31882774.164578386,29267.829268292688,9439173.925329488,31883718.347218003,29267.829268292688,9439419.745000225,31883628.87617486,30243.390243902442,9439076.090623694,31882684.693535242,30243.390243902442
9439468.662353123,31884145.70301624,29755.60975609756,9.149517240821826,9439173.925329488,31883718.347218003,29267.829268292688,9439517.57970602,31884662.529857624,29267.829268292688,9439763.399376757,31884573.05881448,30243.390243902442,9439419.745000225,31883628.87617486,30243.390243902442
9439812.316729654,31885089.885655865,29755.60975609756,7.503885738452928,9439517.57970602,31884662.529857624,29267.829268292688,9439861.234082552,31885606.71249724,29267.829268292688,9440107.05375329,31885517.2414541,30243.390243902442,9439763.399376757,31884573.05881448,30243.390243902442
9440155.971106185,31886034.068295483,29755.60975609756,6.575433527453375,9439861.234082552,31885606.71249724,29267.829268292688,9440204.888459085,31886550.895136863,29267.829268292688,9440450.708129823,31886461.42409372,30243.390243902442,9440107.05375329,31885517.2414541,30243.390243902442
9440499.62548272,31886978.2509351,29755.60975609756,6.053506983577942,9440204.888459085,31886550.895136863,29267.829268292688,9440548.542835617,31887495.077776488,29267.829268292688,9440794.362506356,31887405.606733337,30243.390243902442,9440450.708129823,31886461.42409372,30243.390243902442
9440843.27985925,31887922.43357472,29755.60975609756,4.5040419103006375,9440548.542835617,31887495.077776488,29267.829268292688,9440892.19721215,31888439.260416105,29267.829268292688,9441138.016882887,31888349.78937296,30243.390243902442,9440794.362506356,31887405.606733337,30243.390243902442
9441186.934235785,31888866.616214342,29755.60975609756,5.017564071401671,9440892.19721215,31888439.260416105,29267.829268292688,9441235.851588683,31889383.443055727,29267.829268292688,9441481.67125942,31889293.97201258,30243.390243902442,9441138.016882887,31888349.78937296,30243.390243902442
9441530.588612316,31889810.79885396,29755.60975609756,4.203564173031912,9441235.851588683,31889383.443055727,29267.829268292688,9441579.505965216,31890327.625695344,29267.829268292688,9441825.325635953,31890238.154652197,30243.390243902442,9441481.67125942,31889293.97201258,30243.390243902442
9441874.242988849,31890754.98149358,29755.60975609756,3.632691877268414,9441579.505965216,31890327.625695344,29267.829268292688,9441923.160341747,31891271.808334965,29267.829268292688,9442168.980012486,31891182.337291818,30243.390243902442,9441825.325635953,31890238.154652197,30243.390243902442
9442217.897365382,31891699.164133202,29755.60975609756,3.2019852679351692,9441923.160341747,31891271.808334965,29267.829268292688,9442266.81471828,31892215.990974586,29267.829268292688,9442512.634389019,31892126.51993144,30243.390243902442,9442168.980012486,31891182.337291818,30243.390243902442
9442561.551741913,31892643.346772823,29755.60975609756,1.9182693140025622,9442266.81471828,31892215.990974586,29267.829268292688,9442610.469094813,31893160.173614204,29267.829268292688,9442856.288765552,31893070.702571057,30243.390243902442,9442512.634389019,31892126.51993144,30243.390243902442
9442905.206118448,31893587.52941244,29755.60975609756,1.7578582725518994,9442610.469094813,31893160.173614204,29267.829268292688,9442954.123471346,31894104.356253825,29267.829268292688,9443199.943142084,31894014.885210678,30243.390243902442,9442856.288765552,31893070.702571057,30243.390243902442
9443248.860494979,31894531.712052062,29755.60975609756,1.5732442772692878,9442954.123471346,31894104.356253825,29267.829268292688,9443297.777847879,31895048.538893446,29267.829268292688,9443543.597518615,31894959.0678503,30243.390243902442,9443199.943142084,31894014.885210678,30243.390243902442
9443592.514871513,31895475.894691683,29755.60975609756,1.4275472380458805,9443297.777847879,31895048.538893446,29267.829268292688,9443641.432224412,31895992.721533064,29267.829268292688,9443887.251895148,31895903.25048992,30243.390243902442,9443543.597518615,31894959.0678503,30243.390243902442
9443936.169248044,31896420.0773313,29755.60975609756,0.8992340982849475,9443641.432224412,31895992.721533064,29267.829268292688,9443985.086600944,31896936.904172685,29267.829268292688,9444230.906271681,31896847.43312954,30243.390243902442,9443887.251895148,31895903.25048992,30243.390243902442
9444279.823624577,31897364.259970922,29755.60975609756,0.9217906773537763,9443985.086600944,31896936.904172685,29267.829268292688,9444328.740977475,31897881.086812306,29267.829268292688,9444574.560648214,31897791.615769163,30243.390243902442,9444230.906271681,31896847.43312954,30243.390243902442
9444623.47800111,31898308.442610543,29755.60975609756,1.4000554404055385,9444328.740977475,31897881.086812306,29267.829268292688,9444672.395354008,31898825.269451924,29267.829268292688,9444918.215024747,31898735.79840878,30243.390243902442,9444574.560648214,31897791.615769163,30243.390243902442
9444967.132377641,31899252.625250164,29755.60975609756,1.4239974205638046,9444672.395354008,31898825.269451924,29267.829268292688,9445016.049730541,31899769.452091545,29267.829268292688,9445261.86940128,31899679.9810484,30243.390243902442,9444918.215024747,31898735.79840878,30243.390243902442
9445310.786754176,31900196.807889786,29755.60975609756,1.4662601972056342,9445016.049730541,31899769.452091545,29267.829268292688,9445359.704107074,31900713.63473117,29267.829268292688,9445605.523777813,31900624.163688023,30243.390243902442,9445261.86940128,31899679.9810484,30243.390243902442
9445654.441130707,31901140.990529403,29755.60975609756,1.3237764443722102,9445359.704107074,31900713.63473117,29267.829268292688,9445703.358483607,31901657.817370787,29267.829268292688,9445949.178154344,31901568.34632764,30243.390243902442,9445605.523777813,31900624.163688023,30243.390243902442
9420126.182561504,31830237.82151475,30731.170731707323,15.094646931843938,9419831.445537867,31829810.465716515,30243.390243902442,9420175.0999144,31830754.648356136,30243.390243902442,9420420.91958514,31830665.17731299,31218.9512195122,9420077.265208608,31829720.994673368,31218.9512195122
9420469.836938035,31831182.004154373,30731.170731707323,15.352784738006266,9420175.0999144,31830754.648356136,30243.390243902442,9420518.754290933,31831698.830995757,30243.390243902442,9420764.573961673,31831609.35995261,31218.9512195122,9420420.91958514,31830665.17731299,31218.9512195122
9420813.49131457,31832126.186793994,30731.170731707323,14.863423549237242,9420518.754290933,31831698.830995757,30243.390243902442,9420862.408667466,31832643.013635375,30243.390243902442,9421108.228338206,31832553.542592227,31218.9512195122,9420764.573961673,31831609.35995261,31218.9512195122
9421157.1456911,31833070.36943361,30731.170731707323,13.869121514539025,9420862.408667466,31832643.013635375,30243.390243902442,9421206.063043999,31833587.196274996,30243.390243902442,9421451.882714737,31833497.72523185,31218.9512195122,9421108.228338206,31832553.542592227,31218.9512195122
9421500.800067635,31834014.552073233,30731.170731707323,15.091272595085174,9421206.063043999,31833587.196274996,30243.390243902442,9421549.717420531,31834531.378914617,30243.390243902442,9421795.53709127,31834441.907871466,31218.9512195122,9421451.882714737,31833497.72523185,31218.9512195122
9421844.454444166,31834958.734712854,30731.170731707323,15.977141769390833,9421549.717420531,31834531.378914617,30243.390243902442,9421893.371797064,31835475.561554234,30243.390243902442,9422139.191467803,31835386.090511087,31218.9512195122,9421795.53709127,31834441.907871466,31218.9512195122
9422188.1088207,31835902.91735247,30731.170731707323,15.505935488505859,9421893.371797064,31835475.561554234,30243.390243902442,9422237.026173595,31836419.744193856,30243.390243902442,9422482.845844336,31836330.27315071,31218.9512195122,9422139.191467803,31835386.090511087,31218.9512195122
9422531.763197232,31836847.09999209,30731.170731707323,14.809590456845887,9422237.026173595,31836419.744193856,30243.390243902442,9422580.680550128,31837363.926833473,30243.390243902442,9422826.500220869,31837274.45579033,31218.9512195122,9422482.845844336,31836330.27315071,31218.9512195122
9422875.417573763,31837791.28263171,30731.170731707323,14.920390850048106,9422580.680550128,31837363.926833473,30243.390243902442,9422924.334926661,31838308.109473094,30243.390243902442,9423170.154597402,31838218.63842995,31218.9512195122,9422826.500220869,31837274.45579033,31218.9512195122
9423219.071950298,31838735.46527133,30731.170731707323,15.111070625850601,9422924.334926661,31838308.109473094,30243.390243902442,9423267.989303194,31839252.292112716,30243.390243902442,9423513.808973935,31839162.821069572,31218.9512195122,9423170.154597402,31838218.63842995,31218.9512195122
9423562.726326829,31839679.647910953,30731.170731707323,14.830491334050642,9423267.989303194,31839252.292112716,30243.390243902442,9423611.643679727,31840196.474752333,30243.390243902442,9423857.463350466,31840107.00370919,31218.9512195122,9423513.808973935,31839162.821069572,31218.9512195122
9423906.380703364,31840623.830550574,30731.170731707323,12.570584013958552,9423611.643679727,31840196.474752333,30243.390243902442,9423955.298056258,31841140.657391954,30243.390243902442,9424201.117726998,31841051.18634881,31218.9512195122,9423857.463350466,31840107.00370919,31218.9512195122
9424250.035079895,31841568.01319019,30731.170731707323,11.791072346792348,9423955.298056258,31841140.657391954,30243.390243902442,9424298.95243279,31842084.84003157,30243.390243902442,9424544.772103531,31841995.36898843,31218.9512195122,9424201.117726998,31841051.18634881,31218.9512195122
9424593.689456427,31842512.195829812,30731.170731707323,11.041672903868005,9424298.95243279,31842084.84003157,30243.390243902442,9424642.606809324,31843029.022671197,30243.390243902442,9424888.426480064,31842939.55162805,31218.9512195122,9424544.772103531,31841995.36898843,31218.9512195122
9424937.34383296,31843456.378469434,30731.170731707323,10.986212174971634,9424642.606809324,31843029.022671197,30243.390243902442,9424986.261185857,31843973.205310818,30243.390243902442,9425232.080856595,31843883.734267667,31218.9512195122,9424888.426480064,31842939.55162805,31218.9512195122
9425280.998209491,31844400.561109055,30731.170731707323,12.35245135847488,9424986.261185857,31843973.205310818,30243.390243902442,9425329.91556239,31844917.387950435,30243.390243902442,9425575.735233128,31844827.916907288,31218.9512195122,9425232.080856595,31843883.734267667,31218.9512195122
9425624.652586026,31845344.743748672,30731.170731707323,12.644418657490585,9425329.91556239,31844917.387950435,30243.390243902442,9425673.569938922,31845861.570590056,30243.390243902442,9425919.389609661,31845772.09954691,31218.9512195122,9425575.735233128,31844827.916907288,31218.9512195122
9425968.306962557,31846288.92638829,30731.170731707323,14.70365045056555,9425673.569938922,31845861.570590056,30243.390243902442,9426017.224315453,31846805.753229674,30243.390243902442,9426263.043986194,31846716.282186527,31218.9512195122,9425919.389609661,31845772.09954691,31218.9512195122
9426311.961339088,31847233.10902791,30731.170731707323,16.47495082681687,9426017.224315453,31846805.753229674,30243.390243902442,9426360.878691986,31847749.935869295,30243.390243902442,9426606.698362727,31847660.464826148,31218.9512195122,9426263.043986194,31846716.282186527,31218.9512195122
9426655.615715623,31848177.291667532,30731.170731707323,16.751819045000982,9426360.878691986,31847749.935869295,30243.390243902442,9426704.53306852,31848694.118508916,30243.390243902442,9426950.35273926,31848604.64746577,31218.9512195122,9426606.698362727,31847660.464826148,31218.9512195122
9426999.270092156,31849121.47430715,30731.170731707323,16.488062127160596,9426704.53306852,31848694.118508916,30243.390243902442,9427048.187445052,31849638.301148534,30243.390243902442,9427294.007115792,31849548.830105387,31218.9512195122,9426950.35273926,31848604.64746577,31218.9512195122
9427342.924468689,31850065.65694677,30731.170731707323,16.500103781980787,9427048.187445052,31849638.301148534,30243.390243902442,9427391.841821585,31850582.483788155,30243.390243902442,9427637.661492324,31850493.01274501,31218.9512195122,9427294.007115792,31849548.830105387,31218.9512195122
9427686.57884522,31851009.839586392,30731.170731707323,15.8457451319001,9427391.841821585,31850582.483788155,30243.390243902442,9427735.496198118,31851526.666427776,30243.390243902442,9427981.315868856,31851437.195384633,31218.9512195122,9427637.661492324,31850493.01274501,31218.9512195122
9428030.233221754,31851954.022226013,30731.170731707323,15.328400387949696,9427735.496198118,31851526.666427776,30243.390243902442,9428079.15057465,31852470.849067394,30243.390243902442,9428324.97024539,31852381.37802425,31218.9512195122,9427981.315868856,31851437.195384633,31218.9512195122
9428373.887598285,31852898.204865634,30731.170731707323,14.072557427181822,9428079.15057465,31852470.849067394,30243.390243902442,9428422.804951182,31853415.031707015,30243.390243902442,9428668.624621922,31853325.56066387,31218.9512195122,9428324.97024539,31852381.37802425,31218.9512195122
9428717.541974816,31853842.387505256,30731.170731707323,10.078975213490988,9428422.804951182,31853415.031707015,30243.390243902442,9428766.459327715,31854359.214346636,30243.390243902442,9429012.278998455,31854269.743303493,31218.9512195122,9428668.624621922,31853325.56066387,31218.9512195122
9429061.196351351,31854786.570144877,30731.170731707323,7.5545239264587165,9428766.459327715,31854359.214346636,30243.390243902442,9429110.113704247,31855303.396986254,30243.390243902442,9429355.933374988,31855213.92594311,31218.9512195122,9429012.278998455,31854269.743303493,31218.9512195122
9429404.850727884,31855730.752784494,30731.170731707323,6.832758661393087,9429110.113704247,31855303.396986254,30243.390243902442,9429453.76808078,31856247.57962588,30243.390243902442,9429699.58775152,31856158.10858273,31218.9512195122,9429355.933374988,31855213.92594311,31218.9512195122
9429748.505104417,31856674.935424116,30731.170731707323,5.910261811159342,9429453.76808078,31856247.57962588,30243.390243902442,9429797.422457313,31857191.7622655,30243.390243902442,9430043.242128052,31857102.291222353,31218.9512195122,9429699.58775152,31856158.10858273,31218.9512195122
9430092.159480948,31857619.118063733,30731.170731707323,5.2228914828165856,9429797.422457313,31857191.7622655,30243.390243902442,9430141.076833846,31858135.944905117,30243.390243902442,9430386.896504585,31858046.47386197,31218.9512195122,9430043.242128052,31857102.291222353,31218.9512195122
9430435.813857483,31858563.300703354,30731.170731707323,4.320211208544467,9430141.076833846,31858135.944905117,30243.390243902442,9430484.731210379,31859080.12754474,30243.390243902442,9430730.550881118,31858990.65650159,31218.9512195122,9430386.896504585,31858046.47386197,31218.9512195122
9430779.468234014,31859507.483342975,30731.170731707323,3.4960107003814995,9430484.731210379,31859080.12754474,30243.390243902442,9430828.38558691,31860024.31018436,30243.390243902442,9431074.20525765,31859934.839141212,31218.9512195122,9430730.550881118,31858990.65650159,31218.9512195122
9431123.122610545,31860451.665982593,30731.170731707323,2.2128489363639665,9430828.38558691,31860024.31018436,30243.390243902442,9431172.039963443,31860968.492823977,30243.390243902442,9431417.859634183,31860879.02178083,31218.9512195122,9431074.20525765,31859934.839141212,31218.9512195122
9431466.77698708,31861395.848622214,30731.170731707323,2.5813145653445657,9431172.039963443,31860968.492823977,30243.390243902442,9431515.694339976,31861912.6754636,30243.390243902442,9431761.514010716,31861823.20442045,31218.9512195122,9431417.859634183,31860879.02178083,31218.9512195122
9431810.43136361,31862340.03126183,30731.170731707323,3.552702342824015,9431515.694339976,31861912.6754636,30243.390243902442,9431859.348716509,31862856.858103216,30243.390243902442,9432105.168387247,31862767.38706007,31218.9512195122,9431761.514010716,31861823.20442045,31218.9512195122
9432154.085740145,31863284.213901453,30731.170731707323,5.354803567724016,9431859.348716509,31862856.858103216,30243.390243902442,9432203.003093041,31863801.040742837,30243.390243902442,9432448.82276378,31863711.56969969,31218.9512195122,9432105.168387247,31862767.38706007,31218.9512195122
9432497.740116676,31864228.396541074,30731.170731707323,5.949283314543685,9432203.003093041,31863801.040742837,30243.390243902442,9432546.657469572,31864745.223382454,30243.390243902442,9432792.477140313,31864655.75233931,31218.9512195122,9432448.82276378,31863711.56969969,31218.9512195122
9432841.39449321,31865172.57918069,30731.170731707323,5.774621605121038,9432546.657469572,31864745.223382454,30243.390243902442,9432890.311846105,31865689.406022076,30243.390243902442,9433136.131516846,31865599.934978932,31218.9512195122,9432792.477140313,31864655.75233931,31218.9512195122
9433185.048869742,31866116.761820313,30731.170731707323,4.9501651278090995,9432890.311846105,31865689.406022076,30243.390243902442,9433233.966222638,31866633.588661697,30243.390243902442,9433479.785893379,31866544.117618553,31218.9512195122,9433136.131516846,31865599.934978932,31218.9512195122
9433528.703246273,31867060.944459934,30731.170731707323,3.881743178612468,9433233.966222638,31866633.588661697,30243.390243902442,9433577.620599171,31867577.771301314,30243.390243902442,9433823.440269912,31867488.30025817,31218.9512195122,9433479.785893379,31866544.117618553,31218.9512195122
9433872.357622808,31868005.127099555,30731.170731707323,4.264270947041941,9433577.620599171,31867577.771301314,30243.390243902442,9433921.274975704,31868521.953940935,30243.390243902442,9434167.094646443,31868432.482897792,31218.9512195122,9433823.440269912,31867488.30025817,31218.9512195122
9434216.011999339,31868949.309739176,30731.170731707323,4.313873298132263,9433921.274975704,31868521.953940935,30243.390243902442,9434264.929352237,31869466.13658056,30243.390243902442,9434510.749022976,31869376.665537413,31218.9512195122,9434167.094646443,31868432.482897792,31218.9512195122
9434559.666375874,31869893.492378794,30731.170731707323,5.684407943142066,9434264.929352237,31869466.13658056,30243.390243902442,9434608.583728768,31870410.319220178,30243.390243902442,9434854.403399508,31870320.84817703,31218.9512195122,9434510.749022976,31869376.665537413,31218.9512195122
9434903.320752405,31870837.675018415,30731.170731707323,7.861103777633549,9434608.583728768,31870410.319220178,30243.390243902442,9434952.2381053,31871354.5018598,30243.390243902442,9435198.057776041,31871265.030816652,31218.9512195122,9434854.403399508,31870320.84817703,31218.9512195122
9435246.975128938,31871781.857658036,30731.170731707323,8.840199266448703,9434952.2381053,31871354.5018598,30243.390243902442,9435295.892481834,31872298.68449942,30243.390243902442,9435541.712152574,31872209.21345627,31218.9512195122,9435198.057776041,31871265.030816652,31218.9512195122
9435590.62950547,31872726.040297654,30731.170731707323,9.173751598912988,9435295.892481834,31872298.68449942,30243.390243902442,9435639.546858367,31873242.867139038,30243.390243902442,9435885.366529107,31873153.39609589,31218.9512195122,9435541.712152574,31872209.21345627,31218.9512195122
9435934.283882001,31873670.222937275,30731.170731707323,9.63719240827477,9435639.546858367,31873242.867139038,30243.390243902442,9435983.2012349,31874187.04977866,30243.390243902442,9436229.020905638,31874097.57873551,31218.9512195122,9435885.366529107,31873153.39609589,31218.9512195122
9436277.938258536,31874614.405576896,30731.170731707323,10.304021298517549,9435983.2012349,31874187.04977866,30243.390243902442,9436326.855611432,31875131.23241828,30243.390243902442,9436572.675282171,31875041.76137513,31218.9512195122,9436229.020905638,31874097.57873551,31218.9512195122
9436621.592635067,31875558.588216517,30731.170731707323,11.609604086552526,9436326.855611432,31875131.23241828,30243.390243902442,9436670.509987965,31876075.415057898,30243.390243902442,9436916.329658704,31875985.94401475,31218.9512195122,9436572.675282171,31875041.76137513,31218.9512195122
9436965.247011602,31876502.770856135,30731.170731707323,12.177326153236216,9436670.509987965,31876075.415057898,30243.390243902442,9437014.164364496,31877019.59769752,30243.390243902442,9437259.984035237,31876930.12665437,31218.9512195122,9436916.329658704,31875985.94401475,31218.9512195122
9437308.901388133,31877446.953495752,30731.170731707323,12.45965054457092,9437014.164364496,31877019.59769752,30243.390243902442,9437357.81874103,31877963.780337136,30243.390243902442,9437603.63841177,31877874.309293993,31218.9512195122,9437259.984035237,31876930.12665437,31218.9512195122
9437652.555764666,31878391.136135373,30731.170731707323,13.783880344621664,9437357.81874103,31877963.780337136,30243.390243902442,9437701.473117562,31878907.962976757,30243.390243902442,9437947.292788303,31878818.491933614,31218.9512195122,9437603.63841177,31877874.309293993,31218.9512195122
9437996.210141199,31879335.318774994,30731.170731707323,13.9142209125881,9437701.473117562,31878907.962976757,30243.390243902442,9438045.127494095,31879852.14561638,30243.390243902442,9438290.947164835,31879762.674573235,31218.9512195122,9437947.292788303,31878818.491933614,31218.9512195122
9438339.86451773,31880279.501414616,30731.170731707323,12.857232668326164,9438045.127494095,31879852.14561638,30243.390243902442,9438388.781870628,31880796.328255996,30243.390243902442,9438634.601541366,31880706.857212853,31218.9512195122,9438290.947164835,31879762.674573235,31218.9512195122
9438683.518894264,31881223.684054237,30731.170731707323,12.666962103026723,9438388.781870628,31880796.328255996,30243.390243902442,9438732.43624716,31881740.510895617,30243.390243902442,9438978.2559179,31881651.039852474,31218.9512195122,9438634.601541366,31880706.857212853,31218.9512195122
9439027.173270795,31882167.866693858,30731.170731707323,11.60741429707658,9438732.43624716,31881740.510895617,30243.390243902442,9439076.090623694,31882684.693535242,30243.390243902442,9439321.910294432,31882595.222492095,31218.9512195122,9438978.2559179,31881651.039852474,31218.9512195122
9439370.82764733,31883112.049333476,30731.170731707323,9.763970863360006,9439076.090623694,31882684.693535242,30243.390243902442,9439419.745000225,31883628.87617486,30243.390243902442,9439665.564670965,31883539.405131713,31218.9512195122,9439321.910294432,31882595.222492095,31218.9512195122
9439714.482023861,31884056.231973097,30731.170731707323,8.96698961753901,9439419.745000225,31883628.87617486,30243.390243902442,9439763.399376757,31884573.05881448,30243.390243902442,9440009.219047498,31884483.587771334,31218.9512195122,9439665.564670965,31883539.405131713,31218.9512195122
9440058.136400392,31885000.414612718,30731.170731707323,8.578958843483726,9439763.399376757,31884573.05881448,30243.390243902442,9440107.05375329,31885517.2414541,30243.390243902442,9440352.873424029,31885427.77041095,31218.9512195122,9440009.219047498,31884483.587771334,31218.9512195122
9440401.790776927,31885944.597252335,30731.170731707323,9.355885116193068,9440107.05375329,31885517.2414541,30243.390243902442,9440450.708129823,31886461.42409372,30243.390243902442,9440696.527800562,31886371.953050572,31218.9512195122,9440352.873424029,31885427.77041095,31218.9512195122
9440745.445153458,31886888.779891953,30731.170731707323,8.62474386958398,9440450.708129823,31886461.42409372,30243.390243902442,9440794.362506356,31887405.606733337,30243.390243902442,9441040.182177093,31887316.13569019,31218.9512195122,9440696.527800562,31886371.953050572,31218.9512195122
9441089.09952999,31887832.962531574,30731.170731707323,7.737342344068994,9440794.362506356,31887405.606733337,30243.390243902442,9441138.016882887,31888349.78937296,30243.390243902442,9441383.836553626,31888260.31832981,31218.9512195122,9441040.182177093,31887316.13569019,31218.9512195122
9441432.753906524,31888777.145171195,30731.170731707323,7.956833880603338,9441138.016882887,31888349.78937296,30243.390243902442,9441481.67125942,31889293.97201258,30243.390243902442,9441727.490930159,31889204.500969432,31218.9512195122,9441383.836553626,31888260.31832981,31218.9512195122
9441776.408283055,31889721.327810813,30731.170731707323,6.28684665728093,9441481.67125942,31889293.97201258,30243.390243902442,9441825.325635953,31890238.154652197,30243.390243902442,9442071.145306692,31890148.683609053,31218.9512195122,9441727.490930159,31889204.500969432,31218.9512195122
9442120.06265959,31890665.510450434,30731.170731707323,4.211863242725048,9441825.325635953,31890238.154652197,30243.390243902442,9442168.980012486,31891182.337291818,30243.390243902442,9442414.799683224,31891092.866248675,31218.9512195122,9442071.145306692,31890148.683609053,31218.9512195122
9442463.71703612,31891609.693090055,30731.170731707323,3.8439042218368757,9442168.980012486,31891182.337291818,30243.390243902442,9442512.634389019,31892126.51993144,30243.390243902442,9442758.454059755,31892037.048888296,31218.9512195122,9442414.799683224,31891092.866248675,31218.9512195122
9442807.371412655,31892553.875729676,30731.170731707323,2.4592658780629635,9442512.634389019,31892126.51993144,30243.390243902442,9442856.288765552,31893070.702571057,30243.390243902442,9443102.108436288,31892981.231527913,31218.9512195122,9442758.454059755,31892037.048888296,31218.9512195122
9443151.025789186,31893498.058369298,30731.170731707323,1.723451843422707,9442856.288765552,31893070.702571057,30243.390243902442,9443199.943142084,31894014.885210678,30243.390243902442,9443445.762812821,31893925.414167535,31218.9512195122,9443102.108436288,31892981.231527913,31218.9512195122
9443494.68016572,31894442.24100892,30731.170731707323,1.5793640709086014,9443199.943142084,31894014.885210678,30243.390243902442,9443543.597518615,31894959.0678503,30243.390243902442,9443789.417189354,31894869.596807156,31218.9512195122,9443445.762812821,31893925.414167535,31218.9512195122
9443838.334542252,31895386.42364854,30731.170731707323,1.6738133377685873,9443543.597518615,31894959.0678503,30243.390243902442,9443887.251895148,31895903.25048992,30243.390243902442,9444133.071565887,31895813.779446773,31218.9512195122,9443789.417189354,31894869.596807156,31218.9512195122
9444181.988918783,31896330.606288157,30731.170731707323,1.4593467339586212,9443887.251895148,31895903.25048992,30243.390243902442,9444230.906271681,31896847.43312954,30243.390243902442,9444476.72594242,31896757.962086394,31218.9512195122,9444133.071565887,31895813.779446773,31218.9512195122
9444525.643295318,31897274.78892778,30731.170731707323,1.1790517388785704,9444230.906271681,31896847.43312954,30243.390243902442,9444574.560648214,31897791.615769163,30243.390243902442,9444820.380318953,31897702.144726016,31218.9512195122,9444476.72594242,31896757.962086394,31218.9512195122
9444869.297671849,31898218.971567396,30731.170731707323,1.249676493127044,9444574.560648214,31897791.615769163,30243.390243902442,9444918.215024747,31898735.79840878,30243.390243902442,9445164.034695484,31898646.327365633,31218.9512195122,9444820.380318953,31897702.144726016,31218.9512195122
9445212.952048384,31899163.154207017,30731.170731707323,1.4288842468412972,9444918.215024747,31898735.79840878,30243.390243902442,9445261.86940128,31899679.9810484,30243.390243902442,9445507.689072017,31899590.510005254,31218.9512195122,9445164.034695484,31898646.327365633,31218.9512195122
9445556.606424915,31900107.33684664,30731.170731707323,1.5494962477954832,9445261.86940128,31899679.9810484,30243.390243902442,9445605.523777813,31900624.163688023,30243.390243902442,9445851.34344855,31900534.692644875,31218.9512195122,9445507.689072017,31899590.510005254,31218.9512195122
9445900.260801448,31901051.519486256,30731.170731707323,1.6804523276221361,9445605.523777813,31900624.163688023,30243.390243902442,9445949.178154344,31901568.34632764,30243.390243902442,9446194.997825082,31901478.875284493,31218.9512195122,9445851.34344855,31900534.692644875,31218.9512195122
9420372.002232242,31830148.350471605,31706.731707317074,13.153699965248578,9420077.265208608,31829720.994673368,31218.9512195122,9420420.91958514,31830665.17731299,31218.9512195122,9420666.739255881,31830575.706269838,32194.51219512195,9420323.084879348,31829631.52363022,32194.51219512195
9420715.656608777,31831092.533111222,31706.731707317074,14.690607389806734,9420420.91958514,31830665.17731299,31218.9512195122,9420764.573961673,31831609.35995261,31218.9512195122,9421010.393632414,31831519.88890946,32194.51219512195,9420666.739255881,31830575.706269838,32194.51219512195
9421059.310985308,31832036.715750843,31706.731707317074,16.032339547085304,9420764.573961673,31831609.35995261,31218.9512195122,9421108.228338206,31832553.542592227,31218.9512195122,9421354.048008947,31832464.071549084,32194.51219512195,9421010.393632414,31831519.88890946,32194.51219512195
9421402.965361841,31832980.898390464,31706.731707317074,15.648735726287045,9421108.228338206,31832553.542592227,31218.9512195122,9421451.882714737,31833497.72523185,31218.9512195122,9421697.70238548,31833408.2541887,32194.51219512195,9421354.048008947,31832464.071549084,32194.51219512195
9421746.619738374,31833925.081030086,31706.731707317074,16.27858567631348,9421451.882714737,31833497.72523185,31218.9512195122,9421795.53709127,31834441.907871466,31218.9512195122,9422041.356762012,31834352.436828323,32194.51219512195,9421697.70238548,31833408.2541887,32194.51219512195
9422090.274114907,31834869.263669707,31706.731707317074,16.418080828144667,9421795.53709127,31834441.907871466,31218.9512195122,9422139.191467803,31835386.090511087,31218.9512195122,9422385.011138545,31835296.619467944,32194.51219512195,9422041.356762012,31834352.436828323,32194.51219512195
9422433.92849144,31835813.446309324,31706.731707317074,16.74877691653048,9422139.191467803,31835386.090511087,31218.9512195122,9422482.845844336,31836330.27315071,31218.9512195122,9422728.665515076,31836240.80210756,32194.51219512195,9422385.011138545,31835296.619467944,32194.51219512195
9422777.58286797,31836757.628948946,31706.731707317074,16.419625642596,9422482.845844336,31836330.27315071,31218.9512195122,9422826.500220869,31837274.45579033,31218.9512195122,9423072.31989161,31837184.984747183,32194.51219512195,9422728.665515076,31836240.80210756,32194.51219512195
9423121.237244505,31837701.811588567,31706.731707317074,15.12079686377367,9422826.500220869,31837274.45579033,31218.9512195122,9423170.154597402,31838218.63842995,31218.9512195122,9423415.974268142,31838129.167386804,32194.51219512195,9423072.31989161,31837184.984747183,32194.51219512195
9423464.891621036,31838645.994228188,31706.731707317074,15.172312211775237,9423170.154597402,31838218.63842995,31218.9512195122,9423513.808973935,31839162.821069572,31218.9512195122,9423759.628644675,31839073.35002642,32194.51219512195,9423415.974268142,31838129.167386804,32194.51219512195
9423808.54599757,31839590.176867805,31706.731707317074,14.91117676603595,9423513.808973935,31839162.821069572,31218.9512195122,9423857.463350466,31840107.00370919,31218.9512195122,9424103.283021208,31840017.532666042,32194.51219512195,9423759.628644675,31839073.35002642,32194.51219512195
9424152.200374102,31840534.359507427,31706.731707317074,13.112225818155755,9423857.463350466,31840107.00370919,31218.9512195122,9424201.117726998,31841051.18634881,31218.9512195122,9424446.937397739,31840961.71530566,32194.51219512195,9424103.283021208,31840017.532666042,32194.51219512195
9424495.854750633,31841478.542147044,31706.731707317074,12.203998203885167,9424201.117726998,31841051.18634881,31218.9512195122,9424544.772103531,31841995.36898843,31218.9512195122,9424790.591774272,31841905.89794528,32194.51219512195,9424446.937397739,31840961.71530566,32194.51219512195
9424839.509127166,31842422.724786665,31706.731707317074,12.282502156700028,9424544.772103531,31841995.36898843,31218.9512195122,9424888.426480064,31842939.55162805,31218.9512195122,9425134.246150805,31842850.0805849,32194.51219512195,9424790.591774272,31841905.89794528,32194.51219512195
9425183.163503699,31843366.907426286,31706.731707317074,11.55574226311118,9424888.426480064,31842939.55162805,31218.9512195122,9425232.080856595,31843883.734267667,31218.9512195122,9425477.900527338,31843794.26322452,32194.51219512195,9425134.246150805,31842850.0805849,32194.51219512195
9425526.817880232,31844311.090065904,31706.731707317074,11.968656774094207,9425232.080856595,31843883.734267667,31218.9512195122,9425575.735233128,31844827.916907288,31218.9512195122,9425821.55490387,31844738.44586414,32194.51219512195,9425477.900527338,31843794.26322452,32194.51219512195
9425870.472256765,31845255.27270552,31706.731707317074,13.012274441457702,9425575.735233128,31844827.916907288,31218.9512195122,9425919.389609661,31845772.09954691,31218.9512195122,9426165.209280403,31845682.628503762,32194.51219512195,9425821.55490387,31844738.44586414,32194.51219512195
9426214.126633298,31846199.455345143,31706.731707317074,14.796556152214594,9425919.389609661,31845772.09954691,31218.9512195122,9426263.043986194,31846716.282186527,31218.9512195122,9426508.863656936,31846626.811143383,32194.51219512195,9426165.209280403,31845682.628503762,32194.51219512195
9426557.78100983,31847143.637984764,31706.731707317074,15.3447968061629,9426263.043986194,31846716.282186527,31218.9512195122,9426606.698362727,31847660.464826148,31218.9512195122,9426852.518033467,31847570.993783005,32194.51219512195,9426508.863656936,31846626.811143383,32194.51219512195
9426901.435386362,31848087.820624385,31706.731707317074,15.608335680565123,9426606.698362727,31847660.464826148,31218.9512195122,9426950.35273926,31848604.64746577,31218.9512195122,9427196.17241,31848515.176422622,32194.51219512195,9426852.518033467,31847570.993783005,32194.51219512195
9427245.089762894,31849032.003264006,31706.731707317074,16.052934821624333,9426950.35273926,31848604.64746577,31218.9512195122,9427294.007115792,31849548.830105387,31218.9512195122,9427539.826786533,31849459.359062243,32194.51219512195,9427196.17241,31848515.176422622,32194.51219512195
9427588.744139427,31849976.185903627,31706.731707317074,16.568886534084122,9427294.007115792,31849548.830105387,31218.9512195122,9427637.661492324,31850493.01274501,31218.9512195122,9427883.481163066,31850403.541701864,32194.51219512195,9427539.826786533,31849459.359062243,32194.51219512195
9427932.39851596,31850920.36854325,31706.731707317074,15.40140632213208,9427637.661492324,31850493.01274501,31218.9512195122,9427981.315868856,31851437.195384633,31218.9512195122,9428227.135539599,31851347.724341482,32194.51219512195,9427883.481163066,31850403.541701864,32194.51219512195
9428276.052892493,31851864.551182866,31706.731707317074,14.172027294390487,9427981.315868856,31851437.195384633,31218.9512195122,9428324.97024539,31852381.37802425,31218.9512195122,9428570.789916132,31852291.906981103,32194.51219512195,9428227.135539599,31851347.724341482,32194.51219512195
9428619.707269026,31852808.733822487,31706.731707317074,11.679083131195226,9428324.97024539,31852381.37802425,31218.9512195122,9428668.624621922,31853325.56066387,31218.9512195122,9428914.444292663,31853236.089620724,32194.51219512195,9428570.789916132,31852291.906981103,32194.51219512195
9428963.361645559,31853752.91646211,31706.731707317074,9.069629660508598,9428668.624621922,31853325.56066387,31218.9512195122,9429012.278998455,31854269.743303493,31218.9512195122,9429258.098669196,31854180.27226034,32194.51219512195,9428914.444292663,31853236.089620724,32194.51219512195
9429307.01602209,31854697.09910173,31706.731707317074,8.075896887899804,9429012.278998455,31854269.743303493,31218.9512195122,9429355.933374988,31855213.92594311,31218.9512195122,9429601.753045728,31855124.454899963,32194.51219512195,9429258.098669196,31854180.27226034,32194.51219512195
9429650.670398623,31855641.281741347,31706.731707317074,7.022515920170515,9429355.933374988,31855213.92594311,31218.9512195122,9429699.58775152,31856158.10858273,31218.9512195122,9429945.407422261,31856068.637539584,32194.51219512195,9429601.753045728,31855124.454899963,32194.51219512195
9429994.324775156,31856585.464380965,31706.731707317074,6.671609842573554,9429699.58775152,31856158.10858273,31218.9512195122,9430043.242128052,31857102.291222353,31218.9512195122,9430289.061798794,31857012.8201792,32194.51219512195,9429945.407422261,31856068.637539584,32194.51219512195
9430337.979151689,31857529.647020586,31706.731707317074,7.191083966920687,9430043.242128052,31857102.291222353,31218.9512195122,9430386.896504585,31858046.47386197,31218.9512195122,9430632.716175327,31857957.002818823,32194.51219512195,9430289.061798794,31857012.8201792,32194.51219512195
9430681.633528221,31858473.829660207,31706.731707317074,5.996348404830625,9430386.896504585,31858046.47386197,31218.9512195122,9430730.550881118,31858990.65650159,31218.9512195122,9430976.37055186,31858901.185458444,32194.51219512195,9430632.716175327,31857957.002818823,32194.51219512195
9431025.287904754,31859418.01229983,31706.731707317074,3.402499648962211,9430730.550881118,31858990.65650159,31218.9512195122,9431074.20525765,31859934.839141212,31218.9512195122,9431320.024928391,31859845.368098065,32194.51219512195,9430976.37055186,31858901.185458444,32194.51219512195
9431368.942281287,31860362.194939446,31706.731707317074,1.8187734214320266,9431074.20525765,31859934.839141212,31218.9512195122,9431417.859634183,31860879.02178083,31218.9512195122,9431663.679304924,31860789.550737686,32194.51219512195,9431320.024928391,31859845.368098065,32194.51219512195
9431712.596657818,31861306.37757907,31706.731707317074,1.8462957339105883,9431417.859634183,31860879.02178083,31218.9512195122,9431761.514010716,31861823.20442045,31218.9512195122,9432007.333681457,31861733.733377304,32194.51219512195,9431663.679304924,31860789.550737686,32194.51219512195
9432056.251034351,31862250.560218688,31706.731707317074,2.687473847475487,9431761.514010716,31861823.20442045,31218.9512195122,9432105.168387247,31862767.38706007,31218.9512195122,9432350.98805799,31862677.916016925,32194.51219512195,9432007.333681457,31861733.733377304,32194.51219512195
9432399.905410884,31863194.74285831,31706.731707317074,3.6889244705267994,9432105.168387247,31862767.38706007,31218.9512195122,9432448.82276378,31863711.56969969,31218.9512195122,9432694.642434523,31863622.098656543,32194.51219512195,9432350.98805799,31862677.916016925,32194.51219512195
9432743.559787417,31864138.92549793,31706.731707317074,5.080305738694585,9432448.82276378,31863711.56969969,31218.9512195122,9432792.477140313,31864655.75233931,31218.9512195122,9433038.296811054,31864566.281296164,32194.51219512195,9432694.642434523,31863622.098656543,32194.51219512195
9433087.214163948,31865083.108137548,31706.731707317074,4.933053692607364,9432792.477140313,31864655.75233931,31218.9512195122,9433136.131516846,31865599.934978932,31218.9512195122,9433381.951187586,31865510.463935785,32194.51219512195,9433038.296811054,31864566.281296164,32194.51219512195
9433430.86854048,31866027.290777165,31706.731707317074,4.785679951910349,9433136.131516846,31865599.934978932,31218.9512195122,9433479.785893379,31866544.117618553,31218.9512195122,9433725.60556412,31866454.646575402,32194.51219512195,9433381.951187586,31865510.463935785,32194.51219512195
9433774.522917015,31866971.473416787,31706.731707317074,3.9821509173212157,9433479.785893379,31866544.117618553,31218.9512195122,9433823.440269912,31867488.30025817,31218.9512195122,9434069.259940652,31867398.829215024,32194.51219512195,9433725.60556412,31866454.646575402,32194.51219512195
9434118.177293546,31867915.656056404,31706.731707317074,4.02435661143323,9433823.440269912,31867488.30025817,31218.9512195122,9434167.094646443,31868432.482897792,31218.9512195122,9434412.914317185,31868343.01185464,32194.51219512195,9434069.259940652,31867398.829215024,32194.51219512195
9434461.83167008,31868859.838696025,31706.731707317074,4.808788519400504,9434167.094646443,31868432.482897792,31218.9512195122,9434510.749022976,31869376.665537413,31218.9512195122,9434756.568693718,31869287.194494262,32194.51219512195,9434412.914317185,31868343.01185464,32194.51219512195
9434805.486046612,31869804.021335647,31706.731707317074,5.8977826502957225,9434510.749022976,31869376.665537413,31218.9512195122,9434854.403399508,31870320.84817703,31218.9512195122,9435100.22307025,31870231.377133884,32194.51219512195,9434756.568693718,31869287.194494262,32194.51219512195
9435149.140423145,31870748.203975268,31706.731707317074,6.666361066561806,9434854.403399508,31870320.84817703,31218.9512195122,9435198.057776041,31871265.030816652,31218.9512195122,9435443.877446782,31871175.5597735,32194.51219512195,9435100.22307025,31870231.377133884,32194.51219512195
9435492.794799676,31871692.386614885,31706.731707317074,7.974899060518259,9435198.057776041,31871265.030816652,31218.9512195122,9435541.712152574,31872209.21345627,31218.9512195122,9435787.531823315,31872119.742413126,32194.51219512195,9435443.877446782,31871175.5597735,32194.51219512195
9435836.449176209,31872636.569254506,31706.731707317074,8.929958180871179,9435541.712152574,31872209.21345627,31218.9512195122,9435885.366529107,31873153.39609589,31218.9512195122,9436131.186199848,31873063.925052747,32194.51219512195,9435787.531823315,31872119.742413126,32194.51219512195
9436180.103552742,31873580.751894128,31706.731707317074,10.44879309374433,9435885.366529107,31873153.39609589,31218.9512195122,9436229.020905638,31874097.57873551,31218.9512195122,9436474.84057638,31874008.107692365,32194.51219512195,9436131.186199848,31873063.925052747,32194.51219512195
9436523.757929275,31874524.934533753,31706.731707317074,11.351060245832436,9436229.020905638,31874097.57873551,31218.9512195122,9436572.675282171,31875041.76137513,31218.9512195122,9436818.494952913,31874952.290331986,32194.51219512195,9436474.84057638,31874008.107692365,32194.51219512195
9436867.412305808,31875469.11717337,31706.731707317074,11.808410164977134,9436572.675282171,31875041.76137513,31218.9512195122,9436916.329658704,31875985.94401475,31218.9512195122,9437162.149329446,31875896.472971607,32194.51219512195,9436818.494952913,31874952.290331986,32194.51219512195
9437211.06668234,31876413.299812987,31706.731707317074,12.392118406693028,9436916.329658704,31875985.94401475,31218.9512195122,9437259.984035237,31876930.12665437,31218.9512195122,9437505.80370598,31876840.655611224,32194.51219512195,9437162.149329446,31875896.472971607,32194.51219512195
9437554.721058873,31877357.48245261,31706.731707317074,13.132234920912122,9437259.984035237,31876930.12665437,31218.9512195122,9437603.63841177,31877874.309293993,31218.9512195122,9437849.45808251,31877784.838250846,32194.51219512195,9437505.80370598,31876840.655611224,32194.51219512195
9437898.375435404,31878301.66509223,31706.731707317074,13.048053976803752,9437603.63841177,31877874.309293993,31218.9512195122,9437947.292788303,31878818.491933614,31218.9512195122,9438193.112459043,31878729.020890467,32194.51219512195,9437849.45808251,31877784.838250846,32194.51219512195
9438242.029811937,31879245.84773185,31706.731707317074,12.551161061809049,9437947.292788303,31878818.491933614,31218.9512195122,9438290.947164835,31879762.674573235,31218.9512195122,9438536.766835576,31879673.203530084,32194.51219512195,9438193.112459043,31878729.020890467,32194.51219512195
9438585.68418847,31880190.03037147,31706.731707317074,12.161019069301643,9438290.947164835,31879762.674573235,31218.9512195122,9438634.601541366,31880706.857212853,31218.9512195122,9438880.421212109,31880617.386169706,32194.51219512195,9438536.766835576,31879673.203530084,32194.51219512195
9438929.338565003,31881134.21301109,31706.731707317074,12.120682355047977,9438634.601541366,31880706.857212853,31218.9512195122,9438978.2559179,31881651.039852474,31218.9512195122,9439224.075588642,31881561.568809327,32194.51219512195,9438880.421212109,31880617.386169706,32194.51219512195
9439272.992941536,31882078.39565071,31706.731707317074,11.334467092403072,9438978.2559179,31881651.039852474,31218.9512195122,9439321.910294432,31882595.222492095,31218.9512195122,9439567.729965175,31882505.751448944,32194.51219512195,9439224.075588642,31881561.568809327,32194.51219512195
9439616.647318069,31883022.57829033,31706.731707317074,11.780340201150077,9439321.910294432,31882595.222492095,31218.9512195122,9439665.564670965,31883539.405131713,31218.9512195122,9439911.384341707,31883449.934088565,32194.51219512195,9439567.729965175,31882505.751448944,32194.51219512195
9439960.301694602,31883966.76092995,31706.731707317074,11.062913234708747,9439665.564670965,31883539.405131713,31218.9512195122,9440009.219047498,31884483.587771334,31218.9512195122,9440255.038718238,31884394.116728187,32194.51219512195,9439911.384341707,31883449.934088565,32194.51219512195
9440303.956071133,31884910.94356957,31706.731707317074,10.830440634840565,9440009.219047498,31884483.587771334,31218.9512195122,9440352.873424029,31885427.77041095,31218.9512195122,9440598.693094771,31885338.299367808,32194.51219512195,9440255.038718238,31884394.116728187,32194.51219512195
9440647.610447666,31885855.126209185,31706.731707317074,9.72639360919136,9440352.873424029,31885427.77041095,31218.9512195122,9440696.527800562,31886371.953050572,31218.9512195122,9440942.347471304,31886282.482007425,32194.51219512195,9440598.693094771,31885338.299367808,32194.51219512195
9440991.264824199,31886799.308848806,31706.731707317074,8.68695072133393,9440696.527800562,31886371.953050572,31218.9512195122,9441040.182177093,31887316.13569019,31218.9512195122,9441286.001847837,31887226.664647046,32194.51219512195,9440942.347471304,31886282.482007425,32194.51219512195
9441334.919200731,31887743.49148843,31706.731707317074,8.268380788236154,9441040.182177093,31887316.13569019,31218.9512195122,9441383.836553626,31888260.31832981,31218.9512195122,9441629.656224368,31888170.847286668,32194.51219512195,9441286.001847837,31887226.664647046,32194.51219512195
9441678.573577262,31888687.674128048,31706.731707317074,8.212337869605014,9441383.836553626,31888260.31832981,31218.9512195122,9441727.490930159,31889204.500969432,31218.9512195122,9441973.310600901,31889115.029926285,32194.51219512195,9441629.656224368,31888170.847286668,32194.51219512195
9442022.227953797,31889631.85676767,31706.731707317074,7.926756252616259,9441727.490930159,31889204.500969432,31218.9512195122,9442071.145306692,31890148.683609053,31218.9512195122,9442316.964977434,31890059.212565906,32194.51219512195,9441973.310600901,31889115.029926285,32194.51219512195
9442365.882330328,31890576.03940729,31706.731707317074,7.633285392950147,9442071.145306692,31890148.683609053,31218.9512195122,9442414.799683224,31891092.866248675,31218.9512195122,9442660.619353967,31891003.395205528,32194.51219512195,9442316.964977434,31890059.212565906,32194.51219512195
9442709.536706861,31891520.22204691,31706.731707317074,6.469630988981305,9442414.799683224,31891092.866248675,31218.9512195122,9442758.454059755,31892037.048888296,31218.9512195122,9443004.2737305,31891947.577845145,32194.51219512195,9442660.619353967,31891003.395205528,32194.51219512195
9443053.191083394,31892464.40468653,31706.731707317074,4.739266711166593,9442758.454059755,31892037.048888296,31218.9512195122,9443102.108436288,31892981.231527913,31218.9512195122,9443347.928107033,31892891.760484766,32194.51219512195,9443004.2737305,31891947.577845145,32194.51219512195
9443396.845459927,31893408.58732615,31706.731707317074,3.536606025132907,9443102.108436288,31892981.231527913,31218.9512195122,9443445.762812821,31893925.414167535,31218.9512195122,9443691.582483565,31893835.943124387,32194.51219512195,9443347.928107033,31892891.760484766,32194.51219512195
9443740.49983646,31894352.76996577,31706.731707317074,3.05097244516107,9443445.762812821,31893925.414167535,31218.9512195122,9443789.417189354,31894869.596807156,31218.9512195122,9444035.236860096,31894780.125764005,32194.51219512195,9443691.582483565,31893835.943124387,32194.51219512195
9444084.15421299,31895296.952605393,31706.731707317074,3.214533101374723,9443789.417189354,31894869.596807156,31218.9512195122,9444133.071565887,31895813.779446773,31218.9512195122,9444378.89123663,31895724.308403626,32194.51219512195,9444035.236860096,31894780.125764005,32194.51219512195
9444427.808589526,31896241.13524501,31706.731707317074,2.5958694479726847,9444133.071565887,31895813.779446773,31218.9512195122,9444476.72594242,31896757.962086394,31218.9512195122,9444722.545613162,31896668.491043247,32194.51219512195,9444378.89123663,31895724.308403626,32194.51219512195
9444771.462966057,31897185.317884628,31706.731707317074,1.913941813807349,9444476.72594242,31896757.962086394,31218.9512195122,9444820.380318953,31897702.144726016,31218.9512195122,9445066.199989695,31897612.673682865,32194.51219512195,9444722.545613162,31896668.491043247,32194.51219512195
9445115.11734259,31898129.50052425,31706.731707317074,1.7825818047325255,9444820.380318953,31897702.144726016,31218.9512195122,9445164.034695484,31898646.327365633,31218.9512195122,9445409.854366228,31898556.85632249,32194.51219512195,9445066.199989695,31897612.673682865,32194.51219512195
9445458.771719122,31899073.68316387,31706.731707317074,1.9166591485264985,9445164.034695484,31898646.327365633,31218.9512195122,9445507.689072017,31899590.510005254,31218.9512195122,9445753.50874276,31899501.038962107,32194.51219512195,9445409.854366228,31898556.85632249,32194.51219512195
9445802.426095655,31900017.86580349,31706.731707317074,1.832237727929013,9445507.689072017,31899590.510005254,31218.9512195122,9445851.34344855,31900534.692644875,31218.9512195122,9446097.163119294,31900445.22160173,32194.51219512195,9445753.50874276,31899501.038962107,32194.51219512195
9446146.080472188,31900962.048443113,31706.731707317074,1.9612383717782986,9445851.34344855,31900534.692644875,31218.9512195122,9446194.997825082,31901478.875284493,31218.9512195122,9446440.817495825,31901389.40424135,32194.51219512195,9446097.163119294,31900445.22160173,32194.51219512195
9420617.821902983,31830058.87942846,32682.29268292683,12.025252728716012,9420323.084879348,31829631.52363022,32194.51219512195,9420666.739255881,31830575.706269838,32194.51219512195,9420912.55892662,31830486.235226694,33170.0731707317,9420568.904550087,31829542.052587077,33170.0731707317
9420961.476279518,31831003.06206808,32682.29268292683,13.26776921727372,9420666.739255881,31830575.706269838,32194.51219512195,9421010.393632414,31831519.88890946,32194.51219512195,9421256.213303152,31831430.417866316,33170.0731707317,9420912.55892662,31830486.235226694,33170.0731707317
9421305.13065605,31831947.2447077,32682.29268292683,14.019665249813203,9421010.393632414,31831519.88890946,32194.51219512195,9421354.048008947,31832464.071549084,32194.51219512195,9421599.867679685,31832374.600505937,33170.0731707317,9421256.213303152,31831430.417866316,33170.0731707317
9421648.785032583,31832891.42734732,32682.29268292683,13.904801359929277,9421354.048008947,31832464.071549084,32194.51219512195,9421697.70238548,31833408.2541887,32194.51219512195,9421943.522056216,31833318.783145554,33170.0731707317,9421599.867679685,31832374.600505937,33170.0731707317
9421992.439409114,31833835.60998694,32682.29268292683,14.997733916136635,9421697.70238548,31833408.2541887,32194.51219512195,9422041.356762012,31834352.436828323,32194.51219512195,9422287.17643275,31834262.965785176,33170.0731707317,9421943.522056216,31833318.783145554,33170.0731707317
9422336.09378565,31834779.79262656,32682.29268292683,16.320035460094047,9422041.356762012,31834352.436828323,32194.51219512195,9422385.011138545,31835296.619467944,32194.51219512195,9422630.830809282,31835207.148424797,33170.0731707317,9422287.17643275,31834262.965785176,33170.0731707317
9422679.74816218,31835723.975266177,32682.29268292683,15.535497745442461,9422385.011138545,31835296.619467944,32194.51219512195,9422728.665515076,31836240.80210756,32194.51219512195,9422974.485185815,31836151.331064414,33170.0731707317,9422630.830809282,31835207.148424797,33170.0731707317
9423023.402538711,31836668.1579058,32682.29268292683,15.234940459747639,9422728.665515076,31836240.80210756,32194.51219512195,9423072.31989161,31837184.984747183,32194.51219512195,9423318.139562348,31837095.513704035,33170.0731707317,9422974.485185815,31836151.331064414,33170.0731707317
9423367.056915246,31837612.34054542,32682.29268292683,16.217645543379017,9423072.31989161,31837184.984747183,32194.51219512195,9423415.974268142,31838129.167386804,32194.51219512195,9423661.79393888,31838039.696343657,33170.0731707317,9423318.139562348,31837095.513704035,33170.0731707317
9423710.711291779,31838556.523185037,32682.29268292683,16.467929150056236,9423415.974268142,31838129.167386804,32194.51219512195,9423759.628644675,31839073.35002642,32194.51219512195,9424005.448315414,31838983.878983274,33170.0731707317,9423661.79393888,31838039.696343657,33170.0731707317
9424054.365668312,31839500.70582466,32682.29268292683,15.251224201686686,9423759.628644675,31839073.35002642,32194.51219512195,9424103.283021208,31840017.532666042,32194.51219512195,9424349.102691945,31839928.061622895,33170.0731707317,9424005.448315414,31838983.878983274,33170.0731707317
9424398.020044843,31840444.888464276,32682.29268292683,14.347522677186229,9424103.283021208,31840017.532666042,32194.51219512195,9424446.937397739,31840961.71530566,32194.51219512195,9424692.757068478,31840872.244262516,33170.0731707317,9424349.102691945,31839928.061622895,33170.0731707317
9424741.674421376,31841389.071103897,32682.29268292683,14.112349385680632,9424446.937397739,31840961.71530566,32194.51219512195,9424790.591774272,31841905.89794528,32194.51219512195,9425036.41144501,31841816.426902138,33170.0731707317,9424692.757068478,31840872.244262516,33170.0731707317
9425085.328797908,31842333.25374352,32682.29268292683,13.491049340950887,9424790.591774272,31841905.89794528,32194.51219512195,9425134.246150805,31842850.0805849,32194.51219512195,9425380.065821543,31842760.609541755,33170.0731707317,9425036.41144501,31841816.426902138,33170.0731707317
9425428.98317444,31843277.43638314,32682.29268292683,12.397121929727403,9425134.246150805,31842850.0805849,32194.51219512195,9425477.900527338,31843794.26322452,32194.51219512195,9425723.720198076,31843704.792181376,33170.0731707317,9425380.065821543,31842760.609541755,33170.0731707317
9425772.637550974,31844221.61902276,32682.29268292683,11.985949928369466,9425477.900527338,31843794.26322452,32194.51219512195,9425821.55490387,31844738.44586414,32194.51219512195,9426067.374574607,31844648.974820998,33170.0731707317,9425723.720198076,31843704.792181376,33170.0731707317
9426116.291927505,31845165.801662378,32682.29268292683,12.952380150007265,9425821.55490387,31844738.44586414,32194.51219512195,9426165.209280403,31845682.628503762,32194.51219512195,9426411.02895114,31845593.157460615,33170.0731707317,9426067.374574607,31844648.974820998,33170.0731707317
9426459.94630404,31846109.984302,32682.29268292683,15.081567176635291,9426165.209280403,31845682.628503762,32194.51219512195,9426508.863656936,31846626.811143383,32194.51219512195,9426754.683327673,31846537.340100236,33170.0731707317,9426411.02895114,31845593.157460615,33170.0731707317
9426803.600680571,31847054.16694162,32682.29268292683,14.97405780190738,9426508.863656936,31846626.811143383,32194.51219512195,9426852.518033467,31847570.993783005,32194.51219512195,9427098.337704206,31847481.522739857,33170.0731707317,9426754.683327673,31846537.340100236,33170.0731707317
9427147.255057104,31847998.349581238,32682.29268292683,14.697038697727896,9426852.518033467,31847570.993783005,32194.51219512195,9427196.17241,31848515.176422622,32194.51219512195,9427441.992080739,31848425.705379475,33170.0731707317,9427098.337704206,31847481.522739857,33170.0731707317
9427490.909433637,31848942.53222086,32682.29268292683,14.37042877754044,9427196.17241,31848515.176422622,32194.51219512195,9427539.826786533,31849459.359062243,32194.51219512195,9427785.646457272,31849369.888019096,33170.0731707317,9427441.992080739,31848425.705379475,33170.0731707317
9427834.563810168,31849886.71486048,32682.29268292683,12.895397463599243,9427539.826786533,31849459.359062243,32194.51219512195,9427883.481163066,31850403.541701864,32194.51219512195,9428129.300833805,31850314.070658717,33170.0731707317,9427785.646457272,31849369.888019096,33170.0731707317
9428178.218186703,31850830.8975001,32682.29268292683,13.744267608886885,9427883.481163066,31850403.541701864,32194.51219512195,9428227.135539599,31851347.724341482,32194.51219512195,9428472.955210336,31851258.253298335,33170.0731707317,9428129.300833805,31850314.070658717,33170.0731707317
9428521.872563234,31851775.08013972,32682.29268292683,12.582479059972096,9428227.135539599,31851347.724341482,32194.51219512195,9428570.789916132,31852291.906981103,32194.51219512195,9428816.609586868,31852202.435937956,33170.0731707317,9428472.955210336,31851258.253298335,33170.0731707317
9428865.526939768,31852719.26277934,32682.29268292683,12.04331363455163,9428570.789916132,31852291.906981103,32194.51219512195,9428914.444292663,31853236.089620724,32194.51219512195,9429160.263963401,31853146.618577577,33170.0731707317,9428816.609586868,31852202.435937956,33170.0731707317
9429209.1813163,31853663.44541896,32682.29268292683,10.452270534053962,9428914.444292663,31853236.089620724,32194.51219512195,9429258.098669196,31854180.27226034,32194.51219512195,9429503.918339934,31854090.8012172,33170.0731707317,9429160.263963401,31853146.618577577,33170.0731707317
9429552.835692832,31854607.62805858,32682.29268292683,7.795785581776157,9429258.098669196,31854180.27226034,32194.51219512195,9429601.753045728,31855124.454899963,32194.51219512195,9429847.572716467,31855034.98385682,33170.0731707317,9429503.918339934,31854090.8012172,33170.0731707317
9429896.490069365,31855551.810698196,32682.29268292683,6.776959532564438,9429601.753045728,31855124.454899963,32194.51219512195,9429945.407422261,31856068.637539584,32194.51219512195,9430191.227093,31855979.166496437,33170.0731707317,9429847.572716467,31855034.98385682,33170.0731707317
9430240.144445896,31856495.99333782,32682.29268292683,7.658401803688127,9429945.407422261,31856068.637539584,32194.51219512195,9430289.061798794,31857012.8201792,32194.51219512195,9430534.881469531,31856923.34913606,33170.0731707317,9430191.227093,31855979.166496437,33170.0731707317
9430583.79882243,31857440.175977442,32682.29268292683,6.379350147824081,9430289.061798794,31857012.8201792,32194.51219512195,9430632.716175327,31857957.002818823,32194.51219512195,9430878.535846064,31857867.53177568,33170.0731707317,9430534.881469531,31856923.34913606,33170.0731707317
9430927.453198962,31858384.35861706,32682.29268292683,4.796968815939655,9430632.716175327,31857957.002818823,32194.51219512195,9430976.37055186,31858901.185458444,32194.51219512195,9431222.190222597,31858811.714415297,33170.0731707317,9430878.535846064,31857867.53177568,33170.0731707317
9431271.107575497,31859328.54125668,32682.29268292683,4.545274146666493,9430976.37055186,31858901.185458444,32194.51219512195,9431320.024928391,31859845.368098065,32194.51219512195,9431565.84459913,31859755.897054918,33170.0731707317,9431222.190222597,31858811.714415297,33170.0731707317
9431614.761952028,31860272.723896302,32682.29268292683,3.8626465274122306,9431320.024928391,31859845.368098065,32194.51219512195,9431663.679304924,31860789.550737686,32194.51219512195,9431909.498975663,31860700.07969454,33170.0731707317,9431565.84459913,31859755.897054918,33170.0731707317
9431958.41632856,31861216.90653592,32682.29268292683,4.145003847495613,9431663.679304924,31860789.550737686,32194.51219512195,9432007.333681457,31861733.733377304,32194.51219512195,9432253.153352195,31861644.262334157,33170.0731707317,9431909.498975663,31860700.07969454,33170.0731707317
9432302.070705093,31862161.08917554,32682.29268292683,4.287204009595285,9432007.333681457,31861733.733377304,32194.51219512195,9432350.98805799,31862677.916016925,32194.51219512195,9432596.807728726,31862588.444973778,33170.0731707317,9432253.153352195,31861644.262334157,33170.0731707317
9432645.725081624,31863105.271815162,32682.29268292683,3.75710167579527,9432350.98805799,31862677.916016925,32194.51219512195,9432694.642434523,31863622.098656543,32194.51219512195,9432940.46210526,31863532.627613395,33170.0731707317,9432596.807728726,31862588.444973778,33170.0731707317
9432989.379458157,31864049.45445478,32682.29268292683,4.261161095005522,9432694.642434523,31863622.098656543,32194.51219512195,9433038.296811054,31864566.281296164,32194.51219512195,9433284.116481792,31864476.810253017,33170.0731707317,9432940.46210526,31863532.627613395,33170.0731707317
9433333.03383469,31864993.637094397,32682.29268292683,4.312403466694763,9433038.296811054,31864566.281296164,32194.51219512195,9433381.951187586,31865510.463935785,32194.51219512195,9433627.770858325,31865420.992892634,33170.0731707317,9433284.116481792,31864476.810253017,33170.0731707317
9433676.688211221,31865937.81973402,32682.29268292683,4.852862734926294,9433381.951187586,31865510.463935785,32194.51219512195,9433725.60556412,31866454.646575402,32194.51219512195,9433971.425234858,31866365.175532255,33170.0731707317,9433627.770858325,31865420.992892634,33170.0731707317
9434020.342587756,31866882.00237364,32682.29268292683,5.399270667368334,9433725.60556412,31866454.646575402,32194.51219512195,9434069.259940652,31867398.829215024,32194.51219512195,9434315.07961139,31867309.35817188,33170.0731707317,9433971.425234858,31866365.175532255,33170.0731707317
9434363.996964287,31867826.185013257,32682.29268292683,4.15124513010473,9434069.259940652,31867398.829215024,32194.51219512195,9434412.914317185,31868343.01185464,32194.51219512195,9434658.733987922,31868253.540811498,33170.0731707317,9434315.07961139,31867309.35817188,33170.0731707317
9434707.651340822,31868770.36765288,32682.29268292683,3.6939489378276926,9434412.914317185,31868343.01185464,32194.51219512195,9434756.568693718,31869287.194494262,32194.51219512195,9435002.388364455,31869197.72345112,33170.0731707317,9434658.733987922,31868253.540811498,33170.0731707317
9435051.305717353,31869714.550292503,32682.29268292683,3.212385684835062,9434756.568693718,31869287.194494262,32194.51219512195,9435100.22307025,31870231.377133884,32194.51219512195,9435346.042740988,31870141.90609074,33170.0731707317,9435002.388364455,31869197.72345112,33170.0731707317
9435394.960093886,31870658.732932124,32682.29268292683,3.0658068196363275,9435100.22307025,31870231.377133884,32194.51219512195,9435443.877446782,31871175.5597735,32194.51219512195,9435689.69711752,31871086.088730358,33170.0731707317,9435346.042740988,31870141.90609074,33170.0731707317
9435738.614470419,31871602.91557174,32682.29268292683,3.706993086947952,9435443.877446782,31871175.5597735,32194.51219512195,9435787.531823315,31872119.742413126,32194.51219512195,9436033.351494053,31872030.27136998,33170.0731707317,9435689.69711752,31871086.088730358,33170.0731707317
9436082.26884695,31872547.098211363,32682.29268292683,4.41764039217556,9435787.531823315,31872119.742413126,32194.51219512195,9436131.186199848,31873063.925052747,32194.51219512195,9436377.005870586,31872974.4540096,33170.0731707317,9436033.351494053,31872030.27136998,33170.0731707317
9436425.923223484,31873491.280850984,32682.29268292683,7.440962087858653,9436131.186199848,31873063.925052747,32194.51219512195,9436474.84057638,31874008.107692365,32194.51219512195,9436720.66024712,31873918.636649217,33170.0731707317,9436377.005870586,31872974.4540096,33170.0731707317
9436769.577600015,31874435.4634906,32682.29268292683,9.376636386703924,9436474.84057638,31874008.107692365,32194.51219512195,9436818.494952913,31874952.290331986,32194.51219512195,9437064.31462365,31874862.81928884,33170.0731707317,9436720.66024712,31873918.636649217,33170.0731707317
9437113.23197655,31875379.646130223,32682.29268292683,10.764255201352537,9436818.494952913,31874952.290331986,32194.51219512195,9437162.149329446,31875896.472971607,32194.51219512195,9437407.969000183,31875807.00192846,33170.0731707317,9437064.31462365,31874862.81928884,33170.0731707317
9437456.886353081,31876323.82876984,32682.29268292683,12.470232683627199,9437162.149329446,31875896.472971607,32194.51219512195,9437505.80370598,31876840.655611224,32194.51219512195,9437751.623376716,31876751.184568077,33170.0731707317,9437407.969000183,31875807.00192846,33170.0731707317
9437800.540729614,31877268.01140946,32682.29268292683,13.05808209447106,9437505.80370598,31876840.655611224,32194.51219512195,9437849.45808251,31877784.838250846,32194.51219512195,9438095.277753249,31877695.3672077,33170.0731707317,9437751.623376716,31876751.184568077,33170.0731707317
9438144.195106147,31878212.194049083,32682.29268292683,12.494584600073418,9437849.45808251,31877784.838250846,32194.51219512195,9438193.112459043,31878729.020890467,32194.51219512195,9438438.932129782,31878639.54984732,33170.0731707317,9438095.277753249,31877695.3672077,33170.0731707317
9438487.849482678,31879156.3766887,32682.29268292683,11.84730518373773,9438193.112459043,31878729.020890467,32194.51219512195,9438536.766835576,31879673.203530084,32194.51219512195,9438782.586506315,31879583.732486937,33170.0731707317,9438438.932129782,31878639.54984732,33170.0731707317
9438831.503859213,31880100.55932832,32682.29268292683,11.946901631482532,9438536.766835576,31879673.203530084,32194.51219512195,9438880.421212109,31880617.386169706,32194.51219512195,9439126.240882847,31880527.915126562,33170.0731707317,9438782.586506315,31879583.732486937,33170.0731707317
9439175.158235744,31881044.741967943,32682.29268292683,11.549430063061866,9438880.421212109,31880617.386169706,32194.51219512195,9439224.075588642,31881561.568809327,32194.51219512195,9439469.895259378,31881472.097766183,33170.0731707317,9439126.240882847,31880527.915126562,33170.0731707317
9439518.812612278,31881988.92460756,32682.29268292683,10.903020689758819,9439224.075588642,31881561.568809327,32194.51219512195,9439567.729965175,31882505.751448944,32194.51219512195,9439813.549635911,31882416.2804058,33170.0731707317,9439469.895259378,31881472.097766183,33170.0731707317
9439862.46698881,31882933.107247185,32682.29268292683,11.758228898936135,9439567.729965175,31882505.751448944,32194.51219512195,9439911.384341707,31883449.934088565,32194.51219512195,9440157.204012444,31883360.463045422,33170.0731707317,9439813.549635911,31882416.2804058,33170.0731707317
9440206.121365342,31883877.289886806,32682.29268292683,10.955011827230459,9439911.384341707,31883449.934088565,32194.51219512195,9440255.038718238,31884394.116728187,32194.51219512195,9440500.858388977,31884304.64568504,33170.0731707317,9440157.204012444,31883360.463045422,33170.0731707317
9440549.775741875,31884821.472526427,32682.29268292683,10.473303153933982,9440255.038718238,31884394.116728187,32194.51219512195,9440598.693094771,31885338.299367808,32194.51219512195,9440844.512765508,31885248.82832466,33170.0731707317,9440500.858388977,31884304.64568504,33170.0731707317
9440893.430118406,31885765.65516604,32682.29268292683,9.918465757985981,9440598.693094771,31885338.299367808,32194.51219512195,9440942.347471304,31886282.482007425,32194.51219512195,9441188.167142041,31886193.010964278,33170.0731707317,9440844.512765508,31885248.82832466,33170.0731707317
9441237.084494941,31886709.837805662,32682.29268292683,8.485792762199113,9440942.347471304,31886282.482007425,32194.51219512195,9441286.001847837,31887226.664647046,32194.51219512195,9441531.821518574,31887137.1936039,33170.0731707317,9441188.167142041,31886193.010964278,33170.0731707317
9441580.738871472,31887654.020445284,32682.29268292683,7.334810645379688,9441286.001847837,31887226.664647046,32194.51219512195,9441629.656224368,31888170.847286668,32194.51219512195,9441875.475895107,31888081.37624352,33170.0731707317,9441531.821518574,31887137.1936039,33170.0731707317
9441924.393248003,31888598.2030849,32682.29268292683,7.767850722267528,9441629.656224368,31888170.847286668,32194.51219512195,9441973.310600901,31889115.029926285,32194.51219512195,9442219.13027164,31889025.558883138,33170.0731707317,9441875.475895107,31888081.37624352,33170.0731707317
9442268.047624538,31889542.385724522,32682.29268292683,7.918374754200146,9441973.310600901,31889115.029926285,32194.51219512195,9442316.964977434,31890059.212565906,32194.51219512195,9442562.784648173,31889969.74152276,33170.0731707317,9442219.13027164,31889025.558883138,33170.0731707317
9442611.70200107,31890486.568364143,32682.29268292683,8.860281178291677,9442316.964977434,31890059.212565906,32194.51219512195,9442660.619353967,31891003.395205528,32194.51219512195,9442906.439024705,31890913.92416238,33170.0731707317,9442562.784648173,31889969.74152276,33170.0731707317
9442955.356377603,31891430.751003765,32682.29268292683,8.332933101694525,9442660.619353967,31891003.395205528,32194.51219512195,9443004.2737305,31891947.577845145,32194.51219512195,9443250.093401236,31891858.106801998,33170.0731707317,9442906.439024705,31890913.92416238,33170.0731707317
9443299.010754135,31892374.933643382,32682.29268292683,6.0413475129993195,9443004.2737305,31891947.577845145,32194.51219512195,9443347.928107033,31892891.760484766,32194.51219512195,9443593.74777777,31892802.28944162,33170.0731707317,9443250.093401236,31891858.106801998,33170.0731707317
9443642.665130667,31893319.116283003,32682.29268292683,4.956930392262601,9443347.928107033,31892891.760484766,32194.51219512195,9443691.582483565,31893835.943124387,32194.51219512195,9443937.402154302,31893746.47208124,33170.0731707317,9443593.74777777,31892802.28944162,33170.0731707317
9443986.3195072,31894263.298922624,32682.29268292683,3.5577220682533226,9443691.582483565,31893835.943124387,32194.51219512195,9444035.236860096,31894780.125764005,32194.51219512195,9444281.056530835,31894690.65472086,33170.0731707317,9443937.402154302,31893746.47208124,33170.0731707317
9444329.973883731,31895207.481562242,32682.29268292683,2.4792725024047138,9444035.236860096,31894780.125764005,32194.51219512195,9444378.89123663,31895724.308403626,32194.51219512195,9444624.710907368,31895634.837360483,33170.0731707317,9444281.056530835,31894690.65472086,33170.0731707317
9444673.628260266,31896151.664201863,32682.29268292683,2.7890235290644134,9444378.89123663,31895724.308403626,32194.51219512195,9444722.545613162,31896668.491043247,32194.51219512195,9444968.3652839,31896579.0200001,33170.0731707317,9444624.710907368,31895634.837360483,33170.0731707317
9445017.282636797,31897095.846841484,32682.29268292683,2.82594317994557,9444722.545613162,31896668.491043247,32194.51219512195,9445066.199989695,31897612.673682865,32194.51219512195,9445312.019660434,31897523.20263972,33170.0731707317,9444968.3652839,31896579.0200001,33170.0731707317
9445360.93701333,31898040.029481106,32682.29268292683,2.605442368395239,9445066.199989695,31897612.673682865,32194.51219512195,9445409.854366228,31898556.85632249,32194.51219512195,9445655.674036965,31898467.385279343,33170.0731707317,9445312.019660434,31897523.20263972,33170.0731707317
9445704.591389861,31898984.212120723,32682.29268292683,3.3664929297126105,9445409.854366228,31898556.85632249,32194.51219512195,9445753.50874276,31899501.038962107,32194.51219512195,9445999.328413498,31899411.56791896,33170.0731707317,9445655.674036965,31898467.385279343,33170.0731707317
9446048.245766396,31899928.394760344,32682.29268292683,3.260425767847218,9445753.50874276,31899501.038962107,32194.51219512195,9446097.163119294,31900445.22160173,32194.51219512195,9446342.98279003,31900355.75055858,33170.0731707317,9445999.328413498,31899411.56791896,33170.0731707317
9446391.900142927,31900872.577399965,32682.29268292683,3.0384584536321895,9446097.163119294,31900445.22160173,32194.51219512195,9446440.817495825,31901389.40424135,32194.51219512195,9446686.637166563,31901299.933198202,33170.0731707317,9446342.98279003,31900355.75055858,33170.0731707317
9420863.641573723,31829969.408385314,33657.85365853658,12.503721009551816,9420568.904550087,31829542.052587077,33170.0731707317,9420912.55892662,31830486.235226694,33170.0731707317,9421158.378597358,31830396.764183547,34145.634146341465,9420814.724220827,31829452.58154393,34145.634146341465
9421207.295950254,31830913.59102493,33657.85365853658,12.693702577258897,9420912.55892662,31830486.235226694,33170.0731707317,9421256.213303152,31831430.417866316,33170.0731707317,9421502.032973891,31831340.94682317,34145.634146341465,9421158.378597358,31830396.764183547,34145.634146341465
9421550.95032679,31831857.773664553,33657.85365853658,13.625796361611666,9421256.213303152,31831430.417866316,33170.0731707317,9421599.867679685,31832374.600505937,33170.0731707317,9421845.687350424,31832285.12946279,34145.634146341465,9421502.032973891,31831340.94682317,34145.634146341465
9421894.60470332,31832801.956304174,33657.85365853658,14.195930208243253,9421599.867679685,31832374.600505937,33170.0731707317,9421943.522056216,31833318.783145554,33170.0731707317,9422189.341726957,31833229.312102407,34145.634146341465,9421845.687350424,31832285.12946279,34145.634146341465
9422238.259079851,31833746.13894379,33657.85365853658,14.952919939312002,9421943.522056216,31833318.783145554,33170.0731707317,9422287.17643275,31834262.965785176,33170.0731707317,9422532.99610349,31834173.49474203,34145.634146341465,9422189.341726957,31833229.312102407,34145.634146341465
9422581.913456386,31834690.321583413,33657.85365853658,15.362860331947264,9422287.17643275,31834262.965785176,33170.0731707317,9422630.830809282,31835207.148424797,33170.0731707317,9422876.650480023,31835117.67738165,34145.634146341465,9422532.99610349,31834173.49474203,34145.634146341465
9422925.567832919,31835634.50422303,33657.85365853658,14.61898262954566,9422630.830809282,31835207.148424797,33170.0731707317,9422974.485185815,31836151.331064414,33170.0731707317,9423220.304856556,31836061.86002127,34145.634146341465,9422876.650480023,31835117.67738165,34145.634146341465
9423269.222209452,31836578.68686265,33657.85365853658,14.509288429430002,9422974.485185815,31836151.331064414,33170.0731707317,9423318.139562348,31837095.513704035,33170.0731707317,9423563.959233087,31837006.042660892,34145.634146341465,9423220.304856556,31836061.86002127,34145.634146341465
9423612.876585983,31837522.869502272,33657.85365853658,14.362685579413002,9423318.139562348,31837095.513704035,33170.0731707317,9423661.79393888,31838039.696343657,33170.0731707317,9423907.61360962,31837950.225300513,34145.634146341465,9423563.959233087,31837006.042660892,34145.634146341465
9423956.530962517,31838467.052141894,33657.85365853658,13.817354302751337,9423661.79393888,31838039.696343657,33170.0731707317,9424005.448315414,31838983.878983274,33170.0731707317,9424251.267986152,31838894.40794013,34145.634146341465,9423907.61360962,31837950.225300513,34145.634146341465
9424300.185339049,31839411.234781515,33657.85365853658,13.916880553653995,9424005.448315414,31838983.878983274,33170.0731707317,9424349.102691945,31839928.061622895,33170.0731707317,9424594.922362685,31839838.590579752,34145.634146341465,9424251.267986152,31838894.40794013,34145.634146341465
9424643.83971558,31840355.417421132,33657.85365853658,14.665937116464788,9424349.102691945,31839928.061622895,33170.0731707317,9424692.757068478,31840872.244262516,33170.0731707317,9424938.576739218,31840782.77321937,34145.634146341465,9424594.922362685,31839838.590579752,34145.634146341465
9424987.494092114,31841299.600060754,33657.85365853658,14.485857698120155,9424692.757068478,31840872.244262516,33170.0731707317,9425036.41144501,31841816.426902138,33170.0731707317,9425282.23111575,31841726.95585899,34145.634146341465,9424938.576739218,31840782.77321937,34145.634146341465
9425331.148468645,31842243.782700375,33657.85365853658,15.077599033594502,9425036.41144501,31841816.426902138,33170.0731707317,9425380.065821543,31842760.609541755,33170.0731707317,9425625.885492282,31842671.138498608,34145.634146341465,9425282.23111575,31841726.95585899,34145.634146341465
9425674.80284518,31843187.965339992,33657.85365853658,14.885989312779154,9425380.065821543,31842760.609541755,33170.0731707317,9425723.720198076,31843704.792181376,33170.0731707317,9425969.539868815,31843615.32113823,34145.634146341465,9425625.885492282,31842671.138498608,34145.634146341465
9426018.457221711,31844132.147979613,33657.85365853658,12.556072538248886,9425723.720198076,31843704.792181376,33170.0731707317,9426067.374574607,31844648.974820998,33170.0731707317,9426313.194245348,31844559.50377785,34145.634146341465,9425969.539868815,31843615.32113823,34145.634146341465
9426362.111598244,31845076.33061923,33657.85365853658,12.335464766448476,9426067.374574607,31844648.974820998,33170.0731707317,9426411.02895114,31845593.157460615,33170.0731707317,9426656.84862188,31845503.686417468,34145.634146341465,9426313.194245348,31844559.50377785,34145.634146341465
9426705.765974777,31846020.513258852,33657.85365853658,12.31036004482702,9426411.02895114,31845593.157460615,33170.0731707317,9426754.683327673,31846537.340100236,33170.0731707317,9427000.502998414,31846447.86905709,34145.634146341465,9426656.84862188,31845503.686417468,34145.634146341465
9427049.420351308,31846964.695898473,33657.85365853658,12.355898991497448,9426754.683327673,31846537.340100236,33170.0731707317,9427098.337704206,31847481.522739857,33170.0731707317,9427344.157374946,31847392.05169671,34145.634146341465,9427000.502998414,31846447.86905709,34145.634146341465
9427393.074727843,31847908.87853809,33657.85365853658,12.277130632185557,9427098.337704206,31847481.522739857,33170.0731707317,9427441.992080739,31848425.705379475,33170.0731707317,9427687.811751477,31848336.23433633,34145.634146341465,9427344.157374946,31847392.05169671,34145.634146341465
9427736.729104374,31848853.061177712,33657.85365853658,11.542253930842216,9427441.992080739,31848425.705379475,33170.0731707317,9427785.646457272,31849369.888019096,33170.0731707317,9428031.46612801,31849280.416975953,34145.634146341465,9427687.811751477,31848336.23433633,34145.634146341465
9428080.383480908,31849797.243817333,33657.85365853658,11.10214633027533,9427785.646457272,31849369.888019096,33170.0731707317,9428129.300833805,31850314.070658717,33170.0731707317,9428375.120504543,31850224.599615574,34145.634146341465,9428031.46612801,31849280.416975953,34145.634146341465
9428424.03785744,31850741.426456954,33657.85365853658,11.026915517553979,9428129.300833805,31850314.070658717,33170.0731707317,9428472.955210336,31851258.253298335,33170.0731707317,9428718.774881076,31851168.78225519,34145.634146341465,9428375.120504543,31850224.599615574,34145.634146341465
9428767.692233972,31851685.609096576,33657.85365853658,10.955541054833725,9428472.955210336,31851258.253298335,33170.0731707317,9428816.609586868,31852202.435937956,33170.0731707317,9429062.429257609,31852112.964894813,34145.634146341465,9428718.774881076,31851168.78225519,34145.634146341465
9429111.346610505,31852629.791736197,33657.85365853658,10.530323850896886,9428816.609586868,31852202.435937956,33170.0731707317,9429160.263963401,31853146.618577577,33170.0731707317,9429406.083634142,31853057.14753443,34145.634146341465,9429062.429257609,31852112.964894813,34145.634146341465
9429455.000987036,31853573.974375818,33657.85365853658,8.93359813053082,9429160.263963401,31853146.618577577,33170.0731707317,9429503.918339934,31854090.8012172,33170.0731707317,9429749.738010675,31854001.33017405,34145.634146341465,9429406.083634142,31853057.14753443,34145.634146341465
9429798.65536357,31854518.157015435,33657.85365853658,7.135790068652264,9429503.918339934,31854090.8012172,33170.0731707317,9429847.572716467,31855034.98385682,33170.0731707317,9430093.392387206,31854945.512813672,34145.634146341465,9429749.738010675,31854001.33017405,34145.634146341465
9430142.309740102,31855462.339655053,33657.85365853658,7.399210546586672,9429847.572716467,31855034.98385682,33170.0731707317,9430191.227093,31855979.166496437,33170.0731707317,9430437.046763739,31855889.69545329,34145.634146341465,9430093.392387206,31854945.512813672,34145.634146341465
9430485.964116637,31856406.522294674,33657.85365853658,7.737308275988583,9430191.227093,31855979.166496437,33170.0731707317,9430534.881469531,31856923.34913606,33170.0731707317,9430780.701140271,31856833.87809291,34145.634146341465,9430437.046763739,31855889.69545329,34145.634146341465
9430829.618493168,31857350.704934295,33657.85365853658,6.938548705839769,9430534.881469531,31856923.34913606,33170.0731707317,9430878.535846064,31857867.53177568,33170.0731707317,9431124.355516804,31857778.060732532,34145.634146341465,9430780.701140271,31856833.87809291,34145.634146341465
9431173.2728697,31858294.887573913,33657.85365853658,5.789092882817247,9430878.535846064,31857867.53177568,33170.0731707317,9431222.190222597,31858811.714415297,33170.0731707317,9431468.009893337,31858722.24337215,34145.634146341465,9431124.355516804,31857778.060732532,34145.634146341465
9431516.927246233,31859239.070213534,33657.85365853658,4.807775210506951,9431222.190222597,31858811.714415297,33170.0731707317,9431565.84459913,31859755.897054918,33170.0731707317,9431811.66426987,31859666.42601177,34145.634146341465,9431468.009893337,31858722.24337215,34145.634146341465
9431860.581622764,31860183.252853155,33657.85365853658,4.183352011803306,9431565.84459913,31859755.897054918,33170.0731707317,9431909.498975663,31860700.07969454,33170.0731707317,9432155.318646401,31860610.608651392,34145.634146341465,9431811.66426987,31859666.42601177,34145.634146341465
9432204.2359993,31861127.435492773,33657.85365853658,4.8421546333066505,9431909.498975663,31860700.07969454,33170.0731707317,9432253.153352195,31861644.262334157,33170.0731707317,9432498.973022934,31861554.791291013,34145.634146341465,9432155.318646401,31860610.608651392,34145.634146341465
9432547.89037583,31862071.618132394,33657.85365853658,3.787324803878314,9432253.153352195,31861644.262334157,33170.0731707317,9432596.807728726,31862588.444973778,33170.0731707317,9432842.627399467,31862498.97393063,34145.634146341465,9432498.973022934,31861554.791291013,34145.634146341465
9432891.544752361,31863015.800772015,33657.85365853658,2.901013180570695,9432596.807728726,31862588.444973778,33170.0731707317,9432940.46210526,31863532.627613395,33170.0731707317,9433186.281776,31863443.156570252,34145.634146341465,9432842.627399467,31862498.97393063,34145.634146341465
9433235.199128896,31863959.983411632,33657.85365853658,2.836521415612446,9432940.46210526,31863532.627613395,33170.0731707317,9433284.116481792,31864476.810253017,33170.0731707317,9433529.936152533,31864387.339209873,34145.634146341465,9433186.281776,31863443.156570252,34145.634146341465
9433578.853505427,31864904.166051254,33657.85365853658,2.8742963970181887,9433284.116481792,31864476.810253017,33170.0731707317,9433627.770858325,31865420.992892634,33170.0731707317,9433873.590529064,31865331.52184949,34145.634146341465,9433529.936152533,31864387.339209873,34145.634146341465
9433922.507881962,31865848.348690875,33657.85365853658,2.5329814168297182,9433627.770858325,31865420.992892634,33170.0731707317,9433971.425234858,31866365.175532255,33170.0731707317,9434217.244905597,31866275.704489112,34145.634146341465,9433873.590529064,31865331.52184949,34145.634146341465
9434266.162258493,31866792.531330496,33657.85365853658,2.3765209666192213,9433971.425234858,31866365.175532255,33170.0731707317,9434315.07961139,31867309.35817188,33170.0731707317,9434560.89928213,31867219.887128733,34145.634146341465,9434217.244905597,31866275.704489112,34145.634146341465
9434609.816635026,31867736.713970114,33657.85365853658,2.7927287463274695,9434315.07961139,31867309.35817188,33170.0731707317,9434658.733987922,31868253.540811498,33170.0731707317,9434904.553658662,31868164.06976835,34145.634146341465,9434560.89928213,31867219.887128733,34145.634146341465
9434953.471011559,31868680.896609735,33657.85365853658,3.3323148152382935,9434658.733987922,31868253.540811498,33170.0731707317,9435002.388364455,31869197.72345112,33170.0731707317,9435248.208035195,31869108.25240797,34145.634146341465,9434904.553658662,31868164.06976835,34145.634146341465
9435297.12538809,31869625.079249356,33657.85365853658,2.2307425915196344,9435002.388364455,31869197.72345112,33170.0731707317,9435346.042740988,31870141.90609074,33170.0731707317,9435591.862411728,31870052.435047593,34145.634146341465,9435248.208035195,31869108.25240797,34145.634146341465
9435640.779764624,31870569.261888977,33657.85365853658,2.0708599720389373,9435346.042740988,31870141.90609074,33170.0731707317,9435689.69711752,31871086.088730358,33170.0731707317,9435935.516788261,31870996.61768721,34145.634146341465,9435591.862411728,31870052.435047593,34145.634146341465
9435984.434141155,31871513.444528595,33657.85365853658,2.4420860460148996,9435689.69711752,31871086.088730358,33170.0731707317,9436033.351494053,31872030.27136998,33170.0731707317,9436279.171164792,31871940.80032683,34145.634146341465,9435935.516788261,31870996.61768721,34145.634146341465
9436328.08851769,31872457.627168216,33657.85365853658,2.719226746389858,9436033.351494053,31872030.27136998,33170.0731707317,9436377.005870586,31872974.4540096,33170.0731707317,9436622.825541325,31872884.982966453,34145.634146341465,9436279.171164792,31871940.80032683,34145.634146341465
9436671.742894221,31873401.809807837,33657.85365853658,3.5827627666427757,9436377.005870586,31872974.4540096,33170.0731707317,9436720.66024712,31873918.636649217,33170.0731707317,9436966.479917858,31873829.16560607,34145.634146341465,9436622.825541325,31872884.982966453,34145.634146341465
9437015.397270754,31874345.992447454,33657.85365853658,4.359572770154573,9436720.66024712,31873918.636649217,33170.0731707317,9437064.31462365,31874862.81928884,33170.0731707317,9437310.13429439,31874773.34824569,34145.634146341465,9436966.479917858,31873829.16560607,34145.634146341465
9437359.051647287,31875290.175087076,33657.85365853658,6.4385836959121265,9437064.31462365,31874862.81928884,33170.0731707317,9437407.969000183,31875807.00192846,33170.0731707317,9437653.788670924,31875717.530885316,34145.634146341465,9437310.13429439,31874773.34824569,34145.634146341465
9437702.706023818,31876234.357726693,33657.85365853658,8.628983285381583,9437407.969000183,31875807.00192846,33170.0731707317,9437751.623376716,31876751.184568077,33170.0731707317,9437997.443047456,31876661.713524934,34145.634146341465,9437653.788670924,31875717.530885316,34145.634146341465
9438046.360400353,31877178.540366314,33657.85365853658,9.886288294892683,9437751.623376716,31876751.184568077,33170.0731707317,9438095.277753249,31877695.3672077,33170.0731707317,9438341.09742399,31877605.896164555,34145.634146341465,9437997.443047456,31876661.713524934,34145.634146341465
9438390.014776884,31878122.72300594,33657.85365853658,10.871385207210515,9438095.277753249,31877695.3672077,33170.0731707317,9438438.932129782,31878639.54984732,33170.0731707317,9438684.75180052,31878550.078804176,34145.634146341465,9438341.09742399,31877605.896164555,34145.634146341465
9438733.669153418,31879066.905645557,33657.85365853658,10.440307980332033,9438438.932129782,31878639.54984732,33170.0731707317,9438782.586506315,31879583.732486937,33170.0731707317,9439028.406177053,31879494.261443794,34145.634146341465,9438684.75180052,31878550.078804176,34145.634146341465
9439077.32352995,31880011.088285178,33657.85365853658,9.47019836527455,9438782.586506315,31879583.732486937,33170.0731707317,9439126.240882847,31880527.915126562,33170.0731707317,9439372.060553586,31880438.444083415,34145.634146341465,9439028.406177053,31879494.261443794,34145.634146341465
9439420.977906482,31880955.2709248,33657.85365853658,9.911948243533944,9439126.240882847,31880527.915126562,33170.0731707317,9439469.895259378,31881472.097766183,33170.0731707317,9439715.714930119,31881382.626723032,34145.634146341465,9439372.060553586,31880438.444083415,34145.634146341465
9439764.632283015,31881899.453564417,33657.85365853658,10.258163432800917,9439469.895259378,31881472.097766183,33170.0731707317,9439813.549635911,31882416.2804058,33170.0731707317,9440059.369306652,31882326.809362654,34145.634146341465,9439715.714930119,31881382.626723032,34145.634146341465
9440108.286659546,31882843.636204038,33657.85365853658,10.581752688022922,9439813.549635911,31882416.2804058,33170.0731707317,9440157.204012444,31883360.463045422,33170.0731707317,9440403.023683185,31883270.992002275,34145.634146341465,9440059.369306652,31882326.809362654,34145.634146341465
9440451.941036081,31883787.81884366,33657.85365853658,9.746612671323835,9440157.204012444,31883360.463045422,33170.0731707317,9440500.858388977,31884304.64568504,33170.0731707317,9440746.678059718,31884215.174641892,34145.634146341465,9440403.023683185,31883270.992002275,34145.634146341465
9440795.595412612,31884732.001483276,33657.85365853658,9.605557574440219,9440500.858388977,31884304.64568504,33170.0731707317,9440844.512765508,31885248.82832466,33170.0731707317,9441090.332436249,31885159.357281514,34145.634146341465,9440746.678059718,31884215.174641892,34145.634146341465
9441139.249789143,31885676.184122894,33657.85365853658,8.950209402424255,9440844.512765508,31885248.82832466,33170.0731707317,9441188.167142041,31886193.010964278,33170.0731707317,9441433.986812782,31886103.53992113,34145.634146341465,9441090.332436249,31885159.357281514,34145.634146341465
9441482.904165678,31886620.366762515,33657.85365853658,7.646778624952728,9441188.167142041,31886193.010964278,33170.0731707317,9441531.821518574,31887137.1936039,33170.0731707317,9441777.641189314,31887047.722560752,34145.634146341465,9441433.986812782,31886103.53992113,34145.634146341465
9441826.55854221,31887564.549402136,33657.85365853658,8.26605129731807,9441531.821518574,31887137.1936039,33170.0731707317,9441875.475895107,31888081.37624352,33170.0731707317,9442121.295565847,31887991.905200373,34145.634146341465,9441777.641189314,31887047.722560752,34145.634146341465
9442170.212918743,31888508.732041754,33657.85365853658,9.382252819376104,9441875.475895107,31888081.37624352,33170.0731707317,9442219.13027164,31889025.558883138,33170.0731707317,9442464.949942378,31888936.087839995,34145.634146341465,9442121.295565847,31887991.905200373,34145.634146341465
9442513.867295275,31889452.914681375,33657.85365853658,9.073251572669786,9442219.13027164,31889025.558883138,33170.0731707317,9442562.784648173,31889969.74152276,33170.0731707317,9442808.604318911,31889880.270479616,34145.634146341465,9442464.949942378,31888936.087839995,34145.634146341465
9442857.52167181,31890397.097320996,33657.85365853658,9.021546670447398,9442562.784648173,31889969.74152276,33170.0731707317,9442906.439024705,31890913.92416238,33170.0731707317,9443152.258695444,31890824.453119233,34145.634146341465,9442808.604318911,31889880.270479616,34145.634146341465
9443201.17604834,31891341.279960617,33657.85365853658,8.111924791920199,9442906.439024705,31890913.92416238,33170.0731707317,9443250.093401236,31891858.106801998,33170.0731707317,9443495.913071977,31891768.635758854,34145.634146341465,9443152.258695444,31890824.453119233,34145.634146341465
9443544.830424871,31892285.46260024,33657.85365853658,6.247523200898278,9443250.093401236,31891858.106801998,33170.0731707317,9443593.74777777,31892802.28944162,33170.0731707317,9443839.56744851,31892712.818398476,34145.634146341465,9443495.913071977,31891768.635758854,34145.634146341465
9443888.484801406,31893229.64523986,33657.85365853658,6.378803450990259,9443593.74777777,31892802.28944162,33170.0731707317,9443937.402154302,31893746.47208124,33170.0731707317,9444183.221825043,31893657.001038093,34145.634146341465,9443839.56744851,31892712.818398476,34145.634146341465
9444232.139177939,31894173.827879477,33657.85365853658,5.469011774602177,9443937.402154302,31893746.47208124,33170.0731707317,9444281.056530835,31894690.65472086,33170.0731707317,9444526.876201576,31894601.183677714,34145.634146341465,9444183.221825043,31893657.001038093,34145.634146341465
9444575.793554472,31895118.0105191,33657.85365853658,4.160408458710229,9444281.056530835,31894690.65472086,33170.0731707317,9444624.710907368,31895634.837360483,33170.0731707317,9444870.530578107,31895545.366317336,34145.634146341465,9444526.876201576,31894601.183677714,34145.634146341465
9444919.447931003,31896062.193158716,33657.85365853658,3.463685117492554,9444624.710907368,31895634.837360483,33170.0731707317,9444968.3652839,31896579.0200001,33170.0731707317,9445214.18495464,31896489.548956953,34145.634146341465,9444870.530578107,31895545.366317336,34145.634146341465
9445263.102307538,31897006.375798337,33657.85365853658,2.5248332098616557,9444968.3652839,31896579.0200001,33170.0731707317,9445312.019660434,31897523.20263972,33170.0731707317,9445557.839331172,31897433.731596574,34145.634146341465,9445214.18495464,31896489.548956953,34145.634146341465
9445606.756684069,31897950.55843796,33657.85365853658,2.6701268655171324,9445312.019660434,31897523.20263972,33170.0731707317,9445655.674036965,31898467.385279343,33170.0731707317,9445901.493707705,31898377.914236195,34145.634146341465,9445557.839331172,31897433.731596574,34145.634146341465
9445950.4110606,31898894.741077576,33657.85365853658,4.035576393575672,9445655.674036965,31898467.385279343,33170.0731707317,9445999.328413498,31899411.56791896,33170.0731707317,9446245.148084238,31899322.096875813,34145.634146341465,9445901.493707705,31898377.914236195,34145.634146341465
9446294.065437134,31899838.923717197,33657.85365853658,3.963885779251828,9445999.328413498,31899411.56791896,33170.0731707317,9446342.98279003,31900355.75055858,33170.0731707317,9446588.802460771,31900266.279515434,34145.634146341465,9446245.148084238,31899322.096875813,34145.634146341465
9446637.719813667,31900783.10635682,33657.85365853658,2.5690774578796116,9446342.98279003,31900355.75055858,33170.0731707317,9446686.637166563,31901299.933198202,33170.0731707317,9446932.456837304,31901210.462155055,34145.634146341465,9446588.802460771,31900266.279515434,34145.634146341465
9421109.461244462,31829879.937342167,34633.41463414634,10.862092789466764,9420814.724220827,31829452.58154393,34145.634146341465,9421158.378597358,31830396.764183547,34145.634146341465,9421404.198268097,31830307.293140404,35121.19512195122,9421060.543891564,31829363.110500783,35121.19512195122
9421453.115620993,31830824.119981784,34633.41463414634,11.398517935767446,9421158.378597358,31830396.764183547,34145.634146341465,9421502.032973891,31831340.94682317,34145.634146341465,9421747.85264463,31831251.475780025,35121.19512195122,9421404.198268097,31830307.293140404,35121.19512195122
9421796.769997528,31831768.302621406,34633.41463414634,12.421717503898375,9421502.032973891,31831340.94682317,34145.634146341465,9421845.687350424,31832285.12946279,34145.634146341465,9422091.507021163,31832195.658419646,35121.19512195122,9421747.85264463,31831251.475780025,35121.19512195122
9422140.42437406,31832712.48526103,34633.41463414634,12.408202317147678,9421845.687350424,31832285.12946279,34145.634146341465,9422189.341726957,31833229.312102407,34145.634146341465,9422435.161397696,31833139.841059264,35121.19512195122,9422091.507021163,31832195.658419646,35121.19512195122
9422484.078750594,31833656.667900648,34633.41463414634,12.414676162715327,9422189.341726957,31833229.312102407,34145.634146341465,9422532.99610349,31834173.49474203,34145.634146341465,9422778.815774227,31834084.023698885,35121.19512195122,9422435.161397696,31833139.841059264,35121.19512195122
9422827.733127125,31834600.85054027,34633.41463414634,12.565975139863022,9422532.99610349,31834173.49474203,34145.634146341465,9422876.650480023,31835117.67738165,34145.634146341465,9423122.47015076,31835028.206338506,35121.19512195122,9422778.815774227,31834084.023698885,35121.19512195122
9423171.38750366,31835545.033179887,34633.41463414634,12.685368658125721,9422876.650480023,31835117.67738165,34145.634146341465,9423220.304856556,31836061.86002127,34145.634146341465,9423466.124527292,31835972.388978124,35121.19512195122,9423122.47015076,31835028.206338506,35121.19512195122
9423515.04188019,31836489.215819508,34633.41463414634,13.191001094131396,9423220.304856556,31836061.86002127,34145.634146341465,9423563.959233087,31837006.042660892,34145.634146341465,9423809.778903825,31836916.571617745,35121.19512195122,9423466.124527292,31835972.388978124,35121.19512195122
9423858.696256721,31837433.39845913,34633.41463414634,13.827744320290382,9423563.959233087,31837006.042660892,34145.634146341465,9423907.61360962,31837950.225300513,34145.634146341465,9424153.433280358,31837860.754257362,35121.19512195122,9423809.778903825,31836916.571617745,35121.19512195122
9424202.350633256,31838377.581098747,34633.41463414634,13.31459009832009,9423907.61360962,31837950.225300513,34145.634146341465,9424251.267986152,31838894.40794013,34145.634146341465,9424497.087656891,31838804.936896984,35121.19512195122,9424153.433280358,31837860.754257362,35121.19512195122
9424546.005009789,31839321.763738368,34633.41463414634,13.131294815729976,9424251.267986152,31838894.40794013,34145.634146341465,9424594.922362685,31839838.590579752,34145.634146341465,9424840.742033424,31839749.119536605,35121.19512195122,9424497.087656891,31838804.936896984,35121.19512195122
9424889.659386322,31840265.946377985,34633.41463414634,14.513491038177095,9424594.922362685,31839838.590579752,34145.634146341465,9424938.576739218,31840782.77321937,34145.634146341465,9425184.396409955,31840693.302176222,35121.19512195122,9424840.742033424,31839749.119536605,35121.19512195122
9425233.313762853,31841210.129017606,34633.41463414634,13.918394885839353,9424938.576739218,31840782.77321937,34145.634146341465,9425282.23111575,31841726.95585899,34145.634146341465,9425528.050786488,31841637.484815843,35121.19512195122,9425184.396409955,31840693.302176222,35121.19512195122
9425576.968139386,31842154.311657228,34633.41463414634,12.521719369098294,9425282.23111575,31841726.95585899,34145.634146341465,9425625.885492282,31842671.138498608,34145.634146341465,9425871.70516302,31842581.66745546,35121.19512195122,9425528.050786488,31841637.484815843,35121.19512195122
9425920.622515919,31843098.494296845,34633.41463414634,11.54768156190022,9425625.885492282,31842671.138498608,34145.634146341465,9425969.539868815,31843615.32113823,34145.634146341465,9426215.359539554,31843525.850095086,35121.19512195122,9425871.70516302,31842581.66745546,35121.19512195122
9426264.27689245,31844042.676936466,34633.41463414634,11.051865887397328,9425969.539868815,31843615.32113823,34145.634146341465,9426313.194245348,31844559.50377785,34145.634146341465,9426559.013916086,31844470.032734707,35121.19512195122,9426215.359539554,31843525.850095086,35121.19512195122
9426607.931268983,31844986.859576084,34633.41463414634,11.510327526335244,9426313.194245348,31844559.50377785,34145.634146341465,9426656.84862188,31845503.686417468,34145.634146341465,9426902.668292617,31845414.215374324,35121.19512195122,9426559.013916086,31844470.032734707,35121.19512195122
9426951.585645515,31845931.04221571,34633.41463414634,11.52539711532369,9426656.84862188,31845503.686417468,34145.634146341465,9427000.502998414,31846447.86905709,34145.634146341465,9427246.32266915,31846358.398013946,35121.19512195122,9426902.668292617,31845414.215374324,35121.19512195122
9427295.240022048,31846875.22485533,34633.41463414634,11.18052691256806,9427000.502998414,31846447.86905709,34145.634146341465,9427344.157374946,31847392.05169671,34145.634146341465,9427589.977045683,31847302.580653567,35121.19512195122,9427246.32266915,31846358.398013946,35121.19512195122
9427638.894398581,31847819.407494947,34633.41463414634,10.102144431621761,9427344.157374946,31847392.05169671,34145.634146341465,9427687.811751477,31848336.23433633,34145.634146341465,9427933.631422216,31848246.763293184,35121.19512195122,9427589.977045683,31847302.580653567,35121.19512195122
9427982.548775112,31848763.59013457,34633.41463414634,9.74460898693485,9427687.811751477,31848336.23433633,34145.634146341465,9428031.46612801,31849280.416975953,34145.634146341465,9428277.285798749,31849190.945932806,35121.19512195122,9427933.631422216,31848246.763293184,35121.19512195122
9428326.203151645,31849707.77277419,34633.41463414634,9.714364997689314,9428031.46612801,31849280.416975953,34145.634146341465,9428375.120504543,31850224.599615574,34145.634146341465,9428620.940175282,31850135.128572423,35121.19512195122,9428277.285798749,31849190.945932806,35121.19512195122
9428669.857528176,31850651.955413807,34633.41463414634,9.844782491279576,9428375.120504543,31850224.599615574,34145.634146341465,9428718.774881076,31851168.78225519,34145.634146341465,9428964.594551815,31851079.311212044,35121.19512195122,9428620.940175282,31850135.128572423,35121.19512195122
9429013.51190471,31851596.13805343,34633.41463414634,9.28683143441511,9428718.774881076,31851168.78225519,34145.634146341465,9429062.429257609,31852112.964894813,34145.634146341465,9429308.248928346,31852023.493851665,35121.19512195122,9428964.594551815,31851079.311212044,35121.19512195122
9429357.166281242,31852540.32069305,34633.41463414634,8.922627750382105,9429062.429257609,31852112.964894813,34145.634146341465,9429406.083634142,31853057.14753443,34145.634146341465,9429651.903304879,31852967.676491283,35121.19512195122,9429308.248928346,31852023.493851665,35121.19512195122
9429700.820657777,31853484.503332667,34633.41463414634,8.814430872141793,9429406.083634142,31853057.14753443,34145.634146341465,9429749.738010675,31854001.33017405,34145.634146341465,9429995.557681412,31853911.859130904,35121.19512195122,9429651.903304879,31852967.676491283,35121.19512195122
9430044.475034308,31854428.68597229,34633.41463414634,7.856024353986592,9429749.738010675,31854001.33017405,34145.634146341465,9430093.392387206,31854945.512813672,34145.634146341465,9430339.212057944,31854856.041770525,35121.19512195122,9429995.557681412,31853911.859130904,35121.19512195122
9430388.12941084,31855372.868611906,34633.41463414634,7.826230997288672,9430093.392387206,31854945.512813672,34145.634146341465,9430437.046763739,31855889.69545329,34145.634146341465,9430682.866434477,31855800.224410143,35121.19512195122,9430339.212057944,31854856.041770525,35121.19512195122
9430731.783787373,31856317.051251527,34633.41463414634,6.215195941712874,9430437.046763739,31855889.69545329,34145.634146341465,9430780.701140271,31856833.87809291,34145.634146341465,9431026.52081101,31856744.407049768,35121.19512195122,9430682.866434477,31855800.224410143,35121.19512195122
9431075.438163904,31857261.233891148,34633.41463414634,5.366855666613861,9430780.701140271,31856833.87809291,34145.634146341465,9431124.355516804,31857778.060732532,34145.634146341465,9431370.175187543,31857688.58968939,35121.19512195122,9431026.52081101,31856744.407049768,35121.19512195122
9431419.09254044,31858205.416530766,34633.41463414634,3.837607144875015,9431124.355516804,31857778.060732532,34145.634146341465,9431468.009893337,31858722.24337215,34145.634146341465,9431713.829564074,31858632.772329006,35121.19512195122,9431370.175187543,31857688.58968939,35121.19512195122
9431762.74691697,31859149.59917039,34633.41463414634,3.8696924750713824,9431468.009893337,31858722.24337215,34145.634146341465,9431811.66426987,31859666.42601177,34145.634146341465,9432057.483940607,31859576.954968628,35121.19512195122,9431713.829564074,31858632.772329006,35121.19512195122
9432106.401293505,31860093.78181001,34633.41463414634,2.9923626371533474,9431811.66426987,31859666.42601177,34145.634146341465,9432155.318646401,31860610.608651392,34145.634146341465,9432401.13831714,31860521.13760825,35121.19512195122,9432057.483940607,31859576.954968628,35121.19512195122
9432450.055670036,31861037.96444963,34633.41463414634,2.5247971036696946,9432155.318646401,31860610.608651392,34145.634146341465,9432498.973022934,31861554.791291013,34145.634146341465,9432744.792693673,31861465.320247866,35121.19512195122,9432401.13831714,31860521.13760825,35121.19512195122
9432793.710046567,31861982.14708925,34633.41463414634,2.5337475895859645,9432498.973022934,31861554.791291013,34145.634146341465,9432842.627399467,31862498.97393063,34145.634146341465,9433088.447070204,31862409.502887484,35121.19512195122,9432744.792693673,31861465.320247866,35121.19512195122
9433137.364423102,31862926.329728868,34633.41463414634,2.0845651999736194,9432842.627399467,31862498.97393063,34145.634146341465,9433186.281776,31863443.156570252,34145.634146341465,9433432.101446737,31863353.685527105,35121.19512195122,9433088.447070204,31862409.502887484,35121.19512195122
9433481.018799633,31863870.51236849,34633.41463414634,1.7012589111942265,9433186.281776,31863443.156570252,34145.634146341465,9433529.936152533,31864387.339209873,34145.634146341465,9433775.75582327,31864297.868166726,35121.19512195122,9433432.101446737,31863353.685527105,35121.19512195122
9433824.673176166,31864814.695008107,34633.41463414634,2.4578722500777404,9433529.936152533,31864387.339209873,34145.634146341465,9433873.590529064,31865331.52184949,34145.634146341465,9434119.410199802,31865242.050806344,35121.19512195122,9433775.75582327,31864297.868166726,35121.19512195122
9434168.327552699,31865758.877647728,34633.41463414634,3.186826605322834,9433873.590529064,31865331.52184949,34145.634146341465,9434217.244905597,31866275.704489112,34145.634146341465,9434463.064576335,31866186.233445965,35121.19512195122,9434119.410199802,31865242.050806344,35121.19512195122
9434511.98192923,31866703.06028735,34633.41463414634,2.5396893807620864,9434217.244905597,31866275.704489112,34145.634146341465,9434560.89928213,31867219.887128733,34145.634146341465,9434806.718952868,31867130.416085586,35121.19512195122,9434463.064576335,31866186.233445965,35121.19512195122
9434855.636305764,31867647.242926966,34633.41463414634,2.9563977062776945,9434560.89928213,31867219.887128733,34145.634146341465,9434904.553658662,31868164.06976835,34145.634146341465,9435150.373329401,31868074.598725203,35121.19512195122,9434806.718952868,31867130.416085586,35121.19512195122
9435199.290682295,31868591.425566588,34633.41463414634,2.7327622775318177,9434904.553658662,31868164.06976835,34145.634146341465,9435248.208035195,31869108.25240797,34145.634146341465,9435494.027705932,31869018.781364825,35121.19512195122,9435150.373329401,31868074.598725203,35121.19512195122
9435542.94505883,31869535.60820621,34633.41463414634,2.987165839904549,9435248.208035195,31869108.25240797,34145.634146341465,9435591.862411728,31870052.435047593,34145.634146341465,9435837.682082465,31869962.96400445,35121.19512195122,9435494.027705932,31869018.781364825,35121.19512195122
9435886.599435361,31870479.79084583,34633.41463414634,1.7675904655843915,9435591.862411728,31870052.435047593,34145.634146341465,9435935.516788261,31870996.61768721,34145.634146341465,9436181.336458998,31870907.146644067,35121.19512195122,9435837.682082465,31869962.96400445,35121.19512195122
9436230.253811894,31871423.973485447,34633.41463414634,1.510109579203458,9435935.516788261,31870996.61768721,34145.634146341465,9436279.171164792,31871940.80032683,34145.634146341465,9436524.99083553,31871851.32928369,35121.19512195122,9436181.336458998,31870907.146644067,35121.19512195122
9436573.908188427,31872368.15612507,34633.41463414634,1.5578372006380212,9436279.171164792,31871940.80032683,34145.634146341465,9436622.825541325,31872884.982966453,34145.634146341465,9436868.645212064,31872795.51192331,35121.19512195122,9436524.99083553,31871851.32928369,35121.19512195122
9436917.562564958,31873312.338764694,34633.41463414634,1.843199934255915,9436622.825541325,31872884.982966453,34145.634146341465,9436966.479917858,31873829.16560607,34145.634146341465,9437212.299588596,31873739.694562927,35121.19512195122,9436868.645212064,31872795.51192331,35121.19512195122
9437261.216941493,31874256.52140431,34633.41463414634,2.13764117969094,9436966.479917858,31873829.16560607,34145.634146341465,9437310.13429439,31874773.34824569,34145.634146341465,9437555.95396513,31874683.877202548,35121.19512195122,9437212.299588596,31873739.694562927,35121.19512195122
9437604.871318024,31875200.704043932,34633.41463414634,3.7557824758480503,9437310.13429439,31874773.34824569,34145.634146341465,9437653.788670924,31875717.530885316,34145.634146341465,9437899.60834166,31875628.05984217,35121.19512195122,9437555.95396513,31874683.877202548,35121.19512195122
9437948.525694558,31876144.88668355,34633.41463414634,4.395318872794276,9437653.788670924,31875717.530885316,34145.634146341465,9437997.443047456,31876661.713524934,34145.634146341465,9438243.262718193,31876572.242481787,35121.19512195122,9437899.60834166,31875628.05984217,35121.19512195122
9438292.18007109,31877089.06932317,34633.41463414634,6.006194753478601,9437997.443047456,31876661.713524934,34145.634146341465,9438341.09742399,31877605.896164555,34145.634146341465,9438586.917094726,31877516.425121408,35121.19512195122,9438243.262718193,31876572.242481787,35121.19512195122
9438635.834447622,31878033.251962792,34633.41463414634,7.6532466645996315,9438341.09742399,31877605.896164555,34145.634146341465,9438684.75180052,31878550.078804176,34145.634146341465,9438930.571471259,31878460.607761025,35121.19512195122,9438586.917094726,31877516.425121408,35121.19512195122
9438979.488824155,31878977.43460241,34633.41463414634,8.372918017036184,9438684.75180052,31878550.078804176,34145.634146341465,9439028.406177053,31879494.261443794,34145.634146341465,9439274.225847792,31879404.790400647,35121.19512195122,9438930.571471259,31878460.607761025,35121.19512195122
9439323.143200686,31879921.61724203,34633.41463414634,9.350722862220858,9439028.406177053,31879494.261443794,34145.634146341465,9439372.060553586,31880438.444083415,34145.634146341465,9439617.880224325,31880348.973040268,35121.19512195122,9439274.225847792,31879404.790400647,35121.19512195122
9439666.797577221,31880865.79988165,34633.41463414634,9.643850379622984,9439372.060553586,31880438.444083415,34145.634146341465,9439715.714930119,31881382.626723032,34145.634146341465,9439961.534600858,31881293.155679885,35121.19512195122,9439617.880224325,31880348.973040268,35121.19512195122
9440010.451953752,31881809.98252127,34633.41463414634,9.018577311776065,9439715.714930119,31881382.626723032,34145.634146341465,9440059.369306652,31882326.809362654,34145.634146341465,9440305.188977389,31882237.338319506,35121.19512195122,9439961.534600858,31881293.155679885,35121.19512195122
9440354.106330287,31882754.16516089,34633.41463414634,8.487129077937068,9440059.369306652,31882326.809362654,34145.634146341465,9440403.023683185,31883270.992002275,34145.634146341465,9440648.843353922,31883181.52095913,35121.19512195122,9440305.188977389,31882237.338319506,35121.19512195122
9440697.760706818,31883698.347800512,34633.41463414634,8.23613862974577,9440403.023683185,31883270.992002275,34145.634146341465,9440746.678059718,31884215.174641892,34145.634146341465,9440992.497730454,31884125.70359875,35121.19512195122,9440648.843353922,31883181.52095913,35121.19512195122
9441041.41508335,31884642.53044013,34633.41463414634,8.992157754423685,9440746.678059718,31884215.174641892,34145.634146341465,9441090.332436249,31885159.357281514,34145.634146341465,9441336.152106987,31885069.88623837,35121.19512195122,9440992.497730454,31884125.70359875,35121.19512195122
9441385.069459883,31885586.71307975,34633.41463414634,9.273807767816333,9441090.332436249,31885159.357281514,34145.634146341465,9441433.986812782,31886103.53992113,34145.634146341465,9441679.806483518,31886014.068877988,35121.19512195122,9441336.152106987,31885069.88623837,35121.19512195122
9441728.723836415,31886530.89571937,34633.41463414634,10.035054909764336,9441433.986812782,31886103.53992113,34145.634146341465,9441777.641189314,31887047.722560752,34145.634146341465,9442023.460860051,31886958.25151761,35121.19512195122,9441679.806483518,31886014.068877988,35121.19512195122
9442072.37821295,31887475.07835899,34633.41463414634,10.716261467773077,9441777.641189314,31887047.722560752,34145.634146341465,9442121.295565847,31887991.905200373,34145.634146341465,9442367.115236584,31887902.434157226,35121.19512195122,9442023.460860051,31886958.25151761,35121.19512195122
9442416.03258948,31888419.26099861,34633.41463414634,11.453826713139302,9442121.295565847,31887991.905200373,34145.634146341465,9442464.949942378,31888936.087839995,34145.634146341465,9442710.769613117,31888846.616796847,35121.19512195122,9442367.115236584,31887902.434157226,35121.19512195122
9442759.686966011,31889363.44363823,34633.41463414634,10.861080479363155,9442464.949942378,31888936.087839995,34145.634146341465,9442808.604318911,31889880.270479616,34145.634146341465,9443054.42398965,31889790.79943647,35121.19512195122,9442710.769613117,31888846.616796847,35121.19512195122
9443103.341342546,31890307.626277853,34633.41463414634,9.288773490807241,9442808.604318911,31889880.270479616,34145.634146341465,9443152.258695444,31890824.453119233,34145.634146341465,9443398.078366183,31890734.982076086,35121.19512195122,9443054.42398965,31889790.79943647,35121.19512195122
9443446.995719079,31891251.80891747,34633.41463414634,8.731387914385968,9443152.258695444,31890824.453119233,34145.634146341465,9443495.913071977,31891768.635758854,34145.634146341465,9443741.732742716,31891679.164715707,35121.19512195122,9443398.078366183,31890734.982076086,35121.19512195122
9443790.650095612,31892195.99155709,34633.41463414634,7.782587541298528,9443495.913071977,31891768.635758854,34145.634146341465,9443839.56744851,31892712.818398476,34145.634146341465,9444085.387119247,31892623.34735533,35121.19512195122,9443741.732742716,31891679.164715707,35121.19512195122
9444134.304472143,31893140.174196713,34633.41463414634,7.7066516537518215,9443839.56744851,31892712.818398476,34145.634146341465,9444183.221825043,31893657.001038093,34145.634146341465,9444429.04149578,31893567.529994946,35121.19512195122,9444085.387119247,31892623.34735533,35121.19512195122
9444477.958848678,31894084.35683633,34633.41463414634,8.508927175944725,9444183.221825043,31893657.001038093,34145.634146341465,9444526.876201576,31894601.183677714,34145.634146341465,9444772.695872312,31894511.712634567,35121.19512195122,9444429.04149578,31893567.529994946,35121.19512195122
9444821.613225209,31895028.53947595,34633.41463414634,7.5421973594119684,9444526.876201576,31894601.183677714,34145.634146341465,9444870.530578107,31895545.366317336,34145.634146341465,9445116.350248845,31895455.89527419,35121.19512195122,9444772.695872312,31894511.712634567,35121.19512195122
9445165.26760174,31895972.72211557,34633.41463414634,6.210816457152376,9444870.530578107,31895545.366317336,34145.634146341465,9445214.18495464,31896489.548956953,34145.634146341465,9445460.004625378,31896400.07791381,35121.19512195122,9445116.350248845,31895455.89527419,35121.19512195122
9445508.921978274,31896916.90475519,34633.41463414634,4.130515097178308,9445214.18495464,31896489.548956953,34145.634146341465,9445557.839331172,31897433.731596574,34145.634146341465,9445803.659001911,31897344.26055343,35121.19512195122,9445460.004625378,31896400.07791381,35121.19512195122
9445852.576354807,31897861.08739481,34633.41463414634,3.3490772757404543,9445557.839331172,31897433.731596574,34145.634146341465,9445901.493707705,31898377.914236195,34145.634146341465,9446147.313378444,31898288.443193052,35121.19512195122,9445803.659001911,31897344.26055343,35121.19512195122
9446196.23073134,31898805.270034432,34633.41463414634,2.8423331972477466,9445901.493707705,31898377.914236195,34145.634146341465,9446245.148084238,31899322.096875813,34145.634146341465,9446490.967754975,31899232.62583267,35121.19512195122,9446147.313378444,31898288.443193052,35121.19512195122
9446539.885107871,31899749.452674054,34633.41463414634,3.2668413815972035,9446245.148084238,31899322.096875813,34145.634146341465,9446588.802460771,31900266.279515434,34145.634146341465,9446834.622131508,31900176.80847229,35121.19512195122,9446490.967754975,31899232.62583267,35121.19512195122
9446883.539484406,31900693.635313675,34633.41463414634,2.5492255607751306,9446588.802460771,31900266.279515434,34145.634146341465,9446932.456837304,31901210.462155055,34145.634146341465,9447178.27650804,31901120.99111191,35121.19512195122,9446834.622131508,31900176.80847229,35121.19512195122
9421355.2809152,31829790.466299023,35608.975609756104,10.651235681797502,9421060.543891564,31829363.110500783,35121.19512195122,9421404.198268097,31830307.293140404,35121.19512195122,9421650.017938837,31830217.822097257,36096.756097560974,9421306.363562305,31829273.63945764,36096.756097560974
9421698.935291734,31830734.64893864,35608.975609756104,11.250362707145001,9421404.198268097,31830307.293140404,35121.19512195122,9421747.85264463,31831251.475780025,35121.19512195122,9421993.672315368,31831162.004736878,36096.756097560974,9421650.017938837,31830217.822097257,36096.756097560974
9422042.589668265,31831678.831578262,35608.975609756104,11.613939523579008,9421747.85264463,31831251.475780025,35121.19512195122,9422091.507021163,31832195.658419646,35121.19512195122,9422337.326691901,31832106.1873765,36096.756097560974,9421993.672315368,31831162.004736878,36096.756097560974
9422386.2440448,31832623.014217883,35608.975609756104,11.392289776374817,9422091.507021163,31832195.658419646,35121.19512195122,9422435.161397696,31833139.841059264,35121.19512195122,9422680.981068434,31833050.370016117,36096.756097560974,9422337.326691901,31832106.1873765,36096.756097560974
9422729.89842133,31833567.1968575,35608.975609756104,9.880497749352356,9422435.161397696,31833139.841059264,35121.19512195122,9422778.815774227,31834084.023698885,35121.19512195122,9423024.635444967,31833994.552655738,36096.756097560974,9422680.981068434,31833050.370016117,36096.756097560974
9423073.552797861,31834511.37949712,35608.975609756104,10.020242469605787,9422778.815774227,31834084.023698885,35121.19512195122,9423122.47015076,31835028.206338506,35121.19512195122,9423368.2898215,31834938.735295355,36096.756097560974,9423024.635444967,31833994.552655738,36096.756097560974
9423417.207174396,31835455.56213674,35608.975609756104,11.223363443870435,9423122.47015076,31835028.206338506,35121.19512195122,9423466.124527292,31835972.388978124,35121.19512195122,9423711.944198033,31835882.917934977,36096.756097560974,9423368.2898215,31834938.735295355,36096.756097560974
9423760.861550929,31836399.74477636,35608.975609756104,11.300418892863025,9423466.124527292,31835972.388978124,35121.19512195122,9423809.778903825,31836916.571617745,35121.19512195122,9424055.598574566,31836827.100574598,36096.756097560974,9423711.944198033,31835882.917934977,36096.756097560974
9424104.515927462,31837343.92741598,35608.975609756104,11.751359270180146,9423809.778903825,31836916.571617745,35121.19512195122,9424153.433280358,31837860.754257362,35121.19512195122,9424399.252951097,31837771.283214215,36096.756097560974,9424055.598574566,31836827.100574598,36096.756097560974
9424448.170303993,31838288.1100556,35608.975609756104,11.046688978516569,9424153.433280358,31837860.754257362,35121.19512195122,9424497.087656891,31838804.936896984,35121.19512195122,9424742.90732763,31838715.46585384,36096.756097560974,9424399.252951097,31837771.283214215,36096.756097560974
9424791.824680528,31839232.29269522,35608.975609756104,10.318644111416189,9424497.087656891,31838804.936896984,35121.19512195122,9424840.742033424,31839749.119536605,35121.19512195122,9425086.561704163,31839659.64849346,36096.756097560974,9424742.90732763,31838715.46585384,36096.756097560974
9425135.479057059,31840176.475334838,35608.975609756104,10.581867596717949,9424840.742033424,31839749.119536605,35121.19512195122,9425184.396409955,31840693.302176222,35121.19512195122,9425430.216080695,31840603.83113308,36096.756097560974,9425086.561704163,31839659.64849346,36096.756097560974
9425479.13343359,31841120.657974463,35608.975609756104,10.779011279158325,9425184.396409955,31840693.302176222,35121.19512195122,9425528.050786488,31841637.484815843,35121.19512195122,9425773.870457228,31841548.0137727,36096.756097560974,9425430.216080695,31840603.83113308,36096.756097560974
9425822.787810124,31842064.840614084,35608.975609756104,10.497733466065698,9425528.050786488,31841637.484815843,35121.19512195122,9425871.70516302,31842581.66745546,35121.19512195122,9426117.52483376,31842492.196412317,36096.756097560974,9425773.870457228,31841548.0137727,36096.756097560974
9426166.442186655,31843009.0232537,35608.975609756104,9.930797383447407,9425871.70516302,31842581.66745546,35121.19512195122,9426215.359539554,31843525.850095086,35121.19512195122,9426461.179210292,31843436.37905194,36096.756097560974,9426117.52483376,31842492.196412317,36096.756097560974
9426510.09656319,31843953.20589332,35608.975609756104,9.526057916109146,9426215.359539554,31843525.850095086,35121.19512195122,9426559.013916086,31844470.032734707,35121.19512195122,9426804.833586825,31844380.561691556,36096.756097560974,9426461.179210292,31843436.37905194,36096.756097560974
9426853.750939721,31844897.38853294,35608.975609756104,9.134797311331033,9426559.013916086,31844470.032734707,35121.19512195122,9426902.668292617,31845414.215374324,35121.19512195122,9427148.487963358,31845324.744331177,36096.756097560974,9426804.833586825,31844380.561691556,36096.756097560974
9427197.405316254,31845841.57117256,35608.975609756104,7.7668444093814095,9426902.668292617,31845414.215374324,35121.19512195122,9427246.32266915,31846358.398013946,35121.19512195122,9427492.14233989,31846268.9269708,36096.756097560974,9427148.487963358,31845324.744331177,36096.756097560974
9427541.059692787,31846785.75381218,35608.975609756104,5.3388665758082015,9427246.32266915,31846358.398013946,35121.19512195122,9427589.977045683,31847302.580653567,35121.19512195122,9427835.796716424,31847213.109610416,36096.756097560974,9427492.14233989,31846268.9269708,36096.756097560974
9427884.714069318,31847729.9364518,35608.975609756104,4.917126860733113,9427589.977045683,31847302.580653567,35121.19512195122,9427933.631422216,31848246.763293184,35121.19512195122,9428179.451092957,31848157.292250037,36096.756097560974,9427835.796716424,31847213.109610416,36096.756097560974
9428228.368445853,31848674.11909142,35608.975609756104,5.75432531964857,9427933.631422216,31848246.763293184,35121.19512195122,9428277.285798749,31849190.945932806,35121.19512195122,9428523.105469488,31849101.47488966,36096.756097560974,9428179.451092957,31848157.292250037,36096.756097560974
9428572.022822384,31849618.301731043,35608.975609756104,6.835992413206889,9428277.285798749,31849190.945932806,35121.19512195122,9428620.940175282,31850135.128572423,35121.19512195122,9428866.75984602,31850045.657529276,36096.756097560974,9428523.105469488,31849101.47488966,36096.756097560974
9428915.677198919,31850562.48437066,35608.975609756104,7.643975829651974,9428620.940175282,31850135.128572423,35121.19512195122,9428964.594551815,31851079.311212044,35121.19512195122,9429210.414222553,31850989.840168897,36096.756097560974,9428866.75984602,31850045.657529276,36096.756097560974
9429259.33157545,31851506.66701028,35608.975609756104,5.928581748395585,9428964.594551815,31851079.311212044,35121.19512195122,9429308.248928346,31852023.493851665,35121.19512195122,9429554.068599086,31851934.022808522,36096.756097560974,9429210.414222553,31850989.840168897,36096.756097560974
9429602.985951982,31852450.849649902,35608.975609756104,6.1313326715235155,9429308.248928346,31852023.493851665,35121.19512195122,9429651.903304879,31852967.676491283,35121.19512195122,9429897.72297562,31852878.20544814,36096.756097560974,9429554.068599086,31851934.022808522,36096.756097560974
9429946.640328515,31853395.03228952,35608.975609756104,7.953586295289859,9429651.903304879,31852967.676491283,35121.19512195122,9429995.557681412,31853911.859130904,35121.19512195122,9430241.377352152,31853822.38808776,36096.756097560974,9429897.72297562,31852878.20544814,36096.756097560974
9430290.294705046,31854339.214929145,35608.975609756104,5.768443145018559,9429995.557681412,31853911.859130904,35121.19512195122,9430339.212057944,31854856.041770525,35121.19512195122,9430585.031728685,31854766.57072738,36096.756097560974,9430241.377352152,31853822.38808776,36096.756097560974
9430633.949081581,31855283.397568762,35608.975609756104,5.144052689503417,9430339.212057944,31854856.041770525,35121.19512195122,9430682.866434477,31855800.224410143,35121.19512195122,9430928.686105216,31855710.753367,36096.756097560974,9430585.031728685,31854766.57072738,36096.756097560974
9430977.603458112,31856227.580208384,35608.975609756104,4.8855731741003074,9430682.866434477,31855800.224410143,35121.19512195122,9431026.52081101,31856744.407049768,35121.19512195122,9431272.340481749,31856654.93600662,36096.756097560974,9430928.686105216,31855710.753367,36096.756097560974
9431321.257834647,31857171.762848005,35608.975609756104,4.377401183820061,9431026.52081101,31856744.407049768,35121.19512195122,9431370.175187543,31857688.58968939,35121.19512195122,9431615.994858282,31857599.11864624,36096.756097560974,9431272.340481749,31856654.93600662,36096.756097560974
9431664.912211178,31858115.945487622,35608.975609756104,3.108293653726033,9431370.175187543,31857688.58968939,35121.19512195122,9431713.829564074,31858632.772329006,35121.19512195122,9431959.649234815,31858543.30128586,36096.756097560974,9431615.994858282,31857599.11864624,36096.756097560974
9432008.56658771,31859060.128127243,35608.975609756104,2.0220690371600747,9431713.829564074,31858632.772329006,35121.19512195122,9432057.483940607,31859576.954968628,35121.19512195122,9432303.303611347,31859487.48392548,36096.756097560974,9431959.649234815,31858543.30128586,36096.756097560974
9432352.220964244,31860004.310766865,35608.975609756104,1.7488745252423963,9432057.483940607,31859576.954968628,35121.19512195122,9432401.13831714,31860521.13760825,35121.19512195122,9432646.95798788,31860431.6665651,36096.756097560974,9432303.303611347,31859487.48392548,36096.756097560974
9432695.875340775,31860948.493406482,35608.975609756104,1.6175831873676645,9432401.13831714,31860521.13760825,35121.19512195122,9432744.792693673,31861465.320247866,35121.19512195122,9432990.612364413,31861375.84920472,36096.756097560974,9432646.95798788,31860431.6665651,36096.756097560974
9433039.529717308,31861892.676046103,35608.975609756104,1.931704391317512,9432744.792693673,31861465.320247866,35121.19512195122,9433088.447070204,31862409.502887484,35121.19512195122,9433334.266740944,31862320.031844337,36096.756097560974,9432990.612364413,31861375.84920472,36096.756097560974
9433383.18409384,31862836.85868572,35608.975609756104,2.2594933521261633,9433088.447070204,31862409.502887484,35121.19512195122,9433432.101446737,31863353.685527105,35121.19512195122,9433677.921117477,31863264.214483958,36096.756097560974,9433334.266740944,31862320.031844337,36096.756097560974
9433726.838470371,31863781.041325342,35608.975609756104,2.1355536999074958,9433432.101446737,31863353.685527105,35121.19512195122,9433775.75582327,31864297.868166726,35121.19512195122,9434021.57549401,31864208.39712358,36096.756097560974,9433677.921117477,31863264.214483958,36096.756097560974
9434070.492846906,31864725.22396496,35608.975609756104,2.747169269652996,9433775.75582327,31864297.868166726,35121.19512195122,9434119.410199802,31865242.050806344,35121.19512195122,9434365.229870543,31865152.5797632,36096.756097560974,9434021.57549401,31864208.39712358,36096.756097560974
9434414.147223437,31865669.40660458,35608.975609756104,2.929358837253036,9434119.410199802,31865242.050806344,35121.19512195122,9434463.064576335,31866186.233445965,35121.19512195122,9434708.884247074,31866096.76240282,36096.756097560974,9434365.229870543,31865152.5797632,36096.756097560974
9434757.801599972,31866613.5892442,35608.975609756104,2.718714438351277,9434463.064576335,31866186.233445965,35121.19512195122,9434806.718952868,31867130.416085586,35121.19512195122,9435052.538623607,31867040.945042443,36096.756097560974,9434708.884247074,31866096.76240282,36096.756097560974
9435101.455976503,31867557.771883823,35608.975609756104,3.1481088784458,9434806.718952868,31867130.416085586,35121.19512195122,9435150.373329401,31868074.598725203,35121.19512195122,9435396.193000138,31867985.12768206,36096.756097560974,9435052.538623607,31867040.945042443,36096.756097560974
9435445.110353036,31868501.954523444,35608.975609756104,2.8606901608789452,9435150.373329401,31868074.598725203,35121.19512195122,9435494.027705932,31869018.781364825,35121.19512195122,9435739.84737667,31868929.31032168,36096.756097560974,9435396.193000138,31867985.12768206,36096.756097560974
9435788.764729569,31869446.137163065,35608.975609756104,3.4482711039190965,9435494.027705932,31869018.781364825,35121.19512195122,9435837.682082465,31869962.96400445,35121.19512195122,9436083.501753204,31869873.492961302,36096.756097560974,9435739.84737667,31868929.31032168,36096.756097560974
9436132.4191061,31870390.319802687,35608.975609756104,2.350765331053173,9435837.682082465,31869962.96400445,35121.19512195122,9436181.336458998,31870907.146644067,35121.19512195122,9436427.156129736,31870817.67560092,36096.756097560974,9436083.501753204,31869873.492961302,36096.756097560974
9436476.073482634,31871334.502442304,35608.975609756104,2.0822695048891053,9436181.336458998,31870907.146644067,35121.19512195122,9436524.99083553,31871851.32928369,35121.19512195122,9436770.81050627,31871761.85824054,36096.756097560974,9436427.156129736,31870817.67560092,36096.756097560974
9436819.727859166,31872278.685081925,35608.975609756104,2.3113172795822328,9436524.99083553,31871851.32928369,35121.19512195122,9436868.645212064,31872795.51192331,35121.19512195122,9437114.4648828,31872706.040880162,36096.756097560974,9436770.81050627,31871761.85824054,36096.756097560974
9437163.3822357,31873222.867721546,35608.975609756104,1.9336462173370719,9436868.645212064,31872795.51192331,35121.19512195122,9437212.299588596,31873739.694562927,35121.19512195122,9437458.119259333,31873650.22351978,36096.756097560974,9437114.4648828,31872706.040880162,36096.756097560974
9437507.036612231,31874167.050361164,35608.975609756104,2.2769630937919825,9437212.299588596,31873739.694562927,35121.19512195122,9437555.95396513,31874683.877202548,35121.19512195122,9437801.773635866,31874594.4061594,36096.756097560974,9437458.119259333,31873650.22351978,36096.756097560974
9437850.690988764,31875111.23300078,35608.975609756104,2.814664282952976,9437555.95396513,31874683.877202548,35121.19512195122,9437899.60834166,31875628.05984217,35121.19512195122,9438145.428012399,31875538.58879902,36096.756097560974,9437801.773635866,31874594.4061594,36096.756097560974
9438194.345365297,31876055.415640403,35608.975609756104,3.0660896241990363,9437899.60834166,31875628.05984217,35121.19512195122,9438243.262718193,31876572.242481787,35121.19512195122,9438489.082388932,31876482.77143864,36096.756097560974,9438145.428012399,31875538.58879902,36096.756097560974
9438537.999741828,31876999.598280024,35608.975609756104,3.822986630842607,9438243.262718193,31876572.242481787,35121.19512195122,9438586.917094726,31877516.425121408,35121.19512195122,9438832.736765465,31877426.95407826,36096.756097560974,9438489.082388932,31876482.77143864,36096.756097560974
9438881.654118363,31877943.78091964,35608.975609756104,3.7488945770417037,9438586.917094726,31877516.425121408,35121.19512195122,9438930.571471259,31878460.607761025,35121.19512195122,9439176.391141998,31878371.136717882,36096.756097560974,9438832.736765465,31877426.95407826,36096.756097560974
9439225.308494894,31878887.963559262,35608.975609756104,5.898906774959759,9438930.571471259,31878460.607761025,35121.19512195122,9439274.225847792,31879404.790400647,35121.19512195122,9439520.045518529,31879315.319357503,36096.756097560974,9439176.391141998,31878371.136717882,36096.756097560974
9439568.962871429,31879832.146198884,35608.975609756104,8.555630288532692,9439274.225847792,31879404.790400647,35121.19512195122,9439617.880224325,31880348.973040268,35121.19512195122,9439863.699895062,31880259.501997124,36096.756097560974,9439520.045518529,31879315.319357503,36096.756097560974
9439912.61724796,31880776.328838505,35608.975609756104,8.148726519529545,9439617.880224325,31880348.973040268,35121.19512195122,9439961.534600858,31881293.155679885,35121.19512195122,9440207.354271594,31881203.684636742,36096.756097560974,9439863.699895062,31880259.501997124,36096.756097560974
9440256.271624492,31881720.511478126,35608.975609756104,7.318561837417494,9439961.534600858,31881293.155679885,35121.19512195122,9440305.188977389,31882237.338319506,35121.19512195122,9440551.008648127,31882147.867276363,36096.756097560974,9440207.354271594,31881203.684636742,36096.756097560974
9440599.926001025,31882664.694117747,35608.975609756104,6.104427138856222,9440305.188977389,31882237.338319506,35121.19512195122,9440648.843353922,31883181.52095913,35121.19512195122,9440894.66302466,31883092.049915984,36096.756097560974,9440551.008648127,31882147.867276363,36096.756097560974
9440943.580377556,31883608.87675737,35608.975609756104,7.464796094015401,9440648.843353922,31883181.52095913,35121.19512195122,9440992.497730454,31884125.70359875,35121.19512195122,9441238.317401193,31884036.2325556,36096.756097560974,9440894.66302466,31883092.049915984,36096.756097560974
9441287.234754091,31884553.059396982,35608.975609756104,9.023069102012279,9440992.497730454,31884125.70359875,35121.19512195122,9441336.152106987,31885069.88623837,35121.19512195122,9441581.971777724,31884980.41519522,36096.756097560974,9441238.317401193,31884036.2325556,36096.756097560974
9441630.889130622,31885497.242036603,35608.975609756104,9.38924749896331,9441336.152106987,31885069.88623837,35121.19512195122,9441679.806483518,31886014.068877988,35121.19512195122,9441925.626154257,31885924.59783484,36096.756097560974,9441581.971777724,31884980.41519522,36096.756097560974
9441974.543507153,31886441.424676225,35608.975609756104,9.388174751148016,9441679.806483518,31886014.068877988,35121.19512195122,9442023.460860051,31886958.25151761,35121.19512195122,9442269.28053079,31886868.78047446,36096.756097560974,9441925.626154257,31885924.59783484,36096.756097560974
9442318.197883688,31887385.607315842,35608.975609756104,10.108356341274808,9442023.460860051,31886958.25151761,35121.19512195122,9442367.115236584,31887902.434157226,35121.19512195122,9442612.934907323,31887812.96311408,36096.756097560974,9442269.28053079,31886868.78047446,36096.756097560974
9442661.85226022,31888329.789955463,35608.975609756104,10.226622650516173,9442367.115236584,31887902.434157226,35121.19512195122,9442710.769613117,31888846.616796847,35121.19512195122,9442956.589283856,31888757.1457537,36096.756097560974,9442612.934907323,31887812.96311408,36096.756097560974
9443005.506636754,31889273.972595084,35608.975609756104,8.893666133027255,9442710.769613117,31888846.616796847,35121.19512195122,9443054.42398965,31889790.79943647,35121.19512195122,9443300.243660387,31889701.32839332,36096.756097560974,9442956.589283856,31888757.1457537,36096.756097560974
9443349.161013285,31890218.155234706,35608.975609756104,7.932988168042883,9443054.42398965,31889790.79943647,35121.19512195122,9443398.078366183,31890734.982076086,35121.19512195122,9443643.89803692,31890645.51103294,36096.756097560974,9443300.243660387,31889701.32839332,36096.756097560974
9443692.81538982,31891162.337874323,35608.975609756104,8.026338596125441,9443398.078366183,31890734.982076086,35121.19512195122,9443741.732742716,31891679.164715707,35121.19512195122,9443987.552413452,31891589.693672564,36096.756097560974,9443643.89803692,31890645.51103294,36096.756097560974
9444036.46976635,31892106.520513944,35608.975609756104,7.433601618699325,9443741.732742716,31891679.164715707,35121.19512195122,9444085.387119247,31892623.34735533,35121.19512195122,9444331.206789985,31892533.876312185,36096.756097560974,9443987.552413452,31891589.693672564,36096.756097560974
9444380.124142881,31893050.703153566,35608.975609756104,7.646617928512812,9444085.387119247,31892623.34735533,35121.19512195122,9444429.04149578,31893567.529994946,35121.19512195122,9444674.861166518,31893478.058951803,36096.756097560974,9444331.206789985,31892533.876312185,36096.756097560974
9444723.778519416,31893994.885793187,35608.975609756104,8.158719752963117,9444429.04149578,31893567.529994946,35121.19512195122,9444772.695872312,31894511.712634567,35121.19512195122,9445018.515543051,31894422.241591424,36096.756097560974,9444674.861166518,31893478.058951803,36096.756097560974
9445067.43289595,31894939.068432808,35608.975609756104,7.174743855806946,9444772.695872312,31894511.712634567,35121.19512195122,9445116.350248845,31895455.89527419,35121.19512195122,9445362.169919584,31895366.424231045,36096.756097560974,9445018.515543051,31894422.241591424,36096.756097560974
9445411.087272482,31895883.251072425,35608.975609756104,5.546772604972556,9445116.350248845,31895455.89527419,35121.19512195122,9445460.004625378,31896400.07791381,35121.19512195122,9445705.824296115,31896310.606870662,36096.756097560974,9445362.169919584,31895366.424231045,36096.756097560974
9445754.741649013,31896827.433712047,35608.975609756104,4.413690923329319,9445460.004625378,31896400.07791381,35121.19512195122,9445803.659001911,31897344.26055343,35121.19512195122,9446049.478672648,31897254.789510284,36096.756097560974,9445705.824296115,31896310.606870662,36096.756097560974
9446098.396025548,31897771.616351668,35608.975609756104,3.8117415962345302,9445803.659001911,31897344.26055343,35121.19512195122,9446147.313378444,31898288.443193052,35121.19512195122,9446393.13304918,31898198.972149905,36096.756097560974,9446049.478672648,31897254.789510284,36096.756097560974
9446442.050402079,31898715.798991285,35608.975609756104,3.1891468882248626,9446147.313378444,31898288.443193052,35121.19512195122,9446490.967754975,31899232.62583267,35121.19512195122,9446736.787425714,31899143.154789522,36096.756097560974,9446393.13304918,31898198.972149905,36096.756097560974
9446785.70477861,31899659.981630906,35608.975609756104,4.021862275745939,9446490.967754975,31899232.62583267,35121.19512195122,9446834.622131508,31900176.80847229,35121.19512195122,9447080.441802246,31900087.337429143,36096.756097560974,9446736.787425714,31899143.154789522,36096.756097560974
9447129.359155145,31900604.164270528,35608.975609756104,3.3154660606088004,9446834.622131508,31900176.80847229,35121.19512195122,9447178.27650804,31901120.99111191,35121.19512195122,9447424.09617878,31901031.520068765,36096.756097560974,9447080.441802246,31900087.337429143,36096.756097560974
9421601.10058594,31829700.995255876,36584.53658536585,12.450848366972215,9421306.363562305,31829273.63945764,36096.756097560974,9421650.017938837,31830217.822097257,36096.756097560974,9421895.837609574,31830128.35105411,37072.31707317073,9421552.183233041,31829184.168414492,37072.31707317073
9421944.75496247,31830645.177895494,36584.53658536585,11.796493192689857,9421650.017938837,31830217.822097257,36096.756097560974,9421993.672315368,31831162.004736878,36096.756097560974,9422239.491986107,31831072.53369373,37072.31707317073,9421895.837609574,31830128.35105411,37072.31707317073
9422288.409339001,31831589.360535115,36584.53658536585,11.07197787734858,9421993.672315368,31831162.004736878,36096.756097560974,9422337.326691901,31832106.1873765,36096.756097560974,9422583.14636264,31832016.71633335,37072.31707317073,9422239.491986107,31831072.53369373,37072.31707317073
9422632.063715536,31832533.543174736,36584.53658536585,9.862560378394072,9422337.326691901,31832106.1873765,36096.756097560974,9422680.981068434,31833050.370016117,36096.756097560974,9422926.800739173,31832960.89897297,37072.31707317073,9422583.14636264,31832016.71633335,37072.31707317073
9422975.718092069,31833477.725814354,36584.53658536585,9.856899303407266,9422680.981068434,31833050.370016117,36096.756097560974,9423024.635444967,31833994.552655738,36096.756097560974,9423270.455115706,31833905.081612594,37072.31707317073,9422926.800739173,31832960.89897297,37072.31707317073
9423319.372468602,31834421.90845397,36584.53658536585,9.55478536740982,9423024.635444967,31833994.552655738,36096.756097560974,9423368.2898215,31834938.735295355,36096.756097560974,9423614.109492239,31834849.264252212,37072.31707317073,9423270.455115706,31833905.081612594,37072.31707317073
9423663.026845133,31835366.091093592,36584.53658536585,10.381203737778797,9423368.2898215,31834938.735295355,36096.756097560974,9423711.944198033,31835882.917934977,36096.756097560974,9423957.76386877,31835793.446891833,37072.31707317073,9423614.109492239,31834849.264252212,37072.31707317073
9424006.681221668,31836310.273733217,36584.53658536585,9.530234496672026,9423711.944198033,31835882.917934977,36096.756097560974,9424055.598574566,31836827.100574598,36096.756097560974,9424301.418245303,31836737.629531454,37072.31707317073,9423957.76386877,31835793.446891833,37072.31707317073
9424350.335598199,31837254.456372835,36584.53658536585,9.050656256363862,9424055.598574566,31836827.100574598,36096.756097560974,9424399.252951097,31837771.283214215,36096.756097560974,9424645.072621835,31837681.81217107,37072.31707317073,9424301.418245303,31836737.629531454,37072.31707317073
9424693.98997473,31838198.639012456,36584.53658536585,9.03455719966581,9424399.252951097,31837771.283214215,36096.756097560974,9424742.90732763,31838715.46585384,36096.756097560974,9424988.726998368,31838625.994810693,37072.31707317073,9424645.072621835,31837681.81217107,37072.31707317073
9425037.644351264,31839142.821652077,36584.53658536585,8.74155677089273,9424742.90732763,31838715.46585384,36096.756097560974,9425086.561704163,31839659.64849346,36096.756097560974,9425332.381374901,31839570.177450314,37072.31707317073,9424988.726998368,31838625.994810693,37072.31707317073
9425381.298727795,31840087.004291695,36584.53658536585,7.759733143969156,9425086.561704163,31839659.64849346,36096.756097560974,9425430.216080695,31840603.83113308,36096.756097560974,9425676.035751432,31840514.36008993,37072.31707317073,9425332.381374901,31839570.177450314,37072.31707317073
9425724.95310433,31841031.186931316,36584.53658536585,6.8809449371700415,9425430.216080695,31840603.83113308,36096.756097560974,9425773.870457228,31841548.0137727,36096.756097560974,9426019.690127965,31841458.54272955,37072.31707317073,9425676.035751432,31840514.36008993,37072.31707317073
9426068.607480861,31841975.369570937,36584.53658536585,6.562097169317938,9425773.870457228,31841548.0137727,36096.756097560974,9426117.52483376,31842492.196412317,36096.756097560974,9426363.344504498,31842402.72536917,37072.31707317073,9426019.690127965,31841458.54272955,37072.31707317073
9426412.261857394,31842919.552210554,36584.53658536585,6.312123152964928,9426117.52483376,31842492.196412317,36096.756097560974,9426461.179210292,31843436.37905194,36096.756097560974,9426706.99888103,31843346.90800879,37072.31707317073,9426363.344504498,31842402.72536917,37072.31707317073
9426755.916233927,31843863.734850172,36584.53658536585,7.564156311071827,9426461.179210292,31843436.37905194,36096.756097560974,9426804.833586825,31844380.561691556,36096.756097560974,9427050.653257564,31844291.09064841,37072.31707317073,9426706.99888103,31843346.90800879,37072.31707317073
9427099.570610458,31844807.917489793,36584.53658536585,7.0725950457906235,9426804.833586825,31844380.561691556,36096.756097560974,9427148.487963358,31845324.744331177,36096.756097560974,9427394.307634097,31845235.27328803,37072.31707317073,9427050.653257564,31844291.09064841,37072.31707317073
9427443.224986993,31845752.100129414,36584.53658536585,5.657784365522242,9427148.487963358,31845324.744331177,36096.756097560974,9427492.14233989,31846268.9269708,36096.756097560974,9427737.962010628,31846179.45592765,37072.31707317073,9427394.307634097,31845235.27328803,37072.31707317073
9427786.879363524,31846696.28276903,36584.53658536585,5.661982914264123,9427492.14233989,31846268.9269708,36096.756097560974,9427835.796716424,31847213.109610416,36096.756097560974,9428081.61638716,31847123.638567273,37072.31707317073,9427737.962010628,31846179.45592765,37072.31707317073
9428130.533740059,31847640.465408653,36584.53658536585,4.877726344878584,9427835.796716424,31847213.109610416,36096.756097560974,9428179.451092957,31848157.292250037,36096.756097560974,9428425.270763693,31848067.821206894,37072.31707317073,9428081.61638716,31847123.638567273,37072.31707317073
9428474.18811659,31848584.648048274,36584.53658536585,4.944445308229824,9428179.451092957,31848157.292250037,36096.756097560974,9428523.105469488,31849101.47488966,36096.756097560974,9428768.925140226,31849012.003846515,37072.31707317073,9428425.270763693,31848067.821206894,37072.31707317073
9428817.842493122,31849528.8306879,36584.53658536585,5.05621578433542,9428523.105469488,31849101.47488966,36096.756097560974,9428866.75984602,31850045.657529276,36096.756097560974,9429112.57951676,31849956.186486132,37072.31707317073,9428768.925140226,31849012.003846515,37072.31707317073
9429161.496869655,31850473.013327517,36584.53658536585,3.859085973146976,9428866.75984602,31850045.657529276,36096.756097560974,9429210.414222553,31850989.840168897,36096.756097560974,9429456.233893292,31850900.369125754,37072.31707317073,9429112.57951676,31849956.186486132,37072.31707317073
9429505.151246186,31851417.195967138,36584.53658536585,3.4008459951830337,9429210.414222553,31850989.840168897,36096.756097560974,9429554.068599086,31851934.022808522,36096.756097560974,9429799.888269825,31851844.551765375,37072.31707317073,9429456.233893292,31850900.369125754,37072.31707317073
9429848.805622721,31852361.37860676,36584.53658536585,2.771974101868088,9429554.068599086,31851934.022808522,36096.756097560974,9429897.72297562,31852878.20544814,36096.756097560974,9430143.542646356,31852788.734404992,37072.31707317073,9429799.888269825,31851844.551765375,37072.31707317073
9430192.459999252,31853305.561246376,36584.53658536585,2.464541063520322,9429897.72297562,31852878.20544814,36096.756097560974,9430241.377352152,31853822.38808776,36096.756097560974,9430487.197022889,31853732.917044614,37072.31707317073,9430143.542646356,31852788.734404992,37072.31707317073
9430536.114375787,31854249.743885998,36584.53658536585,3.0429972658309774,9430241.377352152,31853822.38808776,36096.756097560974,9430585.031728685,31854766.57072738,36096.756097560974,9430830.851399422,31854677.099684235,37072.31707317073,9430487.197022889,31853732.917044614,37072.31707317073
9430879.768752318,31855193.926525615,36584.53658536585,3.4609815973842313,9430585.031728685,31854766.57072738,36096.756097560974,9430928.686105216,31855710.753367,36096.756097560974,9431174.505775955,31855621.282323852,37072.31707317073,9430830.851399422,31854677.099684235,37072.31707317073
9431223.42312885,31856138.109165236,36584.53658536585,3.5843163463536714,9430928.686105216,31855710.753367,36096.756097560974,9431272.340481749,31856654.93600662,36096.756097560974,9431518.160152487,31856565.464963473,37072.31707317073,9431174.505775955,31855621.282323852,37072.31707317073
9431567.077505384,31857082.291804858,36584.53658536585,3.4538362365150714,9431272.340481749,31856654.93600662,36096.756097560974,9431615.994858282,31857599.11864624,36096.756097560974,9431861.81452902,31857509.647603095,37072.31707317073,9431518.160152487,31856565.464963473,37072.31707317073
9431910.731881915,31858026.474444475,36584.53658536585,2.6005615836461207,9431615.994858282,31857599.11864624,36096.756097560974,9431959.649234815,31858543.30128586,36096.756097560974,9432205.468905553,31858453.830242712,37072.31707317073,9431861.81452902,31857509.647603095,37072.31707317073
9432254.38625845,31858970.657084096,36584.53658536585,1.7054354097736626,9431959.649234815,31858543.30128586,36096.756097560974,9432303.303611347,31859487.48392548,36096.756097560974,9432549.123282084,31859398.012882333,37072.31707317073,9432205.468905553,31858453.830242712,37072.31707317073
9432598.04063498,31859914.839723717,36584.53658536585,1.6822124985801943,9432303.303611347,31859487.48392548,36096.756097560974,9432646.95798788,31860431.6665651,36096.756097560974,9432892.777658617,31860342.195521954,37072.31707317073,9432549.123282084,31859398.012882333,37072.31707317073
9432941.695011515,31860859.022363335,36584.53658536585,2.141120922274996,9432646.95798788,31860431.6665651,36096.756097560974,9432990.612364413,31861375.84920472,36096.756097560974,9433236.43203515,31861286.378161576,37072.31707317073,9432892.777658617,31860342.195521954,37072.31707317073
9433285.349388046,31861803.205002956,36584.53658536585,2.7262257063845543,9432990.612364413,31861375.84920472,36096.756097560974,9433334.266740944,31862320.031844337,36096.756097560974,9433580.086411683,31862230.560801193,37072.31707317073,9433236.43203515,31861286.378161576,37072.31707317073
9433629.003764577,31862747.387642577,36584.53658536585,3.043533583745534,9433334.266740944,31862320.031844337,36096.756097560974,9433677.921117477,31863264.214483958,36096.756097560974,9433923.740788214,31863174.743440814,37072.31707317073,9433580.086411683,31862230.560801193,37072.31707317073
9433972.658141112,31863691.5702822,36584.53658536585,2.9420898202008696,9433677.921117477,31863264.214483958,36096.756097560974,9434021.57549401,31864208.39712358,36096.756097560974,9434267.395164747,31864118.926080436,37072.31707317073,9433923.740788214,31863174.743440814,37072.31707317073
9434316.312517643,31864635.752921816,36584.53658536585,2.438003666856933,9434021.57549401,31864208.39712358,36096.756097560974,9434365.229870543,31865152.5797632,36096.756097560974,9434611.04954128,31865063.108720053,37072.31707317073,9434267.395164747,31864118.926080436,37072.31707317073
9434659.966894176,31865579.935561437,36584.53658536585,2.5044081089422385,9434365.229870543,31865152.5797632,36096.756097560974,9434708.884247074,31866096.76240282,36096.756097560974,9434954.703917813,31866007.291359674,37072.31707317073,9434611.04954128,31865063.108720053,37072.31707317073
9435003.621270709,31866524.11820106,36584.53658536585,2.5904397450666408,9434708.884247074,31866096.76240282,36096.756097560974,9435052.538623607,31867040.945042443,36096.756097560974,9435298.358294345,31866951.473999295,37072.31707317073,9434954.703917813,31866007.291359674,37072.31707317073
9435347.27564724,31867468.300840676,36584.53658536585,2.7560623415678096,9435052.538623607,31867040.945042443,36096.756097560974,9435396.193000138,31867985.12768206,36096.756097560974,9435642.012670878,31867895.656638913,37072.31707317073,9435298.358294345,31866951.473999295,37072.31707317073
9435690.930023775,31868412.483480297,36584.53658536585,3.0625985709662475,9435396.193000138,31867985.12768206,36096.756097560974,9435739.84737667,31868929.31032168,36096.756097560974,9435985.667047411,31868839.839278534,37072.31707317073,9435642.012670878,31867895.656638913,37072.31707317073
9436034.584400306,31869356.66611992,36584.53658536585,3.0909765149813535,9435739.84737667,31868929.31032168,36096.756097560974,9436083.501753204,31869873.492961302,36096.756097560974,9436329.321423942,31869784.02191815,37072.31707317073,9435985.667047411,31868839.839278534,37072.31707317073
9436378.23877684,31870300.848759536,36584.53658536585,2.6116957772225535,9436083.501753204,31869873.492961302,36096.756097560974,9436427.156129736,31870817.67560092,36096.756097560974,9436672.975800475,31870728.204557773,37072.31707317073,9436329.321423942,31869784.02191815,37072.31707317073
9436721.893153371,31871245.031399157,36584.53658536585,2.924048535640569,9436427.156129736,31870817.67560092,36096.756097560974,9436770.81050627,31871761.85824054,36096.756097560974,9437016.630177008,31871672.387197394,37072.31707317073,9436672.975800475,31870728.204557773,37072.31707317073
9437065.547529904,31872189.214038778,36584.53658536585,2.54287999623858,9436770.81050627,31871761.85824054,36096.756097560974,9437114.4648828,31872706.040880162,36096.756097560974,9437360.28455354,31872616.56983701,37072.31707317073,9437016.630177008,31871672.387197394,37072.31707317073
9437409.201906437,31873133.3966784,36584.53658536585,2.7366338504615526,9437114.4648828,31872706.040880162,36096.756097560974,9437458.119259333,31873650.22351978,36096.756097560974,9437703.938930074,31873560.752476636,37072.31707317073,9437360.28455354,31872616.56983701,37072.31707317073
9437752.856282968,31874077.579318017,36584.53658536585,2.499255276321726,9437458.119259333,31873650.22351978,36096.756097560974,9437801.773635866,31874594.4061594,36096.756097560974,9438047.593306607,31874504.935116258,37072.31707317073,9437703.938930074,31873560.752476636,37072.31707317073
9438096.510659503,31875021.761957634,36584.53658536585,2.439621959906571,9437801.773635866,31874594.4061594,36096.756097560974,9438145.428012399,31875538.58879902,36096.756097560974,9438391.24768314,31875449.117755875,37072.31707317073,9438047.593306607,31874504.935116258,37072.31707317073
9438440.165036034,31875965.94459726,36584.53658536585,3.7903801889763824,9438145.428012399,31875538.58879902,36096.756097560974,9438489.082388932,31876482.77143864,36096.756097560974,9438734.90205967,31876393.300395496,37072.31707317073,9438391.24768314,31875449.117755875,37072.31707317073
9438783.819412569,31876910.12723688,36584.53658536585,4.160033697010384,9438489.082388932,31876482.77143864,36096.756097560974,9438832.736765465,31877426.95407826,36096.756097560974,9439078.556436203,31877337.483035117,37072.31707317073,9438734.90205967,31876393.300395496,37072.31707317073
9439127.4737891,31877854.309876498,36584.53658536585,3.293459756195508,9438832.736765465,31877426.95407826,36096.756097560974,9439176.391141998,31878371.136717882,36096.756097560974,9439422.210812736,31878281.665674735,37072.31707317073,9439078.556436203,31877337.483035117,37072.31707317073
9439471.128165632,31878798.49251612,36584.53658536585,2.7114324554301334,9439176.391141998,31878371.136717882,36096.756097560974,9439520.045518529,31879315.319357503,36096.756097560974,9439765.86518927,31879225.848314356,37072.31707317073,9439422.210812736,31878281.665674735,37072.31707317073
9439814.782542165,31879742.67515574,36584.53658536585,4.374741083812643,9439520.045518529,31879315.319357503,36096.756097560974,9439863.699895062,31880259.501997124,36096.756097560974,9440109.519565802,31880170.030953977,37072.31707317073,9439765.86518927,31879225.848314356,37072.31707317073
9440158.436918696,31880686.857795358,36584.53658536585,5.506159504635544,9439863.699895062,31880259.501997124,36096.756097560974,9440207.354271594,31881203.684636742,36096.756097560974,9440453.173942335,31881114.213593595,37072.31707317073,9440109.519565802,31880170.030953977,37072.31707317073
9440502.091295231,31881631.04043498,36584.53658536585,5.6627716981731355,9440207.354271594,31881203.684636742,36096.756097560974,9440551.008648127,31882147.867276363,36096.756097560974,9440796.828318868,31882058.396233216,37072.31707317073,9440453.173942335,31881114.213593595,37072.31707317073
9440845.745671762,31882575.2230746,36584.53658536585,7.2898784205612435,9440551.008648127,31882147.867276363,36096.756097560974,9440894.66302466,31883092.049915984,36096.756097560974,9441140.482695399,31883002.578872837,37072.31707317073,9440796.828318868,31882058.396233216,37072.31707317073
9441189.400048297,31883519.40571422,36584.53658536585,7.552614904122223,9440894.66302466,31883092.049915984,36096.756097560974,9441238.317401193,31884036.2325556,36096.756097560974,9441484.137071932,31883946.761512455,37072.31707317073,9441140.482695399,31883002.578872837,37072.31707317073
9441533.054424828,31884463.588353835,36584.53658536585,6.771506319216242,9441238.317401193,31884036.2325556,36096.756097560974,9441581.971777724,31884980.41519522,36096.756097560974,9441827.791448465,31884890.944152072,37072.31707317073,9441484.137071932,31883946.761512455,37072.31707317073
9441876.70880136,31885407.770993456,36584.53658536585,5.356451256985502,9441581.971777724,31884980.41519522,36096.756097560974,9441925.626154257,31885924.59783484,36096.756097560974,9442171.445824997,31885835.126791693,37072.31707317073,9441827.791448465,31884890.944152072,37072.31707317073
9442220.363177894,31886351.953633077,36584.53658536585,6.195987378888543,9441925.626154257,31885924.59783484,36096.756097560974,9442269.28053079,31886868.78047446,36096.756097560974,9442515.10020153,31886779.30943132,37072.31707317073,9442171.445824997,31885835.126791693,37072.31707317073
9442564.017554425,31887296.136272695,36584.53658536585,5.97282955226548,9442269.28053079,31886868.78047446,36096.756097560974,9442612.934907323,31887812.96311408,36096.756097560974,9442858.754578061,31887723.492070936,37072.31707317073,9442515.10020153,31886779.30943132,37072.31707317073
9442907.67193096,31888240.318912316,36584.53658536585,5.531267422696898,9442612.934907323,31887812.96311408,36096.756097560974,9442956.589283856,31888757.1457537,36096.756097560974,9443202.408954594,31888667.674710557,37072.31707317073,9442858.754578061,31887723.492070936,37072.31707317073
9443251.32630749,31889184.50155194,36584.53658536585,6.574663079493215,9442956.589283856,31888757.1457537,36096.756097560974,9443300.243660387,31889701.32839332,36096.756097560974,9443546.063331127,31889611.857350178,37072.31707317073,9443202.408954594,31888667.674710557,37072.31707317073
9443594.980684021,31890128.684191562,36584.53658536585,5.996001216782825,9443300.243660387,31889701.32839332,36096.756097560974,9443643.89803692,31890645.51103294,36096.756097560974,9443889.71770766,31890556.039989796,37072.31707317073,9443546.063331127,31889611.857350178,37072.31707317073
9443938.635060556,31891072.86683118,36584.53658536585,5.458596903218162,9443643.89803692,31890645.51103294,36096.756097560974,9443987.552413452,31891589.693672564,36096.756097560974,9444233.372084193,31891500.222629417,37072.31707317073,9443889.71770766,31890556.039989796,37072.31707317073
9444282.28943709,31892017.0494708,36584.53658536585,6.0649628458072105,9443987.552413452,31891589.693672564,36096.756097560974,9444331.206789985,31892533.876312185,36096.756097560974,9444577.026460726,31892444.405269038,37072.31707317073,9444233.372084193,31891500.222629417,37072.31707317073
9444625.943813622,31892961.232110422,36584.53658536585,6.9059857489352074,9444331.206789985,31892533.876312185,36096.756097560974,9444674.861166518,31893478.058951803,36096.756097560974,9444920.680837257,31893388.587908655,37072.31707317073,9444577.026460726,31892444.405269038,37072.31707317073
9444969.598190153,31893905.41475004,36584.53658536585,6.146117788135405,9444674.861166518,31893478.058951803,36096.756097560974,9445018.515543051,31894422.241591424,36096.756097560974,9445264.33521379,31894332.770548277,37072.31707317073,9444920.680837257,31893388.587908655,37072.31707317073
9445313.252566688,31894849.59738966,36584.53658536585,4.726572499563441,9445018.515543051,31894422.241591424,36096.756097560974,9445362.169919584,31895366.424231045,36096.756097560974,9445607.989590323,31895276.953187898,37072.31707317073,9445264.33521379,31894332.770548277,37072.31707317073
9445656.906943219,31895793.78002928,36584.53658536585,4.4458213165817995,9445362.169919584,31895366.424231045,36096.756097560974,9445705.824296115,31896310.606870662,36096.756097560974,9445951.643966855,31896221.135827515,37072.31707317073,9445607.989590323,31895276.953187898,37072.31707317073
9446000.56131975,31896737.9626689,36584.53658536585,3.907163461839412,9445705.824296115,31896310.606870662,36096.756097560974,9446049.478672648,31897254.789510284,36096.756097560974,9446295.298343388,31897165.318467136,37072.31707317073,9445951.643966855,31896221.135827515,37072.31707317073
9446344.215696285,31897682.14530852,36584.53658536585,2.8371376638018453,9446049.478672648,31897254.789510284,36096.756097560974,9446393.13304918,31898198.972149905,36096.756097560974,9446638.952719921,31898109.501106758,37072.31707317073,9446295.298343388,31897165.318467136,37072.31707317073
9446687.870072817,31898626.327948138,36584.53658536585,2.7629569435059578,9446393.13304918,31898198.972149905,36096.756097560974,9446736.787425714,31899143.154789522,36096.756097560974,9446982.607096454,31899053.683746375,37072.31707317073,9446638.952719921,31898109.501106758,37072.31707317073
9447031.52444935,31899570.51058776,36584.53658536585,4.222807487015978,9446736.787425714,31899143.154789522,36096.756097560974,9447080.441802246,31900087.337429143,36096.756097560974,9447326.261472985,31899997.866386,37072.31707317073,9446982.607096454,31899053.683746375,37072.31707317073
9447375.178825881,31900514.69322738,36584.53658536585,4.941157410662162,9447080.441802246,31900087.337429143,36096.756097560974,9447424.09617878,31901031.520068765,36096.756097560974,9447669.915849518,31900942.049025618,37072.31707317073,9447326.261472985,31899997.866386,37072.31707317073
9421846.92025668,31829611.524212725,37560.097560975606,10.243581229374444,9421552.183233041,31829184.168414492,37072.31707317073,9421895.837609574,31830128.35105411,37072.31707317073,9422141.657280317,31830038.880010966,38047.87804878049,9421798.002903784,31829094.697371345,38047.87804878049
9422190.574633213,31830555.706852347,37560.097560975606,9.260574049782695,9421895.837609574,31830128.35105411,37072.31707317073,9422239.491986107,31831072.53369373,37072.31707317073,9422485.31165685,31830983.062650584,38047.87804878049,9422141.657280317,31830038.880010966,38047.87804878049
9422534.229009746,31831499.88949197,37560.097560975606,7.551261118403673,9422239.491986107,31831072.53369373,37072.31707317073,9422583.14636264,31832016.71633335,37072.31707317073,9422828.96603338,31831927.245290205,38047.87804878049,9422485.31165685,31830983.062650584,38047.87804878049
9422877.883386277,31832444.07213159,37560.097560975606,8.144253023106891,9422583.14636264,31832016.71633335,37072.31707317073,9422926.800739173,31832960.89897297,37072.31707317073,9423172.620409913,31832871.427929826,38047.87804878049,9422828.96603338,31831927.245290205,38047.87804878049
9423221.53776281,31833388.254771207,37560.097560975606,8.392387031114547,9422926.800739173,31832960.89897297,37072.31707317073,9423270.455115706,31833905.081612594,37072.31707317073,9423516.274786446,31833815.610569444,38047.87804878049,9423172.620409913,31832871.427929826,38047.87804878049
9423565.192139342,31834332.437410828,37560.097560975606,8.625842450564155,9423270.455115706,31833905.081612594,37072.31707317073,9423614.109492239,31834849.264252212,37072.31707317073,9423859.92916298,31834759.793209065,38047.87804878049,9423516.274786446,31833815.610569444,38047.87804878049
9423908.846515875,31835276.62005045,37560.097560975606,8.602060200782878,9423614.109492239,31834849.264252212,37072.31707317073,9423957.76386877,31835793.446891833,37072.31707317073,9424203.583539512,31835703.975848686,38047.87804878049,9423859.92916298,31834759.793209065,38047.87804878049
9424252.500892408,31836220.80269007,37560.097560975606,8.894460158726755,9423957.76386877,31835793.446891833,37072.31707317073,9424301.418245303,31836737.629531454,37072.31707317073,9424547.237916045,31836648.158488303,38047.87804878049,9424203.583539512,31835703.975848686,38047.87804878049
9424596.155268941,31837164.985329688,37560.097560975606,8.806670453464935,9424301.418245303,31836737.629531454,37072.31707317073,9424645.072621835,31837681.81217107,37072.31707317073,9424890.892292578,31837592.341127925,38047.87804878049,9424547.237916045,31836648.158488303,38047.87804878049
9424939.809645474,31838109.16796931,37560.097560975606,8.993248987900625,9424645.072621835,31837681.81217107,37072.31707317073,9424988.726998368,31838625.994810693,37072.31707317073,9425234.546669109,31838536.523767546,38047.87804878049,9424890.892292578,31837592.341127925,38047.87804878049
9425283.464022005,31839053.35060893,37560.097560975606,8.753680374807066,9424988.726998368,31838625.994810693,37072.31707317073,9425332.381374901,31839570.177450314,37072.31707317073,9425578.201045642,31839480.706407163,38047.87804878049,9425234.546669109,31838536.523767546,38047.87804878049
9425627.118398538,31839997.533248547,37560.097560975606,7.753605524085589,9425332.381374901,31839570.177450314,37072.31707317073,9425676.035751432,31840514.36008993,37072.31707317073,9425921.855422175,31840424.88904678,38047.87804878049,9425578.201045642,31839480.706407163,38047.87804878049
9425970.77277507,31840941.71588817,37560.097560975606,5.812700574877301,9425676.035751432,31840514.36008993,37072.31707317073,9426019.690127965,31841458.54272955,37072.31707317073,9426265.509798707,31841369.071686406,38047.87804878049,9425921.855422175,31840424.88904678,38047.87804878049
9426314.427151604,31841885.898527786,37560.097560975606,4.704116168193338,9426019.690127965,31841458.54272955,37072.31707317073,9426363.344504498,31842402.72536917,37072.31707317073,9426609.164175238,31842313.254326027,38047.87804878049,9426265.509798707,31841369.071686406,38047.87804878049
9426658.081528135,31842830.081167404,37560.097560975606,4.099323090898465,9426363.344504498,31842402.72536917,37072.31707317073,9426706.99888103,31843346.90800879,37072.31707317073,9426952.818551771,31843257.436965644,38047.87804878049,9426609.164175238,31842313.254326027,38047.87804878049
9427001.735904668,31843774.26380703,37560.097560975606,3.6221999978276584,9426706.99888103,31843346.90800879,37072.31707317073,9427050.653257564,31844291.09064841,37072.31707317073,9427296.472928304,31844201.619605266,38047.87804878049,9426952.818551771,31843257.436965644,38047.87804878049
9427345.390281202,31844718.44644665,37560.097560975606,4.591494303860337,9427050.653257564,31844291.09064841,37072.31707317073,9427394.307634097,31845235.27328803,37072.31707317073,9427640.127304837,31845145.802244887,38047.87804878049,9427296.472928304,31844201.619605266,38047.87804878049
9427689.044657733,31845662.629086267,37560.097560975606,3.848118591377921,9427394.307634097,31845235.27328803,37072.31707317073,9427737.962010628,31846179.45592765,37072.31707317073,9427983.78168137,31846089.984884504,38047.87804878049,9427640.127304837,31845145.802244887,38047.87804878049
9428032.699034266,31846606.81172589,37560.097560975606,3.119852052830718,9427737.962010628,31846179.45592765,37072.31707317073,9428081.61638716,31847123.638567273,37072.31707317073,9428327.436057903,31847034.167524125,38047.87804878049,9427983.78168137,31846089.984884504,38047.87804878049
9428376.353410799,31847550.99436551,37560.097560975606,3.6218869250464616,9428081.61638716,31847123.638567273,37072.31707317073,9428425.270763693,31848067.821206894,37072.31707317073,9428671.090434436,31847978.350163747,38047.87804878049,9428327.436057903,31847034.167524125,38047.87804878049
9428720.007787332,31848495.17700513,37560.097560975606,4.039779773501019,9428425.270763693,31848067.821206894,37072.31707317073,9428768.925140226,31849012.003846515,37072.31707317073,9429014.744810967,31848922.532803364,38047.87804878049,9428671.090434436,31847978.350163747,38047.87804878049
9429063.662163863,31849439.35964475,37560.097560975606,3.569710165779993,9428768.925140226,31849012.003846515,37072.31707317073,9429112.57951676,31849956.186486132,37072.31707317073,9429358.3991875,31849866.715442985,38047.87804878049,9429014.744810967,31848922.532803364,38047.87804878049
9429407.316540396,31850383.54228437,37560.097560975606,2.8538382250172862,9429112.57951676,31849956.186486132,37072.31707317073,9429456.233893292,31850900.369125754,37072.31707317073,9429702.053564033,31850810.898082606,38047.87804878049,9429358.3991875,31849866.715442985,38047.87804878049
9429750.97091693,31851327.72492399,37560.097560975606,2.271010754528532,9429456.233893292,31850900.369125754,37072.31707317073,9429799.888269825,31851844.551765375,37072.31707317073,9430045.707940565,31851755.080722224,38047.87804878049,9429702.053564033,31850810.898082606,38047.87804878049
9430094.625293462,31852271.907563612,37560.097560975606,1.8238150400660904,9429799.888269825,31851844.551765375,37072.31707317073,9430143.542646356,31852788.734404992,37072.31707317073,9430389.362317098,31852699.263361845,38047.87804878049,9430045.707940565,31851755.080722224,38047.87804878049
9430438.279669994,31853216.09020323,37560.097560975606,2.202487139161009,9430143.542646356,31852788.734404992,37072.31707317073,9430487.197022889,31853732.917044614,37072.31707317073,9430733.016693631,31853643.446001466,38047.87804878049,9430389.362317098,31852699.263361845,38047.87804878049
9430781.934046527,31854160.272842847,37560.097560975606,3.0193064063341093,9430487.197022889,31853732.917044614,37072.31707317073,9430830.851399422,31854677.099684235,37072.31707317073,9431076.671070164,31854587.628641088,38047.87804878049,9430733.016693631,31853643.446001466,38047.87804878049
9431125.58842306,31855104.455482468,37560.097560975606,2.6453920162379743,9430830.851399422,31854677.099684235,37072.31707317073,9431174.505775955,31855621.282323852,37072.31707317073,9431420.325446695,31855531.81128071,38047.87804878049,9431076.671070164,31854587.628641088,38047.87804878049
9431469.242799591,31856048.63812209,37560.097560975606,2.5839647878373007,9431174.505775955,31855621.282323852,37072.31707317073,9431518.160152487,31856565.464963473,37072.31707317073,9431763.979823228,31856475.993920326,38047.87804878049,9431420.325446695,31855531.81128071,38047.87804878049
9431812.897176124,31856992.82076171,37560.097560975606,2.6772697467988418,9431518.160152487,31856565.464963473,37072.31707317073,9431861.81452902,31857509.647603095,37072.31707317073,9432107.63419976,31857420.176559947,38047.87804878049,9431763.979823228,31856475.993920326,38047.87804878049
9432156.551552659,31857937.00340133,37560.097560975606,1.7793764128437437,9431861.81452902,31857509.647603095,37072.31707317073,9432205.468905553,31858453.830242712,37072.31707317073,9432451.288576294,31858364.35919957,38047.87804878049,9432107.63419976,31857420.176559947,38047.87804878049
9432500.20592919,31858881.186040953,37560.097560975606,1.9067693860398245,9432205.468905553,31858453.830242712,37072.31707317073,9432549.123282084,31859398.012882333,37072.31707317073,9432794.942952827,31859308.541839186,38047.87804878049,9432451.288576294,31858364.35919957,38047.87804878049
9432843.860305723,31859825.36868057,37560.097560975606,2.438367197800399,9432549.123282084,31859398.012882333,37072.31707317073,9432892.777658617,31860342.195521954,37072.31707317073,9433138.59732936,31860252.724478807,38047.87804878049,9432794.942952827,31859308.541839186,38047.87804878049
9433187.514682256,31860769.55132019,37560.097560975606,2.2684110604705756,9432892.777658617,31860342.195521954,37072.31707317073,9433236.43203515,31861286.378161576,37072.31707317073,9433482.251705892,31861196.90711843,38047.87804878049,9433138.59732936,31860252.724478807,38047.87804878049
9433531.169058789,31861713.733959813,37560.097560975606,2.239659313167181,9433236.43203515,31861286.378161576,37072.31707317073,9433580.086411683,31862230.560801193,37072.31707317073,9433825.906082423,31862141.089758046,38047.87804878049,9433482.251705892,31861196.90711843,38047.87804878049
9433874.82343532,31862657.91659943,37560.097560975606,2.4666304215317285,9433580.086411683,31862230.560801193,37072.31707317073,9433923.740788214,31863174.743440814,37072.31707317073,9434169.560458956,31863085.272397667,38047.87804878049,9433825.906082423,31862141.089758046,38047.87804878049
9434218.477811852,31863602.099239048,37560.097560975606,1.8166757455403342,9433923.740788214,31863174.743440814,37072.31707317073,9434267.395164747,31864118.926080436,37072.31707317073,9434513.21483549,31864029.455037285,38047.87804878049,9434169.560458956,31863085.272397667,38047.87804878049
9434562.132188385,31864546.28187867,37560.097560975606,1.8633831700048102,9434267.395164747,31864118.926080436,37072.31707317073,9434611.04954128,31865063.108720053,37072.31707317073,9434856.869212022,31864973.637676906,38047.87804878049,9434513.21483549,31864029.455037285,38047.87804878049
9434905.786564918,31865490.46451829,37560.097560975606,2.0251344378432634,9434611.04954128,31865063.108720053,37072.31707317073,9434954.703917813,31866007.291359674,37072.31707317073,9435200.523588553,31865917.820316527,38047.87804878049,9434856.869212022,31864973.637676906,38047.87804878049
9435249.44094145,31866434.647157907,37560.097560975606,2.2053910900942855,9434954.703917813,31866007.291359674,37072.31707317073,9435298.358294345,31866951.473999295,37072.31707317073,9435544.177965086,31866862.002956145,38047.87804878049,9435200.523588553,31865917.820316527,38047.87804878049
9435593.095317984,31867378.82979753,37560.097560975606,1.725343979413104,9435298.358294345,31866951.473999295,37072.31707317073,9435642.012670878,31867895.656638913,37072.31707317073,9435887.832341619,31867806.18559577,38047.87804878049,9435544.177965086,31866862.002956145,38047.87804878049
9435936.749694515,31868323.01243715,37560.097560975606,2.1002096392256324,9435642.012670878,31867895.656638913,37072.31707317073,9435985.667047411,31868839.839278534,37072.31707317073,9436231.486718152,31868750.368235387,38047.87804878049,9435887.832341619,31867806.18559577,38047.87804878049
9436280.404071048,31869267.195076767,37560.097560975606,2.847024338527336,9435985.667047411,31868839.839278534,37072.31707317073,9436329.321423942,31869784.02191815,37072.31707317073,9436575.141094685,31869694.550875008,38047.87804878049,9436231.486718152,31868750.368235387,38047.87804878049
9436624.05844758,31870211.377716392,37560.097560975606,3.160380614214367,9436329.321423942,31869784.02191815,37072.31707317073,9436672.975800475,31870728.204557773,37072.31707317073,9436918.795471217,31870638.73351463,38047.87804878049,9436575.141094685,31869694.550875008,38047.87804878049
9436967.712824114,31871155.560356013,37560.097560975606,2.5700536329833388,9436672.975800475,31870728.204557773,37072.31707317073,9437016.630177008,31871672.387197394,37072.31707317073,9437262.44984775,31871582.916154247,38047.87804878049,9436918.795471217,31870638.73351463,38047.87804878049
9437311.367200647,31872099.742995635,37560.097560975606,2.224699536826416,9437016.630177008,31871672.387197394,37072.31707317073,9437360.28455354,31872616.56983701,37072.31707317073,9437606.104224281,31872527.098793868,38047.87804878049,9437262.44984775,31871582.916154247,38047.87804878049
9437655.021577178,31873043.925635252,37560.097560975606,2.3841946558586113,9437360.28455354,31872616.56983701,37072.31707317073,9437703.938930074,31873560.752476636,37072.31707317073,9437949.758600814,31873471.28143349,38047.87804878049,9437606.104224281,31872527.098793868,38047.87804878049
9437998.675953712,31873988.10827487,37560.097560975606,2.6441244282506413,9437703.938930074,31873560.752476636,37072.31707317073,9438047.593306607,31874504.935116258,37072.31707317073,9438293.412977347,31874415.464073107,38047.87804878049,9437949.758600814,31873471.28143349,38047.87804878049
9438342.330330243,31874932.29091449,37560.097560975606,2.2156435886382386,9438047.593306607,31874504.935116258,37072.31707317073,9438391.24768314,31875449.117755875,37072.31707317073,9438637.06735388,31875359.646712728,38047.87804878049,9438293.412977347,31874415.464073107,38047.87804878049
9438685.984706776,31875876.473554112,37560.097560975606,2.9480071782563546,9438391.24768314,31875449.117755875,37072.31707317073,9438734.90205967,31876393.300395496,37072.31707317073,9438980.721730413,31876303.82935235,38047.87804878049,9438637.06735388,31875359.646712728,38047.87804878049
9439029.63908331,31876820.656193733,37560.097560975606,3.1579490370733065,9438734.90205967,31876393.300395496,37072.31707317073,9439078.556436203,31877337.483035117,37072.31707317073,9439324.376106946,31877248.011991967,38047.87804878049,9438980.721730413,31876303.82935235,38047.87804878049
9439373.293459842,31877764.83883335,37560.097560975606,3.1476110776660104,9439078.556436203,31877337.483035117,37072.31707317073,9439422.210812736,31878281.665674735,37072.31707317073,9439668.030483479,31878192.194631588,38047.87804878049,9439324.376106946,31877248.011991967,38047.87804878049
9439716.947836375,31878709.021472972,37560.097560975606,3.6475776961675086,9439422.210812736,31878281.665674735,37072.31707317073,9439765.86518927,31879225.848314356,37072.31707317073,9440011.68486001,31879136.37727121,38047.87804878049,9439668.030483479,31878192.194631588,38047.87804878049
9440060.602212906,31879653.204112593,37560.097560975606,4.11847051270066,9439765.86518927,31879225.848314356,37072.31707317073,9440109.519565802,31880170.030953977,37072.31707317073,9440355.339236543,31880080.559910826,38047.87804878049,9440011.68486001,31879136.37727121,38047.87804878049
9440404.256589439,31880597.38675221,37560.097560975606,3.9217210643583997,9440109.519565802,31880170.030953977,37072.31707317073,9440453.173942335,31881114.213593595,37072.31707317073,9440698.993613075,31881024.742550448,38047.87804878049,9440355.339236543,31880080.559910826,38047.87804878049
9440747.910965972,31881541.56939183,37560.097560975606,3.7244644160339297,9440453.173942335,31881114.213593595,37072.31707317073,9440796.828318868,31882058.396233216,37072.31707317073,9441042.647989608,31881968.925190073,38047.87804878049,9440698.993613075,31881024.742550448,38047.87804878049
9441091.565342505,31882485.752031453,37560.097560975606,4.550498950596842,9440796.828318868,31882058.396233216,37072.31707317073,9441140.482695399,31883002.578872837,37072.31707317073,9441386.302366141,31882913.10782969,38047.87804878049,9441042.647989608,31881968.925190073,38047.87804878049
9441435.219719036,31883429.934671074,37560.097560975606,4.781841089899928,9441140.482695399,31883002.578872837,37072.31707317073,9441484.137071932,31883946.761512455,37072.31707317073,9441729.956742674,31883857.29046931,38047.87804878049,9441386.302366141,31882913.10782969,38047.87804878049
9441778.874095568,31884374.11731069,37560.097560975606,4.730948134584415,9441484.137071932,31883946.761512455,37072.31707317073,9441827.791448465,31884890.944152072,37072.31707317073,9442073.611119205,31884801.47310893,38047.87804878049,9441729.956742674,31883857.29046931,38047.87804878049
9442122.5284721,31885318.299950313,37560.097560975606,4.904250245850322,9441827.791448465,31884890.944152072,37072.31707317073,9442171.445824997,31885835.126791693,37072.31707317073,9442417.265495738,31885745.65574855,38047.87804878049,9442073.611119205,31884801.47310893,38047.87804878049
9442466.182848632,31886262.48258993,37560.097560975606,3.989291838003024,9442171.445824997,31885835.126791693,37072.31707317073,9442515.10020153,31886779.30943132,37072.31707317073,9442760.91987227,31886689.838388167,38047.87804878049,9442417.265495738,31885745.65574855,38047.87804878049
9442809.837225165,31887206.66522955,37560.097560975606,3.584441004529894,9442515.10020153,31886779.30943132,37072.31707317073,9442858.754578061,31887723.492070936,37072.31707317073,9443104.574248804,31887634.02102779,38047.87804878049,9442760.91987227,31886689.838388167,38047.87804878049
9443153.491601698,31888150.847869173,37560.097560975606,3.1679534083770955,9442858.754578061,31887723.492070936,37072.31707317073,9443202.408954594,31888667.674710557,37072.31707317073,9443448.228625337,31888578.20366741,38047.87804878049,9443104.574248804,31887634.02102779,38047.87804878049
9443497.145978231,31889095.030508794,37560.097560975606,4.068190412865672,9443202.408954594,31888667.674710557,37072.31707317073,9443546.063331127,31889611.857350178,37072.31707317073,9443791.88300187,31889522.386307027,38047.87804878049,9443448.228625337,31888578.20366741,38047.87804878049
9443840.800354764,31890039.21314841,37560.097560975606,5.7323672219446005,9443546.063331127,31889611.857350178,37072.31707317073,9443889.71770766,31890556.039989796,37072.31707317073,9444135.5373784,31890466.56894665,38047.87804878049,9443791.88300187,31889522.386307027,38047.87804878049
9444184.454731295,31890983.395788033,37560.097560975606,6.503003996654093,9443889.71770766,31890556.039989796,37072.31707317073,9444233.372084193,31891500.222629417,37072.31707317073,9444479.191754933,31891410.75158627,38047.87804878049,9444135.5373784,31890466.56894665,38047.87804878049
9444528.109107828,31891927.578427654,37560.097560975606,6.99196629376493,9444233.372084193,31891500.222629417,37072.31707317073,9444577.026460726,31892444.405269038,37072.31707317073,9444822.846131466,31892354.934225887,38047.87804878049,9444479.191754933,31891410.75158627,38047.87804878049
9444871.76348436,31892871.761067275,37560.097560975606,5.030873086092162,9444577.026460726,31892444.405269038,37072.31707317073,9444920.680837257,31893388.587908655,37072.31707317073,9445166.500508,31893299.11686551,38047.87804878049,9444822.846131466,31892354.934225887,38047.87804878049
9445215.417860894,31893815.943706892,37560.097560975606,4.612158276005395,9444920.680837257,31893388.587908655,37072.31707317073,9445264.33521379,31894332.770548277,37072.31707317073,9445510.154884532,31894243.29950513,38047.87804878049,9445166.500508,31893299.11686551,38047.87804878049
9445559.072237426,31894760.12634651,37560.097560975606,4.262640456528548,9445264.33521379,31894332.770548277,37072.31707317073,9445607.989590323,31895276.953187898,37072.31707317073,9445853.809261065,31895187.48214475,38047.87804878049,9445510.154884532,31894243.29950513,38047.87804878049
9445902.72661396,31895704.30898613,37560.097560975606,4.039302736095398,9445607.989590323,31895276.953187898,37072.31707317073,9445951.643966855,31896221.135827515,37072.31707317073,9446197.463637598,31896131.66478437,38047.87804878049,9445853.809261065,31895187.48214475,38047.87804878049
9446246.380990492,31896648.491625752,37560.097560975606,4.692251338523194,9445951.643966855,31896221.135827515,37072.31707317073,9446295.298343388,31897165.318467136,37072.31707317073,9446541.118014129,31897075.84742399,38047.87804878049,9446197.463637598,31896131.66478437,38047.87804878049
9446590.035367023,31897592.674265377,37560.097560975606,5.732523794711818,9446295.298343388,31897165.318467136,37072.31707317073,9446638.952719921,31898109.501106758,37072.31707317073,9446884.772390662,31898020.03006361,38047.87804878049,9446541.118014129,31897075.84742399,38047.87804878049
9446933.689743556,31898536.856904995,37560.097560975606,5.80789813092853,9446638.952719921,31898109.501106758,37072.31707317073,9446982.607096454,31899053.683746375,37072.31707317073,9447228.426767195,31898964.21270323,38047.87804878049,9446884.772390662,31898020.03006361,38047.87804878049
9447277.344120089,31899481.039544616,37560.097560975606,5.004407941663223,9446982.607096454,31899053.683746375,37072.31707317073,9447326.261472985,31899997.866386,37072.31707317073,9447572.081143728,31899908.39534285,38047.87804878049,9447228.426767195,31898964.21270323,38047.87804878049
9447620.998496622,31900425.222184233,37560.097560975606,5.297735518624726,9447326.261472985,31899997.866386,37072.31707317073,9447669.915849518,31900942.049025618,37072.31707317073,9447915.73552026,31900852.57798247,38047.87804878049,9447572.081143728,31899908.39534285,38047.87804878049
9422092.739927419,31829522.053169582,38535.65853658537,9.106136102313718,9421798.002903784,31829094.697371345,38047.87804878049,9422141.657280317,31830038.880010966,38047.87804878049,9422387.476951055,31829949.40896782,39023.439024390245,9422043.822574522,31829005.226328198,39023.439024390245
9422436.394303953,31830466.235809203,38535.65853658537,7.752040946547367,9422141.657280317,31830038.880010966,38047.87804878049,9422485.31165685,31830983.062650584,38047.87804878049,9422731.131327588,31830893.591607437,39023.439024390245,9422387.476951055,31829949.40896782,39023.439024390245
9422780.048680484,31831410.41844882,38535.65853658537,6.198811408967084,9422485.31165685,31830983.062650584,38047.87804878049,9422828.96603338,31831927.245290205,38047.87804878049,9423074.785704121,31831837.774247058,39023.439024390245,9422731.131327588,31830893.591607437,39023.439024390245
9423123.703057017,31832354.601088442,38535.65853658537,5.85266117269117,9422828.96603338,31831927.245290205,38047.87804878049,9423172.620409913,31832871.427929826,38047.87804878049,9423418.440080654,31832781.95688668,39023.439024390245,9423074.785704121,31831837.774247058,39023.439024390245
9423467.35743355,31833298.78372806,38535.65853658537,5.113791276699118,9423172.620409913,31832871.427929826,38047.87804878049,9423516.274786446,31833815.610569444,38047.87804878049,9423762.094457187,31833726.139526296,39023.439024390245,9423418.440080654,31832781.95688668,39023.439024390245
9423811.011810081,31834242.96636768,38535.65853658537,5.709541773389481,9423516.274786446,31833815.610569444,38047.87804878049,9423859.92916298,31834759.793209065,38047.87804878049,9424105.74883372,31834670.322165918,39023.439024390245,9423762.094457187,31833726.139526296,39023.439024390245
9424154.666186616,31835187.1490073,38535.65853658537,6.894620117345882,9423859.92916298,31834759.793209065,38047.87804878049,9424203.583539512,31835703.975848686,38047.87804878049,9424449.40321025,31835614.50480554,39023.439024390245,9424105.74883372,31834670.322165918,39023.439024390245
9424498.320563147,31836131.33164692,38535.65853658537,8.618021357595621,9424203.583539512,31835703.975848686,38047.87804878049,9424547.237916045,31836648.158488303,38047.87804878049,9424793.057586784,31836558.68744516,39023.439024390245,9424449.40321025,31835614.50480554,39023.439024390245
9424841.974939682,31837075.51428654,38535.65853658537,10.437332299884668,9424547.237916045,31836648.158488303,38047.87804878049,9424890.892292578,31837592.341127925,38047.87804878049,9425136.711963316,31837502.87008478,39023.439024390245,9424793.057586784,31836558.68744516,39023.439024390245
9425185.629316213,31838019.69692616,38535.65853658537,9.119175288931459,9424890.892292578,31837592.341127925,38047.87804878049,9425234.546669109,31838536.523767546,38047.87804878049,9425480.36633985,31838447.052724402,39023.439024390245,9425136.711963316,31837502.87008478,39023.439024390245
9425529.283692745,31838963.879565783,38535.65853658537,8.17628111185674,9425234.546669109,31838536.523767546,38047.87804878049,9425578.201045642,31839480.706407163,38047.87804878049,9425824.020716382,31839391.23536402,39023.439024390245,9425480.36633985,31838447.052724402,39023.439024390245
9425872.938069278,31839908.062205404,38535.65853658537,8.476646184614266,9425578.201045642,31839480.706407163,38047.87804878049,9425921.855422175,31840424.88904678,38047.87804878049,9426167.675092913,31840335.418003637,39023.439024390245,9425824.020716382,31839391.23536402,39023.439024390245
9426216.59244581,31840852.24484502,38535.65853658537,8.475214183671604,9425921.855422175,31840424.88904678,38047.87804878049,9426265.509798707,31841369.071686406,38047.87804878049,9426511.329469446,31841279.60064326,39023.439024390245,9426167.675092913,31840335.418003637,39023.439024390245
9426560.246822342,31841796.427484643,38535.65853658537,7.026027344091977,9426265.509798707,31841369.071686406,38047.87804878049,9426609.164175238,31842313.254326027,38047.87804878049,9426854.983845979,31842223.78328288,39023.439024390245,9426511.329469446,31841279.60064326,39023.439024390245
9426903.901198875,31842740.61012426,38535.65853658537,4.817061582966133,9426609.164175238,31842313.254326027,38047.87804878049,9426952.818551771,31843257.436965644,38047.87804878049,9427198.638222512,31843167.965922497,39023.439024390245,9426854.983845979,31842223.78328288,39023.439024390245
9427247.555575406,31843684.79276388,38535.65853658537,3.9030174167728795,9426952.818551771,31843257.436965644,38047.87804878049,9427296.472928304,31844201.619605266,38047.87804878049,9427542.292599045,31844112.14856212,39023.439024390245,9427198.638222512,31843167.965922497,39023.439024390245
9427591.20995194,31844628.975403503,38535.65853658537,4.175513728243763,9427296.472928304,31844201.619605266,38047.87804878049,9427640.127304837,31845145.802244887,38047.87804878049,9427885.946975578,31845056.33120174,39023.439024390245,9427542.292599045,31844112.14856212,39023.439024390245
9427934.864328472,31845573.15804312,38535.65853658537,3.7190607049936024,9427640.127304837,31845145.802244887,38047.87804878049,9427983.78168137,31846089.984884504,38047.87804878049,9428229.601352109,31846000.513841357,39023.439024390245,9427885.946975578,31845056.33120174,39023.439024390245
9428278.518705007,31846517.34068274,38535.65853658537,2.9440523130957845,9427983.78168137,31846089.984884504,38047.87804878049,9428327.436057903,31847034.167524125,38047.87804878049,9428573.255728642,31846944.69648098,39023.439024390245,9428229.601352109,31846000.513841357,39023.439024390245
9428622.173081538,31847461.523322362,38535.65853658537,2.842244577538604,9428327.436057903,31847034.167524125,38047.87804878049,9428671.090434436,31847978.350163747,38047.87804878049,9428916.910105174,31847888.8791206,39023.439024390245,9428573.255728642,31846944.69648098,39023.439024390245
9428965.82745807,31848405.705961984,38535.65853658537,2.494403503260314,9428671.090434436,31847978.350163747,38047.87804878049,9429014.744810967,31848922.532803364,38047.87804878049,9429260.564481707,31848833.061760217,39023.439024390245,9428916.910105174,31847888.8791206,39023.439024390245
9429309.481834603,31849349.8886016,38535.65853658537,3.5636922036289485,9429014.744810967,31848922.532803364,38047.87804878049,9429358.3991875,31849866.715442985,38047.87804878049,9429604.21885824,31849777.244399842,39023.439024390245,9429260.564481707,31848833.061760217,39023.439024390245
9429653.136211134,31850294.071241222,38535.65853658537,4.070078951842578,9429358.3991875,31849866.715442985,38047.87804878049,9429702.053564033,31850810.898082606,38047.87804878049,9429947.873234773,31850721.427039463,39023.439024390245,9429604.21885824,31849777.244399842,39023.439024390245
9429996.79058767,31851238.253880844,38535.65853658537,2.4687267817114296,9429702.053564033,31850810.898082606,38047.87804878049,9430045.707940565,31851755.080722224,38047.87804878049,9430291.527611306,31851665.60967908,39023.439024390245,9429947.873234773,31850721.427039463,39023.439024390245
9430340.4449642,31852182.436520465,38535.65853658537,2.1076157648872362,9430045.707940565,31851755.080722224,38047.87804878049,9430389.362317098,31852699.263361845,38047.87804878049,9430635.181987837,31852609.7923187,39023.439024390245,9430291.527611306,31851665.60967908,39023.439024390245
9430684.099340735,31853126.619160082,38535.65853658537,3.061259042370765,9430389.362317098,31852699.263361845,38047.87804878049,9430733.016693631,31853643.446001466,38047.87804878049,9430978.83636437,31853553.97495832,39023.439024390245,9430635.181987837,31852609.7923187,39023.439024390245
9431027.753717266,31854070.801799703,38535.65853658537,3.510828512375882,9430733.016693631,31853643.446001466,38047.87804878049,9431076.671070164,31854587.628641088,38047.87804878049,9431322.490740903,31854498.15759794,39023.439024390245,9430978.83636437,31853553.97495832,39023.439024390245
9431371.408093799,31855014.984439325,38535.65853658537,3.4769635697298633,9431076.671070164,31854587.628641088,38047.87804878049,9431420.325446695,31855531.81128071,38047.87804878049,9431666.145117436,31855442.34023756,39023.439024390245,9431322.490740903,31854498.15759794,39023.439024390245
9431715.062470332,31855959.167078942,38535.65853658537,3.349686811166437,9431420.325446695,31855531.81128071,38047.87804878049,9431763.979823228,31856475.993920326,38047.87804878049,9432009.799493968,31856386.52287718,39023.439024390245,9431666.145117436,31855442.34023756,39023.439024390245
9432058.716846863,31856903.349718563,38535.65853658537,2.079342011744812,9431763.979823228,31856475.993920326,38047.87804878049,9432107.63419976,31857420.176559947,38047.87804878049,9432353.453870501,31857330.7055168,39023.439024390245,9432009.799493968,31856386.52287718,39023.439024390245
9432402.371223398,31857847.532358184,38535.65853658537,1.8028853359578434,9432107.63419976,31857420.176559947,38047.87804878049,9432451.288576294,31858364.35919957,38047.87804878049,9432697.108247034,31858274.88815642,39023.439024390245,9432353.453870501,31857330.7055168,39023.439024390245
9432746.025599929,31858791.714997802,38535.65853658537,1.859073420081645,9432451.288576294,31858364.35919957,38047.87804878049,9432794.942952827,31859308.541839186,38047.87804878049,9433040.762623565,31859219.07079604,39023.439024390245,9432697.108247034,31858274.88815642,39023.439024390245
9433089.679976463,31859735.897637423,38535.65853658537,2.0825309313493485,9432794.942952827,31859308.541839186,38047.87804878049,9433138.59732936,31860252.724478807,38047.87804878049,9433384.417000098,31860163.25343566,39023.439024390245,9433040.762623565,31859219.07079604,39023.439024390245
9433433.334352994,31860680.080277044,38535.65853658537,3.025134266971653,9433138.59732936,31860252.724478807,38047.87804878049,9433482.251705892,31861196.90711843,38047.87804878049,9433728.071376631,31861107.43607528,39023.439024390245,9433384.417000098,31860163.25343566,39023.439024390245
9433776.988729527,31861624.262916666,38535.65853658537,2.717508117944178,9433482.251705892,31861196.90711843,38047.87804878049,9433825.906082423,31862141.089758046,38047.87804878049,9434071.725753164,31862051.6187149,39023.439024390245,9433728.071376631,31861107.43607528,39023.439024390245
9434120.64310606,31862568.44555628,38535.65853658537,2.5972861894163755,9433825.906082423,31862141.089758046,38047.87804878049,9434169.560458956,31863085.272397667,38047.87804878049,9434415.380129697,31862995.80135452,39023.439024390245,9434071.725753164,31862051.6187149,39023.439024390245
9434464.297482591,31863512.6281959,38535.65853658537,2.260775243348927,9434169.560458956,31863085.272397667,38047.87804878049,9434513.21483549,31864029.455037285,38047.87804878049,9434759.034506228,31863939.98399414,39023.439024390245,9434415.380129697,31862995.80135452,39023.439024390245
9434807.951859126,31864456.81083552,38535.65853658537,2.824925264811991,9434513.21483549,31864029.455037285,38047.87804878049,9434856.869212022,31864973.637676906,38047.87804878049,9435102.68888276,31864884.166633762,39023.439024390245,9434759.034506228,31863939.98399414,39023.439024390245
9435151.606235657,31865400.993475143,38535.65853658537,2.131556582593932,9434856.869212022,31864973.637676906,38047.87804878049,9435200.523588553,31865917.820316527,38047.87804878049,9435446.343259294,31865828.34927338,39023.439024390245,9435102.68888276,31864884.166633762,39023.439024390245
9435495.260612188,31866345.176114764,38535.65853658537,2.68208814301226,9435200.523588553,31865917.820316527,38047.87804878049,9435544.177965086,31866862.002956145,38047.87804878049,9435789.997635826,31866772.531913,39023.439024390245,9435446.343259294,31865828.34927338,39023.439024390245
9435838.914988723,31867289.358754385,38535.65853658537,1.9928806019835426,9435544.177965086,31866862.002956145,38047.87804878049,9435887.832341619,31867806.18559577,38047.87804878049,9436133.65201236,31867716.714552622,39023.439024390245,9435789.997635826,31866772.531913,39023.439024390245
9436182.569365256,31868233.541394006,38535.65853658537,1.921606779732989,9435887.832341619,31867806.18559577,38047.87804878049,9436231.486718152,31868750.368235387,38047.87804878049,9436477.306388892,31868660.89719224,39023.439024390245,9436133.65201236,31867716.714552622,39023.439024390245
9436526.223741788,31869177.724033624,38535.65853658537,2.019992174344121,9436231.486718152,31868750.368235387,38047.87804878049,9436575.141094685,31869694.550875008,38047.87804878049,9436820.960765425,31869605.07983186,39023.439024390245,9436477.306388892,31868660.89719224,39023.439024390245
9436869.87811832,31870121.906673245,38535.65853658537,1.9094917475375373,9436575.141094685,31869694.550875008,38047.87804878049,9436918.795471217,31870638.73351463,38047.87804878049,9437164.615141956,31870549.262471482,39023.439024390245,9436820.960765425,31869605.07983186,39023.439024390245
9437213.532494854,31871066.089312866,38535.65853658537,2.6627836997801237,9436918.795471217,31870638.73351463,38047.87804878049,9437262.44984775,31871582.916154247,38047.87804878049,9437508.269518489,31871493.4451111,39023.439024390245,9437164.615141956,31870549.262471482,39023.439024390245
9437557.186871385,31872010.271952484,38535.65853658537,3.3784671576805154,9437262.44984775,31871582.916154247,38047.87804878049,9437606.104224281,31872527.098793868,38047.87804878049,9437851.923895022,31872437.62775072,39023.439024390245,9437508.269518489,31871493.4451111,39023.439024390245
9437900.841247916,31872954.454592105,38535.65853658537,2.7832635208154928,9437606.104224281,31872527.098793868,38047.87804878049,9437949.758600814,31873471.28143349,38047.87804878049,9438195.578271555,31873381.810390342,39023.439024390245,9437851.923895022,31872437.62775072,39023.439024390245
9438244.495624451,31873898.637231722,38535.65853658537,2.7217526929500493,9437949.758600814,31873471.28143349,38047.87804878049,9438293.412977347,31874415.464073107,38047.87804878049,9438539.232648088,31874325.99302996,39023.439024390245,9438195.578271555,31873381.810390342,39023.439024390245
9438588.150000984,31874842.819871344,38535.65853658537,2.3605468540473407,9438293.412977347,31874415.464073107,38047.87804878049,9438637.06735388,31875359.646712728,38047.87804878049,9438882.88702462,31875270.17566958,39023.439024390245,9438539.232648088,31874325.99302996,39023.439024390245
9438931.804377517,31875787.002510965,38535.65853658537,2.4280375167881965,9438637.06735388,31875359.646712728,38047.87804878049,9438980.721730413,31876303.82935235,38047.87804878049,9439226.541401152,31876214.358309206,39023.439024390245,9438882.88702462,31875270.17566958,39023.439024390245
9439275.458754048,31876731.185150582,38535.65853658537,3.4077327603286762,9438980.721730413,31876303.82935235,38047.87804878049,9439324.376106946,31877248.011991967,38047.87804878049,9439570.195777684,31877158.540948823,39023.439024390245,9439226.541401152,31876214.358309206,39023.439024390245
9439619.113130582,31877675.367790204,38535.65853658537,4.0161408193172266,9439324.376106946,31877248.011991967,38047.87804878049,9439668.030483479,31878192.194631588,38047.87804878049,9439913.850154217,31878102.723588444,39023.439024390245,9439570.195777684,31877158.540948823,39023.439024390245
9439962.767507114,31878619.55042983,38535.65853658537,3.736583530579599,9439668.030483479,31878192.194631588,38047.87804878049,9440011.68486001,31879136.37727121,38047.87804878049,9440257.50453075,31879046.906228065,39023.439024390245,9439913.850154217,31878102.723588444,39023.439024390245
9440306.421883645,31879563.733069446,38535.65853658537,3.4394182116404224,9440011.68486001,31879136.37727121,38047.87804878049,9440355.339236543,31880080.559910826,38047.87804878049,9440601.158907283,31879991.088867683,39023.439024390245,9440257.50453075,31879046.906228065,39023.439024390245
9440650.07626018,31880507.915709067,38535.65853658537,3.0818073569056907,9440355.339236543,31880080.559910826,38047.87804878049,9440698.993613075,31881024.742550448,38047.87804878049,9440944.813283816,31880935.271507304,39023.439024390245,9440601.158907283,31879991.088867683,39023.439024390245
9440993.730636712,31881452.09834869,38535.65853658537,2.5428054556512394,9440698.993613075,31881024.742550448,38047.87804878049,9441042.647989608,31881968.925190073,38047.87804878049,9441288.467660349,31881879.45414692,39023.439024390245,9440944.813283816,31880935.271507304,39023.439024390245
9441337.385013245,31882396.28098831,38535.65853658537,2.8808373592142567,9441042.647989608,31881968.925190073,38047.87804878049,9441386.302366141,31882913.10782969,38047.87804878049,9441632.12203688,31882823.636786543,39023.439024390245,9441288.467660349,31881879.45414692,39023.439024390245
9441681.039389776,31883340.463627927,38535.65853658537,3.520568131807183,9441386.302366141,31882913.10782969,38047.87804878049,9441729.956742674,31883857.29046931,38047.87804878049,9441975.776413413,31883767.819426164,39023.439024390245,9441632.12203688,31882823.636786543,39023.439024390245
9442024.693766309,31884284.646267544,38535.65853658537,4.15870948248176,9441729.956742674,31883857.29046931,38047.87804878049,9442073.611119205,31884801.47310893,38047.87804878049,9442319.430789946,31884712.00206578,39023.439024390245,9441975.776413413,31883767.819426164,39023.439024390245
9442368.348142842,31885228.828907166,38535.65853658537,4.221357999418385,9442073.611119205,31884801.47310893,38047.87804878049,9442417.265495738,31885745.65574855,38047.87804878049,9442663.085166479,31885656.184705403,39023.439024390245,9442319.430789946,31884712.00206578,39023.439024390245
9442712.002519373,31886173.011546783,38535.65853658537,3.4586171926153804,9442417.265495738,31885745.65574855,38047.87804878049,9442760.91987227,31886689.838388167,38047.87804878049,9443006.739543011,31886600.36734502,39023.439024390245,9442663.085166479,31885656.184705403,39023.439024390245
9443055.656895908,31887117.194186404,38535.65853658537,3.570898753499472,9442760.91987227,31886689.838388167,38047.87804878049,9443104.574248804,31887634.02102779,38047.87804878049,9443350.393919542,31887544.54998464,39023.439024390245,9443006.739543011,31886600.36734502,39023.439024390245
9443399.311272439,31888061.376826026,38535.65853658537,3.5884815756995856,9443104.574248804,31887634.02102779,38047.87804878049,9443448.228625337,31888578.20366741,38047.87804878049,9443694.048296075,31888488.732624263,39023.439024390245,9443350.393919542,31887544.54998464,39023.439024390245
9443742.965648973,31889005.559465647,38535.65853658537,4.355055041869484,9443448.228625337,31888578.20366741,38047.87804878049,9443791.88300187,31889522.386307027,38047.87804878049,9444037.702672608,31889432.915263884,39023.439024390245,9443694.048296075,31888488.732624263,39023.439024390245
9444086.620025504,31889949.742105264,38535.65853658537,6.207365769359805,9443791.88300187,31889522.386307027,38047.87804878049,9444135.5373784,31890466.56894665,38047.87804878049,9444381.357049141,31890377.097903505,39023.439024390245,9444037.702672608,31889432.915263884,39023.439024390245
9444430.274402037,31890893.924744885,38535.65853658537,6.556290494317532,9444135.5373784,31890466.56894665,38047.87804878049,9444479.191754933,31891410.75158627,38047.87804878049,9444725.011425674,31891321.280543122,39023.439024390245,9444381.357049141,31890377.097903505,39023.439024390245
9444773.92877857,31891838.10738451,38535.65853658537,5.71875277225738,9444479.191754933,31891410.75158627,38047.87804878049,9444822.846131466,31892354.934225887,38047.87804878049,9445068.665802207,31892265.463182744,39023.439024390245,9444725.011425674,31891321.280543122,39023.439024390245
9445117.583155101,31892782.290024128,38535.65853658537,4.945540635443219,9444822.846131466,31892354.934225887,38047.87804878049,9445166.500508,31893299.11686551,38047.87804878049,9445412.32017874,31893209.645822365,39023.439024390245,9445068.665802207,31892265.463182744,39023.439024390245
9445461.237531636,31893726.472663745,38535.65853658537,4.5374216302209,9445166.500508,31893299.11686551,38047.87804878049,9445510.154884532,31894243.29950513,38047.87804878049,9445755.97455527,31894153.828461982,39023.439024390245,9445412.32017874,31893209.645822365,39023.439024390245
9445804.891908167,31894670.655303366,38535.65853658537,4.502626128846627,9445510.154884532,31894243.29950513,38047.87804878049,9445853.809261065,31895187.48214475,38047.87804878049,9446099.628931804,31895098.011101604,39023.439024390245,9445755.97455527,31894153.828461982,39023.439024390245
9446148.546284702,31895614.837942988,38535.65853658537,3.9877721670051116,9445853.809261065,31895187.48214475,38047.87804878049,9446197.463637598,31896131.66478437,38047.87804878049,9446443.283308337,31896042.193741225,39023.439024390245,9446099.628931804,31895098.011101604,39023.439024390245
9446492.200661233,31896559.020582605,38535.65853658537,4.966443698375624,9446197.463637598,31896131.66478437,38047.87804878049,9446541.118014129,31897075.84742399,38047.87804878049,9446786.937684868,31896986.376380842,39023.439024390245,9446443.283308337,31896042.193741225,39023.439024390245
9446835.855037766,31897503.203222226,38535.65853658537,6.3982120224515375,9446541.118014129,31897075.84742399,38047.87804878049,9446884.772390662,31898020.03006361,38047.87804878049,9447130.5920614,31897930.559020463,39023.439024390245,9446786.937684868,31896986.376380842,39023.439024390245
9447179.509414298,31898447.385861848,38535.65853658537,8.194817875260716,9446884.772390662,31898020.03006361,38047.87804878049,9447228.426767195,31898964.21270323,38047.87804878049,9447474.246437933,31898874.741660085,39023.439024390245,9447130.5920614,31897930.559020463,39023.439024390245
9447523.16379083,31899391.568501465,38535.65853658537,8.062934850141906,9447228.426767195,31898964.21270323,38047.87804878049,9447572.081143728,31899908.39534285,38047.87804878049,9447817.900814466,31899818.924299702,39023.439024390245,9447474.246437933,31898874.741660085,39023.439024390245
9447866.818167364,31900335.751141086,38535.65853658537,8.392412811130555,9447572.081143728,31899908.39534285,38047.87804878049,9447915.73552026,31900852.57798247,38047.87804878049,9448161.555190997,31900763.106939323,39023.439024390245,9447817.900814466,31899818.924299702,39023.439024390245
9422338.559598157,31829432.582126435,39511.21951219512,5.981913194393206,9422043.822574522,31829005.226328198,39023.439024390245,9422387.476951055,31829949.40896782,39023.439024390245,9422633.296621794,31829859.937924672,39999.0,9422289.642245261,31828915.75528505,39999.0
9422682.21397469,31830376.764766056,39511.21951219512,5.825865389871302,9422387.476951055,31829949.40896782,39023.439024390245,9422731.131327588,31830893.591607437,39023.439024390245,9422976.950998327,31830804.12056429,39999.0,9422633.296621794,31829859.937924672,39999.0
9423025.868351221,31831320.947405674,39511.21951219512,5.9449319301968915,9422731.131327588,31830893.591607437,39023.439024390245,9423074.785704121,31831837.774247058,39023.439024390245,9423320.60537486,31831748.303203914,39999.0,9422976.950998327,31830804.12056429,39999.0
9423369.522727756,31832265.130045295,39511.21951219512,5.104439283637405,9423074.785704121,31831837.774247058,39023.439024390245,9423418.440080654,31832781.95688668,39023.439024390245,9423664.25975139,31832692.485843536,39999.0,9423320.60537486,31831748.303203914,39999.0
9423713.177104287,31833209.312684912,39511.21951219512,5.695748922471544,9423418.440080654,31832781.95688668,39023.439024390245,9423762.094457187,31833726.139526296,39023.439024390245,9424007.914127924,31833636.668483153,39999.0,9423664.25975139,31832692.485843536,39999.0
9424056.831480822,31834153.495324537,39511.21951219512,6.233834488400781,9423762.094457187,31833726.139526296,39023.439024390245,9424105.74883372,31834670.322165918,39023.439024390245,9424351.568504456,31834580.851122774,39999.0,9424007.914127924,31833636.668483153,39999.0
9424400.485857353,31835097.67796416,39511.21951219512,6.683901689074554,9424105.74883372,31834670.322165918,39023.439024390245,9424449.40321025,31835614.50480554,39023.439024390245,9424695.22288099,31835525.033762395,39999.0,9424351.568504456,31834580.851122774,39999.0
9424744.140233885,31836041.860603776,39511.21951219512,6.4158183595900065,9424449.40321025,31835614.50480554,39023.439024390245,9424793.057586784,31836558.68744516,39023.439024390245,9425038.877257522,31836469.216402013,39999.0,9424695.22288099,31835525.033762395,39999.0
9425087.794610418,31836986.043243397,39511.21951219512,7.53790993480113,9424793.057586784,31836558.68744516,39023.439024390245,9425136.711963316,31837502.87008478,39023.439024390245,9425382.531634055,31837413.399041634,39999.0,9425038.877257522,31836469.216402013,39999.0
9425431.44898695,31837930.22588302,39511.21951219512,7.666808461658906,9425136.711963316,31837502.87008478,39023.439024390245,9425480.36633985,31838447.052724402,39023.439024390245,9425726.186010588,31838357.58168125,39999.0,9425382.531634055,31837413.399041634,39999.0
9425775.103363484,31838874.408522636,39511.21951219512,7.0966729147845,9425480.36633985,31838447.052724402,39023.439024390245,9425824.020716382,31839391.23536402,39023.439024390245,9426069.840387119,31839301.764320873,39999.0,9425726.186010588,31838357.58168125,39999.0
9426118.757740015,31839818.591162257,39511.21951219512,6.853041185767604,9425824.020716382,31839391.23536402,39023.439024390245,9426167.675092913,31840335.418003637,39023.439024390245,9426413.494763652,31840245.94696049,39999.0,9426069.840387119,31839301.764320873,39999.0
9426462.412116546,31840762.773801874,39511.21951219512,7.292604176583335,9426167.675092913,31840335.418003637,39023.439024390245,9426511.329469446,31841279.60064326,39023.439024390245,9426757.149140185,31841190.12960011,39999.0,9426413.494763652,31840245.94696049,39999.0
9426806.06649308,31841706.956441496,39511.21951219512,6.477771403248757,9426511.329469446,31841279.60064326,39023.439024390245,9426854.983845979,31842223.78328288,39023.439024390245,9427100.803516718,31842134.312239733,39999.0,9426757.149140185,31841190.12960011,39999.0
9427149.720869612,31842651.139081113,39511.21951219512,5.820939174518098,9426854.983845979,31842223.78328288,39023.439024390245,9427198.638222512,31843167.965922497,39023.439024390245,9427444.457893249,31843078.49487935,39999.0,9427100.803516718,31842134.312239733,39999.0
9427493.375246147,31843595.321720734,39511.21951219512,4.016895702916909,9427198.638222512,31843167.965922497,39023.439024390245,9427542.292599045,31844112.14856212,39023.439024390245,9427788.112269782,31844022.67751897,39999.0,9427444.457893249,31843078.49487935,39999.0
9427837.029622678,31844539.504360355,39511.21951219512,3.7287581670335412,9427542.292599045,31844112.14856212,39023.439024390245,9427885.946975578,31845056.33120174,39023.439024390245,9428131.766646314,31844966.860158596,39999.0,9427788.112269782,31844022.67751897,39999.0
9428180.68399921,31845483.686999973,39511.21951219512,3.922627031090509,9427885.946975578,31845056.33120174,39023.439024390245,9428229.601352109,31846000.513841357,39023.439024390245,9428475.421022847,31845911.042798214,39999.0,9428131.766646314,31844966.860158596,39999.0
9428524.338375743,31846427.869639594,39511.21951219512,3.8638386439534553,9428229.601352109,31846000.513841357,39023.439024390245,9428573.255728642,31846944.69648098,39023.439024390245,9428819.07539938,31846855.225437835,39999.0,9428475.421022847,31845911.042798214,39999.0
9428867.992752274,31847372.05227922,39511.21951219512,3.11289484966915,9428573.255728642,31846944.69648098,39023.439024390245,9428916.910105174,31847888.8791206,39023.439024390245,9429162.729775913,31847799.408077456,39999.0,9428819.07539938,31846855.225437835,39999.0
9429211.64712881,31848316.23491884,39511.21951219512,2.24955911720414,9428916.910105174,31847888.8791206,39023.439024390245,9429260.564481707,31848833.061760217,39023.439024390245,9429506.384152446,31848743.590717074,39999.0,9429162.729775913,31847799.408077456,39999.0
9429555.30150534,31849260.417558458,39511.21951219512,2.423548902869306,9429260.564481707,31848833.061760217,39023.439024390245,9429604.21885824,31849777.244399842,39023.439024390245,9429850.038528977,31849687.773356695,39999.0,9429506.384152446,31848743.590717074,39999.0
9429898.955881875,31850204.60019808,39511.21951219512,2.255390894683766,9429604.21885824,31849777.244399842,39023.439024390245,9429947.873234773,31850721.427039463,39023.439024390245,9430193.69290551,31850631.955996312,39999.0,9429850.038528977,31849687.773356695,39999.0
9430242.610258406,31851148.7828377,39511.21951219512,2.4105582482429977,9429947.873234773,31850721.427039463,39023.439024390245,9430291.527611306,31851665.60967908,39023.439024390245,9430537.347282043,31851576.138635933,39999.0,9430193.69290551,31850631.955996312,39999.0
9430586.264634939,31852092.965477318,39511.21951219512,2.811108557324639,9430291.527611306,31851665.60967908,39023.439024390245,9430635.181987837,31852609.7923187,39023.439024390245,9430881.001658576,31852520.321275555,39999.0,9430537.347282043,31851576.138635933,39999.0
9430929.919011472,31853037.148116935,39511.21951219512,3.367492807002138,9430635.181987837,31852609.7923187,39023.439024390245,9430978.83636437,31853553.97495832,39023.439024390245,9431224.656035108,31853464.503915172,39999.0,9430881.001658576,31852520.321275555,39999.0
9431273.573388003,31853981.330756556,39511.21951219512,3.17377391339381,9430978.83636437,31853553.97495832,39023.439024390245,9431322.490740903,31854498.15759794,39023.439024390245,9431568.310411641,31854408.686554793,39999.0,9431224.656035108,31853464.503915172,39999.0
9431617.227764538,31854925.513396177,39511.21951219512,2.8599289356046738,9431322.490740903,31854498.15759794,39023.439024390245,9431666.145117436,31855442.34023756,39023.439024390245,9431911.964788174,31855352.869194414,39999.0,9431568.310411641,31854408.686554793,39999.0
9431960.882141069,31855869.696035795,39511.21951219512,2.561163467069236,9431666.145117436,31855442.34023756,39023.439024390245,9432009.799493968,31856386.52287718,39023.439024390245,9432255.619164705,31856297.051834032,39999.0,9431911.964788174,31855352.869194414,39999.0
9432304.536517603,31856813.878675416,39511.21951219512,2.5011139709784667,9432009.799493968,31856386.52287718,39023.439024390245,9432353.453870501,31857330.7055168,39023.439024390245,9432599.273541238,31857241.234473653,39999.0,9432255.619164705,31856297.051834032,39999.0
9432648.190894134,31857758.061315037,39511.21951219512,2.237475556429263,9432353.453870501,31857330.7055168,39023.439024390245,9432697.108247034,31858274.88815642,39023.439024390245,9432942.927917771,31858185.417113278,39999.0,9432599.273541238,31857241.234473653,39999.0
9432991.845270667,31858702.243954655,39511.21951219512,2.3403825259681077,9432697.108247034,31858274.88815642,39023.439024390245,9433040.762623565,31859219.07079604,39023.439024390245,9433286.582294304,31859129.599752896,39999.0,9432942.927917771,31858185.417113278,39999.0
9433335.4996472,31859646.426594276,39511.21951219512,3.590514723009145,9433040.762623565,31859219.07079604,39023.439024390245,9433384.417000098,31860163.25343566,39023.439024390245,9433630.236670837,31860073.782392517,39999.0,9433286.582294304,31859129.599752896,39999.0
9433679.154023731,31860590.6092339,39511.21951219512,4.1734431414652695,9433384.417000098,31860163.25343566,39023.439024390245,9433728.071376631,31861107.43607528,39023.439024390245,9433973.89104737,31861017.965032138,39999.0,9433630.236670837,31860073.782392517,39999.0
9434022.808400266,31861534.791873522,39511.21951219512,4.07305205258571,9433728.071376631,31861107.43607528,39023.439024390245,9434071.725753164,31862051.6187149,39023.439024390245,9434317.5454239,31861962.147671755,39999.0,9433973.89104737,31861017.965032138,39999.0
9434366.462776797,31862478.974513136,39511.21951219512,3.693618330790382,9434071.725753164,31862051.6187149,39023.439024390245,9434415.380129697,31862995.80135452,39023.439024390245,9434661.199800434,31862906.330311373,39999.0,9434317.5454239,31861962.147671755,39999.0
9434710.117153332,31863423.157152757,39511.21951219512,3.3363529041283093,9434415.380129697,31862995.80135452,39023.439024390245,9434759.034506228,31863939.98399414,39023.439024390245,9435004.854176966,31863850.512950994,39999.0,9434661.199800434,31862906.330311373,39999.0
9435053.771529863,31864367.33979238,39511.21951219512,2.349632972307242,9434759.034506228,31863939.98399414,39023.439024390245,9435102.68888276,31864884.166633762,39023.439024390245,9435348.5085535,31864794.695590615,39999.0,9435004.854176966,31863850.512950994,39999.0
9435397.425906396,31865311.522431996,39511.21951219512,2.232211561519214,9435102.68888276,31864884.166633762,39023.439024390245,9435446.343259294,31865828.34927338,39023.439024390245,9435692.162930032,31865738.878230233,39999.0,9435348.5085535,31864794.695590615,39999.0
9435741.080282928,31866255.705071617,39511.21951219512,2.020882707657462,9435446.343259294,31865828.34927338,39023.439024390245,9435789.997635826,31866772.531913,39023.439024390245,9436035.817306565,31866683.060869854,39999.0,9435692.162930032,31865738.878230233,39999.0
9436084.73465946,31867199.887711238,39511.21951219512,1.8974410897201104,9435789.997635826,31866772.531913,39023.439024390245,9436133.65201236,31867716.714552622,39023.439024390245,9436379.471683096,31867627.243509475,39999.0,9436035.817306565,31866683.060869854,39999.0
9436428.389035994,31868144.07035086,39511.21951219512,1.94646964448815,9436133.65201236,31867716.714552622,39023.439024390245,9436477.306388892,31868660.89719224,39023.439024390245,9436723.126059629,31868571.426149093,39999.0,9436379.471683096,31867627.243509475,39999.0
9436772.043412525,31869088.252990477,39511.21951219512,1.7604820340321803,9436477.306388892,31868660.89719224,39023.439024390245,9436820.960765425,31869605.07983186,39023.439024390245,9437066.780436162,31869515.608788714,39999.0,9436723.126059629,31868571.426149093,39999.0
9437115.69778906,31870032.435630098,39511.21951219512,2.677179855782819,9436820.960765425,31869605.07983186,39023.439024390245,9437164.615141956,31870549.262471482,39023.439024390245,9437410.434812695,31870459.791428335,39999.0,9437066.780436162,31869515.608788714,39999.0
9437459.352165591,31870976.61826972,39511.21951219512,2.170890754317729,9437164.615141956,31870549.262471482,39023.439024390245,9437508.269518489,31871493.4451111,39023.439024390245,9437754.089189228,31871403.974067956,39999.0,9437410.434812695,31870459.791428335,39999.0
9437803.006542124,31871920.800909337,39511.21951219512,2.2494501132430273,9437508.269518489,31871493.4451111,39023.439024390245,9437851.923895022,31872437.62775072,39023.439024390245,9438097.74356576,31872348.156707577,39999.0,9437754.089189228,31871403.974067956,39999.0
9438146.660918657,31872864.983548958,39511.21951219512,3.3852428471612614,9437851.923895022,31872437.62775072,39023.439024390245,9438195.578271555,31873381.810390342,39023.439024390245,9438441.397942293,31873292.3393472,39999.0,9438097.74356576,31872348.156707577,39999.0
9438490.315295188,31873809.16618858,39511.21951219512,3.664897497878447,9438195.578271555,31873381.810390342,39023.439024390245,9438539.232648088,31874325.99302996,39023.439024390245,9438785.052318824,31874236.521986816,39999.0,9438441.397942293,31873292.3393472,39999.0
9438833.969671723,31874753.3488282,39511.21951219512,3.1460453441907696,9438539.232648088,31874325.99302996,39023.439024390245,9438882.88702462,31875270.17566958,39023.439024390245,9439128.706695357,31875180.704626437,39999.0,9438785.052318824,31874236.521986816,39999.0
9439177.624048254,31875697.53146782,39511.21951219512,2.532926291279061,9438882.88702462,31875270.17566958,39023.439024390245,9439226.541401152,31876214.358309206,39023.439024390245,9439472.36107189,31876124.88726606,39999.0,9439128.706695357,31875180.704626437,39999.0
9439521.278424785,31876641.71410744,39511.21951219512,3.1455546886222265,9439226.541401152,31876214.358309206,39023.439024390245,9439570.195777684,31877158.540948823,39023.439024390245,9439816.015448423,31877069.069905676,39999.0,9439472.36107189,31876124.88726606,39999.0
9439864.93280132,31877585.89674706,39511.21951219512,2.636201545645189,9439570.195777684,31877158.540948823,39023.439024390245,9439913.850154217,31878102.723588444,39023.439024390245,9440159.669824956,31878013.252545297,39999.0,9439816.015448423,31877069.069905676,39999.0
9440208.587177852,31878530.07938668,39511.21951219512,2.2336787561569174,9439913.850154217,31878102.723588444,39023.439024390245,9440257.50453075,31879046.906228065,39023.439024390245,9440503.324201489,31878957.435184915,39999.0,9440159.669824956,31878013.252545297,39999.0
9440552.241554385,31879474.2620263,39511.21951219512,1.7799188003821738,9440257.50453075,31879046.906228065,39023.439024390245,9440601.158907283,31879991.088867683,39023.439024390245,9440846.97857802,31879901.617824536,39999.0,9440503.324201489,31878957.435184915,39999.0
9440895.895930916,31880418.44466592,39511.21951219512,1.7884229361986759,9440601.158907283,31879991.088867683,39023.439024390245,9440944.813283816,31880935.271507304,39023.439024390245,9441190.632954553,31880845.800464157,39999.0,9440846.97857802,31879901.617824536,39999.0
9441239.55030745,31881362.62730554,39511.21951219512,1.7695622671321152,9440944.813283816,31880935.271507304,39023.439024390245,9441288.467660349,31881879.45414692,39023.439024390245,9441534.287331086,31881789.983103774,39999.0,9441190.632954553,31880845.800464157,39999.0
9441583.204683982,31882306.80994516,39511.21951219512,1.9625907700233445,9441288.467660349,31881879.45414692,39023.439024390245,9441632.12203688,31882823.636786543,39023.439024390245,9441877.941707619,31882734.165743396,39999.0,9441534.287331086,31881789.983103774,39999.0
9441926.859060513,31883250.99258478,39511.21951219512,2.8163387087411653,9441632.12203688,31882823.636786543,39023.439024390245,9441975.776413413,31883767.819426164,39023.439024390245,9442221.596084151,31883678.348383017,39999.0,9441877.941707619,31882734.165743396,39999.0
9442270.513437048,31884195.175224397,39511.21951219512,3.3714678719553715,9441975.776413413,31883767.819426164,39023.439024390245,9442319.430789946,31884712.00206578,39023.439024390245,9442565.250460682,31884622.531022638,39999.0,9442221.596084151,31883678.348383017,39999.0
9442614.167813579,31885139.35786402,39511.21951219512,2.8171913149869137,9442319.430789946,31884712.00206578,39023.439024390245,9442663.085166479,31885656.184705403,39023.439024390245,9442908.904837215,31885566.71366226,39999.0,9442565.250460682,31884622.531022638,39999.0
9442957.822190113,31886083.540503636,39511.21951219512,2.0447457148853423,9442663.085166479,31885656.184705403,39023.439024390245,9443006.739543011,31886600.36734502,39023.439024390245,9443252.559213748,31886510.896301877,39999.0,9442908.904837215,31885566.71366226,39999.0
9443301.476566644,31887027.72314326,39511.21951219512,2.7450691611177693,9443006.739543011,31886600.36734502,39023.439024390245,9443350.393919542,31887544.54998464,39023.439024390245,9443596.213590281,31887455.078941498,39999.0,9443252.559213748,31886510.896301877,39999.0
9443645.130943177,31887971.905782882,39511.21951219512,3.215391521670499,9443350.393919542,31887544.54998464,39023.439024390245,9443694.048296075,31888488.732624263,39023.439024390245,9443939.867966814,31888399.261581115,39999.0,9443596.213590281,31887455.078941498,39999.0
9443988.78531971,31888916.0884225,39511.21951219512,3.9689483254750373,9443694.048296075,31888488.732624263,39023.439024390245,9444037.702672608,31889432.915263884,39023.439024390245,9444283.522343347,31889343.444220737,39999.0,9443939.867966814,31888399.261581115,39999.0
9444332.439696241,31889860.27106212,39511.21951219512,3.651433120944972,9444037.702672608,31889432.915263884,39023.439024390245,9444381.357049141,31890377.097903505,39023.439024390245,9444627.17671988,31890287.626860358,39999.0,9444283.522343347,31889343.444220737,39999.0
9444676.094072776,31890804.453701742,39511.21951219512,2.9301857058357124,9444381.357049141,31890377.097903505,39023.439024390245,9444725.011425674,31891321.280543122,39023.439024390245,9444970.83109641,31891231.809499975,39999.0,9444627.17671988,31890287.626860358,39999.0
9445019.748449307,31891748.63634136,39511.21951219512,2.8373602293127806,9444725.011425674,31891321.280543122,39023.439024390245,9445068.665802207,31892265.463182744,39023.439024390245,9445314.485472944,31892175.992139596,39999.0,9444970.83109641,31891231.809499975,39999.0
9445363.402825842,31892692.81898098,39511.21951219512,3.3045165231394678,9445068.665802207,31892265.463182744,39023.439024390245,9445412.32017874,31893209.645822365,39023.439024390245,9445658.139849477,31893120.174779218,39999.0,9445314.485472944,31892175.992139596,39999.0
9445707.057202373,31893637.0016206,39511.21951219512,3.928123376583347,9445412.32017874,31893209.645822365,39023.439024390245,9445755.97455527,31894153.828461982,39023.439024390245,9446001.79422601,31894064.357418835,39999.0,9445658.139849477,31893120.174779218,39999.0
9446050.711578906,31894581.18426022,39511.21951219512,4.845994676011934,9445755.97455527,31894153.828461982,39023.439024390245,9446099.628931804,31895098.011101604,39023.439024390245,9446345.448602542,31895008.540058456,39999.0,9446001.79422601,31894064.357418835,39999.0
9446394.365955438,31895525.36689984,39511.21951219512,5.463954748491135,9446099.628931804,31895098.011101604,39023.439024390245,9446443.283308337,31896042.193741225,39023.439024390245,9446689.102979075,31895952.722698078,39999.0,9446345.448602542,31895008.540058456,39999.0
9446738.02033197,31896469.549539458,39511.21951219512,5.161218288789677,9446443.283308337,31896042.193741225,39023.439024390245,9446786.937684868,31896986.376380842,39023.439024390245,9447032.757355608,31896896.905337695,39999.0,9446689.102979075,31895952.722698078,39999.0
9447081.674708504,31897413.73217908,39511.21951219512,7.153319850141687,9446786.937684868,31896986.376380842,39023.439024390245,9447130.5920614,31897930.559020463,39023.439024390245,9447376.411732139,31897841.08797732,39999.0,9447032.757355608,31896896.905337695,39999.0
9447425.329085035,31898357.9148187,39511.21951219512,8.591106325338904,9447130.5920614,31897930.559020463,39023.439024390245,9447474.246437933,31898874.741660085,39023.439024390245,9447720.066108672,31898785.27061694,39999.0,9447376.411732139,31897841.08797732,39999.0
9447768.98346157,31899302.097458318,39511.21951219512,8.709100548478592,9447474.246437933,31898874.741660085,39023.439024390245,9447817.900814466,31899818.924299702,39023.439024390245,9448063.720485205,31899729.45325656,39999.0,9447720.066108672,31898785.27061694,39999.0
9448112.637838101,31900246.280097943,39511.21951219512,7.703529433728857,9447817.900814466,31899818.924299702,39023.439024390245,9448161.555190997,31900763.106939323,39023.439024390245,9448407.374861738,31900673.63589618,39999.0,9448063.720485205,31899729.45325656,39999.0
