clon,clat,cdep,slip,lon1,lat1,dep1,lon2,lat2,dep2,lon3,lat3,dep3,lon4,lat4,dep4
9415658.751380382,31851365.24005973,485.7876138057897,1.6321339496702725,9415327.194003424,31850961.88406242,1.0,9415754.619026907,31851878.499983285,1.0,9415990.30875734,31851768.59605704,970.5752276115794,9415562.883733856,31850851.98013617,970.5752276115794
9416086.176403867,31852281.855980597,485.7876138057897,0.9158773527028029,9415754.619026907,31851878.499983285,1.0,9416182.044050394,31852795.115904152,1.0,9416417.733780827,31852685.2119779,970.5752276115794,9415990.30875734,31851768.59605704,970.5752276115794
9416513.601427354,31853198.471901454,485.7876138057897,2.344618440655011,9416182.044050394,31852795.115904152,1.0,9416609.469073879,31853711.731825013,1.0,9416845.158804312,31853601.827898763,970.5752276115794,9416417.733780827,31852685.2119779,970.5752276115794
9416941.026450837,31854115.087822318,485.7876138057897,4.899274989088126,9416609.469073879,31853711.731825013,1.0,9417036.894097364,31854628.347745877,1.0,9417272.583827797,31854518.443819627,970.5752276115794,9416845.158804312,31853601.827898763,970.5752276115794
9417368.451474324,31855031.70374319,485.7876138057897,8.225371282613862,9417036.894097364,31854628.347745877,1.0,9417464.31912085,31855544.96366674,1.0,9417700.008851282,31855435.05974049,970.5752276115794,9417272.583827797,31854518.443819627,970.5752276115794
9417795.87649781,31855948.319664046,485.7876138057897,7.227654712026134,9417464.31912085,31855544.96366674,1.0,9417891.744144335,31856461.579587605,1.0,9418127.433874767,31856351.67566136,970.5752276115794,9417700.008851282,31855435.05974049,970.5752276115794
9418223.301521296,31856864.935584914,485.7876138057897,4.878079825623638,9417891.744144335,31856461.579587605,1.0,9418319.169167822,31857378.19550847,1.0,9418554.858898254,31857268.29158222,970.5752276115794,9418127.433874767,31856351.67566136,970.5752276115794
9418650.726544783,31857781.551505774,485.7876138057897,4.262994064516348,9418319.169167822,31857378.19550847,1.0,9418746.594191307,31858294.811429333,1.0,9418982.28392174,31858184.907503083,970.5752276115794,9418554.858898254,31857268.29158222,970.5752276115794
9419078.151568266,31858698.16742664,485.7876138057897,5.218024707602743,9418746.594191307,31858294.811429333,1.0,9419174.019214794,31859211.427350197,1.0,9419409.708945226,31859101.52342395,970.5752276115794,9418982.28392174,31858184.907503083,970.5752276115794
9419505.576591752,31859614.783347506,485.7876138057897,5.136667820097192,9419174.019214794,31859211.427350197,1.0,9419601.444238279,31860128.04327106,1.0,9419837.13396871,31860018.13934481,970.5752276115794,9419409.708945226,31859101.52342395,970.5752276115794
9419933.001615237,31860531.39926837,485.7876138057897,6.2584993246476746,9419601.444238279,31860128.04327106,1.0,9420028.869261764,31861044.659191925,1.0,9420264.558992196,31860934.75526567,970.5752276115794,9419837.13396871,31860018.13934481,970.5752276115794
9420360.426638722,31861448.01518923,485.7876138057897,4.979901255844986,9420028.869261764,31861044.659191925,1.0,9420456.294285249,31861961.275112785,1.0,9420691.984015683,31861851.37118654,970.5752276115794,9420264.558992196,31860934.75526567,970.5752276115794
9420787.85166221,31862364.6311101,485.7876138057897,3.7430197971878907,9420456.294285249,31861961.275112785,1.0,9420883.719308734,31862877.891033653,1.0,9421119.409039168,31862767.987107404,970.5752276115794,9420691.984015683,31861851.37118654,970.5752276115794
9421215.276685694,31863281.24703096,485.7876138057897,4.07648297828749,9420883.719308734,31862877.891033653,1.0,9421311.14433222,31863794.506954517,1.0,9421546.834062655,31863684.603028264,970.5752276115794,9421119.409039168,31862767.987107404,970.5752276115794
9421642.701709181,31864197.862951823,485.7876138057897,6.2948925016443065,9421311.14433222,31863794.506954517,1.0,9421738.569355706,31864711.122875378,1.0,9421974.25908614,31864601.21894913,970.5752276115794,9421546.834062655,31863684.603028264,970.5752276115794
9422070.126732666,31865114.47887269,485.7876138057897,3.6928135621408735,9421738.569355706,31864711.122875378,1.0,9422165.994379193,31865627.738796245,1.0,9422401.684109626,31865517.834869996,970.5752276115794,9421974.25908614,31864601.21894913,970.5752276115794
9422497.551756151,31866031.09479355,485.7876138057897,4.216295600793011,9422165.994379193,31865627.738796245,1.0,9422593.419402678,31866544.354717106,1.0,9422829.10913311,31866434.450790856,970.5752276115794,9422401.684109626,31865517.834869996,970.5752276115794
9422924.976779638,31866947.710714415,485.7876138057897,5.524314833721586,9422593.419402678,31866544.354717106,1.0,9423020.844426163,31867460.97063797,1.0,9423256.534156594,31867351.066711724,970.5752276115794,9422829.10913311,31866434.450790856,970.5752276115794
9423352.401803123,31867864.326635282,485.7876138057897,3.4811446968180206,9423020.844426163,31867460.97063797,1.0,9423448.26944965,31868377.586558837,1.0,9423683.959180081,31868267.682632584,970.5752276115794,9423256.534156594,31867351.066711724,970.5752276115794
9423779.82682661,31868780.94255614,485.7876138057897,2.6930392738163937,9423448.26944965,31868377.586558837,1.0,9423875.694473134,31869294.202479698,1.0,9424111.384203566,31869184.29855345,970.5752276115794,9423683.959180081,31868267.682632584,970.5752276115794
9424207.251850093,31869697.558477003,485.7876138057897,2.28547640729695,9423875.694473134,31869294.202479698,1.0,9424303.119496621,31870210.81840056,1.0,9424538.809227053,31870100.914474316,970.5752276115794,9424111.384203566,31869184.29855345,970.5752276115794
9424634.676873578,31870614.174397875,485.7876138057897,1.558008177086555,9424303.119496621,31870210.81840056,1.0,9424730.544520106,31871127.43432143,1.0,9424966.234250538,31871017.530395176,970.5752276115794,9424538.809227053,31870100.914474316,970.5752276115794
9425062.101897065,31871530.79031873,485.7876138057897,2.1139658316735437,9424730.544520106,31871127.43432143,1.0,9425157.969543593,31872044.05024229,1.0,9425393.659274025,31871934.14631604,970.5752276115794,9424966.234250538,31871017.530395176,970.5752276115794
9425489.526920551,31872447.4062396,485.7876138057897,1.8907990459690192,9425157.969543593,31872044.05024229,1.0,9425585.394567076,31872960.666163154,1.0,9425821.08429751,31872850.762236904,970.5752276115794,9425393.659274025,31871934.14631604,970.5752276115794
9425916.951944036,31873364.02216046,485.7876138057897,1.9534332611964185,9425585.394567076,31872960.666163154,1.0,9426012.819590561,31873877.282084018,1.0,9426248.509320995,31873767.37815777,970.5752276115794,9425821.08429751,31872850.762236904,970.5752276115794
9426344.376967521,31874280.638081323,485.7876138057897,2.17871692828172,9426012.819590561,31873877.282084018,1.0,9426440.244614048,31874793.898004882,1.0,9426675.934344482,31874683.994078632,970.5752276115794,9426248.509320995,31873767.37815777,970.5752276115794
9426771.801991006,31875197.254002187,485.7876138057897,3.424327354501924,9426440.244614048,31874793.898004882,1.0,9426867.669637533,31875710.513925746,1.0,9427103.359367967,31875600.609999496,970.5752276115794,9426675.934344482,31874683.994078632,970.5752276115794
9427199.227014493,31876113.86992306,485.7876138057897,3.4532742991379397,9426867.669637533,31875710.513925746,1.0,9427295.09466102,31876627.12984661,1.0,9427530.784391452,31876517.22592036,970.5752276115794,9427103.359367967,31875600.609999496,970.5752276115794
9427626.65203798,31877030.485843915,485.7876138057897,2.6536560160824054,9427295.09466102,31876627.12984661,1.0,9427722.519684505,31877543.745767474,1.0,9427958.209414937,31877433.841841225,970.5752276115794,9427530.784391452,31876517.22592036,970.5752276115794
9428054.077061465,31877947.101764783,485.7876138057897,4.031474163977686,9427722.519684505,31877543.745767474,1.0,9428149.944707992,31878460.36168834,1.0,9428385.634438423,31878350.45776209,970.5752276115794,9427958.209414937,31877433.841841225,970.5752276115794
9428481.502084952,31878863.717685644,485.7876138057897,3.519190161952101,9428149.944707992,31878460.36168834,1.0,9428577.369731477,31879376.977609202,1.0,9428813.059461908,31879267.07368295,970.5752276115794,9428385.634438423,31878350.45776209,970.5752276115794
9428908.927108433,31879780.333606508,485.7876138057897,2.995341214183182,9428577.369731477,31879376.977609202,1.0,9429004.794754962,31880293.593530063,1.0,9429240.484485393,31880183.689603813,970.5752276115794,9428813.059461908,31879267.07368295,970.5752276115794
9429336.35213192,31880696.94952737,485.7876138057897,3.96356873210996,9429004.794754962,31880293.593530063,1.0,9429432.219778448,31881210.209450927,1.0,9429667.90950888,31881100.30552468,970.5752276115794,9429240.484485393,31880183.689603813,970.5752276115794
9429763.777155407,31881613.565448236,485.7876138057897,3.7940069431001313,9429432.219778448,31881210.209450927,1.0,9429859.644801933,31882126.825371794,1.0,9430095.334532365,31882016.92144554,970.5752276115794,9429667.90950888,31881100.30552468,970.5752276115794
9430191.202178892,31882530.1813691,485.7876138057897,3.301953014357724,9429859.644801933,31882126.825371794,1.0,9430287.069825418,31883043.44129266,1.0,9430522.759555852,31882933.53736641,970.5752276115794,9430095.334532365,31882016.92144554,970.5752276115794
9430618.627202379,31883446.797289964,485.7876138057897,0.981688017616682,9430287.069825418,31883043.44129266,1.0,9430714.494848903,31883960.05721352,1.0,9430950.184579337,31883850.153287273,970.5752276115794,9430522.759555852,31882933.53736641,970.5752276115794
9431046.052225864,31884363.413210828,485.7876138057897,0.2457409792084813,9430714.494848903,31883960.05721352,1.0,9431141.919872388,31884876.673134383,1.0,9431377.609602824,31884766.769208133,970.5752276115794,9430950.184579337,31883850.153287273,970.5752276115794
9431473.47724935,31885280.02913169,485.7876138057897,0.054442437840909574,9431141.919872388,31884876.673134383,1.0,9431569.344895875,31885793.289055247,1.0,9431805.034626309,31885683.385129,970.5752276115794,9431377.609602824,31884766.769208133,970.5752276115794
9431900.902272835,31886196.64505256,485.7876138057897,0.031004099986073567,9431569.344895875,31885793.289055247,1.0,9431996.76991936,31886709.90497611,1.0,9432232.459649794,31886600.00104986,970.5752276115794,9431805.034626309,31885683.385129,970.5752276115794
9432328.32729632,31887113.260973416,485.7876138057897,0.007797630355486226,9431996.76991936,31886709.90497611,1.0,9432424.194942847,31887626.520896975,1.0,9432659.884673279,31887516.616970725,970.5752276115794,9432232.459649794,31886600.00104986,970.5752276115794
9415894.441110818,31851255.33613348,1455.362841417369,1.8824909653103317,9415562.883733856,31850851.98013617,970.5752276115794,9415990.30875734,31851768.59605704,970.5752276115794,9416225.998487776,31851658.692130785,1940.1504552231588,9415798.573464291,31850742.07620992,1940.1504552231588
9416321.8661343,31852171.952054344,1455.362841417369,1.9804077524456287,9415990.30875734,31851768.59605704,970.5752276115794,9416417.733780827,31852685.2119779,970.5752276115794,9416653.423511263,31852575.30805165,1940.1504552231588,9416225.998487776,31851658.692130785,1940.1504552231588
9416749.291157786,31853088.56797521,1455.362841417369,3.1174904078855286,9416417.733780827,31852685.2119779,970.5752276115794,9416845.158804312,31853601.827898763,970.5752276115794,9417080.848534748,31853491.923972514,1940.1504552231588,9416653.423511263,31852575.30805165,1940.1504552231588
9417176.71618127,31854005.183896072,1455.362841417369,5.731723751098879,9416845.158804312,31853601.827898763,970.5752276115794,9417272.583827797,31854518.443819627,970.5752276115794,9417508.273558233,31854408.539893374,1940.1504552231588,9417080.848534748,31853491.923972514,1940.1504552231588
9417604.141204758,31854921.799816933,1455.362841417369,7.119700955211336,9417272.583827797,31854518.443819627,970.5752276115794,9417700.008851282,31855435.05974049,970.5752276115794,9417935.69858172,31855325.15581424,1940.1504552231588,9417508.273558233,31854408.539893374,1940.1504552231588
9418031.566228244,31855838.4157378,1455.362841417369,7.755414890619586,9417700.008851282,31855435.05974049,970.5752276115794,9418127.433874767,31856351.67566136,970.5752276115794,9418363.123605205,31856241.771735106,1940.1504552231588,9417935.69858172,31855325.15581424,1940.1504552231588
9418458.99125173,31856755.031658664,1455.362841417369,5.057594856165128,9418127.433874767,31856351.67566136,970.5752276115794,9418554.858898254,31857268.29158222,970.5752276115794,9418790.548628692,31857158.387655966,1940.1504552231588,9418363.123605205,31856241.771735106,1940.1504552231588
9418886.416275214,31857671.64757952,1455.362841417369,5.902349282885037,9418554.858898254,31857268.29158222,970.5752276115794,9418982.28392174,31858184.907503083,970.5752276115794,9419217.973652177,31858075.003576834,1940.1504552231588,9418790.548628692,31857158.387655966,1940.1504552231588
9419313.8412987,31858588.263500392,1455.362841417369,5.735852155471279,9418982.28392174,31858184.907503083,970.5752276115794,9419409.708945226,31859101.52342395,970.5752276115794,9419645.398675662,31858991.619497698,1940.1504552231588,9419217.973652177,31858075.003576834,1940.1504552231588
9419741.266322186,31859504.879421256,1455.362841417369,6.603370102802984,9419409.708945226,31859101.52342395,970.5752276115794,9419837.13396871,31860018.13934481,970.5752276115794,9420072.823699147,31859908.235418558,1940.1504552231588,9419645.398675662,31858991.619497698,1940.1504552231588
9420168.691345673,31860421.495342113,1455.362841417369,6.167453218155579,9419837.13396871,31860018.13934481,970.5752276115794,9420264.558992196,31860934.75526567,970.5752276115794,9420500.248722631,31860824.851339426,1940.1504552231588,9420072.823699147,31859908.235418558,1940.1504552231588
9420596.116369158,31861338.11126298,1455.362841417369,4.376681033587058,9420264.558992196,31860934.75526567,970.5752276115794,9420691.984015683,31861851.37118654,970.5752276115794,9420927.673746118,31861741.467260286,1940.1504552231588,9420500.248722631,31860824.851339426,1940.1504552231588
9421023.541392643,31862254.72718385,1455.362841417369,3.591655218076805,9420691.984015683,31861851.37118654,970.5752276115794,9421119.409039168,31862767.987107404,970.5752276115794,9421355.098769603,31862658.08318115,1940.1504552231588,9420927.673746118,31861741.467260286,1940.1504552231588
9421450.966416126,31863171.343104705,1455.362841417369,2.127399483598716,9421119.409039168,31862767.987107404,970.5752276115794,9421546.834062655,31863684.603028264,970.5752276115794,9421782.52379309,31863574.699102018,1940.1504552231588,9421355.098769603,31862658.08318115,1940.1504552231588
9421878.391439613,31864087.959025577,1455.362841417369,1.8039308221533845,9421546.834062655,31863684.603028264,970.5752276115794,9421974.25908614,31864601.21894913,970.5752276115794,9422209.948816575,31864491.31502288,1940.1504552231588,9421782.52379309,31863574.699102018,1940.1504552231588
9422305.8164631,31865004.57494644,1455.362841417369,1.8100960526807808,9421974.25908614,31864601.21894913,970.5752276115794,9422401.684109626,31865517.834869996,970.5752276115794,9422637.373840062,31865407.930943742,1940.1504552231588,9422209.948816575,31864491.31502288,1940.1504552231588
9422733.241486585,31865921.190867297,1455.362841417369,2.4104452843908706,9422401.684109626,31865517.834869996,970.5752276115794,9422829.10913311,31866434.450790856,970.5752276115794,9423064.798863547,31866324.546864606,1940.1504552231588,9422637.373840062,31865407.930943742,1940.1504552231588
9423160.666510072,31866837.806788165,1455.362841417369,3.4210267285571594,9422829.10913311,31866434.450790856,970.5752276115794,9423256.534156594,31867351.066711724,970.5752276115794,9423492.223887034,31867241.16278547,1940.1504552231588,9423064.798863547,31866324.546864606,1940.1504552231588
9423588.091533557,31867754.422709033,1455.362841417369,5.30421606392776,9423256.534156594,31867351.066711724,970.5752276115794,9423683.959180081,31868267.682632584,970.5752276115794,9423919.648910519,31868157.778706335,1940.1504552231588,9423492.223887034,31867241.16278547,1940.1504552231588
9424015.516557042,31868671.03862989,1455.362841417369,2.8734005319523233,9423683.959180081,31868267.682632584,970.5752276115794,9424111.384203566,31869184.29855345,970.5752276115794,9424347.073934002,31869074.3946272,1940.1504552231588,9423919.648910519,31868157.778706335,1940.1504552231588
9424442.941580528,31869587.654550757,1455.362841417369,1.6786603292615125,9424111.384203566,31869184.29855345,970.5752276115794,9424538.809227053,31870100.914474316,970.5752276115794,9424774.498957489,31869991.010548063,1940.1504552231588,9424347.073934002,31869074.3946272,1940.1504552231588
9424870.366604013,31870504.270471618,1455.362841417369,1.9522882490140008,9424538.809227053,31870100.914474316,970.5752276115794,9424966.234250538,31871017.530395176,970.5752276115794,9425201.923980974,31870907.626468927,1940.1504552231588,9424774.498957489,31869991.010548063,1940.1504552231588
9425297.7916275,31871420.88639248,1455.362841417369,2.795012336609755,9424966.234250538,31871017.530395176,970.5752276115794,9425393.659274025,31871934.14631604,970.5752276115794,9425629.34900446,31871824.24238979,1940.1504552231588,9425201.923980974,31870907.626468927,1940.1504552231588
9425725.216650985,31872337.50231335,1455.362841417369,3.4867678549804944,9425393.659274025,31871934.14631604,970.5752276115794,9425821.08429751,31872850.762236904,970.5752276115794,9426056.774027945,31872740.85831065,1940.1504552231588,9425629.34900446,31871824.24238979,1940.1504552231588
9426152.64167447,31873254.118234206,1455.362841417369,2.5976014766602837,9425821.08429751,31872850.762236904,970.5752276115794,9426248.509320995,31873767.37815777,970.5752276115794,9426484.199051432,31873657.47423152,1940.1504552231588,9426056.774027945,31872740.85831065,1940.1504552231588
9426580.066697955,31874170.734155074,1455.362841417369,3.3313831430801373,9426248.509320995,31873767.37815777,970.5752276115794,9426675.934344482,31874683.994078632,970.5752276115794,9426911.624074917,31874574.090152383,1940.1504552231588,9426484.199051432,31873657.47423152,1940.1504552231588
9427007.49172144,31875087.35007594,1455.362841417369,3.534349932745792,9426675.934344482,31874683.994078632,970.5752276115794,9427103.359367967,31875600.609999496,970.5752276115794,9427339.049098404,31875490.706073243,1940.1504552231588,9426911.624074917,31874574.090152383,1940.1504552231588
9427434.916744927,31876003.9659968,1455.362841417369,2.820317044461468,9427103.359367967,31875600.609999496,970.5752276115794,9427530.784391452,31876517.22592036,970.5752276115794,9427766.47412189,31876407.32199411,1940.1504552231588,9427339.049098404,31875490.706073243,1940.1504552231588
9427862.341768414,31876920.581917666,1455.362841417369,2.540815856254699,9427530.784391452,31876517.22592036,970.5752276115794,9427958.209414937,31877433.841841225,970.5752276115794,9428193.899145376,31877323.937914975,1940.1504552231588,9427766.47412189,31876407.32199411,1940.1504552231588
9428289.766791899,31877837.197838534,1455.362841417369,2.0392033311611084,9427958.209414937,31877433.841841225,970.5752276115794,9428385.634438423,31878350.45776209,970.5752276115794,9428621.32416886,31878240.553835835,1940.1504552231588,9428193.899145376,31877323.937914975,1940.1504552231588
9428717.191815384,31878753.81375939,1455.362841417369,3.484712592511342,9428385.634438423,31878350.45776209,970.5752276115794,9428813.059461908,31879267.07368295,970.5752276115794,9429048.749192346,31879157.169756703,1940.1504552231588,9428621.32416886,31878240.553835835,1940.1504552231588
9429144.616838869,31879670.42968026,1455.362841417369,2.9886300993866435,9428813.059461908,31879267.07368295,970.5752276115794,9429240.484485393,31880183.689603813,970.5752276115794,9429476.17421583,31880073.785677563,1940.1504552231588,9429048.749192346,31879157.169756703,1940.1504552231588
9429572.041862356,31880587.045601126,1455.362841417369,2.5371497205889173,9429240.484485393,31880183.689603813,970.5752276115794,9429667.90950888,31881100.30552468,970.5752276115794,9429903.599239316,31880990.401598427,1940.1504552231588,9429476.17421583,31880073.785677563,1940.1504552231588
9429999.466885842,31881503.661521982,1455.362841417369,1.9075819745368288,9429667.90950888,31881100.30552468,970.5752276115794,9430095.334532365,31882016.92144554,970.5752276115794,9430331.024262803,31881907.017519295,1940.1504552231588,9429903.599239316,31880990.401598427,1940.1504552231588
9430426.891909327,31882420.27744285,1455.362841417369,1.8991550438856575,9430095.334532365,31882016.92144554,970.5752276115794,9430522.759555852,31882933.53736641,970.5752276115794,9430758.449286288,31882823.633440156,1940.1504552231588,9430331.024262803,31881907.017519295,1940.1504552231588
9430854.316932812,31883336.893363718,1455.362841417369,1.0064161858406726,9430522.759555852,31882933.53736641,970.5752276115794,9430950.184579337,31883850.153287273,970.5752276115794,9431185.874309774,31883740.24936102,1940.1504552231588,9430758.449286288,31882823.633440156,1940.1504552231588
9431281.741956297,31884253.509284575,1455.362841417369,0.7040225512176658,9430950.184579337,31883850.153287273,970.5752276115794,9431377.609602824,31884766.769208133,970.5752276115794,9431613.29933326,31884656.865281884,1940.1504552231588,9431185.874309774,31883740.24936102,1940.1504552231588
9431709.166979782,31885170.125205442,1455.362841417369,0.19248992308375532,9431377.609602824,31884766.769208133,970.5752276115794,9431805.034626309,31885683.385129,970.5752276115794,9432040.724356744,31885573.481202748,1940.1504552231588,9431613.29933326,31884656.865281884,1940.1504552231588
9432136.59200327,31886086.741126303,1455.362841417369,0.1507809633261756,9431805.034626309,31885683.385129,970.5752276115794,9432232.459649794,31886600.00104986,970.5752276115794,9432468.149380231,31886490.09712361,1940.1504552231588,9432040.724356744,31885573.481202748,1940.1504552231588
9432564.017026754,31887003.357047167,1455.362841417369,0.08977019073124763,9432232.459649794,31886600.00104986,970.5752276115794,9432659.884673279,31887516.616970725,970.5752276115794,9432895.574403716,31887406.713044476,1940.1504552231588,9432468.149380231,31886490.09712361,1940.1504552231588
9416130.130841251,31851145.43220723,2424.938069028949,1.6760689588662,9415798.573464291,31850742.07620992,1940.1504552231588,9416225.998487776,31851658.692130785,1940.1504552231588,9416461.688218212,31851548.788204536,2909.7256828347386,9416034.263194729,31850632.172283668,2909.7256828347386
9416557.555864736,31852062.04812809,2424.938069028949,2.6390278266584395,9416225.998487776,31851658.692130785,1940.1504552231588,9416653.423511263,31852575.30805165,1940.1504552231588,9416889.113241699,31852465.4041254,2909.7256828347386,9416461.688218212,31851548.788204536,2909.7256828347386
9416984.980888223,31852978.664048955,2424.938069028949,5.229866374969092,9416653.423511263,31852575.30805165,1940.1504552231588,9417080.848534748,31853491.923972514,1940.1504552231588,9417316.538265184,31853382.02004626,2909.7256828347386,9416889.113241699,31852465.4041254,2909.7256828347386
9417412.40591171,31853895.279969823,2424.938069028949,7.470585887463242,9417080.848534748,31853491.923972514,1940.1504552231588,9417508.273558233,31854408.539893374,1940.1504552231588,9417743.96328867,31854298.635967128,2909.7256828347386,9417316.538265184,31853382.02004626,2909.7256828347386
9417839.830935195,31854811.895890683,2424.938069028949,5.9897109751736295,9417508.273558233,31854408.539893374,1940.1504552231588,9417935.69858172,31855325.15581424,1940.1504552231588,9418171.388312155,31855215.25188799,2909.7256828347386,9417743.96328867,31854298.635967128,2909.7256828347386
9418267.25595868,31855728.511811547,2424.938069028949,5.173050486650613,9417935.69858172,31855325.15581424,1940.1504552231588,9418363.123605205,31856241.771735106,1940.1504552231588,9418598.813335642,31856131.867808852,2909.7256828347386,9418171.388312155,31855215.25188799,2909.7256828347386
9418694.680982165,31856645.127732407,2424.938069028949,4.043413040017547,9418363.123605205,31856241.771735106,1940.1504552231588,9418790.548628692,31857158.387655966,1940.1504552231588,9419026.238359127,31857048.48372972,2909.7256828347386,9418598.813335642,31856131.867808852,2909.7256828347386
9419122.106005652,31857561.743653275,2424.938069028949,5.0885445721126,9418790.548628692,31857158.387655966,1940.1504552231588,9419217.973652177,31858075.003576834,1940.1504552231588,9419453.663382614,31857965.09965058,2909.7256828347386,9419026.238359127,31857048.48372972,2909.7256828347386
9419549.531029137,31858478.35957414,2424.938069028949,4.148187024206804,9419217.973652177,31858075.003576834,1940.1504552231588,9419645.398675662,31858991.619497698,1940.1504552231588,9419881.088406099,31858881.715571444,2909.7256828347386,9419453.663382614,31857965.09965058,2909.7256828347386
9419976.956052622,31859394.975495007,2424.938069028949,2.5646058018162896,9419645.398675662,31858991.619497698,1940.1504552231588,9420072.823699147,31859908.235418558,1940.1504552231588,9420308.513429584,31859798.331492312,2909.7256828347386,9419881.088406099,31858881.715571444,2909.7256828347386
9420404.381076109,31860311.591415867,2424.938069028949,3.0984514700743135,9420072.823699147,31859908.235418558,1940.1504552231588,9420500.248722631,31860824.851339426,1940.1504552231588,9420735.93845307,31860714.947413173,2909.7256828347386,9420308.513429584,31859798.331492312,2909.7256828347386
9420831.806099594,31861228.20733673,2424.938069028949,2.273319458987545,9420500.248722631,31860824.851339426,1940.1504552231588,9420927.673746118,31861741.467260286,1940.1504552231588,9421163.363476556,31861631.563334037,2909.7256828347386,9420735.93845307,31860714.947413173,2909.7256828347386
9421259.23112308,31862144.82325759,2424.938069028949,1.4104799878526124,9420927.673746118,31861741.467260286,1940.1504552231588,9421355.098769603,31862658.08318115,1940.1504552231588,9421590.78850004,31862548.1792549,2909.7256828347386,9421163.363476556,31861631.563334037,2909.7256828347386
9421686.656146565,31863061.43917846,2424.938069028949,0.9704653355989769,9421355.098769603,31862658.08318115,1940.1504552231588,9421782.52379309,31863574.699102018,1940.1504552231588,9422018.213523526,31863464.795175765,2909.7256828347386,9421590.78850004,31862548.1792549,2909.7256828347386
9422114.08117005,31863978.055099323,2424.938069028949,1.0152524513706545,9421782.52379309,31863574.699102018,1940.1504552231588,9422209.948816575,31864491.31502288,1940.1504552231588,9422445.638547013,31864381.41109663,2909.7256828347386,9422018.213523526,31863464.795175765,2909.7256828347386
9422541.506193537,31864894.671020184,2424.938069028949,1.1789936280445612,9422209.948816575,31864491.31502288,1940.1504552231588,9422637.373840062,31865407.930943742,1940.1504552231588,9422873.063570498,31865298.027017493,2909.7256828347386,9422445.638547013,31864381.41109663,2909.7256828347386
9422968.931217022,31865811.28694105,2424.938069028949,1.4278290325976315,9422637.373840062,31865407.930943742,1940.1504552231588,9423064.798863547,31866324.546864606,1940.1504552231588,9423300.488593983,31866214.642938353,2909.7256828347386,9422873.063570498,31865298.027017493,2909.7256828347386
9423396.356240507,31866727.902861916,2424.938069028949,1.4042876962681,9423064.798863547,31866324.546864606,1940.1504552231588,9423492.223887034,31867241.16278547,1940.1504552231588,9423727.91361747,31867131.25885922,2909.7256828347386,9423300.488593983,31866214.642938353,2909.7256828347386
9423823.781263992,31867644.518782776,2424.938069028949,2.3949570608654036,9423492.223887034,31867241.16278547,1940.1504552231588,9423919.648910519,31868157.778706335,1940.1504552231588,9424155.338640954,31868047.874780085,2909.7256828347386,9423727.91361747,31867131.25885922,2909.7256828347386
9424251.206287477,31868561.134703644,2424.938069028949,2.472926002738507,9423919.648910519,31868157.778706335,1940.1504552231588,9424347.073934002,31869074.3946272,1940.1504552231588,9424582.763664441,31868964.490700945,2909.7256828347386,9424155.338640954,31868047.874780085,2909.7256828347386
9424678.631310964,31869477.750624508,2424.938069028949,1.7149076670462553,9424347.073934002,31869074.3946272,1940.1504552231588,9424774.498957489,31869991.010548063,1940.1504552231588,9425010.188687926,31869881.106621813,2909.7256828347386,9424582.763664441,31868964.490700945,2909.7256828347386
9425106.05633445,31870394.366545368,2424.938069028949,2.652845928646779,9424774.498957489,31869991.010548063,1940.1504552231588,9425201.923980974,31870907.626468927,1940.1504552231588,9425437.613711413,31870797.722542677,2909.7256828347386,9425010.188687926,31869881.106621813,2909.7256828347386
9425533.481357936,31871310.982466236,2424.938069028949,3.180408634818707,9425201.923980974,31870907.626468927,1940.1504552231588,9425629.34900446,31871824.24238979,1940.1504552231588,9425865.038734898,31871714.338463537,2909.7256828347386,9425437.613711413,31870797.722542677,2909.7256828347386
9425960.90638142,31872227.598387092,2424.938069028949,4.123498967578001,9425629.34900446,31871824.24238979,1940.1504552231588,9426056.774027945,31872740.85831065,1940.1504552231588,9426292.463758381,31872630.954384405,2909.7256828347386,9425865.038734898,31871714.338463537,2909.7256828347386
9426388.331404906,31873144.21430796,2424.938069028949,4.873243852254136,9426056.774027945,31872740.85831065,1940.1504552231588,9426484.199051432,31873657.47423152,1940.1504552231588,9426719.888781868,31873547.570305265,2909.7256828347386,9426292.463758381,31872630.954384405,2909.7256828347386
9426815.756428393,31874060.830228824,2424.938069028949,4.20617210194503,9426484.199051432,31873657.47423152,1940.1504552231588,9426911.624074917,31874574.090152383,1940.1504552231588,9427147.313805353,31874464.18622613,2909.7256828347386,9426719.888781868,31873547.570305265,2909.7256828347386
9427243.18145188,31874977.446149692,2424.938069028949,2.9406001917180946,9426911.624074917,31874574.090152383,1940.1504552231588,9427339.049098404,31875490.706073243,1940.1504552231588,9427574.73882884,31875380.802146997,2909.7256828347386,9427147.313805353,31874464.18622613,2909.7256828347386
9427670.606475363,31875894.062070552,2424.938069028949,2.7340097479606538,9427339.049098404,31875490.706073243,1940.1504552231588,9427766.47412189,31876407.32199411,1940.1504552231588,9428002.163852325,31876297.418067858,2909.7256828347386,9427574.73882884,31875380.802146997,2909.7256828347386
9428098.03149885,31876810.677991416,2424.938069028949,1.8685746921420514,9427766.47412189,31876407.32199411,1940.1504552231588,9428193.899145376,31877323.937914975,1940.1504552231588,9428429.588875812,31877214.03398872,2909.7256828347386,9428002.163852325,31876297.418067858,2909.7256828347386
9428525.456522336,31877727.293912277,2424.938069028949,1.8159906026682955,9428193.899145376,31877323.937914975,1940.1504552231588,9428621.32416886,31878240.553835835,1940.1504552231588,9428857.013899297,31878130.64990959,2909.7256828347386,9428429.588875812,31877214.03398872,2909.7256828347386
9428952.88154582,31878643.909833144,2424.938069028949,1.2101685113210738,9428621.32416886,31878240.553835835,1940.1504552231588,9429048.749192346,31879157.169756703,1940.1504552231588,9429284.438922781,31879047.26583045,2909.7256828347386,9428857.013899297,31878130.64990959,2909.7256828347386
9429380.306569306,31879560.52575401,2424.938069028949,2.079683754633931,9429048.749192346,31879157.169756703,1940.1504552231588,9429476.17421583,31880073.785677563,1940.1504552231588,9429711.863946268,31879963.881751314,2909.7256828347386,9429284.438922781,31879047.26583045,2909.7256828347386
9429807.731592791,31880477.14167487,2424.938069028949,2.2505763348298133,9429476.17421583,31880073.785677563,1940.1504552231588,9429903.599239316,31880990.401598427,1940.1504552231588,9430139.288969753,31880880.497672178,2909.7256828347386,9429711.863946268,31879963.881751314,2909.7256828347386
9430235.156616278,31881393.757595737,2424.938069028949,2.0708428588513863,9429903.599239316,31880990.401598427,1940.1504552231588,9430331.024262803,31881907.017519295,1940.1504552231588,9430566.71399324,31881797.113593042,2909.7256828347386,9430139.288969753,31880880.497672178,2909.7256828347386
9430662.581639765,31882310.3735166,2424.938069028949,1.674802461595189,9430331.024262803,31881907.017519295,1940.1504552231588,9430758.449286288,31882823.633440156,1940.1504552231588,9430994.139016723,31882713.729513906,2909.7256828347386,9430566.71399324,31881797.113593042,2909.7256828347386
9431090.00666325,31883226.98943746,2424.938069028949,1.8726622848388499,9430758.449286288,31882823.633440156,1940.1504552231588,9431185.874309774,31883740.24936102,1940.1504552231588,9431421.56404021,31883630.34543477,2909.7256828347386,9430994.139016723,31882713.729513906,2909.7256828347386
9431517.431686735,31884143.60535833,2424.938069028949,1.2646041395876908,9431185.874309774,31883740.24936102,1940.1504552231588,9431613.29933326,31884656.865281884,1940.1504552231588,9431848.989063695,31884546.96135563,2909.7256828347386,9431421.56404021,31883630.34543477,2909.7256828347386
9431944.85671022,31885060.221279193,2424.938069028949,0.41224662562670933,9431613.29933326,31884656.865281884,1940.1504552231588,9432040.724356744,31885573.481202748,1940.1504552231588,9432276.41408718,31885463.577276494,2909.7256828347386,9431848.989063695,31884546.96135563,2909.7256828347386
9432372.281733707,31885976.83720005,2424.938069028949,0.17075638599830767,9432040.724356744,31885573.481202748,1940.1504552231588,9432468.149380231,31886490.09712361,1940.1504552231588,9432703.839110667,31886380.193197362,2909.7256828347386,9432276.41408718,31885463.577276494,2909.7256828347386
9432799.706757192,31886893.45312092,2424.938069028949,0.11959625931107341,9432468.149380231,31886490.09712361,1940.1504552231588,9432895.574403716,31887406.713044476,1940.1504552231588,9433131.264134152,31887296.809118222,2909.7256828347386,9432703.839110667,31886380.193197362,2909.7256828347386
9416365.820571687,31851035.528280977,3394.513296640528,1.4245448569306032,9416034.263194729,31850632.172283668,2909.7256828347386,9416461.688218212,31851548.788204536,2909.7256828347386,9416697.377948647,31851438.884278286,3879.3009104463176,9416269.95292516,31850522.268357422,3879.3009104463176
9416793.245595174,31851952.14420184,3394.513296640528,1.3267622918811528,9416461.688218212,31851548.788204536,2909.7256828347386,9416889.113241699,31852465.4041254,2909.7256828347386,9417124.802972132,31852355.500199147,3879.3009104463176,9416697.377948647,31851438.884278286,3879.3009104463176
9417220.670618659,31852868.760122705,3394.513296640528,4.298164571395571,9416889.113241699,31852465.4041254,2909.7256828347386,9417316.538265184,31853382.02004626,2909.7256828347386,9417552.22799562,31853272.116120014,3879.3009104463176,9417124.802972132,31852355.500199147,3879.3009104463176
9417648.095642144,31853785.37604357,3394.513296640528,4.909487471165698,9417316.538265184,31853382.02004626,2909.7256828347386,9417743.96328867,31854298.635967128,2909.7256828347386,9417979.653019104,31854188.732040875,3879.3009104463176,9417552.22799562,31853272.116120014,3879.3009104463176
9418075.520665629,31854701.991964433,3394.513296640528,3.335164929517333,9417743.96328867,31854298.635967128,2909.7256828347386,9418171.388312155,31855215.25188799,2909.7256828347386,9418407.078042587,31855105.34796174,3879.3009104463176,9417979.653019104,31854188.732040875,3879.3009104463176
9418502.945689116,31855618.607885297,3394.513296640528,3.6154306885207133,9418171.388312155,31855215.25188799,2909.7256828347386,9418598.813335642,31856131.867808852,2909.7256828347386,9418834.503066074,31856021.963882606,3879.3009104463176,9418407.078042587,31855105.34796174,3879.3009104463176
9418930.370712603,31856535.22380616,3394.513296640528,5.252129871618355,9418598.813335642,31856131.867808852,2909.7256828347386,9419026.238359127,31857048.48372972,2909.7256828347386,9419261.92808956,31856938.579803467,3879.3009104463176,9418834.503066074,31856021.963882606,3879.3009104463176
9419357.795736087,31857451.839727025,3394.513296640528,6.574008667803933,9419026.238359127,31857048.48372972,2909.7256828347386,9419453.663382614,31857965.09965058,2909.7256828347386,9419689.353113046,31857855.19572433,3879.3009104463176,9419261.92808956,31856938.579803467,3879.3009104463176
9419785.220759572,31858368.45564789,3394.513296640528,4.364487318067478,9419453.663382614,31857965.09965058,2909.7256828347386,9419881.088406099,31858881.715571444,2909.7256828347386,9420116.77813653,31858771.8116452,3879.3009104463176,9419689.353113046,31857855.19572433,3879.3009104463176
9420212.645783057,31859285.071568754,3394.513296640528,3.897694510016527,9419881.088406099,31858881.715571444,2909.7256828347386,9420308.513429584,31859798.331492312,2909.7256828347386,9420544.203160018,31859688.42756606,3879.3009104463176,9420116.77813653,31858771.8116452,3879.3009104463176
9420640.070806544,31860201.687489618,3394.513296640528,2.652713944360573,9420308.513429584,31859798.331492312,2909.7256828347386,9420735.93845307,31860714.947413173,2909.7256828347386,9420971.628183503,31860605.043486923,3879.3009104463176,9420544.203160018,31859688.42756606,3879.3009104463176
9421067.49583003,31861118.30341048,3394.513296640528,2.0036578777409146,9420735.93845307,31860714.947413173,2909.7256828347386,9421163.363476556,31861631.563334037,2909.7256828347386,9421399.053206988,31861521.659407787,3879.3009104463176,9420971.628183503,31860605.043486923,3879.3009104463176
9421494.920853514,31862034.919331342,3394.513296640528,1.3587480192343517,9421163.363476556,31861631.563334037,2909.7256828347386,9421590.78850004,31862548.1792549,2909.7256828347386,9421826.478230475,31862438.27532865,3879.3009104463176,9421399.053206988,31861521.659407787,3879.3009104463176
9421922.345877001,31862951.53525221,3394.513296640528,1.1965891175049441,9421590.78850004,31862548.1792549,2909.7256828347386,9422018.213523526,31863464.795175765,2909.7256828347386,9422253.90325396,31863354.891249515,3879.3009104463176,9421826.478230475,31862438.27532865,3879.3009104463176
9422349.770900486,31863868.151173074,3394.513296640528,1.2838291888151716,9422018.213523526,31863464.795175765,2909.7256828347386,9422445.638547013,31864381.41109663,2909.7256828347386,9422681.328277446,31864271.50717038,3879.3009104463176,9422253.90325396,31863354.891249515,3879.3009104463176
9422777.195923973,31864784.767093934,3394.513296640528,1.2524123091160901,9422445.638547013,31864381.41109663,2909.7256828347386,9422873.063570498,31865298.027017493,2909.7256828347386,9423108.753300931,31865188.123091243,3879.3009104463176,9422681.328277446,31864271.50717038,3879.3009104463176
9423204.620947458,31865701.3830148,3394.513296640528,2.0346840204696557,9422873.063570498,31865298.027017493,2909.7256828347386,9423300.488593983,31866214.642938353,2909.7256828347386,9423536.178324414,31866104.739012107,3879.3009104463176,9423108.753300931,31865188.123091243,3879.3009104463176
9423632.045970943,31866617.998935662,3394.513296640528,3.349299819948562,9423300.488593983,31866214.642938353,2909.7256828347386,9423727.91361747,31867131.25885922,2909.7256828347386,9423963.603347901,31867021.35493297,3879.3009104463176,9423536.178324414,31866104.739012107,3879.3009104463176
9424059.47099443,31867534.614856526,3394.513296640528,5.123624684537018,9423727.91361747,31867131.25885922,2909.7256828347386,9424155.338640954,31868047.874780085,2909.7256828347386,9424391.028371386,31867937.97085383,3879.3009104463176,9423963.603347901,31867021.35493297,3879.3009104463176
9424486.896017915,31868451.23077739,3394.513296640528,5.6314455375217545,9424155.338640954,31868047.874780085,2909.7256828347386,9424582.763664441,31868964.490700945,2909.7256828347386,9424818.453394873,31868854.5867747,3879.3009104463176,9424391.028371386,31867937.97085383,3879.3009104463176
9424914.3210414,31869367.846698254,3394.513296640528,4.262725593211202,9424582.763664441,31868964.490700945,2909.7256828347386,9425010.188687926,31869881.106621813,2909.7256828347386,9425245.878418358,31869771.202695563,3879.3009104463176,9424818.453394873,31868854.5867747,3879.3009104463176
9425341.746064885,31870284.46261912,3394.513296640528,6.1831615900211485,9425010.188687926,31869881.106621813,2909.7256828347386,9425437.613711413,31870797.722542677,2909.7256828347386,9425673.303441845,31870687.818616424,3879.3009104463176,9425245.878418358,31869771.202695563,3879.3009104463176
9425769.17108837,31871201.078539982,3394.513296640528,4.280844960934853,9425437.613711413,31870797.722542677,2909.7256828347386,9425865.038734898,31871714.338463537,2909.7256828347386,9426100.72846533,31871604.43453729,3879.3009104463176,9425673.303441845,31870687.818616424,3879.3009104463176
9426196.596111856,31872117.694460846,3394.513296640528,4.017296320439045,9425865.038734898,31871714.338463537,2909.7256828347386,9426292.463758381,31872630.954384405,2909.7256828347386,9426528.153488815,31872521.05045815,3879.3009104463176,9426100.72846533,31871604.43453729,3879.3009104463176
9426624.021135341,31873034.31038171,3394.513296640528,7.308884294152992,9426292.463758381,31872630.954384405,2909.7256828347386,9426719.888781868,31873547.570305265,2909.7256828347386,9426955.578512302,31873437.666379016,3879.3009104463176,9426528.153488815,31872521.05045815,3879.3009104463176
9427051.446158828,31873950.926302575,3394.513296640528,4.314324265053743,9426719.888781868,31873547.570305265,2909.7256828347386,9427147.313805353,31874464.18622613,2909.7256828347386,9427383.003535787,31874354.282299884,3879.3009104463176,9426955.578512302,31873437.666379016,3879.3009104463176
9427478.871182313,31874867.54222344,3394.513296640528,3.595082508180758,9427147.313805353,31874464.18622613,2909.7256828347386,9427574.73882884,31875380.802146997,2909.7256828347386,9427810.428559273,31875270.898220744,3879.3009104463176,9427383.003535787,31874354.282299884,3879.3009104463176
9427906.296205798,31875784.158144303,3394.513296640528,3.66496645409503,9427574.73882884,31875380.802146997,2909.7256828347386,9428002.163852325,31876297.418067858,2909.7256828347386,9428237.853582757,31876187.514141608,3879.3009104463176,9427810.428559273,31875270.898220744,3879.3009104463176
9428333.721229285,31876700.774065167,3394.513296640528,3.196529460729532,9428002.163852325,31876297.418067858,2909.7256828347386,9428429.588875812,31877214.03398872,2909.7256828347386,9428665.278606243,31877104.130062476,3879.3009104463176,9428237.853582757,31876187.514141608,3879.3009104463176
9428761.146252772,31877617.38998603,3394.513296640528,3.3013098305275084,9428429.588875812,31877214.03398872,2909.7256828347386,9428857.013899297,31878130.64990959,2909.7256828347386,9429092.703629728,31878020.745983336,3879.3009104463176,9428665.278606243,31877104.130062476,3879.3009104463176
9429188.571276257,31878534.005906895,3394.513296640528,2.1788788760238718,9428857.013899297,31878130.64990959,2909.7256828347386,9429284.438922781,31879047.26583045,2909.7256828347386,9429520.128653213,31878937.3619042,3879.3009104463176,9429092.703629728,31878020.745983336,3879.3009104463176
9429615.99629974,31879450.62182776,3394.513296640528,2.2573698577959407,9429284.438922781,31879047.26583045,2909.7256828347386,9429711.863946268,31879963.881751314,2909.7256828347386,9429947.5536767,31879853.977825064,3879.3009104463176,9429520.128653213,31878937.3619042,3879.3009104463176
9430043.421323225,31880367.23774862,3394.513296640528,2.5911717165678545,9429711.863946268,31879963.881751314,2909.7256828347386,9430139.288969753,31880880.497672178,2909.7256828347386,9430374.978700185,31880770.59374593,3879.3009104463176,9429947.5536767,31879853.977825064,3879.3009104463176
9430470.846346712,31881283.853669483,3394.513296640528,1.8603795500086824,9430139.288969753,31880880.497672178,2909.7256828347386,9430566.71399324,31881797.113593042,2909.7256828347386,9430802.403723672,31881687.209666792,3879.3009104463176,9430374.978700185,31880770.59374593,3879.3009104463176
9430898.271370199,31882200.46959035,3394.513296640528,1.7188030271147525,9430566.71399324,31881797.113593042,2909.7256828347386,9430994.139016723,31882713.729513906,2909.7256828347386,9431229.828747157,31882603.825587656,3879.3009104463176,9430802.403723672,31881687.209666792,3879.3009104463176
9431325.696393684,31883117.08551121,3394.513296640528,1.6247882788063295,9430994.139016723,31882713.729513906,2909.7256828347386,9431421.56404021,31883630.34543477,2909.7256828347386,9431657.253770644,31883520.44150852,3879.3009104463176,9431229.828747157,31882603.825587656,3879.3009104463176
9431753.12141717,31884033.701432075,3394.513296640528,1.0550167392090581,9431421.56404021,31883630.34543477,2909.7256828347386,9431848.989063695,31884546.96135563,2909.7256828347386,9432084.678794129,31884437.05742938,3879.3009104463176,9431657.253770644,31883520.44150852,3879.3009104463176
9432180.546440654,31884950.317352936,3394.513296640528,0.5950458176815695,9431848.989063695,31884546.96135563,2909.7256828347386,9432276.41408718,31885463.577276494,2909.7256828347386,9432512.103817614,31885353.67335025,3879.3009104463176,9432084.678794129,31884437.05742938,3879.3009104463176
9432607.97146414,31885866.933273803,3394.513296640528,0.2457463789396072,9432276.41408718,31885463.577276494,2909.7256828347386,9432703.839110667,31886380.193197362,2909.7256828347386,9432939.528841099,31886270.28927111,3879.3009104463176,9432512.103817614,31885353.67335025,3879.3009104463176
9433035.396487627,31886783.549194667,3394.513296640528,0.12395016559089002,9432703.839110667,31886380.193197362,2909.7256828347386,9433131.264134152,31887296.809118222,2909.7256828347386,9433366.953864584,31887186.905191977,3879.3009104463176,9432939.528841099,31886270.28927111,3879.3009104463176
9416601.510302123,31850925.624354728,4364.088524252107,1.8688302706369544,9416269.95292516,31850522.268357422,3879.3009104463176,9416697.377948647,31851438.884278286,3879.3009104463176,9416933.067679083,31851328.980352033,4848.876138057897,9416505.642655596,31850412.36443117,4848.876138057897
9417028.935325608,31851842.24027559,4364.088524252107,2.462261140695309,9416697.377948647,31851438.884278286,3879.3009104463176,9417124.802972132,31852355.500199147,3879.3009104463176,9417360.492702568,31852245.5962729,4848.876138057897,9416933.067679083,31851328.980352033,4848.876138057897
9417456.360349093,31852758.85619646,4364.088524252107,2.8937635322173976,9417124.802972132,31852355.500199147,3879.3009104463176,9417552.22799562,31853272.116120014,3879.3009104463176,9417787.917726055,31853162.21219376,4848.876138057897,9417360.492702568,31852245.5962729,4848.876138057897
9417883.785372578,31853675.472117316,4364.088524252107,2.5723797877357306,9417552.22799562,31853272.116120014,3879.3009104463176,9417979.653019104,31854188.732040875,3879.3009104463176,9418215.34274954,31854078.828114625,4848.876138057897,9417787.917726055,31853162.21219376,4848.876138057897
9418311.210396063,31854592.08803818,4364.088524252107,2.0538744785996457,9417979.653019104,31854188.732040875,3879.3009104463176,9418407.078042587,31855105.34796174,3879.3009104463176,9418642.767773025,31854995.44403549,4848.876138057897,9418215.34274954,31854078.828114625,4848.876138057897
9418738.63541955,31855508.70395905,4364.088524252107,3.215043817638405,9418407.078042587,31855105.34796174,3879.3009104463176,9418834.503066074,31856021.963882606,3879.3009104463176,9419070.192796512,31855912.059956353,4848.876138057897,9418642.767773025,31854995.44403549,4848.876138057897
9419166.060443036,31856425.319879908,4364.088524252107,6.211177460685567,9418834.503066074,31856021.963882606,3879.3009104463176,9419261.92808956,31856938.579803467,3879.3009104463176,9419497.617819997,31856828.675877217,4848.876138057897,9419070.192796512,31855912.059956353,4848.876138057897
9419593.485466521,31857341.935800776,4364.088524252107,6.221949215158239,9419261.92808956,31856938.579803467,3879.3009104463176,9419689.353113046,31857855.19572433,3879.3009104463176,9419925.042843483,31857745.29179808,4848.876138057897,9419497.617819997,31856828.675877217,4848.876138057897
9420020.910490006,31858258.551721644,4364.088524252107,3.3834909288415167,9419689.353113046,31857855.19572433,3879.3009104463176,9420116.77813653,31858771.8116452,3879.3009104463176,9420352.467866967,31858661.907718945,4848.876138057897,9419925.042843483,31857745.29179808,4848.876138057897
9420448.335513491,31859175.1676425,4364.088524252107,3.7658033085844753,9420116.77813653,31858771.8116452,3879.3009104463176,9420544.203160018,31859688.42756606,3879.3009104463176,9420779.892890453,31859578.52363981,4848.876138057897,9420352.467866967,31858661.907718945,4848.876138057897
9420875.760536978,31860091.783563368,4364.088524252107,6.270805085537664,9420544.203160018,31859688.42756606,3879.3009104463176,9420971.628183503,31860605.043486923,3879.3009104463176,9421207.317913938,31860495.139560673,4848.876138057897,9420779.892890453,31859578.52363981,4848.876138057897
9421303.185560465,31861008.39948423,4364.088524252107,3.7513537368310064,9420971.628183503,31860605.043486923,3879.3009104463176,9421399.053206988,31861521.659407787,3879.3009104463176,9421634.742937423,31861411.755481534,4848.876138057897,9421207.317913938,31860495.139560673,4848.876138057897
9421730.610583948,31861925.015405092,4364.088524252107,4.024327292104053,9421399.053206988,31861521.659407787,3879.3009104463176,9421826.478230475,31862438.27532865,3879.3009104463176,9422062.16796091,31862328.3714024,4848.876138057897,9421634.742937423,31861411.755481534,4848.876138057897
9422158.035607433,31862841.63132596,4364.088524252107,3.043676697323845,9421826.478230475,31862438.27532865,3879.3009104463176,9422253.90325396,31863354.891249515,3879.3009104463176,9422489.592984395,31863244.987323266,4848.876138057897,9422062.16796091,31862328.3714024,4848.876138057897
9422585.460630918,31863758.24724682,4364.088524252107,3.021051936489591,9422253.90325396,31863354.891249515,3879.3009104463176,9422681.328277446,31864271.50717038,3879.3009104463176,9422917.018007882,31864161.603244126,4848.876138057897,9422489.592984395,31863244.987323266,4848.876138057897
9423012.885654405,31864674.863167685,4364.088524252107,2.5863346663363247,9422681.328277446,31864271.50717038,3879.3009104463176,9423108.753300931,31865188.123091243,3879.3009104463176,9423344.443031367,31865078.219164994,4848.876138057897,9422917.018007882,31864161.603244126,4848.876138057897
9423440.310677892,31865591.479088552,4364.088524252107,3.4772187739701073,9423108.753300931,31865188.123091243,3879.3009104463176,9423536.178324414,31866104.739012107,3879.3009104463176,9423771.868054852,31865994.835085854,4848.876138057897,9423344.443031367,31865078.219164994,4848.876138057897
9423867.735701377,31866508.095009413,4364.088524252107,7.691703377305389,9423536.178324414,31866104.739012107,3879.3009104463176,9423963.603347901,31867021.35493297,3879.3009104463176,9424199.293078339,31866911.451006718,4848.876138057897,9423771.868054852,31865994.835085854,4848.876138057897
9424295.160724862,31867424.710930277,4364.088524252107,8.874750732349204,9423963.603347901,31867021.35493297,3879.3009104463176,9424391.028371386,31867937.97085383,3879.3009104463176,9424626.718101824,31867828.066927586,4848.876138057897,9424199.293078339,31866911.451006718,4848.876138057897
9424722.585748347,31868341.326851144,4364.088524252107,9.439118466830578,9424391.028371386,31867937.97085383,3879.3009104463176,9424818.453394873,31868854.5867747,3879.3009104463176,9425054.143125309,31868744.682848446,4848.876138057897,9424626.718101824,31867828.066927586,4848.876138057897
9425150.010771833,31869257.942772,4364.088524252107,8.350056447045123,9424818.453394873,31868854.5867747,3879.3009104463176,9425245.878418358,31869771.202695563,3879.3009104463176,9425481.568148794,31869661.29876931,4848.876138057897,9425054.143125309,31868744.682848446,4848.876138057897
9425577.43579532,31870174.55869287,4364.088524252107,8.035323129332973,9425245.878418358,31869771.202695563,3879.3009104463176,9425673.303441845,31870687.818616424,3879.3009104463176,9425908.99317228,31870577.914690178,4848.876138057897,9425481.568148794,31869661.29876931,4848.876138057897
9426004.860818805,31871091.174613737,4364.088524252107,7.8984396904483205,9425673.303441845,31870687.818616424,3879.3009104463176,9426100.72846533,31871604.43453729,3879.3009104463176,9426336.418195765,31871494.53061104,4848.876138057897,9425908.99317228,31870577.914690178,4848.876138057897
9426432.28584229,31872007.790534593,4364.088524252107,7.260360373395526,9426100.72846533,31871604.43453729,3879.3009104463176,9426528.153488815,31872521.05045815,3879.3009104463176,9426763.84321925,31872411.1465319,4848.876138057897,9426336.418195765,31871494.53061104,4848.876138057897
9426859.710865773,31872924.406455457,4364.088524252107,8.826386607528141,9426528.153488815,31872521.05045815,3879.3009104463176,9426955.578512302,31873437.666379016,3879.3009104463176,9427191.268242737,31873327.762452766,4848.876138057897,9426763.84321925,31872411.1465319,4848.876138057897
9427287.13588926,31873841.02237633,4364.088524252107,5.752792294882263,9426955.578512302,31873437.666379016,3879.3009104463176,9427383.003535787,31874354.282299884,3879.3009104463176,9427618.693266222,31874244.37837363,4848.876138057897,9427191.268242737,31873327.762452766,4848.876138057897
9427714.560912747,31874757.638297185,4364.088524252107,3.1297602059167198,9427383.003535787,31874354.282299884,3879.3009104463176,9427810.428559273,31875270.898220744,3879.3009104463176,9428046.11828971,31875160.99429449,4848.876138057897,9427618.693266222,31874244.37837363,4848.876138057897
9428141.985936232,31875674.25421805,4364.088524252107,2.7040349106088026,9427810.428559273,31875270.898220744,3879.3009104463176,9428237.853582757,31876187.514141608,3879.3009104463176,9428473.543313194,31876077.61021536,4848.876138057897,9428046.11828971,31875160.99429449,4848.876138057897
9428569.410959719,31876590.87013892,4364.088524252107,2.46647114130039,9428237.853582757,31876187.514141608,3879.3009104463176,9428665.278606243,31877104.130062476,3879.3009104463176,9428900.96833668,31876994.226136222,4848.876138057897,9428473.543313194,31876077.61021536,4848.876138057897
9428996.835983206,31877507.486059777,4364.088524252107,3.2269166115181043,9428665.278606243,31877104.130062476,3879.3009104463176,9429092.703629728,31878020.745983336,3879.3009104463176,9429328.393360166,31877910.842057087,4848.876138057897,9428900.96833668,31876994.226136222,4848.876138057897
9429424.261006689,31878424.10198064,4364.088524252107,3.389749903323619,9429092.703629728,31878020.745983336,3879.3009104463176,9429520.128653213,31878937.3619042,3879.3009104463176,9429755.81838365,31878827.45797795,4848.876138057897,9429328.393360166,31877910.842057087,4848.876138057897
9429851.686030176,31879340.71790151,4364.088524252107,1.4270362570677415,9429520.128653213,31878937.3619042,3879.3009104463176,9429947.5536767,31879853.977825064,3879.3009104463176,9430183.243407136,31879744.07389881,4848.876138057897,9429755.81838365,31878827.45797795,4848.876138057897
9430279.11105366,31880257.33382237,4364.088524252107,1.2097129350559028,9429947.5536767,31879853.977825064,3879.3009104463176,9430374.978700185,31880770.59374593,3879.3009104463176,9430610.66843062,31880660.68981968,4848.876138057897,9430183.243407136,31879744.07389881,4848.876138057897
9430706.536077147,31881173.949743234,4364.088524252107,1.6706381380559725,9430374.978700185,31880770.59374593,3879.3009104463176,9430802.403723672,31881687.209666792,3879.3009104463176,9431038.093454108,31881577.305740543,4848.876138057897,9430610.66843062,31880660.68981968,4848.876138057897
9431133.961100634,31882090.565664098,4364.088524252107,2.665078510827165,9430802.403723672,31881687.209666792,3879.3009104463176,9431229.828747157,31882603.825587656,3879.3009104463176,9431465.518477593,31882493.921661403,4848.876138057897,9431038.093454108,31881577.305740543,4848.876138057897
9431561.386124117,31883007.18158496,4364.088524252107,3.1138675173529715,9431229.828747157,31882603.825587656,3879.3009104463176,9431657.253770644,31883520.44150852,3879.3009104463176,9431892.94350108,31883410.53758227,4848.876138057897,9431465.518477593,31882493.921661403,4848.876138057897
9431988.811147602,31883923.79750583,4364.088524252107,1.3937682122829984,9431657.253770644,31883520.44150852,3879.3009104463176,9432084.678794129,31884437.05742938,3879.3009104463176,9432320.368524564,31884327.15350313,4848.876138057897,9431892.94350108,31883410.53758227,4848.876138057897
9432416.236171087,31884840.413426686,4364.088524252107,0.6160570591933902,9432084.678794129,31884437.05742938,3879.3009104463176,9432512.103817614,31885353.67335025,3879.3009104463176,9432747.793548051,31885243.769423995,4848.876138057897,9432320.368524564,31884327.15350313,4848.876138057897
9432843.661194574,31885757.029347554,4364.088524252107,0.2914629746104526,9432512.103817614,31885353.67335025,3879.3009104463176,9432939.528841099,31886270.28927111,3879.3009104463176,9433175.218571536,31886160.385344863,4848.876138057897,9432747.793548051,31885243.769423995,4848.876138057897
9433271.08621806,31886673.64526842,4364.088524252107,0.05796998540259374,9432939.528841099,31886270.28927111,3879.3009104463176,9433366.953864584,31887186.905191977,3879.3009104463176,9433602.643595023,31887077.001265723,4848.876138057897,9433175.218571536,31886160.385344863,4848.876138057897
9416837.200032558,31850815.720428478,5333.663751863687,3.1314997816897865,9416505.642655596,31850412.36443117,4848.876138057897,9416933.067679083,31851328.980352033,4848.876138057897,9417168.757409519,31851219.076425783,5818.451365669477,9416741.332386034,31850302.46050492,5818.451365669477
9417264.625056043,31851732.336349342,5333.663751863687,4.364791231166363,9416933.067679083,31851328.980352033,4848.876138057897,9417360.492702568,31852245.5962729,4848.876138057897,9417596.182433004,31852135.692346647,5818.451365669477,9417168.757409519,31851219.076425783,5818.451365669477
9417692.050079528,31852648.952270202,5333.663751863687,5.289492845159295,9417360.492702568,31852245.5962729,4848.876138057897,9417787.917726055,31853162.21219376,4848.876138057897,9418023.60745649,31853052.30826751,5818.451365669477,9417596.182433004,31852135.692346647,5818.451365669477
9418119.475103015,31853565.56819107,5333.663751863687,3.505945767135295,9417787.917726055,31853162.21219376,4848.876138057897,9418215.34274954,31854078.828114625,4848.876138057897,9418451.032479975,31853968.924188375,5818.451365669477,9418023.60745649,31853052.30826751,5818.451365669477
9418546.900126502,31854482.184111934,5333.663751863687,4.586236156169523,9418215.34274954,31854078.828114625,4848.876138057897,9418642.767773025,31854995.44403549,4848.876138057897,9418878.45750346,31854885.540109236,5818.451365669477,9418451.032479975,31853968.924188375,5818.451365669477
9418974.325149985,31855398.80003279,5333.663751863687,3.5641610061232627,9418642.767773025,31854995.44403549,4848.876138057897,9419070.192796512,31855912.059956353,4848.876138057897,9419305.882526947,31855802.156030104,5818.451365669477,9418878.45750346,31854885.540109236,5818.451365669477
9419401.75017347,31856315.415953662,5333.663751863687,2.244693600365843,9419070.192796512,31855912.059956353,4848.876138057897,9419497.617819997,31856828.675877217,4848.876138057897,9419733.307550432,31856718.771950968,5818.451365669477,9419305.882526947,31855802.156030104,5818.451365669477
9419829.175196955,31857232.031874526,5333.663751863687,2.9039871084069824,9419497.617819997,31856828.675877217,4848.876138057897,9419925.042843483,31857745.29179808,4848.876138057897,9420160.732573919,31857635.387871828,5818.451365669477,9419733.307550432,31856718.771950968,5818.451365669477
9420256.600220442,31858148.647795387,5333.663751863687,3.139775675021763,9419925.042843483,31857745.29179808,4848.876138057897,9420352.467866967,31858661.907718945,4848.876138057897,9420588.157597404,31858552.003792696,5818.451365669477,9420160.732573919,31857635.387871828,5818.451365669477
9420684.025243929,31859065.263716254,5333.663751863687,3.0491390554471165,9420352.467866967,31858661.907718945,4848.876138057897,9420779.892890453,31859578.52363981,4848.876138057897,9421015.58262089,31859468.61971356,5818.451365669477,9420588.157597404,31858552.003792696,5818.451365669477
9421111.450267414,31859981.87963712,5333.663751863687,3.371798912703512,9420779.892890453,31859578.52363981,4848.876138057897,9421207.317913938,31860495.139560673,4848.876138057897,9421443.007644376,31860385.23563442,5818.451365669477,9421015.58262089,31859468.61971356,5818.451365669477
9421538.875290899,31860898.495557975,5333.663751863687,4.166612038927643,9421207.317913938,31860495.139560673,4848.876138057897,9421634.742937423,31861411.755481534,4848.876138057897,9421870.43266786,31861301.851555288,5818.451365669477,9421443.007644376,31860385.23563442,5818.451365669477
9421966.300314384,31861815.111478847,5333.663751863687,4.511756029396521,9421634.742937423,31861411.755481534,4848.876138057897,9422062.16796091,31862328.3714024,4848.876138057897,9422297.857691346,31862218.46747615,5818.451365669477,9421870.43266786,31861301.851555288,5818.451365669477
9422393.72533787,31862731.72739971,5333.663751863687,4.241705380203002,9422062.16796091,31862328.3714024,4848.876138057897,9422489.592984395,31863244.987323266,4848.876138057897,9422725.28271483,31863135.083397012,5818.451365669477,9422297.857691346,31862218.46747615,5818.451365669477
9422821.150361357,31863648.343320567,5333.663751863687,4.574386720607154,9422489.592984395,31863244.987323266,4848.876138057897,9422917.018007882,31864161.603244126,4848.876138057897,9423152.707738318,31864051.69931788,5818.451365669477,9422725.28271483,31863135.083397012,5818.451365669477
9423248.575384842,31864564.959241435,5333.663751863687,4.090909300818756,9422917.018007882,31864161.603244126,4848.876138057897,9423344.443031367,31865078.219164994,4848.876138057897,9423580.132761803,31864968.31523874,5818.451365669477,9423152.707738318,31864051.69931788,5818.451365669477
9423676.000408327,31865481.5751623,5333.663751863687,5.193066721137044,9423344.443031367,31865078.219164994,4848.876138057897,9423771.868054852,31865994.835085854,4848.876138057897,9424007.55778529,31865884.9311596,5818.451365669477,9423580.132761803,31864968.31523874,5818.451365669477
9424103.425431812,31866398.19108316,5333.663751863687,6.319059303918879,9423771.868054852,31865994.835085854,4848.876138057897,9424199.293078339,31866911.451006718,4848.876138057897,9424434.982808774,31866801.54708047,5818.451365669477,9424007.55778529,31865884.9311596,5818.451365669477
9424530.850455299,31867314.807004027,5333.663751863687,9.456411158653832,9424199.293078339,31866911.451006718,4848.876138057897,9424626.718101824,31867828.066927586,4848.876138057897,9424862.407832261,31867718.163001332,5818.451365669477,9424434.982808774,31866801.54708047,5818.451365669477
9424958.275478784,31868231.422924887,5333.663751863687,10.053609922171802,9424626.718101824,31867828.066927586,4848.876138057897,9425054.143125309,31868744.682848446,4848.876138057897,9425289.832855746,31868634.778922193,5818.451365669477,9424862.407832261,31867718.163001332,5818.451365669477
9425385.700502269,31869148.03884575,5333.663751863687,9.607479707798287,9425054.143125309,31868744.682848446,4848.876138057897,9425481.568148794,31869661.29876931,4848.876138057897,9425717.257879233,31869551.39484306,5818.451365669477,9425289.832855746,31868634.778922193,5818.451365669477
9425813.125525756,31870064.65476662,5333.663751863687,8.190807209433467,9425481.568148794,31869661.29876931,4848.876138057897,9425908.99317228,31870577.914690178,4848.876138057897,9426144.682902718,31870468.010763925,5818.451365669477,9425717.257879233,31869551.39484306,5818.451365669477
9426240.550549243,31870981.270687483,5333.663751863687,6.986460377155508,9425908.99317228,31870577.914690178,4848.876138057897,9426336.418195765,31871494.53061104,4848.876138057897,9426572.107926203,31871384.62668479,5818.451365669477,9426144.682902718,31870468.010763925,5818.451365669477
9426667.975572728,31871897.886608344,5333.663751863687,7.465646787376552,9426336.418195765,31871494.53061104,4848.876138057897,9426763.84321925,31872411.1465319,4848.876138057897,9426999.532949688,31872301.242605653,5818.451365669477,9426572.107926203,31871384.62668479,5818.451365669477
9427095.400596213,31872814.50252921,5333.663751863687,4.774622046561566,9426763.84321925,31872411.1465319,4848.876138057897,9427191.268242737,31873327.762452766,4848.876138057897,9427426.957973173,31873217.858526513,5818.451365669477,9426999.532949688,31872301.242605653,5818.451365669477
9427522.825619698,31873731.11845007,5333.663751863687,4.382187344535162,9427191.268242737,31873327.762452766,4848.876138057897,9427618.693266222,31874244.37837363,4848.876138057897,9427854.38299666,31874134.47444738,5818.451365669477,9427426.957973173,31873217.858526513,5818.451365669477
9427950.250643184,31874647.734370936,5333.663751863687,2.3031205136972144,9427618.693266222,31874244.37837363,4848.876138057897,9428046.11828971,31875160.99429449,4848.876138057897,9428281.808020145,31875051.090368245,5818.451365669477,9427854.38299666,31874134.47444738,5818.451365669477
9428377.67566667,31875564.350291803,5333.663751863687,1.878627561997654,9428046.11828971,31875160.99429449,4848.876138057897,9428473.543313194,31876077.61021536,4848.876138057897,9428709.233043632,31875967.706289105,5818.451365669477,9428281.808020145,31875051.090368245,5818.451365669477
9428805.100690154,31876480.96621266,5333.663751863687,2.8410429118043643,9428473.543313194,31876077.61021536,4848.876138057897,9428900.96833668,31876994.226136222,4848.876138057897,9429136.658067117,31876884.322209973,5818.451365669477,9428709.233043632,31875967.706289105,5818.451365669477
9429232.525713641,31877397.58213353,5333.663751863687,2.3399638314387925,9428900.96833668,31876994.226136222,4848.876138057897,9429328.393360166,31877910.842057087,4848.876138057897,9429564.083090603,31877800.938130837,5818.451365669477,9429136.658067117,31876884.322209973,5818.451365669477
9429659.950737126,31878314.198054396,5333.663751863687,2.309044259275193,9429328.393360166,31877910.842057087,4848.876138057897,9429755.81838365,31878827.45797795,4848.876138057897,9429991.508114088,31878717.554051697,5818.451365669477,9429564.083090603,31877800.938130837,5818.451365669477
9430087.375760611,31879230.813975252,5333.663751863687,1.5057750813606512,9429755.81838365,31878827.45797795,4848.876138057897,9430183.243407136,31879744.07389881,4848.876138057897,9430418.933137573,31879634.169972565,5818.451365669477,9429991.508114088,31878717.554051697,5818.451365669477
9430514.800784098,31880147.42989612,5333.663751863687,1.0319441465548798,9430183.243407136,31879744.07389881,4848.876138057897,9430610.66843062,31880660.68981968,4848.876138057897,9430846.35816106,31880550.785893425,5818.451365669477,9430418.933137573,31879634.169972565,5818.451365669477
9430942.225807583,31881064.045816988,5333.663751863687,1.1043385814248414,9430610.66843062,31880660.68981968,4848.876138057897,9431038.093454108,31881577.305740543,4848.876138057897,9431273.783184545,31881467.40181429,5818.451365669477,9430846.35816106,31880550.785893425,5818.451365669477
9431369.65083107,31881980.661737844,5333.663751863687,2.2205900573232067,9431038.093454108,31881577.305740543,4848.876138057897,9431465.518477593,31882493.921661403,4848.876138057897,9431701.20820803,31882384.017735157,5818.451365669477,9431273.783184545,31881467.40181429,5818.451365669477
9431797.075854555,31882897.277658716,5333.663751863687,1.4227880324672855,9431465.518477593,31882493.921661403,4848.876138057897,9431892.94350108,31883410.53758227,4848.876138057897,9432128.633231515,31883300.633656017,5818.451365669477,9431701.20820803,31882384.017735157,5818.451365669477
9432224.50087804,31883813.893579572,5333.663751863687,0.6353637306961387,9431892.94350108,31883410.53758227,4848.876138057897,9432320.368524564,31884327.15350313,4848.876138057897,9432556.058255,31884217.249576878,5818.451365669477,9432128.633231515,31883300.633656017,5818.451365669477
9432651.925901527,31884730.509500436,5333.663751863687,0.5551518099843443,9432320.368524564,31884327.15350313,4848.876138057897,9432747.793548051,31885243.769423995,4848.876138057897,9432983.483278487,31885133.865497746,5818.451365669477,9432556.058255,31884217.249576878,5818.451365669477
9433079.350925012,31885647.125421304,5333.663751863687,0.14006309693227117,9432747.793548051,31885243.769423995,4848.876138057897,9433175.218571536,31886160.385344863,4848.876138057897,9433410.908301972,31886050.48141861,5818.451365669477,9432983.483278487,31885133.865497746,5818.451365669477
9433506.775948497,31886563.741342172,5333.663751863687,0.01923039221005176,9433175.218571536,31886160.385344863,4848.876138057897,9433602.643595023,31887077.001265723,4848.876138057897,9433838.333325459,31886967.097339474,5818.451365669477,9433410.908301972,31886050.48141861,5818.451365669477
9417072.889762994,31850705.816502225,6303.238979475267,2.0795486351703607,9416741.332386034,31850302.46050492,5818.451365669477,9417168.757409519,31851219.076425783,5818.451365669477,9417404.447139956,31851109.17249953,6788.026593281056,9416977.022116471,31850192.55657867,6788.026593281056
9417500.31478648,31851622.432423092,6303.238979475267,2.509334492279565,9417168.757409519,31851219.076425783,5818.451365669477,9417596.182433004,31852135.692346647,5818.451365669477,9417831.872163443,31852025.788420398,6788.026593281056,9417404.447139956,31851109.17249953,6788.026593281056
9417927.739809966,31852539.048343953,6303.238979475267,3.2418341731983706,9417596.182433004,31852135.692346647,5818.451365669477,9418023.60745649,31853052.30826751,5818.451365669477,9418259.297186928,31852942.40434126,6788.026593281056,9417831.872163443,31852025.788420398,6788.026593281056
9418355.16483345,31853455.66426482,6303.238979475267,3.135131177995948,9418023.60745649,31853052.30826751,5818.451365669477,9418451.032479975,31853968.924188375,5818.451365669477,9418686.722210413,31853859.020262122,6788.026593281056,9418259.297186928,31852942.40434126,6788.026593281056
9418782.589856938,31854372.280185677,6303.238979475267,3.243556706045832,9418451.032479975,31853968.924188375,5818.451365669477,9418878.45750346,31854885.540109236,5818.451365669477,9419114.147233898,31854775.63618299,6788.026593281056,9418686.722210413,31853859.020262122,6788.026593281056
9419210.014880423,31855288.896106545,6303.238979475267,2.3212187567336073,9418878.45750346,31854885.540109236,5818.451365669477,9419305.882526947,31855802.156030104,5818.451365669477,9419541.572257383,31855692.25210385,6788.026593281056,9419114.147233898,31854775.63618299,6788.026593281056
9419637.43990391,31856205.51202741,6303.238979475267,2.031907108364846,9419305.882526947,31855802.156030104,5818.451365669477,9419733.307550432,31856718.771950968,5818.451365669477,9419968.99728087,31856608.868024714,6788.026593281056,9419541.572257383,31855692.25210385,6788.026593281056
9420064.864927394,31857122.127948277,6303.238979475267,2.564335846199301,9419733.307550432,31856718.771950968,5818.451365669477,9420160.732573919,31857635.387871828,5818.451365669477,9420396.422304355,31857525.483945582,6788.026593281056,9419968.99728087,31856608.868024714,6788.026593281056
9420492.289950877,31858038.743869137,6303.238979475267,1.571021722440623,9420160.732573919,31857635.387871828,5818.451365669477,9420588.157597404,31858552.003792696,5818.451365669477,9420823.847327841,31858442.099866442,6788.026593281056,9420396.422304355,31857525.483945582,6788.026593281056
9420919.714974364,31858955.35979,6303.238979475267,0.8556121538508962,9420588.157597404,31858552.003792696,5818.451365669477,9421015.58262089,31859468.61971356,5818.451365669477,9421251.272351326,31859358.715787306,6788.026593281056,9420823.847327841,31858442.099866442,6788.026593281056
9421347.139997851,31859871.97571086,6303.238979475267,0.7648052561161509,9421015.58262089,31859468.61971356,5818.451365669477,9421443.007644376,31860385.23563442,5818.451365669477,9421678.697374811,31860275.33170817,6788.026593281056,9421251.272351326,31859358.715787306,6788.026593281056
9421774.565021336,31860788.59163173,6303.238979475267,1.3302167755328596,9421443.007644376,31860385.23563442,5818.451365669477,9421870.43266786,31861301.851555288,5818.451365669477,9422106.122398298,31861191.947629035,6788.026593281056,9421678.697374811,31860275.33170817,6788.026593281056
9422201.990044821,31861705.207552593,6303.238979475267,1.6371712267612868,9421870.43266786,31861301.851555288,5818.451365669477,9422297.857691346,31862218.46747615,5818.451365669477,9422533.547421783,31862108.563549895,6788.026593281056,9422106.122398298,31861191.947629035,6788.026593281056
9422629.415068306,31862621.82347345,6303.238979475267,3.429372537328866,9422297.857691346,31862218.46747615,5818.451365669477,9422725.28271483,31863135.083397012,5818.451365669477,9422960.97244527,31863025.179470763,6788.026593281056,9422533.547421783,31862108.563549895,6788.026593281056
9423056.840091793,31863538.43939432,6303.238979475267,7.092711420218616,9422725.28271483,31863135.083397012,5818.451365669477,9423152.707738318,31864051.69931788,5818.451365669477,9423388.397468755,31863941.795391627,6788.026593281056,9422960.97244527,31863025.179470763,6788.026593281056
9423484.26511528,31864455.055315185,6303.238979475267,8.032316530031336,9423152.707738318,31864051.69931788,5818.451365669477,9423580.132761803,31864968.31523874,5818.451365669477,9423815.82249224,31864858.41131249,6788.026593281056,9423388.397468755,31863941.795391627,6788.026593281056
9423911.690138765,31865371.671236042,6303.238979475267,5.745138834969492,9423580.132761803,31864968.31523874,5818.451365669477,9424007.55778529,31865884.9311596,5818.451365669477,9424243.247515725,31865775.027233355,6788.026593281056,9423815.82249224,31864858.41131249,6788.026593281056
9424339.11516225,31866288.28715691,6303.238979475267,4.373996824343024,9424007.55778529,31865884.9311596,5818.451365669477,9424434.982808774,31866801.54708047,5818.451365669477,9424670.67253921,31866691.643154215,6788.026593281056,9424243.247515725,31865775.027233355,6788.026593281056
9424766.540185735,31867204.903077777,6303.238979475267,6.231002147186669,9424434.982808774,31866801.54708047,5818.451365669477,9424862.407832261,31867718.163001332,5818.451365669477,9425098.097562697,31867608.259075083,6788.026593281056,9424670.67253921,31866691.643154215,6788.026593281056
9425193.965209221,31868121.518998638,6303.238979475267,8.061235528916109,9424862.407832261,31867718.163001332,5818.451365669477,9425289.832855746,31868634.778922193,5818.451365669477,9425525.522586182,31868524.874995947,6788.026593281056,9425098.097562697,31867608.259075083,6788.026593281056
9425621.390232706,31869038.134919506,6303.238979475267,6.542682878687366,9425289.832855746,31868634.778922193,5818.451365669477,9425717.257879233,31869551.39484306,5818.451365669477,9425952.947609669,31869441.490916807,6788.026593281056,9425525.522586182,31868524.874995947,6788.026593281056
9426048.815256191,31869954.75084037,6303.238979475267,6.15822508689475,9425717.257879233,31869551.39484306,5818.451365669477,9426144.682902718,31870468.010763925,5818.451365669477,9426380.372633154,31870358.106837675,6788.026593281056,9425952.947609669,31869441.490916807,6788.026593281056
9426476.240279678,31870871.36676123,6303.238979475267,7.023959899115839,9426144.682902718,31870468.010763925,5818.451365669477,9426572.107926203,31871384.62668479,5818.451365669477,9426807.79765664,31871274.72275854,6788.026593281056,9426380.372633154,31870358.106837675,6788.026593281056
9426903.665303163,31871787.982682094,6303.238979475267,6.1997735064480475,9426572.107926203,31871384.62668479,5818.451365669477,9426999.532949688,31872301.242605653,5818.451365669477,9427235.222680125,31872191.3386794,6788.026593281056,9426807.79765664,31871274.72275854,6788.026593281056
9427331.090326648,31872704.59860296,6303.238979475267,5.019773348276031,9426999.532949688,31872301.242605653,5818.451365669477,9427426.957973173,31873217.858526513,5818.451365669477,9427662.64770361,31873107.954600267,6788.026593281056,9427235.222680125,31872191.3386794,6788.026593281056
9427758.515350135,31873621.214523822,6303.238979475267,3.5187592715148717,9427426.957973173,31873217.858526513,5818.451365669477,9427854.38299666,31874134.47444738,5818.451365669477,9428090.072727097,31874024.570521127,6788.026593281056,9427662.64770361,31873107.954600267,6788.026593281056
9428185.94037362,31874537.830444686,6303.238979475267,1.1279067860525436,9427854.38299666,31874134.47444738,5818.451365669477,9428281.808020145,31875051.090368245,5818.451365669477,9428517.49775058,31874941.18644199,6788.026593281056,9428090.072727097,31874024.570521127,6788.026593281056
9428613.365397107,31875454.446365546,6303.238979475267,0.7856991943620818,9428281.808020145,31875051.090368245,5818.451365669477,9428709.233043632,31875967.706289105,5818.451365669477,9428944.922774067,31875857.80236286,6788.026593281056,9428517.49775058,31874941.18644199,6788.026593281056
9429040.790420594,31876371.062286414,6303.238979475267,1.4928516877838462,9428709.233043632,31875967.706289105,5818.451365669477,9429136.658067117,31876884.322209973,5818.451365669477,9429372.347797552,31876774.41828372,6788.026593281056,9428944.922774067,31875857.80236286,6788.026593281056
9429468.215444079,31877287.67820728,6303.238979475267,1.5888882090807677,9429136.658067117,31876884.322209973,5818.451365669477,9429564.083090603,31877800.938130837,5818.451365669477,9429799.772821039,31877691.034204584,6788.026593281056,9429372.347797552,31876774.41828372,6788.026593281056
9429895.640467564,31878204.294128142,6303.238979475267,1.6447726810969032,9429564.083090603,31877800.938130837,5818.451365669477,9429991.508114088,31878717.554051697,5818.451365669477,9430227.197844524,31878607.650125448,6788.026593281056,9429799.772821039,31877691.034204584,6788.026593281056
9430323.065491047,31879120.910049006,6303.238979475267,1.3327948322403385,9429991.508114088,31878717.554051697,5818.451365669477,9430418.933137573,31879634.169972565,5818.451365669477,9430654.622868009,31879524.26604631,6788.026593281056,9430227.197844524,31878607.650125448,6788.026593281056
9430750.490514534,31880037.52596987,6303.238979475267,0.653760041977303,9430418.933137573,31879634.169972565,5818.451365669477,9430846.35816106,31880550.785893425,5818.451365669477,9431082.047891496,31880440.881967172,6788.026593281056,9430654.622868009,31879524.26604631,6788.026593281056
9431177.91553802,31880954.14189073,6303.238979475267,0.5674572180535937,9430846.35816106,31880550.785893425,5818.451365669477,9431273.783184545,31881467.40181429,5818.451365669477,9431509.47291498,31881357.49788804,6788.026593281056,9431082.047891496,31880440.881967172,6788.026593281056
9431605.340561505,31881870.7578116,6303.238979475267,0.7735946340634762,9431273.783184545,31881467.40181429,5818.451365669477,9431701.20820803,31882384.017735157,5818.451365669477,9431936.897938468,31882274.113808904,6788.026593281056,9431509.47291498,31881357.49788804,6788.026593281056
9432032.76558499,31882787.373732463,6303.238979475267,0.767901536221895,9431701.20820803,31882384.017735157,5818.451365669477,9432128.633231515,31883300.633656017,5818.451365669477,9432364.322961953,31883190.729729764,6788.026593281056,9431936.897938468,31882274.113808904,6788.026593281056
9432460.190608475,31883703.98965332,6303.238979475267,0.6592802030473337,9432128.633231515,31883300.633656017,5818.451365669477,9432556.058255,31884217.249576878,5818.451365669477,9432791.747985438,31884107.345650632,6788.026593281056,9432364.322961953,31883190.729729764,6788.026593281056
9432887.615631962,31884620.60557419,6303.238979475267,0.49417666430987434,9432556.058255,31884217.249576878,5818.451365669477,9432983.483278487,31885133.865497746,5818.451365669477,9433219.173008924,31885023.961571492,6788.026593281056,9432791.747985438,31884107.345650632,6788.026593281056
9433315.040655449,31885537.221495055,6303.238979475267,0.23136692529835393,9432983.483278487,31885133.865497746,5818.451365669477,9433410.908301972,31886050.48141861,5818.451365669477,9433646.598032407,31885940.577492356,6788.026593281056,9433219.173008924,31885023.961571492,6788.026593281056
9433742.465678934,31886453.837415915,6303.238979475267,0.07078354003793369,9433410.908301972,31886050.48141861,5818.451365669477,9433838.333325459,31886967.097339474,5818.451365669477,9434074.023055894,31886857.193413224,6788.026593281056,9433646.598032407,31885940.577492356,6788.026593281056
9417308.57949343,31850595.912575975,7272.814207086846,2.913344868203905,9416977.022116471,31850192.55657867,6788.026593281056,9417404.447139956,31851109.17249953,6788.026593281056,9417640.136870388,31850999.268573284,7757.601820892636,9417212.711846903,31850082.652652416,7757.601820892636
9417736.004516914,31851512.52849684,7272.814207086846,1.384097475232405,9417404.447139956,31851109.17249953,6788.026593281056,9417831.872163443,31852025.788420398,6788.026593281056,9418067.561893875,31851915.88449415,7757.601820892636,9417640.136870388,31850999.268573284,7757.601820892636
9418163.429540401,31852429.144417703,7272.814207086846,1.360213134249309,9417831.872163443,31852025.788420398,6788.026593281056,9418259.297186928,31852942.40434126,6788.026593281056,9418494.98691736,31852832.50041501,7757.601820892636,9418067.561893875,31851915.88449415,7757.601820892636
9418590.854563884,31853345.760338567,7272.814207086846,0.8026684714459259,9418259.297186928,31852942.40434126,6788.026593281056,9418686.722210413,31853859.020262122,6788.026593281056,9418922.411940845,31853749.116335873,7757.601820892636,9418494.98691736,31852832.50041501,7757.601820892636
9419018.279587371,31854262.376259428,7272.814207086846,0.7241860643730771,9418686.722210413,31853859.020262122,6788.026593281056,9419114.147233898,31854775.63618299,6788.026593281056,9419349.836964332,31854665.732256737,7757.601820892636,9418922.411940845,31853749.116335873,7757.601820892636
9419445.704610858,31855178.992180295,7272.814207086846,1.3851380620799518,9419114.147233898,31854775.63618299,6788.026593281056,9419541.572257383,31855692.25210385,6788.026593281056,9419777.261987817,31855582.3481776,7757.601820892636,9419349.836964332,31854665.732256737,7757.601820892636
9419873.129634343,31856095.60810116,7272.814207086846,1.5126795880266721,9419541.572257383,31855692.25210385,6788.026593281056,9419968.99728087,31856608.868024714,6788.026593281056,9420204.687011303,31856498.964098465,7757.601820892636,9419777.261987817,31855582.3481776,7757.601820892636
9420300.55465783,31857012.224022023,7272.814207086846,1.171610146507077,9419968.99728087,31856608.868024714,6788.026593281056,9420396.422304355,31857525.483945582,6788.026593281056,9420632.112034788,31857415.58001933,7757.601820892636,9420204.687011303,31856498.964098465,7757.601820892636
9420727.979681315,31857928.839942887,7272.814207086846,1.6050402706098506,9420396.422304355,31857525.483945582,6788.026593281056,9420823.847327841,31858442.099866442,6788.026593281056,9421059.537058273,31858332.195940197,7757.601820892636,9420632.112034788,31857415.58001933,7757.601820892636
9421155.404704802,31858845.45586375,7272.814207086846,0.700314922964227,9420823.847327841,31858442.099866442,6788.026593281056,9421251.272351326,31859358.715787306,6788.026593281056,9421486.962081758,31859248.81186106,7757.601820892636,9421059.537058273,31858332.195940197,7757.601820892636
9421582.829728287,31859762.071784616,7272.814207086846,0.739775685267805,9421251.272351326,31859358.715787306,6788.026593281056,9421678.697374811,31860275.33170817,6788.026593281056,9421914.387105243,31860165.42778192,7757.601820892636,9421486.962081758,31859248.81186106,7757.601820892636
9422010.254751772,31860678.68770548,7272.814207086846,0.7971276657866216,9421678.697374811,31860275.33170817,6788.026593281056,9422106.122398298,31861191.947629035,6788.026593281056,9422341.81212873,31861082.043702785,7757.601820892636,9421914.387105243,31860165.42778192,7757.601820892636
9422437.679775257,31861595.30362634,7272.814207086846,0.7590575411191509,9422106.122398298,31861191.947629035,6788.026593281056,9422533.547421783,31862108.563549895,6788.026593281056,9422769.237152215,31861998.65962365,7757.601820892636,9422341.81212873,31861082.043702785,7757.601820892636
9422865.104798742,31862511.919547204,7272.814207086846,2.37857868040579,9422533.547421783,31862108.563549895,6788.026593281056,9422960.97244527,31863025.179470763,6788.026593281056,9423196.662175702,31862915.275544513,7757.601820892636,9422769.237152215,31861998.65962365,7757.601820892636
9423292.529822228,31863428.535468068,7272.814207086846,4.4147478773399715,9422960.97244527,31863025.179470763,6788.026593281056,9423388.397468755,31863941.795391627,6788.026593281056,9423624.087199187,31863831.891465377,7757.601820892636,9423196.662175702,31862915.275544513,7757.601820892636
9423719.954845713,31864345.15138894,7272.814207086846,5.594905772851958,9423388.397468755,31863941.795391627,6788.026593281056,9423815.82249224,31864858.41131249,6788.026593281056,9424051.512222674,31864748.50738624,7757.601820892636,9423624.087199187,31863831.891465377,7757.601820892636
9424147.379869198,31865261.767309796,7272.814207086846,7.081277342096865,9423815.82249224,31864858.41131249,6788.026593281056,9424243.247515725,31865775.027233355,6788.026593281056,9424478.937246159,31865665.1233071,7757.601820892636,9424051.512222674,31864748.50738624,7757.601820892636
9424574.804892685,31866178.38323066,7272.814207086846,4.437569092477939,9424243.247515725,31865775.027233355,6788.026593281056,9424670.67253921,31866691.643154215,6788.026593281056,9424906.362269644,31866581.73922797,7757.601820892636,9424478.937246159,31865665.1233071,7757.601820892636
9425002.22991617,31867094.999151524,7272.814207086846,3.620649428986946,9424670.67253921,31866691.643154215,6788.026593281056,9425098.097562697,31867608.259075083,6788.026593281056,9425333.78729313,31867498.355148833,7757.601820892636,9424906.362269644,31866581.73922797,7757.601820892636
9425429.654939657,31868011.61507239,7272.814207086846,3.7462042033803176,9425098.097562697,31867608.259075083,6788.026593281056,9425525.522586182,31868524.874995947,6788.026593281056,9425761.212316614,31868414.971069694,7757.601820892636,9425333.78729313,31867498.355148833,7757.601820892636
9425857.079963142,31868928.230993252,7272.814207086846,6.157169452038798,9425525.522586182,31868524.874995947,6788.026593281056,9425952.947609669,31869441.490916807,6788.026593281056,9426188.6373401,31869331.58699056,7757.601820892636,9425761.212316614,31868414.971069694,7757.601820892636
9426284.504986627,31869844.846914116,7272.814207086846,6.752164722360737,9425952.947609669,31869441.490916807,6788.026593281056,9426380.372633154,31870358.106837675,6788.026593281056,9426616.062363585,31870248.202911425,7757.601820892636,9426188.6373401,31869331.58699056,7757.601820892636
9426711.930010114,31870761.46283498,7272.814207086846,2.9044410770992997,9426380.372633154,31870358.106837675,6788.026593281056,9426807.79765664,31871274.72275854,6788.026593281056,9427043.487387072,31871164.818832286,7757.601820892636,9426616.062363585,31870248.202911425,7757.601820892636
9427139.355033599,31871678.078755844,7272.814207086846,2.773722112483232,9426807.79765664,31871274.72275854,6788.026593281056,9427235.222680125,31872191.3386794,6788.026593281056,9427470.912410557,31872081.434753153,7757.601820892636,9427043.487387072,31871164.818832286,7757.601820892636
9427566.780057084,31872594.69467671,7272.814207086846,5.978455571756381,9427235.222680125,31872191.3386794,6788.026593281056,9427662.64770361,31873107.954600267,6788.026593281056,9427898.337434042,31872998.050674014,7757.601820892636,9427470.912410557,31872081.434753153,7757.601820892636
9427994.205080569,31873511.310597572,7272.814207086846,4.506598375483427,9427662.64770361,31873107.954600267,6788.026593281056,9428090.072727097,31874024.570521127,6788.026593281056,9428325.76245753,31873914.666594878,7757.601820892636,9427898.337434042,31872998.050674014,7757.601820892636
9428421.630104054,31874427.926518437,7272.814207086846,2.7155556971206547,9428090.072727097,31874024.570521127,6788.026593281056,9428517.49775058,31874941.18644199,6788.026593281056,9428753.187481014,31874831.282515746,7757.601820892636,9428325.76245753,31873914.666594878,7757.601820892636
9428849.05512754,31875344.5424393,7272.814207086846,0.8491173702605989,9428517.49775058,31874941.18644199,6788.026593281056,9428944.922774067,31875857.80236286,6788.026593281056,9429180.6125045,31875747.898436606,7757.601820892636,9428753.187481014,31874831.282515746,7757.601820892636
9429276.480151027,31876261.158360165,7272.814207086846,0.8858551216641579,9428944.922774067,31875857.80236286,6788.026593281056,9429372.347797552,31876774.41828372,6788.026593281056,9429608.037527986,31876664.51435747,7757.601820892636,9429180.6125045,31875747.898436606,7757.601820892636
9429703.905174512,31877177.77428103,7272.814207086846,1.4544826915792446,9429372.347797552,31876774.41828372,6788.026593281056,9429799.772821039,31877691.034204584,6788.026593281056,9430035.462551473,31877581.130278338,7757.601820892636,9429608.037527986,31876664.51435747,7757.601820892636
9430131.330198,31878094.390201893,7272.814207086846,0.924314190519132,9429799.772821039,31877691.034204584,6788.026593281056,9430227.197844524,31878607.650125448,6788.026593281056,9430462.887574958,31878497.746199198,7757.601820892636,9430035.462551473,31877581.130278338,7757.601820892636
9430558.755221482,31879011.006122753,7272.814207086846,1.1890655015707807,9430227.197844524,31878607.650125448,6788.026593281056,9430654.622868009,31879524.26604631,6788.026593281056,9430890.31259844,31879414.36212006,7757.601820892636,9430462.887574958,31878497.746199198,7757.601820892636
9430986.18024497,31879927.62204362,7272.814207086846,0.7338392737072036,9430654.622868009,31879524.26604631,6788.026593281056,9431082.047891496,31880440.881967172,6788.026593281056,9431317.737621928,31880330.978040926,7757.601820892636,9430890.31259844,31879414.36212006,7757.601820892636
9431413.605268456,31880844.23796448,7272.814207086846,0.7289825243511149,9431082.047891496,31880440.881967172,6788.026593281056,9431509.47291498,31881357.49788804,6788.026593281056,9431745.162645413,31881247.59396179,7757.601820892636,9431317.737621928,31880330.978040926,7757.601820892636
9431841.030291941,31881760.85388535,7272.814207086846,1.1604706172636798,9431509.47291498,31881357.49788804,6788.026593281056,9431936.897938468,31882274.113808904,6788.026593281056,9432172.5876689,31882164.20988265,7757.601820892636,9431745.162645413,31881247.59396179,7757.601820892636
9432268.455315426,31882677.469806205,7272.814207086846,1.3978585050961534,9431936.897938468,31882274.113808904,6788.026593281056,9432364.322961953,31883190.729729764,6788.026593281056,9432600.012692384,31883080.82580352,7757.601820892636,9432172.5876689,31882164.20988265,7757.601820892636
9432695.88033891,31883594.085727073,7272.814207086846,0.5965553827259571,9432364.322961953,31883190.729729764,6788.026593281056,9432791.747985438,31884107.345650632,6788.026593281056,9433027.43771587,31883997.44172438,7757.601820892636,9432600.012692384,31883080.82580352,7757.601820892636
9433123.305362396,31884510.701647937,7272.814207086846,0.19979879595849914,9432791.747985438,31884107.345650632,6788.026593281056,9433219.173008924,31885023.961571492,6788.026593281056,9433454.862739356,31884914.057645246,7757.601820892636,9433027.43771587,31883997.44172438,7757.601820892636
9433550.730385883,31885427.3175688,7272.814207086846,0.15189001965156448,9433219.173008924,31885023.961571492,6788.026593281056,9433646.598032407,31885940.577492356,6788.026593281056,9433882.287762841,31885830.67356611,7757.601820892636,9433454.862739356,31884914.057645246,7757.601820892636
9433978.155409368,31886343.933489665,7272.814207086846,0.12486112553053584,9433646.598032407,31885940.577492356,6788.026593281056,9434074.023055894,31886857.193413224,6788.026593281056,9434309.712786328,31886747.28948697,7757.601820892636,9433882.287762841,31885830.67356611,7757.601820892636
9417544.269223865,31850486.00864973,8242.389434698425,2.736588178787489,9417212.711846903,31850082.652652416,7757.601820892636,9417640.136870388,31850999.268573284,7757.601820892636,9417875.826600824,31850889.36464703,8727.177048504214,9417448.40157734,31849972.748726167,8727.177048504214
9417971.69424735,31851402.624570586,8242.389434698425,1.6224659432370165,9417640.136870388,31850999.268573284,7757.601820892636,9418067.561893875,31851915.88449415,7757.601820892636,9418303.25162431,31851805.9805679,8727.177048504214,9417875.826600824,31850889.36464703,8727.177048504214
9418399.119270835,31852319.240491454,8242.389434698425,0.5202494436582638,9418067.561893875,31851915.88449415,7757.601820892636,9418494.98691736,31852832.50041501,7757.601820892636,9418730.676647795,31852722.59648876,8727.177048504214,9418303.25162431,31851805.9805679,8727.177048504214
9418826.54429432,31853235.856412314,8242.389434698425,0.6665582017274572,9418494.98691736,31852832.50041501,7757.601820892636,9418922.411940845,31853749.116335873,7757.601820892636,9419158.10167128,31853639.212409623,8727.177048504214,9418730.676647795,31852722.59648876,8727.177048504214
9419253.969317807,31854152.472333178,8242.389434698425,0.7857225350650385,9418922.411940845,31853749.116335873,7757.601820892636,9419349.836964332,31854665.732256737,7757.601820892636,9419585.526694767,31854555.828330487,8727.177048504214,9419158.10167128,31853639.212409623,8727.177048504214
9419681.394341292,31855069.088254046,8242.389434698425,0.5157442420716889,9419349.836964332,31854665.732256737,7757.601820892636,9419777.261987817,31855582.3481776,7757.601820892636,9420012.951718252,31855472.44425135,8727.177048504214,9419585.526694767,31854555.828330487,8727.177048504214
9420108.819364777,31855985.704174913,8242.389434698425,0.41091448729922603,9419777.261987817,31855582.3481776,7757.601820892636,9420204.687011303,31856498.964098465,7757.601820892636,9420440.376741739,31856389.060172215,8727.177048504214,9420012.951718252,31855472.44425135,8727.177048504214
9420536.244388262,31856902.32009577,8242.389434698425,0.5400741510070846,9420204.687011303,31856498.964098465,7757.601820892636,9420632.112034788,31857415.58001933,7757.601820892636,9420867.801765224,31857305.67609308,8727.177048504214,9420440.376741739,31856389.060172215,8727.177048504214
9420963.669411747,31857818.936016638,8242.389434698425,0.8767117878754593,9420632.112034788,31857415.58001933,7757.601820892636,9421059.537058273,31858332.195940197,7757.601820892636,9421295.22678871,31858222.292013943,8727.177048504214,9420867.801765224,31857305.67609308,8727.177048504214
9421391.094435234,31858735.551937506,8242.389434698425,0.886390651203188,9421059.537058273,31858332.195940197,7757.601820892636,9421486.962081758,31859248.81186106,7757.601820892636,9421722.651812196,31859138.907934807,8727.177048504214,9421295.22678871,31858222.292013943,8727.177048504214
9421818.51945872,31859652.167858362,8242.389434698425,0.7447406927784226,9421486.962081758,31859248.81186106,7757.601820892636,9421914.387105243,31860165.42778192,7757.601820892636,9422150.07683568,31860055.52385567,8727.177048504214,9421722.651812196,31859138.907934807,8727.177048504214
9422245.944482205,31860568.78377923,8242.389434698425,0.37677446338982035,9421914.387105243,31860165.42778192,7757.601820892636,9422341.81212873,31861082.043702785,7757.601820892636,9422577.501859166,31860972.139776535,8727.177048504214,9422150.07683568,31860055.52385567,8727.177048504214
9422673.36950569,31861485.39970009,8242.389434698425,0.7728965993052612,9422341.81212873,31861082.043702785,7757.601820892636,9422769.237152215,31861998.65962365,7757.601820892636,9423004.92688265,31861888.755697396,8727.177048504214,9422577.501859166,31860972.139776535,8727.177048504214
9423100.794529175,31862402.015620954,8242.389434698425,1.7956736743474615,9422769.237152215,31861998.65962365,7757.601820892636,9423196.662175702,31862915.275544513,7757.601820892636,9423432.351906138,31862805.371618263,8727.177048504214,9423004.92688265,31861888.755697396,8727.177048504214
9423528.219552662,31863318.631541822,8242.389434698425,2.9062165362793584,9423196.662175702,31862915.275544513,7757.601820892636,9423624.087199187,31863831.891465377,7757.601820892636,9423859.776929623,31863721.987539127,8727.177048504214,9423432.351906138,31862805.371618263,8727.177048504214
9423955.644576149,31864235.247462682,8242.389434698425,4.352723269685338,9423624.087199187,31863831.891465377,7757.601820892636,9424051.512222674,31864748.50738624,7757.601820892636,9424287.20195311,31864638.603459988,8727.177048504214,9423859.776929623,31863721.987539127,8727.177048504214
9424383.069599632,31865151.863383546,8242.389434698425,5.079617946583503,9424051.512222674,31864748.50738624,7757.601820892636,9424478.937246159,31865665.1233071,7757.601820892636,9424714.626976594,31865555.21938085,8727.177048504214,9424287.20195311,31864638.603459988,8727.177048504214
9424810.494623117,31866068.479304414,8242.389434698425,3.347770972707149,9424478.937246159,31865665.1233071,7757.601820892636,9424906.362269644,31866581.73922797,7757.601820892636,9425142.05200008,31866471.835301716,8727.177048504214,9424714.626976594,31865555.21938085,8727.177048504214
9425237.919646602,31866985.09522527,8242.389434698425,5.237600713750268,9424906.362269644,31866581.73922797,7757.601820892636,9425333.78729313,31867498.355148833,7757.601820892636,9425569.477023566,31867388.45122258,8727.177048504214,9425142.05200008,31866471.835301716,8727.177048504214
9425665.344670089,31867901.71114614,8242.389434698425,9.376171722808227,9425333.78729313,31867498.355148833,7757.601820892636,9425761.212316614,31868414.971069694,7757.601820892636,9425996.902047051,31868305.067143448,8727.177048504214,9425569.477023566,31867388.45122258,8727.177048504214
9426092.769693576,31868818.327067006,8242.389434698425,11.45274216844625,9425761.212316614,31868414.971069694,7757.601820892636,9426188.6373401,31869331.58699056,7757.601820892636,9426424.327070538,31869221.683064308,8727.177048504214,9425996.902047051,31868305.067143448,8727.177048504214
9426520.19471706,31869734.942987867,8242.389434698425,10.71133841605487,9426188.6373401,31869331.58699056,7757.601820892636,9426616.062363585,31870248.202911425,7757.601820892636,9426851.752094023,31870138.298985172,8727.177048504214,9426424.327070538,31869221.683064308,8727.177048504214
9426947.619740548,31870651.55890873,8242.389434698425,9.4857954046227,9426616.062363585,31870248.202911425,7757.601820892636,9427043.487387072,31871164.818832286,7757.601820892636,9427279.17711751,31871054.91490604,8727.177048504214,9426851.752094023,31870138.298985172,8727.177048504214
9427375.044764034,31871568.1748296,8242.389434698425,6.1684844693392895,9427043.487387072,31871164.818832286,7757.601820892636,9427470.912410557,31872081.434753153,7757.601820892636,9427706.602140993,31871971.5308269,8727.177048504214,9427279.17711751,31871054.91490604,8727.177048504214
9427802.469787518,31872484.790750455,8242.389434698425,8.022114025696744,9427470.912410557,31872081.434753153,7757.601820892636,9427898.337434042,31872998.050674014,7757.601820892636,9428134.027164478,31872888.14674776,8727.177048504214,9427706.602140993,31871971.5308269,8727.177048504214
9428229.894811004,31873401.40667132,8242.389434698425,2.67402217629838,9427898.337434042,31872998.050674014,7757.601820892636,9428325.76245753,31873914.666594878,7757.601820892636,9428561.452187965,31873804.76266863,8727.177048504214,9428134.027164478,31872888.14674776,8727.177048504214
9428657.31983449,31874318.02259219,8242.389434698425,1.5499352373697577,9428325.76245753,31873914.666594878,7757.601820892636,9428753.187481014,31874831.282515746,7757.601820892636,9428988.87721145,31874721.378589492,8727.177048504214,9428561.452187965,31873804.76266863,8727.177048504214
9429084.744857974,31875234.638513047,8242.389434698425,2.380483350369275,9428753.187481014,31874831.282515746,7757.601820892636,9429180.6125045,31875747.898436606,7757.601820892636,9429416.302234937,31875637.994510353,8727.177048504214,9428988.87721145,31874721.378589492,8727.177048504214
9429512.169881461,31876151.25443391,8242.389434698425,1.4860245769514702,9429180.6125045,31875747.898436606,7757.601820892636,9429608.037527986,31876664.51435747,7757.601820892636,9429843.727258421,31876554.61043122,8727.177048504214,9429416.302234937,31875637.994510353,8727.177048504214
9429939.594904946,31877067.870354783,8242.389434698425,1.0899800350355888,9429608.037527986,31876664.51435747,7757.601820892636,9430035.462551473,31877581.130278338,7757.601820892636,9430271.152281908,31877471.226352084,8727.177048504214,9429843.727258421,31876554.61043122,8727.177048504214
9430367.019928431,31877984.48627564,8242.389434698425,1.0303226324151888,9430035.462551473,31877581.130278338,7757.601820892636,9430462.887574958,31878497.746199198,7757.601820892636,9430698.577305393,31878387.84227295,8727.177048504214,9430271.152281908,31877471.226352084,8727.177048504214
9430794.444951916,31878901.102196503,8242.389434698425,0.6950080579599373,9430462.887574958,31878497.746199198,7757.601820892636,9430890.31259844,31879414.36212006,7757.601820892636,9431126.00232888,31879304.458193813,8727.177048504214,9430698.577305393,31878387.84227295,8727.177048504214
9431221.869975403,31879817.718117367,8242.389434698425,0.7717612807669806,9430890.31259844,31879414.36212006,7757.601820892636,9431317.737621928,31880330.978040926,7757.601820892636,9431553.427352365,31880221.074114673,8727.177048504214,9431126.00232888,31879304.458193813,8727.177048504214
9431649.29499889,31880734.33403823,8242.389434698425,0.4050990441262846,9431317.737621928,31880330.978040926,7757.601820892636,9431745.162645413,31881247.59396179,7757.601820892636,9431980.85237585,31881137.69003554,8727.177048504214,9431553.427352365,31880221.074114673,8727.177048504214
9432076.720022375,31881650.9499591,8242.389434698425,0.37674518285610115,9431745.162645413,31881247.59396179,7757.601820892636,9432172.5876689,31882164.20988265,7757.601820892636,9432408.277399335,31882054.305956405,8727.177048504214,9431980.85237585,31881137.69003554,8727.177048504214
9432504.14504586,31882567.56587996,8242.389434698425,0.5410286315876859,9432172.5876689,31882164.20988265,7757.601820892636,9432600.012692384,31883080.82580352,7757.601820892636,9432835.70242282,31882970.921877265,8727.177048504214,9432408.277399335,31882054.305956405,8727.177048504214
9432931.570069345,31883484.181800824,8242.389434698425,0.24756703826466062,9432600.012692384,31883080.82580352,7757.601820892636,9433027.43771587,31883997.44172438,7757.601820892636,9433263.127446307,31883887.537798133,8727.177048504214,9432835.70242282,31882970.921877265,8727.177048504214
9433358.995092832,31884400.79772169,8242.389434698425,0.159190763484042,9433027.43771587,31883997.44172438,7757.601820892636,9433454.862739356,31884914.057645246,7757.601820892636,9433690.552469792,31884804.153718993,8727.177048504214,9433263.127446307,31883887.537798133,8727.177048504214
9433786.420116317,31885317.41364255,8242.389434698425,0.09011250889751636,9433454.862739356,31884914.057645246,7757.601820892636,9433882.287762841,31885830.67356611,7757.601820892636,9434117.977493279,31885720.769639857,8727.177048504214,9433690.552469792,31884804.153718993,8727.177048504214
9434213.845139802,31886234.029563416,8242.389434698425,0.04328163534073441,9433882.287762841,31885830.67356611,7757.601820892636,9434309.712786328,31886747.28948697,7757.601820892636,9434545.402516764,31886637.385560725,8727.177048504214,9434117.977493279,31885720.769639857,8727.177048504214
9417779.958954299,31850376.104723472,9211.964662310003,3.389779384413964,9417448.40157734,31849972.748726167,8727.177048504214,9417875.826600824,31850889.36464703,8727.177048504214,9418111.516331261,31850779.46072078,9696.752276115792,9417684.091307776,31849862.844799917,9696.752276115792
9418207.383977784,31851292.72064434,9211.964662310003,2.823018685072475,9417875.826600824,31850889.36464703,8727.177048504214,9418303.25162431,31851805.9805679,8727.177048504214,9418538.941354748,31851696.076641645,9696.752276115792,9418111.516331261,31850779.46072078,9696.752276115792
9418634.80900127,31852209.336565204,9211.964662310003,3.032491745525471,9418303.25162431,31851805.9805679,8727.177048504214,9418730.676647795,31852722.59648876,8727.177048504214,9418966.366378233,31852612.69256251,9696.752276115792,9418538.941354748,31851696.076641645,9696.752276115792
9419062.234024758,31853125.952486064,9211.964662310003,3.00988661884387,9418730.676647795,31852722.59648876,8727.177048504214,9419158.10167128,31853639.212409623,8727.177048504214,9419393.791401718,31853529.308483373,9696.752276115792,9418966.366378233,31852612.69256251,9696.752276115792
9419489.659048242,31854042.568406932,9211.964662310003,1.694942552113113,9419158.10167128,31853639.212409623,8727.177048504214,9419585.526694767,31854555.828330487,8727.177048504214,9419821.216425203,31854445.924404237,9696.752276115792,9419393.791401718,31853529.308483373,9696.752276115792
9419917.084071727,31854959.184327796,9211.964662310003,0.6074364417417405,9419585.526694767,31854555.828330487,8727.177048504214,9420012.951718252,31855472.44425135,8727.177048504214,9420248.641448688,31855362.540325098,9696.752276115792,9419821.216425203,31854445.924404237,9696.752276115792
9420344.509095212,31855875.800248656,9211.964662310003,0.4705498743442674,9420012.951718252,31855472.44425135,8727.177048504214,9420440.376741739,31856389.060172215,8727.177048504214,9420676.066472175,31856279.156245966,9696.752276115792,9420248.641448688,31855362.540325098,9696.752276115792
9420771.9341187,31856792.416169524,9211.964662310003,0.7296649137796842,9420440.376741739,31856389.060172215,8727.177048504214,9420867.801765224,31857305.67609308,8727.177048504214,9421103.49149566,31857195.77216683,9696.752276115792,9420676.066472175,31856279.156245966,9696.752276115792
9421199.359142184,31857709.03209039,9211.964662310003,0.7781076697400687,9420867.801765224,31857305.67609308,8727.177048504214,9421295.22678871,31858222.292013943,8727.177048504214,9421530.916519146,31858112.38808769,9696.752276115792,9421103.49149566,31857195.77216683,9696.752276115792
9421626.78416567,31858625.648011245,9211.964662310003,0.8342218866228379,9421295.22678871,31858222.292013943,8727.177048504214,9421722.651812196,31859138.907934807,8727.177048504214,9421958.341542631,31859029.004008558,9696.752276115792,9421530.916519146,31858112.38808769,9696.752276115792
9422054.209189156,31859542.263932116,9211.964662310003,0.6583763930765464,9421722.651812196,31859138.907934807,8727.177048504214,9422150.07683568,31860055.52385567,8727.177048504214,9422385.766566118,31859945.619929418,9696.752276115792,9421958.341542631,31859029.004008558,9696.752276115792
9422481.634212641,31860458.87985298,9211.964662310003,1.164174777318386,9422150.07683568,31860055.52385567,8727.177048504214,9422577.501859166,31860972.139776535,8727.177048504214,9422813.191589603,31860862.235850282,9696.752276115792,9422385.766566118,31859945.619929418,9696.752276115792
9422909.059236128,31861375.495773837,9211.964662310003,1.101392772211909,9422577.501859166,31860972.139776535,8727.177048504214,9423004.92688265,31861888.755697396,8727.177048504214,9423240.61661309,31861778.851771146,9696.752276115792,9422813.191589603,31860862.235850282,9696.752276115792
9423336.484259613,31862292.111694705,9211.964662310003,1.4874112157295647,9423004.92688265,31861888.755697396,8727.177048504214,9423432.351906138,31862805.371618263,8727.177048504214,9423668.041636575,31862695.46769201,9696.752276115792,9423240.61661309,31861778.851771146,9696.752276115792
9423763.909283098,31863208.727615573,9211.964662310003,2.014363500974642,9423432.351906138,31862805.371618263,8727.177048504214,9423859.776929623,31863721.987539127,8727.177048504214,9424095.46666006,31863612.083612874,9696.752276115792,9423668.041636575,31862695.46769201,9696.752276115792
9424191.334306585,31864125.34353643,9211.964662310003,5.124675430097803,9423859.776929623,31863721.987539127,8727.177048504214,9424287.20195311,31864638.603459988,8727.177048504214,9424522.891683545,31864528.69953374,9696.752276115792,9424095.46666006,31863612.083612874,9696.752276115792
9424618.759330072,31865041.959457297,9211.964662310003,5.148930256178502,9424287.20195311,31864638.603459988,8727.177048504214,9424714.626976594,31865555.21938085,8727.177048504214,9424950.31670703,31865445.315454602,9696.752276115792,9424522.891683545,31864528.69953374,9696.752276115792
9425046.184353556,31865958.575378157,9211.964662310003,4.036254496077533,9424714.626976594,31865555.21938085,8727.177048504214,9425142.05200008,31866471.835301716,8727.177048504214,9425377.741730517,31866361.931375463,9696.752276115792,9424950.31670703,31865445.315454602,9696.752276115792
9425473.609377041,31866875.19129902,9211.964662310003,8.83378508265805,9425142.05200008,31866471.835301716,8727.177048504214,9425569.477023566,31867388.45122258,8727.177048504214,9425805.166754002,31867278.54729633,9696.752276115792,9425377.741730517,31866361.931375463,9696.752276115792
9425901.034400526,31867791.80721989,9211.964662310003,9.766588808243924,9425569.477023566,31867388.45122258,8727.177048504214,9425996.902047051,31868305.067143448,8727.177048504214,9426232.591777489,31868195.163217194,9696.752276115792,9425805.166754002,31867278.54729633,9696.752276115792
9426328.459424011,31868708.423140753,9211.964662310003,10.3726099776436,9425996.902047051,31868305.067143448,8727.177048504214,9426424.327070538,31869221.683064308,8727.177048504214,9426660.016800974,31869111.77913806,9696.752276115792,9426232.591777489,31868195.163217194,9696.752276115792
9426755.884447498,31869625.039061613,9211.964662310003,11.371880018217697,9426424.327070538,31869221.683064308,8727.177048504214,9426851.752094023,31870138.298985172,8727.177048504214,9427087.44182446,31870028.395058922,9696.752276115792,9426660.016800974,31869111.77913806,9696.752276115792
9427183.309470983,31870541.65498248,9211.964662310003,10.49197553800019,9426851.752094023,31870138.298985172,8727.177048504214,9427279.17711751,31871054.91490604,8727.177048504214,9427514.866847945,31870945.010979787,9696.752276115792,9427087.44182446,31870028.395058922,9696.752276115792
9427610.734494468,31871458.27090334,9211.964662310003,8.839520173308093,9427279.17711751,31871054.91490604,8727.177048504214,9427706.602140993,31871971.5308269,8727.177048504214,9427942.29187143,31871861.62690065,9696.752276115792,9427514.866847945,31870945.010979787,9696.752276115792
9428038.159517953,31872374.886824206,9211.964662310003,5.554958776243946,9427706.602140993,31871971.5308269,8727.177048504214,9428134.027164478,31872888.14674776,8727.177048504214,9428369.716894917,31872778.242821515,9696.752276115792,9427942.29187143,31871861.62690065,9696.752276115792
9428465.58454144,31873291.502745073,9211.964662310003,3.106353746125642,9428134.027164478,31872888.14674776,8727.177048504214,9428561.452187965,31873804.76266863,8727.177048504214,9428797.141918402,31873694.858742375,9696.752276115792,9428369.716894917,31872778.242821515,9696.752276115792
9428893.009564927,31874208.11866593,9211.964662310003,2.565036838801878,9428561.452187965,31873804.76266863,8727.177048504214,9428988.87721145,31874721.378589492,8727.177048504214,9429224.566941887,31874611.474663243,9696.752276115792,9428797.141918402,31873694.858742375,9696.752276115792
9429320.434588412,31875124.7345868,9211.964662310003,2.9307486671231797,9428988.87721145,31874721.378589492,8727.177048504214,9429416.302234937,31875637.994510353,8727.177048504214,9429651.991965372,31875528.090584107,9696.752276115792,9429224.566941887,31874611.474663243,9696.752276115792
9429747.859611899,31876041.350507665,9211.964662310003,1.8650579800751126,9429416.302234937,31875637.994510353,8727.177048504214,9429843.727258421,31876554.61043122,8727.177048504214,9430079.416988859,31876444.706504967,9696.752276115792,9429651.991965372,31875528.090584107,9696.752276115792
9430175.284635384,31876957.966428526,9211.964662310003,0.7775286261513297,9429843.727258421,31876554.61043122,8727.177048504214,9430271.152281908,31877471.226352084,8727.177048504214,9430506.842012344,31877361.322425835,9696.752276115792,9430079.416988859,31876444.706504967,9696.752276115792
9430602.709658869,31877874.582349394,9211.964662310003,0.38589336083979536,9430271.152281908,31877471.226352084,8727.177048504214,9430698.577305393,31878387.84227295,8727.177048504214,9430934.267035829,31878277.938346695,9696.752276115792,9430506.842012344,31877361.322425835,9696.752276115792
9431030.134682354,31878791.198270258,9211.964662310003,0.23991069582689323,9430698.577305393,31878387.84227295,8727.177048504214,9431126.00232888,31879304.458193813,8727.177048504214,9431361.692059316,31879194.55426756,9696.752276115792,9430934.267035829,31878277.938346695,9696.752276115792
9431457.559705839,31879707.814191114,9211.964662310003,0.4667460037167312,9431126.00232888,31879304.458193813,8727.177048504214,9431553.427352365,31880221.074114673,8727.177048504214,9431789.1170828,31880111.170188427,9696.752276115792,9431361.692059316,31879194.55426756,9696.752276115792
9431884.984729325,31880624.430111986,9211.964662310003,0.28439367707467356,9431553.427352365,31880221.074114673,8727.177048504214,9431980.85237585,31881137.69003554,8727.177048504214,9432216.542106288,31881027.786109287,9696.752276115792,9431789.1170828,31880111.170188427,9696.752276115792
9432312.40975281,31881541.04603285,9211.964662310003,0.3456260664977974,9431980.85237585,31881137.69003554,8727.177048504214,9432408.277399335,31882054.305956405,8727.177048504214,9432643.967129773,31881944.40203015,9696.752276115792,9432216.542106288,31881027.786109287,9696.752276115792
9432739.834776297,31882457.661953706,9211.964662310003,0.39040254091402016,9432408.277399335,31882054.305956405,8727.177048504214,9432835.70242282,31882970.921877265,8727.177048504214,9433071.39215326,31882861.01795102,9696.752276115792,9432643.967129773,31881944.40203015,9696.752276115792
9433167.259799782,31883374.277874574,9211.964662310003,0.3251997525268241,9432835.70242282,31882970.921877265,8727.177048504214,9433263.127446307,31883887.537798133,8727.177048504214,9433498.817176744,31883777.63387188,9696.752276115792,9433071.39215326,31882861.01795102,9696.752276115792
9433594.684823267,31884290.893795438,9211.964662310003,0.1413848430597701,9433263.127446307,31883887.537798133,8727.177048504214,9433690.552469792,31884804.153718993,8727.177048504214,9433926.24220023,31884694.24979274,9696.752276115792,9433498.817176744,31883777.63387188,9696.752276115792
9434022.109846754,31885207.5097163,9211.964662310003,0.06627503844223238,9433690.552469792,31884804.153718993,8727.177048504214,9434117.977493279,31885720.769639857,8727.177048504214,9434353.667223714,31885610.865713608,9696.752276115792,9433926.24220023,31884694.24979274,9696.752276115792
9434449.53487024,31886124.125637166,9211.964662310003,0.017574149396171974,9434117.977493279,31885720.769639857,8727.177048504214,9434545.402516764,31886637.385560725,8727.177048504214,9434781.0922472,31886527.48163447,9696.752276115792,9434353.667223714,31885610.865713608,9696.752276115792
9418015.648684736,31850266.200797223,10181.539889921585,4.18406006824409,9417684.091307776,31849862.844799917,9696.752276115792,9418111.516331261,31850779.46072078,9696.752276115792,9418347.206061695,31850669.55679453,10666.327503727374,9417919.781038208,31849752.940873668,10666.327503727374
9418443.073708221,31851182.81671809,10181.539889921585,4.21529001377245,9418111.516331261,31850779.46072078,9696.752276115792,9418538.941354748,31851696.076641645,9696.752276115792,9418774.63108518,31851586.172715396,10666.327503727374,9418347.206061695,31850669.55679453,10666.327503727374
9418870.498731706,31852099.432638954,10181.539889921585,3.936788151462303,9418538.941354748,31851696.076641645,9696.752276115792,9418966.366378233,31852612.69256251,9696.752276115792,9419202.056108667,31852502.78863626,10666.327503727374,9418774.63108518,31851586.172715396,10666.327503727374
9419297.923755191,31853016.048559815,10181.539889921585,2.0456876912498574,9418966.366378233,31852612.69256251,9696.752276115792,9419393.791401718,31853529.308483373,9696.752276115792,9419629.481132152,31853419.404557124,10666.327503727374,9419202.056108667,31852502.78863626,10666.327503727374
9419725.348778676,31853932.66448068,10181.539889921585,2.5232873480370666,9419393.791401718,31853529.308483373,9696.752276115792,9419821.216425203,31854445.924404237,9696.752276115792,9420056.906155637,31854336.020477984,10666.327503727374,9419629.481132152,31853419.404557124,10666.327503727374
9420152.773802163,31854849.280401547,10181.539889921585,2.0531008334290126,9419821.216425203,31854445.924404237,9696.752276115792,9420248.641448688,31855362.540325098,9696.752276115792,9420484.331179123,31855252.636398852,10666.327503727374,9420056.906155637,31854336.020477984,10666.327503727374
9420580.19882565,31855765.896322407,10181.539889921585,1.5170864599306548,9420248.641448688,31855362.540325098,9696.752276115792,9420676.066472175,31856279.156245966,9696.752276115792,9420911.756202608,31856169.252319716,10666.327503727374,9420484.331179123,31855252.636398852,10666.327503727374
9421007.623849135,31856682.512243275,10181.539889921585,2.0776320069618937,9420676.066472175,31856279.156245966,9696.752276115792,9421103.49149566,31857195.77216683,9696.752276115792,9421339.181226095,31857085.868240576,10666.327503727374,9420911.756202608,31856169.252319716,10666.327503727374
9421435.04887262,31857599.12816413,10181.539889921585,1.235700201187887,9421103.49149566,31857195.77216683,9696.752276115792,9421530.916519146,31858112.38808769,9696.752276115792,9421766.606249578,31858002.484161444,10666.327503727374,9421339.181226095,31857085.868240576,10666.327503727374
9421862.473896107,31858515.744085,10181.539889921585,1.4357196483200705,9421530.916519146,31858112.38808769,9696.752276115792,9421958.341542631,31859029.004008558,9696.752276115792,9422194.031273065,31858919.100082308,10666.327503727374,9421766.606249578,31858002.484161444,10666.327503727374
9422289.898919594,31859432.360005863,10181.539889921585,1.7960019743313416,9421958.341542631,31859029.004008558,9696.752276115792,9422385.766566118,31859945.619929418,9696.752276115792,9422621.45629655,31859835.71600317,10666.327503727374,9422194.031273065,31858919.100082308,10666.327503727374
9422717.323943079,31860348.975926723,10181.539889921585,3.083674871181069,9422385.766566118,31859945.619929418,9696.752276115792,9422813.191589603,31860862.235850282,9696.752276115792,9423048.881320035,31860752.331924032,10666.327503727374,9422621.45629655,31859835.71600317,10666.327503727374
9423144.748966562,31861265.59184759,10181.539889921585,3.105502509541685,9422813.191589603,31860862.235850282,9696.752276115792,9423240.61661309,31861778.851771146,9696.752276115792,9423476.306343522,31861668.947844896,10666.327503727374,9423048.881320035,31860752.331924032,10666.327503727374
9423572.173990048,31862182.207768455,10181.539889921585,3.3724025594755718,9423240.61661309,31861778.851771146,9696.752276115792,9423668.041636575,31862695.46769201,9696.752276115792,9423903.731367007,31862585.56376576,10666.327503727374,9423476.306343522,31861668.947844896,10666.327503727374
9423999.599013533,31863098.823689315,10181.539889921585,3.263453689234065,9423668.041636575,31862695.46769201,9696.752276115792,9424095.46666006,31863612.083612874,9696.752276115792,9424331.156390494,31863502.179686625,10666.327503727374,9423903.731367007,31862585.56376576,10666.327503727374
9424427.02403702,31864015.439610183,10181.539889921585,4.862728490827343,9424095.46666006,31863612.083612874,9696.752276115792,9424522.891683545,31864528.69953374,9696.752276115792,9424758.581413979,31864418.79560749,10666.327503727374,9424331.156390494,31863502.179686625,10666.327503727374
9424854.449060505,31864932.055531047,10181.539889921585,8.303053231236907,9424522.891683545,31864528.69953374,9696.752276115792,9424950.31670703,31865445.315454602,9696.752276115792,9425186.006437464,31865335.411528353,10666.327503727374,9424758.581413979,31864418.79560749,10666.327503727374
9425281.87408399,31865848.671451908,10181.539889921585,5.847481439565937,9424950.31670703,31865445.315454602,9696.752276115792,9425377.741730517,31866361.931375463,9696.752276115792,9425613.43146095,31866252.027449217,10666.327503727374,9425186.006437464,31865335.411528353,10666.327503727374
9425709.299107477,31866765.287372775,10181.539889921585,8.08743376606137,9425377.741730517,31866361.931375463,9696.752276115792,9425805.166754002,31867278.54729633,9696.752276115792,9426040.856484435,31867168.64337008,10666.327503727374,9425613.43146095,31866252.027449217,10666.327503727374
9426136.724130962,31867681.90329364,10181.539889921585,11.339117740840308,9425805.166754002,31867278.54729633,9696.752276115792,9426232.591777489,31868195.163217194,9696.752276115792,9426468.28150792,31868085.259290945,10666.327503727374,9426040.856484435,31867168.64337008,10666.327503727374
9426564.149154449,31868598.5192145,10181.539889921585,8.972129182251825,9426232.591777489,31868195.163217194,9696.752276115792,9426660.016800974,31869111.77913806,9696.752276115792,9426895.706531405,31869001.87521181,10666.327503727374,9426468.28150792,31868085.259290945,10666.327503727374
9426991.574177934,31869515.135135364,10181.539889921585,7.749190702686016,9426660.016800974,31869111.77913806,9696.752276115792,9427087.44182446,31870028.395058922,9696.752276115792,9427323.131554892,31869918.491132673,10666.327503727374,9426895.706531405,31869001.87521181,10666.327503727374
9427418.999201419,31870431.75105623,10181.539889921585,6.969497598813064,9427087.44182446,31870028.395058922,9696.752276115792,9427514.866847945,31870945.010979787,9696.752276115792,9427750.556578377,31870835.107053537,10666.327503727374,9427323.131554892,31869918.491132673,10666.327503727374
9427846.424224904,31871348.366977092,10181.539889921585,8.356975595289287,9427514.866847945,31870945.010979787,9696.752276115792,9427942.29187143,31871861.62690065,9696.752276115792,9428177.981601862,31871751.7229744,10666.327503727374,9427750.556578377,31870835.107053537,10666.327503727374
9428273.849248389,31872264.98289796,10181.539889921585,5.5294671365564785,9427942.29187143,31871861.62690065,9696.752276115792,9428369.716894917,31872778.242821515,9696.752276115792,9428605.40662535,31872668.33889526,10666.327503727374,9428177.981601862,31871751.7229744,10666.327503727374
9428701.274271876,31873181.598818816,10181.539889921585,2.13680140296413,9428369.716894917,31872778.242821515,9696.752276115792,9428797.141918402,31873694.858742375,9696.752276115792,9429032.831648834,31873584.95481613,10666.327503727374,9428605.40662535,31872668.33889526,10666.327503727374
9429128.69929536,31874098.214739684,10181.539889921585,1.1546283078769035,9428797.141918402,31873694.858742375,9696.752276115792,9429224.566941887,31874611.474663243,9696.752276115792,9429460.25667232,31874501.570736993,10666.327503727374,9429032.831648834,31873584.95481613,10666.327503727374
9429556.124318846,31875014.830660548,10181.539889921585,2.478286795117791,9429224.566941887,31874611.474663243,9696.752276115792,9429651.991965372,31875528.090584107,9696.752276115792,9429887.681695806,31875418.186657853,10666.327503727374,9429460.25667232,31874501.570736993,10666.327503727374
9429983.549342332,31875931.446581416,10181.539889921585,1.9966365832024373,9429651.991965372,31875528.090584107,9696.752276115792,9430079.416988859,31876444.706504967,9696.752276115792,9430315.106719293,31876334.80257872,10666.327503727374,9429887.681695806,31875418.186657853,10666.327503727374
9430410.97436582,31876848.062502276,10181.539889921585,0.8288123718262623,9430079.416988859,31876444.706504967,9696.752276115792,9430506.842012344,31877361.322425835,9696.752276115792,9430742.531742778,31877251.418499585,10666.327503727374,9430315.106719293,31876334.80257872,10666.327503727374
9430838.399389304,31877764.67842314,10181.539889921585,0.3303440767350762,9430506.842012344,31877361.322425835,9696.752276115792,9430934.267035829,31878277.938346695,9696.752276115792,9431169.956766263,31878168.034420446,10666.327503727374,9430742.531742778,31877251.418499585,10666.327503727374
9431265.82441279,31878681.294344,10181.539889921585,0.16782963797057976,9430934.267035829,31878277.938346695,9696.752276115792,9431361.692059316,31879194.55426756,9696.752276115792,9431597.381789748,31879084.65034131,10666.327503727374,9431169.956766263,31878168.034420446,10666.327503727374
9431693.249436274,31879597.91026487,10181.539889921585,0.27494488188682953,9431361.692059316,31879194.55426756,9696.752276115792,9431789.1170828,31880111.170188427,9696.752276115792,9432024.806813233,31880001.266262174,10666.327503727374,9431597.381789748,31879084.65034131,10666.327503727374
9432120.674459761,31880514.526185732,10181.539889921585,0.4727478820032043,9431789.1170828,31880111.170188427,9696.752276115792,9432216.542106288,31881027.786109287,9696.752276115792,9432452.23183672,31880917.882183038,10666.327503727374,9432024.806813233,31880001.266262174,10666.327503727374
9432548.099483248,31881431.142106593,10181.539889921585,0.5482719379454155,9432216.542106288,31881027.786109287,9696.752276115792,9432643.967129773,31881944.40203015,9696.752276115792,9432879.656860204,31881834.4981039,10666.327503727374,9432452.23183672,31880917.882183038,10666.327503727374
9432975.524506731,31882347.75802746,10181.539889921585,0.25839982935012995,9432643.967129773,31881944.40203015,9696.752276115792,9433071.39215326,31882861.01795102,9696.752276115792,9433307.081883691,31882751.114024766,10666.327503727374,9432879.656860204,31881834.4981039,10666.327503727374
9433402.949530218,31883264.373948324,10181.539889921585,0.1795255873994201,9433071.39215326,31882861.01795102,9696.752276115792,9433498.817176744,31883777.63387188,9696.752276115792,9433734.506907176,31883667.729945626,10666.327503727374,9433307.081883691,31882751.114024766,10666.327503727374
9433830.3745537,31884180.98986918,10181.539889921585,0.11995175466727963,9433498.817176744,31883777.63387188,9696.752276115792,9433926.24220023,31884694.24979274,9696.752276115792,9434161.931930661,31884584.345866494,10666.327503727374,9433734.506907176,31883667.729945626,10666.327503727374
9434257.799577188,31885097.60579005,10181.539889921585,0.06832899817747375,9433926.24220023,31884694.24979274,9696.752276115792,9434353.667223714,31885610.865713608,9696.752276115792,9434589.356954148,31885500.961787358,10666.327503727374,9434161.931930661,31884584.345866494,10666.327503727374
9434685.224600675,31886014.221710917,10181.539889921585,0.02821732414622981,9434353.667223714,31885610.865713608,9696.752276115792,9434781.0922472,31886527.48163447,9696.752276115792,9435016.781977633,31886417.57770822,10666.327503727374,9434589.356954148,31885500.961787358,10666.327503727374
9418251.33841517,31850156.296870973,11151.115117533163,2.883312480099444,9417919.781038208,31849752.940873668,10666.327503727374,9418347.206061695,31850669.55679453,10666.327503727374,9418582.89579213,31850559.65286828,11635.902731338954,9418155.470768645,31849643.036947418,11635.902731338954
9418678.763438657,31851072.912791837,11151.115117533163,7.883562781297238,9418347.206061695,31850669.55679453,10666.327503727374,9418774.63108518,31851586.172715396,10666.327503727374,9419010.320815615,31851476.268789146,11635.902731338954,9418582.89579213,31850559.65286828,11635.902731338954
9419106.188462142,31851989.52871271,11151.115117533163,6.4774195565249775,9418774.63108518,31851586.172715396,10666.327503727374,9419202.056108667,31852502.78863626,10666.327503727374,9419437.745839102,31852392.88471001,11635.902731338954,9419010.320815615,31851476.268789146,11635.902731338954
9419533.613485627,31852906.144633565,11151.115117533163,3.513577013849608,9419202.056108667,31852502.78863626,10666.327503727374,9419629.481132152,31853419.404557124,10666.327503727374,9419865.170862587,31853309.50063087,11635.902731338954,9419437.745839102,31852392.88471001,11635.902731338954
9419961.038509112,31853822.76055443,11151.115117533163,2.587713398790539,9419629.481132152,31853419.404557124,10666.327503727374,9420056.906155637,31854336.020477984,10666.327503727374,9420292.595886072,31854226.116551735,11635.902731338954,9419865.170862587,31853309.50063087,11635.902731338954
9420388.463532597,31854739.376475293,11151.115117533163,2.777740972581355,9420056.906155637,31854336.020477984,10666.327503727374,9420484.331179123,31855252.636398852,10666.327503727374,9420720.020909559,31855142.7324726,11635.902731338954,9420292.595886072,31854226.116551735,11635.902731338954
9420815.888556084,31855655.992396157,11151.115117533163,1.628042950848859,9420484.331179123,31855252.636398852,10666.327503727374,9420911.756202608,31856169.252319716,10666.327503727374,9421147.445933044,31856059.348393463,11635.902731338954,9420720.020909559,31855142.7324726,11635.902731338954
9421243.313579569,31856572.60831702,11151.115117533163,1.4785248841165524,9420911.756202608,31856169.252319716,10666.327503727374,9421339.181226095,31857085.868240576,10666.327503727374,9421574.87095653,31856975.964314327,11635.902731338954,9421147.445933044,31856059.348393463,11635.902731338954
9421670.738603054,31857489.22423788,11151.115117533163,1.3987943293397702,9421339.181226095,31857085.868240576,10666.327503727374,9421766.606249578,31858002.484161444,10666.327503727374,9422002.295980016,31857892.58023519,11635.902731338954,9421574.87095653,31856975.964314327,11635.902731338954
9422098.163626539,31858405.84015875,11151.115117533163,1.4152978989515128,9421766.606249578,31858002.484161444,10666.327503727374,9422194.031273065,31858919.100082308,10666.327503727374,9422429.721003503,31858809.19615606,11635.902731338954,9422002.295980016,31857892.58023519,11635.902731338954
9422525.588650025,31859322.456079613,11151.115117533163,0.8624532193180091,9422194.031273065,31858919.100082308,10666.327503727374,9422621.45629655,31859835.71600317,10666.327503727374,9422857.146026988,31859725.81207692,11635.902731338954,9422429.721003503,31858809.19615606,11635.902731338954
9422953.013673512,31860239.072000474,11151.115117533163,1.0333780241434583,9422621.45629655,31859835.71600317,10666.327503727374,9423048.881320035,31860752.331924032,10666.327503727374,9423284.571050473,31860642.427997783,11635.902731338954,9422857.146026988,31859725.81207692,11635.902731338954
9423380.438696997,31861155.687921338,11151.115117533163,3.430949031993257,9423048.881320035,31860752.331924032,10666.327503727374,9423476.306343522,31861668.947844896,10666.327503727374,9423711.996073958,31861559.043918647,11635.902731338954,9423284.571050473,31860642.427997783,11635.902731338954
9423807.863720482,31862072.30384221,11151.115117533163,7.569002871529255,9423476.306343522,31861668.947844896,10666.327503727374,9423903.731367007,31862585.56376576,10666.327503727374,9424139.421097443,31862475.65983951,11635.902731338954,9423711.996073958,31861559.043918647,11635.902731338954
9424235.288743967,31862988.919763066,11151.115117533163,3.828250613163989,9423903.731367007,31862585.56376576,10666.327503727374,9424331.156390494,31863502.179686625,10666.327503727374,9424566.84612093,31863392.275760375,11635.902731338954,9424139.421097443,31862475.65983951,11635.902731338954
9424662.713767454,31863905.535683934,11151.115117533163,6.585571600403021,9424331.156390494,31863502.179686625,10666.327503727374,9424758.581413979,31864418.79560749,10666.327503727374,9424994.271144414,31864308.89168124,11635.902731338954,9424566.84612093,31863392.275760375,11635.902731338954
9425090.138790939,31864822.151604794,11151.115117533163,7.062979263788446,9424758.581413979,31864418.79560749,10666.327503727374,9425186.006437464,31865335.411528353,10666.327503727374,9425421.6961679,31865225.507602103,11635.902731338954,9424994.271144414,31864308.89168124,11635.902731338954
9425517.563814424,31865738.767525658,11151.115117533163,7.41840527953589,9425186.006437464,31865335.411528353,10666.327503727374,9425613.43146095,31866252.027449217,10666.327503727374,9425849.121191386,31866142.123522963,11635.902731338954,9425421.6961679,31865225.507602103,11635.902731338954
9425944.988837909,31866655.383446522,11151.115117533163,10.24704888394305,9425613.43146095,31866252.027449217,10666.327503727374,9426040.856484435,31867168.64337008,10666.327503727374,9426276.546214871,31867058.73944383,11635.902731338954,9425849.121191386,31866142.123522963,11635.902731338954
9426372.413861394,31867571.999367394,11151.115117533163,10.434603104958825,9426040.856484435,31867168.64337008,10666.327503727374,9426468.28150792,31868085.259290945,10666.327503727374,9426703.971238358,31867975.355364695,11635.902731338954,9426276.546214871,31867058.73944383,11635.902731338954
9426799.83888488,31868488.61528825,11151.115117533163,9.553947654965658,9426468.28150792,31868085.259290945,10666.327503727374,9426895.706531405,31869001.87521181,10666.327503727374,9427131.396261843,31868891.971285556,11635.902731338954,9426703.971238358,31867975.355364695,11635.902731338954
9427227.263908368,31869405.231209114,11151.115117533163,7.394336783431806,9426895.706531405,31869001.87521181,10666.327503727374,9427323.131554892,31869918.491132673,10666.327503727374,9427558.82128533,31869808.587206423,11635.902731338954,9427131.396261843,31868891.971285556,11635.902731338954
9427654.688931853,31870321.84712998,11151.115117533163,7.713039535247258,9427323.131554892,31869918.491132673,10666.327503727374,9427750.556578377,31870835.107053537,10666.327503727374,9427986.246308815,31870725.203127287,11635.902731338954,9427558.82128533,31869808.587206423,11635.902731338954
9428082.113955338,31871238.463050842,11151.115117533163,6.660019368651092,9427750.556578377,31870835.107053537,10666.327503727374,9428177.981601862,31871751.7229744,10666.327503727374,9428413.671332298,31871641.819048148,11635.902731338954,9427986.246308815,31870725.203127287,11635.902731338954
9428509.538978823,31872155.078971706,11151.115117533163,2.6748693775880636,9428177.981601862,31871751.7229744,10666.327503727374,9428605.40662535,31872668.33889526,10666.327503727374,9428841.096355785,31872558.43496901,11635.902731338954,9428413.671332298,31871641.819048148,11635.902731338954
9428936.96400231,31873071.694892567,11151.115117533163,2.0671433991211363,9428605.40662535,31872668.33889526,10666.327503727374,9429032.831648834,31873584.95481613,10666.327503727374,9429268.52137927,31873475.050889876,11635.902731338954,9428841.096355785,31872558.43496901,11635.902731338954
9429364.389025796,31873988.310813434,11151.115117533163,1.0238772664714666,9429032.831648834,31873584.95481613,10666.327503727374,9429460.25667232,31874501.570736993,10666.327503727374,9429695.946402756,31874391.66681074,11635.902731338954,9429268.52137927,31873475.050889876,11635.902731338954
9429791.81404928,31874904.9267343,11151.115117533163,1.5201168300545813,9429460.25667232,31874501.570736993,10666.327503727374,9429887.681695806,31875418.186657853,10666.327503727374,9430123.371426241,31875308.282731604,11635.902731338954,9429695.946402756,31874391.66681074,11635.902731338954
9430219.239072766,31875821.542655163,11151.115117533163,2.138876906136193,9429887.681695806,31875418.186657853,10666.327503727374,9430315.106719293,31876334.80257872,10666.327503727374,9430550.796449728,31876224.898652468,11635.902731338954,9430123.371426241,31875308.282731604,11635.902731338954
9430646.664096253,31876738.158576027,11151.115117533163,1.1058223967087977,9430315.106719293,31876334.80257872,10666.327503727374,9430742.531742778,31877251.418499585,10666.327503727374,9430978.221473213,31877141.514573332,11635.902731338954,9430550.796449728,31876224.898652468,11635.902731338954
9431074.089119736,31877654.77449689,11151.115117533163,0.4844881960650097,9430742.531742778,31877251.418499585,10666.327503727374,9431169.956766263,31878168.034420446,10666.327503727374,9431405.646496698,31878058.130494196,11635.902731338954,9430978.221473213,31877141.514573332,11635.902731338954
9431501.514143223,31878571.39041775,11151.115117533163,0.26044122523973967,9431169.956766263,31878168.034420446,10666.327503727374,9431597.381789748,31879084.65034131,10666.327503727374,9431833.071520185,31878974.74641506,11635.902731338954,9431405.646496698,31878058.130494196,11635.902731338954
9431928.939166708,31879488.00633862,11151.115117533163,0.29910274073666127,9431597.381789748,31879084.65034131,10666.327503727374,9432024.806813233,31880001.266262174,10666.327503727374,9432260.49654367,31879891.36233592,11635.902731338954,9431833.071520185,31878974.74641506,11635.902731338954
9432356.364190195,31880404.622259483,11151.115117533163,0.25230550438384125,9432024.806813233,31880001.266262174,10666.327503727374,9432452.23183672,31880917.882183038,10666.327503727374,9432687.921567157,31880807.978256788,11635.902731338954,9432260.49654367,31879891.36233592,11635.902731338954
9432783.789213682,31881321.238180343,11151.115117533163,0.3188952237635664,9432452.23183672,31880917.882183038,10666.327503727374,9432879.656860204,31881834.4981039,10666.327503727374,9433115.34659064,31881724.594177652,11635.902731338954,9432687.921567157,31880807.978256788,11635.902731338954
9433211.214237167,31882237.854101207,11151.115117533163,0.16121647387270469,9432879.656860204,31881834.4981039,10666.327503727374,9433307.081883691,31882751.114024766,10666.327503727374,9433542.771614127,31882641.210098516,11635.902731338954,9433115.34659064,31881724.594177652,11635.902731338954
9433638.639260652,31883154.470022075,11151.115117533163,0.1206829205675709,9433307.081883691,31882751.114024766,10666.327503727374,9433734.506907176,31883667.729945626,10666.327503727374,9433970.196637612,31883557.82601938,11635.902731338954,9433542.771614127,31882641.210098516,11635.902731338954
9434066.064284137,31884071.085942935,11151.115117533163,0.09014230267431855,9433734.506907176,31883667.729945626,10666.327503727374,9434161.931930661,31884584.345866494,10666.327503727374,9434397.621661097,31884474.44194024,11635.902731338954,9433970.196637612,31883557.82601938,11635.902731338954
9434493.489307623,31884987.7018638,11151.115117533163,0.0328164525693908,9434161.931930661,31884584.345866494,10666.327503727374,9434589.356954148,31885500.961787358,10666.327503727374,9434825.046684584,31885391.05786111,11635.902731338954,9434397.621661097,31884474.44194024,11635.902731338954
9434920.914331108,31885904.317784663,11151.115117533163,0.017683539692965062,9434589.356954148,31885500.961787358,10666.327503727374,9435016.781977633,31886417.57770822,10666.327503727374,9435252.471708069,31886307.673781972,11635.902731338954,9434825.046684584,31885391.05786111,11635.902731338954
9418487.028145606,31850046.392944723,12120.690345144743,5.4414507096013836,9418155.470768645,31849643.036947418,11635.902731338954,9418582.89579213,31850559.65286828,11635.902731338954,9418818.585522568,31850449.74894203,12605.477958950532,9418391.160499081,31849533.13302117,12605.477958950532
9418914.45316909,31850963.00886559,12120.690345144743,10.225396962454417,9418582.89579213,31850559.65286828,11635.902731338954,9419010.320815615,31851476.268789146,11635.902731338954,9419246.010546053,31851366.364862893,12605.477958950532,9418818.585522568,31850449.74894203,12605.477958950532
9419341.878192576,31851879.62478645,12120.690345144743,7.813643387337235,9419010.320815615,31851476.268789146,11635.902731338954,9419437.745839102,31852392.88471001,11635.902731338954,9419673.43556954,31852282.98078376,12605.477958950532,9419246.010546053,31851366.364862893,12605.477958950532
9419769.303216062,31852796.240707316,12120.690345144743,3.734858017297645,9419437.745839102,31852392.88471001,11635.902731338954,9419865.170862587,31853309.50063087,11635.902731338954,9420100.860593025,31853199.59670462,12605.477958950532,9419673.43556954,31852282.98078376,12605.477958950532
9420196.72823955,31853712.856628183,12120.690345144743,3.6042218090614195,9419865.170862587,31853309.50063087,11635.902731338954,9420292.595886072,31854226.116551735,11635.902731338954,9420528.285616508,31854116.212625485,12605.477958950532,9420100.860593025,31853199.59670462,12605.477958950532
9420624.153263034,31854629.47254904,12120.690345144743,3.222630180956865,9420292.595886072,31854226.116551735,11635.902731338954,9420720.020909559,31855142.7324726,11635.902731338954,9420955.710639995,31855032.82854635,12605.477958950532,9420528.285616508,31854116.212625485,12605.477958950532
9421051.57828652,31855546.088469908,12120.690345144743,2.3922801475692235,9420720.020909559,31855142.7324726,11635.902731338954,9421147.445933044,31856059.348393463,11635.902731338954,9421383.13566348,31855949.444467213,12605.477958950532,9420955.710639995,31855032.82854635,12605.477958950532
9421479.003310004,31856462.704390768,12120.690345144743,2.1403056876560114,9421147.445933044,31856059.348393463,11635.902731338954,9421574.87095653,31856975.964314327,11635.902731338954,9421810.560686966,31856866.060388077,12605.477958950532,9421383.13566348,31855949.444467213,12605.477958950532
9421906.42833349,31857379.320311632,12120.690345144743,2.166518240443446,9421574.87095653,31856975.964314327,11635.902731338954,9422002.295980016,31857892.58023519,11635.902731338954,9422237.985710451,31857782.67630894,12605.477958950532,9421810.560686966,31856866.060388077,12605.477958950532
9422333.853356976,31858295.9362325,12120.690345144743,1.8373075366871339,9422002.295980016,31857892.58023519,11635.902731338954,9422429.721003503,31858809.19615606,11635.902731338954,9422665.410733938,31858699.292229805,12605.477958950532,9422237.985710451,31857782.67630894,12605.477958950532
9422761.278380461,31859212.552153364,12120.690345144743,1.4401055178332414,9422429.721003503,31858809.19615606,11635.902731338954,9422857.146026988,31859725.81207692,11635.902731338954,9423092.835757423,31859615.908150665,12605.477958950532,9422665.410733938,31858699.292229805,12605.477958950532
9423188.703403946,31860129.168074224,12120.690345144743,2.486523256847214,9422857.146026988,31859725.81207692,11635.902731338954,9423284.571050473,31860642.427997783,11635.902731338954,9423520.260780908,31860532.524071533,12605.477958950532,9423092.835757423,31859615.908150665,12605.477958950532
9423616.128427431,31861045.783995092,12120.690345144743,4.671275781367819,9423284.571050473,31860642.427997783,11635.902731338954,9423711.996073958,31861559.043918647,11635.902731338954,9423947.685804395,31861449.139992397,12605.477958950532,9423520.260780908,31860532.524071533,12605.477958950532
9424043.553450918,31861962.399915952,12120.690345144743,5.395857706267979,9423711.996073958,31861559.043918647,11635.902731338954,9424139.421097443,31862475.65983951,11635.902731338954,9424375.11082788,31862365.755913258,12605.477958950532,9423947.685804395,31861449.139992397,12605.477958950532
9424470.978474405,31862879.015836816,12120.690345144743,4.758611331264569,9424139.421097443,31862475.65983951,11635.902731338954,9424566.84612093,31863392.275760375,11635.902731338954,9424802.535851367,31863282.371834125,12605.477958950532,9424375.11082788,31862365.755913258,12605.477958950532
9424898.40349789,31863795.631757684,12120.690345144743,5.711133698963799,9424566.84612093,31863392.275760375,11635.902731338954,9424994.271144414,31864308.89168124,11635.902731338954,9425229.96087485,31864198.98775499,12605.477958950532,9424802.535851367,31863282.371834125,12605.477958950532
9425325.828521375,31864712.247678544,12120.690345144743,5.52077636670701,9424994.271144414,31864308.89168124,11635.902731338954,9425421.6961679,31865225.507602103,11635.902731338954,9425657.385898335,31865115.60367585,12605.477958950532,9425229.96087485,31864198.98775499,12605.477958950532
9425753.25354486,31865628.86359941,12120.690345144743,6.069256858928244,9425421.6961679,31865225.507602103,11635.902731338954,9425849.121191386,31866142.123522963,11635.902731338954,9426084.810921822,31866032.219596714,12605.477958950532,9425657.385898335,31865115.60367585,12605.477958950532
9426180.678568346,31866545.479520276,12120.690345144743,5.3231177931239255,9425849.121191386,31866142.123522963,11635.902731338954,9426276.546214871,31867058.73944383,11635.902731338954,9426512.235945307,31866948.835517578,12605.477958950532,9426084.810921822,31866032.219596714,12605.477958950532
9426608.103591833,31867462.095441137,12120.690345144743,5.22524218400518,9426276.546214871,31867058.73944383,11635.902731338954,9426703.971238358,31867975.355364695,11635.902731338954,9426939.660968794,31867865.451438442,12605.477958950532,9426512.235945307,31866948.835517578,12605.477958950532
9427035.528615316,31868378.711362,12120.690345144743,7.570781132823336,9426703.971238358,31867975.355364695,11635.902731338954,9427131.396261843,31868891.971285556,11635.902731338954,9427367.085992279,31868782.067359306,12605.477958950532,9426939.660968794,31867865.451438442,12605.477958950532
9427462.953638803,31869295.32728287,12120.690345144743,7.756516381089163,9427131.396261843,31868891.971285556,11635.902731338954,9427558.82128533,31869808.587206423,11635.902731338954,9427794.511015765,31869698.68328017,12605.477958950532,9427367.085992279,31868782.067359306,12605.477958950532
9427890.37866229,31870211.943203725,12120.690345144743,6.620232708524649,9427558.82128533,31869808.587206423,11635.902731338954,9427986.246308815,31870725.203127287,11635.902731338954,9428221.93603925,31870615.299201034,12605.477958950532,9427794.511015765,31869698.68328017,12605.477958950532
9428317.803685775,31871128.559124593,12120.690345144743,3.9775189382776595,9427986.246308815,31870725.203127287,11635.902731338954,9428413.671332298,31871641.819048148,11635.902731338954,9428649.361062737,31871531.915121898,12605.477958950532,9428221.93603925,31870615.299201034,12605.477958950532
9428745.22870926,31872045.175045453,12120.690345144743,2.609578463076049,9428413.671332298,31871641.819048148,11635.902731338954,9428841.096355785,31872558.43496901,11635.902731338954,9429076.786086222,31872448.531042762,12605.477958950532,9428649.361062737,31871531.915121898,12605.477958950532
9429172.653732745,31872961.790966317,12120.690345144743,2.000434756856117,9428841.096355785,31872558.43496901,11635.902731338954,9429268.52137927,31873475.050889876,11635.902731338954,9429504.211109707,31873365.146963626,12605.477958950532,9429076.786086222,31872448.531042762,12605.477958950532
9429600.078756232,31873878.40688718,12120.690345144743,2.057951251623061,9429268.52137927,31873475.050889876,11635.902731338954,9429695.946402756,31874391.66681074,11635.902731338954,9429931.636133192,31874281.76288449,12605.477958950532,9429504.211109707,31873365.146963626,12605.477958950532
9430027.503779719,31874795.022808053,12120.690345144743,1.4761006917668267,9429695.946402756,31874391.66681074,11635.902731338954,9430123.371426241,31875308.282731604,11635.902731338954,9430359.061156677,31875198.378805354,12605.477958950532,9429931.636133192,31874281.76288449,12605.477958950532
9430454.928803204,31875711.63872891,12120.690345144743,1.7462577133254427,9430123.371426241,31875308.282731604,11635.902731338954,9430550.796449728,31876224.898652468,11635.902731338954,9430786.486180164,31876114.99472622,12605.477958950532,9430359.061156677,31875198.378805354,12605.477958950532
9430882.353826689,31876628.254649773,12120.690345144743,1.4812216171924928,9430550.796449728,31876224.898652468,11635.902731338954,9430978.221473213,31877141.514573332,11635.902731338954,9431213.911203649,31877031.610647082,12605.477958950532,9430786.486180164,31876114.99472622,12605.477958950532
9431309.778850174,31877544.870570637,12120.690345144743,1.1753112499161464,9430978.221473213,31877141.514573332,11635.902731338954,9431405.646496698,31878058.130494196,11635.902731338954,9431641.336227136,31877948.226567943,12605.477958950532,9431213.911203649,31877031.610647082,12605.477958950532
9431737.203873659,31878461.4864915,12120.690345144743,0.5014597985682361,9431405.646496698,31878058.130494196,11635.902731338954,9431833.071520185,31878974.74641506,11635.902731338954,9432068.76125062,31878864.84248881,12605.477958950532,9431641.336227136,31877948.226567943,12605.477958950532
9432164.628897145,31879378.10241237,12120.690345144743,0.2153971640678077,9431833.071520185,31878974.74641506,11635.902731338954,9432260.49654367,31879891.36233592,11635.902731338954,9432496.186274108,31879781.458409674,12605.477958950532,9432068.76125062,31878864.84248881,12605.477958950532
9432592.05392063,31880294.71833323,12120.690345144743,0.14748740343372335,9432260.49654367,31879891.36233592,11635.902731338954,9432687.921567157,31880807.978256788,11635.902731338954,9432923.611297593,31880698.074330535,12605.477958950532,9432496.186274108,31879781.458409674,12605.477958950532
9433019.478944117,31881211.334254093,12120.690345144743,0.12542809941765756,9432687.921567157,31880807.978256788,11635.902731338954,9433115.34659064,31881724.594177652,11635.902731338954,9433351.03632108,31881614.690251403,12605.477958950532,9432923.611297593,31880698.074330535,12605.477958950532
9433446.903967602,31882127.95017496,12120.690345144743,0.06030088339593703,9433115.34659064,31881724.594177652,11635.902731338954,9433542.771614127,31882641.210098516,11635.902731338954,9433778.461344564,31882531.306172267,12605.477958950532,9433351.03632108,31881614.690251403,12605.477958950532
9433874.328991087,31883044.56609582,12120.690345144743,0.11275973401246678,9433542.771614127,31882641.210098516,11635.902731338954,9433970.196637612,31883557.82601938,11635.902731338954,9434205.88636805,31883447.922093127,12605.477958950532,9433778.461344564,31882531.306172267,12605.477958950532
9434301.754014574,31883961.182016686,12120.690345144743,0.06424380171172484,9433970.196637612,31883557.82601938,11635.902731338954,9434397.621661097,31884474.44194024,11635.902731338954,9434633.311391536,31884364.53801399,12605.477958950532,9434205.88636805,31883447.922093127,12605.477958950532
9434729.179038059,31884877.797937553,12120.690345144743,0.031703318199820536,9434397.621661097,31884474.44194024,11635.902731338954,9434825.046684584,31885391.05786111,11635.902731338954,9435060.73641502,31885281.153934855,12605.477958950532,9434633.311391536,31884364.53801399,12605.477958950532
9435156.604061546,31885794.41385841,12120.690345144743,0.025168901625006998,9434825.046684584,31885391.05786111,11635.902731338954,9435252.471708069,31886307.673781972,11635.902731338954,9435488.161438506,31886197.76985572,12605.477958950532,9435060.73641502,31885281.153934855,12605.477958950532
9418722.717876041,31849936.489018474,13090.265572756323,10.849405427415352,9418391.160499081,31849533.13302117,12605.477958950532,9418818.585522568,31850449.74894203,12605.477958950532,9419054.275253,31850339.84501578,13575.053186562112,9418626.850229515,31849423.229094915,13575.053186562112
9419150.142899526,31850853.104939334,13090.265572756323,10.90242442147491,9418818.585522568,31850449.74894203,12605.477958950532,9419246.010546053,31851366.364862893,12605.477958950532,9419481.700276487,31851256.460936647,13575.053186562112,9419054.275253,31850339.84501578,13575.053186562112
9419577.567923013,31851769.720860202,13090.265572756323,10.789492307697964,9419246.010546053,31851366.364862893,12605.477958950532,9419673.43556954,31852282.98078376,12605.477958950532,9419909.125299972,31852173.076857507,13575.053186562112,9419481.700276487,31851256.460936647,13575.053186562112
9420004.992946498,31852686.336781066,13090.265572756323,7.596680415717446,9419673.43556954,31852282.98078376,12605.477958950532,9420100.860593025,31853199.59670462,12605.477958950532,9420336.550323457,31853089.69277837,13575.053186562112,9419909.125299972,31852173.076857507,13575.053186562112
9420432.417969983,31853602.952701926,13090.265572756323,6.661753136819652,9420100.860593025,31853199.59670462,12605.477958950532,9420528.285616508,31854116.212625485,12605.477958950532,9420763.975346943,31854006.308699235,13575.053186562112,9420336.550323457,31853089.69277837,13575.053186562112
9420859.842993468,31854519.568622794,13090.265572756323,5.402660964970776,9420528.285616508,31854116.212625485,12605.477958950532,9420955.710639995,31855032.82854635,12605.477958950532,9421191.400370428,31854922.9246201,13575.053186562112,9420763.975346943,31854006.308699235,13575.053186562112
9421287.268016955,31855436.184543658,13090.265572756323,6.534926814148994,9420955.710639995,31855032.82854635,12605.477958950532,9421383.13566348,31855949.444467213,12605.477958950532,9421618.825393915,31855839.540540963,13575.053186562112,9421191.400370428,31854922.9246201,13575.053186562112
9421714.693040442,31856352.80046452,13090.265572756323,5.295916652133331,9421383.13566348,31855949.444467213,12605.477958950532,9421810.560686966,31856866.060388077,12605.477958950532,9422046.2504174,31856756.156461827,13575.053186562112,9421618.825393915,31855839.540540963,13575.053186562112
9422142.118063927,31857269.416385386,13090.265572756323,4.646624072341787,9421810.560686966,31856866.060388077,12605.477958950532,9422237.985710451,31857782.67630894,12605.477958950532,9422473.675440885,31857672.77238269,13575.053186562112,9422046.2504174,31856756.156461827,13575.053186562112
9422569.543087412,31858186.03230625,13090.265572756323,3.6196704150335237,9422237.985710451,31857782.67630894,12605.477958950532,9422665.410733938,31858699.292229805,12605.477958950532,9422901.10046437,31858589.388303556,13575.053186562112,9422473.675440885,31857672.77238269,13575.053186562112
9422996.968110897,31859102.64822711,13090.265572756323,4.254209127381761,9422665.410733938,31858699.292229805,12605.477958950532,9423092.835757423,31859615.908150665,12605.477958950532,9423328.525487855,31859506.00422442,13575.053186562112,9422901.10046437,31858589.388303556,13575.053186562112
9423424.393134383,31860019.264147975,13090.265572756323,4.66127748198118,9423092.835757423,31859615.908150665,12605.477958950532,9423520.260780908,31860532.524071533,12605.477958950532,9423755.950511342,31860422.62014528,13575.053186562112,9423328.525487855,31859506.00422442,13575.053186562112
9423851.818157868,31860935.880068842,13090.265572756323,6.009445762596924,9423520.260780908,31860532.524071533,12605.477958950532,9423947.685804395,31861449.139992397,12605.477958950532,9424183.375534827,31861339.236066144,13575.053186562112,9423755.950511342,31860422.62014528,13575.053186562112
9424279.243181353,31861852.4959897,13090.265572756323,6.430005100731746,9423947.685804395,31861449.139992397,12605.477958950532,9424375.11082788,31862365.755913258,12605.477958950532,9424610.800558314,31862255.85198701,13575.053186562112,9424183.375534827,31861339.236066144,13575.053186562112
9424706.668204838,31862769.11191057,13090.265572756323,6.42688062784962,9424375.11082788,31862365.755913258,12605.477958950532,9424802.535851367,31863282.371834125,12605.477958950532,9425038.225581799,31863172.467907872,13575.053186562112,9424610.800558314,31862255.85198701,13575.053186562112
9425134.093228325,31863685.727831434,13090.265572756323,7.073801753556553,9424802.535851367,31863282.371834125,12605.477958950532,9425229.96087485,31864198.98775499,12605.477958950532,9425465.650605286,31864089.083828736,13575.053186562112,9425038.225581799,31863172.467907872,13575.053186562112
9425561.51825181,31864602.34375229,13090.265572756323,10.570146065152404,9425229.96087485,31864198.98775499,12605.477958950532,9425657.385898335,31865115.60367585,12605.477958950532,9425893.07562877,31865005.6997496,13575.053186562112,9425465.650605286,31864089.083828736,13575.053186562112
9425988.943275297,31865518.95967316,13090.265572756323,10.487953740910612,9425657.385898335,31865115.60367585,12605.477958950532,9426084.810921822,31866032.219596714,12605.477958950532,9426320.500652255,31865922.315670464,13575.053186562112,9425893.07562877,31865005.6997496,13575.053186562112
9426416.368298782,31866435.57559402,13090.265572756323,8.656425621970248,9426084.810921822,31866032.219596714,12605.477958950532,9426512.235945307,31866948.835517578,12605.477958950532,9426747.925675742,31866838.93159133,13575.053186562112,9426320.500652255,31865922.315670464,13575.053186562112
9426843.793322267,31867352.191514883,13090.265572756323,4.152888021955668,9426512.235945307,31866948.835517578,12605.477958950532,9426939.660968794,31867865.451438442,12605.477958950532,9427175.350699225,31867755.547512192,13575.053186562112,9426747.925675742,31866838.93159133,13575.053186562112
9427271.218345754,31868268.80743575,13090.265572756323,5.358128600473328,9426939.660968794,31867865.451438442,12605.477958950532,9427367.085992279,31868782.067359306,12605.477958950532,9427602.775722712,31868672.163433056,13575.053186562112,9427175.350699225,31867755.547512192,13575.053186562112
9427698.64336924,31869185.42335661,13090.265572756323,5.591388499616433,9427367.085992279,31868782.067359306,12605.477958950532,9427794.511015765,31869698.68328017,12605.477958950532,9428030.200746197,31869588.779353924,13575.053186562112,9427602.775722712,31868672.163433056,13575.053186562112
9428126.068392726,31870102.039277475,13090.265572756323,3.1416547239245913,9427794.511015765,31869698.68328017,12605.477958950532,9428221.93603925,31870615.299201034,12605.477958950532,9428457.625769684,31870505.395274784,13575.053186562112,9428030.200746197,31869588.779353924,13575.053186562112
9428553.493416209,31871018.655198343,13090.265572756323,1.8504509380396565,9428221.93603925,31870615.299201034,12605.477958950532,9428649.361062737,31871531.915121898,12605.477958950532,9428885.050793169,31871422.01119565,13575.053186562112,9428457.625769684,31870505.395274784,13575.053186562112
9428980.918439696,31871935.271119203,13090.265572756323,1.8983444371170919,9428649.361062737,31871531.915121898,12605.477958950532,9429076.786086222,31872448.531042762,12605.477958950532,9429312.475816654,31872338.627116513,13575.053186562112,9428885.050793169,31871422.01119565,13575.053186562112
9429408.34346318,31872851.88704007,13090.265572756323,1.3413071392102351,9429076.786086222,31872448.531042762,12605.477958950532,9429504.211109707,31873365.146963626,12605.477958950532,9429739.90084014,31873255.243037377,13575.053186562112,9429312.475816654,31872338.627116513,13575.053186562112
9429835.768486667,31873768.502960935,13090.265572756323,1.256702008074563,9429504.211109707,31873365.146963626,12605.477958950532,9429931.636133192,31874281.76288449,12605.477958950532,9430167.325863626,31874171.85895824,13575.053186562112,9429739.90084014,31873255.243037377,13575.053186562112
9430263.193510152,31874685.118881796,13090.265572756323,1.6665765718852534,9429931.636133192,31874281.76288449,12605.477958950532,9430359.061156677,31875198.378805354,12605.477958950532,9430594.750887113,31875088.474879105,13575.053186562112,9430167.325863626,31874171.85895824,13575.053186562112
9430690.618533637,31875601.734802663,13090.265572756323,2.759234801862136,9430359.061156677,31875198.378805354,12605.477958950532,9430786.486180164,31876114.99472622,12605.477958950532,9431022.175910598,31876005.09079997,13575.053186562112,9430594.750887113,31875088.474879105,13575.053186562112
9431118.043557124,31876518.350723527,13090.265572756323,2.0852886527175865,9430786.486180164,31876114.99472622,12605.477958950532,9431213.911203649,31877031.610647082,12605.477958950532,9431449.600934085,31876921.706720833,13575.053186562112,9431022.175910598,31876005.09079997,13575.053186562112
9431545.468580611,31877434.966644388,13090.265572756323,1.7332797523486358,9431213.911203649,31877031.610647082,12605.477958950532,9431641.336227136,31877948.226567943,12605.477958950532,9431877.02595757,31877838.322641697,13575.053186562112,9431449.600934085,31876921.706720833,13575.053186562112
9431972.893604096,31878351.582565255,13090.265572756323,1.0538253376904025,9431641.336227136,31877948.226567943,12605.477958950532,9432068.76125062,31878864.84248881,12605.477958950532,9432304.450981053,31878754.93856256,13575.053186562112,9431877.02595757,31877838.322641697,13575.053186562112
9432400.318627581,31879268.19848612,13090.265572756323,0.5125608275566221,9432068.76125062,31878864.84248881,12605.477958950532,9432496.186274108,31879781.458409674,12605.477958950532,9432731.87600454,31879671.55448342,13575.053186562112,9432304.450981053,31878754.93856256,13575.053186562112
9432827.743651066,31880184.814406976,13090.265572756323,0.32599036384299096,9432496.186274108,31879781.458409674,12605.477958950532,9432923.611297593,31880698.074330535,12605.477958950532,9433159.301028024,31880588.17040429,13575.053186562112,9432731.87600454,31879671.55448342,13575.053186562112
9433255.168674553,31881101.430327844,13090.265572756323,0.24831720630902057,9432923.611297593,31880698.074330535,12605.477958950532,9433351.03632108,31881614.690251403,12605.477958950532,9433586.726051511,31881504.786325153,13575.053186562112,9433159.301028024,31880588.17040429,13575.053186562112
9433682.593698038,31882018.04624871,13090.265572756323,0.1678093378396075,9433351.03632108,31881614.690251403,12605.477958950532,9433778.461344564,31882531.306172267,12605.477958950532,9434014.151074996,31882421.402246013,13575.053186562112,9433586.726051511,31881504.786325153,13575.053186562112
9434110.018721523,31882934.66216957,13090.265572756323,0.12348795553540315,9433778.461344564,31882531.306172267,12605.477958950532,9434205.88636805,31883447.922093127,12605.477958950532,9434441.576098481,31883338.018166877,13575.053186562112,9434014.151074996,31882421.402246013,13575.053186562112
9434537.443745008,31883851.278090436,13090.265572756323,0.09013407975367035,9434205.88636805,31883447.922093127,12605.477958950532,9434633.311391536,31884364.53801399,12605.477958950532,9434869.001121968,31884254.63408774,13575.053186562112,9434441.576098481,31883338.018166877,13575.053186562112
9434964.868768493,31884767.894011296,13090.265572756323,0.031138791685101058,9434633.311391536,31884364.53801399,12605.477958950532,9435060.73641502,31885281.153934855,12605.477958950532,9435296.426145453,31885171.250008605,13575.053186562112,9434869.001121968,31884254.63408774,13575.053186562112
9435392.29379198,31885684.50993216,13090.265572756323,0.017920515690635307,9435060.73641502,31885281.153934855,12605.477958950532,9435488.161438506,31886197.76985572,12605.477958950532,9435723.85116894,31886087.86592947,13575.053186562112,9435296.426145453,31885171.250008605,13575.053186562112
9418958.407606475,31849826.585092224,14059.840800367901,4.034114940498282,9418626.850229515,31849423.229094915,13575.053186562112,9419054.275253,31850339.84501578,13575.053186562112,9419289.964983435,31850229.94108953,14544.62841417369,9418862.539959952,31849313.325168665,14544.62841417369
9419385.832629962,31850743.20101309,14059.840800367901,4.91137279853645,9419054.275253,31850339.84501578,13575.053186562112,9419481.700276487,31851256.460936647,13575.053186562112,9419717.390006922,31851146.557010394,14544.62841417369,9419289.964983435,31850229.94108953,14544.62841417369
9419813.257653449,31851659.816933952,14059.840800367901,5.549986859036403,9419481.700276487,31851256.460936647,13575.053186562112,9419909.125299972,31852173.076857507,13575.053186562112,9420144.815030407,31852063.172931258,14544.62841417369,9419717.390006922,31851146.557010394,14544.62841417369
9420240.682676932,31852576.432854816,14059.840800367901,7.184329684814916,9419909.125299972,31852173.076857507,13575.053186562112,9420336.550323457,31853089.69277837,13575.053186562112,9420572.240053892,31852979.78885212,14544.62841417369,9420144.815030407,31852063.172931258,14544.62841417369
9420668.107700419,31853493.048775677,14059.840800367901,4.856057819508845,9420336.550323457,31853089.69277837,13575.053186562112,9420763.975346943,31854006.308699235,13575.053186562112,9420999.665077379,31853896.404772982,14544.62841417369,9420572.240053892,31852979.78885212,14544.62841417369
9421095.532723902,31854409.66469654,14059.840800367901,3.8762609491301894,9420763.975346943,31854006.308699235,13575.053186562112,9421191.400370428,31854922.9246201,13575.053186562112,9421427.090100864,31854813.020693846,14544.62841417369,9420999.665077379,31853896.404772982,14544.62841417369
9421522.957747389,31855326.28061741,14059.840800367901,4.407106700111444,9421191.400370428,31854922.9246201,13575.053186562112,9421618.825393915,31855839.540540963,13575.053186562112,9421854.51512435,31855729.636614714,14544.62841417369,9421427.090100864,31854813.020693846,14544.62841417369
9421950.382770875,31856242.89653827,14059.840800367901,5.313305149867289,9421618.825393915,31855839.540540963,13575.053186562112,9422046.2504174,31856756.156461827,13575.053186562112,9422281.940147836,31856646.252535574,14544.62841417369,9421854.51512435,31855729.636614714,14544.62841417369
9422377.80779436,31857159.512459133,14059.840800367901,7.599151039665372,9422046.2504174,31856756.156461827,13575.053186562112,9422473.675440885,31857672.77238269,13575.053186562112,9422709.365171323,31857562.86845644,14544.62841417369,9422281.940147836,31856646.252535574,14544.62841417369
9422805.232817845,31858076.12838,14059.840800367901,7.262169158903376,9422473.675440885,31857672.77238269,13575.053186562112,9422901.10046437,31858589.388303556,13575.053186562112,9423136.790194808,31858479.484377306,14544.62841417369,9422709.365171323,31857562.86845644,14544.62841417369
9423232.65784133,31858992.74430086,14059.840800367901,5.842715521585364,9422901.10046437,31858589.388303556,13575.053186562112,9423328.525487855,31859506.00422442,13575.053186562112,9423564.215218293,31859396.100298166,14544.62841417369,9423136.790194808,31858479.484377306,14544.62841417369
9423660.082864817,31859909.360221725,14059.840800367901,4.166308052667456,9423328.525487855,31859506.00422442,13575.053186562112,9423755.950511342,31860422.62014528,13575.053186562112,9423991.640241778,31860312.71621903,14544.62841417369,9423564.215218293,31859396.100298166,14544.62841417369
9424087.507888304,31860825.976142585,14059.840800367901,4.235452003660783,9423755.950511342,31860422.62014528,13575.053186562112,9424183.375534827,31861339.236066144,13575.053186562112,9424419.065265262,31861229.332139894,14544.62841417369,9423991.640241778,31860312.71621903,14544.62841417369
9424514.932911789,31861742.592063453,14059.840800367901,7.6061382307632766,9424183.375534827,31861339.236066144,13575.053186562112,9424610.800558314,31862255.85198701,13575.053186562112,9424846.49028875,31862145.94806076,14544.62841417369,9424419.065265262,31861229.332139894,14544.62841417369
9424942.357935274,31862659.207984317,14059.840800367901,9.770443890824895,9424610.800558314,31862255.85198701,13575.053186562112,9425038.225581799,31863172.467907872,13575.053186562112,9425273.915312234,31863062.563981626,14544.62841417369,9424846.49028875,31862145.94806076,14544.62841417369
9425369.782958759,31863575.823905177,14059.840800367901,9.559813809550025,9425038.225581799,31863172.467907872,13575.053186562112,9425465.650605286,31864089.083828736,13575.053186562112,9425701.340335721,31863979.179902487,14544.62841417369,9425273.915312234,31863062.563981626,14544.62841417369
9425797.207982244,31864492.439826045,14059.840800367901,9.895424190778954,9425465.650605286,31864089.083828736,13575.053186562112,9425893.07562877,31865005.6997496,13575.053186562112,9426128.765359206,31864895.79582335,14544.62841417369,9425701.340335721,31863979.179902487,14544.62841417369
9426224.63300573,31865409.05574691,14059.840800367901,8.753883506781158,9425893.07562877,31865005.6997496,13575.053186562112,9426320.500652255,31865922.315670464,13575.053186562112,9426556.190382691,31865812.411744215,14544.62841417369,9426128.765359206,31864895.79582335,14544.62841417369
9426652.058029216,31866325.671667773,14059.840800367901,7.266754802637832,9426320.500652255,31865922.315670464,13575.053186562112,9426747.925675742,31866838.93159133,13575.053186562112,9426983.615406178,31866729.02766508,14544.62841417369,9426556.190382691,31865812.411744215,14544.62841417369
9427079.4830527,31867242.287588637,14059.840800367901,4.9361452930192895,9426747.925675742,31866838.93159133,13575.053186562112,9427175.350699225,31867755.547512192,13575.053186562112,9427411.040429663,31867645.643585943,14544.62841417369,9426983.615406178,31866729.02766508,14544.62841417369
9427506.908076186,31868158.9035095,14059.840800367901,5.622453740656663,9427175.350699225,31867755.547512192,13575.053186562112,9427602.775722712,31868672.163433056,13575.053186562112,9427838.46545315,31868562.259506807,14544.62841417369,9427411.040429663,31867645.643585943,14544.62841417369
9427934.333099673,31869075.51943036,14059.840800367901,4.8985913071861225,9427602.775722712,31868672.163433056,13575.053186562112,9428030.200746197,31869588.779353924,13575.053186562112,9428265.890476635,31869478.87542767,14544.62841417369,9427838.46545315,31868562.259506807,14544.62841417369
9428361.75812316,31869992.13535123,14059.840800367901,2.1679420797444515,9428030.200746197,31869588.779353924,13575.053186562112,9428457.625769684,31870505.395274784,13575.053186562112,9428693.315500122,31870395.491348535,14544.62841417369,9428265.890476635,31869478.87542767,14544.62841417369
9428789.183146644,31870908.751272094,14059.840800367901,1.5832994534342288,9428457.625769684,31870505.395274784,13575.053186562112,9428885.050793169,31871422.01119565,13575.053186562112,9429120.740523605,31871312.1072694,14544.62841417369,9428693.315500122,31870395.491348535,14544.62841417369
9429216.60817013,31871825.367192954,14059.840800367901,1.2979340764061962,9428885.050793169,31871422.01119565,13575.053186562112,9429312.475816654,31872338.627116513,13575.053186562112,9429548.16554709,31872228.72319026,14544.62841417369,9429120.740523605,31871312.1072694,14544.62841417369
9429644.033193614,31872741.983113818,14059.840800367901,1.4994471737720558,9429312.475816654,31872338.627116513,13575.053186562112,9429739.90084014,31873255.243037377,13575.053186562112,9429975.590570576,31873145.339111123,14544.62841417369,9429548.16554709,31872228.72319026,14544.62841417369
9430071.458217101,31873658.599034686,14059.840800367901,1.0625829095467372,9429739.90084014,31873255.243037377,13575.053186562112,9430167.325863626,31874171.85895824,13575.053186562112,9430403.015594061,31874061.95503199,14544.62841417369,9429975.590570576,31873145.339111123,14544.62841417369
9430498.883240586,31874575.214955546,14059.840800367901,1.2491736792540702,9430167.325863626,31874171.85895824,13575.053186562112,9430594.750887113,31875088.474879105,13575.053186562112,9430830.440617548,31874978.570952855,14544.62841417369,9430403.015594061,31874061.95503199,14544.62841417369
9430926.308264071,31875491.830876414,14059.840800367901,1.5320727643791456,9430594.750887113,31875088.474879105,13575.053186562112,9431022.175910598,31876005.09079997,13575.053186562112,9431257.865641033,31875895.186873715,14544.62841417369,9430830.440617548,31874978.570952855,14544.62841417369
9431353.733287558,31876408.446797278,14059.840800367901,1.9033706070297922,9431022.175910598,31876005.09079997,13575.053186562112,9431449.600934085,31876921.706720833,13575.053186562112,9431685.29066452,31876811.802794583,14544.62841417369,9431257.865641033,31875895.186873715,14544.62841417369
9431781.158311045,31877325.062718138,14059.840800367901,1.0487834685677504,9431449.600934085,31876921.706720833,13575.053186562112,9431877.02595757,31877838.322641697,13575.053186562112,9432112.715688005,31877728.418715443,14544.62841417369,9431685.29066452,31876811.802794583,14544.62841417369
9432208.583334528,31878241.678639002,14059.840800367901,0.6477585127601326,9431877.02595757,31877838.322641697,13575.053186562112,9432304.450981053,31878754.93856256,13575.053186562112,9432540.14071149,31878645.034636308,14544.62841417369,9432112.715688005,31877728.418715443,14544.62841417369
9432636.008358015,31879158.294559866,14059.840800367901,0.3713552094193146,9432304.450981053,31878754.93856256,13575.053186562112,9432731.87600454,31879671.55448342,13575.053186562112,9432967.565734977,31879561.65055717,14544.62841417369,9432540.14071149,31878645.034636308,14544.62841417369
9433063.4333815,31880074.91048073,14059.840800367901,0.7243639031896353,9432731.87600454,31879671.55448342,13575.053186562112,9433159.301028024,31880588.17040429,13575.053186562112,9433394.990758462,31880478.266478036,14544.62841417369,9432967.565734977,31879561.65055717,14544.62841417369
9433490.858404987,31880991.526401594,14059.840800367901,1.018686669987814,9433159.301028024,31880588.17040429,13575.053186562112,9433586.726051511,31881504.786325153,13575.053186562112,9433822.415781947,31881394.8823989,14544.62841417369,9433394.990758462,31880478.266478036,14544.62841417369
9433918.283428473,31881908.142322455,14059.840800367901,0.362750804527626,9433586.726051511,31881504.786325153,13575.053186562112,9434014.151074996,31882421.402246013,13575.053186562112,9434249.840805432,31882311.498319764,14544.62841417369,9433822.415781947,31881394.8823989,14544.62841417369
9434345.708451957,31882824.758243322,14059.840800367901,0.21989177337642873,9434014.151074996,31882421.402246013,13575.053186562112,9434441.576098481,31883338.018166877,13575.053186562112,9434677.265828917,31883228.114240628,14544.62841417369,9434249.840805432,31882311.498319764,14544.62841417369
9434773.133475443,31883741.374164186,14059.840800367901,0.08847695988650021,9434441.576098481,31883338.018166877,13575.053186562112,9434869.001121968,31884254.63408774,13575.053186562112,9435104.690852404,31884144.730161488,14544.62841417369,9434677.265828917,31883228.114240628,14544.62841417369
9435200.558498928,31884657.990085043,14059.840800367901,0.02271838884682789,9434869.001121968,31884254.63408774,13575.053186562112,9435296.426145453,31885171.250008605,13575.053186562112,9435532.115875889,31885061.346082356,14544.62841417369,9435104.690852404,31884144.730161488,14544.62841417369
9435627.983522413,31885574.606005915,14059.840800367901,0.01482690390058092,9435296.426145453,31885171.250008605,13575.053186562112,9435723.85116894,31886087.86592947,13575.053186562112,9435959.540899375,31885977.96200322,14544.62841417369,9435532.115875889,31885061.346082356,14544.62841417369
9419194.097336913,31849716.681165975,15029.41602797948,1.511475083802713,9418862.539959952,31849313.325168665,14544.62841417369,9419289.964983435,31850229.94108953,14544.62841417369,9419525.654713873,31850120.037163276,15514.20364178527,9419098.229690388,31849203.421242416,15514.20364178527
9419621.522360398,31850633.297086835,15029.41602797948,1.8562223988797117,9419289.964983435,31850229.94108953,14544.62841417369,9419717.390006922,31851146.557010394,14544.62841417369,9419953.07973736,31851036.65308414,15514.20364178527,9419525.654713873,31850120.037163276,15514.20364178527
9420048.947383882,31851549.9130077,15029.41602797948,3.441749795603302,9419717.390006922,31851146.557010394,14544.62841417369,9420144.815030407,31852063.172931258,14544.62841417369,9420380.504760845,31851953.269005008,15514.20364178527,9419953.07973736,31851036.65308414,15514.20364178527
9420476.372407367,31852466.528928563,15029.41602797948,2.7272678061809805,9420144.815030407,31852063.172931258,14544.62841417369,9420572.240053892,31852979.78885212,14544.62841417369,9420807.92978433,31852869.88492587,15514.20364178527,9420380.504760845,31851953.269005008,15514.20364178527
9420903.797430854,31853383.144849427,15029.41602797948,1.5989483681931123,9420572.240053892,31852979.78885212,14544.62841417369,9420999.665077379,31853896.404772982,14544.62841417369,9421235.354807815,31853786.500846736,15514.20364178527,9420807.92978433,31852869.88492587,15514.20364178527
9421331.222454341,31854299.76077029,15029.41602797948,2.4955876834877593,9420999.665077379,31853896.404772982,14544.62841417369,9421427.090100864,31854813.020693846,14544.62841417369,9421662.7798313,31854703.116767596,15514.20364178527,9421235.354807815,31853786.500846736,15514.20364178527
9421758.647477826,31855216.37669115,15029.41602797948,2.2381347638598146,9421427.090100864,31854813.020693846,14544.62841417369,9421854.51512435,31855729.636614714,14544.62841417369,9422090.204854786,31855619.73268846,15514.20364178527,9421662.7798313,31854703.116767596,15514.20364178527
9422186.072501311,31856132.99261202,15029.41602797948,3.4432894525162956,9421854.51512435,31855729.636614714,14544.62841417369,9422281.940147836,31856646.252535574,14544.62841417369,9422517.629878271,31856536.34860933,15514.20364178527,9422090.204854786,31855619.73268846,15514.20364178527
9422613.497524794,31857049.608532883,15029.41602797948,5.259081466762403,9422281.940147836,31856646.252535574,14544.62841417369,9422709.365171323,31857562.86845644,14544.62841417369,9422945.054901758,31857452.96453019,15514.20364178527,9422517.629878271,31856536.34860933,15514.20364178527
9423040.922548281,31857966.224453747,15029.41602797948,4.6879301198948795,9422709.365171323,31857562.86845644,14544.62841417369,9423136.790194808,31858479.484377306,14544.62841417369,9423372.479925243,31858369.580451053,15514.20364178527,9422945.054901758,31857452.96453019,15514.20364178527
9423468.347571768,31858882.84037461,15029.41602797948,5.60928832400767,9423136.790194808,31858479.484377306,14544.62841417369,9423564.215218293,31859396.100298166,14544.62841417369,9423799.904948728,31859286.196371917,15514.20364178527,9423372.479925243,31858369.580451053,15514.20364178527
9423895.772595253,31859799.45629548,15029.41602797948,5.370295761445625,9423564.215218293,31859396.100298166,14544.62841417369,9423991.640241778,31860312.71621903,14544.62841417369,9424227.329972215,31860202.81229278,15514.20364178527,9423799.904948728,31859286.196371917,15514.20364178527
9424323.197618738,31860716.072216336,15029.41602797948,3.5269432950571757,9423991.640241778,31860312.71621903,14544.62841417369,9424419.065265262,31861229.332139894,14544.62841417369,9424654.7549957,31861119.428213645,15514.20364178527,9424227.329972215,31860202.81229278,15514.20364178527
9424750.622642223,31861632.688137203,15029.41602797948,4.857055859178301,9424419.065265262,31861229.332139894,14544.62841417369,9424846.49028875,31862145.94806076,14544.62841417369,9425082.180019187,31862036.04413451,15514.20364178527,9424654.7549957,31861119.428213645,15514.20364178527
9425178.04766571,31862549.30405807,15029.41602797948,9.229480050834528,9424846.49028875,31862145.94806076,14544.62841417369,9425273.915312234,31863062.563981626,14544.62841417369,9425509.605042672,31862952.660055373,15514.20364178527,9425082.180019187,31862036.04413451,15514.20364178527
9425605.472689196,31863465.919978928,15029.41602797948,10.071524572562915,9425273.915312234,31863062.563981626,14544.62841417369,9425701.340335721,31863979.179902487,14544.62841417369,9425937.030066157,31863869.275976237,15514.20364178527,9425509.605042672,31862952.660055373,15514.20364178527
9426032.897712681,31864382.535899792,15029.41602797948,10.316002516053137,9425701.340335721,31863979.179902487,14544.62841417369,9426128.765359206,31864895.79582335,14544.62841417369,9426364.455089642,31864785.8918971,15514.20364178527,9425937.030066157,31863869.275976237,15514.20364178527
9426460.322736166,31865299.15182066,15029.41602797948,5.379440017695861,9426128.765359206,31864895.79582335,14544.62841417369,9426556.190382691,31865812.411744215,14544.62841417369,9426791.880113127,31865702.50781796,15514.20364178527,9426364.455089642,31864785.8918971,15514.20364178527
9426887.747759651,31866215.76774152,15029.41602797948,5.811495416782494,9426556.190382691,31865812.411744215,14544.62841417369,9426983.615406178,31866729.02766508,14544.62841417369,9427219.305136614,31866619.123738825,15514.20364178527,9426791.880113127,31865702.50781796,15514.20364178527
9427315.172783138,31867132.383662384,15029.41602797948,6.571631477597811,9426983.615406178,31866729.02766508,14544.62841417369,9427411.040429663,31867645.643585943,14544.62841417369,9427646.730160099,31867535.739659693,15514.20364178527,9427219.305136614,31866619.123738825,15514.20364178527
9427742.597806623,31868048.999583248,15029.41602797948,5.611154820954655,9427411.040429663,31867645.643585943,14544.62841417369,9427838.46545315,31868562.259506807,14544.62841417369,9428074.155183585,31868452.355580553,15514.20364178527,9427646.730160099,31867535.739659693,15514.20364178527
9428170.022830108,31868965.615504112,15029.41602797948,4.181380316912979,9427838.46545315,31868562.259506807,14544.62841417369,9428265.890476635,31869478.87542767,14544.62841417369,9428501.58020707,31869368.971501417,15514.20364178527,9428074.155183585,31868452.355580553,15514.20364178527
9428597.447853595,31869882.231424976,15029.41602797948,3.3005674058058405,9428265.890476635,31869478.87542767,14544.62841417369,9428693.315500122,31870395.491348535,14544.62841417369,9428929.005230557,31870285.587422285,15514.20364178527,9428501.58020707,31869368.971501417,15514.20364178527
9429024.872877082,31870798.847345844,15029.41602797948,1.0028536480113617,9428693.315500122,31870395.491348535,14544.62841417369,9429120.740523605,31871312.1072694,14544.62841417369,9429356.430254042,31871202.203343146,15514.20364178527,9428929.005230557,31870285.587422285,15514.20364178527
9429452.297900565,31871715.463266704,15029.41602797948,0.45469245797952845,9429120.740523605,31871312.1072694,14544.62841417369,9429548.16554709,31872228.72319026,14544.62841417369,9429783.855277527,31872118.81926401,15514.20364178527,9429356.430254042,31871202.203343146,15514.20364178527
9429879.722924052,31872632.07918757,15029.41602797948,0.4391284835826515,9429548.16554709,31872228.72319026,14544.62841417369,9429975.590570576,31873145.339111123,14544.62841417369,9430211.280301014,31873035.435184874,15514.20364178527,9429783.855277527,31872118.81926401,15514.20364178527
9430307.147947537,31873548.695108432,15029.41602797948,0.39938510455030296,9429975.590570576,31873145.339111123,14544.62841417369,9430403.015594061,31874061.95503199,14544.62841417369,9430638.705324497,31873952.051105738,15514.20364178527,9430211.280301014,31873035.435184874,15514.20364178527
9430734.572971024,31874465.311029296,15029.41602797948,0.45211186397375874,9430403.015594061,31874061.95503199,14544.62841417369,9430830.440617548,31874978.570952855,14544.62841417369,9431066.130347984,31874868.6670266,15514.20364178527,9430638.705324497,31873952.051105738,15514.20364178527
9431161.99799451,31875381.92695016,15029.41602797948,0.6667354841533701,9430830.440617548,31874978.570952855,14544.62841417369,9431257.865641033,31875895.186873715,14544.62841417369,9431493.555371469,31875785.282947466,15514.20364178527,9431066.130347984,31874868.6670266,15514.20364178527
9431589.423017995,31876298.54287102,15029.41602797948,1.7270142868535499,9431257.865641033,31875895.186873715,14544.62841417369,9431685.29066452,31876811.802794583,14544.62841417369,9431920.980394956,31876701.89886833,15514.20364178527,9431493.555371469,31875785.282947466,15514.20364178527
9432016.84804148,31877215.15879189,15029.41602797948,1.3468210869455484,9431685.29066452,31876811.802794583,14544.62841417369,9432112.715688005,31877728.418715443,14544.62841417369,9432348.40541844,31877618.51478919,15514.20364178527,9431920.980394956,31876701.89886833,15514.20364178527
9432444.273064964,31878131.774712753,15029.41602797948,0.8256768667314585,9432112.715688005,31877728.418715443,14544.62841417369,9432540.14071149,31878645.034636308,14544.62841417369,9432775.830441926,31878535.130710058,15514.20364178527,9432348.40541844,31877618.51478919,15514.20364178527
9432871.69808845,31879048.390633613,15029.41602797948,0.5198492072529516,9432540.14071149,31878645.034636308,14544.62841417369,9432967.565734977,31879561.65055717,14544.62841417369,9433203.255465413,31879451.746630922,15514.20364178527,9432775.830441926,31878535.130710058,15514.20364178527
9433299.123111937,31879965.006554477,15029.41602797948,0.9377576967275032,9432967.565734977,31879561.65055717,14544.62841417369,9433394.990758462,31880478.266478036,14544.62841417369,9433630.680488897,31880368.362551786,15514.20364178527,9433203.255465413,31879451.746630922,15514.20364178527
9433726.548135422,31880881.622475345,15029.41602797948,0.6386140266297267,9433394.990758462,31880478.266478036,14544.62841417369,9433822.415781947,31881394.8823989,14544.62841417369,9434058.105512384,31881284.97847265,15514.20364178527,9433630.680488897,31880368.362551786,15514.20364178527
9434153.973158907,31881798.238396205,15029.41602797948,0.15820657809227992,9433822.415781947,31881394.8823989,14544.62841417369,9434249.840805432,31882311.498319764,14544.62841417369,9434485.53053587,31882201.594393514,15514.20364178527,9434058.105512384,31881284.97847265,15514.20364178527
9434581.398182392,31882714.854317073,15029.41602797948,0.12517038005275644,9434249.840805432,31882311.498319764,14544.62841417369,9434677.265828917,31883228.114240628,14544.62841417369,9434912.955559354,31883118.21031438,15514.20364178527,9434485.53053587,31882201.594393514,15514.20364178527
9435008.823205879,31883631.470237933,15029.41602797948,0.0991561219443818,9434677.265828917,31883228.114240628,14544.62841417369,9435104.690852404,31884144.730161488,14544.62841417369,9435340.380582841,31884034.826235242,15514.20364178527,9434912.955559354,31883118.21031438,15514.20364178527
9435436.248229366,31884548.086158797,15029.41602797948,0.023630863541555806,9435104.690852404,31884144.730161488,14544.62841417369,9435532.115875889,31885061.346082356,14544.62841417369,9435767.805606324,31884951.442156103,15514.20364178527,9435340.380582841,31884034.826235242,15514.20364178527
9435863.67325285,31885464.70207966,15029.41602797948,0.0018816081401080579,9435532.115875889,31885061.346082356,14544.62841417369,9435959.540899375,31885977.96200322,14544.62841417369,9436195.230629811,31885868.05807697,15514.20364178527,9435767.805606324,31884951.442156103,15514.20364178527
9419429.787067346,31849606.777239718,15998.991255591061,1.4065379461038672,9419098.229690388,31849203.421242416,15514.20364178527,9419525.654713873,31850120.037163276,15514.20364178527,9419761.344444307,31850010.13323703,16483.77886939685,9419333.91942082,31849093.517316163,16483.77886939685
9419857.212090831,31850523.393160585,15998.991255591061,0.8842710695455605,9419525.654713873,31850120.037163276,15514.20364178527,9419953.07973736,31851036.65308414,15514.20364178527,9420188.769467792,31850926.749157894,16483.77886939685,9419761.344444307,31850010.13323703,16483.77886939685
9420284.637114318,31851440.009081453,15998.991255591061,0.857863086462341,9419953.07973736,31851036.65308414,15514.20364178527,9420380.504760845,31851953.269005008,15514.20364178527,9420616.194491278,31851843.365078755,16483.77886939685,9420188.769467792,31850926.749157894,16483.77886939685
9420712.062137803,31852356.62500231,15998.991255591061,0.8320896916974523,9420380.504760845,31851953.269005008,15514.20364178527,9420807.92978433,31852869.88492587,15514.20364178527,9421043.619514763,31852759.980999622,16483.77886939685,9420616.194491278,31851843.365078755,16483.77886939685
9421139.48716129,31853273.24092318,15998.991255591061,0.7151165962428654,9420807.92978433,31852869.88492587,15514.20364178527,9421235.354807815,31853786.500846736,15514.20364178527,9421471.044538248,31853676.596920483,16483.77886939685,9421043.619514763,31852759.980999622,16483.77886939685
9421566.912184775,31854189.856844038,15998.991255591061,1.0868314337828575,9421235.354807815,31853786.500846736,15514.20364178527,9421662.7798313,31854703.116767596,15514.20364178527,9421898.469561735,31854593.212841347,16483.77886939685,9421471.044538248,31853676.596920483,16483.77886939685
9421994.33720826,31855106.4727649,15998.991255591061,2.7320370845490807,9421662.7798313,31854703.116767596,15514.20364178527,9422090.204854786,31855619.73268846,15514.20364178527,9422325.89458522,31855509.828762215,16483.77886939685,9421898.469561735,31854593.212841347,16483.77886939685
9422421.762231747,31856023.08868577,15998.991255591061,3.687932604652544,9422090.204854786,31855619.73268846,15514.20364178527,9422517.629878271,31856536.34860933,15514.20364178527,9422753.319608707,31856426.444683075,16483.77886939685,9422325.89458522,31855509.828762215,16483.77886939685
9422849.187255234,31856939.704606637,15998.991255591061,7.030241234063277,9422517.629878271,31856536.34860933,15514.20364178527,9422945.054901758,31857452.96453019,15514.20364178527,9423180.74463219,31857343.06060394,16483.77886939685,9422753.319608707,31856426.444683075,16483.77886939685
9423276.612278719,31857856.320527494,15998.991255591061,4.554241643294705,9422945.054901758,31857452.96453019,15514.20364178527,9423372.479925243,31858369.580451053,15514.20364178527,9423608.169655677,31858259.676524807,16483.77886939685,9423180.74463219,31857343.06060394,16483.77886939685
9423704.037302203,31858772.93644836,15998.991255591061,3.7890534462928143,9423372.479925243,31858369.580451053,15514.20364178527,9423799.904948728,31859286.196371917,15514.20364178527,9424035.594679162,31859176.292445667,16483.77886939685,9423608.169655677,31858259.676524807,16483.77886939685
9424131.462325688,31859689.552369222,15998.991255591061,3.8565754450234686,9423799.904948728,31859286.196371917,15514.20364178527,9424227.329972215,31860202.81229278,15514.20364178527,9424463.019702647,31860092.90836653,16483.77886939685,9424035.594679162,31859176.292445667,16483.77886939685
9424558.887349173,31860606.168290086,15998.991255591061,4.449936955804114,9424227.329972215,31860202.81229278,15514.20364178527,9424654.7549957,31861119.428213645,15514.20364178527,9424890.444726134,31861009.524287395,16483.77886939685,9424463.019702647,31860092.90836653,16483.77886939685
9424986.31237266,31861522.784210954,15998.991255591061,8.66137062256171,9424654.7549957,31861119.428213645,15514.20364178527,9425082.180019187,31862036.04413451,15514.20364178527,9425317.869749619,31861926.14020826,16483.77886939685,9424890.444726134,31861009.524287395,16483.77886939685
9425413.737396145,31862439.400131814,15998.991255591061,9.17332814719741,9425082.180019187,31862036.04413451,15514.20364178527,9425509.605042672,31862952.660055373,15514.20364178527,9425745.294773106,31862842.756129123,16483.77886939685,9425317.869749619,31861926.14020826,16483.77886939685
9425841.16241963,31863356.01605268,15998.991255591061,7.584614276655513,9425509.605042672,31862952.660055373,15514.20364178527,9425937.030066157,31863869.275976237,15514.20364178527,9426172.71979659,31863759.372049987,16483.77886939685,9425745.294773106,31862842.756129123,16483.77886939685
9426268.587443115,31864272.631973546,15998.991255591061,4.01404672417933,9425937.030066157,31863869.275976237,15514.20364178527,9426364.455089642,31864785.8918971,15514.20364178527,9426600.144820075,31864675.987970848,16483.77886939685,9426172.71979659,31863759.372049987,16483.77886939685
9426696.012466602,31865189.247894403,15998.991255591061,3.0947381127729656,9426364.455089642,31864785.8918971,15514.20364178527,9426791.880113127,31865702.50781796,15514.20364178527,9427027.569843562,31865592.60389171,16483.77886939685,9426600.144820075,31864675.987970848,16483.77886939685
9427123.437490089,31866105.863815267,15998.991255591061,2.9178074318637206,9426791.880113127,31865702.50781796,15514.20364178527,9427219.305136614,31866619.123738825,15514.20364178527,9427454.994867047,31866509.21981258,16483.77886939685,9427027.569843562,31865592.60389171,16483.77886939685
9427550.862513574,31867022.479736138,15998.991255591061,3.189827638401324,9427219.305136614,31866619.123738825,15514.20364178527,9427646.730160099,31867535.739659693,15514.20364178527,9427882.419890532,31867425.83573344,16483.77886939685,9427454.994867047,31866509.21981258,16483.77886939685
9427978.287537059,31867939.095656995,15998.991255591061,3.95920285323344,9427646.730160099,31867535.739659693,15514.20364178527,9428074.155183585,31868452.355580553,15514.20364178527,9428309.844914017,31868342.451654304,16483.77886939685,9427882.419890532,31867425.83573344,16483.77886939685
9428405.712560546,31868855.711577863,15998.991255591061,3.447198747277694,9428074.155183585,31868452.355580553,15514.20364178527,9428501.58020707,31869368.971501417,15514.20364178527,9428737.269937504,31869259.06757517,16483.77886939685,9428309.844914017,31868342.451654304,16483.77886939685
9428833.137584032,31869772.32749873,15998.991255591061,1.7052842134056334,9428501.58020707,31869368.971501417,15514.20364178527,9428929.005230557,31870285.587422285,15514.20364178527,9429164.694960989,31870175.683496032,16483.77886939685,9428737.269937504,31869259.06757517,16483.77886939685
9429260.562607516,31870688.943419587,15998.991255591061,1.0810181339634568,9428929.005230557,31870285.587422285,15514.20364178527,9429356.430254042,31871202.203343146,15514.20364178527,9429592.119984474,31871092.299416896,16483.77886939685,9429164.694960989,31870175.683496032,16483.77886939685
9429687.987631,31871605.55934045,15998.991255591061,0.4949300741709803,9429356.430254042,31871202.203343146,15514.20364178527,9429783.855277527,31872118.81926401,15514.20364178527,9430019.54500796,31872008.91533776,16483.77886939685,9429592.119984474,31871092.299416896,16483.77886939685
9430115.412654486,31872522.175261322,15998.991255591061,0.5631441545693507,9429783.855277527,31872118.81926401,15514.20364178527,9430211.280301014,31873035.435184874,15514.20364178527,9430446.970031446,31872925.531258624,16483.77886939685,9430019.54500796,31872008.91533776,16483.77886939685
9430542.837677972,31873438.79118218,15998.991255591061,0.8525181237809845,9430211.280301014,31873035.435184874,15514.20364178527,9430638.705324497,31873952.051105738,15514.20364178527,9430874.395054933,31873842.14717949,16483.77886939685,9430446.970031446,31872925.531258624,16483.77886939685
9430970.26270146,31874355.407103047,15998.991255591061,0.8442836233102043,9430638.705324497,31873952.051105738,15514.20364178527,9431066.130347984,31874868.6670266,15514.20364178527,9431301.820078418,31874758.763100352,16483.77886939685,9430874.395054933,31873842.14717949,16483.77886939685
9431397.687724944,31875272.023023907,15998.991255591061,0.6098185878995395,9431066.130347984,31874868.6670266,15514.20364178527,9431493.555371469,31875785.282947466,15514.20364178527,9431729.245101904,31875675.379021216,16483.77886939685,9431301.820078418,31874758.763100352,16483.77886939685
9431825.11274843,31876188.63894477,15998.991255591061,0.9000025377560641,9431493.555371469,31875785.282947466,15514.20364178527,9431920.980394956,31876701.89886833,15514.20364178527,9432156.67012539,31876591.994942084,16483.77886939685,9431729.245101904,31875675.379021216,16483.77886939685
9432252.537771916,31877105.25486564,15998.991255591061,0.8864051987303687,9431920.980394956,31876701.89886833,15514.20364178527,9432348.40541844,31877618.51478919,15514.20364178527,9432584.095148874,31877508.610862944,16483.77886939685,9432156.67012539,31876591.994942084,16483.77886939685
9432679.962795401,31878021.8707865,15998.991255591061,0.7452847478586234,9432348.40541844,31877618.51478919,15514.20364178527,9432775.830441926,31878535.130710058,15514.20364178527,9433011.52017236,31878425.22678381,16483.77886939685,9432584.095148874,31877508.610862944,16483.77886939685
9433107.387818888,31878938.486707363,15998.991255591061,0.8729051392964091,9432775.830441926,31878535.130710058,15514.20364178527,9433203.255465413,31879451.746630922,15514.20364178527,9433438.945195844,31879341.842704672,16483.77886939685,9433011.52017236,31878425.22678381,16483.77886939685
9433534.812842373,31879855.10262823,15998.991255591061,0.5768698971340251,9433203.255465413,31879451.746630922,15514.20364178527,9433630.680488897,31880368.362551786,15514.20364178527,9433866.370219331,31880258.458625536,16483.77886939685,9433438.945195844,31879341.842704672,16483.77886939685
9433962.237865858,31880771.71854909,15998.991255591061,0.264647282039792,9433630.680488897,31880368.362551786,15514.20364178527,9434058.105512384,31881284.97847265,15514.20364178527,9434293.795242816,31881175.0745464,16483.77886939685,9433866.370219331,31880258.458625536,16483.77886939685
9434389.662889343,31881688.334469955,15998.991255591061,0.17183813572827578,9434058.105512384,31881284.97847265,15514.20364178527,9434485.53053587,31882201.594393514,15514.20364178527,9434721.220266303,31882091.690467265,16483.77886939685,9434293.795242816,31881175.0745464,16483.77886939685
9434817.087912828,31882604.950390823,15998.991255591061,0.14648510621981764,9434485.53053587,31882201.594393514,15514.20364178527,9434912.955559354,31883118.21031438,15514.20364178527,9435148.645289788,31883008.306388125,16483.77886939685,9434721.220266303,31882091.690467265,16483.77886939685
9435244.512936315,31883521.56631168,15998.991255591061,0.09605828172656976,9434912.955559354,31883118.21031438,15514.20364178527,9435340.380582841,31884034.826235242,15514.20364178527,9435576.070313273,31883924.92230899,16483.77886939685,9435148.645289788,31883008.306388125,16483.77886939685
9435671.9379598,31884438.182232548,15998.991255591061,0.02977502861120716,9435340.380582841,31884034.826235242,15514.20364178527,9435767.805606324,31884951.442156103,15514.20364178527,9436003.49533676,31884841.538229857,16483.77886939685,9435576.070313273,31883924.92230899,16483.77886939685
9436099.362983285,31885354.798153415,15998.991255591061,0.003828466764429513,9435767.805606324,31884951.442156103,15514.20364178527,9436195.230629811,31885868.05807697,15514.20364178527,9436430.920360245,31885758.154150717,16483.77886939685,9436003.49533676,31884841.538229857,16483.77886939685
9419665.476797782,31849496.87331347,16968.566483202645,2.2417775006427814,9419333.91942082,31849093.517316163,16483.77886939685,9419761.344444307,31850010.13323703,16483.77886939685,9419997.034174742,31849900.229310777,17453.354097008432,9419569.609151257,31848983.613389917,17453.354097008432
9420092.901821267,31850413.489234336,16968.566483202645,1.091586082494074,9419761.344444307,31850010.13323703,16483.77886939685,9420188.769467792,31850926.749157894,16483.77886939685,9420424.459198227,31850816.84523164,17453.354097008432,9419997.034174742,31849900.229310777,17453.354097008432
9420520.326844754,31851330.105155196,16968.566483202645,0.7079901542400516,9420188.769467792,31850926.749157894,16483.77886939685,9420616.194491278,31851843.365078755,16483.77886939685,9420851.884221714,31851733.46115251,17453.354097008432,9420424.459198227,31850816.84523164,17453.354097008432
9420947.75186824,31852246.721076064,16968.566483202645,0.6326092715154903,9420616.194491278,31851843.365078755,16483.77886939685,9421043.619514763,31852759.980999622,16483.77886939685,9421279.309245199,31852650.07707337,17453.354097008432,9420851.884221714,31851733.46115251,17453.354097008432
9421375.176891724,31853163.336996928,16968.566483202645,0.49615859320252736,9421043.619514763,31852759.980999622,16483.77886939685,9421471.044538248,31853676.596920483,16483.77886939685,9421706.734268684,31853566.692994233,17453.354097008432,9421279.309245199,31852650.07707337,17453.354097008432
9421802.601915209,31854079.95291779,16968.566483202645,1.1196751218844536,9421471.044538248,31853676.596920483,16483.77886939685,9421898.469561735,31854593.212841347,16483.77886939685,9422134.15929217,31854483.308915097,17453.354097008432,9421706.734268684,31853566.692994233,17453.354097008432
9422230.026938694,31854996.568838656,16968.566483202645,3.0508654706393865,9421898.469561735,31854593.212841347,16483.77886939685,9422325.89458522,31855509.828762215,16483.77886939685,9422561.584315656,31855399.92483596,17453.354097008432,9422134.15929217,31854483.308915097,17453.354097008432
9422657.45196218,31855913.18475952,16968.566483202645,6.633857198778386,9422325.89458522,31855509.828762215,16483.77886939685,9422753.319608707,31856426.444683075,16483.77886939685,9422989.009339143,31856316.540756825,17453.354097008432,9422561.584315656,31855399.92483596,17453.354097008432
9423084.876985667,31856829.80068038,16968.566483202645,8.3143905336203,9422753.319608707,31856426.444683075,16483.77886939685,9423180.74463219,31857343.06060394,16483.77886939685,9423416.434362628,31857233.15667769,17453.354097008432,9422989.009339143,31856316.540756825,17453.354097008432
9423512.302009152,31857746.416601248,16968.566483202645,7.911397380778337,9423180.74463219,31857343.06060394,16483.77886939685,9423608.169655677,31858259.676524807,16483.77886939685,9423843.859386114,31858149.772598553,17453.354097008432,9423416.434362628,31857233.15667769,17453.354097008432
9423939.727032637,31858663.032522112,16968.566483202645,5.755634930551731,9423608.169655677,31858259.676524807,16483.77886939685,9424035.594679162,31859176.292445667,16483.77886939685,9424271.2844096,31859066.388519414,17453.354097008432,9423843.859386114,31858149.772598553,17453.354097008432
9424367.152056122,31859579.64844297,16968.566483202645,5.927718764602105,9424035.594679162,31859176.292445667,16483.77886939685,9424463.019702647,31860092.90836653,16483.77886939685,9424698.709433082,31859983.00444028,17453.354097008432,9424271.2844096,31859066.388519414,17453.354097008432
9424794.577079609,31860496.26436384,16968.566483202645,5.28747486270057,9424463.019702647,31860092.90836653,16483.77886939685,9424890.444726134,31861009.524287395,16483.77886939685,9425126.13445657,31860899.62036114,17453.354097008432,9424698.709433082,31859983.00444028,17453.354097008432
9425222.002103096,31861412.880284704,16968.566483202645,3.9764660874937867,9424890.444726134,31861009.524287395,16483.77886939685,9425317.869749619,31861926.14020826,16483.77886939685,9425553.559480054,31861816.236282006,17453.354097008432,9425126.13445657,31860899.62036114,17453.354097008432
9425649.42712658,31862329.496205565,16968.566483202645,5.506829924796011,9425317.869749619,31861926.14020826,16483.77886939685,9425745.294773106,31862842.756129123,16483.77886939685,9425980.984503541,31862732.852202874,17453.354097008432,9425553.559480054,31861816.236282006,17453.354097008432
9426076.852150066,31863246.112126432,16968.566483202645,4.33788963029886,9425745.294773106,31862842.756129123,16483.77886939685,9426172.71979659,31863759.372049987,16483.77886939685,9426408.409527026,31863649.468123734,17453.354097008432,9425980.984503541,31862732.852202874,17453.354097008432
9426504.277173549,31864162.728047296,16968.566483202645,2.228497018174992,9426172.71979659,31863759.372049987,16483.77886939685,9426600.144820075,31864675.987970848,16483.77886939685,9426835.834550511,31864566.084044598,17453.354097008432,9426408.409527026,31863649.468123734,17453.354097008432
9426931.702197036,31865079.343968153,16968.566483202645,1.023517277846662,9426600.144820075,31864675.987970848,16483.77886939685,9427027.569843562,31865592.60389171,16483.77886939685,9427263.259573998,31865482.699965462,17453.354097008432,9426835.834550511,31864566.084044598,17453.354097008432
9427359.127220523,31865995.95988902,16968.566483202645,2.049807715676028,9427027.569843562,31865592.60389171,16483.77886939685,9427454.994867047,31866509.21981258,16483.77886939685,9427690.684597483,31866399.315886326,17453.354097008432,9427263.259573998,31865482.699965462,17453.354097008432
9427786.552244008,31866912.57580988,16968.566483202645,2.073275390332846,9427454.994867047,31866509.21981258,16483.77886939685,9427882.419890532,31867425.83573344,16483.77886939685,9428118.10962097,31867315.931807194,17453.354097008432,9427690.684597483,31866399.315886326,17453.354097008432
9428213.977267493,31867829.191730745,16968.566483202645,2.147803557543832,9427882.419890532,31867425.83573344,16483.77886939685,9428309.844914017,31868342.451654304,16483.77886939685,9428545.534644455,31868232.547728054,17453.354097008432,9428118.10962097,31867315.931807194,17453.354097008432
9428641.402290978,31868745.807651613,16968.566483202645,2.235938688167513,9428309.844914017,31868342.451654304,16483.77886939685,9428737.269937504,31869259.06757517,16483.77886939685,9428972.959667942,31869149.16364892,17453.354097008432,9428545.534644455,31868232.547728054,17453.354097008432
9429068.827314464,31869662.42357248,16968.566483202645,2.075215470561981,9428737.269937504,31869259.06757517,16483.77886939685,9429164.694960989,31870175.683496032,16483.77886939685,9429400.384691427,31870065.779569786,17453.354097008432,9428972.959667942,31869149.16364892,17453.354097008432
9429496.252337951,31870579.03949334,16968.566483202645,0.7083847259843256,9429164.694960989,31870175.683496032,16483.77886939685,9429592.119984474,31871092.299416896,16483.77886939685,9429827.80971491,31870982.395490646,17453.354097008432,9429400.384691427,31870065.779569786,17453.354097008432
9429923.677361436,31871495.655414205,16968.566483202645,0.7518665347190315,9429592.119984474,31871092.299416896,16483.77886939685,9430019.54500796,31872008.91533776,16483.77886939685,9430255.234738396,31871899.01141151,17453.354097008432,9429827.80971491,31870982.395490646,17453.354097008432
9430351.102384921,31872412.271335065,16968.566483202645,0.9966662891324207,9430019.54500796,31872008.91533776,16483.77886939685,9430446.970031446,31872925.531258624,16483.77886939685,9430682.659761881,31872815.627332374,17453.354097008432,9430255.234738396,31871899.01141151,17453.354097008432
9430778.527408406,31873328.887255933,16968.566483202645,0.9063057893185105,9430446.970031446,31872925.531258624,16483.77886939685,9430874.395054933,31873842.14717949,16483.77886939685,9431110.084785368,31873732.24325324,17453.354097008432,9430682.659761881,31872815.627332374,17453.354097008432
9431205.952431891,31874245.503176797,16968.566483202645,1.0101537500860835,9430874.395054933,31873842.14717949,16483.77886939685,9431301.820078418,31874758.763100352,16483.77886939685,9431537.509808853,31874648.859174103,17453.354097008432,9431110.084785368,31873732.24325324,17453.354097008432
9431633.377455378,31875162.119097658,16968.566483202645,1.105232341599554,9431301.820078418,31874758.763100352,16483.77886939685,9431729.245101904,31875675.379021216,16483.77886939685,9431964.93483234,31875565.475094967,17453.354097008432,9431537.509808853,31874648.859174103,17453.354097008432
9432060.802478863,31876078.735018525,16968.566483202645,1.4631317017579082,9431729.245101904,31875675.379021216,16483.77886939685,9432156.67012539,31876591.994942084,16483.77886939685,9432392.359855825,31876482.09101583,17453.354097008432,9431964.93483234,31875565.475094967,17453.354097008432
9432488.227502348,31876995.35093939,16968.566483202645,1.4621045798348418,9432156.67012539,31876591.994942084,16483.77886939685,9432584.095148874,31877508.610862944,16483.77886939685,9432819.78487931,31877398.70693669,17453.354097008432,9432392.359855825,31876482.09101583,17453.354097008432
9432915.652525833,31877911.96686025,16968.566483202645,2.101689089296746,9432584.095148874,31877508.610862944,16483.77886939685,9433011.52017236,31878425.22678381,16483.77886939685,9433247.209902797,31878315.32285756,17453.354097008432,9432819.78487931,31877398.70693669,17453.354097008432
9433343.07754932,31878828.582781117,16968.566483202645,2.2447541943239897,9433011.52017236,31878425.22678381,16483.77886939685,9433438.945195844,31879341.842704672,16483.77886939685,9433674.634926282,31879231.93877842,17453.354097008432,9433247.209902797,31878315.32285756,17453.354097008432
9433770.502572807,31879745.19870198,16968.566483202645,0.9843786725000145,9433438.945195844,31879341.842704672,16483.77886939685,9433866.370219331,31880258.458625536,16483.77886939685,9434102.059949769,31880148.554699283,17453.354097008432,9433674.634926282,31879231.93877842,17453.354097008432
9434197.927596292,31880661.814622838,16968.566483202645,0.21167567039583587,9433866.370219331,31880258.458625536,16483.77886939685,9434293.795242816,31881175.0745464,16483.77886939685,9434529.484973252,31881065.17062015,17453.354097008432,9434102.059949769,31880148.554699283,17453.354097008432
9434625.352619778,31881578.43054371,16968.566483202645,0.12812417648205088,9434293.795242816,31881175.0745464,16483.77886939685,9434721.220266303,31882091.690467265,16483.77886939685,9434956.909996739,31881981.78654101,17453.354097008432,9434529.484973252,31881065.17062015,17453.354097008432
9435052.777643265,31882495.046464566,16968.566483202645,0.16196516246443507,9434721.220266303,31882091.690467265,16483.77886939685,9435148.645289788,31883008.306388125,16483.77886939685,9435384.335020224,31882898.402461875,17453.354097008432,9434956.909996739,31881981.78654101,17453.354097008432
9435480.202666748,31883411.66238543,16968.566483202645,0.11979925041648105,9435148.645289788,31883008.306388125,16483.77886939685,9435576.070313273,31883924.92230899,16483.77886939685,9435811.760043709,31883815.01838274,17453.354097008432,9435384.335020224,31882898.402461875,17453.354097008432
9435907.627690233,31884328.278306298,16968.566483202645,0.11436486068858945,9435576.070313273,31883924.92230899,16483.77886939685,9436003.49533676,31884841.538229857,16483.77886939685,9436239.185067195,31884731.634303603,17453.354097008432,9435811.760043709,31883815.01838274,17453.354097008432
9436335.052713718,31885244.894227166,16968.566483202645,0.07160003113342213,9436003.49533676,31884841.538229857,16483.77886939685,9436430.920360245,31885758.154150717,16483.77886939685,9436666.61009068,31885648.250224467,17453.354097008432,9436239.185067195,31884731.634303603,17453.354097008432
9419901.166528217,31849386.969387222,17938.141710814223,1.8030517235165686,9419569.609151257,31848983.613389917,17453.354097008432,9419997.034174742,31849900.229310777,17453.354097008432,9420232.72390518,31849790.325384524,18422.92932462001,9419805.298881693,31848873.709463663,18422.92932462001
9420328.591551704,31850303.585308086,17938.141710814223,1.033903725659205,9419997.034174742,31849900.229310777,17453.354097008432,9420424.459198227,31850816.84523164,17453.354097008432,9420660.148928665,31850706.94130539,18422.92932462001,9420232.72390518,31849790.325384524,18422.92932462001
9420756.01657519,31851220.201228946,17938.141710814223,1.1630171346032487,9420424.459198227,31850816.84523164,17453.354097008432,9420851.884221714,31851733.46115251,17453.354097008432,9421087.573952151,31851623.557226256,18422.92932462001,9420660.148928665,31850706.94130539,18422.92932462001
9421183.441598674,31852136.817149814,17938.141710814223,0.5237163953028395,9420851.884221714,31851733.46115251,17453.354097008432,9421279.309245199,31852650.07707337,17453.354097008432,9421514.998975636,31852540.173147116,18422.92932462001,9421087.573952151,31851623.557226256,18422.92932462001
9421610.86662216,31853053.43307068,17938.141710814223,0.6518332284220838,9421279.309245199,31852650.07707337,17453.354097008432,9421706.734268684,31853566.692994233,17453.354097008432,9421942.42399912,31853456.789067984,18422.92932462001,9421514.998975636,31852540.173147116,18422.92932462001
9422038.291645646,31853970.04899154,17938.141710814223,1.6074335679990677,9421706.734268684,31853566.692994233,17453.354097008432,9422134.15929217,31854483.308915097,17453.354097008432,9422369.849022606,31854373.404988844,18422.92932462001,9421942.42399912,31853456.789067984,18422.92932462001
9422465.716669133,31854886.664912403,17938.141710814223,2.018341681614493,9422134.15929217,31854483.308915097,17453.354097008432,9422561.584315656,31855399.92483596,17453.354097008432,9422797.274046091,31855290.020909708,18422.92932462001,9422369.849022606,31854373.404988844,18422.92932462001
9422893.141692618,31855803.28083327,17938.141710814223,1.8663034733611037,9422561.584315656,31855399.92483596,17453.354097008432,9422989.009339143,31856316.540756825,17453.354097008432,9423224.699069578,31856206.636830576,18422.92932462001,9422797.274046091,31855290.020909708,18422.92932462001
9423320.566716101,31856719.89675413,17938.141710814223,2.8566376199321137,9422989.009339143,31856316.540756825,17453.354097008432,9423416.434362628,31857233.15667769,17453.354097008432,9423652.124093063,31857123.252751436,18422.92932462001,9423224.699069578,31856206.636830576,18422.92932462001
9423747.991739586,31857636.512674995,17938.141710814223,4.088595860237384,9423416.434362628,31857233.15667769,17453.354097008432,9423843.859386114,31858149.772598553,17453.354097008432,9424079.54911655,31858039.8686723,18422.92932462001,9423652.124093063,31857123.252751436,18422.92932462001
9424175.416763073,31858553.128595855,17938.141710814223,4.088010486473262,9423843.859386114,31858149.772598553,17453.354097008432,9424271.2844096,31859066.388519414,17453.354097008432,9424506.974140035,31858956.484593164,18422.92932462001,9424079.54911655,31858039.8686723,18422.92932462001
9424602.84178656,31859469.744516723,17938.141710814223,3.0044754165163656,9424271.2844096,31859066.388519414,17453.354097008432,9424698.709433082,31859983.00444028,17453.354097008432,9424934.39916352,31859873.10051403,18422.92932462001,9424506.974140035,31858956.484593164,18422.92932462001
9425030.266810045,31860386.360437587,17938.141710814223,2.1494874194037497,9424698.709433082,31859983.00444028,17453.354097008432,9425126.13445657,31860899.62036114,17453.354097008432,9425361.824187007,31860789.716434896,18422.92932462001,9424934.39916352,31859873.10051403,18422.92932462001
9425457.69183353,31861302.97635845,17938.141710814223,2.778369523160551,9425126.13445657,31860899.62036114,17453.354097008432,9425553.559480054,31861816.236282006,17453.354097008432,9425789.249210492,31861706.332355756,18422.92932462001,9425361.824187007,31860789.716434896,18422.92932462001
9425885.116857015,31862219.592279315,17938.141710814223,2.891190583450095,9425553.559480054,31861816.236282006,17453.354097008432,9425980.984503541,31862732.852202874,17453.354097008432,9426216.674233979,31862622.94827662,18422.92932462001,9425789.249210492,31861706.332355756,18422.92932462001
9426312.541880501,31863136.20820018,17938.141710814223,2.364626778998279,9425980.984503541,31862732.852202874,17453.354097008432,9426408.409527026,31863649.468123734,17453.354097008432,9426644.099257462,31863539.564197488,18422.92932462001,9426216.674233979,31862622.94827662,18422.92932462001
9426739.966903988,31864052.824121043,17938.141710814223,1.5693079164491748,9426408.409527026,31863649.468123734,17453.354097008432,9426835.834550511,31864566.084044598,17453.354097008432,9427071.524280947,31864456.18011835,18422.92932462001,9426644.099257462,31863539.564197488,18422.92932462001
9427167.391927473,31864969.440041907,17938.141710814223,1.5683453936641623,9426835.834550511,31864566.084044598,17453.354097008432,9427263.259573998,31865482.699965462,17453.354097008432,9427498.949304434,31865372.796039212,18422.92932462001,9427071.524280947,31864456.18011835,18422.92932462001
9427594.816950958,31865886.05596277,17938.141710814223,0.993226172828056,9427263.259573998,31865482.699965462,17453.354097008432,9427690.684597483,31866399.315886326,17453.354097008432,9427926.374327919,31866289.411960077,18422.92932462001,9427498.949304434,31865372.796039212,18422.92932462001
9428022.241974443,31866802.67188363,17938.141710814223,1.2212735026406967,9427690.684597483,31866399.315886326,17453.354097008432,9428118.10962097,31867315.931807194,17453.354097008432,9428353.799351405,31867206.02788094,18422.92932462001,9427926.374327919,31866289.411960077,18422.92932462001
9428449.666997928,31867719.2878045,17938.141710814223,1.3640367824352109,9428118.10962097,31867315.931807194,17453.354097008432,9428545.534644455,31868232.547728054,17453.354097008432,9428781.22437489,31868122.643801805,18422.92932462001,9428353.799351405,31867206.02788094,18422.92932462001
9428877.092021415,31868635.903725363,17938.141710814223,1.5793205113581579,9428545.534644455,31868232.547728054,17453.354097008432,9428972.959667942,31869149.16364892,17453.354097008432,9429208.649398377,31869039.25972267,18422.92932462001,9428781.22437489,31868122.643801805,18422.92932462001
9429304.5170449,31869552.519646227,17938.141710814223,1.4069198209318905,9428972.959667942,31869149.16364892,17453.354097008432,9429400.384691427,31870065.779569786,17453.354097008432,9429636.074421862,31869955.875643533,18422.92932462001,9429208.649398377,31869039.25972267,18422.92932462001
9429731.942068385,31870469.13556709,17938.141710814223,0.5494081224146078,9429400.384691427,31870065.779569786,17453.354097008432,9429827.80971491,31870982.395490646,17453.354097008432,9430063.499445347,31870872.491564393,18422.92932462001,9429636.074421862,31869955.875643533,18422.92932462001
9430159.36709187,31871385.751487955,17938.141710814223,0.39004536905509085,9429827.80971491,31870982.395490646,17453.354097008432,9430255.234738396,31871899.01141151,17453.354097008432,9430490.924468834,31871789.10748526,18422.92932462001,9430063.499445347,31870872.491564393,18422.92932462001
9430586.792115357,31872302.367408816,17938.141710814223,0.9148815906092449,9430255.234738396,31871899.01141151,17453.354097008432,9430682.659761881,31872815.627332374,17453.354097008432,9430918.349492319,31872705.72340612,18422.92932462001,9430490.924468834,31871789.10748526,18422.92932462001
9431014.217138844,31873218.98332968,17938.141710814223,3.3031109421870064,9430682.659761881,31872815.627332374,17453.354097008432,9431110.084785368,31873732.24325324,17453.354097008432,9431345.774515804,31873622.339326985,18422.92932462001,9430918.349492319,31872705.72340612,18422.92932462001
9431441.642162329,31874135.599250548,17938.141710814223,3.2394074151961068,9431110.084785368,31873732.24325324,17453.354097008432,9431537.509808853,31874648.859174103,17453.354097008432,9431773.199539289,31874538.955247853,18422.92932462001,9431345.774515804,31873622.339326985,18422.92932462001
9431869.067185815,31875052.215171408,17938.141710814223,2.833366838378584,9431537.509808853,31874648.859174103,17453.354097008432,9431964.93483234,31875565.475094967,17453.354097008432,9432200.624562776,31875455.571168713,18422.92932462001,9431773.199539289,31874538.955247853,18422.92932462001
9432296.492209302,31875968.831092272,17938.141710814223,2.9492569884981648,9431964.93483234,31875565.475094967,17453.354097008432,9432392.359855825,31876482.09101583,17453.354097008432,9432628.04958626,31876372.187089577,18422.92932462001,9432200.624562776,31875455.571168713,18422.92932462001
9432723.917232785,31876885.447013136,17938.141710814223,3.788597695769409,9432392.359855825,31876482.09101583,17453.354097008432,9432819.78487931,31877398.70693669,17453.354097008432,9433055.474609746,31877288.80301044,18422.92932462001,9432628.04958626,31876372.187089577,18422.92932462001
9433151.34225627,31877802.062934,17938.141710814223,4.337898333471264,9432819.78487931,31877398.70693669,17453.354097008432,9433247.209902797,31878315.32285756,17453.354097008432,9433482.899633233,31878205.418931305,18422.92932462001,9433055.474609746,31877288.80301044,18422.92932462001
9433578.767279755,31878718.678854864,17938.141710814223,3.8602853120164657,9433247.209902797,31878315.32285756,17453.354097008432,9433674.634926282,31879231.93877842,17453.354097008432,9433910.324656717,31879122.03485217,18422.92932462001,9433482.899633233,31878205.418931305,18422.92932462001
9434006.192303242,31879635.294775724,17938.141710814223,1.9095331793446875,9433674.634926282,31879231.93877842,17453.354097008432,9434102.059949769,31880148.554699283,17453.354097008432,9434337.749680204,31880038.650773033,18422.92932462001,9433910.324656717,31879122.03485217,18422.92932462001
9434433.617326729,31880551.910696592,17938.141710814223,0.5613625626190589,9434102.059949769,31880148.554699283,17453.354097008432,9434529.484973252,31881065.17062015,17453.354097008432,9434765.17470369,31880955.266693898,18422.92932462001,9434337.749680204,31880038.650773033,18422.92932462001
9434861.042350214,31881468.526617456,17938.141710814223,0.37088540126883857,9434529.484973252,31881065.17062015,17453.354097008432,9434956.909996739,31881981.78654101,17453.354097008432,9435192.599727176,31881871.88261476,18422.92932462001,9434765.17470369,31880955.266693898,18422.92932462001
9435288.467373699,31882385.142538317,17938.141710814223,0.34298020304461396,9434956.909996739,31881981.78654101,17453.354097008432,9435384.335020224,31882898.402461875,17453.354097008432,9435620.024750661,31882788.498535626,18422.92932462001,9435192.599727176,31881871.88261476,18422.92932462001
9435715.892397184,31883301.758459184,17938.141710814223,0.25078159304117226,9435384.335020224,31882898.402461875,17453.354097008432,9435811.760043709,31883815.01838274,17453.354097008432,9436047.449774146,31883705.11445649,18422.92932462001,9435620.024750661,31882788.498535626,18422.92932462001
9436143.31742067,31884218.37438005,17938.141710814223,0.43105305386926734,9435811.760043709,31883815.01838274,17453.354097008432,9436239.185067195,31884731.634303603,17453.354097008432,9436474.874797631,31884621.730377354,18422.92932462001,9436047.449774146,31883705.11445649,18422.92932462001
9436570.742444158,31885134.99030091,17938.141710814223,0.19003616529567902,9436239.185067195,31884731.634303603,17453.354097008432,9436666.61009068,31885648.250224467,17453.354097008432,9436902.299821116,31885538.346298218,18422.92932462001,9436474.874797631,31884621.730377354,18422.92932462001
9420136.856258653,31849277.06546097,18907.7169384258,1.6260237339986086,9419805.298881693,31848873.709463663,18422.92932462001,9420232.72390518,31849790.325384524,18422.92932462001,9420468.413635612,31849680.421458278,19392.50455223159,9420040.988612127,31848763.80553741,19392.50455223159
9420564.281282138,31850193.681381833,18907.7169384258,1.0982060627771693,9420232.72390518,31849790.325384524,18422.92932462001,9420660.148928665,31850706.94130539,18422.92932462001,9420895.838659098,31850597.037379142,19392.50455223159,9420468.413635612,31849680.421458278,19392.50455223159
9420991.706305623,31851110.297302697,18907.7169384258,0.9531266999992598,9420660.148928665,31850706.94130539,18422.92932462001,9421087.573952151,31851623.557226256,18422.92932462001,9421323.263682583,31851513.653300002,19392.50455223159,9420895.838659098,31850597.037379142,19392.50455223159
9421419.13132911,31852026.91322356,18907.7169384258,1.1560137612933972,9421087.573952151,31851623.557226256,18422.92932462001,9421514.998975636,31852540.173147116,18422.92932462001,9421750.688706068,31852430.26922087,19392.50455223159,9421323.263682583,31851513.653300002,19392.50455223159
9421846.556352595,31852943.529144425,18907.7169384258,1.483386097552206,9421514.998975636,31852540.173147116,18422.92932462001,9421942.42399912,31853456.789067984,18422.92932462001,9422178.113729555,31853346.88514173,19392.50455223159,9421750.688706068,31852430.26922087,19392.50455223159
9422273.981376082,31853860.14506529,18907.7169384258,1.8015063035940742,9421942.42399912,31853456.789067984,18422.92932462001,9422369.849022606,31854373.404988844,18422.92932462001,9422605.53875304,31854263.501062598,19392.50455223159,9422178.113729555,31853346.88514173,19392.50455223159
9422701.406399567,31854776.760986153,18907.7169384258,1.8422498606255169,9422369.849022606,31854373.404988844,18422.92932462001,9422797.274046091,31855290.020909708,18422.92932462001,9423032.963776527,31855180.116983462,19392.50455223159,9422605.53875304,31854263.501062598,19392.50455223159
9423128.831423052,31855693.376907017,18907.7169384258,1.7630434046893333,9422797.274046091,31855290.020909708,18422.92932462001,9423224.699069578,31856206.636830576,18422.92932462001,9423460.388800012,31856096.732904322,19392.50455223159,9423032.963776527,31855180.116983462,19392.50455223159
9423556.256446538,31856609.99282788,18907.7169384258,1.8080000862865255,9423224.699069578,31856206.636830576,18422.92932462001,9423652.124093063,31857123.252751436,18422.92932462001,9423887.813823497,31857013.34882519,19392.50455223159,9423460.388800012,31856096.732904322,19392.50455223159
9423983.681470025,31857526.60874875,18907.7169384258,2.425967638512809,9423652.124093063,31857123.252751436,18422.92932462001,9424079.54911655,31858039.8686723,18422.92932462001,9424315.238846982,31857929.964746054,19392.50455223159,9423887.813823497,31857013.34882519,19392.50455223159
9424411.10649351,31858443.22466961,18907.7169384258,1.9366502145738542,9424079.54911655,31858039.8686723,18422.92932462001,9424506.974140035,31858956.484593164,18422.92932462001,9424742.663870467,31858846.580666915,19392.50455223159,9424315.238846982,31857929.964746054,19392.50455223159
9424838.531516995,31859359.840590473,18907.7169384258,1.541496092849894,9424506.974140035,31858956.484593164,18422.92932462001,9424934.39916352,31859873.10051403,18422.92932462001,9425170.088893954,31859763.196587782,19392.50455223159,9424742.663870467,31858846.580666915,19392.50455223159
9425265.956540478,31860276.45651134,18907.7169384258,2.4402335279557965,9424934.39916352,31859873.10051403,18422.92932462001,9425361.824187007,31860789.716434896,18422.92932462001,9425597.513917439,31860679.812508643,19392.50455223159,9425170.088893954,31859763.196587782,19392.50455223159
9425693.381563965,31861193.072432198,18907.7169384258,2.592640529204235,9425361.824187007,31860789.716434896,18422.92932462001,9425789.249210492,31861706.332355756,18422.92932462001,9426024.938940926,31861596.428429507,19392.50455223159,9425597.513917439,31860679.812508643,19392.50455223159
9426120.806587452,31862109.68835306,18907.7169384258,1.8385007507039777,9425789.249210492,31861706.332355756,18422.92932462001,9426216.674233979,31862622.94827662,18422.92932462001,9426452.36396441,31862513.044350374,19392.50455223159,9426024.938940926,31861596.428429507,19392.50455223159
9426548.231610937,31863026.304273933,18907.7169384258,1.2559591364857337,9426216.674233979,31862622.94827662,18422.92932462001,9426644.099257462,31863539.564197488,18422.92932462001,9426879.788987897,31863429.660271235,19392.50455223159,9426452.36396441,31862513.044350374,19392.50455223159
9426975.656634422,31863942.92019479,18907.7169384258,0.7263952949051247,9426644.099257462,31863539.564197488,18422.92932462001,9427071.524280947,31864456.18011835,18422.92932462001,9427307.214011382,31864346.276192095,19392.50455223159,9426879.788987897,31863429.660271235,19392.50455223159
9427403.081657907,31864859.536115654,18907.7169384258,0.8337192900350792,9427071.524280947,31864456.18011835,18422.92932462001,9427498.949304434,31865372.796039212,18422.92932462001,9427734.639034867,31865262.892112963,19392.50455223159,9427307.214011382,31864346.276192095,19392.50455223159
9427830.506681394,31865776.152036518,18907.7169384258,0.911451877156616,9427498.949304434,31865372.796039212,18422.92932462001,9427926.374327919,31866289.411960077,18422.92932462001,9428162.064058354,31866179.508033827,19392.50455223159,9427734.639034867,31865262.892112963,19392.50455223159
9428257.93170488,31866692.767957382,18907.7169384258,1.2826249144323025,9427926.374327919,31866289.411960077,18422.92932462001,9428353.799351405,31867206.02788094,18422.92932462001,9428589.489081837,31867096.123954687,19392.50455223159,9428162.064058354,31866179.508033827,19392.50455223159
9428685.356728366,31867609.383878246,18907.7169384258,0.7464318164721689,9428353.799351405,31867206.02788094,18422.92932462001,9428781.22437489,31868122.643801805,18422.92932462001,9429016.914105324,31868012.739875555,19392.50455223159,9428589.489081837,31867096.123954687,19392.50455223159
9429112.78175185,31868525.999799117,18907.7169384258,0.37399492459840267,9428781.22437489,31868122.643801805,18422.92932462001,9429208.649398377,31869039.25972267,18422.92932462001,9429444.339128809,31868929.35579642,19392.50455223159,9429016.914105324,31868012.739875555,19392.50455223159
9429540.206775337,31869442.615719974,18907.7169384258,0.5499170583017647,9429208.649398377,31869039.25972267,18422.92932462001,9429636.074421862,31869955.875643533,18422.92932462001,9429871.764152296,31869845.97171728,19392.50455223159,9429444.339128809,31868929.35579642,19392.50455223159
9429967.63179882,31870359.231640838,18907.7169384258,0.6302415961624768,9429636.074421862,31869955.875643533,18422.92932462001,9430063.499445347,31870872.491564393,18422.92932462001,9430299.18917578,31870762.587638147,19392.50455223159,9429871.764152296,31869845.97171728,19392.50455223159
9430395.056822307,31871275.847561702,18907.7169384258,0.6135908897724864,9430063.499445347,31870872.491564393,18422.92932462001,9430490.924468834,31871789.10748526,18422.92932462001,9430726.614199266,31871679.203559007,19392.50455223159,9430299.18917578,31870762.587638147,19392.50455223159
9430822.481845792,31872192.463482566,18907.7169384258,1.4587308848856357,9430490.924468834,31871789.10748526,18422.92932462001,9430918.349492319,31872705.72340612,18422.92932462001,9431154.039222753,31872595.81947987,19392.50455223159,9430726.614199266,31871679.203559007,19392.50455223159
9431249.906869277,31873109.07940343,18907.7169384258,5.045320194104207,9430918.349492319,31872705.72340612,18422.92932462001,9431345.774515804,31873622.339326985,18422.92932462001,9431581.464246238,31873512.43540074,19392.50455223159,9431154.039222753,31872595.81947987,19392.50455223159
9431677.331892764,31874025.695324294,18907.7169384258,5.952667956280768,9431345.774515804,31873622.339326985,18422.92932462001,9431773.199539289,31874538.955247853,18422.92932462001,9432008.889269724,31874429.0513216,19392.50455223159,9431581.464246238,31873512.43540074,19392.50455223159
9432104.756916251,31874942.31124516,18907.7169384258,5.077880262624825,9431773.199539289,31874538.955247853,18422.92932462001,9432200.624562776,31875455.571168713,18422.92932462001,9432436.31429321,31875345.667242464,19392.50455223159,9432008.889269724,31874429.0513216,19392.50455223159
9432532.181939736,31875858.927166022,18907.7169384258,4.3613357954276415,9432200.624562776,31875455.571168713,18422.92932462001,9432628.04958626,31876372.187089577,18422.92932462001,9432863.739316696,31876262.28316333,19392.50455223159,9432436.31429321,31875345.667242464,19392.50455223159
9432959.606963221,31876775.543086886,18907.7169384258,3.7774344309277534,9432628.04958626,31876372.187089577,18422.92932462001,9433055.474609746,31877288.80301044,18422.92932462001,9433291.16434018,31877178.89908419,19392.50455223159,9432863.739316696,31876262.28316333,19392.50455223159
9433387.031986706,31877692.159007747,18907.7169384258,3.9030059035809006,9433055.474609746,31877288.80301044,18422.92932462001,9433482.899633233,31878205.418931305,18422.92932462001,9433718.589363664,31878095.51500506,19392.50455223159,9433291.16434018,31877178.89908419,19392.50455223159
9433814.457010193,31878608.774928614,18907.7169384258,2.1400593857836605,9433482.899633233,31878205.418931305,18422.92932462001,9433910.324656717,31879122.03485217,18422.92932462001,9434146.014387151,31879012.13092592,19392.50455223159,9433718.589363664,31878095.51500506,19392.50455223159
9434241.88203368,31879525.390849475,18907.7169384258,1.517392421269097,9433910.324656717,31879122.03485217,18422.92932462001,9434337.749680204,31880038.650773033,18422.92932462001,9434573.439410636,31879928.746846784,19392.50455223159,9434146.014387151,31879012.13092592,19392.50455223159
9434669.307057165,31880442.006770343,18907.7169384258,0.5981917042012986,9434337.749680204,31880038.650773033,18422.92932462001,9434765.17470369,31880955.266693898,18422.92932462001,9435000.864434123,31880845.36276765,19392.50455223159,9434573.439410636,31879928.746846784,19392.50455223159
9435096.732080648,31881358.622691207,18907.7169384258,0.863103377265499,9434765.17470369,31880955.266693898,18422.92932462001,9435192.599727176,31881871.88261476,18422.92932462001,9435428.289457608,31881761.978688512,19392.50455223159,9435000.864434123,31880845.36276765,19392.50455223159
9435524.157104135,31882275.238612067,18907.7169384258,1.3823586945218858,9435192.599727176,31881871.88261476,18422.92932462001,9435620.024750661,31882788.498535626,18422.92932462001,9435855.714481093,31882678.594609376,19392.50455223159,9435428.289457608,31881761.978688512,19392.50455223159
9435951.58212762,31883191.85453293,18907.7169384258,1.1540674391798573,9435620.024750661,31882788.498535626,18422.92932462001,9436047.449774146,31883705.11445649,18422.92932462001,9436283.13950458,31883595.21053024,19392.50455223159,9435855.714481093,31882678.594609376,19392.50455223159
9436379.007151106,31884108.470453802,18907.7169384258,1.1141444325372132,9436047.449774146,31883705.11445649,18422.92932462001,9436474.874797631,31884621.730377354,18422.92932462001,9436710.564528065,31884511.826451104,19392.50455223159,9436283.13950458,31883595.21053024,19392.50455223159
9436806.432174591,31885025.08637466,18907.7169384258,0.9140549371902629,9436474.874797631,31884621.730377354,18422.92932462001,9436902.299821116,31885538.346298218,18422.92932462001,9437137.989551552,31885428.44237197,19392.50455223159,9436710.564528065,31884511.826451104,19392.50455223159
9420372.545989087,31849167.161534723,19877.29216603738,4.995423404256037,9420040.988612127,31848763.80553741,19392.50455223159,9420468.413635612,31849680.421458278,19392.50455223159,9420704.103366047,31849570.517532025,20362.07977984317,9420276.678342564,31848653.901611164,20362.07977984317
9420799.971012574,31850083.77745558,19877.29216603738,3.2923862543505837,9420468.413635612,31849680.421458278,19392.50455223159,9420895.838659098,31850597.037379142,19392.50455223159,9421131.528389534,31850487.133452892,20362.07977984317,9420704.103366047,31849570.517532025,20362.07977984317
9421227.396036059,31851000.39337645,19877.29216603738,3.3908852603515736,9420895.838659098,31850597.037379142,19392.50455223159,9421323.263682583,31851513.653300002,19392.50455223159,9421558.953413019,31851403.749373756,20362.07977984317,9421131.528389534,31850487.133452892,20362.07977984317
9421654.821059544,31851917.009297315,19877.29216603738,3.2923575100744857,9421323.263682583,31851513.653300002,19392.50455223159,9421750.688706068,31852430.26922087,19392.50455223159,9421986.378436504,31852320.365294617,20362.07977984317,9421558.953413019,31851403.749373756,20362.07977984317
9422082.246083029,31852833.62521817,19877.29216603738,3.0013967791168006,9421750.688706068,31852430.26922087,19392.50455223159,9422178.113729555,31853346.88514173,19392.50455223159,9422413.80345999,31853236.981215484,20362.07977984317,9421986.378436504,31852320.365294617,20362.07977984317
9422509.671106514,31853750.24113904,19877.29216603738,2.292289070760243,9422178.113729555,31853346.88514173,19392.50455223159,9422605.53875304,31854263.501062598,19392.50455223159,9422841.228483476,31854153.597136345,20362.07977984317,9422413.80345999,31853236.981215484,20362.07977984317
9422937.09613,31854666.857059907,19877.29216603738,2.8220139459151277,9422605.53875304,31854263.501062598,19392.50455223159,9423032.963776527,31855180.116983462,19392.50455223159,9423268.653506963,31855070.21305721,20362.07977984317,9422841.228483476,31854153.597136345,20362.07977984317
9423364.521153485,31855583.472980764,19877.29216603738,1.5586964994699377,9423032.963776527,31855180.116983462,19392.50455223159,9423460.388800012,31856096.732904322,19392.50455223159,9423696.078530448,31855986.828978077,20362.07977984317,9423268.653506963,31855070.21305721,20362.07977984317
9423791.946176972,31856500.088901635,19877.29216603738,1.5928568682305606,9423460.388800012,31856096.732904322,19392.50455223159,9423887.813823497,31857013.34882519,19392.50455223159,9424123.503553934,31856903.444898937,20362.07977984317,9423696.078530448,31855986.828978077,20362.07977984317
9424219.37120046,31857416.7048225,19877.29216603738,1.2976920020439437,9423887.813823497,31857013.34882519,19392.50455223159,9424315.238846982,31857929.964746054,19392.50455223159,9424550.92857742,31857820.0608198,20362.07977984317,9424123.503553934,31856903.444898937,20362.07977984317
9424646.796223942,31858333.320743356,19877.29216603738,0.9008316236872959,9424315.238846982,31857929.964746054,19392.50455223159,9424742.663870467,31858846.580666915,19392.50455223159,9424978.353600904,31858736.676740665,20362.07977984317,9424550.92857742,31857820.0608198,20362.07977984317
9425074.221247429,31859249.936664224,19877.29216603738,0.6409714739793004,9424742.663870467,31858846.580666915,19392.50455223159,9425170.088893954,31859763.196587782,19392.50455223159,9425405.77862439,31859653.29266153,20362.07977984317,9424978.353600904,31858736.676740665,20362.07977984317
9425501.646270914,31860166.552585088,19877.29216603738,0.8796465633264547,9425170.088893954,31859763.196587782,19392.50455223159,9425597.513917439,31860679.812508643,19392.50455223159,9425833.203647874,31860569.90858239,20362.07977984317,9425405.77862439,31859653.29266153,20362.07977984317
9425929.0712944,31861083.168505948,19877.29216603738,1.528488394597776,9425597.513917439,31860679.812508643,19392.50455223159,9426024.938940926,31861596.428429507,19392.50455223159,9426260.628671361,31861486.524503257,20362.07977984317,9425833.203647874,31860569.90858239,20362.07977984317
9426356.496317888,31861999.784426816,19877.29216603738,1.7799600792485868,9426024.938940926,31861596.428429507,19392.50455223159,9426452.36396441,31862513.044350374,19392.50455223159,9426688.053694846,31862403.14042412,20362.07977984317,9426260.628671361,31861486.524503257,20362.07977984317
9426783.921341373,31862916.400347676,19877.29216603738,1.5982048077670608,9426452.36396441,31862513.044350374,19392.50455223159,9426879.788987897,31863429.660271235,19392.50455223159,9427115.478718333,31863319.75634498,20362.07977984317,9426688.053694846,31862403.14042412,20362.07977984317
9427211.346364856,31863833.01626854,19877.29216603738,1.3499636960636787,9426879.788987897,31863429.660271235,19392.50455223159,9427307.214011382,31864346.276192095,19392.50455223159,9427542.903741818,31864236.37226585,20362.07977984317,9427115.478718333,31863319.75634498,20362.07977984317
9427638.77138834,31864749.632189408,19877.29216603738,1.6779584962784897,9427307.214011382,31864346.276192095,19392.50455223159,9427734.639034867,31865262.892112963,19392.50455223159,9427970.328765303,31865152.98818671,20362.07977984317,9427542.903741818,31864236.37226585,20362.07977984317
9428066.196411828,31865666.248110265,19877.29216603738,1.2818261970989413,9427734.639034867,31865262.892112963,19392.50455223159,9428162.064058354,31866179.508033827,19392.50455223159,9428397.75378879,31866069.604107574,20362.07977984317,9427970.328765303,31865152.98818671,20362.07977984317
9428493.621435314,31866582.864031132,19877.29216603738,1.2618683632655905,9428162.064058354,31866179.508033827,19392.50455223159,9428589.489081837,31867096.123954687,19392.50455223159,9428825.178812275,31866986.22002844,20362.07977984317,9428397.75378879,31866069.604107574,20362.07977984317
9428921.0464588,31867499.479952,19877.29216603738,1.4583964548563777,9428589.489081837,31867096.123954687,19392.50455223159,9429016.914105324,31868012.739875555,19392.50455223159,9429252.603835762,31867902.8359493,20362.07977984317,9428825.178812275,31866986.22002844,20362.07977984317
9429348.471482284,31868416.09587286,19877.29216603738,0.5490381373546617,9429016.914105324,31868012.739875555,19392.50455223159,9429444.339128809,31868929.35579642,19392.50455223159,9429680.028859247,31868819.451870166,20362.07977984317,9429252.603835762,31867902.8359493,20362.07977984317
9429775.89650577,31869332.711793724,19877.29216603738,0.4093702445966238,9429444.339128809,31868929.35579642,19392.50455223159,9429871.764152296,31869845.97171728,19392.50455223159,9430107.453882733,31869736.067791034,20362.07977984317,9429680.028859247,31868819.451870166,20362.07977984317
9430203.321529256,31870249.327714592,19877.29216603738,0.48509649753077305,9429871.764152296,31869845.97171728,19392.50455223159,9430299.18917578,31870762.587638147,19392.50455223159,9430534.878906216,31870652.683711894,20362.07977984317,9430107.453882733,31869736.067791034,20362.07977984317
9430630.746552743,31871165.94363545,19877.29216603738,0.8482365423935163,9430299.18917578,31870762.587638147,19392.50455223159,9430726.614199266,31871679.203559007,19392.50455223159,9430962.303929701,31871569.29963276,20362.07977984317,9430534.878906216,31870652.683711894,20362.07977984317
9431058.171576228,31872082.559556317,19877.29216603738,2.0500477274492632,9430726.614199266,31871679.203559007,19392.50455223159,9431154.039222753,31872595.81947987,19392.50455223159,9431389.728953188,31872485.915553622,20362.07977984317,9430962.303929701,31871569.29963276,20362.07977984317
9431485.596599713,31872999.175477184,19877.29216603738,5.037069939531096,9431154.039222753,31872595.81947987,19392.50455223159,9431581.464246238,31873512.43540074,19392.50455223159,9431817.153976673,31873402.531474486,20362.07977984317,9431389.728953188,31872485.915553622,20362.07977984317
9431913.021623196,31873915.79139804,19877.29216603738,6.343855361912493,9431581.464246238,31873512.43540074,19392.50455223159,9432008.889269724,31874429.0513216,19392.50455223159,9432244.57900016,31874319.147395354,20362.07977984317,9431817.153976673,31873402.531474486,20362.07977984317
9432340.446646683,31874832.40731891,19877.29216603738,5.729380097958636,9432008.889269724,31874429.0513216,19392.50455223159,9432436.31429321,31875345.667242464,19392.50455223159,9432672.004023645,31875235.763316214,20362.07977984317,9432244.57900016,31874319.147395354,20362.07977984317
9432767.87167017,31875749.023239776,19877.29216603738,5.042705341882927,9432436.31429321,31875345.667242464,19392.50455223159,9432863.739316696,31876262.28316333,19392.50455223159,9433099.429047132,31876152.379237078,20362.07977984317,9432672.004023645,31875235.763316214,20362.07977984317
9433195.296693655,31876665.639160633,19877.29216603738,3.662995481305459,9432863.739316696,31876262.28316333,19392.50455223159,9433291.16434018,31877178.89908419,19392.50455223159,9433526.854070617,31877068.995157942,20362.07977984317,9433099.429047132,31876152.379237078,20362.07977984317
9433622.72171714,31877582.2550815,19877.29216603738,3.1351479462113305,9433291.16434018,31877178.89908419,19392.50455223159,9433718.589363664,31878095.51500506,19392.50455223159,9433954.279094102,31877985.611078806,20362.07977984317,9433526.854070617,31877068.995157942,20362.07977984317
9434050.146740625,31878498.87100236,19877.29216603738,1.4418689507038487,9433718.589363664,31878095.51500506,19392.50455223159,9434146.014387151,31879012.13092592,19392.50455223159,9434381.704117589,31878902.22699967,20362.07977984317,9433954.279094102,31877985.611078806,20362.07977984317
9434477.571764112,31879415.486923225,19877.29216603738,0.8689399723731067,9434146.014387151,31879012.13092592,19392.50455223159,9434573.439410636,31879928.746846784,19392.50455223159,9434809.129141074,31879818.842920534,20362.07977984317,9434381.704117589,31878902.22699967,20362.07977984317
9434904.996787598,31880332.102844093,19877.29216603738,0.6146901840320455,9434573.439410636,31879928.746846784,19392.50455223159,9435000.864434123,31880845.36276765,19392.50455223159,9435236.554164559,31880735.4588414,20362.07977984317,9434809.129141074,31879818.842920534,20362.07977984317
9435332.421811083,31881248.71876496,19877.29216603738,1.0834869604125152,9435000.864434123,31880845.36276765,19392.50455223159,9435428.289457608,31881761.978688512,19392.50455223159,9435663.979188044,31881652.074762262,20362.07977984317,9435236.554164559,31880735.4588414,20362.07977984317
9435759.846834568,31882165.334685817,19877.29216603738,1.6070636511434067,9435428.289457608,31881761.978688512,19392.50455223159,9435855.714481093,31882678.594609376,19392.50455223159,9436091.404211529,31882568.690683126,20362.07977984317,9435663.979188044,31881652.074762262,20362.07977984317
9436187.271858053,31883081.950606685,19877.29216603738,1.8855076027468265,9435855.714481093,31882678.594609376,19392.50455223159,9436283.13950458,31883595.21053024,19392.50455223159,9436518.829235015,31883485.306603987,20362.07977984317,9436091.404211529,31882568.690683126,20362.07977984317
9436614.69688154,31883998.566527545,19877.29216603738,1.1410013193924082,9436283.13950458,31883595.21053024,19392.50455223159,9436710.564528065,31884511.826451104,19392.50455223159,9436946.2542585,31884401.92252485,20362.07977984317,9436518.829235015,31883485.306603987,20362.07977984317
9437042.121905025,31884915.18244841,19877.29216603738,0.8263570695134932,9436710.564528065,31884511.826451104,19392.50455223159,9437137.989551552,31885428.44237197,19392.50455223159,9437373.679281987,31885318.53844572,20362.07977984317,9436946.2542585,31884401.92252485,20362.07977984317
9420608.235719522,31849057.257608466,20846.86739364896,4.312571203734574,9420276.678342564,31848653.901611164,20362.07977984317,9420704.103366047,31849570.517532025,20362.07977984317,9420939.793096485,31849460.61360578,21331.65500745475,9420512.368073,31848543.99768491,21331.65500745475
9421035.66074301,31849973.873529334,20846.86739364896,5.155098019262392,9420704.103366047,31849570.517532025,20362.07977984317,9421131.528389534,31850487.133452892,20362.07977984317,9421367.218119971,31850377.22952664,21331.65500745475,9420939.793096485,31849460.61360578,21331.65500745475
9421463.085766496,31850890.489450198,20846.86739364896,7.782591666755618,9421131.528389534,31850487.133452892,20362.07977984317,9421558.953413019,31851403.749373756,20362.07977984317,9421794.643143456,31851293.845447503,21331.65500745475,9421367.218119971,31850377.22952664,21331.65500745475
9421890.51078998,31851807.10537106,20846.86739364896,3.367814858438037,9421558.953413019,31851403.749373756,20362.07977984317,9421986.378436504,31852320.365294617,20362.07977984317,9422222.068166941,31852210.461368367,21331.65500745475,9421794.643143456,31851293.845447503,21331.65500745475
9422317.935813466,31852723.721291926,20846.86739364896,3.294558625596051,9421986.378436504,31852320.365294617,20362.07977984317,9422413.80345999,31853236.981215484,20362.07977984317,9422649.493190426,31853127.07728923,21331.65500745475,9422222.068166941,31852210.461368367,21331.65500745475
9422745.360836951,31853640.33721279,20846.86739364896,1.9272685805320386,9422413.80345999,31853236.981215484,20362.07977984317,9422841.228483476,31854153.597136345,20362.07977984317,9423076.918213911,31854043.69321009,21331.65500745475,9422649.493190426,31853127.07728923,21331.65500745475
9423172.785860438,31854556.95313365,20846.86739364896,1.5988421511822783,9422841.228483476,31854153.597136345,20362.07977984317,9423268.653506963,31855070.21305721,20362.07977984317,9423504.343237398,31854960.30913096,21331.65500745475,9423076.918213911,31854043.69321009,21331.65500745475
9423600.210883925,31855473.569054518,20846.86739364896,1.0752393430028653,9423268.653506963,31855070.21305721,20362.07977984317,9423696.078530448,31855986.828978077,20362.07977984317,9423931.768260883,31855876.925051823,21331.65500745475,9423504.343237398,31854960.30913096,21331.65500745475
9424027.635907408,31856390.184975382,20846.86739364896,1.2978617829434678,9423696.078530448,31855986.828978077,20362.07977984317,9424123.503553934,31856903.444898937,20362.07977984317,9424359.19328437,31856793.540972684,21331.65500745475,9423931.768260883,31855876.925051823,21331.65500745475
9424455.060930893,31857306.80089624,20846.86739364896,1.076082309053493,9424123.503553934,31856903.444898937,20362.07977984317,9424550.92857742,31857820.0608198,20362.07977984317,9424786.618307855,31857710.15689355,21331.65500745475,9424359.19328437,31856793.540972684,21331.65500745475
9424882.485954378,31858223.41681711,20846.86739364896,0.4242785380938449,9424550.92857742,31857820.0608198,20362.07977984317,9424978.353600904,31858736.676740665,20362.07977984317,9425214.04333134,31858626.77281441,21331.65500745475,9424786.618307855,31857710.15689355,21331.65500745475
9425309.910977865,31859140.032737974,20846.86739364896,0.22570999026004976,9424978.353600904,31858736.676740665,20362.07977984317,9425405.77862439,31859653.29266153,20362.07977984317,9425641.468354827,31859543.388735276,21331.65500745475,9425214.04333134,31858626.77281441,21331.65500745475
9425737.336001351,31860056.64865883,20846.86739364896,0.2739058653327189,9425405.77862439,31859653.29266153,20362.07977984317,9425833.203647874,31860569.90858239,20362.07977984317,9426068.893378312,31860460.004656143,21331.65500745475,9425641.468354827,31859543.388735276,21331.65500745475
9426164.761024836,31860973.2645797,20846.86739364896,0.4239510950852737,9425833.203647874,31860569.90858239,20362.07977984317,9426260.628671361,31861486.524503257,20362.07977984317,9426496.318401799,31861376.620577004,21331.65500745475,9426068.893378312,31860460.004656143,21331.65500745475
9426592.186048321,31861889.880500566,20846.86739364896,0.7476970533115646,9426260.628671361,31861486.524503257,20362.07977984317,9426688.053694846,31862403.14042412,20362.07977984317,9426923.743425284,31862293.236497868,21331.65500745475,9426496.318401799,31861376.620577004,21331.65500745475
9427019.611071806,31862806.496421423,20846.86739364896,0.8020758686676774,9426688.053694846,31862403.14042412,20362.07977984317,9427115.478718333,31863319.75634498,20362.07977984317,9427351.168448769,31863209.852418736,21331.65500745475,9426923.743425284,31862293.236497868,21331.65500745475
9427447.036095293,31863723.112342294,20846.86739364896,0.9696334669141191,9427115.478718333,31863319.75634498,20362.07977984317,9427542.903741818,31864236.37226585,20362.07977984317,9427778.593472254,31864126.468339596,21331.65500745475,9427351.168448769,31863209.852418736,21331.65500745475
9427874.46111878,31864639.72826315,20846.86739364896,2.007694687755741,9427542.903741818,31864236.37226585,20362.07977984317,9427970.328765303,31865152.98818671,20362.07977984317,9428206.018495739,31865043.084260464,21331.65500745475,9427778.593472254,31864126.468339596,21331.65500745475
9428301.886142265,31865556.344184015,20846.86739364896,2.214528838146954,9427970.328765303,31865152.98818671,20362.07977984317,9428397.75378879,31866069.604107574,20362.07977984317,9428633.443519225,31865959.700181324,21331.65500745475,9428206.018495739,31865043.084260464,21331.65500745475
9428729.31116575,31866472.960104883,20846.86739364896,1.593234926300575,9428397.75378879,31866069.604107574,20362.07977984317,9428825.178812275,31866986.22002844,20362.07977984317,9429060.86854271,31866876.316102188,21331.65500745475,9428633.443519225,31865959.700181324,21331.65500745475
9429156.736189233,31867389.57602575,20846.86739364896,1.1505871374325332,9428825.178812275,31866986.22002844,20362.07977984317,9429252.603835762,31867902.8359493,20362.07977984317,9429488.293566197,31867792.932023056,21331.65500745475,9429060.86854271,31866876.316102188,21331.65500745475
9429584.16121272,31868306.19194661,20846.86739364896,1.3082924745771463,9429252.603835762,31867902.8359493,20362.07977984317,9429680.028859247,31868819.451870166,20362.07977984317,9429915.718589682,31868709.547943916,21331.65500745475,9429488.293566197,31867792.932023056,21331.65500745475
9430011.586236207,31869222.807867475,20846.86739364896,1.1916918810546129,9429680.028859247,31868819.451870166,20362.07977984317,9430107.453882733,31869736.067791034,20362.07977984317,9430343.143613169,31869626.16386478,21331.65500745475,9429915.718589682,31868709.547943916,21331.65500745475
9430439.011259692,31870139.423788335,20846.86739364896,1.3241463180368935,9430107.453882733,31869736.067791034,20362.07977984317,9430534.878906216,31870652.683711894,20362.07977984317,9430770.568636654,31870542.779785644,21331.65500745475,9430343.143613169,31869626.16386478,21331.65500745475
9430866.436283177,31871056.039709203,20846.86739364896,2.13567522900694,9430534.878906216,31870652.683711894,20362.07977984317,9430962.303929701,31871569.29963276,20362.07977984317,9431197.993660139,31871459.39570651,21331.65500745475,9430770.568636654,31870542.779785644,21331.65500745475
9431293.861306662,31871972.655630067,20846.86739364896,3.9295740461344093,9430962.303929701,31871569.29963276,20362.07977984317,9431389.728953188,31872485.915553622,20362.07977984317,9431625.418683626,31872376.01162737,21331.65500745475,9431197.993660139,31871459.39570651,21331.65500745475
9431721.286330149,31872889.271550924,20846.86739364896,7.881470046263853,9431389.728953188,31872485.915553622,20362.07977984317,9431817.153976673,31873402.531474486,20362.07977984317,9432052.843707109,31873292.627548236,21331.65500745475,9431625.418683626,31872376.01162737,21331.65500745475
9432148.711353635,31873805.887471795,20846.86739364896,7.869911862712015,9431817.153976673,31873402.531474486,20362.07977984317,9432244.57900016,31874319.147395354,20362.07977984317,9432480.268730596,31874209.2434691,21331.65500745475,9432052.843707109,31873292.627548236,21331.65500745475
9432576.13637712,31874722.50339266,20846.86739364896,10.368051930735804,9432244.57900016,31874319.147395354,20362.07977984317,9432672.004023645,31875235.763316214,20362.07977984317,9432907.69375408,31875125.85938996,21331.65500745475,9432480.268730596,31874209.2434691,21331.65500745475
9433003.561400607,31875639.11931352,20846.86739364896,8.449656671443329,9432672.004023645,31875235.763316214,20362.07977984317,9433099.429047132,31876152.379237078,20362.07977984317,9433335.118777568,31876042.47531083,21331.65500745475,9432907.69375408,31875125.85938996,21331.65500745475
9433430.986424092,31876555.735234387,20846.86739364896,6.63952344025693,9433099.429047132,31876152.379237078,20362.07977984317,9433526.854070617,31877068.995157942,20362.07977984317,9433762.543801052,31876959.09123169,21331.65500745475,9433335.118777568,31876042.47531083,21331.65500745475
9433858.411447575,31877472.35115525,20846.86739364896,2.553081291748856,9433526.854070617,31877068.995157942,20362.07977984317,9433954.279094102,31877985.611078806,20362.07977984317,9434189.968824537,31877875.707152553,21331.65500745475,9433762.543801052,31876959.09123169,21331.65500745475
9434285.836471062,31878388.967076108,20846.86739364896,2.041677915755661,9433954.279094102,31877985.611078806,20362.07977984317,9434381.704117589,31878902.22699967,20362.07977984317,9434617.393848024,31878792.32307342,21331.65500745475,9434189.968824537,31877875.707152553,21331.65500745475
9434713.261494547,31879305.58299698,20846.86739364896,2.7391785826598607,9434381.704117589,31878902.22699967,20362.07977984317,9434809.129141074,31879818.842920534,20362.07977984317,9435044.81887151,31879708.93899428,21331.65500745475,9434617.393848024,31878792.32307342,21331.65500745475
9435140.686518034,31880222.198917843,20846.86739364896,2.7664303938357784,9434809.129141074,31879818.842920534,20362.07977984317,9435236.554164559,31880735.4588414,20362.07977984317,9435472.243894996,31880625.554915145,21331.65500745475,9435044.81887151,31879708.93899428,21331.65500745475
9435568.11154152,31881138.814838704,20846.86739364896,2.4676090758023492,9435236.554164559,31880735.4588414,20362.07977984317,9435663.979188044,31881652.074762262,20362.07977984317,9435899.668918481,31881542.170836013,21331.65500745475,9435472.243894996,31880625.554915145,21331.65500745475
9435995.536565004,31882055.43075957,20846.86739364896,1.785387179789057,9435663.979188044,31881652.074762262,20362.07977984317,9436091.404211529,31882568.690683126,20362.07977984317,9436327.093941966,31882458.786756873,21331.65500745475,9435899.668918481,31881542.170836013,21331.65500745475
9436422.96158849,31882972.046680436,20846.86739364896,1.4885966126122552,9436091.404211529,31882568.690683126,20362.07977984317,9436518.829235015,31883485.306603987,20362.07977984317,9436754.518965453,31883375.402677737,21331.65500745475,9436327.093941966,31882458.786756873,21331.65500745475
9436850.386611976,31883888.662601292,20846.86739364896,1.0398333713781283,9436518.829235015,31883485.306603987,20362.07977984317,9436946.2542585,31884401.92252485,20362.07977984317,9437181.943988936,31884292.0185986,21331.65500745475,9436754.518965453,31883375.402677737,21331.65500745475
9437277.811635463,31884805.27852216,20846.86739364896,1.0251523211322051,9436946.2542585,31884401.92252485,20362.07977984317,9437373.679281987,31885318.53844572,20362.07977984317,9437609.369012423,31885208.634519465,21331.65500745475,9437181.943988936,31884292.0185986,21331.65500745475
9420843.92544996,31848947.353682216,21816.44262126054,6.748041493871091,9420512.368073,31848543.99768491,21331.65500745475,9420939.793096485,31849460.61360578,21331.65500745475,9421175.48282692,31849350.709679525,22301.230235066327,9420748.057803435,31848434.09375866,22301.230235066327
9421271.350473445,31849863.969603084,21816.44262126054,5.5490231787539805,9420939.793096485,31849460.61360578,21331.65500745475,9421367.218119971,31850377.22952664,21331.65500745475,9421602.907850407,31850267.325600386,22301.230235066327,9421175.48282692,31849350.709679525,22301.230235066327
9421698.77549693,31850780.585523948,21816.44262126054,5.807173419344767,9421367.218119971,31850377.22952664,21331.65500745475,9421794.643143456,31851293.845447503,21331.65500745475,9422030.332873892,31851183.941521253,22301.230235066327,9421602.907850407,31850267.325600386,22301.230235066327
9422126.200520415,31851697.20144481,21816.44262126054,2.5421036130676016,9421794.643143456,31851293.845447503,21331.65500745475,9422222.068166941,31852210.461368367,21331.65500745475,9422457.757897377,31852100.557442114,22301.230235066327,9422030.332873892,31851183.941521253,22301.230235066327
9422553.625543902,31852613.817365672,21816.44262126054,1.3292650693421446,9422222.068166941,31852210.461368367,21331.65500745475,9422649.493190426,31853127.07728923,21331.65500745475,9422885.182920864,31853017.173362978,22301.230235066327,9422457.757897377,31852100.557442114,22301.230235066327
9422981.050567389,31853530.43328654,21816.44262126054,0.6785305515875366,9422649.493190426,31853127.07728923,21331.65500745475,9423076.918213911,31854043.69321009,21331.65500745475,9423312.607944349,31853933.789283846,22301.230235066327,9422885.182920864,31853017.173362978,22301.230235066327
9423408.475590874,31854447.0492074,21816.44262126054,0.6730190362254436,9423076.918213911,31854043.69321009,21331.65500745475,9423504.343237398,31854960.30913096,21331.65500745475,9423740.032967836,31854850.405204706,22301.230235066327,9423312.607944349,31853933.789283846,22301.230235066327
9423835.900614358,31855363.665128265,21816.44262126054,0.7165508752833716,9423504.343237398,31854960.30913096,21331.65500745475,9423931.768260883,31855876.925051823,21331.65500745475,9424167.457991319,31855767.02112557,22301.230235066327,9423740.032967836,31854850.405204706,22301.230235066327
9424263.325637843,31856280.281049125,21816.44262126054,0.4573588033331466,9423931.768260883,31855876.925051823,21331.65500745475,9424359.19328437,31856793.540972684,21331.65500745475,9424594.883014806,31856683.637046438,22301.230235066327,9424167.457991319,31855767.02112557,22301.230235066327
9424690.75066133,31857196.896969993,21816.44262126054,0.4766246764007285,9424359.19328437,31856793.540972684,21331.65500745475,9424786.618307855,31857710.15689355,21331.65500745475,9425022.30803829,31857600.252967298,22301.230235066327,9424594.883014806,31856683.637046438,22301.230235066327
9425118.175684817,31858113.512890857,21816.44262126054,0.4090577308567091,9424786.618307855,31857710.15689355,21331.65500745475,9425214.04333134,31858626.77281441,21331.65500745475,9425449.733061776,31858516.868888166,22301.230235066327,9425022.30803829,31857600.252967298,22301.230235066327
9425545.600708302,31859030.128811717,21816.44262126054,0.36508116016013265,9425214.04333134,31858626.77281441,21331.65500745475,9425641.468354827,31859543.388735276,21331.65500745475,9425877.158085262,31859433.484809026,22301.230235066327,9425449.733061776,31858516.868888166,22301.230235066327
9425973.025731785,31859946.744732585,21816.44262126054,0.3280827325316576,9425641.468354827,31859543.388735276,21331.65500745475,9426068.893378312,31860460.004656143,21331.65500745475,9426304.583108747,31860350.10072989,22301.230235066327,9425877.158085262,31859433.484809026,22301.230235066327
9426400.45075527,31860863.36065345,21816.44262126054,0.1864306849073993,9426068.893378312,31860460.004656143,21331.65500745475,9426496.318401799,31861376.620577004,21331.65500745475,9426732.008132234,31861266.716650758,22301.230235066327,9426304.583108747,31860350.10072989,22301.230235066327
9426827.875778757,31861779.976574313,21816.44262126054,0.17368042179610563,9426496.318401799,31861376.620577004,21331.65500745475,9426923.743425284,31862293.236497868,21331.65500745475,9427159.43315572,31862183.33257162,22301.230235066327,9426732.008132234,31861266.716650758,22301.230235066327
9427255.300802244,31862696.592495177,21816.44262126054,0.25804475545592004,9426923.743425284,31862293.236497868,21331.65500745475,9427351.168448769,31863209.852418736,21331.65500745475,9427586.858179206,31863099.948492482,22301.230235066327,9427159.43315572,31862183.33257162,22301.230235066327
9427682.725825729,31863613.20841604,21816.44262126054,0.41627406958380847,9427351.168448769,31863209.852418736,21331.65500745475,9427778.593472254,31864126.468339596,21331.65500745475,9428014.283202691,31864016.564413346,22301.230235066327,9427586.858179206,31863099.948492482,22301.230235066327
9428110.150849214,31864529.8243369,21816.44262126054,0.9793957244199017,9427778.593472254,31864126.468339596,21331.65500745475,9428206.018495739,31865043.084260464,21331.65500745475,9428441.708226176,31864933.18033421,22301.230235066327,9428014.283202691,31864016.564413346,22301.230235066327
9428537.575872699,31865446.44025777,21816.44262126054,2.007400409875691,9428206.018495739,31865043.084260464,21331.65500745475,9428633.443519225,31865959.700181324,21331.65500745475,9428869.133249663,31865849.79625507,22301.230235066327,9428441.708226176,31864933.18033421,22301.230235066327
9428965.000896186,31866363.056178633,21816.44262126054,1.4656567073425972,9428633.443519225,31865959.700181324,21331.65500745475,9429060.86854271,31866876.316102188,21331.65500745475,9429296.558273146,31866766.41217594,22301.230235066327,9428869.133249663,31865849.79625507,22301.230235066327
9429392.425919672,31867279.672099497,21816.44262126054,1.8513778077919572,9429060.86854271,31866876.316102188,21331.65500745475,9429488.293566197,31867792.932023056,21331.65500745475,9429723.983296633,31867683.028096803,22301.230235066327,9429296.558273146,31866766.41217594,22301.230235066327
9429819.850943157,31868196.28802036,21816.44262126054,3.37033355073761,9429488.293566197,31867792.932023056,21331.65500745475,9429915.718589682,31868709.547943916,21331.65500745475,9430151.408320118,31868599.644017663,22301.230235066327,9429723.983296633,31867683.028096803,22301.230235066327
9430247.275966644,31869112.903941225,21816.44262126054,4.361337059180386,9429915.718589682,31868709.547943916,21331.65500745475,9430343.143613169,31869626.16386478,21331.65500745475,9430578.833343605,31869516.25993853,22301.230235066327,9430151.408320118,31868599.644017663,22301.230235066327
9430674.70099013,31870029.519862086,21816.44262126054,3.5030056461097727,9430343.143613169,31869626.16386478,21331.65500745475,9430770.568636654,31870542.779785644,21331.65500745475,9431006.25836709,31870432.87585939,22301.230235066327,9430578.833343605,31869516.25993853,22301.230235066327
9431102.126013612,31870946.13578295,21816.44262126054,4.877848470213357,9430770.568636654,31870542.779785644,21331.65500745475,9431197.993660139,31871459.39570651,21331.65500745475,9431433.683390575,31871349.491780255,22301.230235066327,9431006.25836709,31870432.87585939,22301.230235066327
9431529.5510371,31871862.75170381,21816.44262126054,7.264069589728017,9431197.993660139,31871459.39570651,21331.65500745475,9431625.418683626,31872376.01162737,21331.65500745475,9431861.108414061,31872266.107701123,22301.230235066327,9431433.683390575,31871349.491780255,22301.230235066327
9431956.976060584,31872779.367624678,21816.44262126054,7.132668439255808,9431625.418683626,31872376.01162737,21331.65500745475,9432052.843707109,31873292.627548236,21331.65500745475,9432288.533437546,31873182.723621983,22301.230235066327,9431861.108414061,31872266.107701123,22301.230235066327
9432384.401084071,31873695.98354554,21816.44262126054,4.3813369108902265,9432052.843707109,31873292.627548236,21331.65500745475,9432480.268730596,31874209.2434691,21331.65500745475,9432715.958461033,31874099.339542847,22301.230235066327,9432288.533437546,31873182.723621983,22301.230235066327
9432811.826107558,31874612.59946641,21816.44262126054,6.484519697337134,9432480.268730596,31874209.2434691,21331.65500745475,9432907.69375408,31875125.85938996,21331.65500745475,9433143.383484518,31875015.955463715,22301.230235066327,9432715.958461033,31874099.339542847,22301.230235066327
9433239.251131043,31875529.21538727,21816.44262126054,5.419134423113934,9432907.69375408,31875125.85938996,21331.65500745475,9433335.118777568,31876042.47531083,21331.65500745475,9433570.808508005,31875932.571384575,22301.230235066327,9433143.383484518,31875015.955463715,22301.230235066327
9433666.676154528,31876445.831308134,21816.44262126054,3.8231888306081694,9433335.118777568,31876042.47531083,21331.65500745475,9433762.543801052,31876959.09123169,21331.65500745475,9433998.233531488,31876849.18730544,22301.230235066327,9433570.808508005,31875932.571384575,22301.230235066327
9434094.101178013,31877362.447228994,21816.44262126054,4.150799634877733,9433762.543801052,31876959.09123169,21331.65500745475,9434189.968824537,31877875.707152553,21331.65500745475,9434425.658554973,31877765.803226303,22301.230235066327,9433998.233531488,31876849.18730544,22301.230235066327
9434521.5262015,31878279.063149862,21816.44262126054,2.1281784813077236,9434189.968824537,31877875.707152553,21331.65500745475,9434617.393848024,31878792.32307342,21331.65500745475,9434853.08357846,31878682.419147167,22301.230235066327,9434425.658554973,31877765.803226303,22301.230235066327
9434948.951224986,31879195.679070726,21816.44262126054,1.899570111061701,9434617.393848024,31878792.32307342,21331.65500745475,9435044.81887151,31879708.93899428,21331.65500745475,9435280.508601945,31879599.03506803,22301.230235066327,9434853.08357846,31878682.419147167,22301.230235066327
9435376.37624847,31880112.294991586,21816.44262126054,2.438433469901865,9435044.81887151,31879708.93899428,21331.65500745475,9435472.243894996,31880625.554915145,21331.65500745475,9435707.933625432,31880515.650988895,22301.230235066327,9435280.508601945,31879599.03506803,22301.230235066327
9435803.801271955,31881028.910912454,21816.44262126054,3.229799432130787,9435472.243894996,31880625.554915145,21331.65500745475,9435899.668918481,31881542.170836013,21331.65500745475,9436135.358648917,31881432.26690976,22301.230235066327,9435707.933625432,31880515.650988895,22301.230235066327
9436231.22629544,31881945.52683332,21816.44262126054,2.415199367400337,9435899.668918481,31881542.170836013,21331.65500745475,9436327.093941966,31882458.786756873,21331.65500745475,9436562.783672402,31882348.882830624,22301.230235066327,9436135.358648917,31881432.26690976,22301.230235066327
9436658.651318926,31882862.14275418,21816.44262126054,3.2104880487770786,9436327.093941966,31882458.786756873,21331.65500745475,9436754.518965453,31883375.402677737,21331.65500745475,9436990.208695889,31883265.498751488,22301.230235066327,9436562.783672402,31882348.882830624,22301.230235066327
9437086.076342413,31883778.758675046,21816.44262126054,2.2570697861364,9436754.518965453,31883375.402677737,21331.65500745475,9437181.943988936,31884292.0185986,21331.65500745475,9437417.633719373,31884182.114672348,22301.230235066327,9436990.208695889,31883265.498751488,22301.230235066327
9437513.501365898,31884695.37459591,21816.44262126054,0.7381778974495232,9437181.943988936,31884292.0185986,21331.65500745475,9437609.369012423,31885208.634519465,21331.65500745475,9437845.05874286,31885098.730593216,22301.230235066327,9437417.633719373,31884182.114672348,22301.230235066327
9421079.615180396,31848837.449755967,22786.01784887212,5.775177666264896,9420748.057803435,31848434.09375866,22301.230235066327,9421175.48282692,31849350.709679525,22301.230235066327,9421411.172557354,31849240.805753276,23270.80546267791,9420983.747533869,31848324.18983241,23270.80546267791
9421507.04020388,31849754.06567683,22786.01784887212,4.672694437554599,9421175.48282692,31849350.709679525,22301.230235066327,9421602.907850407,31850267.325600386,22301.230235066327,9421838.597580839,31850157.42167414,23270.80546267791,9421411.172557354,31849240.805753276,23270.80546267791
9421934.465227367,31850670.681597695,22786.01784887212,2.6336546846779436,9421602.907850407,31850267.325600386,22301.230235066327,9422030.332873892,31851183.941521253,22301.230235066327,9422266.022604326,31851074.037595004,23270.80546267791,9421838.597580839,31850157.42167414,23270.80546267791
9422361.890250852,31851587.29751856,22786.01784887212,0.7322733169629114,9422030.332873892,31851183.941521253,22301.230235066327,9422457.757897377,31852100.557442114,22301.230235066327,9422693.44762781,31851990.653515868,23270.80546267791,9422266.022604326,31851074.037595004,23270.80546267791
9422789.315274337,31852503.913439423,22786.01784887212,0.16087238158780665,9422457.757897377,31852100.557442114,22301.230235066327,9422885.182920864,31853017.173362978,22301.230235066327,9423120.872651296,31852907.269436732,23270.80546267791,9422693.44762781,31851990.653515868,23270.80546267791
9423216.740297822,31853420.529360287,22786.01784887212,0.17729437195297232,9422885.182920864,31853017.173362978,22301.230235066327,9423312.607944349,31853933.789283846,22301.230235066327,9423548.297674783,31853823.885357592,23270.80546267791,9423120.872651296,31852907.269436732,23270.80546267791
9423644.165321307,31854337.14528115,22786.01784887212,0.3520075774566674,9423312.607944349,31853933.789283846,22301.230235066327,9423740.032967836,31854850.405204706,22301.230235066327,9423975.722698268,31854740.50127846,23270.80546267791,9423548.297674783,31853823.885357592,23270.80546267791
9424071.590344794,31855253.76120202,22786.01784887212,0.7745286859207624,9423740.032967836,31854850.405204706,22301.230235066327,9424167.457991319,31855767.02112557,22301.230235066327,9424403.147721754,31855657.117199324,23270.80546267791,9423975.722698268,31854740.50127846,23270.80546267791
9424499.015368281,31856170.37712288,22786.01784887212,0.8005620388776125,9424167.457991319,31855767.02112557,22301.230235066327,9424594.883014806,31856683.637046438,22301.230235066327,9424830.57274524,31856573.733120184,23270.80546267791,9424403.147721754,31855657.117199324,23270.80546267791
9424926.440391766,31857086.993043743,22786.01784887212,0.42022038548225665,9424594.883014806,31856683.637046438,22301.230235066327,9425022.30803829,31857600.252967298,22301.230235066327,9425257.997768726,31857490.349041052,23270.80546267791,9424830.57274524,31856573.733120184,23270.80546267791
9425353.86541525,31858003.60896461,22786.01784887212,0.4044739694772158,9425022.30803829,31857600.252967298,22301.230235066327,9425449.733061776,31858516.868888166,22301.230235066327,9425685.422792211,31858406.964961912,23270.80546267791,9425257.997768726,31857490.349041052,23270.80546267791
9425781.290438736,31858920.224885467,22786.01784887212,0.35274923548140713,9425449.733061776,31858516.868888166,22301.230235066327,9425877.158085262,31859433.484809026,22301.230235066327,9426112.847815694,31859323.580882777,23270.80546267791,9425685.422792211,31858406.964961912,23270.80546267791
9426208.715462223,31859836.84080633,22786.01784887212,0.48663075404438577,9425877.158085262,31859433.484809026,22301.230235066327,9426304.583108747,31860350.10072989,22301.230235066327,9426540.272839181,31860240.196803644,23270.80546267791,9426112.847815694,31859323.580882777,23270.80546267791
9426636.14048571,31860753.456727203,22786.01784887212,0.3691155121930239,9426304.583108747,31860350.10072989,22301.230235066327,9426732.008132234,31861266.716650758,22301.230235066327,9426967.697862666,31861156.812724505,23270.80546267791,9426540.272839181,31860240.196803644,23270.80546267791
9427063.565509195,31861670.07264806,22786.01784887212,0.36237453822781907,9426732.008132234,31861266.716650758,22301.230235066327,9427159.43315572,31862183.33257162,22301.230235066327,9427395.122886153,31862073.42864537,23270.80546267791,9426967.697862666,31861156.812724505,23270.80546267791
9427490.990532678,31862586.688568927,22786.01784887212,0.6254782325877596,9427159.43315572,31862183.33257162,22301.230235066327,9427586.858179206,31863099.948492482,22301.230235066327,9427822.547909638,31862990.044566236,23270.80546267791,9427395.122886153,31862073.42864537,23270.80546267791
9427918.415556163,31863503.304489788,22786.01784887212,0.7820862870367632,9427586.858179206,31863099.948492482,22301.230235066327,9428014.283202691,31864016.564413346,22301.230235066327,9428249.972933123,31863906.660487097,23270.80546267791,9427822.547909638,31862990.044566236,23270.80546267791
9428345.84057965,31864419.92041065,22786.01784887212,2.9740643518819456,9428014.283202691,31864016.564413346,22301.230235066327,9428441.708226176,31864933.18033421,22301.230235066327,9428677.39795661,31864823.276407957,23270.80546267791,9428249.972933123,31863906.660487097,23270.80546267791
9428773.265603136,31865336.536331516,22786.01784887212,4.824743094090032,9428441.708226176,31864933.18033421,22301.230235066327,9428869.133249663,31865849.79625507,22301.230235066327,9429104.822980095,31865739.892328825,23270.80546267791,9428677.39795661,31864823.276407957,23270.80546267791
9429200.690626621,31866253.15225238,22786.01784887212,5.301637562301119,9428869.133249663,31865849.79625507,22301.230235066327,9429296.558273146,31866766.41217594,22301.230235066327,9429532.248003582,31866656.50824969,23270.80546267791,9429104.822980095,31865739.892328825,23270.80546267791
9429628.115650106,31867169.768173244,22786.01784887212,8.544451483539802,9429296.558273146,31866766.41217594,22301.230235066327,9429723.983296633,31867683.028096803,22301.230235066327,9429959.673027067,31867573.12417055,23270.80546267791,9429532.248003582,31866656.50824969,23270.80546267791
9430055.540673593,31868086.384094108,22786.01784887212,6.679304283127049,9429723.983296633,31867683.028096803,22301.230235066327,9430151.408320118,31868599.644017663,22301.230235066327,9430387.098050553,31868489.740091417,23270.80546267791,9429959.673027067,31867573.12417055,23270.80546267791
9430482.96569708,31869003.000014972,22786.01784887212,7.712929539957967,9430151.408320118,31868599.644017663,22301.230235066327,9430578.833343605,31869516.25993853,22301.230235066327,9430814.523074038,31869406.35601228,23270.80546267791,9430387.098050553,31868489.740091417,23270.80546267791
9430910.390720565,31869919.615935836,22786.01784887212,5.7543735705674175,9430578.833343605,31869516.25993853,22301.230235066327,9431006.25836709,31870432.87585939,22301.230235066327,9431241.948097521,31870322.97193314,23270.80546267791,9430814.523074038,31869406.35601228,23270.80546267791
9431337.81574405,31870836.2318567,22786.01784887212,8.798504789764513,9431006.25836709,31870432.87585939,22301.230235066327,9431433.683390575,31871349.491780255,22301.230235066327,9431669.373121008,31871239.58785401,23270.80546267791,9431241.948097521,31870322.97193314,23270.80546267791
9431765.240767535,31871752.847777564,22786.01784887212,7.107762937283696,9431433.683390575,31871349.491780255,22301.230235066327,9431861.108414061,31872266.107701123,22301.230235066327,9432096.798144493,31872156.20377487,23270.80546267791,9431669.373121008,31871239.58785401,23270.80546267791
9432192.665791022,31872669.463698428,22786.01784887212,3.730705496221906,9431861.108414061,31872266.107701123,22301.230235066327,9432288.533437546,31873182.723621983,22301.230235066327,9432524.22316798,31873072.819695733,23270.80546267791,9432096.798144493,31872156.20377487,23270.80546267791
9432620.090814507,31873586.079619292,22786.01784887212,3.1539508290390788,9432288.533437546,31873182.723621983,22301.230235066327,9432715.958461033,31874099.339542847,22301.230235066327,9432951.648191465,31873989.4356166,23270.80546267791,9432524.22316798,31873072.819695733,23270.80546267791
9433047.515837992,31874502.695540156,22786.01784887212,3.5728502906357935,9432715.958461033,31874099.339542847,22301.230235066327,9433143.383484518,31875015.955463715,22301.230235066327,9433379.073214952,31874906.05153746,23270.80546267791,9432951.648191465,31873989.4356166,23270.80546267791
9433474.940861477,31875419.31146102,22786.01784887212,2.6935747919689286,9433143.383484518,31875015.955463715,22301.230235066327,9433570.808508005,31875932.571384575,22301.230235066327,9433806.498238437,31875822.667458326,23270.80546267791,9433379.073214952,31874906.05153746,23270.80546267791
9433902.365884963,31876335.927381884,22786.01784887212,2.060788298126455,9433570.808508005,31875932.571384575,22301.230235066327,9433998.233531488,31876849.18730544,22301.230235066327,9434233.923261922,31876739.28337919,23270.80546267791,9433806.498238437,31875822.667458326,23270.80546267791
9434329.790908448,31877252.543302745,22786.01784887212,3.821963359877994,9433998.233531488,31876849.18730544,22301.230235066327,9434425.658554973,31877765.803226303,22301.230235066327,9434661.348285409,31877655.899300054,23270.80546267791,9434233.923261922,31876739.28337919,23270.80546267791
9434757.215931935,31878169.159223612,22786.01784887212,2.7886506756343694,9434425.658554973,31877765.803226303,22301.230235066327,9434853.08357846,31878682.419147167,22301.230235066327,9435088.773308894,31878572.51522092,23270.80546267791,9434661.348285409,31877655.899300054,23270.80546267791
9435184.64095542,31879085.775144476,22786.01784887212,2.780633092959886,9434853.08357846,31878682.419147167,22301.230235066327,9435280.508601945,31879599.03506803,22301.230235066327,9435516.19833238,31879489.13114178,23270.80546267791,9435088.773308894,31878572.51522092,23270.80546267791
9435612.065978905,31880002.391065337,22786.01784887212,2.905584140291828,9435280.508601945,31879599.03506803,22301.230235066327,9435707.933625432,31880515.650988895,22301.230235066327,9435943.623355864,31880405.747062646,23270.80546267791,9435516.19833238,31879489.13114178,23270.80546267791
9436039.491002392,31880919.0069862,22786.01784887212,1.2945198541894534,9435707.933625432,31880515.650988895,22301.230235066327,9436135.358648917,31881432.26690976,22301.230235066327,9436371.04837935,31881322.362983514,23270.80546267791,9435943.623355864,31880405.747062646,23270.80546267791
9436466.916025877,31881835.622907072,22786.01784887212,1.6490183711755944,9436135.358648917,31881432.26690976,22301.230235066327,9436562.783672402,31882348.882830624,22301.230235066327,9436798.473402835,31882238.978904374,23270.80546267791,9436371.04837935,31881322.362983514,23270.80546267791
9436894.341049364,31882752.23882793,22786.01784887212,2.033769422147025,9436562.783672402,31882348.882830624,22301.230235066327,9436990.208695889,31883265.498751488,22301.230235066327,9437225.89842632,31883155.594825234,23270.80546267791,9436798.473402835,31882238.978904374,23270.80546267791
9437321.766072847,31883668.854748793,22786.01784887212,2.1202709987160984,9436990.208695889,31883265.498751488,22301.230235066327,9437417.633719373,31884182.114672348,22301.230235066327,9437653.323449807,31884072.210746102,23270.80546267791,9437225.89842632,31883155.594825234,23270.80546267791
9437749.191096332,31884585.470669657,22786.01784887212,1.1020902426938006,9437417.633719373,31884182.114672348,22301.230235066327,9437845.05874286,31885098.730593216,22301.230235066327,9438080.748473292,31884988.826666966,23270.80546267791,9437653.323449807,31884072.210746102,23270.80546267791
9421315.30491083,31848727.54582972,23755.5930764837,4.837485304716031,9420983.747533869,31848324.18983241,23270.80546267791,9421411.172557354,31849240.805753276,23270.80546267791,9421646.862287791,31849130.901827026,24240.380690289487,9421219.437264305,31848214.285906162,24240.380690289487
9421742.729934314,31849644.161750585,23755.5930764837,2.492380229092262,9421411.172557354,31849240.805753276,23270.80546267791,9421838.597580839,31850157.42167414,23270.80546267791,9422074.287311276,31850047.517747886,24240.380690289487,9421646.862287791,31849130.901827026,24240.380690289487
9422170.154957801,31850560.777671445,23755.5930764837,1.2007633335808625,9421838.597580839,31850157.42167414,23270.80546267791,9422266.022604326,31851074.037595004,23270.80546267791,9422501.712334763,31850964.133668754,24240.380690289487,9422074.287311276,31850047.517747886,24240.380690289487
9422597.579981288,31851477.393592313,23755.5930764837,0.29929861259291424,9422266.022604326,31851074.037595004,23270.80546267791,9422693.44762781,31851990.653515868,23270.80546267791,9422929.137358248,31851880.749589615,24240.380690289487,9422501.712334763,31850964.133668754,24240.380690289487
9423025.005004771,31852394.009513177,23755.5930764837,0.3629927228421999,9422693.44762781,31851990.653515868,23270.80546267791,9423120.872651296,31852907.269436732,23270.80546267791,9423356.562381731,31852797.36551048,24240.380690289487,9422929.137358248,31851880.749589615,24240.380690289487
9423452.430028258,31853310.625434034,23755.5930764837,0.34842248066405157,9423120.872651296,31852907.269436732,23270.80546267791,9423548.297674783,31853823.885357592,23270.80546267791,9423783.987405218,31853713.981431343,24240.380690289487,9423356.562381731,31852797.36551048,24240.380690289487
9423879.855051743,31854227.2413549,23755.5930764837,0.3152423947179285,9423548.297674783,31853823.885357592,23270.80546267791,9423975.722698268,31854740.50127846,23270.80546267791,9424211.412428703,31854630.597352207,24240.380690289487,9423783.987405218,31853713.981431343,24240.380690289487
9424307.28007523,31855143.85727577,23755.5930764837,0.9447285825025054,9423975.722698268,31854740.50127846,23270.80546267791,9424403.147721754,31855657.117199324,23270.80546267791,9424638.83745219,31855547.21327307,24240.380690289487,9424211.412428703,31854630.597352207,24240.380690289487
9424734.705098715,31856060.473196626,23755.5930764837,0.9129712193137484,9424403.147721754,31855657.117199324,23270.80546267791,9424830.57274524,31856573.733120184,23270.80546267791,9425066.262475675,31856463.829193935,24240.380690289487,9424638.83745219,31855547.21327307,24240.380690289487
9425162.1301222,31856977.089117493,23755.5930764837,0.555373069945343,9424830.57274524,31856573.733120184,23270.80546267791,9425257.997768726,31857490.349041052,23270.80546267791,9425493.687499162,31857380.4451148,24240.380690289487,9425066.262475675,31856463.829193935,24240.380690289487
9425589.555145685,31857893.705038358,23755.5930764837,0.43638959185036436,9425257.997768726,31857490.349041052,23270.80546267791,9425685.422792211,31858406.964961912,23270.80546267791,9425921.112522647,31858297.06103566,24240.380690289487,9425493.687499162,31857380.4451148,24240.380690289487
9426016.98016917,31858810.320959218,23755.5930764837,0.2887811968687645,9425685.422792211,31858406.964961912,23270.80546267791,9426112.847815694,31859323.580882777,23270.80546267791,9426348.537546132,31859213.676956527,24240.380690289487,9425921.112522647,31858297.06103566,24240.380690289487
9426444.405192656,31859726.936880086,23755.5930764837,0.2593776692989111,9426112.847815694,31859323.580882777,23270.80546267791,9426540.272839181,31860240.196803644,23270.80546267791,9426775.962569619,31860130.29287739,24240.380690289487,9426348.537546132,31859213.676956527,24240.380690289487
9426871.830216143,31860643.552800946,23755.5930764837,0.27915301851762025,9426540.272839181,31860240.196803644,23270.80546267791,9426967.697862666,31861156.812724505,23270.80546267791,9427203.387593104,31861046.90879825,24240.380690289487,9426775.962569619,31860130.29287739,24240.380690289487
9427299.255239628,31861560.16872181,23755.5930764837,0.6698783138782011,9426967.697862666,31861156.812724505,23270.80546267791,9427395.122886153,31862073.42864537,23270.80546267791,9427630.81261659,31861963.52471912,24240.380690289487,9427203.387593104,31861046.90879825,24240.380690289487
9427726.680263113,31862476.784642678,23755.5930764837,1.3383475908609554,9427395.122886153,31862073.42864537,23270.80546267791,9427822.547909638,31862990.044566236,23270.80546267791,9428058.237640074,31862880.140639983,24240.380690289487,9427630.81261659,31861963.52471912,24240.380690289487
9428154.105286598,31863393.40056354,23755.5930764837,2.5096953043374977,9427822.547909638,31862990.044566236,23270.80546267791,9428249.972933123,31863906.660487097,23270.80546267791,9428485.662663558,31863796.756560843,24240.380690289487,9428058.237640074,31862880.140639983,24240.380690289487
9428581.530310085,31864310.016484402,23755.5930764837,4.222081109541468,9428249.972933123,31863906.660487097,23270.80546267791,9428677.39795661,31864823.276407957,23270.80546267791,9428913.087687045,31864713.37248171,24240.380690289487,9428485.662663558,31863796.756560843,24240.380690289487
9429008.955333572,31865226.63240527,23755.5930764837,5.093479423603929,9428677.39795661,31864823.276407957,23270.80546267791,9429104.822980095,31865739.892328825,23270.80546267791,9429340.51271053,31865629.98840257,24240.380690289487,9428913.087687045,31864713.37248171,24240.380690289487
9429436.380357055,31866143.24832613,23755.5930764837,3.96241026952889,9429104.822980095,31865739.892328825,23270.80546267791,9429532.248003582,31866656.50824969,23270.80546267791,9429767.937734017,31866546.604323436,24240.380690289487,9429340.51271053,31865629.98840257,24240.380690289487
9429863.80538054,31867059.864246994,23755.5930764837,3.6735312577552763,9429532.248003582,31866656.50824969,23270.80546267791,9429959.673027067,31867573.12417055,23270.80546267791,9430195.362757502,31867463.220244303,24240.380690289487,9429767.937734017,31866546.604323436,24240.380690289487
9430291.230404025,31867976.480167862,23755.5930764837,7.153168726337812,9429959.673027067,31867573.12417055,23270.80546267791,9430387.098050553,31868489.740091417,23270.80546267791,9430622.787780989,31868379.836165164,24240.380690289487,9430195.362757502,31867463.220244303,24240.380690289487
9430718.655427512,31868893.09608872,23755.5930764837,6.79458710066241,9430387.098050553,31868489.740091417,23270.80546267791,9430814.523074038,31869406.35601228,23270.80546267791,9431050.212804474,31869296.45208603,24240.380690289487,9430622.787780989,31868379.836165164,24240.380690289487
9431146.080450999,31869809.712009586,23755.5930764837,5.621890584228412,9430814.523074038,31869406.35601228,23270.80546267791,9431241.948097521,31870322.97193314,23270.80546267791,9431477.637827959,31870213.06800689,24240.380690289487,9431050.212804474,31869296.45208603,24240.380690289487
9431573.505474484,31870726.327930454,23755.5930764837,4.613973965377169,9431241.948097521,31870322.97193314,23270.80546267791,9431669.373121008,31871239.58785401,23270.80546267791,9431905.062851446,31871129.683927756,24240.380690289487,9431477.637827959,31870213.06800689,24240.380690289487
9432000.930497969,31871642.94385131,23755.5930764837,3.867904357428414,9431669.373121008,31871239.58785401,23270.80546267791,9432096.798144493,31872156.20377487,23270.80546267791,9432332.48787493,31872046.299848624,24240.380690289487,9431905.062851446,31871129.683927756,24240.380690289487
9432428.355521454,31872559.55977218,23755.5930764837,3.5071971618121776,9432096.798144493,31872156.20377487,23270.80546267791,9432524.22316798,31873072.819695733,23270.80546267791,9432759.912898416,31872962.915769484,24240.380690289487,9432332.48787493,31872046.299848624,24240.380690289487
9432855.78054494,31873476.175693046,23755.5930764837,2.199657927919176,9432524.22316798,31873072.819695733,23270.80546267791,9432951.648191465,31873989.4356166,23270.80546267791,9433187.3379219,31873879.531690348,24240.380690289487,9432759.912898416,31872962.915769484,24240.380690289487
9433283.205568427,31874392.791613903,23755.5930764837,1.4385349349451229,9432951.648191465,31873989.4356166,23270.80546267791,9433379.073214952,31874906.05153746,23270.80546267791,9433614.762945388,31874796.147611216,24240.380690289487,9433187.3379219,31873879.531690348,24240.380690289487
9433710.630591912,31875309.407534774,23755.5930764837,2.341526409045292,9433379.073214952,31874906.05153746,23270.80546267791,9433806.498238437,31875822.667458326,23270.80546267791,9434042.187968872,31875712.763532076,24240.380690289487,9433614.762945388,31874796.147611216,24240.380690289487
9434138.055615397,31876226.02345563,23755.5930764837,3.2079549872806483,9433806.498238437,31875822.667458326,23270.80546267791,9434233.923261922,31876739.28337919,23270.80546267791,9434469.612992357,31876629.379452936,24240.380690289487,9434042.187968872,31875712.763532076,24240.380690289487
9434565.48063888,31877142.639376495,23755.5930764837,2.0592753513541995,9434233.923261922,31876739.28337919,23270.80546267791,9434661.348285409,31877655.899300054,23270.80546267791,9434897.038015844,31877545.995373804,24240.380690289487,9434469.612992357,31876629.379452936,24240.380690289487
9434992.905662367,31878059.255297363,23755.5930764837,3.9306708969887527,9434661.348285409,31877655.899300054,23270.80546267791,9435088.773308894,31878572.51522092,23270.80546267791,9435324.46303933,31878462.61129467,24240.380690289487,9434897.038015844,31877545.995373804,24240.380690289487
9435420.330685854,31878975.871218227,23755.5930764837,4.310355872466039,9435088.773308894,31878572.51522092,23270.80546267791,9435516.19833238,31879489.13114178,23270.80546267791,9435751.888062816,31879379.22721553,24240.380690289487,9435324.46303933,31878462.61129467,24240.380690289487
9435847.755709339,31879892.487139087,23755.5930764837,2.6385141288370098,9435516.19833238,31879489.13114178,23270.80546267791,9435943.623355864,31880405.747062646,23270.80546267791,9436179.313086301,31880295.843136396,24240.380690289487,9435751.888062816,31879379.22721553,24240.380690289487
9436275.180732826,31880809.103059955,23755.5930764837,1.4379662484990543,9435943.623355864,31880405.747062646,23270.80546267791,9436371.04837935,31881322.362983514,23270.80546267791,9436606.738109788,31881212.45905726,24240.380690289487,9436179.313086301,31880295.843136396,24240.380690289487
9436702.605756313,31881725.718980815,23755.5930764837,1.3541273953271167,9436371.04837935,31881322.362983514,23270.80546267791,9436798.473402835,31882238.978904374,23270.80546267791,9437034.163133273,31882129.07497812,24240.380690289487,9436606.738109788,31881212.45905726,24240.380690289487
9437130.030779796,31882642.33490168,23755.5930764837,1.0348463627227895,9436798.473402835,31882238.978904374,23270.80546267791,9437225.89842632,31883155.594825234,23270.80546267791,9437461.588156758,31883045.69089899,24240.380690289487,9437034.163133273,31882129.07497812,24240.380690289487
9437557.455803283,31883558.950822547,23755.5930764837,0.654555005997682,9437225.89842632,31883155.594825234,23270.80546267791,9437653.323449807,31884072.210746102,23270.80546267791,9437889.013180243,31883962.30681985,24240.380690289487,9437461.588156758,31883045.69089899,24240.380690289487
9437984.880826768,31884475.566743404,23755.5930764837,0.3493915494060459,9437653.323449807,31884072.210746102,23270.80546267791,9438080.748473292,31884988.826666966,23270.80546267791,9438316.438203728,31884878.922740713,24240.380690289487,9437889.013180243,31883962.30681985,24240.380690289487
9421550.994641265,31848617.641903467,24725.168304095278,3.2825492683533883,9421219.437264305,31848214.285906162,24240.380690289487,9421646.862287791,31849130.901827026,24240.380690289487,9421882.552018227,31849020.997900773,25209.955917901065,9421455.12699474,31848104.38197991,25209.955917901065
9421978.419664752,31849534.25782433,24725.168304095278,2.1642742973081677,9421646.862287791,31849130.901827026,24240.380690289487,9422074.287311276,31850047.517747886,24240.380690289487,9422309.977041712,31849937.613821637,25209.955917901065,9421882.552018227,31849020.997900773,25209.955917901065
9422405.844688237,31850450.873745196,24725.168304095278,1.1176159607367901,9422074.287311276,31850047.517747886,24240.380690289487,9422501.712334763,31850964.133668754,24240.380690289487,9422737.402065199,31850854.2297425,25209.955917901065,9422309.977041712,31849937.613821637,25209.955917901065
9422833.269711722,31851367.48966606,24725.168304095278,1.2518473550239098,9422501.712334763,31850964.133668754,24240.380690289487,9422929.137358248,31851880.749589615,24240.380690289487,9423164.827088684,31851770.84566336,25209.955917901065,9422737.402065199,31850854.2297425,25209.955917901065
9423260.694735207,31852284.10558692,24725.168304095278,1.4460739384920218,9422929.137358248,31851880.749589615,24240.380690289487,9423356.562381731,31852797.36551048,24240.380690289487,9423592.252112169,31852687.46158423,25209.955917901065,9423164.827088684,31851770.84566336,25209.955917901065
9423688.119758694,31853200.721507788,24725.168304095278,0.7871542831274819,9423356.562381731,31852797.36551048,24240.380690289487,9423783.987405218,31853713.981431343,24240.380690289487,9424019.677135656,31853604.077505093,25209.955917901065,9423592.252112169,31852687.46158423,25209.955917901065
9424115.54478218,31854117.33742865,24725.168304095278,0.8070208811915865,9423783.987405218,31853713.981431343,24240.380690289487,9424211.412428703,31854630.597352207,24240.380690289487,9424447.10215914,31854520.693425953,25209.955917901065,9424019.677135656,31853604.077505093,25209.955917901065
9424542.969805665,31855033.95334951,24725.168304095278,1.1537664607959361,9424211.412428703,31854630.597352207,24240.380690289487,9424638.83745219,31855547.21327307,24240.380690289487,9424874.527182626,31855437.30934682,25209.955917901065,9424447.10215914,31854520.693425953,25209.955917901065
9424970.39482915,31855950.56927038,24725.168304095278,1.3535938461928054,9424638.83745219,31855547.21327307,24240.380690289487,9425066.262475675,31856463.829193935,24240.380690289487,9425301.95220611,31856353.925267685,25209.955917901065,9424874.527182626,31855437.30934682,25209.955917901065
9425397.819852635,31856867.185191244,24725.168304095278,0.9357397099704199,9425066.262475675,31856463.829193935,24240.380690289487,9425493.687499162,31857380.4451148,24240.380690289487,9425729.377229597,31857270.541188546,25209.955917901065,9425301.95220611,31856353.925267685,25209.955917901065
9425825.244876122,31857783.8011121,24725.168304095278,1.0680841744104448,9425493.687499162,31857380.4451148,24240.380690289487,9425921.112522647,31858297.06103566,24240.380690289487,9426156.802253082,31858187.157109413,25209.955917901065,9425729.377229597,31857270.541188546,25209.955917901065
9426252.669899609,31858700.41703297,24725.168304095278,0.9849507708865698,9425921.112522647,31858297.06103566,24240.380690289487,9426348.537546132,31859213.676956527,24240.380690289487,9426584.227276567,31859103.773030274,25209.955917901065,9426156.802253082,31858187.157109413,25209.955917901065
9426680.094923092,31859617.032953836,24725.168304095278,1.17762490073184,9426348.537546132,31859213.676956527,24240.380690289487,9426775.962569619,31860130.29287739,24240.380690289487,9427011.652300054,31860020.388951138,25209.955917901065,9426584.227276567,31859103.773030274,25209.955917901065
9427107.519946577,31860533.648874693,24725.168304095278,1.1820398644659658,9426775.962569619,31860130.29287739,24240.380690289487,9427203.387593104,31861046.90879825,24240.380690289487,9427439.07732354,31860937.004872005,25209.955917901065,9427011.652300054,31860020.388951138,25209.955917901065
9427534.944970062,31861450.264795564,24725.168304095278,1.0089021366160718,9427203.387593104,31861046.90879825,24240.380690289487,9427630.81261659,31861963.52471912,24240.380690289487,9427866.502347026,31861853.620792866,25209.955917901065,9427439.07732354,31860937.004872005,25209.955917901065
9427962.369993549,31862366.88071643,24725.168304095278,1.5119960284101144,9427630.81261659,31861963.52471912,24240.380690289487,9428058.237640074,31862880.140639983,24240.380690289487,9428293.927370511,31862770.236713734,25209.955917901065,9427866.502347026,31861853.620792866,25209.955917901065
9428389.795017036,31863283.496637285,24725.168304095278,2.0601944665604277,9428058.237640074,31862880.140639983,24240.380690289487,9428485.662663558,31863796.756560843,24240.380690289487,9428721.352393996,31863686.852634594,25209.955917901065,9428293.927370511,31862770.236713734,25209.955917901065
9428817.22004052,31864200.112558153,24725.168304095278,3.4972026767580044,9428485.662663558,31863796.756560843,24240.380690289487,9428913.087687045,31864713.37248171,24240.380690289487,9429148.777417483,31864603.468555458,25209.955917901065,9428721.352393996,31863686.852634594,25209.955917901065
9429244.645064006,31865116.728479017,24725.168304095278,2.4842498408171627,9428913.087687045,31864713.37248171,24240.380690289487,9429340.51271053,31865629.98840257,24240.380690289487,9429576.202440968,31865520.084476322,25209.955917901065,9429148.777417483,31864603.468555458,25209.955917901065
9429672.07008749,31866033.34439988,24725.168304095278,2.3494445731686353,9429340.51271053,31865629.98840257,24240.380690289487,9429767.937734017,31866546.604323436,24240.380690289487,9430003.627464453,31866436.700397186,25209.955917901065,9429576.202440968,31865520.084476322,25209.955917901065
9430099.495110977,31866949.960320745,24725.168304095278,3.323883184573529,9429767.937734017,31866546.604323436,24240.380690289487,9430195.362757502,31867463.220244303,24240.380690289487,9430431.052487938,31867353.31631805,25209.955917901065,9430003.627464453,31866436.700397186,25209.955917901065
9430526.920134464,31867866.576241605,24725.168304095278,2.9593065914904786,9430195.362757502,31867463.220244303,24240.380690289487,9430622.787780989,31868379.836165164,24240.380690289487,9430858.477511425,31868269.932238918,25209.955917901065,9430431.052487938,31867353.31631805,25209.955917901065
9430954.34515795,31868783.192162473,24725.168304095278,3.0104181050313468,9430622.787780989,31868379.836165164,24240.380690289487,9431050.212804474,31869296.45208603,24240.380690289487,9431285.90253491,31869186.548159778,25209.955917901065,9430858.477511425,31868269.932238918,25209.955917901065
9431381.770181432,31869699.808083337,24725.168304095278,3.8949214980184688,9431050.212804474,31869296.45208603,24240.380690289487,9431477.637827959,31870213.06800689,24240.380690289487,9431713.327558395,31870103.16408064,25209.955917901065,9431285.90253491,31869186.548159778,25209.955917901065
9431809.195204917,31870616.424004193,24725.168304095278,5.127805510681715,9431477.637827959,31870213.06800689,24240.380690289487,9431905.062851446,31871129.683927756,24240.380690289487,9432140.752581881,31871019.780001506,25209.955917901065,9431713.327558395,31870103.16408064,25209.955917901065
9432236.620228404,31871533.039925065,24725.168304095278,2.7210865446688968,9431905.062851446,31871129.683927756,24240.380690289487,9432332.48787493,31872046.299848624,24240.380690289487,9432568.177605366,31871936.39592237,25209.955917901065,9432140.752581881,31871019.780001506,25209.955917901065
9432664.045251891,31872449.65584593,24725.168304095278,1.5097315676950813,9432332.48787493,31872046.299848624,24240.380690289487,9432759.912898416,31872962.915769484,24240.380690289487,9432995.602628853,31872853.01184323,25209.955917901065,9432568.177605366,31871936.39592237,25209.955917901065
9433091.470275376,31873366.27176679,24725.168304095278,0.7597153344603904,9432759.912898416,31872962.915769484,24240.380690289487,9433187.3379219,31873879.531690348,24240.380690289487,9433423.027652338,31873769.6277641,25209.955917901065,9432995.602628853,31872853.01184323,25209.955917901065
9433518.895298863,31874282.887687657,24725.168304095278,0.9648232034470555,9433187.3379219,31873879.531690348,24240.380690289487,9433614.762945388,31874796.147611216,24240.380690289487,9433850.452675825,31874686.243684962,25209.955917901065,9433423.027652338,31873769.6277641,25209.955917901065
9433946.32032235,31875199.50360852,24725.168304095278,1.281997439717141,9433614.762945388,31874796.147611216,24240.380690289487,9434042.187968872,31875712.763532076,24240.380690289487,9434277.87769931,31875602.859605823,25209.955917901065,9433850.452675825,31874686.243684962,25209.955917901065
9434373.745345833,31876116.119529378,24725.168304095278,4.075159739949891,9434042.187968872,31875712.763532076,24240.380690289487,9434469.612992357,31876629.379452936,24240.380690289487,9434705.302722793,31876519.47552669,25209.955917901065,9434277.87769931,31875602.859605823,25209.955917901065
9434801.17036932,31877032.73545025,24725.168304095278,2.2345285003673,9434469.612992357,31876629.379452936,24240.380690289487,9434897.038015844,31877545.995373804,24240.380690289487,9435132.72774628,31877436.09144755,25209.955917901065,9434705.302722793,31876519.47552669,25209.955917901065
9435228.595392805,31877949.351371113,24725.168304095278,2.43868588716554,9434897.038015844,31877545.995373804,24240.380690289487,9435324.46303933,31878462.61129467,24240.380690289487,9435560.152769765,31878352.707368415,25209.955917901065,9435132.72774628,31877436.09144755,25209.955917901065
9435656.020416291,31878865.96729197,24725.168304095278,1.9533922286183012,9435324.46303933,31878462.61129467,24240.380690289487,9435751.888062816,31879379.22721553,24240.380690289487,9435987.577793252,31879269.323289283,25209.955917901065,9435560.152769765,31878352.707368415,25209.955917901065
9436083.445439776,31879782.583212838,24725.168304095278,1.5618456320861354,9435751.888062816,31879379.22721553,24240.380690289487,9436179.313086301,31880295.843136396,24240.380690289487,9436415.002816737,31880185.939210143,25209.955917901065,9435987.577793252,31879269.323289283,25209.955917901065
9436510.870463261,31880699.199133705,24725.168304095278,1.2622868134329175,9436179.313086301,31880295.843136396,24240.380690289487,9436606.738109788,31881212.45905726,24240.380690289487,9436842.427840224,31881102.555131007,25209.955917901065,9436415.002816737,31880185.939210143,25209.955917901065
9436938.295486746,31881615.815054562,24725.168304095278,0.8177760689851122,9436606.738109788,31881212.45905726,24240.380690289487,9437034.163133273,31882129.07497812,24240.380690289487,9437269.852863709,31882019.17105187,25209.955917901065,9436842.427840224,31881102.555131007,25209.955917901065
9437365.720510231,31882532.43097543,24725.168304095278,0.741019153126426,9437034.163133273,31882129.07497812,24240.380690289487,9437461.588156758,31883045.69089899,24240.380690289487,9437697.277887193,31882935.786972735,25209.955917901065,9437269.852863709,31882019.17105187,25209.955917901065
9437793.145533718,31883449.04689629,24725.168304095278,0.7282180356029605,9437461.588156758,31883045.69089899,24240.380690289487,9437889.013180243,31883962.30681985,24240.380690289487,9438124.70291068,31883852.4028936,25209.955917901065,9437697.277887193,31882935.786972735,25209.955917901065
9438220.570557205,31884365.662817154,24725.168304095278,0.26054292042427774,9437889.013180243,31883962.30681985,24240.380690289487,9438316.438203728,31884878.922740713,24240.380690289487,9438552.127934165,31884769.018814463,25209.955917901065,9438124.70291068,31883852.4028936,25209.955917901065
9421786.6843717,31848507.737977218,25694.743531706856,2.977439020372043,9421455.12699474,31848104.38197991,25209.955917901065,9421882.552018227,31849020.997900773,25209.955917901065,9422118.241748659,31848911.093974523,26179.531145512643,9421690.816725174,31847994.47805366,26179.531145512643
9422214.109395187,31849424.35389808,25694.743531706856,2.420692277366446,9421882.552018227,31849020.997900773,25209.955917901065,9422309.977041712,31849937.613821637,25209.955917901065,9422545.666772144,31849827.709895387,26179.531145512643,9422118.241748659,31848911.093974523,26179.531145512643
9422641.534418672,31850340.969818942,25694.743531706856,2.859636474428827,9422309.977041712,31849937.613821637,25209.955917901065,9422737.402065199,31850854.2297425,25209.955917901065,9422973.09179563,31850744.32581625,26179.531145512643,9422545.666772144,31849827.709895387,26179.531145512643
9423068.95944216,31851257.58573981,25694.743531706856,2.581373388367377,9422737.402065199,31850854.2297425,25209.955917901065,9423164.827088684,31851770.84566336,25209.955917901065,9423400.516819116,31851660.941737115,26179.531145512643,9422973.09179563,31850744.32581625,26179.531145512643
9423496.384465642,31852174.20166067,25694.743531706856,2.1330567455819573,9423164.827088684,31851770.84566336,25209.955917901065,9423592.252112169,31852687.46158423,25209.955917901065,9423827.941842603,31852577.55765798,26179.531145512643,9423400.516819116,31851660.941737115,26179.531145512643
9423923.80948913,31853090.817581538,25694.743531706856,2.0666400347490996,9423592.252112169,31852687.46158423,25209.955917901065,9424019.677135656,31853604.077505093,25209.955917901065,9424255.366866088,31853494.17357884,26179.531145512643,9423827.941842603,31852577.55765798,26179.531145512643
9424351.234512614,31854007.433502395,25694.743531706856,3.0530727221681775,9424019.677135656,31853604.077505093,25209.955917901065,9424447.10215914,31854520.693425953,25209.955917901065,9424682.791889574,31854410.789499708,26179.531145512643,9424255.366866088,31853494.17357884,26179.531145512643
9424778.659536099,31854924.049423262,25694.743531706856,2.5707096197859776,9424447.10215914,31854520.693425953,25209.955917901065,9424874.527182626,31855437.30934682,25209.955917901065,9425110.21691306,31855327.40542057,26179.531145512643,9424682.791889574,31854410.789499708,26179.531145512643
9425206.084559586,31855840.665344127,25694.743531706856,2.023275710657759,9424874.527182626,31855437.30934682,25209.955917901065,9425301.95220611,31856353.925267685,25209.955917901065,9425537.641936544,31856244.021341436,26179.531145512643,9425110.21691306,31855327.40542057,26179.531145512643
9425633.50958307,31856757.281264994,25694.743531706856,1.3627295840275238,9425301.95220611,31856353.925267685,25209.955917901065,9425729.377229597,31857270.541188546,25209.955917901065,9425965.066960031,31857160.6372623,26179.531145512643,9425537.641936544,31856244.021341436,26179.531145512643
9426060.934606558,31857673.897185855,25694.743531706856,0.4726456095428551,9425729.377229597,31857270.541188546,25209.955917901065,9426156.802253082,31858187.157109413,25209.955917901065,9426392.491983516,31858077.25318316,26179.531145512643,9425965.066960031,31857160.6372623,26179.531145512643
9426488.359630043,31858590.51310672,25694.743531706856,0.5696115677123843,9426156.802253082,31858187.157109413,25209.955917901065,9426584.227276567,31859103.773030274,25209.955917901065,9426819.917007001,31858993.869104028,26179.531145512643,9426392.491983516,31858077.25318316,26179.531145512643
9426915.784653528,31859507.129027583,25694.743531706856,0.6313561376143684,9426584.227276567,31859103.773030274,25209.955917901065,9427011.652300054,31860020.388951138,25209.955917901065,9427247.342030486,31859910.48502489,26179.531145512643,9426819.917007001,31858993.869104028,26179.531145512643
9427343.209677014,31860423.744948447,25694.743531706856,0.3569402867048198,9427011.652300054,31860020.388951138,25209.955917901065,9427439.07732354,31860937.004872005,25209.955917901065,9427674.767053973,31860827.100945752,26179.531145512643,9427247.342030486,31859910.48502489,26179.531145512643
9427770.634700501,31861340.36086931,25694.743531706856,0.6066958895092849,9427439.07732354,31860937.004872005,25209.955917901065,9427866.502347026,31861853.620792866,25209.955917901065,9428102.192077458,31861743.71686662,26179.531145512643,9427674.767053973,31860827.100945752,26179.531145512643
9428198.059723984,31862256.976790175,25694.743531706856,1.8475006062219106,9427866.502347026,31861853.620792866,25209.955917901065,9428293.927370511,31862770.236713734,25209.955917901065,9428529.617100945,31862660.332787484,26179.531145512643,9428102.192077458,31861743.71686662,26179.531145512643
9428625.48474747,31863173.59271104,25694.743531706856,3.056090982670848,9428293.927370511,31862770.236713734,25209.955917901065,9428721.352393996,31863686.852634594,25209.955917901065,9428957.04212443,31863576.948708344,26179.531145512643,9428529.617100945,31862660.332787484,26179.531145512643
9429052.909770954,31864090.208631903,25694.743531706856,4.821036433119797,9428721.352393996,31863686.852634594,25209.955917901065,9429148.777417483,31864603.468555458,25209.955917901065,9429384.467147915,31864493.56462921,26179.531145512643,9428957.04212443,31863576.948708344,26179.531145512643
9429480.334794441,31865006.824552763,25694.743531706856,3.7385846934871996,9429148.777417483,31864603.468555458,25209.955917901065,9429576.202440968,31865520.084476322,25209.955917901065,9429811.892171402,31865410.180550072,26179.531145512643,9429384.467147915,31864493.56462921,26179.531145512643
9429907.759817928,31865923.440473627,25694.743531706856,1.9276783550451284,9429576.202440968,31865520.084476322,25209.955917901065,9430003.627464453,31866436.700397186,25209.955917901065,9430239.317194887,31866326.796470936,26179.531145512643,9429811.892171402,31865410.180550072,26179.531145512643
9430335.184841413,31866840.056394495,25694.743531706856,1.8870640028442667,9430003.627464453,31866436.700397186,25209.955917901065,9430431.052487938,31867353.31631805,25209.955917901065,9430666.742218373,31867243.4123918,26179.531145512643,9430239.317194887,31866326.796470936,26179.531145512643
9430762.609864898,31867756.672315355,25694.743531706856,1.1772019584485696,9430431.052487938,31867353.31631805,25209.955917901065,9430858.477511425,31868269.932238918,25209.955917901065,9431094.167241858,31868160.028312664,26179.531145512643,9430666.742218373,31867243.4123918,26179.531145512643
9431190.034888385,31868673.288236223,25694.743531706856,1.5346453726578846,9430858.477511425,31868269.932238918,25209.955917901065,9431285.90253491,31869186.548159778,25209.955917901065,9431521.592265345,31869076.64423353,26179.531145512643,9431094.167241858,31868160.028312664,26179.531145512643
9431617.45991187,31869589.90415708,25694.743531706856,2.1534011519786835,9431285.90253491,31869186.548159778,25209.955917901065,9431713.327558395,31870103.16408064,25209.955917901065,9431949.017288828,31869993.260154393,26179.531145512643,9431521.592265345,31869076.64423353,26179.531145512643
9432044.884935357,31870506.520077948,25694.743531706856,1.9966722519238624,9431713.327558395,31870103.16408064,25209.955917901065,9432140.752581881,31871019.780001506,25209.955917901065,9432376.442312313,31870909.876075257,26179.531145512643,9431949.017288828,31869993.260154393,26179.531145512643
9432472.309958842,31871423.13599881,25694.743531706856,0.8515658424082598,9432140.752581881,31871019.780001506,25209.955917901065,9432568.177605366,31871936.39592237,25209.955917901065,9432803.8673358,31871826.491996117,26179.531145512643,9432376.442312313,31870909.876075257,26179.531145512643
9432899.734982327,31872339.75191968,25694.743531706856,0.5794393910256536,9432568.177605366,31871936.39592237,25209.955917901065,9432995.602628853,31872853.01184323,25209.955917901065,9433231.292359285,31872743.107916985,26179.531145512643,9432803.8673358,31871826.491996117,26179.531145512643
9433327.160005812,31873256.36784054,25694.743531706856,0.36911055440247514,9432995.602628853,31872853.01184323,25209.955917901065,9433423.027652338,31873769.6277641,25209.955917901065,9433658.717382772,31873659.72383785,26179.531145512643,9433231.292359285,31872743.107916985,26179.531145512643
9433754.585029298,31874172.983761407,25694.743531706856,0.7327202064970739,9433423.027652338,31873769.6277641,25209.955917901065,9433850.452675825,31874686.243684962,25209.955917901065,9434086.142406257,31874576.33975871,26179.531145512643,9433658.717382772,31873659.72383785,26179.531145512643
9434182.010052783,31875089.599682264,25694.743531706856,0.9960332334293011,9433850.452675825,31874686.243684962,25209.955917901065,9434277.87769931,31875602.859605823,25209.955917901065,9434513.567429744,31875492.955679577,26179.531145512643,9434086.142406257,31874576.33975871,26179.531145512643
9434609.435076268,31876006.21560313,25694.743531706856,0.9808408169576572,9434277.87769931,31875602.859605823,25209.955917901065,9434705.302722793,31876519.47552669,25209.955917901065,9434940.992453229,31876409.571600437,26179.531145512643,9434513.567429744,31875492.955679577,26179.531145512643
9435036.860099753,31876922.831523996,25694.743531706856,0.8613072452058351,9434705.302722793,31876519.47552669,25209.955917901065,9435132.72774628,31877436.09144755,25209.955917901065,9435368.417476714,31877326.1875213,26179.531145512643,9434940.992453229,31876409.571600437,26179.531145512643
9435464.28512324,31877839.447444856,25694.743531706856,0.9580167175552838,9435132.72774628,31877436.09144755,25209.955917901065,9435560.152769765,31878352.707368415,25209.955917901065,9435795.8425002,31878242.80344217,26179.531145512643,9435368.417476714,31877326.1875213,26179.531145512643
9435891.710146727,31878756.063365724,25694.743531706856,1.9226383833817748,9435560.152769765,31878352.707368415,25209.955917901065,9435987.577793252,31879269.323289283,25209.955917901065,9436223.267523685,31879159.41936303,26179.531145512643,9435795.8425002,31878242.80344217,26179.531145512643
9436319.135170212,31879672.679286588,25694.743531706856,1.8875555397424084,9435987.577793252,31879269.323289283,25209.955917901065,9436415.002816737,31880185.939210143,25209.955917901065,9436650.69254717,31880076.035283893,26179.531145512643,9436223.267523685,31879159.41936303,26179.531145512643
9436746.560193697,31880589.29520745,25694.743531706856,0.8594748428406214,9436415.002816737,31880185.939210143,25209.955917901065,9436842.427840224,31881102.555131007,25209.955917901065,9437078.117570655,31880992.65120476,26179.531145512643,9436650.69254717,31880076.035283893,26179.531145512643
9437173.985217184,31881505.911128316,25694.743531706856,0.6030150239590258,9436842.427840224,31881102.555131007,25209.955917901065,9437269.852863709,31882019.17105187,25209.955917901065,9437505.54259414,31881909.26712562,26179.531145512643,9437078.117570655,31880992.65120476,26179.531145512643
9437601.410240669,31882422.52704918,25694.743531706856,0.358464996711738,9437269.852863709,31882019.17105187,25209.955917901065,9437697.277887193,31882935.786972735,25209.955917901065,9437932.967617627,31882825.883046485,26179.531145512643,9437505.54259414,31881909.26712562,26179.531145512643
9438028.835264154,31883339.14297004,25694.743531706856,0.18143782537109768,9437697.277887193,31882935.786972735,25209.955917901065,9438124.70291068,31883852.4028936,25209.955917901065,9438360.392641112,31883742.49896735,26179.531145512643,9437932.967617627,31882825.883046485,26179.531145512643
9438456.260287639,31884255.75889091,25694.743531706856,0.22271773481053525,9438124.70291068,31883852.4028936,25209.955917901065,9438552.127934165,31884769.018814463,25209.955917901065,9438787.817664599,31884659.114888214,26179.531145512643,9438360.392641112,31883742.49896735,26179.531145512643
9422022.374102134,31848397.834050972,26664.318759318434,2.973504054792833,9421690.816725174,31847994.47805366,26179.531145512643,9422118.241748659,31848911.093974523,26179.531145512643,9422353.931479096,31848801.190048274,27149.106373124225,9421926.506455611,31847884.57412741,27149.106373124225
9422449.799125621,31849314.44997183,26664.318759318434,5.326915105602604,9422118.241748659,31848911.093974523,26179.531145512643,9422545.666772144,31849827.709895387,26179.531145512643,9422781.356502583,31849717.805969138,27149.106373124225,9422353.931479096,31848801.190048274,27149.106373124225
9422877.224149106,31850231.065892693,26664.318759318434,3.499291252208969,9422545.666772144,31849827.709895387,26179.531145512643,9422973.09179563,31850744.32581625,26179.531145512643,9423208.781526068,31850634.42189,27149.106373124225,9422781.356502583,31849717.805969138,27149.106373124225
9423304.649172591,31851147.681813557,26664.318759318434,3.53572779503059,9422973.09179563,31850744.32581625,26179.531145512643,9423400.516819116,31851660.941737115,26179.531145512643,9423636.206549553,31851551.037810862,27149.106373124225,9423208.781526068,31850634.42189,27149.106373124225
9423732.074196076,31852064.29773442,26664.318759318434,5.335064612619924,9423400.516819116,31851660.941737115,26179.531145512643,9423827.941842603,31852577.55765798,26179.531145512643,9424063.631573038,31852467.65373173,27149.106373124225,9423636.206549553,31851551.037810862,27149.106373124225
9424159.499219563,31852980.91365529,26664.318759318434,4.665884272631929,9423827.941842603,31852577.55765798,26179.531145512643,9424255.366866088,31853494.17357884,26179.531145512643,9424491.056596523,31853384.269652594,27149.106373124225,9424063.631573038,31852467.65373173,27149.106373124225
9424586.92424305,31853897.52957615,26664.318759318434,4.025054476988045,9424255.366866088,31853494.17357884,26179.531145512643,9424682.791889574,31854410.789499708,26179.531145512643,9424918.48162001,31854300.885573454,27149.106373124225,9424491.056596523,31853384.269652594,27149.106373124225
9425014.349266535,31854814.145497013,26664.318759318434,3.290534708643848,9424682.791889574,31854410.789499708,26179.531145512643,9425110.21691306,31855327.40542057,26179.531145512643,9425345.906643495,31855217.501494322,27149.106373124225,9424918.48162001,31854300.885573454,27149.106373124225
9425441.77429002,31855730.76141788,26664.318759318434,2.541110903352704,9425110.21691306,31855327.40542057,26179.531145512643,9425537.641936544,31856244.021341436,26179.531145512643,9425773.331666982,31856134.117415186,27149.106373124225,9425345.906643495,31855217.501494322,27149.106373124225
9425869.199313505,31856647.37733874,26664.318759318434,1.3933651405780534,9425537.641936544,31856244.021341436,26179.531145512643,9425965.066960031,31857160.6372623,26179.531145512643,9426200.756690467,31857050.733336046,27149.106373124225,9425773.331666982,31856134.117415186,27149.106373124225
9426296.62433699,31857563.993259605,26664.318759318434,0.17774162050305625,9425965.066960031,31857160.6372623,26179.531145512643,9426392.491983516,31858077.25318316,26179.531145512643,9426628.181713952,31857967.34925691,27149.106373124225,9426200.756690467,31857050.733336046,27149.106373124225
9426724.049360476,31858480.609180473,26664.318759318434,0.14894561981802584,9426392.491983516,31858077.25318316,26179.531145512643,9426819.917007001,31858993.869104028,26179.531145512643,9427055.606737439,31858883.965177774,27149.106373124225,9426628.181713952,31857967.34925691,27149.106373124225
9427151.474383961,31859397.22510133,26664.318759318434,0.30936665602609564,9426819.917007001,31858993.869104028,26179.531145512643,9427247.342030486,31859910.48502489,26179.531145512643,9427483.031760924,31859800.58109864,27149.106373124225,9427055.606737439,31858883.965177774,27149.106373124225
9427578.899407448,31860313.841022197,26664.318759318434,0.2263755903933752,9427247.342030486,31859910.48502489,26179.531145512643,9427674.767053973,31860827.100945752,26179.531145512643,9427910.45678441,31860717.197019503,27149.106373124225,9427483.031760924,31859800.58109864,27149.106373124225
9428006.324430935,31861230.456943065,26664.318759318434,0.46909725900660026,9427674.767053973,31860827.100945752,26179.531145512643,9428102.192077458,31861743.71686662,26179.531145512643,9428337.881807895,31861633.812940367,27149.106373124225,9427910.45678441,31860717.197019503,27149.106373124225
9428433.74945442,31862147.072863925,26664.318759318434,0.8830557985792648,9428102.192077458,31861743.71686662,26179.531145512643,9428529.617100945,31862660.332787484,26179.531145512643,9428765.30683138,31862550.42886123,27149.106373124225,9428337.881807895,31861633.812940367,27149.106373124225
9428861.174477905,31863063.68878479,26664.318759318434,2.204174814222513,9428529.617100945,31862660.332787484,26179.531145512643,9428957.04212443,31863576.948708344,26179.531145512643,9429192.731854865,31863467.044782095,27149.106373124225,9428765.30683138,31862550.42886123,27149.106373124225
9429288.59950139,31863980.304705657,26664.318759318434,2.226805854841312,9428957.04212443,31863576.948708344,26179.531145512643,9429384.467147915,31864493.56462921,26179.531145512643,9429620.15687835,31864383.66070296,27149.106373124225,9429192.731854865,31863467.044782095,27149.106373124225
9429716.024524877,31864896.920626514,26664.318759318434,3.5130469711212,9429384.467147915,31864493.56462921,26179.531145512643,9429811.892171402,31865410.180550072,26179.531145512643,9430047.581901837,31865300.27662382,27149.106373124225,9429620.15687835,31864383.66070296,27149.106373124225
9430143.449548362,31865813.536547378,26664.318759318434,2.495527915477512,9429811.892171402,31865410.180550072,26179.531145512643,9430239.317194887,31866326.796470936,26179.531145512643,9430475.006925322,31866216.892544687,27149.106373124225,9430047.581901837,31865300.27662382,27149.106373124225
9430570.874571847,31866730.15246824,26664.318759318434,2.4697803669975955,9430239.317194887,31866326.796470936,26179.531145512643,9430666.742218373,31867243.4123918,26179.531145512643,9430902.431948809,31867133.50846555,27149.106373124225,9430475.006925322,31866216.892544687,27149.106373124225
9430998.299595332,31867646.768389106,26664.318759318434,2.145713121308169,9430666.742218373,31867243.4123918,26179.531145512643,9431094.167241858,31868160.028312664,26179.531145512643,9431329.856972294,31868050.12438641,27149.106373124225,9430902.431948809,31867133.50846555,27149.106373124225
9431425.724618817,31868563.38430997,26664.318759318434,1.6825500634015509,9431094.167241858,31868160.028312664,26179.531145512643,9431521.592265345,31869076.64423353,26179.531145512643,9431757.28199578,31868966.74030728,27149.106373124225,9431329.856972294,31868050.12438641,27149.106373124225
9431853.149642304,31869480.000230838,26664.318759318434,1.2833785681239334,9431521.592265345,31869076.64423353,26179.531145512643,9431949.017288828,31869993.260154393,26179.531145512643,9432184.707019266,31869883.35622814,27149.106373124225,9431757.28199578,31868966.74030728,27149.106373124225
9432280.57466579,31870396.616151698,26664.318759318434,0.6904242704111949,9431949.017288828,31869993.260154393,26179.531145512643,9432376.442312313,31870909.876075257,26179.531145512643,9432612.13204275,31870799.972149003,27149.106373124225,9432184.707019266,31869883.35622814,27149.106373124225
9432707.999689275,31871313.232072562,26664.318759318434,0.6059325551845836,9432376.442312313,31870909.876075257,26179.531145512643,9432803.8673358,31871826.491996117,26179.531145512643,9433039.557066238,31871716.58806987,27149.106373124225,9432612.13204275,31870799.972149003,27149.106373124225
9433135.42471276,31872229.847993426,26664.318759318434,0.6137541064955111,9432803.8673358,31871826.491996117,26179.531145512643,9433231.292359285,31872743.107916985,26179.531145512643,9433466.98208972,31872633.20399073,27149.106373124225,9433039.557066238,31871716.58806987,27149.106373124225
9433562.849736245,31873146.46391429,26664.318759318434,0.6549130848583605,9433231.292359285,31872743.107916985,26179.531145512643,9433658.717382772,31873659.72383785,26179.531145512643,9433894.407113208,31873549.8199116,27149.106373124225,9433466.98208972,31872633.20399073,27149.106373124225
9433990.274759732,31874063.079835154,26664.318759318434,0.43553470882895706,9433658.717382772,31873659.72383785,26179.531145512643,9434086.142406257,31874576.33975871,26179.531145512643,9434321.832136692,31874466.435832463,27149.106373124225,9433894.407113208,31873549.8199116,27149.106373124225
9434417.699783219,31874979.69575602,26664.318759318434,0.39041266245242867,9434086.142406257,31874576.33975871,26179.531145512643,9434513.567429744,31875492.955679577,26179.531145512643,9434749.25716018,31875383.051753324,27149.106373124225,9434321.832136692,31874466.435832463,27149.106373124225
9434845.124806704,31875896.311676882,26664.318759318434,0.2521040339733286,9434513.567429744,31875492.955679577,26179.531145512643,9434940.992453229,31876409.571600437,26179.531145512643,9435176.682183664,31876299.667674188,27149.106373124225,9434749.25716018,31875383.051753324,27149.106373124225
9435272.549830187,31876812.927597746,26664.318759318434,0.22702991370300366,9434940.992453229,31876409.571600437,26179.531145512643,9435368.417476714,31877326.1875213,26179.531145512643,9435604.10720715,31877216.28359505,27149.106373124225,9435176.682183664,31876299.667674188,27149.106373124225
9435699.974853672,31877729.54351861,26664.318759318434,0.6036580149105204,9435368.417476714,31877326.1875213,26179.531145512643,9435795.8425002,31878242.80344217,26179.531145512643,9436031.532230636,31878132.899515916,27149.106373124225,9435604.10720715,31877216.28359505,27149.106373124225
9436127.399877159,31878646.159439474,26664.318759318434,0.6497868342601608,9435795.8425002,31878242.80344217,26179.531145512643,9436223.267523685,31879159.41936303,26179.531145512643,9436458.957254121,31879049.51543678,27149.106373124225,9436031.532230636,31878132.899515916,27149.106373124225
9436554.824900646,31879562.775360342,26664.318759318434,0.8530718314939346,9436223.267523685,31879159.41936303,26179.531145512643,9436650.69254717,31880076.035283893,26179.531145512643,9436886.382277608,31879966.131357644,27149.106373124225,9436458.957254121,31879049.51543678,27149.106373124225
9436982.24992413,31880479.3912812,26664.318759318434,0.6056435194434483,9436650.69254717,31880076.035283893,26179.531145512643,9437078.117570655,31880992.65120476,26179.531145512643,9437313.807301093,31880882.747278508,27149.106373124225,9436886.382277608,31879966.131357644,27149.106373124225
9437409.674947616,31881396.007202066,26664.318759318434,0.17336703729773956,9437078.117570655,31880992.65120476,26179.531145512643,9437505.54259414,31881909.26712562,26179.531145512643,9437741.232324578,31881799.36319937,27149.106373124225,9437313.807301093,31880882.747278508,27149.106373124225
9437837.0999711,31882312.623122927,26664.318759318434,0.17258779882570294,9437505.54259414,31881909.26712562,26179.531145512643,9437932.967617627,31882825.883046485,26179.531145512643,9438168.657348065,31882715.979120236,27149.106373124225,9437741.232324578,31881799.36319937,27149.106373124225
9438264.524994588,31883229.23904379,26664.318759318434,0.11521174983210046,9437932.967617627,31882825.883046485,26179.531145512643,9438360.392641112,31883742.49896735,26179.531145512643,9438596.082371548,31883632.595041096,27149.106373124225,9438168.657348065,31882715.979120236,27149.106373124225
9438691.950018074,31884145.854964655,26664.318759318434,0.07058979429759467,9438360.392641112,31883742.49896735,26179.531145512643,9438787.817664599,31884659.114888214,26179.531145512643,9439023.507395035,31884549.210961964,27149.106373124225,9438596.082371548,31883632.595041096,27149.106373124225
9422258.06383257,31848287.930124715,27633.89398693002,3.9475917271035876,9421926.506455611,31847884.57412741,27149.106373124225,9422353.931479096,31848801.190048274,27149.106373124225,9422589.621209532,31848691.286122024,28118.681600735803,9422162.196186047,31847774.670201156,28118.681600735803
9422685.488856057,31849204.546045583,27633.89398693002,4.768401276105998,9422353.931479096,31848801.190048274,27149.106373124225,9422781.356502583,31849717.805969138,27149.106373124225,9423017.046233019,31849607.902042888,28118.681600735803,9422589.621209532,31848691.286122024,28118.681600735803
9423112.913879544,31850121.161966447,27633.89398693002,2.927802801769573,9422781.356502583,31849717.805969138,27149.106373124225,9423208.781526068,31850634.42189,27149.106373124225,9423444.471256504,31850524.51796375,28118.681600735803,9423017.046233019,31849607.902042888,28118.681600735803
9423540.338903027,31851037.777887303,27633.89398693002,3.0409344315746747,9423208.781526068,31850634.42189,27149.106373124225,9423636.206549553,31851551.037810862,27149.106373124225,9423871.896279989,31851441.133884612,28118.681600735803,9423444.471256504,31850524.51796375,28118.681600735803
9423967.763926513,31851954.39380817,27633.89398693002,3.9067510828522694,9423636.206549553,31851551.037810862,27149.106373124225,9424063.631573038,31852467.65373173,27149.106373124225,9424299.321303476,31852357.749805477,28118.681600735803,9423871.896279989,31851441.133884612,28118.681600735803
9424395.188949998,31852871.00972904,27633.89398693002,4.221608677781024,9424063.631573038,31852467.65373173,27149.106373124225,9424491.056596523,31853384.269652594,27149.106373124225,9424726.74632696,31853274.36572634,28118.681600735803,9424299.321303476,31852357.749805477,28118.681600735803
9424822.613973485,31853787.625649896,27633.89398693002,2.2715477701573774,9424491.056596523,31853384.269652594,27149.106373124225,9424918.48162001,31854300.885573454,27149.106373124225,9425154.171350447,31854190.981647205,28118.681600735803,9424726.74632696,31853274.36572634,28118.681600735803
9425250.038996972,31854704.241570763,27633.89398693002,2.014997702956315,9424918.48162001,31854300.885573454,27149.106373124225,9425345.906643495,31855217.501494322,27149.106373124225,9425581.59637393,31855107.59756807,28118.681600735803,9425154.171350447,31854190.981647205,28118.681600735803
9425677.464020457,31855620.85749163,27633.89398693002,0.8093036463584955,9425345.906643495,31855217.501494322,27149.106373124225,9425773.331666982,31856134.117415186,27149.106373124225,9426009.021397417,31856024.213488933,28118.681600735803,9425581.59637393,31855107.59756807,28118.681600735803
9426104.889043942,31856537.473412488,27633.89398693002,0.591877564048511,9425773.331666982,31856134.117415186,27149.106373124225,9426200.756690467,31857050.733336046,27149.106373124225,9426436.446420902,31856940.829409797,28118.681600735803,9426009.021397417,31856024.213488933,28118.681600735803
9426532.314067427,31857454.089333355,27633.89398693002,0.3645450360014743,9426200.756690467,31857050.733336046,27149.106373124225,9426628.181713952,31857967.34925691,27149.106373124225,9426863.871444387,31857857.44533066,28118.681600735803,9426436.446420902,31856940.829409797,28118.681600735803
9426959.739090914,31858370.705254216,27633.89398693002,0.3137574769947832,9426628.181713952,31857967.34925691,27149.106373124225,9427055.606737439,31858883.965177774,27149.106373124225,9427291.296467874,31858774.06125152,28118.681600735803,9426863.871444387,31857857.44533066,28118.681600735803
9427387.164114399,31859287.32117508,27633.89398693002,0.5060250528970011,9427055.606737439,31858883.965177774,27149.106373124225,9427483.031760924,31859800.58109864,27149.106373124225,9427718.72149136,31859690.67717239,28118.681600735803,9427291.296467874,31858774.06125152,28118.681600735803
9427814.589137884,31860203.937095948,27633.89398693002,0.49017492382913375,9427483.031760924,31859800.58109864,27149.106373124225,9427910.45678441,31860717.197019503,27149.106373124225,9428146.146514846,31860607.293093253,28118.681600735803,9427718.72149136,31859690.67717239,28118.681600735803
9428242.014161369,31861120.553016808,27633.89398693002,0.6689641422138785,9427910.45678441,31860717.197019503,27149.106373124225,9428337.881807895,31861633.812940367,27149.106373124225,9428573.571538331,31861523.909014113,28118.681600735803,9428146.146514846,31860607.293093253,28118.681600735803
9428669.439184854,31862037.168937672,27633.89398693002,0.8473278668624238,9428337.881807895,31861633.812940367,27149.106373124225,9428765.30683138,31862550.42886123,27149.106373124225,9429000.996561818,31862440.52493498,28118.681600735803,9428573.571538331,31861523.909014113,28118.681600735803
9429096.86420834,31862953.78485854,27633.89398693002,1.5425623218815352,9428765.30683138,31862550.42886123,27149.106373124225,9429192.731854865,31863467.044782095,27149.106373124225,9429428.421585303,31863357.14085584,28118.681600735803,9429000.996561818,31862440.52493498,28118.681600735803
9429524.289231827,31863870.4007794,27633.89398693002,1.92305066722107,9429192.731854865,31863467.044782095,27149.106373124225,9429620.15687835,31864383.66070296,27149.106373124225,9429855.846608788,31864273.756776705,28118.681600735803,9429428.421585303,31863357.14085584,28118.681600735803
9429951.714255312,31864787.016700264,27633.89398693002,2.1972157990951495,9429620.15687835,31864383.66070296,27149.106373124225,9430047.581901837,31865300.27662382,27149.106373124225,9430283.271632273,31865190.372697573,28118.681600735803,9429855.846608788,31864273.756776705,28118.681600735803
9430379.139278797,31865703.63262113,27633.89398693002,2.6160317179913752,9430047.581901837,31865300.27662382,27149.106373124225,9430475.006925322,31866216.892544687,27149.106373124225,9430710.696655758,31866106.988618433,28118.681600735803,9430283.271632273,31865190.372697573,28118.681600735803
9430806.564302282,31866620.24854199,27633.89398693002,2.8416019842524616,9430475.006925322,31866216.892544687,27149.106373124225,9430902.431948809,31867133.50846555,27149.106373124225,9431138.121679245,31867023.6045393,28118.681600735803,9430710.696655758,31866106.988618433,28118.681600735803
9431233.98932577,31867536.864462856,27633.89398693002,2.085662759734935,9430902.431948809,31867133.50846555,27149.106373124225,9431329.856972294,31868050.12438641,27149.106373124225,9431565.54670273,31867940.220460165,28118.681600735803,9431138.121679245,31867023.6045393,28118.681600735803
9431661.414349256,31868453.480383724,27633.89398693002,1.9745622168117771,9431329.856972294,31868050.12438641,27149.106373124225,9431757.28199578,31868966.74030728,27149.106373124225,9431992.971726216,31868856.836381026,28118.681600735803,9431565.54670273,31867940.220460165,28118.681600735803
9432088.83937274,31869370.09630458,27633.89398693002,0.707335258230263,9431757.28199578,31868966.74030728,27149.106373124225,9432184.707019266,31869883.35622814,27149.106373124225,9432420.396749701,31869773.45230189,28118.681600735803,9431992.971726216,31868856.836381026,28118.681600735803
9432516.264396224,31870286.71222545,27633.89398693002,0.4533266570731205,9432184.707019266,31869883.35622814,27149.106373124225,9432612.13204275,31870799.972149003,27149.106373124225,9432847.821773186,31870690.068222754,28118.681600735803,9432420.396749701,31869773.45230189,28118.681600735803
9432943.68941971,31871203.328146316,27633.89398693002,0.47607172467144543,9432612.13204275,31870799.972149003,27149.106373124225,9433039.557066238,31871716.58806987,27149.106373124225,9433275.246796673,31871606.684143618,28118.681600735803,9432847.821773186,31870690.068222754,28118.681600735803
9433371.114443196,31872119.944067173,27633.89398693002,0.40577343238696717,9433039.557066238,31871716.58806987,27149.106373124225,9433466.98208972,31872633.20399073,27149.106373124225,9433702.671820158,31872523.30006448,28118.681600735803,9433275.246796673,31871606.684143618,28118.681600735803
9433798.539466683,31873036.55998804,27633.89398693002,0.34238488251082555,9433466.98208972,31872633.20399073,27149.106373124225,9433894.407113208,31873549.8199116,27149.106373124225,9434130.096843645,31873439.915985346,28118.681600735803,9433702.671820158,31872523.30006448,28118.681600735803
9434225.964490168,31873953.17590891,27633.89398693002,0.2959674075148585,9433894.407113208,31873549.8199116,27149.106373124225,9434321.832136692,31874466.435832463,27149.106373124225,9434557.52186713,31874356.53190621,28118.681600735803,9434130.096843645,31873439.915985346,28118.681600735803
9434653.389513655,31874869.791829765,27633.89398693002,0.19847963580010536,9434321.832136692,31874466.435832463,27149.106373124225,9434749.25716018,31875383.051753324,27149.106373124225,9434984.946890617,31875273.147827074,28118.681600735803,9434557.52186713,31874356.53190621,28118.681600735803
9435080.814537141,31875786.407750633,27633.89398693002,0.1605216677067924,9434749.25716018,31875383.051753324,27149.106373124225,9435176.682183664,31876299.667674188,27149.106373124225,9435412.3719141,31876189.763747938,28118.681600735803,9434984.946890617,31875273.147827074,28118.681600735803
9435508.239560625,31876703.023671493,27633.89398693002,0.13072905629094173,9435176.682183664,31876299.667674188,27149.106373124225,9435604.10720715,31877216.28359505,27149.106373124225,9435839.796937585,31877106.3796688,28118.681600735803,9435412.3719141,31876189.763747938,28118.681600735803
9435935.664584111,31877619.639592357,27633.89398693002,0.2222192659240708,9435604.10720715,31877216.28359505,27149.106373124225,9436031.532230636,31878132.899515916,27149.106373124225,9436267.221961072,31878022.995589666,28118.681600735803,9435839.796937585,31877106.3796688,28118.681600735803
9436363.089607596,31878536.255513225,27633.89398693002,0.18434540155289628,9436031.532230636,31878132.899515916,27149.106373124225,9436458.957254121,31879049.51543678,27149.106373124225,9436694.646984557,31878939.61151053,28118.681600735803,9436267.221961072,31878022.995589666,28118.681600735803
9436790.514631081,31879452.871434085,27633.89398693002,0.25749459081831644,9436458.957254121,31879049.51543678,27149.106373124225,9436886.382277608,31879966.131357644,27149.106373124225,9437122.072008044,31879856.22743139,28118.681600735803,9436694.646984557,31878939.61151053,28118.681600735803
9437217.939654568,31880369.48735495,27633.89398693002,0.24690463812482907,9436886.382277608,31879966.131357644,27149.106373124225,9437313.807301093,31880882.747278508,27149.106373124225,9437549.497031529,31880772.84335226,28118.681600735803,9437122.072008044,31879856.22743139,28118.681600735803
9437645.364678051,31881286.103275817,27633.89398693002,0.16663474646669413,9437313.807301093,31880882.747278508,27149.106373124225,9437741.232324578,31881799.36319937,27149.106373124225,9437976.922055013,31881689.45927312,28118.681600735803,9437549.497031529,31880772.84335226,28118.681600735803
9438072.789701538,31882202.719196673,27633.89398693002,0.1266479803044425,9437741.232324578,31881799.36319937,27149.106373124225,9438168.657348065,31882715.979120236,27149.106373124225,9438404.3470785,31882606.075193983,28118.681600735803,9437976.922055013,31881689.45927312,28118.681600735803
9438500.214725023,31883119.33511754,27633.89398693002,0.08026590744759862,9438168.657348065,31882715.979120236,27149.106373124225,9438596.082371548,31883632.595041096,27149.106373124225,9438831.772101985,31883522.69111485,28118.681600735803,9438404.3470785,31882606.075193983,28118.681600735803
9438927.63974851,31884035.95103841,27633.89398693002,0.0428982723411999,9438596.082371548,31883632.595041096,27149.106373124225,9439023.507395035,31884549.210961964,27149.106373124225,9439259.197125472,31884439.30703571,28118.681600735803,9438831.772101985,31883522.69111485,28118.681600735803
9422493.753563005,31848178.026198465,28603.469214541594,8.488233047924908,9422162.196186047,31847774.670201156,28118.681600735803,9422589.621209532,31848691.286122024,28118.681600735803,9422825.310939964,31848581.38219577,29088.256828347385,9422397.88591648,31847664.76627491,29088.256828347385
9422921.178586492,31849094.64211933,28603.469214541594,4.130395145424139,9422589.621209532,31848691.286122024,28118.681600735803,9423017.046233019,31849607.902042888,28118.681600735803,9423252.73596345,31849497.998116635,29088.256828347385,9422825.310939964,31848581.38219577,29088.256828347385
9423348.60360998,31850011.25804019,28603.469214541594,3.3648790878692703,9423017.046233019,31849607.902042888,28118.681600735803,9423444.471256504,31850524.51796375,28118.681600735803,9423680.160986936,31850414.614037503,29088.256828347385,9423252.73596345,31849497.998116635,29088.256828347385
9423776.028633464,31850927.873961058,28603.469214541594,3.7179852355493543,9423444.471256504,31850524.51796375,28118.681600735803,9423871.896279989,31851441.133884612,28118.681600735803,9424107.58601042,31851331.229958363,29088.256828347385,9423680.160986936,31850414.614037503,29088.256828347385
9424203.453656947,31851844.48988192,28603.469214541594,4.023114440861164,9423871.896279989,31851441.133884612,28118.681600735803,9424299.321303476,31852357.749805477,28118.681600735803,9424535.011033908,31852247.845879227,29088.256828347385,9424107.58601042,31851331.229958363,29088.256828347385
9424630.878680432,31852761.105802782,28603.469214541594,4.998163701765898,9424299.321303476,31852357.749805477,28118.681600735803,9424726.74632696,31853274.36572634,28118.681600735803,9424962.436057393,31853164.46180009,29088.256828347385,9424535.011033908,31852247.845879227,29088.256828347385
9425058.303703919,31853677.72172365,28603.469214541594,4.9610756828780405,9424726.74632696,31853274.36572634,28118.681600735803,9425154.171350447,31854190.981647205,28118.681600735803,9425389.86108088,31854081.077720955,29088.256828347385,9424962.436057393,31853164.46180009,29088.256828347385
9425485.728727406,31854594.337644514,28603.469214541594,2.234004791044457,9425154.171350447,31854190.981647205,28118.681600735803,9425581.59637393,31855107.59756807,28118.681600735803,9425817.286104364,31854997.69364182,29088.256828347385,9425389.86108088,31854081.077720955,29088.256828347385
9425913.15375089,31855510.953565374,28603.469214541594,0.9895536892240058,9425581.59637393,31855107.59756807,28118.681600735803,9426009.021397417,31856024.213488933,28118.681600735803,9426244.711127851,31855914.309562683,29088.256828347385,9425817.286104364,31854997.69364182,29088.256828347385
9426340.578774378,31856427.56948624,28603.469214541594,0.6562065111821452,9426009.021397417,31856024.213488933,28118.681600735803,9426436.446420902,31856940.829409797,28118.681600735803,9426672.136151336,31856830.925483547,29088.256828347385,9426244.711127851,31855914.309562683,29088.256828347385
9426768.00379786,31857344.185407106,28603.469214541594,0.22036896846398357,9426436.446420902,31856940.829409797,28118.681600735803,9426863.871444387,31857857.44533066,28118.681600735803,9427099.561174821,31857747.541404407,29088.256828347385,9426672.136151336,31856830.925483547,29088.256828347385
9427195.428821348,31858260.801327962,28603.469214541594,0.31173372137975136,9426863.871444387,31857857.44533066,28118.681600735803,9427291.296467874,31858774.06125152,28118.681600735803,9427526.986198306,31858664.157325275,29088.256828347385,9427099.561174821,31857747.541404407,29088.256828347385
9427622.853844834,31859177.417248834,28603.469214541594,0.504873026538898,9427291.296467874,31858774.06125152,28118.681600735803,9427718.72149136,31859690.67717239,28118.681600735803,9427954.411221791,31859580.77324614,29088.256828347385,9427526.986198306,31858664.157325275,29088.256828347385
9428050.27886832,31860094.033169698,28603.469214541594,0.5752992087645074,9427718.72149136,31859690.67717239,28118.681600735803,9428146.146514846,31860607.293093253,28118.681600735803,9428381.836245278,31860497.389167003,29088.256828347385,9427954.411221791,31859580.77324614,29088.256828347385
9428477.703891806,31861010.649090555,28603.469214541594,0.7904045967782533,9428146.146514846,31860607.293093253,28118.681600735803,9428573.571538331,31861523.909014113,28118.681600735803,9428809.261268763,31861414.005087867,29088.256828347385,9428381.836245278,31860497.389167003,29088.256828347385
9428905.12891529,31861927.265011422,28603.469214541594,1.78218284934504,9428573.571538331,31861523.909014113,28118.681600735803,9429000.996561818,31862440.52493498,28118.681600735803,9429236.68629225,31862330.62100873,29088.256828347385,9428809.261268763,31861414.005087867,29088.256828347385
9429332.553938776,31862843.88093229,28603.469214541594,2.2549412924910412,9429000.996561818,31862440.52493498,28118.681600735803,9429428.421585303,31863357.14085584,28118.681600735803,9429664.111315735,31863247.236929595,29088.256828347385,9429236.68629225,31862330.62100873,29088.256828347385
9429759.978962261,31863760.49685315,28603.469214541594,3.149459739002519,9429428.421585303,31863357.14085584,28118.681600735803,9429855.846608788,31864273.756776705,28118.681600735803,9430091.536339222,31864163.852850456,29088.256828347385,9429664.111315735,31863247.236929595,29088.256828347385
9430187.403985746,31864677.112774014,28603.469214541594,4.167849479780031,9429855.846608788,31864273.756776705,28118.681600735803,9430283.271632273,31865190.372697573,28118.681600735803,9430518.961362706,31865080.46877132,29088.256828347385,9430091.536339222,31864163.852850456,29088.256828347385
9430614.829009233,31865593.728694875,28603.469214541594,2.187312665710529,9430283.271632273,31865190.372697573,28118.681600735803,9430710.696655758,31866106.988618433,28118.681600735803,9430946.386386191,31865997.084692188,29088.256828347385,9430518.961362706,31865080.46877132,29088.256828347385
9431042.254032718,31866510.344615743,28603.469214541594,1.5414483789168358,9430710.696655758,31866106.988618433,28118.681600735803,9431138.121679245,31867023.6045393,28118.681600735803,9431373.811409678,31866913.70061305,29088.256828347385,9430946.386386191,31865997.084692188,29088.256828347385
9431469.679056205,31867426.960536607,28603.469214541594,1.4138133842864566,9431138.121679245,31867023.6045393,28118.681600735803,9431565.54670273,31867940.220460165,28118.681600735803,9431801.236433163,31867830.316533912,29088.256828347385,9431373.811409678,31866913.70061305,29088.256828347385
9431897.10407969,31868343.576457474,28603.469214541594,0.902778577451394,9431565.54670273,31867940.220460165,28118.681600735803,9431992.971726216,31868856.836381026,28118.681600735803,9432228.66145665,31868746.93245478,29088.256828347385,9431801.236433163,31867830.316533912,29088.256828347385
9432324.529103175,31869260.192378335,28603.469214541594,0.3395926568829952,9431992.971726216,31868856.836381026,28118.681600735803,9432420.396749701,31869773.45230189,28118.681600735803,9432656.086480133,31869663.54837564,29088.256828347385,9432228.66145665,31868746.93245478,29088.256828347385
9432751.954126662,31870176.8082992,28603.469214541594,0.518505451600558,9432420.396749701,31869773.45230189,28118.681600735803,9432847.821773186,31870690.068222754,28118.681600735803,9433083.51150362,31870580.164296504,29088.256828347385,9432656.086480133,31869663.54837564,29088.256828347385
9433179.379150148,31871093.42422006,28603.469214541594,0.23761283151995702,9432847.821773186,31870690.068222754,28118.681600735803,9433275.246796673,31871606.684143618,28118.681600735803,9433510.936527105,31871496.78021737,29088.256828347385,9433083.51150362,31870580.164296504,29088.256828347385
9433606.804173633,31872010.040140927,28603.469214541594,0.4404605832610946,9433275.246796673,31871606.684143618,28118.681600735803,9433702.671820158,31872523.30006448,28118.681600735803,9433938.361550592,31872413.396138232,29088.256828347385,9433510.936527105,31871496.78021737,29088.256828347385
9434034.229197117,31872926.65606179,28603.469214541594,0.43328901355080734,9433702.671820158,31872523.30006448,28118.681600735803,9434130.096843645,31873439.915985346,28118.681600735803,9434365.786574077,31873330.012059096,29088.256828347385,9433938.361550592,31872413.396138232,29088.256828347385
9434461.654220603,31873843.27198265,28603.469214541594,0.3550076882557212,9434130.096843645,31873439.915985346,28118.681600735803,9434557.52186713,31874356.53190621,28118.681600735803,9434793.211597564,31874246.62797996,29088.256828347385,9434365.786574077,31873330.012059096,29088.256828347385
9434889.07924409,31874759.88790352,28603.469214541594,0.20331172967792718,9434557.52186713,31874356.53190621,28118.681600735803,9434984.946890617,31875273.147827074,28118.681600735803,9435220.636621049,31875163.243900824,29088.256828347385,9434793.211597564,31874246.62797996,29088.256828347385
9435316.504267575,31875676.503824383,28603.469214541594,0.12536594306513524,9434984.946890617,31875273.147827074,28118.681600735803,9435412.3719141,31876189.763747938,28118.681600735803,9435648.061644534,31876079.859821685,29088.256828347385,9435220.636621049,31875163.243900824,29088.256828347385
9435743.92929106,31876593.11974524,28603.469214541594,0.07325605699483202,9435412.3719141,31876189.763747938,28118.681600735803,9435839.796937585,31877106.3796688,28118.681600735803,9436075.48666802,31876996.475742552,29088.256828347385,9435648.061644534,31876079.859821685,29088.256828347385
9436171.354314545,31877509.735666107,28603.469214541594,0.05688302430433999,9435839.796937585,31877106.3796688,28118.681600735803,9436267.221961072,31878022.995589666,28118.681600735803,9436502.911691505,31877913.091663416,29088.256828347385,9436075.48666802,31876996.475742552,29088.256828347385
9436598.779338032,31878426.351586975,28603.469214541594,0.07861820069703152,9436267.221961072,31878022.995589666,28118.681600735803,9436694.646984557,31878939.61151053,28118.681600735803,9436930.336714992,31878829.707584277,29088.256828347385,9436502.911691505,31877913.091663416,29088.256828347385
9437026.204361519,31879342.96750783,28603.469214541594,0.0712905700082433,9436694.646984557,31878939.61151053,28118.681600735803,9437122.072008044,31879856.22743139,28118.681600735803,9437357.761738475,31879746.323505145,29088.256828347385,9436930.336714992,31878829.707584277,29088.256828347385
9437453.629385004,31880259.583428703,28603.469214541594,0.09556421198381203,9437122.072008044,31879856.22743139,28118.681600735803,9437549.497031529,31880772.84335226,28118.681600735803,9437785.186761962,31880662.93942601,29088.256828347385,9437357.761738475,31879746.323505145,29088.256828347385
9437881.054408489,31881176.19934956,28603.469214541594,0.11180915691820227,9437549.497031529,31880772.84335226,28118.681600735803,9437976.922055013,31881689.45927312,28118.681600735803,9438212.611785447,31881579.55534687,29088.256828347385,9437785.186761962,31880662.93942601,29088.256828347385
9438308.479431974,31882092.815270424,28603.469214541594,0.14387298772485624,9437976.922055013,31881689.45927312,28118.681600735803,9438404.3470785,31882606.075193983,28118.681600735803,9438640.036808932,31882496.171267737,29088.256828347385,9438212.611785447,31881579.55534687,29088.256828347385
9438735.904455459,31883009.43119129,28603.469214541594,0.1672009712181088,9438404.3470785,31882606.075193983,28118.681600735803,9438831.772101985,31883522.69111485,28118.681600735803,9439067.461832419,31883412.787188597,29088.256828347385,9438640.036808932,31882496.171267737,29088.256828347385
9439163.329478946,31883926.04711216,28603.469214541594,0.1230612509687813,9438831.772101985,31883522.69111485,28118.681600735803,9439259.197125472,31884439.30703571,28118.681600735803,9439494.886855904,31884329.40310946,29088.256828347385,9439067.461832419,31883412.787188597,29088.256828347385
9422729.44329344,31848068.122272216,29573.044442153176,3.825710903684995,9422397.88591648,31847664.76627491,29088.256828347385,9422825.310939964,31848581.38219577,29088.256828347385,9423061.000670401,31848471.47826952,30057.832055958967,9422633.575646916,31847554.862348657,30057.832055958967
9423156.868316926,31848984.73819308,29573.044442153176,2.5902053701663323,9422825.310939964,31848581.38219577,29088.256828347385,9423252.73596345,31849497.998116635,29088.256828347385,9423488.425693888,31849388.094190385,30057.832055958967,9423061.000670401,31848471.47826952,30057.832055958967
9423584.293340413,31849901.35411394,29573.044442153176,3.015956958556677,9423252.73596345,31849497.998116635,29088.256828347385,9423680.160986936,31850414.614037503,29088.256828347385,9423915.850717373,31850304.71011125,30057.832055958967,9423488.425693888,31849388.094190385,30057.832055958967
9424011.718363898,31850817.970034808,29573.044442153176,3.0747921598639323,9423680.160986936,31850414.614037503,29088.256828347385,9424107.58601042,31851331.229958363,29088.256828347385,9424343.275740858,31851221.32603211,30057.832055958967,9423915.850717373,31850304.71011125,30057.832055958967
9424439.143387383,31851734.585955672,29573.044442153176,3.7785504562453784,9424107.58601042,31851331.229958363,29088.256828347385,9424535.011033908,31852247.845879227,29088.256828347385,9424770.700764343,31852137.941952977,30057.832055958967,9424343.275740858,31851221.32603211,30057.832055958967
9424866.568410868,31852651.201876532,29573.044442153176,6.022576376526773,9424535.011033908,31852247.845879227,29088.256828347385,9424962.436057393,31853164.46180009,29088.256828347385,9425198.12578783,31853054.55787384,30057.832055958967,9424770.700764343,31852137.941952977,30057.832055958967
9425293.993434355,31853567.817797396,29573.044442153176,7.4329842667711,9424962.436057393,31853164.46180009,29088.256828347385,9425389.86108088,31854081.077720955,29088.256828347385,9425625.550811315,31853971.173794705,30057.832055958967,9425198.12578783,31853054.55787384,30057.832055958967
9425721.418457842,31854484.433718264,29573.044442153176,3.25158742617938,9425389.86108088,31854081.077720955,29088.256828347385,9425817.286104364,31854997.69364182,29088.256828347385,9426052.975834802,31854887.78971557,30057.832055958967,9425625.550811315,31853971.173794705,30057.832055958967
9426148.843481325,31855401.049639124,29573.044442153176,1.4215819871010642,9425817.286104364,31854997.69364182,29088.256828347385,9426244.711127851,31855914.309562683,29088.256828347385,9426480.400858287,31855804.405636434,30057.832055958967,9426052.975834802,31854887.78971557,30057.832055958967
9426576.26850481,31856317.665559992,29573.044442153176,1.2209072058216102,9426244.711127851,31855914.309562683,29088.256828347385,9426672.136151336,31856830.925483547,29088.256828347385,9426907.825881772,31856721.021557298,30057.832055958967,9426480.400858287,31855804.405636434,30057.832055958967
9427003.693528295,31857234.281480853,29573.044442153176,1.0473325878994237,9426672.136151336,31856830.925483547,29088.256828347385,9427099.561174821,31857747.541404407,29088.256828347385,9427335.250905259,31857637.637478158,30057.832055958967,9426907.825881772,31856721.021557298,30057.832055958967
9427431.118551781,31858150.897401717,29573.044442153176,0.9904127396034372,9427099.561174821,31857747.541404407,29088.256828347385,9427526.986198306,31858664.157325275,29088.256828347385,9427762.675928744,31858554.253399022,30057.832055958967,9427335.250905259,31857637.637478158,30057.832055958967
9427858.543575268,31859067.51332258,29573.044442153176,1.0018385511949617,9427526.986198306,31858664.157325275,29088.256828347385,9427954.411221791,31859580.77324614,29088.256828347385,9428190.10095223,31859470.86931989,30057.832055958967,9427762.675928744,31858554.253399022,30057.832055958967
9428285.968598753,31859984.12924345,29573.044442153176,1.975291088581611,9427954.411221791,31859580.77324614,29088.256828347385,9428381.836245278,31860497.389167003,29088.256828347385,9428617.525975715,31860387.48524075,30057.832055958967,9428190.10095223,31859470.86931989,30057.832055958967
9428713.39362224,31860900.74516431,29573.044442153176,1.7586754085362934,9428381.836245278,31860497.389167003,29088.256828347385,9428809.261268763,31861414.005087867,29088.256828347385,9429044.950999202,31861304.101161614,30057.832055958967,9428617.525975715,31860387.48524075,30057.832055958967
9429140.818645725,31861817.361085173,29573.044442153176,2.96844541934562,9428809.261268763,31861414.005087867,29088.256828347385,9429236.68629225,31862330.62100873,29088.256828347385,9429472.376022685,31862220.71708248,30057.832055958967,9429044.950999202,31861304.101161614,30057.832055958967
9429568.24366921,31862733.977006037,29573.044442153176,2.4285455578413093,9429236.68629225,31862330.62100873,29088.256828347385,9429664.111315735,31863247.236929595,29088.256828347385,9429899.80104617,31863137.333003342,30057.832055958967,9429472.376022685,31862220.71708248,30057.832055958967
9429995.668692697,31863650.5929269,29573.044442153176,2.986884176181306,9429664.111315735,31863247.236929595,29088.256828347385,9430091.536339222,31864163.852850456,29088.256828347385,9430327.226069657,31864053.948924206,30057.832055958967,9429899.80104617,31863137.333003342,30057.832055958967
9430423.093716182,31864567.208847765,29573.044442153176,3.093557298207906,9430091.536339222,31864163.852850456,29088.256828347385,9430518.961362706,31865080.46877132,29088.256828347385,9430754.651093142,31864970.56484507,30057.832055958967,9430327.226069657,31864053.948924206,30057.832055958967
9430850.518739667,31865483.824768625,29573.044442153176,3.1228272046223355,9430518.961362706,31865080.46877132,29088.256828347385,9430946.386386191,31865997.084692188,29088.256828347385,9431182.076116629,31865887.180765934,30057.832055958967,9430754.651093142,31864970.56484507,30057.832055958967
9431277.943763152,31866400.440689493,29573.044442153176,1.428503974959592,9430946.386386191,31865997.084692188,29088.256828347385,9431373.811409678,31866913.70061305,29088.256828347385,9431609.501140114,31866803.7966868,30057.832055958967,9431182.076116629,31865887.180765934,30057.832055958967
9431705.368786639,31867317.056610357,29573.044442153176,0.940777199911502,9431373.811409678,31866913.70061305,29088.256828347385,9431801.236433163,31867830.316533912,29088.256828347385,9432036.9261636,31867720.412607662,30057.832055958967,9431609.501140114,31866803.7966868,30057.832055958967
9432132.793810124,31868233.67253122,29573.044442153176,0.9793092441970114,9431801.236433163,31867830.316533912,29088.256828347385,9432228.66145665,31868746.93245478,29088.256828347385,9432464.351187086,31868637.028528526,30057.832055958967,9432036.9261636,31867720.412607662,30057.832055958967
9432560.218833609,31869150.288452085,29573.044442153176,0.7207796718057273,9432228.66145665,31868746.93245478,29088.256828347385,9432656.086480133,31869663.54837564,29088.256828347385,9432891.77621057,31869553.644449387,30057.832055958967,9432464.351187086,31868637.028528526,30057.832055958967
9432987.643857095,31870066.90437295,29573.044442153176,0.5746424193213048,9432656.086480133,31869663.54837564,29088.256828347385,9433083.51150362,31870580.164296504,29088.256828347385,9433319.201234058,31870470.260370255,30057.832055958967,9432891.77621057,31869553.644449387,30057.832055958967
9433415.068880582,31870983.52029381,29573.044442153176,0.37369414404765244,9433083.51150362,31870580.164296504,29088.256828347385,9433510.936527105,31871496.78021737,29088.256828347385,9433746.626257543,31871386.87629112,30057.832055958967,9433319.201234058,31870470.260370255,30057.832055958967
9433842.493904067,31871900.136214677,29573.044442153176,0.2444109114945822,9433510.936527105,31871496.78021737,29088.256828347385,9433938.361550592,31872413.396138232,29088.256828347385,9434174.051281027,31872303.49221198,30057.832055958967,9433746.626257543,31871386.87629112,30057.832055958967
9434269.918927552,31872816.75213554,29573.044442153176,0.35153735206142317,9433938.361550592,31872413.396138232,29088.256828347385,9434365.786574077,31873330.012059096,29088.256828347385,9434601.476304512,31873220.108132847,30057.832055958967,9434174.051281027,31872303.49221198,30057.832055958967
9434697.343951037,31873733.3680564,29573.044442153176,0.6981102701800039,9434365.786574077,31873330.012059096,29088.256828347385,9434793.211597564,31874246.62797996,29088.256828347385,9435028.901328,31874136.72405371,30057.832055958967,9434601.476304512,31873220.108132847,30057.832055958967
9435124.768974524,31874649.983977266,29573.044442153176,0.26806547839517225,9434793.211597564,31874246.62797996,29088.256828347385,9435220.636621049,31875163.243900824,29088.256828347385,9435456.326351484,31875053.33997457,30057.832055958967,9435028.901328,31874136.72405371,30057.832055958967
9435552.193998009,31875566.599898133,29573.044442153176,0.18332460140550735,9435220.636621049,31875163.243900824,29088.256828347385,9435648.061644534,31876079.859821685,29088.256828347385,9435883.75137497,31875969.95589544,30057.832055958967,9435456.326351484,31875053.33997457,30057.832055958967
9435979.619021494,31876483.215818994,29573.044442153176,0.06777819179405742,9435648.061644534,31876079.859821685,29088.256828347385,9436075.48666802,31876996.475742552,29088.256828347385,9436311.176398456,31876886.5718163,30057.832055958967,9435883.75137497,31875969.95589544,30057.832055958967
9436407.044044979,31877399.831739858,29573.044442153176,0.02987447856869138,9436075.48666802,31876996.475742552,29088.256828347385,9436502.911691505,31877913.091663416,29088.256828347385,9436738.601421941,31877803.187737163,30057.832055958967,9436311.176398456,31876886.5718163,30057.832055958967
9436834.469068464,31878316.447660718,29573.044442153176,0.07674731657377855,9436502.911691505,31877913.091663416,29088.256828347385,9436930.336714992,31878829.707584277,29088.256828347385,9437166.026445428,31878719.80365803,30057.832055958967,9436738.601421941,31877803.187737163,30057.832055958967
9437261.89409195,31879233.063581586,29573.044442153176,0.06873547735188797,9436930.336714992,31878829.707584277,29088.256828347385,9437357.761738475,31879746.323505145,29088.256828347385,9437593.451468913,31879636.41957889,30057.832055958967,9437166.026445428,31878719.80365803,30057.832055958967
9437689.319115438,31880149.67950245,29573.044442153176,0.12957326158490576,9437357.761738475,31879746.323505145,29088.256828347385,9437785.186761962,31880662.93942601,29088.256828347385,9438020.8764924,31880553.03549976,30057.832055958967,9437593.451468913,31879636.41957889,30057.832055958967
9438116.744138923,31881066.295423314,29573.044442153176,0.14411603618297603,9437785.186761962,31880662.93942601,29088.256828347385,9438212.611785447,31881579.55534687,29088.256828347385,9438448.301515885,31881469.65142062,30057.832055958967,9438020.8764924,31880553.03549976,30057.832055958967
9438544.169162408,31881982.911344178,29573.044442153176,0.13161371347103168,9438212.611785447,31881579.55534687,29088.256828347385,9438640.036808932,31882496.171267737,29088.256828347385,9438875.72653937,31882386.267341483,30057.832055958967,9438448.301515885,31881469.65142062,30057.832055958967
9438971.594185892,31882899.527265042,29573.044442153176,0.14396460995112914,9438640.036808932,31882496.171267737,29088.256828347385,9439067.461832419,31883412.787188597,29088.256828347385,9439303.151562855,31883302.883262347,30057.832055958967,9438875.72653937,31882386.267341483,30057.832055958967
9439399.01920938,31883816.143185906,29573.044442153176,0.08237699378852915,9439067.461832419,31883412.787188597,29088.256828347385,9439494.886855904,31884329.40310946,29088.256828347385,9439730.57658634,31884219.49918321,30057.832055958967,9439303.151562855,31883302.883262347,30057.832055958967
