clon,clat,cdep,slip,lon1,lat1,dep1,lon2,lat2,dep2,lon3,lat3,dep3,lon4,lat4,dep4
1564720.013637731,5299076.316939803,484.591441761976,0.7094510525601407,1564386.273081299,5298667.645462113,1.0,1564818.5498577515,5299594.666000792,1.0,1565053.754194163,5299484.988417493,968.182883523952,1564621.4774177105,5298557.967878814,968.182883523952
1565152.2904141836,5300003.337478481,484.591441761976,0.47338088480480667,1564818.5498577515,5299594.666000792,1.0,1565250.8266342045,5300521.68653947,1.0,1565486.0309706158,5300412.008956172,968.182883523952,1565053.754194163,5299484.988417493,968.182883523952
1565584.5671906366,5300930.35801716,484.591441761976,0.1352070638856957,1565250.8266342045,5300521.68653947,1.0,1565683.1034106573,5301448.707078149,1.0,1565918.3077470686,5301339.029494849,968.182883523952,1565486.0309706158,5300412.008956172,968.182883523952
1566016.8439670894,5301857.378555838,484.591441761976,0.2606005302262798,1565683.1034106573,5301448.707078149,1.0,1566115.38018711,5302375.727616828,1.0,1566350.5845235214,5302266.050033527,968.182883523952,1565918.3077470686,5301339.029494849,968.182883523952
1566449.1207435422,5302784.399094516,484.591441761976,0.38807103845297725,1566115.38018711,5302375.727616828,1.0,1566547.6569635628,5303302.748155506,1.0,1566782.8612999741,5303193.070572206,968.182883523952,1566350.5845235214,5302266.050033527,968.182883523952
1566881.397519995,5303711.419633195,484.591441761976,0.5685596456173101,1566547.6569635628,5303302.748155506,1.0,1566979.9337400154,5304229.768694185,1.0,1567215.138076427,5304120.091110884,968.182883523952,1566782.8612999741,5303193.070572206,968.182883523952
1567313.6742964475,5304638.440171874,484.591441761976,0.9333252145341081,1566979.9337400154,5304229.768694185,1.0,1567412.2105164682,5305156.789232863,1.0,1567647.4148528795,5305047.111649564,968.182883523952,1567215.138076427,5304120.091110884,968.182883523952
1567745.9510729,5305565.4607105525,484.591441761976,0.767549329339722,1567412.2105164682,5305156.789232863,1.0,1567844.487292921,5306083.8097715415,1.0,1568079.6916293323,5305974.132188242,968.182883523952,1567647.4148528795,5305047.111649564,968.182883523952
1568178.227849353,5306492.481249231,484.591441761976,0.9728626362919257,1567844.487292921,5306083.8097715415,1.0,1568276.7640693737,5307010.830310221,1.0,1568511.9684057853,5306901.15272692,968.182883523952,1568079.6916293323,5305974.132188242,968.182883523952
1568610.504625806,5307419.50178791,484.591441761976,0.32731489291556654,1568276.7640693737,5307010.830310221,1.0,1568709.0408458265,5307937.850848899,1.0,1568944.2451822378,5307828.173265599,968.182883523952,1568511.9684057853,5306901.15272692,968.182883523952
1569042.7814022584,5308346.522326589,484.591441761976,0.35607565218739706,1568709.0408458265,5307937.850848899,1.0,1569141.317622279,5308864.871387578,1.0,1569376.5219586906,5308755.193804277,968.182883523952,1568944.2451822378,5307828.173265599,968.182883523952
1569475.0581787112,5309273.542865267,484.591441761976,0.9378014643260184,1569141.317622279,5308864.871387578,1.0,1569573.594398732,5309791.891926256,1.0,1569808.7987351434,5309682.214342956,968.182883523952,1569376.5219586906,5308755.193804277,968.182883523952
1569907.334955164,5310200.563403945,484.591441761976,1.9920482775779522,1569573.594398732,5309791.891926256,1.0,1570005.8711751846,5310718.912464934,1.0,1570241.0755115962,5310609.234881635,968.182883523952,1569808.7987351434,5309682.214342956,968.182883523952
1570339.6117316168,5311127.583942624,484.591441761976,1.949290773272975,1570005.8711751846,5310718.912464934,1.0,1570438.1479516376,5311645.933003613,1.0,1570673.3522880487,5311536.255420313,968.182883523952,1570241.0755115962,5310609.234881635,968.182883523952
1570771.8885080696,5312054.604481302,484.591441761976,1.5827300509850846,1570438.1479516376,5311645.933003613,1.0,1570870.4247280902,5312572.953542291,1.0,1571105.6290645017,5312463.275958992,968.182883523952,1570673.3522880487,5311536.255420313,968.182883523952
1571204.1652845223,5312981.625019981,484.591441761976,1.5150432851785898,1570870.4247280902,5312572.953542291,1.0,1571302.701504543,5313499.97408097,1.0,1571537.9058409545,5313390.29649767,968.182883523952,1571105.6290645017,5312463.275958992,968.182883523952
1571636.4420609751,5313908.645558658,484.591441761976,1.8807564899695932,1571302.701504543,5313499.97408097,1.0,1571734.9782809955,5314426.994619648,1.0,1571970.182617407,5314317.317036348,968.182883523952,1571537.9058409545,5313390.29649767,968.182883523952
1572068.7188374277,5314835.666097336,484.591441761976,0.527627736606109,1571734.9782809955,5314426.994619648,1.0,1572167.2550574485,5315354.015158326,1.0,1572402.45939386,5315244.337575026,968.182883523952,1571970.182617407,5314317.317036348,968.182883523952
1572500.9956138807,5315762.686636016,484.591441761976,0.08204264365283903,1572167.2550574485,5315354.015158326,1.0,1572599.5318339013,5316281.035697006,1.0,1572834.7361703126,5316171.358113705,968.182883523952,1572402.45939386,5315244.337575026,968.182883523952
1572933.2723903335,5316689.707174695,484.591441761976,0.23093613342946784,1572599.5318339013,5316281.035697006,1.0,1573031.808610354,5317208.056235684,1.0,1573267.0129467656,5317098.378652384,968.182883523952,1572834.7361703126,5316171.358113705,968.182883523952
1573365.5491667865,5317616.7277133735,484.591441761976,0.056690395253062534,1573031.808610354,5317208.056235684,1.0,1573464.0853868069,5318135.0767743625,1.0,1573699.2897232182,5318025.399191062,968.182883523952,1573267.0129467656,5317098.378652384,968.182883523952
1573797.8259432388,5318543.748252052,484.591441761976,0.012374688918335203,1573464.0853868069,5318135.0767743625,1.0,1573896.3621632594,5319062.097313041,1.0,1574131.566499671,5318952.41972974,968.182883523952,1573699.2897232182,5318025.399191062,968.182883523952
1574230.1027196916,5319470.76879073,484.591441761976,0.015924802848529734,1573896.3621632594,5319062.097313041,1.0,1574328.6389397122,5319989.117851719,1.0,1574563.8432761237,5319879.440268419,968.182883523952,1574131.566499671,5318952.41972974,968.182883523952
1574662.3794961441,5320397.789329409,484.591441761976,0.09217950865771161,1574328.6389397122,5319989.117851719,1.0,1574760.915716165,5320916.138390398,1.0,1574996.1200525765,5320806.460807098,968.182883523952,1574563.8432761237,5319879.440268419,968.182883523952
1575094.6562725971,5321324.809868087,484.591441761976,0.18012221539695297,1574760.915716165,5320916.138390398,1.0,1575193.1924926178,5321843.158929076,1.0,1575428.3968290293,5321733.4813457765,968.182883523952,1574996.1200525765,5320806.460807098,968.182883523952
1575526.93304905,5322251.830406765,484.591441761976,1.0745800176482627,1575193.1924926178,5321843.158929076,1.0,1575625.4692690705,5322770.179467755,1.0,1575860.6736054819,5322660.501884455,968.182883523952,1575428.3968290293,5321733.4813457765,968.182883523952
1575959.2098255025,5323178.850945444,484.591441761976,1.2362152348843416,1575625.4692690705,5322770.179467755,1.0,1576057.7460455233,5323697.200006434,1.0,1576292.9503819349,5323587.522423133,968.182883523952,1575860.6736054819,5322660.501884455,968.182883523952
1576391.4866019555,5324105.871484122,484.591441761976,0.9243493993543599,1576057.7460455233,5323697.200006434,1.0,1576490.022821976,5324624.220545112,1.0,1576725.2271583874,5324514.542961812,968.182883523952,1576292.9503819349,5323587.522423133,968.182883523952
1564955.2179741426,5298966.639356503,1451.774325285928,0.9788685891505728,1564621.4774177105,5298557.967878814,968.182883523952,1565053.754194163,5299484.988417493,968.182883523952,1565288.9585305746,5299375.310834193,1935.3657670479038,1564856.6817541218,5298448.290295514,1935.3657670479038
1565387.4947505952,5299893.659895183,1451.774325285928,0.8381308323389816,1565053.754194163,5299484.988417493,968.182883523952,1565486.0309706158,5300412.008956172,968.182883523952,1565721.2353070271,5300302.331372871,1935.3657670479038,1565288.9585305746,5299375.310834193,1935.3657670479038
1565819.7715270477,5300820.680433861,1451.774325285928,0.38850429428189776,1565486.0309706158,5300412.008956172,968.182883523952,1565918.3077470686,5301339.029494849,968.182883523952,1566153.5120834801,5301229.351911549,1935.3657670479038,1565721.2353070271,5300302.331372871,1935.3657670479038
1566252.048303501,5301747.700972539,1451.774325285928,0.4125484509861521,1565918.3077470686,5301339.029494849,968.182883523952,1566350.5845235214,5302266.050033527,968.182883523952,1566585.7888599327,5302156.372450229,1935.3657670479038,1566153.5120834801,5301229.351911549,1935.3657670479038
1566684.3250799535,5302674.721511217,1451.774325285928,0.5853711599251908,1566350.5845235214,5302266.050033527,968.182883523952,1566782.8612999741,5303193.070572206,968.182883523952,1567018.0656363857,5303083.392988907,1935.3657670479038,1566585.7888599327,5302156.372450229,1935.3657670479038
1567116.601856406,5303601.742049895,1451.774325285928,1.7776299358644556,1566782.8612999741,5303193.070572206,968.182883523952,1567215.138076427,5304120.091110884,968.182883523952,1567450.3424128385,5304010.413527586,1935.3657670479038,1567018.0656363857,5303083.392988907,1935.3657670479038
1567548.8786328593,5304528.762588574,1451.774325285928,1.4912226211791728,1567215.138076427,5304120.091110884,968.182883523952,1567647.4148528795,5305047.111649564,968.182883523952,1567882.619189291,5304937.434066263,1935.3657670479038,1567450.3424128385,5304010.413527586,1935.3657670479038
1567981.1554093116,5305455.783127252,1451.774325285928,0.9761415536776431,1567647.4148528795,5305047.111649564,968.182883523952,1568079.6916293323,5305974.132188242,968.182883523952,1568314.8959657438,5305864.454604941,1935.3657670479038,1567882.619189291,5304937.434066263,1935.3657670479038
1568413.4321857644,5306382.80366593,1451.774325285928,1.3879226540305105,1568079.6916293323,5305974.132188242,968.182883523952,1568511.9684057853,5306901.15272692,968.182883523952,1568747.1727421966,5306791.47514362,1935.3657670479038,1568314.8959657438,5305864.454604941,1935.3657670479038
1568845.7089622174,5307309.824204609,1451.774325285928,0.4167807072491474,1568511.9684057853,5306901.15272692,968.182883523952,1568944.2451822378,5307828.173265599,968.182883523952,1569179.4495186494,5307718.495682298,1935.3657670479038,1568747.1727421966,5306791.47514362,1935.3657670479038
1569277.98573867,5308236.844743288,1451.774325285928,0.36509285987562207,1568944.2451822378,5307828.173265599,968.182883523952,1569376.5219586906,5308755.193804277,968.182883523952,1569611.726295102,5308645.5162209775,1935.3657670479038,1569179.4495186494,5307718.495682298,1935.3657670479038
1569710.2625151225,5309163.8652819665,1451.774325285928,0.7079287679472221,1569376.5219586906,5308755.193804277,968.182883523952,1569808.7987351434,5309682.214342956,968.182883523952,1570044.003071555,5309572.536759656,1935.3657670479038,1569611.726295102,5308645.5162209775,1935.3657670479038
1570142.5392915758,5310090.885820646,1451.774325285928,1.1851215010613259,1569808.7987351434,5309682.214342956,968.182883523952,1570241.0755115962,5310609.234881635,968.182883523952,1570476.2798480077,5310499.557298334,1935.3657670479038,1570044.003071555,5309572.536759656,1935.3657670479038
1570574.816068028,5311017.906359324,1451.774325285928,1.194703789952731,1570241.0755115962,5310609.234881635,968.182883523952,1570673.3522880487,5311536.255420313,968.182883523952,1570908.5566244603,5311426.577837013,1935.3657670479038,1570476.2798480077,5310499.557298334,1935.3657670479038
1571007.0928444809,5311944.926898003,1451.774325285928,1.7251277406930192,1570673.3522880487,5311536.255420313,968.182883523952,1571105.6290645017,5312463.275958992,968.182883523952,1571340.8334009133,5312353.598375691,1935.3657670479038,1570908.5566244603,5311426.577837013,1935.3657670479038
1571439.3696209341,5312871.947436681,1451.774325285928,1.1775194774773876,1571105.6290645017,5312463.275958992,968.182883523952,1571537.9058409545,5313390.29649767,968.182883523952,1571773.1101773658,5313280.61891437,1935.3657670479038,1571340.8334009133,5312353.598375691,1935.3657670479038
1571871.6463973864,5313798.967975359,1451.774325285928,1.652891502766021,1571537.9058409545,5313390.29649767,968.182883523952,1571970.182617407,5314317.317036348,968.182883523952,1572205.3869538186,5314207.639453049,1935.3657670479038,1571773.1101773658,5313280.61891437,1935.3657670479038
1572303.9231738392,5314725.988514038,1451.774325285928,0.4059009269378221,1571970.182617407,5314317.317036348,968.182883523952,1572402.45939386,5315244.337575026,968.182883523952,1572637.6637302712,5315134.659991727,1935.3657670479038,1572205.3869538186,5314207.639453049,1935.3657670479038
1572736.199950292,5315653.009052716,1451.774325285928,0.049209368472379514,1572402.45939386,5315244.337575026,968.182883523952,1572834.7361703126,5316171.358113705,968.182883523952,1573069.9405067242,5316061.680530406,1935.3657670479038,1572637.6637302712,5315134.659991727,1935.3657670479038
1573168.4767267448,5316580.029591395,1451.774325285928,0.03925196229893428,1572834.7361703126,5316171.358113705,968.182883523952,1573267.0129467656,5317098.378652384,968.182883523952,1573502.2172831767,5316988.701069084,1935.3657670479038,1573069.9405067242,5316061.680530406,1935.3657670479038
1573600.7535031973,5317507.050130072,1451.774325285928,0.06033830364960896,1573267.0129467656,5317098.378652384,968.182883523952,1573699.2897232182,5318025.399191062,968.182883523952,1573934.4940596297,5317915.721607763,1935.3657670479038,1573502.2172831767,5316988.701069084,1935.3657670479038
1574033.0302796506,5318434.070668751,1451.774325285928,0.018779820449378065,1573699.2897232182,5318025.399191062,968.182883523952,1574131.566499671,5318952.41972974,968.182883523952,1574366.7708360825,5318842.742146441,1935.3657670479038,1573934.4940596297,5317915.721607763,1935.3657670479038
1574465.3070561031,5319361.09120743,1451.774325285928,0.013196788257232589,1574131.566499671,5318952.41972974,968.182883523952,1574563.8432761237,5319879.440268419,968.182883523952,1574799.047612535,5319769.762685119,1935.3657670479038,1574366.7708360825,5318842.742146441,1935.3657670479038
1574897.5838325557,5320288.111746108,1451.774325285928,0.1283420127922081,1574563.8432761237,5319879.440268419,968.182883523952,1574996.1200525765,5320806.460807098,968.182883523952,1575231.3243889879,5320696.783223798,1935.3657670479038,1574799.047612535,5319769.762685119,1935.3657670479038
1575329.8606090087,5321215.1322847875,1451.774325285928,0.1999146065759702,1574996.1200525765,5320806.460807098,968.182883523952,1575428.3968290293,5321733.4813457765,968.182883523952,1575663.6011654406,5321623.803762476,1935.3657670479038,1575231.3243889879,5320696.783223798,1935.3657670479038
1575762.1373854612,5322142.152823466,1451.774325285928,0.7271147915474104,1575428.3968290293,5321733.4813457765,968.182883523952,1575860.6736054819,5322660.501884455,968.182883523952,1576095.8779418934,5322550.824301154,1935.3657670479038,1575663.6011654406,5321623.803762476,1935.3657670479038
1576194.414161914,5323069.173362144,1451.774325285928,0.913209106372367,1575860.6736054819,5322660.501884455,968.182883523952,1576292.9503819349,5323587.522423133,968.182883523952,1576528.1547183462,5323477.844839834,1935.3657670479038,1576095.8779418934,5322550.824301154,1935.3657670479038
1576626.690938367,5323996.193900823,1451.774325285928,1.086036881661269,1576292.9503819349,5323587.522423133,968.182883523952,1576725.2271583874,5324514.542961812,968.182883523952,1576960.431494799,5324404.865378512,1935.3657670479038,1576528.1547183462,5323477.844839834,1935.3657670479038
1565190.4223105542,5298856.961773203,2418.95720880988,0.940267622208974,1564856.6817541218,5298448.290295514,1935.3657670479038,1565288.9585305746,5299375.310834193,1935.3657670479038,1565524.1628669868,5299265.633250892,2902.548650571856,1565091.886090534,5298338.612712214,2902.548650571856
1565622.6990870072,5299783.982311881,2418.95720880988,0.653905672542963,1565288.9585305746,5299375.310834193,1935.3657670479038,1565721.2353070271,5300302.331372871,1935.3657670479038,1565956.4396434396,5300192.653789571,2902.548650571856,1565524.1628669868,5299265.633250892,2902.548650571856
1566054.9758634598,5300711.00285056,2418.95720880988,0.5570921171970564,1565721.2353070271,5300302.331372871,1935.3657670479038,1566153.5120834801,5301229.351911549,1935.3657670479038,1566388.7164198922,5301119.674328249,2902.548650571856,1565956.4396434396,5300192.653789571,2902.548650571856
1566487.2526399123,5301638.023389238,2418.95720880988,0.8574389627759299,1566153.5120834801,5301229.351911549,1935.3657670479038,1566585.7888599327,5302156.372450229,1935.3657670479038,1566820.9931963452,5302046.694866927,2902.548650571856,1566388.7164198922,5301119.674328249,2902.548650571856
1566919.5294163655,5302565.043927917,2418.95720880988,1.4697763234559296,1566585.7888599327,5302156.372450229,1935.3657670479038,1567018.0656363857,5303083.392988907,1935.3657670479038,1567253.269972798,5302973.715405607,2902.548650571856,1566820.9931963452,5302046.694866927,2902.548650571856
1567351.8061928183,5303492.064466597,2418.95720880988,3.0211313219791953,1567018.0656363857,5303083.392988907,1935.3657670479038,1567450.3424128385,5304010.413527586,1935.3657670479038,1567685.5467492505,5303900.735944285,2902.548650571856,1567253.269972798,5302973.715405607,2902.548650571856
1567784.0829692706,5304419.085005275,2418.95720880988,2.6043084981528635,1567450.3424128385,5304010.413527586,1935.3657670479038,1567882.619189291,5304937.434066263,1935.3657670479038,1568117.8235257035,5304827.756482963,2902.548650571856,1567685.5467492505,5303900.735944285,2902.548650571856
1568216.359745724,5305346.105543953,2418.95720880988,1.2562039502835305,1567882.619189291,5304937.434066263,1935.3657670479038,1568314.8959657438,5305864.454604941,1935.3657670479038,1568550.100302156,5305754.777021642,2902.548650571856,1568117.8235257035,5304827.756482963,2902.548650571856
1568648.6365221762,5306273.126082631,2418.95720880988,0.7540125647273956,1568314.8959657438,5305864.454604941,1935.3657670479038,1568747.1727421966,5306791.47514362,1935.3657670479038,1568982.3770786088,5306681.79756032,2902.548650571856,1568550.100302156,5305754.777021642,2902.548650571856
1569080.913298629,5307200.146621309,2418.95720880988,0.5098113301596794,1568747.1727421966,5306791.47514362,1935.3657670479038,1569179.4495186494,5307718.495682298,1935.3657670479038,1569414.6538550614,5307608.818098999,2902.548650571856,1568982.3770786088,5306681.79756032,2902.548650571856
1569513.1900750818,5308127.167159988,2418.95720880988,0.353903084254972,1569179.4495186494,5307718.495682298,1935.3657670479038,1569611.726295102,5308645.5162209775,1935.3657670479038,1569846.9306315144,5308535.838637677,2902.548650571856,1569414.6538550614,5307608.818098999,2902.548650571856
1569945.4668515346,5309054.187698666,2418.95720880988,0.8965583213502214,1569611.726295102,5308645.5162209775,1935.3657670479038,1570044.003071555,5309572.536759656,1935.3657670479038,1570279.2074079672,5309462.859176355,2902.548650571856,1569846.9306315144,5308535.838637677,2902.548650571856
1570377.7436279873,5309981.208237344,2418.95720880988,1.1170049264193034,1570044.003071555,5309572.536759656,1935.3657670479038,1570476.2798480077,5310499.557298334,1935.3657670479038,1570711.48418442,5310389.879715034,2902.548650571856,1570279.2074079672,5309462.859176355,2902.548650571856
1570810.0204044404,5310908.228776023,2418.95720880988,0.6511781735071637,1570476.2798480077,5310499.557298334,1935.3657670479038,1570908.5566244603,5311426.577837013,1935.3657670479038,1571143.7609608728,5311316.900253712,2902.548650571856,1570711.48418442,5310389.879715034,2902.548650571856
1571242.297180893,5311835.249314701,2418.95720880988,1.1559499868826306,1570908.5566244603,5311426.577837013,1935.3657670479038,1571340.8334009133,5312353.598375691,1935.3657670479038,1571576.0377373253,5312243.920792391,2902.548650571856,1571143.7609608728,5311316.900253712,2902.548650571856
1571674.5739573454,5312762.2698533805,2418.95720880988,0.9373010489775083,1571340.8334009133,5312353.598375691,1935.3657670479038,1571773.1101773658,5313280.61891437,1935.3657670479038,1572008.314513778,5313170.94133107,2902.548650571856,1571576.0377373253,5312243.920792391,2902.548650571856
1572106.8507337985,5313689.29039206,2418.95720880988,1.1256414980803202,1571773.1101773658,5313280.61891437,1935.3657670479038,1572205.3869538186,5314207.639453049,1935.3657670479038,1572440.5912902309,5314097.961869748,2902.548650571856,1572008.314513778,5313170.94133107,2902.548650571856
1572539.127510251,5314616.310930738,2418.95720880988,0.6045228602102406,1572205.3869538186,5314207.639453049,1935.3657670479038,1572637.6637302712,5315134.659991727,1935.3657670479038,1572872.8680666836,5315024.982408427,2902.548650571856,1572440.5912902309,5314097.961869748,2902.548650571856
1572971.4042867038,5315543.331469417,2418.95720880988,0.1149787487130304,1572637.6637302712,5315134.659991727,1935.3657670479038,1573069.9405067242,5316061.680530406,1935.3657670479038,1573305.1448431364,5315952.002947105,2902.548650571856,1572872.8680666836,5315024.982408427,2902.548650571856
1573403.6810631568,5316470.352008095,2418.95720880988,0.005871469881067821,1573069.9405067242,5316061.680530406,1935.3657670479038,1573502.2172831767,5316988.701069084,1935.3657670479038,1573737.4216195892,5316879.0234857835,2902.548650571856,1573305.1448431364,5315952.002947105,2902.548650571856
1573835.9578396094,5317397.372546773,2418.95720880988,0.0017151043771780157,1573502.2172831767,5316988.701069084,1935.3657670479038,1573934.4940596297,5317915.721607763,1935.3657670479038,1574169.698396042,5317806.044024462,2902.548650571856,1573737.4216195892,5316879.0234857835,2902.548650571856
1574268.2346160621,5318324.393085452,2418.95720880988,0.0787455912224288,1573934.4940596297,5317915.721607763,1935.3657670479038,1574366.7708360825,5318842.742146441,1935.3657670479038,1574601.9751724945,5318733.064563141,2902.548650571856,1574169.698396042,5317806.044024462,2902.548650571856
1574700.511392515,5319251.41362413,2418.95720880988,0.0833633828019223,1574366.7708360825,5318842.742146441,1935.3657670479038,1574799.047612535,5319769.762685119,1935.3657670479038,1575034.2519489476,5319660.08510182,2902.548650571856,1574601.9751724945,5318733.064563141,2902.548650571856
1575132.7881689677,5320178.434162809,2418.95720880988,0.0810507918403454,1574799.047612535,5319769.762685119,1935.3657670479038,1575231.3243889879,5320696.783223798,1935.3657670479038,1575466.5287254,5320587.105640498,2902.548650571856,1575034.2519489476,5319660.08510182,2902.548650571856
1575565.0649454203,5321105.454701486,2418.95720880988,0.13795471455086983,1575231.3243889879,5320696.783223798,1935.3657670479038,1575663.6011654406,5321623.803762476,1935.3657670479038,1575898.8055018529,5321514.126179176,2902.548650571856,1575466.5287254,5320587.105640498,2902.548650571856
1575997.341721873,5322032.475240164,2418.95720880988,0.3678873959505672,1575663.6011654406,5321623.803762476,1935.3657670479038,1576095.8779418934,5322550.824301154,1935.3657670479038,1576331.0822783054,5322441.146717854,2902.548650571856,1575898.8055018529,5321514.126179176,2902.548650571856
1576429.6184983258,5322959.495778844,2418.95720880988,0.606310223249723,1576095.8779418934,5322550.824301154,1935.3657670479038,1576528.1547183462,5323477.844839834,1935.3657670479038,1576763.3590547584,5323368.167256533,2902.548650571856,1576331.0822783054,5322441.146717854,2902.548650571856
1576861.8952747786,5323886.516317523,2418.95720880988,1.1782266239891084,1576528.1547183462,5323477.844839834,1935.3657670479038,1576960.431494799,5324404.865378512,1935.3657670479038,1577195.6358312112,5324295.187795212,2902.548650571856,1576763.3590547584,5323368.167256533,2902.548650571856
1565425.6266469662,5298747.284189903,3386.140092333832,1.2625770473377729,1565091.886090534,5298338.612712214,2902.548650571856,1565524.1628669868,5299265.633250892,2902.548650571856,1565759.3672033981,5299155.955667592,3869.731534095808,1565327.0904269454,5298228.935128913,3869.731534095808
1565857.903423419,5299674.304728582,3386.140092333832,0.8123688033394135,1565524.1628669868,5299265.633250892,2902.548650571856,1565956.4396434396,5300192.653789571,2902.548650571856,1566191.6439798512,5300082.97620627,3869.731534095808,1565759.3672033981,5299155.955667592,3869.731534095808
1566290.1801998718,5300601.32526726,3386.140092333832,1.0618236519500064,1565956.4396434396,5300192.653789571,2902.548650571856,1566388.7164198922,5301119.674328249,2902.548650571856,1566623.9207563037,5301009.996744948,3869.731534095808,1566191.6439798512,5300082.97620627,3869.731534095808
1566722.4569763246,5301528.345805938,3386.140092333832,1.596331493778032,1566388.7164198922,5301119.674328249,2902.548650571856,1566820.9931963452,5302046.694866927,2902.548650571856,1567056.1975327567,5301937.017283628,3869.731534095808,1566623.9207563037,5301009.996744948,3869.731534095808
1567154.7337527773,5302455.366344617,3386.140092333832,2.6839914936185956,1566820.9931963452,5302046.694866927,2902.548650571856,1567253.269972798,5302973.715405607,2902.548650571856,1567488.4743092093,5302864.037822306,3869.731534095808,1567056.1975327567,5301937.017283628,3869.731534095808
1567587.01052923,5303382.386883295,3386.140092333832,3.426619766029485,1567253.269972798,5302973.715405607,2902.548650571856,1567685.5467492505,5303900.735944285,2902.548650571856,1567920.751085662,5303791.058360985,3869.731534095808,1567488.4743092093,5302864.037822306,3869.731534095808
1568019.287305683,5304309.4074219735,3386.140092333832,2.920397857414241,1567685.5467492505,5303900.735944285,2902.548650571856,1568117.8235257035,5304827.756482963,2902.548650571856,1568353.0278621146,5304718.078899663,3869.731534095808,1567920.751085662,5303791.058360985,3869.731534095808
1568451.5640821354,5305236.427960652,3386.140092333832,1.982045264325282,1568117.8235257035,5304827.756482963,2902.548650571856,1568550.100302156,5305754.777021642,2902.548650571856,1568785.3046385676,5305645.099438341,3869.731534095808,1568353.0278621146,5304718.078899663,3869.731534095808
1568883.8408585885,5306163.44849933,3386.140092333832,0.7429684380090837,1568550.100302156,5305754.777021642,2902.548650571856,1568982.3770786088,5306681.79756032,2902.548650571856,1569217.5814150202,5306572.119977021,3869.731534095808,1568785.3046385676,5305645.099438341,3869.731534095808
1569316.1176350408,5307090.46903801,3386.140092333832,0.5854906335017089,1568982.3770786088,5306681.79756032,2902.548650571856,1569414.6538550614,5307608.818098999,2902.548650571856,1569649.858191473,5307499.140515699,3869.731534095808,1569217.5814150202,5306572.119977021,3869.731534095808
1569748.3944114936,5308017.489576688,3386.140092333832,0.6226784507515386,1569414.6538550614,5307608.818098999,2902.548650571856,1569846.9306315144,5308535.838637677,2902.548650571856,1570082.1349679257,5308426.161054377,3869.731534095808,1569649.858191473,5307499.140515699,3869.731534095808
1570180.6711879466,5308944.510115367,3386.140092333832,1.4209534541358726,1569846.9306315144,5308535.838637677,2902.548650571856,1570279.2074079672,5309462.859176355,2902.548650571856,1570514.4117443785,5309353.181593056,3869.731534095808,1570082.1349679257,5308426.161054377,3869.731534095808
1570612.9479643994,5309871.530654045,3386.140092333832,1.2408074405492393,1570279.2074079672,5309462.859176355,2902.548650571856,1570711.48418442,5310389.879715034,2902.548650571856,1570946.6885208313,5310280.202131734,3869.731534095808,1570514.4117443785,5309353.181593056,3869.731534095808
1571045.2247408521,5310798.551192723,3386.140092333832,0.7540484653635949,1570711.48418442,5310389.879715034,2902.548650571856,1571143.7609608728,5311316.900253712,2902.548650571856,1571378.965297284,5311207.222670414,3869.731534095808,1570946.6885208313,5310280.202131734,3869.731534095808
1571477.501517305,5311725.571731402,3386.140092333832,0.7364891927670774,1571143.7609608728,5311316.900253712,2902.548650571856,1571576.0377373253,5312243.920792391,2902.548650571856,1571811.2420737369,5312134.243209091,3869.731534095808,1571378.965297284,5311207.222670414,3869.731534095808
1571909.7782937575,5312652.59227008,3386.140092333832,0.639412778953528,1571576.0377373253,5312243.920792391,2902.548650571856,1572008.314513778,5313170.94133107,2902.548650571856,1572243.5188501894,5313061.263747769,3869.731534095808,1571811.2420737369,5312134.243209091,3869.731534095808
1572342.05507021,5313579.612808758,3386.140092333832,0.6329689789557509,1572008.314513778,5313170.94133107,2902.548650571856,1572440.5912902309,5314097.961869748,2902.548650571856,1572675.7956266422,5313988.284286448,3869.731534095808,1572243.5188501894,5313061.263747769,3869.731534095808
1572774.331846663,5314506.633347437,3386.140092333832,0.3654377078283569,1572440.5912902309,5314097.961869748,2902.548650571856,1572872.8680666836,5315024.982408427,2902.548650571856,1573108.0724030952,5314915.304825126,3869.731534095808,1572675.7956266422,5313988.284286448,3869.731534095808
1573206.6086231158,5315433.653886116,3386.140092333832,0.20516233251677787,1572872.8680666836,5315024.982408427,2902.548650571856,1573305.1448431364,5315952.002947105,2902.548650571856,1573540.3491795477,5315842.3253638055,3869.731534095808,1573108.0724030952,5314915.304825126,3869.731534095808
1573638.8853995686,5316360.6744247945,3386.140092333832,0.055306562285947124,1573305.1448431364,5315952.002947105,2902.548650571856,1573737.4216195892,5316879.0234857835,2902.548650571856,1573972.6259560008,5316769.345902484,3869.731534095808,1573540.3491795477,5315842.3253638055,3869.731534095808
1574071.1621760216,5317287.694963473,3386.140092333832,0.034397872541139525,1573737.4216195892,5316879.0234857835,2902.548650571856,1574169.698396042,5317806.044024462,2902.548650571856,1574404.9027324533,5317696.366441162,3869.731534095808,1573972.6259560008,5316769.345902484,3869.731534095808
1574503.438952474,5318214.715502151,3386.140092333832,0.059042755600645404,1574169.698396042,5317806.044024462,2902.548650571856,1574601.9751724945,5318733.064563141,2902.548650571856,1574837.179508906,5318623.386979841,3869.731534095808,1574404.9027324533,5317696.366441162,3869.731534095808
1574935.715728927,5319141.736040831,3386.140092333832,0.10062872876028697,1574601.9751724945,5318733.064563141,2902.548650571856,1575034.2519489476,5319660.08510182,2902.548650571856,1575269.4562853589,5319550.407518519,3869.731534095808,1574837.179508906,5318623.386979841,3869.731534095808
1575367.9925053797,5320068.756579509,3386.140092333832,0.10246341203328961,1575034.2519489476,5319660.08510182,2902.548650571856,1575466.5287254,5320587.105640498,2902.548650571856,1575701.7330618117,5320477.4280571975,3869.731534095808,1575269.4562853589,5319550.407518519,3869.731534095808
1575800.2692818323,5320995.777118187,3386.140092333832,0.11360145130614183,1575466.5287254,5320587.105640498,2902.548650571856,1575898.8055018529,5321514.126179176,2902.548650571856,1576134.0098382644,5321404.448595876,3869.731534095808,1575701.7330618117,5320477.4280571975,3869.731534095808
1576232.5460582848,5321922.797656866,3386.140092333832,0.403005791301632,1575898.8055018529,5321514.126179176,2902.548650571856,1576331.0822783054,5322441.146717854,2902.548650571856,1576566.286614717,5322331.469134555,3869.731534095808,1576134.0098382644,5321404.448595876,3869.731534095808
1576664.8228347376,5322849.818195544,3386.140092333832,0.4928803918706545,1576331.0822783054,5322441.146717854,2902.548650571856,1576763.3590547584,5323368.167256533,2902.548650571856,1576998.56339117,5323258.489673234,3869.731534095808,1576566.286614717,5322331.469134555,3869.731534095808
1577097.0996111906,5323776.838734223,3386.140092333832,0.4673274639222137,1576763.3590547584,5323368.167256533,2902.548650571856,1577195.6358312112,5324295.187795212,2902.548650571856,1577430.8401676225,5324185.510211912,3869.731534095808,1576998.56339117,5323258.489673234,3869.731534095808
1565660.8309833778,5298637.606606604,4353.3229758577845,2.516910114255245,1565327.0904269454,5298228.935128913,3869.731534095808,1565759.3672033981,5299155.955667592,3869.731534095808,1565994.5715398097,5299046.278084293,4836.914417619761,1565562.294763357,5298119.257545614,4836.914417619761
1566093.1077598303,5299564.627145281,4353.3229758577845,2.139102802129566,1565759.3672033981,5299155.955667592,3869.731534095808,1566191.6439798512,5300082.97620627,3869.731534095808,1566426.8483162622,5299973.298622971,4836.914417619761,1565994.5715398097,5299046.278084293,4836.914417619761
1566525.3845362829,5300491.647683959,4353.3229758577845,1.8523412587417998,1566191.6439798512,5300082.97620627,3869.731534095808,1566623.9207563037,5301009.996744948,3869.731534095808,1566859.1250927153,5300900.31916165,4836.914417619761,1566426.8483162622,5299973.298622971,4836.914417619761
1566957.661312736,5301418.668222638,4353.3229758577845,1.9476688468890118,1566623.9207563037,5301009.996744948,3869.731534095808,1567056.1975327567,5301937.017283628,3869.731534095808,1567291.4018691678,5301827.339700327,4836.914417619761,1566859.1250927153,5300900.31916165,4836.914417619761
1567389.9380891887,5302345.688761317,4353.3229758577845,2.7552834323548234,1567056.1975327567,5301937.017283628,3869.731534095808,1567488.4743092093,5302864.037822306,3869.731534095808,1567723.6786456208,5302754.360239006,4836.914417619761,1567291.4018691678,5301827.339700327,4836.914417619761
1567822.2148656412,5303272.709299996,4353.3229758577845,2.432601734554842,1567488.4743092093,5302864.037822306,3869.731534095808,1567920.751085662,5303791.058360985,3869.731534095808,1568155.9554220734,5303681.380777685,4836.914417619761,1567723.6786456208,5302754.360239006,4836.914417619761
1568254.4916420942,5304199.729838674,4353.3229758577845,2.5323349136354687,1567920.751085662,5303791.058360985,3869.731534095808,1568353.0278621146,5304718.078899663,3869.731534095808,1568588.2321985262,5304608.401316363,4836.914417619761,1568155.9554220734,5303681.380777685,4836.914417619761
1568686.768418547,5305126.750377352,4353.3229758577845,2.002288221147641,1568353.0278621146,5304718.078899663,3869.731534095808,1568785.3046385676,5305645.099438341,3869.731534095808,1569020.5089749792,5305535.421855042,4836.914417619761,1568588.2321985262,5304608.401316363,4836.914417619761
1569119.0451949995,5306053.770916031,4353.3229758577845,0.8530226179443796,1568785.3046385676,5305645.099438341,3869.731534095808,1569217.5814150202,5306572.119977021,3869.731534095808,1569452.7857514317,5306462.44239372,4836.914417619761,1569020.5089749792,5305535.421855042,4836.914417619761
1569551.3219714526,5306980.791454709,4353.3229758577845,0.512403781979715,1569217.5814150202,5306572.119977021,3869.731534095808,1569649.858191473,5307499.140515699,3869.731534095808,1569885.0625278845,5307389.462932399,4836.914417619761,1569452.7857514317,5306462.44239372,4836.914417619761
1569983.598747905,5307907.8119933875,4353.3229758577845,1.013038098774057,1569649.858191473,5307499.140515699,3869.731534095808,1570082.1349679257,5308426.161054377,3869.731534095808,1570317.339304337,5308316.483471077,4836.914417619761,1569885.0625278845,5307389.462932399,4836.914417619761
1570415.8755243577,5308834.832532066,4353.3229758577845,1.206252792906431,1570082.1349679257,5308426.161054377,3869.731534095808,1570514.4117443785,5309353.181593056,3869.731534095808,1570749.61608079,5309243.504009756,4836.914417619761,1570317.339304337,5308316.483471077,4836.914417619761
1570848.152300811,5309761.853070745,4353.3229758577845,1.1526113057051803,1570514.4117443785,5309353.181593056,3869.731534095808,1570946.6885208313,5310280.202131734,3869.731534095808,1571181.8928572426,5310170.524548435,4836.914417619761,1570749.61608079,5309243.504009756,4836.914417619761
1571280.4290772635,5310688.873609424,4353.3229758577845,1.1330808142550923,1570946.6885208313,5310280.202131734,3869.731534095808,1571378.965297284,5311207.222670414,3869.731534095808,1571614.1696336956,5311097.545087113,4836.914417619761,1571181.8928572426,5310170.524548435,4836.914417619761
1571712.705853716,5311615.894148103,4353.3229758577845,0.8661992610235679,1571378.965297284,5311207.222670414,3869.731534095808,1571811.2420737369,5312134.243209091,3869.731534095808,1572046.4464101484,5312024.565625791,4836.914417619761,1571614.1696336956,5311097.545087113,4836.914417619761
1572144.982630169,5312542.914686781,4353.3229758577845,0.4549490913004587,1571811.2420737369,5312134.243209091,3869.731534095808,1572243.5188501894,5313061.263747769,3869.731534095808,1572478.723186601,5312951.58616447,4836.914417619761,1572046.4464101484,5312024.565625791,4836.914417619761
1572577.2594066216,5313469.935225459,4353.3229758577845,0.860917964189446,1572243.5188501894,5313061.263747769,3869.731534095808,1572675.7956266422,5313988.284286448,3869.731534095808,1572910.9999630537,5313878.606703148,4836.914417619761,1572478.723186601,5312951.58616447,4836.914417619761
1573009.5361830743,5314396.955764137,4353.3229758577845,0.8138112970372624,1572675.7956266422,5313988.284286448,3869.731534095808,1573108.0724030952,5314915.304825126,3869.731534095808,1573343.2767395065,5314805.627241828,4836.914417619761,1572910.9999630537,5313878.606703148,4836.914417619761
1573441.8129595274,5315323.976302816,4353.3229758577845,0.3773141047093223,1573108.0724030952,5314915.304825126,3869.731534095808,1573540.3491795477,5315842.3253638055,3869.731534095808,1573775.5535159593,5315732.647780505,4836.914417619761,1573343.2767395065,5314805.627241828,4836.914417619761
1573874.0897359801,5316250.996841494,4353.3229758577845,0.24827379100234317,1573540.3491795477,5315842.3253638055,3869.731534095808,1573972.6259560008,5316769.345902484,3869.731534095808,1574207.830292412,5316659.668319183,4836.914417619761,1573775.5535159593,5315732.647780505,4836.914417619761
1574306.3665124325,5317178.017380172,4353.3229758577845,0.19958504335441604,1573972.6259560008,5316769.345902484,3869.731534095808,1574404.9027324533,5317696.366441162,3869.731534095808,1574640.1070688649,5317586.688857862,4836.914417619761,1574207.830292412,5316659.668319183,4836.914417619761
1574738.6432888857,5318105.037918851,4353.3229758577845,0.1036983381118107,1574404.9027324533,5317696.366441162,3869.731534095808,1574837.179508906,5318623.386979841,3869.731534095808,1575072.3838453174,5318513.70939654,4836.914417619761,1574640.1070688649,5317586.688857862,4836.914417619761
1575170.920065338,5319032.05845753,4353.3229758577845,0.1796587337035634,1574837.179508906,5318623.386979841,3869.731534095808,1575269.4562853589,5319550.407518519,3869.731534095808,1575504.6606217702,5319440.7299352195,4836.914417619761,1575072.3838453174,5318513.70939654,4836.914417619761
1575603.1968417908,5319959.0789962085,4353.3229758577845,0.1517681655385572,1575269.4562853589,5319550.407518519,3869.731534095808,1575701.7330618117,5320477.4280571975,3869.731534095808,1575936.9373982232,5320367.750473898,4836.914417619761,1575504.6606217702,5319440.7299352195,4836.914417619761
1576035.473618244,5320886.099534887,4353.3229758577845,0.10221172392031384,1575701.7330618117,5320477.4280571975,3869.731534095808,1576134.0098382644,5321404.448595876,3869.731534095808,1576369.2141746758,5321294.771012576,4836.914417619761,1575936.9373982232,5320367.750473898,4836.914417619761
1576467.7503946964,5321813.120073565,4353.3229758577845,0.14363137830736308,1576134.0098382644,5321404.448595876,3869.731534095808,1576566.286614717,5322331.469134555,3869.731534095808,1576801.4909511285,5322221.791551255,4836.914417619761,1576369.2141746758,5321294.771012576,4836.914417619761
1576900.0271711492,5322740.140612245,4353.3229758577845,0.3245051708719413,1576566.286614717,5322331.469134555,3869.731534095808,1576998.56339117,5323258.489673234,3869.731534095808,1577233.7677275813,5323148.812089933,4836.914417619761,1576801.4909511285,5322221.791551255,4836.914417619761
1577332.3039476022,5323667.161150923,4353.3229758577845,0.4106028105008197,1576998.56339117,5323258.489673234,3869.731534095808,1577430.8401676225,5324185.510211912,3869.731534095808,1577666.044504034,5324075.8326286115,4836.914417619761,1577233.7677275813,5323148.812089933,4836.914417619761
1565896.035319789,5298527.929023303,5320.505859381737,3.4440900703851733,1565562.294763357,5298119.257545614,4836.914417619761,1565994.5715398097,5299046.278084293,4836.914417619761,1566229.775876221,5298936.6005009925,5804.097301143713,1565797.4990997685,5298009.579962314,5804.097301143713
1566328.3120962419,5299454.9495619815,5320.505859381737,3.3740795982118676,1565994.5715398097,5299046.278084293,4836.914417619761,1566426.8483162622,5299973.298622971,4836.914417619761,1566662.0526526738,5299863.621039671,5804.097301143713,1566229.775876221,5298936.6005009925,5804.097301143713
1566760.5888726946,5300381.97010066,5320.505859381737,2.1492061760583914,1566426.8483162622,5299973.298622971,4836.914417619761,1566859.1250927153,5300900.31916165,4836.914417619761,1567094.3294291266,5300790.641578349,5804.097301143713,1566662.0526526738,5299863.621039671,5804.097301143713
1567192.8656491472,5301308.990639339,5320.505859381737,1.9532308290172817,1566859.1250927153,5300900.31916165,4836.914417619761,1567291.4018691678,5301827.339700327,4836.914417619761,1567526.6062055794,5301717.662117029,5804.097301143713,1567094.3294291266,5300790.641578349,5804.097301143713
1567625.1424256002,5302236.011178018,5320.505859381737,2.0983132054341955,1567291.4018691678,5301827.339700327,4836.914417619761,1567723.6786456208,5302754.360239006,4836.914417619761,1567958.8829820324,5302644.682655707,5804.097301143713,1567526.6062055794,5301717.662117029,5804.097301143713
1568057.4192020528,5303163.031716695,5320.505859381737,1.3077112893663967,1567723.6786456208,5302754.360239006,4836.914417619761,1568155.9554220734,5303681.380777685,4836.914417619761,1568391.159758485,5303571.703194385,5804.097301143713,1567958.8829820324,5302644.682655707,5804.097301143713
1568489.6959785055,5304090.052255374,5320.505859381737,1.3750587284533389,1568155.9554220734,5303681.380777685,4836.914417619761,1568588.2321985262,5304608.401316363,4836.914417619761,1568823.4365349377,5304498.723733064,5804.097301143713,1568391.159758485,5303571.703194385,5804.097301143713
1568921.9727549586,5305017.072794053,5320.505859381737,0.9126315093142292,1568588.2321985262,5304608.401316363,4836.914417619761,1569020.5089749792,5305535.421855042,4836.914417619761,1569255.7133113903,5305425.744271741,5804.097301143713,1568823.4365349377,5304498.723733064,5804.097301143713
1569354.249531411,5305944.093332731,5320.505859381737,0.6104627224840165,1569020.5089749792,5305535.421855042,4836.914417619761,1569452.7857514317,5306462.44239372,4836.914417619761,1569687.9900878433,5306352.76481042,5804.097301143713,1569255.7133113903,5305425.744271741,5804.097301143713
1569786.5263078639,5306871.11387141,5320.505859381737,0.6620233476223794,1569452.7857514317,5306462.44239372,4836.914417619761,1569885.0625278845,5307389.462932399,4836.914417619761,1570120.2668642958,5307279.785349098,5804.097301143713,1569687.9900878433,5306352.76481042,5804.097301143713
1570218.8030843167,5307798.134410088,5320.505859381737,0.5695183791322337,1569885.0625278845,5307389.462932399,4836.914417619761,1570317.339304337,5308316.483471077,4836.914417619761,1570552.5436407486,5308206.805887777,5804.097301143713,1570120.2668642958,5307279.785349098,5804.097301143713
1570651.0798607694,5308725.154948766,5320.505859381737,0.5160979087630237,1570317.339304337,5308316.483471077,4836.914417619761,1570749.61608079,5309243.504009756,4836.914417619761,1570984.8204172014,5309133.826426456,5804.097301143713,1570552.5436407486,5308206.805887777,5804.097301143713
1571083.356637222,5309652.175487445,5320.505859381737,1.1166214454602894,1570749.61608079,5309243.504009756,4836.914417619761,1571181.8928572426,5310170.524548435,4836.914417619761,1571417.0971936542,5310060.846965134,5804.097301143713,1570984.8204172014,5309133.826426456,5804.097301143713
1571515.633413675,5310579.196026123,5320.505859381737,1.7197220793409833,1571181.8928572426,5310170.524548435,4836.914417619761,1571614.1696336956,5311097.545087113,4836.914417619761,1571849.373970107,5310987.867503813,5804.097301143713,1571417.0971936542,5310060.846965134,5804.097301143713
1571947.9101901278,5311506.2165648015,5320.505859381737,0.8488280904347562,1571614.1696336956,5311097.545087113,4836.914417619761,1572046.4464101484,5312024.565625791,4836.914417619761,1572281.6507465597,5311914.888042491,5804.097301143713,1571849.373970107,5310987.867503813,5804.097301143713
1572380.1869665803,5312433.23710348,5320.505859381737,0.4560990856422024,1572046.4464101484,5312024.565625791,4836.914417619761,1572478.723186601,5312951.58616447,4836.914417619761,1572713.9275230125,5312841.90858117,5804.097301143713,1572281.6507465597,5311914.888042491,5804.097301143713
1572812.4637430334,5313360.257642159,5320.505859381737,0.4221312992045297,1572478.723186601,5312951.58616447,4836.914417619761,1572910.9999630537,5313878.606703148,4836.914417619761,1573146.204299465,5313768.929119849,5804.097301143713,1572713.9275230125,5312841.90858117,5804.097301143713
1573244.740519486,5314287.278180838,5320.505859381737,0.9225891678286762,1572910.9999630537,5313878.606703148,4836.914417619761,1573343.2767395065,5314805.627241828,4836.914417619761,1573578.4810759178,5314695.949658527,5804.097301143713,1573146.204299465,5313768.929119849,5804.097301143713
1573677.0172959387,5315214.298719517,5320.505859381737,0.6687402805413789,1573343.2767395065,5314805.627241828,4836.914417619761,1573775.5535159593,5315732.647780505,4836.914417619761,1574010.7578523706,5315622.970197205,5804.097301143713,1573578.4810759178,5314695.949658527,5804.097301143713
1574109.2940723915,5316141.319258195,5320.505859381737,0.6377408246258583,1573775.5535159593,5315732.647780505,4836.914417619761,1574207.830292412,5316659.668319183,4836.914417619761,1574443.0346288234,5316549.990735884,5804.097301143713,1574010.7578523706,5315622.970197205,5804.097301143713
1574541.5708488442,5317068.339796873,5320.505859381737,0.5277951882726434,1574207.830292412,5316659.668319183,4836.914417619761,1574640.1070688649,5317586.688857862,4836.914417619761,1574875.3114052764,5317477.011274563,5804.097301143713,1574443.0346288234,5316549.990735884,5804.097301143713
1574973.847625297,5317995.360335551,5320.505859381737,0.4913175120469724,1574640.1070688649,5317586.688857862,4836.914417619761,1575072.3838453174,5318513.70939654,4836.914417619761,1575307.588181729,5318404.031813242,5804.097301143713,1574875.3114052764,5317477.011274563,5804.097301143713
1575406.1244017498,5318922.38087423,5320.505859381737,0.14509350188688824,1575072.3838453174,5318513.70939654,4836.914417619761,1575504.6606217702,5319440.7299352195,4836.914417619761,1575739.8649581817,5319331.052351919,5804.097301143713,1575307.588181729,5318404.031813242,5804.097301143713
1575838.4011782026,5319849.401412908,5320.505859381737,0.09489591587326417,1575504.6606217702,5319440.7299352195,4836.914417619761,1575936.9373982232,5320367.750473898,4836.914417619761,1576172.1417346343,5320258.072890597,5804.097301143713,1575739.8649581817,5319331.052351919,5804.097301143713
1576270.6779546551,5320776.421951586,5320.505859381737,0.11544304250389117,1575936.9373982232,5320367.750473898,4836.914417619761,1576369.2141746758,5321294.771012576,4836.914417619761,1576604.4185110873,5321185.093429276,5804.097301143713,1576172.1417346343,5320258.072890597,5804.097301143713
1576702.9547311082,5321703.442490265,5320.505859381737,0.2850791533559074,1576369.2141746758,5321294.771012576,4836.914417619761,1576801.4909511285,5322221.791551255,4836.914417619761,1577036.6952875399,5322112.113967954,5804.097301143713,1576604.4185110873,5321185.093429276,5804.097301143713
1577135.2315075607,5322630.463028944,5320.505859381737,0.3563506380146996,1576801.4909511285,5322221.791551255,4836.914417619761,1577233.7677275813,5323148.812089933,4836.914417619761,1577468.9720639929,5323039.1345066335,5804.097301143713,1577036.6952875399,5322112.113967954,5804.097301143713
1577567.5082840135,5323557.4835676225,5320.505859381737,1.2301507335550868,1577233.7677275813,5323148.812089933,4836.914417619761,1577666.044504034,5324075.8326286115,4836.914417619761,1577901.2488404454,5323966.155045312,5804.097301143713,1577468.9720639929,5323039.1345066335,5804.097301143713
1566131.2396562009,5298418.2514400035,6287.688742905688,2.9487288558352214,1565797.4990997685,5298009.579962314,5804.097301143713,1566229.775876221,5298936.6005009925,5804.097301143713,1566464.9802126335,5298826.922917692,6771.280184667664,1566032.7034361805,5297899.902379014,6771.280184667664
1566563.5164326536,5299345.271978682,6287.688742905688,3.193011497986282,1566229.775876221,5298936.6005009925,5804.097301143713,1566662.0526526738,5299863.621039671,5804.097301143713,1566897.256989086,5299753.94345637,6771.280184667664,1566464.9802126335,5298826.922917692,6771.280184667664
1566995.7932091064,5300272.29251736,6287.688742905688,2.289437227699739,1566662.0526526738,5299863.621039671,5804.097301143713,1567094.3294291266,5300790.641578349,5804.097301143713,1567329.5337655388,5300680.963995049,6771.280184667664,1566897.256989086,5299753.94345637,6771.280184667664
1567428.0699855592,5301199.313056039,6287.688742905688,1.97215007026656,1567094.3294291266,5300790.641578349,5804.097301143713,1567526.6062055794,5301717.662117029,5804.097301143713,1567761.8105419918,5301607.984533728,6771.280184667664,1567329.5337655388,5300680.963995049,6771.280184667664
1567860.346762012,5302126.333594717,6287.688742905688,2.514358764365654,1567526.6062055794,5301717.662117029,5804.097301143713,1567958.8829820324,5302644.682655707,5804.097301143713,1568194.0873184444,5302535.0050724065,6771.280184667664,1567761.8105419918,5301607.984533728,6771.280184667664
1568292.6235384648,5303053.3541333955,6287.688742905688,2.0563832470197743,1567958.8829820324,5302644.682655707,5804.097301143713,1568391.159758485,5303571.703194385,5804.097301143713,1568626.3640948972,5303462.025611085,6771.280184667664,1568194.0873184444,5302535.0050724065,6771.280184667664
1568724.9003149176,5303980.374672074,6287.688742905688,1.5444596113822813,1568391.159758485,5303571.703194385,5804.097301143713,1568823.4365349377,5304498.723733064,5804.097301143713,1569058.64087135,5304389.046149763,6771.280184667664,1568626.3640948972,5303462.025611085,6771.280184667664
1569157.17709137,5304907.395210752,6287.688742905688,0.6958312585814596,1568823.4365349377,5304498.723733064,5804.097301143713,1569255.7133113903,5305425.744271741,5804.097301143713,1569490.9176478027,5305316.066688442,6771.280184667664,1569058.64087135,5304389.046149763,6771.280184667664
1569589.4538678231,5305834.415749431,6287.688742905688,0.8628871963784402,1569255.7133113903,5305425.744271741,5804.097301143713,1569687.9900878433,5306352.76481042,5804.097301143713,1569923.1944242553,5306243.08722712,6771.280184667664,1569490.9176478027,5305316.066688442,6771.280184667664
1570021.7306442757,5306761.436288109,6287.688742905688,0.7950405844578919,1569687.9900878433,5306352.76481042,5804.097301143713,1570120.2668642958,5307279.785349098,5804.097301143713,1570355.471200708,5307170.107765798,6771.280184667664,1569923.1944242553,5306243.08722712,6771.280184667664
1570454.0074207284,5307688.456826787,6287.688742905688,0.41121448481863276,1570120.2668642958,5307279.785349098,5804.097301143713,1570552.5436407486,5308206.805887777,5804.097301143713,1570787.7479771608,5308097.128304478,6771.280184667664,1570355.471200708,5307170.107765798,6771.280184667664
1570886.2841971812,5308615.477365467,6287.688742905688,0.4204484107441472,1570552.5436407486,5308206.805887777,5804.097301143713,1570984.8204172014,5309133.826426456,5804.097301143713,1571220.0247536136,5309024.148843155,6771.280184667664,1570787.7479771608,5308097.128304478,6771.280184667664
1571318.560973634,5309542.497904145,6287.688742905688,0.9261518307878784,1570984.8204172014,5309133.826426456,5804.097301143713,1571417.0971936542,5310060.846965134,5804.097301143713,1571652.3015300666,5309951.169381834,6771.280184667664,1571220.0247536136,5309024.148843155,6771.280184667664
1571750.8377500868,5310469.518442824,6287.688742905688,1.565219039705551,1571417.0971936542,5310060.846965134,5804.097301143713,1571849.373970107,5310987.867503813,5804.097301143713,1572084.5783065192,5310878.189920512,6771.280184667664,1571652.3015300666,5309951.169381834,6771.280184667664
1572183.1145265396,5311396.538981502,6287.688742905688,0.7598566129579386,1571849.373970107,5310987.867503813,5804.097301143713,1572281.6507465597,5311914.888042491,5804.097301143713,1572516.855082972,5311805.21045919,6771.280184667664,1572084.5783065192,5310878.189920512,6771.280184667664
1572615.3913029924,5312323.55952018,6287.688742905688,0.3747452141523077,1572281.6507465597,5311914.888042491,5804.097301143713,1572713.9275230125,5312841.90858117,5804.097301143713,1572949.1318594245,5312732.23099787,6771.280184667664,1572516.855082972,5311805.21045919,6771.280184667664
1573047.668079445,5313250.580058859,6287.688742905688,0.39471257833777573,1572713.9275230125,5312841.90858117,5804.097301143713,1573146.204299465,5313768.929119849,5804.097301143713,1573381.4086358775,5313659.251536548,6771.280184667664,1572949.1318594245,5312732.23099787,6771.280184667664
1573479.944855898,5314177.600597537,6287.688742905688,0.7659160433566183,1573146.204299465,5313768.929119849,5804.097301143713,1573578.4810759178,5314695.949658527,5804.097301143713,1573813.68541233,5314586.2720752265,6771.280184667664,1573381.4086358775,5313659.251536548,6771.280184667664
1573912.2216323505,5315104.6211362155,6287.688742905688,0.9232110784758868,1573578.4810759178,5314695.949658527,5804.097301143713,1574010.7578523706,5315622.970197205,5804.097301143713,1574245.962188783,5315513.292613905,6771.280184667664,1573813.68541233,5314586.2720752265,6771.280184667664
1574344.4984088033,5316031.641674894,6287.688742905688,0.5995463229898824,1574010.7578523706,5315622.970197205,5804.097301143713,1574443.0346288234,5316549.990735884,5804.097301143713,1574678.2389652359,5316440.313152583,6771.280184667664,1574245.962188783,5315513.292613905,6771.280184667664
1574776.7751852563,5316958.662213573,6287.688742905688,0.9754883554781575,1574443.0346288234,5316549.990735884,5804.097301143713,1574875.3114052764,5317477.011274563,5804.097301143713,1575110.5157416884,5317367.333691263,6771.280184667664,1574678.2389652359,5316440.313152583,6771.280184667664
1575209.0519617088,5317885.682752253,6287.688742905688,0.9234289703687156,1574875.3114052764,5317477.011274563,5804.097301143713,1575307.588181729,5318404.031813242,5804.097301143713,1575542.7925181412,5318294.354229941,6771.280184667664,1575110.5157416884,5317367.333691263,6771.280184667664
1575641.3287381616,5318812.703290931,6287.688742905688,0.48003277393569177,1575307.588181729,5318404.031813242,5804.097301143713,1575739.8649581817,5319331.052351919,5804.097301143713,1575975.069294594,5319221.374768619,6771.280184667664,1575542.7925181412,5318294.354229941,6771.280184667664
1576073.6055146144,5319739.723829609,6287.688742905688,0.13262634563603726,1575739.8649581817,5319331.052351919,5804.097301143713,1576172.1417346343,5320258.072890597,5804.097301143713,1576407.3460710468,5320148.395307298,6771.280184667664,1575975.069294594,5319221.374768619,6771.280184667664
1576505.8822910672,5320666.744368287,6287.688742905688,0.2389635571681046,1576172.1417346343,5320258.072890597,5804.097301143713,1576604.4185110873,5321185.093429276,5804.097301143713,1576839.6228474993,5321075.415845976,6771.280184667664,1576407.3460710468,5320148.395307298,6771.280184667664
1576938.1590675197,5321593.764906965,6287.688742905688,0.7038662293335275,1576604.4185110873,5321185.093429276,5804.097301143713,1577036.6952875399,5322112.113967954,5804.097301143713,1577271.8996239523,5322002.436384655,6771.280184667664,1576839.6228474993,5321075.415845976,6771.280184667664
1577370.4358439727,5322520.785445644,6287.688742905688,0.9006801296753318,1577036.6952875399,5322112.113967954,5804.097301143713,1577468.9720639929,5323039.1345066335,5804.097301143713,1577704.176400405,5322929.456923333,6771.280184667664,1577271.8996239523,5322002.436384655,6771.280184667664
1577802.7126204253,5323447.805984322,6287.688742905688,1.4800187645217937,1577468.9720639929,5323039.1345066335,5804.097301143713,1577901.2488404454,5323966.155045312,5804.097301143713,1578136.4531768577,5323856.477462011,6771.280184667664,1577704.176400405,5322929.456923333,6771.280184667664
1566366.4439926129,5298308.573856702,7254.87162642964,2.891292549744684,1566032.7034361805,5297899.902379014,6771.280184667664,1566464.9802126335,5298826.922917692,6771.280184667664,1566700.1845490448,5298717.2453343915,7738.463068191616,1566267.907772592,5297790.224795714,7738.463068191616
1566798.7207690654,5299235.5943953805,7254.87162642964,3.215044315295671,1566464.9802126335,5298826.922917692,6771.280184667664,1566897.256989086,5299753.94345637,6771.280184667664,1567132.4613254976,5299644.26587307,7738.463068191616,1566700.1845490448,5298717.2453343915,7738.463068191616
1567230.997545518,5300162.614934059,7254.87162642964,2.6956743345229532,1566897.256989086,5299753.94345637,6771.280184667664,1567329.5337655388,5300680.963995049,6771.280184667664,1567564.7381019504,5300571.286411749,7738.463068191616,1567132.4613254976,5299644.26587307,7738.463068191616
1567663.2743219712,5301089.635472738,7254.87162642964,2.552751808610223,1567329.5337655388,5300680.963995049,6771.280184667664,1567761.8105419918,5301607.984533728,6771.280184667664,1567997.0148784032,5301498.306950428,7738.463068191616,1567564.7381019504,5300571.286411749,7738.463068191616
1568095.5510984238,5302016.6560114175,7254.87162642964,1.87606482628736,1567761.8105419918,5301607.984533728,6771.280184667664,1568194.0873184444,5302535.0050724065,6771.280184667664,1568429.291654856,5302425.327489106,7738.463068191616,1567997.0148784032,5301498.306950428,7738.463068191616
1568527.8278748763,5302943.676550096,7254.87162642964,1.2683999194090345,1568194.0873184444,5302535.0050724065,6771.280184667664,1568626.3640948972,5303462.025611085,6771.280184667664,1568861.5684313085,5303352.348027784,7738.463068191616,1568429.291654856,5302425.327489106,7738.463068191616
1568960.1046513293,5303870.697088774,7254.87162642964,1.1188126719239884,1568626.3640948972,5303462.025611085,6771.280184667664,1569058.64087135,5304389.046149763,6771.280184667664,1569293.8452077613,5304279.368566463,7738.463068191616,1568861.5684313085,5303352.348027784,7738.463068191616
1569392.3814277821,5304797.717627453,7254.87162642964,1.4993714027399925,1569058.64087135,5304389.046149763,6771.280184667664,1569490.9176478027,5305316.066688442,6771.280184667664,1569726.121984214,5305206.389105142,7738.463068191616,1569293.8452077613,5304279.368566463,7738.463068191616
1569824.6582042344,5305724.738166131,7254.87162642964,1.638629088836213,1569490.9176478027,5305316.066688442,6771.280184667664,1569923.1944242553,5306243.08722712,6771.280184667664,1570158.3987606668,5306133.4096438205,7738.463068191616,1569726.121984214,5305206.389105142,7738.463068191616
1570256.9349806877,5306651.7587048095,7254.87162642964,0.4519591104930441,1569923.1944242553,5306243.08722712,6771.280184667664,1570355.471200708,5307170.107765798,6771.280184667664,1570590.6755371196,5307060.430182499,7738.463068191616,1570158.3987606668,5306133.4096438205,7738.463068191616
1570689.2117571405,5307578.779243488,7254.87162642964,0.14820299943152682,1570355.471200708,5307170.107765798,6771.280184667664,1570787.7479771608,5308097.128304478,6771.280184667664,1571022.9523135724,5307987.450721177,7738.463068191616,1570590.6755371196,5307060.430182499,7738.463068191616
1571121.4885335928,5308505.799782166,7254.87162642964,0.34606276942343406,1570787.7479771608,5308097.128304478,6771.280184667664,1571220.0247536136,5309024.148843155,6771.280184667664,1571455.2290900252,5308914.471259856,7738.463068191616,1571022.9523135724,5307987.450721177,7738.463068191616
1571553.765310046,5309432.820320845,7254.87162642964,0.5189490250699992,1571220.0247536136,5309024.148843155,6771.280184667664,1571652.3015300666,5309951.169381834,6771.280184667664,1571887.5058664777,5309841.491798534,7738.463068191616,1571455.2290900252,5308914.471259856,7738.463068191616
1571986.0420864986,5310359.840859523,7254.87162642964,0.26552739988869456,1571652.3015300666,5309951.169381834,6771.280184667664,1572084.5783065192,5310878.189920512,6771.280184667664,1572319.7826429307,5310768.512337213,7738.463068191616,1571887.5058664777,5309841.491798534,7738.463068191616
1572418.3188629511,5311286.861398201,7254.87162642964,0.25783921300239526,1572084.5783065192,5310878.189920512,6771.280184667664,1572516.855082972,5311805.21045919,6771.280184667664,1572752.0594193833,5311695.532875892,7738.463068191616,1572319.7826429307,5310768.512337213,7738.463068191616
1572850.5956394041,5312213.88193688,7254.87162642964,0.2661243416305839,1572516.855082972,5311805.21045919,6771.280184667664,1572949.1318594245,5312732.23099787,6771.280184667664,1573184.336195836,5312622.553414569,7738.463068191616,1572752.0594193833,5311695.532875892,7738.463068191616
1573282.872415857,5313140.902475559,7254.87162642964,0.2717054670996107,1572949.1318594245,5312732.23099787,6771.280184667664,1573381.4086358775,5313659.251536548,6771.280184667664,1573616.612972289,5313549.573953248,7738.463068191616,1573184.336195836,5312622.553414569,7738.463068191616
1573715.1491923092,5314067.923014238,7254.87162642964,0.4920396659853565,1573381.4086358775,5313659.251536548,6771.280184667664,1573813.68541233,5314586.2720752265,6771.280184667664,1574048.8897487416,5314476.594491926,7738.463068191616,1573616.612972289,5313549.573953248,7738.463068191616
1574147.4259687625,5314994.943552916,7254.87162642964,0.982829634511226,1573813.68541233,5314586.2720752265,6771.280184667664,1574245.962188783,5315513.292613905,6771.280184667664,1574481.1665251944,5315403.615030605,7738.463068191616,1574048.8897487416,5314476.594491926,7738.463068191616
1574579.7027452153,5315921.964091594,7254.87162642964,1.2365111301393028,1574245.962188783,5315513.292613905,6771.280184667664,1574678.2389652359,5316440.313152583,6771.280184667664,1574913.4433016472,5316330.635569284,7738.463068191616,1574481.1665251944,5315403.615030605,7738.463068191616
1575011.9795216676,5316848.984630273,7254.87162642964,0.9416710231040878,1574678.2389652359,5316440.313152583,6771.280184667664,1575110.5157416884,5317367.333691263,6771.280184667664,1575345.7200781,5317257.656107962,7738.463068191616,1574913.4433016472,5316330.635569284,7738.463068191616
1575444.2562981208,5317776.005168951,7254.87162642964,1.4154476296093104,1575110.5157416884,5317367.333691263,6771.280184667664,1575542.7925181412,5318294.354229941,6771.280184667664,1575777.9968545525,5318184.6766466405,7738.463068191616,1575345.7200781,5317257.656107962,7738.463068191616
1575876.5330745734,5318703.0257076295,7254.87162642964,1.777746049744568,1575542.7925181412,5318294.354229941,6771.280184667664,1575975.069294594,5319221.374768619,6771.280184667664,1576210.2736310055,5319111.697185319,7738.463068191616,1575777.9968545525,5318184.6766466405,7738.463068191616
1576308.809851026,5319630.046246308,7254.87162642964,0.7567315502762582,1575975.069294594,5319221.374768619,6771.280184667664,1576407.3460710468,5320148.395307298,6771.280184667664,1576642.550407458,5320038.717723997,7738.463068191616,1576210.2736310055,5319111.697185319,7738.463068191616
1576741.086627479,5320557.066784986,7254.87162642964,1.0449863545577924,1576407.3460710468,5320148.395307298,6771.280184667664,1576839.6228474993,5321075.415845976,6771.280184667664,1577074.8271839109,5320965.738262677,7738.463068191616,1576642.550407458,5320038.717723997,7738.463068191616
1577173.3634039315,5321484.087323666,7254.87162642964,1.5301987180153884,1576839.6228474993,5321075.415845976,6771.280184667664,1577271.8996239523,5322002.436384655,6771.280184667664,1577507.1039603637,5321892.758801355,7738.463068191616,1577074.8271839109,5320965.738262677,7738.463068191616
1577605.6401803843,5322411.107862344,7254.87162642964,1.9034357737800516,1577271.8996239523,5322002.436384655,6771.280184667664,1577704.176400405,5322929.456923333,6771.280184667664,1577939.3807368164,5322819.779340033,7738.463068191616,1577507.1039603637,5321892.758801355,7738.463068191616
1578037.9169568373,5323338.128401023,7254.87162642964,2.418155520425474,1577704.176400405,5322929.456923333,6771.280184667664,1578136.4531768577,5323856.477462011,6771.280184667664,1578371.6575132692,5323746.799878712,7738.463068191616,1577939.3807368164,5322819.779340033,7738.463068191616
1566601.6483290242,5298198.896273403,8222.054509953592,2.7791702278950936,1566267.907772592,5297790.224795714,7738.463068191616,1566700.1845490448,5298717.2453343915,7738.463068191616,1566935.3888854561,5298607.567751093,8705.645951715567,1566503.1121090036,5297680.5472124135,8705.645951715567
1567033.925105477,5299125.916812082,8222.054509953592,3.308703215125027,1566700.1845490448,5298717.2453343915,7738.463068191616,1567132.4613254976,5299644.26587307,7738.463068191616,1567367.6656619092,5299534.588289771,8705.645951715567,1566935.3888854561,5298607.567751093,8705.645951715567
1567466.2018819298,5300052.937350759,8222.054509953592,3.5382035894040715,1567132.4613254976,5299644.26587307,7738.463068191616,1567564.7381019504,5300571.286411749,7738.463068191616,1567799.9424383617,5300461.60882845,8705.645951715567,1567367.6656619092,5299534.588289771,8705.645951715567
1567898.4786583823,5300979.957889438,8222.054509953592,3.201268378983018,1567564.7381019504,5300571.286411749,7738.463068191616,1567997.0148784032,5301498.306950428,7738.463068191616,1568232.2192148145,5301388.629367128,8705.645951715567,1567799.9424383617,5300461.60882845,8705.645951715567
1568330.7554348353,5301906.978428116,8222.054509953592,1.6672934106265798,1567997.0148784032,5301498.306950428,7738.463068191616,1568429.291654856,5302425.327489106,7738.463068191616,1568664.4959912673,5302315.6499058055,8705.645951715567,1568232.2192148145,5301388.629367128,8705.645951715567
1568763.0322112879,5302833.998966794,8222.054509953592,1.1278813449768066,1568429.291654856,5302425.327489106,7738.463068191616,1568861.5684313085,5303352.348027784,7738.463068191616,1569096.77276772,5303242.670444485,8705.645951715567,1568664.4959912673,5302315.6499058055,8705.645951715567
1569195.3089877407,5303761.019505474,8222.054509953592,0.7148573735563901,1568861.5684313085,5303352.348027784,7738.463068191616,1569293.8452077613,5304279.368566463,7738.463068191616,1569529.0495441728,5304169.690983163,8705.645951715567,1569096.77276772,5303242.670444485,8705.645951715567
1569627.5857641934,5304688.040044152,8222.054509953592,1.123155964349669,1569293.8452077613,5304279.368566463,7738.463068191616,1569726.121984214,5305206.389105142,7738.463068191616,1569961.3263206256,5305096.711521842,8705.645951715567,1569529.0495441728,5304169.690983163,8705.645951715567
1570059.8625406462,5305615.0605828315,8222.054509953592,1.022516054360306,1569726.121984214,5305206.389105142,7738.463068191616,1570158.3987606668,5306133.4096438205,7738.463068191616,1570393.6030970784,5306023.73206052,8705.645951715567,1569961.3263206256,5305096.711521842,8705.645951715567
1570492.139317099,5306542.08112151,8222.054509953592,0.3571342446851578,1570158.3987606668,5306133.4096438205,7738.463068191616,1570590.6755371196,5307060.430182499,7738.463068191616,1570825.879873531,5306950.752599198,8705.645951715567,1570393.6030970784,5306023.73206052,8705.645951715567
1570924.4160935518,5307469.101660188,8222.054509953592,0.10916547775507407,1570590.6755371196,5307060.430182499,7738.463068191616,1571022.9523135724,5307987.450721177,7738.463068191616,1571258.1566499837,5307877.773137877,8705.645951715567,1570825.879873531,5306950.752599198,8705.645951715567
1571356.6928700046,5308396.122198867,8222.054509953592,0.141493159045219,1571022.9523135724,5307987.450721177,7738.463068191616,1571455.2290900252,5308914.471259856,7738.463068191616,1571690.4334264365,5308804.793676556,8705.645951715567,1571258.1566499837,5307877.773137877,8705.645951715567
1571788.9696464571,5309323.142737545,8222.054509953592,0.17959197263631788,1571455.2290900252,5308914.471259856,7738.463068191616,1571887.5058664777,5309841.491798534,7738.463068191616,1572122.7102028893,5309731.8142152345,8705.645951715567,1571690.4334264365,5308804.793676556,8705.645951715567
1572221.2464229101,5310250.1632762235,8222.054509953592,0.034966731430369116,1571887.5058664777,5309841.491798534,7738.463068191616,1572319.7826429307,5310768.512337213,7738.463068191616,1572554.986979342,5310658.834753913,8705.645951715567,1572122.7102028893,5309731.8142152345,8705.645951715567
1572653.5231993627,5311177.183814902,8222.054509953592,0.12317820865324479,1572319.7826429307,5310768.512337213,7738.463068191616,1572752.0594193833,5311695.532875892,7738.463068191616,1572987.2637557948,5311585.855292591,8705.645951715567,1572554.986979342,5310658.834753913,8705.645951715567
1573085.7999758155,5312104.20435358,8222.054509953592,0.28583072803173243,1572752.0594193833,5311695.532875892,7738.463068191616,1573184.336195836,5312622.553414569,7738.463068191616,1573419.5405322476,5312512.87583127,8705.645951715567,1572987.2637557948,5311585.855292591,8705.645951715567
1573518.0767522685,5313031.224892259,8222.054509953592,0.17727635635346495,1573184.336195836,5312622.553414569,7738.463068191616,1573616.612972289,5313549.573953248,7738.463068191616,1573851.8173087002,5313439.896369948,8705.645951715567,1573419.5405322476,5312512.87583127,8705.645951715567
1573950.353528721,5313958.245430937,8222.054509953592,0.23119881709361453,1573616.612972289,5313549.573953248,7738.463068191616,1574048.8897487416,5314476.594491926,7738.463068191616,1574284.0940851532,5314366.916908627,8705.645951715567,1573851.8173087002,5313439.896369948,8705.645951715567
1574382.6303051738,5314885.265969615,8222.054509953592,0.9233328123507414,1574048.8897487416,5314476.594491926,7738.463068191616,1574481.1665251944,5315403.615030605,7738.463068191616,1574716.3708616057,5315293.937447306,8705.645951715567,1574284.0940851532,5314366.916908627,8705.645951715567
1574814.9070816266,5315812.286508295,8222.054509953592,1.5676938254184534,1574481.1665251944,5315403.615030605,7738.463068191616,1574913.4433016472,5316330.635569284,7738.463068191616,1575148.6476380588,5316220.957985983,8705.645951715567,1574716.3708616057,5315293.937447306,8705.645951715567
1575247.1838580794,5316739.307046973,8222.054509953592,1.0992352831422956,1574913.4433016472,5316330.635569284,7738.463068191616,1575345.7200781,5317257.656107962,7738.463068191616,1575580.9244145113,5317147.978524662,8705.645951715567,1575148.6476380588,5316220.957985983,8705.645951715567
1575679.460634532,5317666.327585652,8222.054509953592,1.7507231085527057,1575345.7200781,5317257.656107962,7738.463068191616,1575777.9968545525,5318184.6766466405,7738.463068191616,1576013.201190964,5318074.99906334,8705.645951715567,1575580.9244145113,5317147.978524662,8705.645951715567
1576111.737410985,5318593.34812433,8222.054509953592,2.6223278576733797,1575777.9968545525,5318184.6766466405,7738.463068191616,1576210.2736310055,5319111.697185319,7738.463068191616,1576445.4779674169,5319002.019602019,8705.645951715567,1576013.201190964,5318074.99906334,8705.645951715567
1576544.0141874375,5319520.368663008,8222.054509953592,2.8809417837857834,1576210.2736310055,5319111.697185319,7738.463068191616,1576642.550407458,5320038.717723997,7738.463068191616,1576877.7547438696,5319929.040140698,8705.645951715567,1576445.4779674169,5319002.019602019,8705.645951715567
1576976.2909638903,5320447.389201687,8222.054509953592,2.4756904353070417,1576642.550407458,5320038.717723997,7738.463068191616,1577074.8271839109,5320965.738262677,7738.463068191616,1577310.0315203224,5320856.060679376,8705.645951715567,1576877.7547438696,5319929.040140698,8705.645951715567
1577408.5677403433,5321374.409740365,8222.054509953592,2.290282892020457,1577074.8271839109,5320965.738262677,7738.463068191616,1577507.1039603637,5321892.758801355,7738.463068191616,1577742.308296775,5321783.0812180545,8705.645951715567,1577310.0315203224,5320856.060679376,8705.645951715567
1577840.8445167958,5322301.4302790435,8222.054509953592,2.1835064087861347,1577507.1039603637,5321892.758801355,7738.463068191616,1577939.3807368164,5322819.779340033,7738.463068191616,1578174.585073228,5322710.101756733,8705.645951715567,1577742.308296775,5321783.0812180545,8705.645951715567
1578273.1212932486,5323228.450817722,8222.054509953592,1.4722796406321554,1577939.3807368164,5322819.779340033,7738.463068191616,1578371.6575132692,5323746.799878712,7738.463068191616,1578606.8618496805,5323637.122295412,8705.645951715567,1578174.585073228,5322710.101756733,8705.645951715567
1566836.8526654355,5298089.218690103,9189.237393477544,1.8152635159415882,1566503.1121090036,5297680.5472124135,8705.645951715567,1566935.3888854561,5298607.567751093,8705.645951715567,1567170.5932218677,5298497.890167792,9672.82883523952,1566738.316445415,5297570.869629114,9672.82883523952
1567269.1294418883,5299016.239228782,9189.237393477544,2.0660669938286715,1566935.3888854561,5298607.567751093,8705.645951715567,1567367.6656619092,5299534.588289771,8705.645951715567,1567602.8699983202,5299424.910706471,9672.82883523952,1567170.5932218677,5298497.890167792,9672.82883523952
1567701.406218341,5299943.259767461,9189.237393477544,2.651419878615293,1567367.6656619092,5299534.588289771,8705.645951715567,1567799.9424383617,5300461.60882845,8705.645951715567,1568035.1467747733,5300351.931245149,9672.82883523952,1567602.8699983202,5299424.910706471,9672.82883523952
1568133.6829947939,5300870.280306139,9189.237393477544,2.2468119796883386,1567799.9424383617,5300461.60882845,8705.645951715567,1568232.2192148145,5301388.629367128,8705.645951715567,1568467.423551226,5301278.951783828,9672.82883523952,1568035.1467747733,5300351.931245149,9672.82883523952
1568565.9597712464,5301797.300844817,9189.237393477544,1.1317749049992392,1568232.2192148145,5301388.629367128,8705.645951715567,1568664.4959912673,5302315.6499058055,8705.645951715567,1568899.7003276788,5302205.972322507,9672.82883523952,1568467.423551226,5301278.951783828,9672.82883523952
1568998.2365476994,5302724.321383496,9189.237393477544,0.7942131328141624,1568664.4959912673,5302315.6499058055,8705.645951715567,1569096.77276772,5303242.670444485,8705.645951715567,1569331.9771041316,5303132.992861185,9672.82883523952,1568899.7003276788,5302205.972322507,9672.82883523952
1569430.5133241522,5303651.341922173,9189.237393477544,0.39810467206425665,1569096.77276772,5303242.670444485,8705.645951715567,1569529.0495441728,5304169.690983163,8705.645951715567,1569764.2538805841,5304060.013399864,9672.82883523952,1569331.9771041316,5303132.992861185,9672.82883523952
1569862.7901006048,5304578.362460852,9189.237393477544,0.4094006016155232,1569529.0495441728,5304169.690983163,8705.645951715567,1569961.3263206256,5305096.711521842,8705.645951715567,1570196.530657037,5304987.033938542,9672.82883523952,1569764.2538805841,5304060.013399864,9672.82883523952
1570295.0668770578,5305505.38299953,9189.237393477544,0.34846922296453187,1569961.3263206256,5305096.711521842,8705.645951715567,1570393.6030970784,5306023.73206052,8705.645951715567,1570628.8074334897,5305914.0544772195,9672.82883523952,1570196.530657037,5304987.033938542,9672.82883523952
1570727.3436535103,5306432.403538208,9189.237393477544,0.17372777706088274,1570393.6030970784,5306023.73206052,8705.645951715567,1570825.879873531,5306950.752599198,8705.645951715567,1571061.0842099425,5306841.075015899,9672.82883523952,1570628.8074334897,5305914.0544772195,9672.82883523952
1571159.6204299629,5307359.424076888,9189.237393477544,0.10159058471174276,1570825.879873531,5306950.752599198,8705.645951715567,1571258.1566499837,5307877.773137877,8705.645951715567,1571493.360986395,5307768.095554577,9672.82883523952,1571061.0842099425,5306841.075015899,9672.82883523952
1571591.897206416,5308286.444615566,9189.237393477544,0.05424707870591224,1571258.1566499837,5307877.773137877,8705.645951715567,1571690.4334264365,5308804.793676556,8705.645951715567,1571925.637762848,5308695.116093256,9672.82883523952,1571493.360986395,5307768.095554577,9672.82883523952
1572024.1739828687,5309213.4651542455,9189.237393477544,0.05238435347728574,1571690.4334264365,5308804.793676556,8705.645951715567,1572122.7102028893,5309731.8142152345,8705.645951715567,1572357.9145393008,5309622.136631934,9672.82883523952,1571925.637762848,5308695.116093256,9672.82883523952
1572456.4507593215,5310140.485692924,9189.237393477544,0.013491578495571935,1572122.7102028893,5309731.8142152345,8705.645951715567,1572554.986979342,5310658.834753913,8705.645951715567,1572790.1913157534,5310549.157170612,9672.82883523952,1572357.9145393008,5309622.136631934,9672.82883523952
1572888.7275357742,5311067.506231602,9189.237393477544,0.12488292638176998,1572554.986979342,5310658.834753913,8705.645951715567,1572987.2637557948,5311585.855292591,8705.645951715567,1573222.4680922064,5311476.177709292,9672.82883523952,1572790.1913157534,5310549.157170612,9672.82883523952
1573321.004312227,5311994.526770281,9189.237393477544,0.3472814266903576,1572987.2637557948,5311585.855292591,8705.645951715567,1573419.5405322476,5312512.87583127,8705.645951715567,1573654.744868659,5312403.19824797,9672.82883523952,1573222.4680922064,5311476.177709292,9672.82883523952
1573753.2810886793,5312921.547308959,9189.237393477544,0.6086100005687656,1573419.5405322476,5312512.87583127,8705.645951715567,1573851.8173087002,5313439.896369948,8705.645951715567,1574087.0216451117,5313330.2187866485,9672.82883523952,1573654.744868659,5312403.19824797,9672.82883523952
1574185.5578651326,5313848.567847637,9189.237393477544,0.825678089886075,1573851.8173087002,5313439.896369948,8705.645951715567,1574284.0940851532,5314366.916908627,8705.645951715567,1574519.2984215645,5314257.239325327,9672.82883523952,1574087.0216451117,5313330.2187866485,9672.82883523952
1574617.8346415851,5314775.588386316,9189.237393477544,0.6053661178117749,1574284.0940851532,5314366.916908627,8705.645951715567,1574716.3708616057,5315293.937447306,8705.645951715567,1574951.5751980173,5315184.259864005,9672.82883523952,1574519.2984215645,5314257.239325327,9672.82883523952
1575050.111418038,5315702.608924994,9189.237393477544,1.0420137075865963,1574716.3708616057,5315293.937447306,8705.645951715567,1575148.6476380588,5316220.957985983,8705.645951715567,1575383.85197447,5316111.280402684,9672.82883523952,1574951.5751980173,5315184.259864005,9672.82883523952
1575482.3881944907,5316629.629463674,9189.237393477544,2.4839647085876493,1575148.6476380588,5316220.957985983,8705.645951715567,1575580.9244145113,5317147.978524662,8705.645951715567,1575816.1287509229,5317038.300941363,9672.82883523952,1575383.85197447,5316111.280402684,9672.82883523952
1575914.6649709435,5317556.650002351,9189.237393477544,3.273149719696564,1575580.9244145113,5317147.978524662,8705.645951715567,1576013.201190964,5318074.99906334,8705.645951715567,1576248.4055273756,5317965.321480041,9672.82883523952,1575816.1287509229,5317038.300941363,9672.82883523952
1576346.941747396,5318483.670541029,9189.237393477544,3.3724009695607484,1576013.201190964,5318074.99906334,8705.645951715567,1576445.4779674169,5319002.019602019,8705.645951715567,1576680.6823038282,5318892.34201872,9672.82883523952,1576248.4055273756,5317965.321480041,9672.82883523952
1576779.218523849,5319410.691079709,9189.237393477544,3.3033758756026033,1576445.4779674169,5319002.019602019,8705.645951715567,1576877.7547438696,5319929.040140698,8705.645951715567,1577112.9590802812,5319819.362557397,9672.82883523952,1576680.6823038282,5318892.34201872,9672.82883523952
1577211.4953003018,5320337.711618387,9189.237393477544,2.715735372350952,1576877.7547438696,5319929.040140698,8705.645951715567,1577310.0315203224,5320856.060679376,8705.645951715567,1577545.2358567338,5320746.383096076,9672.82883523952,1577112.9590802812,5319819.362557397,9672.82883523952
1577643.7720767541,5321264.7321570655,9189.237393477544,2.242658899079395,1577310.0315203224,5320856.060679376,8705.645951715567,1577742.308296775,5321783.0812180545,8705.645951715567,1577977.5126331865,5321673.403634754,9672.82883523952,1577545.2358567338,5320746.383096076,9672.82883523952
1578076.0488532074,5322191.752695744,9189.237393477544,1.6346144053845926,1577742.308296775,5321783.0812180545,8705.645951715567,1578174.585073228,5322710.101756733,8705.645951715567,1578409.7894096393,5322600.424173433,9672.82883523952,1577977.5126331865,5321673.403634754,9672.82883523952
1578508.32562966,5323118.773234422,9189.237393477544,1.8030468021265373,1578174.585073228,5322710.101756733,8705.645951715567,1578606.8618496805,5323637.122295412,8705.645951715567,1578842.066186092,5323527.444712112,9672.82883523952,1578409.7894096393,5322600.424173433,9672.82883523952
1567072.057001847,5297979.541106802,10156.420277001494,1.1259046736188711,1566738.316445415,5297570.869629114,9672.82883523952,1567170.5932218677,5298497.890167792,9672.82883523952,1567405.797558279,5298388.212584492,10640.011718763471,1566973.5207818265,5297461.192045813,10640.011718763471
1567504.3337782996,5298906.561645482,10156.420277001494,1.7952612222157656,1567170.5932218677,5298497.890167792,9672.82883523952,1567602.8699983202,5299424.910706471,9672.82883523952,1567838.0743347318,5299315.233123171,10640.011718763471,1567405.797558279,5298388.212584492,10640.011718763471
1567936.6105547524,5299833.58218416,10156.420277001494,1.4106442990593846,1567602.8699983202,5299424.910706471,9672.82883523952,1568035.1467747733,5300351.931245149,9672.82883523952,1568270.3511111848,5300242.25366185,10640.011718763471,1567838.0743347318,5299315.233123171,10640.011718763471
1568368.8873312054,5300760.6027228385,10156.420277001494,0.7839216028469038,1568035.1467747733,5300351.931245149,9672.82883523952,1568467.423551226,5301278.951783828,9672.82883523952,1568702.6278876374,5301169.274200528,10640.011718763471,1568270.3511111848,5300242.25366185,10640.011718763471
1568801.164107658,5301687.623261518,10156.420277001494,0.5585666919613765,1568467.423551226,5301278.951783828,9672.82883523952,1568899.7003276788,5302205.972322507,9672.82883523952,1569134.9046640901,5302096.294739206,10640.011718763471,1568702.6278876374,5301169.274200528,10640.011718763471
1569233.440884111,5302614.643800196,10156.420277001494,0.39177875768685233,1568899.7003276788,5302205.972322507,9672.82883523952,1569331.9771041316,5303132.992861185,9672.82883523952,1569567.181440543,5303023.315277885,10640.011718763471,1569134.9046640901,5302096.294739206,10640.011718763471
1569665.7176605635,5303541.664338875,10156.420277001494,0.1343499371747898,1569331.9771041316,5303132.992861185,9672.82883523952,1569764.2538805841,5304060.013399864,9672.82883523952,1569999.4582169957,5303950.335816563,10640.011718763471,1569567.181440543,5303023.315277885,10640.011718763471
1570097.9944370163,5304468.684877553,10156.420277001494,0.16976580913834305,1569764.2538805841,5304060.013399864,9672.82883523952,1570196.530657037,5304987.033938542,9672.82883523952,1570431.7349934482,5304877.356355242,10640.011718763471,1569999.4582169957,5303950.335816563,10640.011718763471
1570530.2712134689,5305395.705416231,10156.420277001494,0.14427192348694362,1570196.530657037,5304987.033938542,9672.82883523952,1570628.8074334897,5305914.0544772195,9672.82883523952,1570864.0117699013,5305804.376893921,10640.011718763471,1570431.7349934482,5304877.356355242,10640.011718763471
1570962.5479899219,5306322.72595491,10156.420277001494,0.24484041443863536,1570628.8074334897,5305914.0544772195,9672.82883523952,1571061.0842099425,5306841.075015899,9672.82883523952,1571296.288546354,5306731.397432599,10640.011718763471,1570864.0117699013,5305804.376893921,10640.011718763471
1571394.8247663744,5307249.746493587,10156.420277001494,0.09586768553816902,1571061.0842099425,5306841.075015899,9672.82883523952,1571493.360986395,5307768.095554577,9672.82883523952,1571728.5653228066,5307658.417971278,10640.011718763471,1571296.288546354,5306731.397432599,10640.011718763471
1571827.1015428272,5308176.767032266,10156.420277001494,0.053059365785111674,1571493.360986395,5307768.095554577,9672.82883523952,1571925.637762848,5308695.116093256,9672.82883523952,1572160.8420992596,5308585.438509956,10640.011718763471,1571728.5653228066,5307658.417971278,10640.011718763471
1572259.3783192802,5309103.787570944,10156.420277001494,0.0263546984660612,1571925.637762848,5308695.116093256,9672.82883523952,1572357.9145393008,5309622.136631934,9672.82883523952,1572593.1188757122,5309512.459048634,10640.011718763471,1572160.8420992596,5308585.438509956,10640.011718763471
1572691.6550957328,5310030.808109623,10156.420277001494,0.04292140004913527,1572357.9145393008,5309622.136631934,9672.82883523952,1572790.1913157534,5310549.157170612,9672.82883523952,1573025.395652165,5310439.479587313,10640.011718763471,1572593.1188757122,5309512.459048634,10640.011718763471
1573123.9318721856,5310957.828648302,10156.420277001494,0.16027531410626583,1572790.1913157534,5310549.157170612,9672.82883523952,1573222.4680922064,5311476.177709292,9672.82883523952,1573457.6724286177,5311366.500125991,10640.011718763471,1573025.395652165,5310439.479587313,10640.011718763471
1573556.2086486383,5311884.849186981,10156.420277001494,0.35911104453559956,1573222.4680922064,5311476.177709292,9672.82883523952,1573654.744868659,5312403.19824797,9672.82883523952,1573889.9492050705,5312293.52066467,10640.011718763471,1573457.6724286177,5311366.500125991,10640.011718763471
1573988.485425091,5312811.8697256595,10156.420277001494,0.685473975435678,1573654.744868659,5312403.19824797,9672.82883523952,1574087.0216451117,5313330.2187866485,9672.82883523952,1574322.225981523,5313220.541203348,10640.011718763471,1573889.9492050705,5312293.52066467,10640.011718763471
1574420.7622015437,5313738.890264338,10156.420277001494,1.1057331567060877,1574087.0216451117,5313330.2187866485,9672.82883523952,1574519.2984215645,5314257.239325327,9672.82883523952,1574754.5027579758,5314147.561742026,10640.011718763471,1574322.225981523,5313220.541203348,10640.011718763471
1574853.0389779967,5314665.910803016,10156.420277001494,1.4793315223594552,1574519.2984215645,5314257.239325327,9672.82883523952,1574951.5751980173,5315184.259864005,9672.82883523952,1575186.7795344288,5315074.582280706,10640.011718763471,1574754.5027579758,5314147.561742026,10640.011718763471
1575285.3157544495,5315592.931341695,10156.420277001494,2.0437916421655227,1574951.5751980173,5315184.259864005,9672.82883523952,1575383.85197447,5316111.280402684,9672.82883523952,1575619.0563108814,5316001.602819384,10640.011718763471,1575186.7795344288,5315074.582280706,10640.011718763471
1575717.592530902,5316519.951880373,10156.420277001494,3.06594506929458,1575383.85197447,5316111.280402684,9672.82883523952,1575816.1287509229,5317038.300941363,9672.82883523952,1576051.3330873344,5316928.6233580625,10640.011718763471,1575619.0563108814,5316001.602819384,10640.011718763471
1576149.869307355,5317446.972419051,10156.420277001494,3.9214942321158035,1575816.1287509229,5317038.300941363,9672.82883523952,1576248.4055273756,5317965.321480041,9672.82883523952,1576483.609863787,5317855.643896741,10640.011718763471,1576051.3330873344,5316928.6233580625,10640.011718763471
1576582.1460838076,5318373.99295773,10156.420277001494,3.964903488558488,1576248.4055273756,5317965.321480041,9672.82883523952,1576680.6823038282,5318892.34201872,9672.82883523952,1576915.8866402397,5318782.664435419,10640.011718763471,1576483.609863787,5317855.643896741,10640.011718763471
1577014.4228602604,5319301.013496408,10156.420277001494,3.7497548381514454,1576680.6823038282,5318892.34201872,9672.82883523952,1577112.9590802812,5319819.362557397,9672.82883523952,1577348.1634166923,5319709.684974098,10640.011718763471,1576915.8866402397,5318782.664435419,10640.011718763471
1577446.6996367131,5320228.034035088,10156.420277001494,2.562784550031478,1577112.9590802812,5319819.362557397,9672.82883523952,1577545.2358567338,5320746.383096076,9672.82883523952,1577780.4401931453,5320636.705512777,10640.011718763471,1577348.1634166923,5319709.684974098,10640.011718763471
1577878.976413166,5321155.054573765,10156.420277001494,2.063326462925903,1577545.2358567338,5320746.383096076,9672.82883523952,1577977.5126331865,5321673.403634754,9672.82883523952,1578212.716969598,5321563.726051455,10640.011718763471,1577780.4401931453,5320636.705512777,10640.011718763471
1578311.2531896187,5322082.075112443,10156.420277001494,1.7203513243813757,1577977.5126331865,5321673.403634754,9672.82883523952,1578409.7894096393,5322600.424173433,9672.82883523952,1578644.9937460509,5322490.746590134,10640.011718763471,1578212.716969598,5321563.726051455,10640.011718763471
1578743.5299660715,5323009.095651123,10156.420277001494,1.021631788512929,1578409.7894096393,5322600.424173433,9672.82883523952,1578842.066186092,5323527.444712112,9672.82883523952,1579077.2705225036,5323417.767128811,10640.011718763471,1578644.9937460509,5322490.746590134,10640.011718763471
1567307.2613382586,5297869.863523503,11123.603160525448,0.9328318379280399,1566973.5207818265,5297461.192045813,10640.011718763471,1567405.797558279,5298388.212584492,10640.011718763471,1567641.0018946913,5298278.535001192,11607.194602287424,1567208.7251182385,5297351.514462514,11607.194602287424
1567739.5381147116,5298796.884062181,11123.603160525448,1.499914814064544,1567405.797558279,5298388.212584492,10640.011718763471,1567838.0743347318,5299315.233123171,10640.011718763471,1568073.2786711443,5299205.55553987,11607.194602287424,1567641.0018946913,5298278.535001192,11607.194602287424
1568171.8148911644,5299723.90460086,11123.603160525448,0.8098675677352449,1567838.0743347318,5299315.233123171,10640.011718763471,1568270.3511111848,5300242.25366185,10640.011718763471,1568505.5554475968,5300132.576078549,11607.194602287424,1568073.2786711443,5299205.55553987,11607.194602287424
1568604.0916676172,5300650.925139538,11123.603160525448,0.3703744025079046,1568270.3511111848,5300242.25366185,10640.011718763471,1568702.6278876374,5301169.274200528,10640.011718763471,1568937.8322240498,5301059.596617227,11607.194602287424,1568505.5554475968,5300132.576078549,11607.194602287424
1569036.36844407,5301577.945678216,11123.603160525448,0.31866896748313833,1568702.6278876374,5301169.274200528,10640.011718763471,1569134.9046640901,5302096.294739206,10640.011718763471,1569370.1090005024,5301986.617155906,11607.194602287424,1568937.8322240498,5301059.596617227,11607.194602287424
1569468.6452205225,5302504.966216895,11123.603160525448,0.16641806723848293,1569134.9046640901,5302096.294739206,10640.011718763471,1569567.181440543,5303023.315277885,10640.011718763471,1569802.3857769552,5302913.637694584,11607.194602287424,1569370.1090005024,5301986.617155906,11607.194602287424
1569900.9219969753,5303431.986755573,11123.603160525448,0.27172209750266296,1569567.181440543,5303023.315277885,10640.011718763471,1569999.4582169957,5303950.335816563,10640.011718763471,1570234.6625534077,5303840.658233263,11607.194602287424,1569802.3857769552,5302913.637694584,11607.194602287424
1570333.198773428,5304359.0072942525,11123.603160525448,0.13585259587192716,1569999.4582169957,5303950.335816563,10640.011718763471,1570431.7349934482,5304877.356355242,10640.011718763471,1570666.9393298607,5304767.678771942,11607.194602287424,1570234.6625534077,5303840.658233263,11607.194602287424
1570765.4755498809,5305286.027832932,11123.603160525448,0.17256423413969904,1570431.7349934482,5304877.356355242,10640.011718763471,1570864.0117699013,5305804.376893921,10640.011718763471,1571099.2161063135,5305694.69931062,11607.194602287424,1570666.9393298607,5304767.678771942,11607.194602287424
1571197.7523263337,5306213.04837161,11123.603160525448,0.48550590285321715,1570864.0117699013,5305804.376893921,10640.011718763471,1571296.288546354,5306731.397432599,10640.011718763471,1571531.492882766,5306621.719849299,11607.194602287424,1571099.2161063135,5305694.69931062,11607.194602287424
1571630.0291027864,5307140.068910289,11123.603160525448,0.35502719234611385,1571296.288546354,5306731.397432599,10640.011718763471,1571728.5653228066,5307658.417971278,10640.011718763471,1571963.769659219,5307548.740387977,11607.194602287424,1571531.492882766,5306621.719849299,11607.194602287424
1572062.3058792392,5308067.089448967,11123.603160525448,0.3305079369514031,1571728.5653228066,5307658.417971278,10640.011718763471,1572160.8420992596,5308585.438509956,10640.011718763471,1572396.0464356716,5308475.7609266555,11607.194602287424,1571963.769659219,5307548.740387977,11607.194602287424
1572494.582655692,5308994.109987645,11123.603160525448,0.11164407017709956,1572160.8420992596,5308585.438509956,10640.011718763471,1572593.1188757122,5309512.459048634,10640.011718763471,1572828.3232121246,5309402.781465335,11607.194602287424,1572396.0464356716,5308475.7609266555,11607.194602287424
1572926.8594321448,5309921.130526324,11123.603160525448,0.11140915035014398,1572593.1188757122,5309512.459048634,10640.011718763471,1573025.395652165,5310439.479587313,10640.011718763471,1573260.5999885772,5310329.802004013,11607.194602287424,1572828.3232121246,5309402.781465335,11607.194602287424
1573359.1362085973,5310848.151065001,11123.603160525448,0.25094787035167704,1573025.395652165,5310439.479587313,10640.011718763471,1573457.6724286177,5311366.500125991,10640.011718763471,1573692.87676503,5311256.822542692,11607.194602287424,1573260.5999885772,5310329.802004013,11607.194602287424
1573791.4129850501,5311775.17160368,11123.603160525448,0.39957888281734627,1573457.6724286177,5311366.500125991,10640.011718763471,1573889.9492050705,5312293.52066467,10640.011718763471,1574125.1535414825,5312183.84308137,11607.194602287424,1573692.87676503,5311256.822542692,11607.194602287424
1574223.689761503,5312702.192142358,11123.603160525448,0.8186644238632088,1573889.9492050705,5312293.52066467,10640.011718763471,1574322.225981523,5313220.541203348,10640.011718763471,1574557.4303179355,5313110.863620047,11607.194602287424,1574125.1535414825,5312183.84308137,11607.194602287424
1574655.9665379557,5313629.212681036,11123.603160525448,1.156246492757064,1574322.225981523,5313220.541203348,10640.011718763471,1574754.5027579758,5314147.561742026,10640.011718763471,1574989.7070943883,5314037.884158726,11607.194602287424,1574557.4303179355,5313110.863620047,11607.194602287424
1575088.2433144085,5314556.233219716,11123.603160525448,1.4395953875807168,1574754.5027579758,5314147.561742026,10640.011718763471,1575186.7795344288,5315074.582280706,10640.011718763471,1575421.983870841,5314964.904697405,11607.194602287424,1574989.7070943883,5314037.884158726,11607.194602287424
1575520.5200908612,5315483.253758395,11123.603160525448,2.6076401870223087,1575186.7795344288,5315074.582280706,10640.011718763471,1575619.0563108814,5316001.602819384,10640.011718763471,1575854.2606472939,5315891.925236084,11607.194602287424,1575421.983870841,5314964.904697405,11607.194602287424
1575952.796867314,5316410.2742970735,11123.603160525448,3.2379964779681396,1575619.0563108814,5316001.602819384,10640.011718763471,1576051.3330873344,5316928.6233580625,10640.011718763471,1576286.5374237464,5316818.945774762,11607.194602287424,1575854.2606472939,5315891.925236084,11607.194602287424
1576385.0736437666,5317337.294835752,11123.603160525448,4.156510083824812,1576051.3330873344,5316928.6233580625,10640.011718763471,1576483.609863787,5317855.643896741,10640.011718763471,1576718.8142001992,5317745.96631344,11607.194602287424,1576286.5374237464,5316818.945774762,11607.194602287424
1576817.3504202196,5318264.31537443,11123.603160525448,4.5651904205144636,1576483.609863787,5317855.643896741,10640.011718763471,1576915.8866402397,5318782.664435419,10640.011718763471,1577151.090976652,5318672.986852119,11607.194602287424,1576718.8142001992,5317745.96631344,11607.194602287424
1577249.6271966721,5319191.335913109,11123.603160525448,3.865501229694784,1576915.8866402397,5318782.664435419,10640.011718763471,1577348.1634166923,5319709.684974098,10640.011718763471,1577583.3677531048,5319600.007390797,11607.194602287424,1577151.090976652,5318672.986852119,11607.194602287424
1577681.903973125,5320118.356451787,11123.603160525448,3.3899784928180456,1577348.1634166923,5319709.684974098,10640.011718763471,1577780.4401931453,5320636.705512777,10640.011718763471,1578015.6445295576,5320527.027929476,11607.194602287424,1577583.3677531048,5319600.007390797,11607.194602287424
1578114.180749578,5321045.376990465,11123.603160525448,2.1308408680096753,1577780.4401931453,5320636.705512777,10640.011718763471,1578212.716969598,5321563.726051455,10640.011718763471,1578447.92130601,5321454.048468155,11607.194602287424,1578015.6445295576,5320527.027929476,11607.194602287424
1578546.4575260305,5321972.397529144,11123.603160525448,1.5257617557474443,1578212.716969598,5321563.726051455,10640.011718763471,1578644.9937460509,5322490.746590134,10640.011718763471,1578880.1980824631,5322381.069006833,11607.194602287424,1578447.92130601,5321454.048468155,11607.194602287424
1578978.7343024833,5322899.418067822,11123.603160525448,1.0745356725502926,1578644.9937460509,5322490.746590134,10640.011718763471,1579077.2705225036,5323417.767128811,10640.011718763471,1579312.4748589157,5323308.089545512,11607.194602287424,1578880.1980824631,5322381.069006833,11607.194602287424
1567542.4656746706,5297760.185940203,12090.786044049399,0.4794643394509101,1567208.7251182385,5297351.514462514,11607.194602287424,1567641.0018946913,5298278.535001192,11607.194602287424,1567876.2062311028,5298168.857417893,12574.377485811376,1567443.92945465,5297241.836879214,12574.377485811376
1567974.7424511234,5298687.206478882,12090.786044049399,1.0096144257339204,1567641.0018946913,5298278.535001192,11607.194602287424,1568073.2786711443,5299205.55553987,11607.194602287424,1568308.4830075556,5299095.877956571,12574.377485811376,1567876.2062311028,5298168.857417893,12574.377485811376
1568407.0192275762,5299614.22701756,12090.786044049399,1.8885605403503427,1568073.2786711443,5299205.55553987,11607.194602287424,1568505.5554475968,5300132.576078549,11607.194602287424,1568740.7597840084,5300022.898495249,12574.377485811376,1568308.4830075556,5299095.877956571,12574.377485811376
1568839.2960040292,5300541.247556238,12090.786044049399,0.5622910667264873,1568505.5554475968,5300132.576078549,11607.194602287424,1568937.8322240498,5301059.596617227,11607.194602287424,1569173.0365604612,5300949.919033928,12574.377485811376,1568740.7597840084,5300022.898495249,12574.377485811376
1569271.572780482,5301468.268094917,12090.786044049399,0.23954732753862448,1568937.8322240498,5301059.596617227,11607.194602287424,1569370.1090005024,5301986.617155906,11607.194602287424,1569605.313336914,5301876.939572606,12574.377485811376,1569173.0365604612,5300949.919033928,12574.377485811376
1569703.8495569346,5302395.288633595,12090.786044049399,0.2808654824893849,1569370.1090005024,5301986.617155906,11607.194602287424,1569802.3857769552,5302913.637694584,11607.194602287424,1570037.5901133665,5302803.960111285,12574.377485811376,1569605.313336914,5301876.939572606,12574.377485811376
1570136.126333387,5303322.309172274,12090.786044049399,0.5786864804319257,1569802.3857769552,5302913.637694584,11607.194602287424,1570234.6625534077,5303840.658233263,11607.194602287424,1570469.8668898193,5303730.980649963,12574.377485811376,1570037.5901133665,5302803.960111285,12574.377485811376
1570568.40310984,5304249.329710952,12090.786044049399,0.5731991057611111,1570234.6625534077,5303840.658233263,11607.194602287424,1570666.9393298607,5304767.678771942,11607.194602287424,1570902.1436662723,5304658.001188641,12574.377485811376,1570469.8668898193,5303730.980649963,12574.377485811376
1571000.679886293,5305176.35024963,12090.786044049399,0.3832557599826598,1570666.9393298607,5304767.678771942,11607.194602287424,1571099.2161063135,5305694.69931062,11607.194602287424,1571334.4204427248,5305585.02172732,12574.377485811376,1570902.1436662723,5304658.001188641,12574.377485811376
1571432.9566627454,5306103.370788309,12090.786044049399,0.5967372389319652,1571099.2161063135,5305694.69931062,11607.194602287424,1571531.492882766,5306621.719849299,11607.194602287424,1571766.6972191776,5306512.042265998,12574.377485811376,1571334.4204427248,5305585.02172732,12574.377485811376
1571865.2334391982,5307030.391326987,12090.786044049399,0.6251749616305884,1571531.492882766,5306621.719849299,11607.194602287424,1571963.769659219,5307548.740387977,11607.194602287424,1572198.9739956302,5307439.062804677,12574.377485811376,1571766.6972191776,5306512.042265998,12574.377485811376
1572297.510215651,5307957.4118656665,12090.786044049399,0.45868451037733,1571963.769659219,5307548.740387977,11607.194602287424,1572396.0464356716,5308475.7609266555,11607.194602287424,1572631.2507720832,5308366.083343356,12574.377485811376,1572198.9739956302,5307439.062804677,12574.377485811376
1572729.7869921038,5308884.432404345,12090.786044049399,0.2113831451940236,1572396.0464356716,5308475.7609266555,11607.194602287424,1572828.3232121246,5309402.781465335,11607.194602287424,1573063.5275485357,5309293.103882034,12574.377485811376,1572631.2507720832,5308366.083343356,12574.377485811376
1573162.0637685566,5309811.452943024,12090.786044049399,0.2954247965361362,1572828.3232121246,5309402.781465335,11607.194602287424,1573260.5999885772,5310329.802004013,11607.194602287424,1573495.8043249887,5310220.124420713,12574.377485811376,1573063.5275485357,5309293.103882034,12574.377485811376
1573594.3405450094,5310738.473481703,12090.786044049399,0.27111543875286187,1573260.5999885772,5310329.802004013,11607.194602287424,1573692.87676503,5311256.822542692,11607.194602287424,1573928.0811014415,5311147.144959391,12574.377485811376,1573495.8043249887,5310220.124420713,12574.377485811376
1574026.6173214621,5311665.494020381,12090.786044049399,0.45471407765805244,1573692.87676503,5311256.822542692,11607.194602287424,1574125.1535414825,5312183.84308137,11607.194602287424,1574360.357877894,5312074.1654980695,12574.377485811376,1573928.0811014415,5311147.144959391,12574.377485811376
1574458.8940979147,5312592.514559059,12090.786044049399,1.2207012224628058,1574125.1535414825,5312183.84308137,11607.194602287424,1574557.4303179355,5313110.863620047,11607.194602287424,1574792.6346543469,5313001.186036749,12574.377485811376,1574360.357877894,5312074.1654980695,12574.377485811376
1574891.1708743677,5313519.535097738,12090.786044049399,2.0146183527089256,1574557.4303179355,5313110.863620047,11607.194602287424,1574989.7070943883,5314037.884158726,11607.194602287424,1575224.9114307996,5313928.206575427,12574.377485811376,1574792.6346543469,5313001.186036749,12574.377485811376
1575323.4476508202,5314446.555636415,12090.786044049399,1.559465282466356,1574989.7070943883,5314037.884158726,11607.194602287424,1575421.983870841,5314964.904697405,11607.194602287424,1575657.1882072524,5314855.227114106,12574.377485811376,1575224.9114307996,5313928.206575427,12574.377485811376
1575755.7244272733,5315373.576175094,12090.786044049399,2.6258182527726186,1575421.983870841,5314964.904697405,11607.194602287424,1575854.2606472939,5315891.925236084,11607.194602287424,1576089.4649837052,5315782.247652784,12574.377485811376,1575657.1882072524,5314855.227114106,12574.377485811376
1576188.0012037258,5316300.596713772,12090.786044049399,3.7506594363678563,1575854.2606472939,5315891.925236084,11607.194602287424,1576286.5374237464,5316818.945774762,11607.194602287424,1576521.741760158,5316709.268191461,12574.377485811376,1576089.4649837052,5315782.247652784,12574.377485811376
1576620.2779801786,5317227.61725245,12090.786044049399,4.061770566205983,1576286.5374237464,5316818.945774762,11607.194602287424,1576718.8142001992,5317745.96631344,11607.194602287424,1576954.0185366108,5317636.28873014,12574.377485811376,1576521.741760158,5316709.268191461,12574.377485811376
1577052.5547566311,5318154.637791129,12090.786044049399,4.207747080924366,1576718.8142001992,5317745.96631344,11607.194602287424,1577151.090976652,5318672.986852119,11607.194602287424,1577386.2953130633,5318563.309268819,12574.377485811376,1576954.0185366108,5317636.28873014,12574.377485811376
1577484.8315330842,5319081.658329808,12090.786044049399,4.433250308558052,1577151.090976652,5318672.986852119,11607.194602287424,1577583.3677531048,5319600.007390797,11607.194602287424,1577818.5720895163,5319490.329807498,12574.377485811376,1577386.2953130633,5318563.309268819,12574.377485811376
1577917.108309537,5320008.678868487,12090.786044049399,4.126989367717453,1577583.3677531048,5319600.007390797,11607.194602287424,1578015.6445295576,5320527.027929476,11607.194602287424,1578250.8488659689,5320417.350346176,12574.377485811376,1577818.5720895163,5319490.329807498,12574.377485811376
1578349.3850859893,5320935.699407166,12090.786044049399,3.0744507111602966,1578015.6445295576,5320527.027929476,11607.194602287424,1578447.92130601,5321454.048468155,11607.194602287424,1578683.1256424217,5321344.370884854,12574.377485811376,1578250.8488659689,5320417.350346176,12574.377485811376
1578781.6618624425,5321862.719945844,12090.786044049399,2.258605559344239,1578447.92130601,5321454.048468155,11607.194602287424,1578880.1980824631,5322381.069006833,11607.194602287424,1579115.4024188744,5322271.391423533,12574.377485811376,1578683.1256424217,5321344.370884854,12574.377485811376
1579213.938638895,5322789.740484523,12090.786044049399,2.060684539855514,1578880.1980824631,5322381.069006833,11607.194602287424,1579312.4748589157,5323308.089545512,11607.194602287424,1579547.6791953272,5323198.411962212,12574.377485811376,1579115.4024188744,5322271.391423533,12574.377485811376
1567777.6700110822,5297650.508356903,13057.968927573353,0.3755201562232333,1567443.92945465,5297241.836879214,12574.377485811376,1567876.2062311028,5298168.857417893,12574.377485811376,1568111.4105675141,5298059.179834592,13541.560369335328,1567679.1337910616,5297132.159295914,13541.560369335328
1568209.9467875347,5298577.528895581,13057.968927573353,1.2807106412170985,1567876.2062311028,5298168.857417893,12574.377485811376,1568308.4830075556,5299095.877956571,12574.377485811376,1568543.687343967,5298986.200373271,13541.560369335328,1568111.4105675141,5298059.179834592,13541.560369335328
1568642.2235639878,5299504.5494342595,13057.968927573353,1.9457809646354145,1568308.4830075556,5299095.877956571,12574.377485811376,1568740.7597840084,5300022.898495249,12574.377485811376,1568975.9641204197,5299913.220911949,13541.560369335328,1568543.687343967,5298986.200373271,13541.560369335328
1569074.5003404403,5300431.569972938,13057.968927573353,1.84894428193835,1568740.7597840084,5300022.898495249,12574.377485811376,1569173.0365604612,5300949.919033928,12574.377485811376,1569408.2408968725,5300840.241450628,13541.560369335328,1568975.9641204197,5299913.220911949,13541.560369335328
1569506.777116893,5301358.590511617,13057.968927573353,1.4630922093781331,1569173.0365604612,5300949.919033928,12574.377485811376,1569605.313336914,5301876.939572606,12574.377485811376,1569840.5176733255,5301767.261989307,13541.560369335328,1569408.2408968725,5300840.241450628,13541.560369335328
1569939.0538933463,5302285.611050296,13057.968927573353,0.7146450066565092,1569605.313336914,5301876.939572606,12574.377485811376,1570037.5901133665,5302803.960111285,12574.377485811376,1570272.794449778,5302694.282527985,13541.560369335328,1569840.5176733255,5301767.261989307,13541.560369335328
1570371.3306697987,5303212.631588975,13057.968927573353,0.9019712153465556,1570037.5901133665,5302803.960111285,12574.377485811376,1570469.8668898193,5303730.980649963,12574.377485811376,1570705.0712262308,5303621.303066663,13541.560369335328,1570272.794449778,5302694.282527985,13541.560369335328
1570803.6074462514,5304139.652127652,13057.968927573353,1.1572724377692056,1570469.8668898193,5303730.980649963,12574.377485811376,1570902.1436662723,5304658.001188641,12574.377485811376,1571137.3480026834,5304548.323605342,13541.560369335328,1570705.0712262308,5303621.303066663,13541.560369335328
1571235.8842227042,5305066.672666331,13057.968927573353,0.8532939050140985,1570902.1436662723,5304658.001188641,12574.377485811376,1571334.4204427248,5305585.02172732,12574.377485811376,1571569.6247791364,5305475.34414402,13541.560369335328,1571137.3480026834,5304548.323605342,13541.560369335328
1571668.160999157,5305993.693205009,13057.968927573353,1.12064722611706,1571334.4204427248,5305585.02172732,12574.377485811376,1571766.6972191776,5306512.042265998,12574.377485811376,1572001.901555589,5306402.364682699,13541.560369335328,1571569.6247791364,5305475.34414402,13541.560369335328
1572100.4377756095,5306920.713743688,13057.968927573353,1.0589616576051306,1571766.6972191776,5306512.042265998,12574.377485811376,1572198.9739956302,5307439.062804677,12574.377485811376,1572434.1783320417,5307329.385221377,13541.560369335328,1572001.901555589,5306402.364682699,13541.560369335328
1572532.7145520623,5307847.734282366,13057.968927573353,0.8640253341991057,1572198.9739956302,5307439.062804677,12574.377485811376,1572631.2507720832,5308366.083343356,12574.377485811376,1572866.4551084947,5308256.405760055,13541.560369335328,1572434.1783320417,5307329.385221377,13541.560369335328
1572964.991328515,5308774.754821044,13057.968927573353,0.7326720266223437,1572631.2507720832,5308366.083343356,12574.377485811376,1573063.5275485357,5309293.103882034,12574.377485811376,1573298.7318849473,5309183.426298734,13541.560369335328,1572866.4551084947,5308256.405760055,13541.560369335328
1573397.268104968,5309701.775359723,13057.968927573353,0.5120237860182189,1573063.5275485357,5309293.103882034,12574.377485811376,1573495.8043249887,5310220.124420713,12574.377485811376,1573731.0086614,5310110.446837412,13541.560369335328,1573298.7318849473,5309183.426298734,13541.560369335328
1573829.544881421,5310628.795898402,13057.968927573353,0.5325493752503974,1573495.8043249887,5310220.124420713,12574.377485811376,1573928.0811014415,5311147.144959391,12574.377485811376,1574163.2854378528,5311037.4673760915,13541.560369335328,1573731.0086614,5310110.446837412,13541.560369335328
1574261.8216578735,5311555.8164370805,13057.968927573353,1.1322949175560306,1573928.0811014415,5311147.144959391,12574.377485811376,1574360.357877894,5312074.1654980695,12574.377485811376,1574595.5622143056,5311964.48791477,13541.560369335328,1574163.2854378528,5311037.4673760915,13541.560369335328
1574694.0984343262,5312482.836975759,13057.968927573353,2.2431613258538103,1574360.357877894,5312074.1654980695,12574.377485811376,1574792.6346543469,5313001.186036749,12574.377485811376,1575027.8389907582,5312891.508453448,13541.560369335328,1574595.5622143056,5311964.48791477,13541.560369335328
1575126.3752107788,5313409.857514438,13057.968927573353,2.827337554762526,1574792.6346543469,5313001.186036749,12574.377485811376,1575224.9114307996,5313928.206575427,12574.377485811376,1575460.1157672112,5313818.528992127,13541.560369335328,1575027.8389907582,5312891.508453448,13541.560369335328
1575558.6519872318,5314336.878053117,13057.968927573353,3.027604840757298,1575224.9114307996,5313928.206575427,12574.377485811376,1575657.1882072524,5314855.227114106,12574.377485811376,1575892.3925436637,5314745.549530805,13541.560369335328,1575460.1157672112,5313818.528992127,13541.560369335328
1575990.9287636844,5315263.898591795,13057.968927573353,3.5450243742065646,1575657.1882072524,5314855.227114106,12574.377485811376,1576089.4649837052,5315782.247652784,12574.377485811376,1576324.6693201168,5315672.570069484,13541.560369335328,1575892.3925436637,5314745.549530805,13541.560369335328
1576423.2055401376,5316190.919130473,13057.968927573353,4.005603823713722,1576089.4649837052,5315782.247652784,12574.377485811376,1576521.741760158,5316709.268191461,12574.377485811376,1576756.9460965695,5316599.590608163,13541.560369335328,1576324.6693201168,5315672.570069484,13541.560369335328
1576855.4823165901,5317117.939669152,13057.968927573353,3.689038871111677,1576521.741760158,5316709.268191461,12574.377485811376,1576954.0185366108,5317636.28873014,12574.377485811376,1577189.222873022,5317526.611146841,13541.560369335328,1576756.9460965695,5316599.590608163,13541.560369335328
1577287.7590930427,5318044.960207829,13057.968927573353,4.308069153817464,1576954.0185366108,5317636.28873014,12574.377485811376,1577386.2953130633,5318563.309268819,12574.377485811376,1577621.4996494749,5318453.63168552,13541.560369335328,1577189.222873022,5317526.611146841,13541.560369335328
1577720.0358694955,5318971.980746508,13057.968927573353,5.129676956566806,1577386.2953130633,5318563.309268819,12574.377485811376,1577818.5720895163,5319490.329807498,12574.377485811376,1578053.7764259276,5319380.652224198,13541.560369335328,1577621.4996494749,5318453.63168552,13541.560369335328
1578152.3126459483,5319899.001285186,13057.968927573353,4.658693122696373,1577818.5720895163,5319490.329807498,12574.377485811376,1578250.8488659689,5320417.350346176,12574.377485811376,1578486.0532023804,5320307.672762875,13541.560369335328,1578053.7764259276,5319380.652224198,13541.560369335328
1578584.589422401,5320826.021823864,13057.968927573353,3.9940951057748753,1578250.8488659689,5320417.350346176,12574.377485811376,1578683.1256424217,5321344.370884854,12574.377485811376,1578918.329978833,5321234.693301554,13541.560369335328,1578486.0532023804,5320307.672762875,13541.560369335328
1579016.8661988536,5321753.042362543,13057.968927573353,3.182267708786605,1578683.1256424217,5321344.370884854,12574.377485811376,1579115.4024188744,5322271.391423533,12574.377485811376,1579350.606755286,5322161.713840233,13541.560369335328,1578918.329978833,5321234.693301554,13541.560369335328
1579449.1429753066,5322680.062901222,13057.968927573353,2.179303318298719,1579115.4024188744,5322271.391423533,12574.377485811376,1579547.6791953272,5323198.411962212,12574.377485811376,1579782.8835317388,5323088.734378912,13541.560369335328,1579350.606755286,5322161.713840233,13541.560369335328
1568012.8743474938,5297540.830773603,14025.151811097303,0.7867349041560562,1567679.1337910616,5297132.159295914,13541.560369335328,1568111.4105675141,5298059.179834592,13541.560369335328,1568346.6149039257,5297949.502251292,14508.74325285928,1567914.338127473,5297022.481712613,14508.74325285928
1568445.1511239463,5298467.851312282,14025.151811097303,2.1605408230858503,1568111.4105675141,5298059.179834592,13541.560369335328,1568543.687343967,5298986.200373271,13541.560369335328,1568778.8916803785,5298876.522789971,14508.74325285928,1568346.6149039257,5297949.502251292,14508.74325285928
1568877.427900399,5299394.87185096,14025.151811097303,2.471220241266472,1568543.687343967,5298986.200373271,13541.560369335328,1568975.9641204197,5299913.220911949,13541.560369335328,1569211.1684568312,5299803.543328649,14508.74325285928,1568778.8916803785,5298876.522789971,14508.74325285928
1569309.704676852,5300321.892389638,14025.151811097303,2.3506402232663204,1568975.9641204197,5299913.220911949,13541.560369335328,1569408.2408968725,5300840.241450628,13541.560369335328,1569643.445233284,5300730.563867328,14508.74325285928,1569211.1684568312,5299803.543328649,14508.74325285928
1569741.9814533049,5301248.912928317,14025.151811097303,1.9742142608709516,1569408.2408968725,5300840.241450628,13541.560369335328,1569840.5176733255,5301767.261989307,13541.560369335328,1570075.7220097368,5301657.584406006,14508.74325285928,1569643.445233284,5300730.563867328,14508.74325285928
1570174.2582297574,5302175.933466995,14025.151811097303,1.4521990764401944,1569840.5176733255,5301767.261989307,13541.560369335328,1570272.794449778,5302694.282527985,13541.560369335328,1570507.9987861896,5302584.604944685,14508.74325285928,1570075.7220097368,5301657.584406006,14508.74325285928
1570606.5350062104,5303102.9540056735,14025.151811097303,1.2659747956199943,1570272.794449778,5302694.282527985,13541.560369335328,1570705.0712262308,5303621.303066663,13541.560369335328,1570940.2755626421,5303511.625483364,14508.74325285928,1570507.9987861896,5302584.604944685,14508.74325285928
1571038.8117826628,5304029.974544353,14025.151811097303,1.0097898735232484,1570705.0712262308,5303621.303066663,13541.560369335328,1571137.3480026834,5304548.323605342,13541.560369335328,1571372.552339095,5304438.646022042,14508.74325285928,1570940.2755626421,5303511.625483364,14508.74325285928
1571471.0885591158,5304956.995083031,14025.151811097303,1.1839486507670625,1571137.3480026834,5304548.323605342,13541.560369335328,1571569.6247791364,5305475.34414402,13541.560369335328,1571804.8291155477,5305365.666560721,14508.74325285928,1571372.552339095,5304438.646022042,14508.74325285928
1571903.3653355686,5305884.01562171,14025.151811097303,1.9336064263690194,1571569.6247791364,5305475.34414402,13541.560369335328,1572001.901555589,5306402.364682699,13541.560369335328,1572237.1058920005,5306292.687099399,14508.74325285928,1571804.8291155477,5305365.666560721,14508.74325285928
1572335.642112021,5306811.036160389,14025.151811097303,2.1340158409458003,1572001.901555589,5306402.364682699,13541.560369335328,1572434.1783320417,5307329.385221377,13541.560369335328,1572669.3826684533,5307219.707638077,14508.74325285928,1572237.1058920005,5306292.687099399,14508.74325285928
1572767.918888474,5307738.056699066,14025.151811097303,1.351985654581009,1572434.1783320417,5307329.385221377,13541.560369335328,1572866.4551084947,5308256.405760055,13541.560369335328,1573101.659444906,5308146.728176757,14508.74325285928,1572669.3826684533,5307219.707638077,14508.74325285928
1573200.195664927,5308665.077237745,14025.151811097303,1.4838281259336543,1572866.4551084947,5308256.405760055,13541.560369335328,1573298.7318849473,5309183.426298734,13541.560369335328,1573533.9362213588,5309073.748715435,14508.74325285928,1573101.659444906,5308146.728176757,14508.74325285928
1573632.4724413794,5309592.097776423,14025.151811097303,0.5543030280592817,1573298.7318849473,5309183.426298734,13541.560369335328,1573731.0086614,5310110.446837412,13541.560369335328,1573966.2129978114,5310000.769254113,14508.74325285928,1573533.9362213588,5309073.748715435,14508.74325285928
1574064.7492178322,5310519.118315102,14025.151811097303,0.5229455011609508,1573731.0086614,5310110.446837412,13541.560369335328,1574163.2854378528,5311037.4673760915,13541.560369335328,1574398.4897742644,5310927.789792791,14508.74325285928,1573966.2129978114,5310000.769254113,14508.74325285928
1574497.0259942852,5311446.13885378,14025.151811097303,1.6602708165120865,1574163.2854378528,5311037.4673760915,13541.560369335328,1574595.5622143056,5311964.48791477,13541.560369335328,1574830.766550717,5311854.810331469,14508.74325285928,1574398.4897742644,5310927.789792791,14508.74325285928
1574929.3027707376,5312373.159392458,14025.151811097303,2.185224734074956,1574595.5622143056,5311964.48791477,13541.560369335328,1575027.8389907582,5312891.508453448,13541.560369335328,1575263.0433271697,5312781.830870148,14508.74325285928,1574830.766550717,5311854.810331469,14508.74325285928
1575361.5795471903,5313300.179931137,14025.151811097303,3.6393507109104326,1575027.8389907582,5312891.508453448,13541.560369335328,1575460.1157672112,5313818.528992127,13541.560369335328,1575695.3201036225,5313708.851408826,14508.74325285928,1575263.0433271697,5312781.830870148,14508.74325285928
1575793.8563236434,5314227.200469816,14025.151811097303,4.097339471343192,1575460.1157672112,5313818.528992127,13541.560369335328,1575892.3925436637,5314745.549530805,13541.560369335328,1576127.5968800753,5314635.8719475055,14508.74325285928,1575695.3201036225,5313708.851408826,14508.74325285928
1576226.1331000961,5315154.2210084945,14025.151811097303,3.981458101736351,1575892.3925436637,5314745.549530805,13541.560369335328,1576324.6693201168,5315672.570069484,13541.560369335328,1576559.873656528,5315562.892486184,14508.74325285928,1576127.5968800753,5314635.8719475055,14508.74325285928
1576658.409876549,5316081.241547174,14025.151811097303,4.218242480258268,1576324.6693201168,5315672.570069484,13541.560369335328,1576756.9460965695,5316599.590608163,13541.560369335328,1576992.1504329809,5316489.913024862,14508.74325285928,1576559.873656528,5315562.892486184,14508.74325285928
1577090.6866530017,5317008.262085852,14025.151811097303,4.147261406003579,1576756.9460965695,5316599.590608163,13541.560369335328,1577189.222873022,5317526.611146841,13541.560369335328,1577424.4272094336,5317416.933563541,14508.74325285928,1576992.1504329809,5316489.913024862,14508.74325285928
1577522.9634294542,5317935.282624531,14025.151811097303,4.299414315998671,1577189.222873022,5317526.611146841,13541.560369335328,1577621.4996494749,5318453.63168552,13541.560369335328,1577856.7039858862,5318343.954102219,14508.74325285928,1577424.4272094336,5317416.933563541,14508.74325285928
1577955.2402059068,5318862.303163209,14025.151811097303,4.907849322104894,1577621.4996494749,5318453.63168552,13541.560369335328,1578053.7764259276,5319380.652224198,13541.560369335328,1578288.980762339,5319270.974640898,14508.74325285928,1577856.7039858862,5318343.954102219,14508.74325285928
1578387.5169823598,5319789.323701887,14025.151811097303,4.716900732045883,1578053.7764259276,5319380.652224198,13541.560369335328,1578486.0532023804,5320307.672762875,13541.560369335328,1578721.2575387917,5320197.995179577,14508.74325285928,1578288.980762339,5319270.974640898,14508.74325285928
1578819.7937588124,5320716.344240566,14025.151811097303,4.211114053671798,1578486.0532023804,5320307.672762875,13541.560369335328,1578918.329978833,5321234.693301554,13541.560369335328,1579153.5343152445,5321125.015718255,14508.74325285928,1578721.2575387917,5320197.995179577,14508.74325285928
1579252.0705352654,5321643.364779243,14025.151811097303,3.3962578818734603,1578918.329978833,5321234.693301554,13541.560369335328,1579350.606755286,5322161.713840233,13541.560369335328,1579585.8110916975,5322052.036256934,14508.74325285928,1579153.5343152445,5321125.015718255,14508.74325285928
1579684.3473117184,5322570.385317922,14025.151811097303,2.7285143208622396,1579350.606755286,5322161.713840233,13541.560369335328,1579782.8835317388,5323088.734378912,13541.560369335328,1580018.08786815,5322979.056795612,14508.74325285928,1579585.8110916975,5322052.036256934,14508.74325285928
1568248.0786839055,5297431.153190303,14992.334694621255,1.2539676694621074,1567914.338127473,5297022.481712613,14508.74325285928,1568346.6149039257,5297949.502251292,14508.74325285928,1568581.8192403382,5297839.824667992,15475.926136383232,1568149.5424638852,5296912.804129314,15475.926136383232
1568680.3554603586,5298358.173728981,14992.334694621255,2.3472581686571052,1568346.6149039257,5297949.502251292,14508.74325285928,1568778.8916803785,5298876.522789971,14508.74325285928,1569014.0960167907,5298766.845206671,15475.926136383232,1568581.8192403382,5297839.824667992,15475.926136383232
1569112.632236811,5299285.19426766,14992.334694621255,2.121990058923401,1568778.8916803785,5298876.522789971,14508.74325285928,1569211.1684568312,5299803.543328649,14508.74325285928,1569446.3727932435,5299693.865745349,15475.926136383232,1569014.0960167907,5298766.845206671,15475.926136383232
1569544.9090132639,5300212.214806339,14992.334694621255,1.1669664492390996,1569211.1684568312,5299803.543328649,14508.74325285928,1569643.445233284,5300730.563867328,14508.74325285928,1569878.6495696963,5300620.886284027,15475.926136383232,1569446.3727932435,5299693.865745349,15475.926136383232
1569977.1857897167,5301139.235345017,14992.334694621255,2.7468790633742324,1569643.445233284,5300730.563867328,14508.74325285928,1570075.7220097368,5301657.584406006,14508.74325285928,1570310.926346149,5301547.906822706,15475.926136383232,1569878.6495696963,5300620.886284027,15475.926136383232
1570409.4625661694,5302066.255883696,14992.334694621255,2.650134192565585,1570075.7220097368,5301657.584406006,14508.74325285928,1570507.9987861896,5302584.604944685,14508.74325285928,1570743.2031226016,5302474.927361384,15475.926136383232,1570310.926346149,5301547.906822706,15475.926136383232
1570841.739342622,5302993.276422374,14992.334694621255,2.6608091752471474,1570507.9987861896,5302584.604944685,14508.74325285928,1570940.2755626421,5303511.625483364,14508.74325285928,1571175.4798990546,5303401.947900062,15475.926136383232,1570743.2031226016,5302474.927361384,15475.926136383232
1571274.016119075,5303920.296961052,14992.334694621255,2.882428970426142,1570940.2755626421,5303511.625483364,14508.74325285928,1571372.552339095,5304438.646022042,14508.74325285928,1571607.7566755072,5304328.968438742,15475.926136383232,1571175.4798990546,5303401.947900062,15475.926136383232
1571706.2928955276,5304847.317499731,14992.334694621255,3.1314043739614865,1571372.552339095,5304438.646022042,14508.74325285928,1571804.8291155477,5305365.666560721,14508.74325285928,1572040.03345196,5305255.98897742,15475.926136383232,1571607.7566755072,5304328.968438742,15475.926136383232
1572138.56967198,5305774.338038409,14992.334694621255,2.722678871787487,1571804.8291155477,5305365.666560721,14508.74325285928,1572237.1058920005,5306292.687099399,14508.74325285928,1572472.3102284127,5306183.009516099,15475.926136383232,1572040.03345196,5305255.98897742,15475.926136383232
1572570.8464484331,5306701.3585770875,14992.334694621255,2.619756111139637,1572237.1058920005,5306292.687099399,14508.74325285928,1572669.3826684533,5307219.707638077,14508.74325285928,1572904.5870048655,5307110.030054777,15475.926136383232,1572472.3102284127,5306183.009516099,15475.926136383232
1573003.123224886,5307628.379115766,14992.334694621255,2.217675146112503,1572669.3826684533,5307219.707638077,14508.74325285928,1573101.659444906,5308146.728176757,14508.74325285928,1573336.8637813183,5308037.050593455,15475.926136383232,1572904.5870048655,5307110.030054777,15475.926136383232
1573435.4000013387,5308555.399654445,14992.334694621255,1.0140231965056152,1573101.659444906,5308146.728176757,14508.74325285928,1573533.9362213588,5309073.748715435,14508.74325285928,1573769.140557771,5308964.071132135,15475.926136383232,1573336.8637813183,5308037.050593455,15475.926136383232
1573867.6767777915,5309482.420193125,14992.334694621255,0.41648255019518976,1573533.9362213588,5309073.748715435,14508.74325285928,1573966.2129978114,5310000.769254113,14508.74325285928,1574201.4173342239,5309891.091670813,15475.926136383232,1573769.140557771,5308964.071132135,15475.926136383232
1574299.9535542442,5310409.440731803,14992.334694621255,0.8661973635075656,1573966.2129978114,5310000.769254113,14508.74325285928,1574398.4897742644,5310927.789792791,14508.74325285928,1574633.6941106764,5310818.112209491,15475.926136383232,1574201.4173342239,5309891.091670813,15475.926136383232
1574732.2303306966,5311336.46127048,14992.334694621255,1.226510234126129,1574398.4897742644,5310927.789792791,14508.74325285928,1574830.766550717,5311854.810331469,14508.74325285928,1575065.9708871292,5311745.13274817,15475.926136383232,1574633.6941106764,5310818.112209491,15475.926136383232
1575164.5071071496,5312263.481809159,14992.334694621255,2.4662402512000607,1574830.766550717,5311854.810331469,14508.74325285928,1575263.0433271697,5312781.830870148,14508.74325285928,1575498.2476635822,5312672.153286848,15475.926136383232,1575065.9708871292,5311745.13274817,15475.926136383232
1575596.7838836024,5313190.502347837,14992.334694621255,3.777402203654365,1575263.0433271697,5312781.830870148,14508.74325285928,1575695.3201036225,5313708.851408826,14508.74325285928,1575930.5244400348,5313599.173825526,15475.926136383232,1575498.2476635822,5312672.153286848,15475.926136383232
1576029.0606600551,5314117.522886516,14992.334694621255,4.139419538536076,1575695.3201036225,5313708.851408826,14508.74325285928,1576127.5968800753,5314635.8719475055,14508.74325285928,1576362.8012164878,5314526.194364205,15475.926136383232,1575930.5244400348,5313599.173825526,15475.926136383232
1576461.3374365082,5315044.543425194,14992.334694621255,4.224257853773658,1576127.5968800753,5314635.8719475055,14508.74325285928,1576559.873656528,5315562.892486184,14508.74325285928,1576795.0779929403,5315453.214902883,15475.926136383232,1576362.8012164878,5314526.194364205,15475.926136383232
1576893.6142129607,5315971.563963872,14992.334694621255,4.19405798101448,1576559.873656528,5315562.892486184,14508.74325285928,1576992.1504329809,5316489.913024862,14508.74325285928,1577227.354769393,5316380.235441562,15475.926136383232,1576795.0779929403,5315453.214902883,15475.926136383232
1577325.8909894133,5316898.584502551,14992.334694621255,4.942201564599352,1576992.1504329809,5316489.913024862,14508.74325285928,1577424.4272094336,5317416.933563541,14508.74325285928,1577659.6315458457,5317307.25598024,15475.926136383232,1577227.354769393,5316380.235441562,15475.926136383232
1577758.167765866,5317825.605041229,14992.334694621255,4.981961531678943,1577424.4272094336,5317416.933563541,14508.74325285928,1577856.7039858862,5318343.954102219,14508.74325285928,1578091.9083222987,5318234.276518919,15475.926136383232,1577659.6315458457,5317307.25598024,15475.926136383232
1578190.4445423188,5318752.625579908,14992.334694621255,5.821834221935821,1577856.7039858862,5318343.954102219,14508.74325285928,1578288.980762339,5319270.974640898,14508.74325285928,1578524.1850987514,5319161.297057597,15475.926136383232,1578091.9083222987,5318234.276518919,15475.926136383232
1578622.7213187716,5319679.646118587,14992.334694621255,6.201858049239911,1578288.980762339,5319270.974640898,14508.74325285928,1578721.2575387917,5320197.995179577,14508.74325285928,1578956.461875204,5320088.317596276,15475.926136383232,1578524.1850987514,5319161.297057597,15475.926136383232
1579054.9980952244,5320606.666657266,14992.334694621255,5.761661516389617,1578721.2575387917,5320197.995179577,14508.74325285928,1579153.5343152445,5321125.015718255,14508.74325285928,1579388.7386516568,5321015.338134955,15475.926136383232,1578956.461875204,5320088.317596276,15475.926136383232
1579487.2748716772,5321533.687195945,14992.334694621255,3.9767539050300407,1579153.5343152445,5321125.015718255,14508.74325285928,1579585.8110916975,5322052.036256934,14508.74325285928,1579821.0154281096,5321942.358673633,15475.926136383232,1579388.7386516568,5321015.338134955,15475.926136383232
1579919.5516481297,5322460.707734623,14992.334694621255,3.6489169509712807,1579585.8110916975,5322052.036256934,14508.74325285928,1580018.08786815,5322979.056795612,14508.74325285928,1580253.2922045623,5322869.3792123115,15475.926136383232,1579821.0154281096,5321942.358673633,15475.926136383232
1568483.2830203173,5297321.475607003,15959.517578145209,1.989335341382342,1568149.5424638852,5296912.804129314,15475.926136383232,1568581.8192403382,5297839.824667992,15475.926136383232,1568817.0235767493,5297730.1470846925,16443.109019907188,1568384.7468002967,5296803.126546014,16443.109019907188
1568915.5597967699,5298248.4961456815,15959.517578145209,2.629762701160604,1568581.8192403382,5297839.824667992,15475.926136383232,1569014.0960167907,5298766.845206671,15475.926136383232,1569249.3003532023,5298657.167623371,16443.109019907188,1568817.0235767493,5297730.1470846925,16443.109019907188
1569347.8365732231,5299175.51668436,15959.517578145209,1.9511378826263968,1569014.0960167907,5298766.845206671,15475.926136383232,1569446.3727932435,5299693.865745349,15475.926136383232,1569681.5771296548,5299584.188162049,16443.109019907188,1569249.3003532023,5298657.167623371,16443.109019907188
1569780.1133496757,5300102.537223038,15959.517578145209,1.8818219361695856,1569446.3727932435,5299693.865745349,15475.926136383232,1569878.6495696963,5300620.886284027,15475.926136383232,1570113.8539061078,5300511.208700728,16443.109019907188,1569681.5771296548,5299584.188162049,16443.109019907188
1570212.3901261282,5301029.557761717,15959.517578145209,2.377295532046581,1569878.6495696963,5300620.886284027,15475.926136383232,1570310.926346149,5301547.906822706,15475.926136383232,1570546.1306825604,5301438.229239407,16443.109019907188,1570113.8539061078,5300511.208700728,16443.109019907188
1570644.6669025812,5301956.578300395,15959.517578145209,2.80307649015644,1570310.926346149,5301547.906822706,15475.926136383232,1570743.2031226016,5302474.927361384,15475.926136383232,1570978.4074590132,5302365.249778085,16443.109019907188,1570546.1306825604,5301438.229239407,16443.109019907188
1571076.9436790338,5302883.598839073,15959.517578145209,3.0147038164469544,1570743.2031226016,5302474.927361384,15475.926136383232,1571175.4798990546,5303401.947900062,15475.926136383232,1571410.684235466,5303292.270316763,16443.109019907188,1570978.4074590132,5302365.249778085,16443.109019907188
1571509.2204554866,5303810.619377752,15959.517578145209,3.0828000683731958,1571175.4798990546,5303401.947900062,15475.926136383232,1571607.7566755072,5304328.968438742,15475.926136383232,1571842.9610119187,5304219.290855441,16443.109019907188,1571410.684235466,5303292.270316763,16443.109019907188
1571941.4972319396,5304737.639916431,15959.517578145209,3.0367917257368973,1571607.7566755072,5304328.968438742,15475.926136383232,1572040.03345196,5305255.98897742,15475.926136383232,1572275.2377883715,5305146.31139412,16443.109019907188,1571842.9610119187,5304219.290855441,16443.109019907188
1572373.7740083921,5305664.66045511,15959.517578145209,3.355979942492008,1572040.03345196,5305255.98897742,15475.926136383232,1572472.3102284127,5306183.009516099,15475.926136383232,1572707.514564824,5306073.331932798,16443.109019907188,1572275.2377883715,5305146.31139412,16443.109019907188
1572806.0507848447,5306591.680993788,15959.517578145209,3.0702913248618997,1572472.3102284127,5306183.009516099,15475.926136383232,1572904.5870048655,5307110.030054777,15475.926136383232,1573139.7913412768,5307000.352471476,16443.109019907188,1572707.514564824,5306073.331932798,16443.109019907188
1573238.3275612977,5307518.701532466,15959.517578145209,2.924485583562278,1572904.5870048655,5307110.030054777,15475.926136383232,1573336.8637813183,5308037.050593455,15475.926136383232,1573572.0681177296,5307927.373010156,16443.109019907188,1573139.7913412768,5307000.352471476,16443.109019907188
1573670.6043377502,5308445.722071145,15959.517578145209,2.703713647322071,1573336.8637813183,5308037.050593455,15475.926136383232,1573769.140557771,5308964.071132135,15475.926136383232,1574004.3448941824,5308854.393548834,16443.109019907188,1573572.0681177296,5307927.373010156,16443.109019907188
1574102.881114203,5309372.742609823,15959.517578145209,1.1584750604494425,1573769.140557771,5308964.071132135,15475.926136383232,1574201.4173342239,5309891.091670813,15475.926136383232,1574436.6216706354,5309781.4140875125,16443.109019907188,1574004.3448941824,5308854.393548834,16443.109019907188
1574535.157890656,5310299.7631485015,15959.517578145209,1.3539840747491112,1574201.4173342239,5309891.091670813,15475.926136383232,1574633.6941106764,5310818.112209491,15475.926136383232,1574868.898447088,5310708.434626191,16443.109019907188,1574436.6216706354,5309781.4140875125,16443.109019907188
1574967.4346671086,5311226.78368718,15959.517578145209,1.0214242705485312,1574633.6941106764,5310818.112209491,15475.926136383232,1575065.9708871292,5311745.13274817,15475.926136383232,1575301.1752235407,5311635.455164869,16443.109019907188,1574868.898447088,5310708.434626191,16443.109019907188
1575399.7114435614,5312153.804225858,15959.517578145209,2.772006296149932,1575065.9708871292,5311745.13274817,15475.926136383232,1575498.2476635822,5312672.153286848,15475.926136383232,1575733.4519999933,5312562.475703549,16443.109019907188,1575301.1752235407,5311635.455164869,16443.109019907188
1575831.9882200141,5313080.824764538,15959.517578145209,3.7986167951763075,1575498.2476635822,5312672.153286848,15475.926136383232,1575930.5244400348,5313599.173825526,15475.926136383232,1576165.7287764463,5313489.496242227,16443.109019907188,1575733.4519999933,5312562.475703549,16443.109019907188
1576264.264996467,5314007.845303216,15959.517578145209,4.138354404442767,1575930.5244400348,5313599.173825526,15475.926136383232,1576362.8012164878,5314526.194364205,15475.926136383232,1576598.0055528989,5314416.516780905,16443.109019907188,1576165.7287764463,5313489.496242227,16443.109019907188
1576696.5417729195,5314934.865841894,15959.517578145209,4.984525508218178,1576362.8012164878,5314526.194364205,15475.926136383232,1576795.0779929403,5315453.214902883,15475.926136383232,1577030.2823293519,5315343.537319584,16443.109019907188,1576598.0055528989,5314416.516780905,16443.109019907188
1577128.8185493727,5315861.886380573,15959.517578145209,5.298228637914213,1576795.0779929403,5315453.214902883,15475.926136383232,1577227.354769393,5316380.235441562,15475.926136383232,1577462.5591058044,5316270.557858262,16443.109019907188,1577030.2823293519,5315343.537319584,16443.109019907188
1577561.095325825,5316788.906919251,15959.517578145209,6.176304823477652,1577227.354769393,5316380.235441562,15475.926136383232,1577659.6315458457,5317307.25598024,15475.926136383232,1577894.8358822572,5317197.578396941,16443.109019907188,1577462.5591058044,5316270.557858262,16443.109019907188
1577993.3721022778,5317715.92745793,15959.517578145209,6.766707861151731,1577659.6315458457,5317307.25598024,15475.926136383232,1578091.9083222987,5318234.276518919,15475.926136383232,1578327.1126587102,5318124.598935619,16443.109019907188,1577894.8358822572,5317197.578396941,16443.109019907188
1578425.648878731,5318642.947996608,15959.517578145209,7.252586263268753,1578091.9083222987,5318234.276518919,15475.926136383232,1578524.1850987514,5319161.297057597,15475.926136383232,1578759.3894351628,5319051.619474297,16443.109019907188,1578327.1126587102,5318124.598935619,16443.109019907188
1578857.9256551834,5319569.968535286,15959.517578145209,7.299559254092257,1578524.1850987514,5319161.297057597,15475.926136383232,1578956.461875204,5320088.317596276,15475.926136383232,1579191.6662116155,5319978.640012976,16443.109019907188,1578759.3894351628,5319051.619474297,16443.109019907188
1579290.2024316362,5320496.989073965,15959.517578145209,6.5768780532285005,1578956.461875204,5320088.317596276,15475.926136383232,1579388.7386516568,5321015.338134955,15475.926136383232,1579623.942988068,5320905.660551654,16443.109019907188,1579191.6662116155,5319978.640012976,16443.109019907188
1579722.4792080887,5321424.009612644,15959.517578145209,4.820309186491681,1579388.7386516568,5321015.338134955,15475.926136383232,1579821.0154281096,5321942.358673633,15475.926136383232,1580056.219764521,5321832.6810903335,16443.109019907188,1579623.942988068,5320905.660551654,16443.109019907188
1580154.7559845417,5322351.0301513225,15959.517578145209,3.7160671516938866,1579821.0154281096,5321942.358673633,15475.926136383232,1580253.2922045623,5322869.3792123115,15475.926136383232,1580488.4965409737,5322759.701629012,16443.109019907188,1580056.219764521,5321832.6810903335,16443.109019907188
1568718.4873567289,5297211.7980237035,16926.700461669163,1.573531218398824,1568384.7468002967,5296803.126546014,16443.109019907188,1568817.0235767493,5297730.1470846925,16443.109019907188,1569052.2279131608,5297620.469501392,17410.291903431138,1568619.951136708,5296693.448962714,17410.291903431138
1569150.7641331817,5298138.818562382,16926.700461669163,2.489170834827554,1568817.0235767493,5297730.1470846925,16443.109019907188,1569249.3003532023,5298657.167623371,16443.109019907188,1569484.5046896134,5298547.49004007,17410.291903431138,1569052.2279131608,5297620.469501392,17410.291903431138
1569583.0409096342,5299065.83910106,16926.700461669163,1.957396327030634,1569249.3003532023,5298657.167623371,16443.109019907188,1569681.5771296548,5299584.188162049,16443.109019907188,1569916.7814660664,5299474.510578749,17410.291903431138,1569484.5046896134,5298547.49004007,17410.291903431138
1570015.3176860872,5299992.859639739,16926.700461669163,2.1265300984703592,1569681.5771296548,5299584.188162049,16443.109019907188,1570113.8539061078,5300511.208700728,16443.109019907188,1570349.0582425192,5300401.531117428,17410.291903431138,1569916.7814660664,5299474.510578749,17410.291903431138
1570447.5944625398,5300919.880178417,16926.700461669163,2.367814734682114,1570113.8539061078,5300511.208700728,16443.109019907188,1570546.1306825604,5301438.229239407,16443.109019907188,1570781.335018972,5301328.5516561065,17410.291903431138,1570349.0582425192,5300401.531117428,17410.291903431138
1570879.8712389925,5301846.9007170955,16926.700461669163,2.3942002116879126,1570546.1306825604,5301438.229239407,16443.109019907188,1570978.4074590132,5302365.249778085,16443.109019907188,1571213.6117954247,5302255.572194785,17410.291903431138,1570781.335018972,5301328.5516561065,17410.291903431138
1571312.1480154456,5302773.921255774,16926.700461669163,2.8687375662081784,1570978.4074590132,5302365.249778085,16443.109019907188,1571410.684235466,5303292.270316763,16443.109019907188,1571645.8885718773,5303182.592733463,17410.291903431138,1571213.6117954247,5302255.572194785,17410.291903431138
1571744.424791898,5303700.941794452,16926.700461669163,3.06988575666739,1571410.684235466,5303292.270316763,16443.109019907188,1571842.9610119187,5304219.290855441,16443.109019907188,1572078.1653483303,5304109.613272142,17410.291903431138,1571645.8885718773,5303182.592733463,17410.291903431138
1572176.701568351,5304627.962333131,16926.700461669163,2.9674571976301922,1571842.9610119187,5304219.290855441,16443.109019907188,1572275.2377883715,5305146.31139412,16443.109019907188,1572510.4421247828,5305036.633810821,17410.291903431138,1572078.1653483303,5304109.613272142,17410.291903431138
1572608.9783448037,5305554.982871809,16926.700461669163,3.2308655108863005,1572275.2377883715,5305146.31139412,16443.109019907188,1572707.514564824,5306073.331932798,16443.109019907188,1572942.7189012356,5305963.654349499,17410.291903431138,1572510.4421247828,5305036.633810821,17410.291903431138
1573041.2551212562,5306482.003410487,16926.700461669163,3.2070242256306467,1572707.514564824,5306073.331932798,16443.109019907188,1573139.7913412768,5307000.352471476,16443.109019907188,1573374.9956776882,5306890.674888177,17410.291903431138,1572942.7189012356,5305963.654349499,17410.291903431138
1573473.531897709,5307409.023949166,16926.700461669163,2.8429926291377443,1573139.7913412768,5307000.352471476,16443.109019907188,1573572.0681177296,5307927.373010156,16443.109019907188,1573807.2724541412,5307817.695426855,17410.291903431138,1573374.9956776882,5306890.674888177,17410.291903431138
1573905.808674162,5308336.044487845,16926.700461669163,3.2905618727995276,1573572.0681177296,5307927.373010156,16443.109019907188,1574004.3448941824,5308854.393548834,16443.109019907188,1574239.549230594,5308744.715965534,17410.291903431138,1573807.2724541412,5307817.695426855,17410.291903431138
1574338.0854506148,5309263.065026524,16926.700461669163,2.5855771782226404,1574004.3448941824,5308854.393548834,16443.109019907188,1574436.6216706354,5309781.4140875125,16443.109019907188,1574671.8260070467,5309671.736504212,17410.291903431138,1574239.549230594,5308744.715965534,17410.291903431138
1574770.3622270674,5310190.085565202,16926.700461669163,2.1849384128660216,1574436.6216706354,5309781.4140875125,16443.109019907188,1574868.898447088,5310708.434626191,16443.109019907188,1575104.1027834995,5310598.757042891,17410.291903431138,1574671.8260070467,5309671.736504212,17410.291903431138
1575202.6390035204,5311117.10610388,16926.700461669163,1.091195027232195,1574868.898447088,5310708.434626191,16443.109019907188,1575301.1752235407,5311635.455164869,16443.109019907188,1575536.379559952,5311525.77758157,17410.291903431138,1575104.1027834995,5310598.757042891,17410.291903431138
1575634.9157799727,5312044.126642559,16926.700461669163,2.750252214089685,1575301.1752235407,5311635.455164869,16443.109019907188,1575733.4519999933,5312562.475703549,16443.109019907188,1575968.6563364048,5312452.798120248,17410.291903431138,1575536.379559952,5311525.77758157,17410.291903431138
1576067.1925564257,5312971.147181237,16926.700461669163,3.743194151319624,1575733.4519999933,5312562.475703549,16443.109019907188,1576165.7287764463,5313489.496242227,16443.109019907188,1576400.9331128576,5313379.8186589265,17410.291903431138,1575968.6563364048,5312452.798120248,17410.291903431138
1576499.4693328785,5313898.1677199155,16926.700461669163,4.052213097167275,1576165.7287764463,5313489.496242227,16443.109019907188,1576598.0055528989,5314416.516780905,16443.109019907188,1576833.2098893104,5314306.839197605,17410.291903431138,1576400.9331128576,5313379.8186589265,17410.291903431138
1576931.7461093313,5314825.188258594,16926.700461669163,5.779780813612966,1576598.0055528989,5314416.516780905,16443.109019907188,1577030.2823293519,5315343.537319584,16443.109019907188,1577265.4866657634,5315233.859736284,17410.291903431138,1576833.2098893104,5314306.839197605,17410.291903431138
1577364.022885784,5315752.208797273,16926.700461669163,6.57314159422425,1577030.2823293519,5315343.537319584,16443.109019907188,1577462.5591058044,5316270.557858262,16443.109019907188,1577697.763442216,5316160.880274963,17410.291903431138,1577265.4866657634,5315233.859736284,17410.291903431138
1577796.2996622368,5316679.229335952,16926.700461669163,7.565825354631876,1577462.5591058044,5316270.557858262,16443.109019907188,1577894.8358822572,5317197.578396941,16443.109019907188,1578130.0402186688,5317087.900813641,17410.291903431138,1577697.763442216,5316160.880274963,17410.291903431138
1578228.5764386896,5317606.249874631,16926.700461669163,7.517492828336032,1577894.8358822572,5317197.578396941,16443.109019907188,1578327.1126587102,5318124.598935619,16443.109019907188,1578562.3169951213,5318014.921352319,17410.291903431138,1578130.0402186688,5317087.900813641,17410.291903431138
1578660.8532151422,5318533.270413308,16926.700461669163,6.276235024781077,1578327.1126587102,5318124.598935619,16443.109019907188,1578759.3894351628,5319051.619474297,16443.109019907188,1578994.5937715743,5318941.941890998,17410.291903431138,1578562.3169951213,5318014.921352319,17410.291903431138
1579093.1299915952,5319460.290951987,16926.700461669163,6.525396888305352,1578759.3894351628,5319051.619474297,16443.109019907188,1579191.6662116155,5319978.640012976,16443.109019907188,1579426.8705480269,5319868.962429676,17410.291903431138,1578994.5937715743,5318941.941890998,17410.291903431138
1579525.4067680475,5320387.311490665,16926.700461669163,6.121579132804486,1579191.6662116155,5319978.640012976,16443.109019907188,1579623.942988068,5320905.660551654,16443.109019907188,1579859.1473244797,5320795.982968355,17410.291903431138,1579426.8705480269,5319868.962429676,17410.291903431138
1579957.6835445005,5321314.332029344,16926.700461669163,4.648104918073286,1579623.942988068,5320905.660551654,16443.109019907188,1580056.219764521,5321832.6810903335,16443.109019907188,1580291.4241009324,5321723.003507033,17410.291903431138,1579859.1473244797,5320795.982968355,17410.291903431138
1580389.9603209533,5322241.352568022,16926.700461669163,4.0070890628790625,1580056.219764521,5321832.6810903335,16443.109019907188,1580488.4965409737,5322759.701629012,16443.109019907188,1580723.7008773852,5322650.024045711,17410.291903431138,1580291.4241009324,5321723.003507033,17410.291903431138
1568953.69169314,5297102.120440402,17893.88334519311,1.0206015588929298,1568619.951136708,5296693.448962714,17410.291903431138,1569052.2279131608,5297620.469501392,17410.291903431138,1569287.4322495724,5297510.7919180915,18377.47478695509,1568855.1554731196,5296583.771379413,18377.47478695509
1569385.968469593,5298029.14097908,17893.88334519311,0.8290179778630089,1569052.2279131608,5297620.469501392,17410.291903431138,1569484.5046896134,5298547.49004007,17410.291903431138,1569719.709026025,5298437.812456771,18377.47478695509,1569287.4322495724,5297510.7919180915,18377.47478695509
1569818.2452460458,5298956.16151776,17893.88334519311,0.6787535343770806,1569484.5046896134,5298547.49004007,17410.291903431138,1569916.7814660664,5299474.510578749,17410.291903431138,1570151.985802478,5299364.832995449,18377.47478695509,1569719.709026025,5298437.812456771,18377.47478695509
1570250.5220224983,5299883.182056438,17893.88334519311,0.6566057363299778,1569916.7814660664,5299474.510578749,17410.291903431138,1570349.0582425192,5300401.531117428,17410.291903431138,1570584.2625789305,5300291.853534128,18377.47478695509,1570151.985802478,5299364.832995449,18377.47478695509
1570682.7987989513,5300810.2025951175,17893.88334519311,2.078559973167578,1570349.0582425192,5300401.531117428,17410.291903431138,1570781.335018972,5301328.5516561065,17410.291903431138,1571016.5393553835,5301218.874072806,18377.47478695509,1570584.2625789305,5300291.853534128,18377.47478695509
1571115.075575404,5301737.223133796,17893.88334519311,3.141147194290252,1570781.335018972,5301328.5516561065,17410.291903431138,1571213.6117954247,5302255.572194785,17410.291903431138,1571448.816131836,5302145.894611484,18377.47478695509,1571016.5393553835,5301218.874072806,18377.47478695509
1571547.3523518564,5302664.243672474,17893.88334519311,3.410740879326776,1571213.6117954247,5302255.572194785,17410.291903431138,1571645.8885718773,5303182.592733463,17410.291903431138,1571881.0929082888,5303072.915150164,18377.47478695509,1571448.816131836,5302145.894611484,18377.47478695509
1571979.6291283097,5303591.264211153,17893.88334519311,3.53840161981772,1571645.8885718773,5303182.592733463,17410.291903431138,1572078.1653483303,5304109.613272142,17410.291903431138,1572313.3696847414,5303999.935688842,18377.47478695509,1571881.0929082888,5303072.915150164,18377.47478695509
1572411.9059047622,5304518.284749831,17893.88334519311,3.572202886028262,1572078.1653483303,5304109.613272142,17410.291903431138,1572510.4421247828,5305036.633810821,17410.291903431138,1572745.6464611944,5304926.9562275205,18377.47478695509,1572313.3696847414,5303999.935688842,18377.47478695509
1572844.1826812148,5305445.3052885095,17893.88334519311,2.8049173522016577,1572510.4421247828,5305036.633810821,17410.291903431138,1572942.7189012356,5305963.654349499,17410.291903431138,1573177.9232376472,5305853.976766199,18377.47478695509,1572745.6464611944,5304926.9562275205,18377.47478695509
1573276.459457668,5306372.325827188,17893.88334519311,2.704739014540924,1572942.7189012356,5305963.654349499,17410.291903431138,1573374.9956776882,5306890.674888177,17410.291903431138,1573610.2000140997,5306780.997304877,18377.47478695509,1573177.9232376472,5305853.976766199,18377.47478695509
1573708.7362341206,5307299.346365867,17893.88334519311,1.993392287797462,1573374.9956776882,5306890.674888177,17410.291903431138,1573807.2724541412,5307817.695426855,17410.291903431138,1574042.4767905527,5307708.017843557,18377.47478695509,1573610.2000140997,5306780.997304877,18377.47478695509
1574141.013010573,5308226.366904545,17893.88334519311,2.0014181101443076,1573807.2724541412,5307817.695426855,17410.291903431138,1574239.549230594,5308744.715965534,17410.291903431138,1574474.7535670053,5308635.038382235,18377.47478695509,1574042.4767905527,5307708.017843557,18377.47478695509
1574573.2897870261,5309153.387443223,17893.88334519311,1.9871865842417393,1574239.549230594,5308744.715965534,17410.291903431138,1574671.8260070467,5309671.736504212,17410.291903431138,1574907.030343458,5309562.058920913,18377.47478695509,1574474.7535670053,5308635.038382235,18377.47478695509
1575005.566563479,5310080.407981901,17893.88334519311,1.7187562628011832,1574671.8260070467,5309671.736504212,17410.291903431138,1575104.1027834995,5310598.757042891,17410.291903431138,1575339.3071199108,5310489.079459591,18377.47478695509,1574907.030343458,5309562.058920913,18377.47478695509
1575437.8433399312,5311007.428520581,17893.88334519311,0.8863019995025875,1575104.1027834995,5310598.757042891,17410.291903431138,1575536.379559952,5311525.77758157,17410.291903431138,1575771.5838963636,5311416.099998269,18377.47478695509,1575339.3071199108,5310489.079459591,18377.47478695509
1575870.1201163845,5311934.449059259,17893.88334519311,2.1241895498722285,1575536.379559952,5311525.77758157,17410.291903431138,1575968.6563364048,5312452.798120248,17410.291903431138,1576203.8606728164,5312343.120536948,18377.47478695509,1575771.5838963636,5311416.099998269,18377.47478695509
1576302.3968928368,5312861.469597938,17893.88334519311,3.3832830003832854,1575968.6563364048,5312452.798120248,17410.291903431138,1576400.9331128576,5313379.8186589265,17410.291903431138,1576636.137449269,5313270.141075626,18377.47478695509,1576203.8606728164,5312343.120536948,18377.47478695509
1576734.6736692896,5313788.490136616,17893.88334519311,4.136195831193131,1576400.9331128576,5313379.8186589265,17410.291903431138,1576833.2098893104,5314306.839197605,17410.291903431138,1577068.414225722,5314197.161614305,18377.47478695509,1576636.137449269,5313270.141075626,18377.47478695509
1577166.9504457428,5314715.510675294,17893.88334519311,4.870315806416733,1576833.2098893104,5314306.839197605,17410.291903431138,1577265.4866657634,5315233.859736284,17410.291903431138,1577500.6910021745,5315124.182152984,18377.47478695509,1577068.414225722,5314197.161614305,18377.47478695509
1577599.2272221954,5315642.531213973,17893.88334519311,6.35728775307832,1577265.4866657634,5315233.859736284,17410.291903431138,1577697.763442216,5316160.880274963,17410.291903431138,1577932.9677786275,5316051.202691662,18377.47478695509,1577500.6910021745,5315124.182152984,18377.47478695509
1578031.503998648,5316569.551752651,17893.88334519311,7.030272873854701,1577697.763442216,5316160.880274963,17410.291903431138,1578130.0402186688,5317087.900813641,17410.291903431138,1578365.24455508,5316978.2232303405,18377.47478695509,1577932.9677786275,5316051.202691662,18377.47478695509
1578463.780775101,5317496.5722913295,17893.88334519311,6.397077895557147,1578130.0402186688,5317087.900813641,17410.291903431138,1578562.3169951213,5318014.921352319,17410.291903431138,1578797.5213315329,5317905.243769019,18377.47478695509,1578365.24455508,5316978.2232303405,18377.47478695509
1578896.0575515535,5318423.592830008,17893.88334519311,7.041186071221435,1578562.3169951213,5318014.921352319,17410.291903431138,1578994.5937715743,5318941.941890998,17410.291903431138,1579229.7981079854,5318832.264307698,18377.47478695509,1578797.5213315329,5317905.243769019,18377.47478695509
1579328.334328006,5319350.613368687,17893.88334519311,7.076976892041541,1578994.5937715743,5318941.941890998,17410.291903431138,1579426.8705480269,5319868.962429676,17410.291903431138,1579662.0748844384,5319759.284846377,18377.47478695509,1579229.7981079854,5318832.264307698,18377.47478695509
1579760.6111044593,5320277.633907366,17893.88334519311,5.237656743498476,1579426.8705480269,5319868.962429676,17410.291903431138,1579859.1473244797,5320795.982968355,17410.291903431138,1580094.3516608912,5320686.305385055,18377.47478695509,1579662.0748844384,5319759.284846377,18377.47478695509
1580192.887880912,5321204.654446045,17893.88334519311,4.294431635772524,1579859.1473244797,5320795.982968355,17410.291903431138,1580291.4241009324,5321723.003507033,17410.291903431138,1580526.628437344,5321613.325923733,18377.47478695509,1580094.3516608912,5320686.305385055,18377.47478695509
1580625.1646573644,5322131.674984722,17893.88334519311,4.637283803905787,1580291.4241009324,5321723.003507033,17410.291903431138,1580723.7008773852,5322650.024045711,17410.291903431138,1580958.9052137968,5322540.346462412,18377.47478695509,1580526.628437344,5321613.325923733,18377.47478695509
1569188.8960295522,5296992.442857103,18861.066228717063,0.5593708575190269,1568855.1554731196,5296583.771379413,18377.47478695509,1569287.4322495724,5297510.7919180915,18377.47478695509,1569522.6365859846,5297401.114334792,19344.657670479042,1569090.3598095318,5296474.0937961135,19344.657670479042
1569621.1728060045,5297919.463395782,18861.066228717063,0.490134966868263,1569287.4322495724,5297510.7919180915,18377.47478695509,1569719.709026025,5298437.812456771,18377.47478695509,1569954.9133624374,5298328.134873471,19344.657670479042,1569522.6365859846,5297401.114334792,19344.657670479042
1570053.4495824578,5298846.483934459,18861.066228717063,0.5383456621100645,1569719.709026025,5298437.812456771,18377.47478695509,1570151.985802478,5299364.832995449,18377.47478695509,1570387.19013889,5299255.15541215,19344.657670479042,1569954.9133624374,5298328.134873471,19344.657670479042
1570485.7263589103,5299773.504473138,18861.066228717063,1.0897481692224182,1570151.985802478,5299364.832995449,18377.47478695509,1570584.2625789305,5300291.853534128,18377.47478695509,1570819.466915343,5300182.175950827,19344.657670479042,1570387.19013889,5299255.15541215,19344.657670479042
1570918.003135363,5300700.525011816,18861.066228717063,2.0955107880573114,1570584.2625789305,5300291.853534128,18377.47478695509,1571016.5393553835,5301218.874072806,18377.47478695509,1571251.7436917955,5301109.1964895055,19344.657670479042,1570819.466915343,5300182.175950827,19344.657670479042
1571350.279911816,5301627.545550494,18861.066228717063,3.6594198126132538,1571016.5393553835,5301218.874072806,18377.47478695509,1571448.816131836,5302145.894611484,18377.47478695509,1571684.0204682483,5302036.217028184,19344.657670479042,1571251.7436917955,5301109.1964895055,19344.657670479042
1571782.5566882687,5302554.566089174,18861.066228717063,3.9574099229711783,1571448.816131836,5302145.894611484,18377.47478695509,1571881.0929082888,5303072.915150164,18377.47478695509,1572116.297244701,5302963.237566863,19344.657670479042,1571684.0204682483,5302036.217028184,19344.657670479042
1572214.833464721,5303481.586627853,18861.066228717063,3.56561118820125,1571881.0929082888,5303072.915150164,18377.47478695509,1572313.3696847414,5303999.935688842,18377.47478695509,1572548.5740211539,5303890.258105542,19344.657670479042,1572116.297244701,5302963.237566863,19344.657670479042
1572647.1102411742,5304408.6071665315,18861.066228717063,3.268180598033789,1572313.3696847414,5303999.935688842,18377.47478695509,1572745.6464611944,5304926.9562275205,18377.47478695509,1572980.8507976066,5304817.27864422,19344.657670479042,1572548.5740211539,5303890.258105542,19344.657670479042
1573079.387017627,5305335.62770521,18861.066228717063,2.2741263461705934,1572745.6464611944,5304926.9562275205,18377.47478695509,1573177.9232376472,5305853.976766199,18377.47478695509,1573413.1275740592,5305744.299182898,19344.657670479042,1572980.8507976066,5304817.27864422,19344.657670479042
1573511.6637940793,5306262.648243888,18861.066228717063,2.283924552089764,1573177.9232376472,5305853.976766199,18377.47478695509,1573610.2000140997,5306780.997304877,18377.47478695509,1573845.4043505122,5306671.319721577,19344.657670479042,1573413.1275740592,5305744.299182898,19344.657670479042
1573943.9405705326,5307189.668782567,18861.066228717063,2.6728662931706006,1573610.2000140997,5306780.997304877,18377.47478695509,1574042.4767905527,5307708.017843557,18377.47478695509,1574277.6811269647,5307598.340260256,19344.657670479042,1573845.4043505122,5306671.319721577,19344.657670479042
1574376.2173469851,5308116.689321245,18861.066228717063,2.1330550815000473,1574042.4767905527,5307708.017843557,18377.47478695509,1574474.7535670053,5308635.038382235,18377.47478695509,1574709.9579034178,5308525.3607989345,19344.657670479042,1574277.6811269647,5307598.340260256,19344.657670479042
1574808.4941234377,5309043.709859923,18861.066228717063,2.2854802548068447,1574474.7535670053,5308635.038382235,18377.47478695509,1574907.030343458,5309562.058920913,18377.47478695509,1575142.2346798703,5309452.381337613,19344.657670479042,1574709.9579034178,5308525.3607989345,19344.657670479042
1575240.7708998907,5309970.730398602,18861.066228717063,2.4992238880062576,1574907.030343458,5309562.058920913,18377.47478695509,1575339.3071199108,5310489.079459591,18377.47478695509,1575574.511456323,5310379.401876291,19344.657670479042,1575142.2346798703,5309452.381337613,19344.657670479042
1575673.0476763435,5310897.75093728,18861.066228717063,1.1519250263039043,1575339.3071199108,5310489.079459591,18377.47478695509,1575771.5838963636,5311416.099998269,18377.47478695509,1576006.7882327759,5311306.42241497,19344.657670479042,1575574.511456323,5310379.401876291,19344.657670479042
1576105.324452796,5311824.771475959,18861.066228717063,1.4381054903037016,1575771.5838963636,5311416.099998269,18377.47478695509,1576203.8606728164,5312343.120536948,18377.47478695509,1576439.0650092287,5312233.442953648,19344.657670479042,1576006.7882327759,5311306.42241497,19344.657670479042
1576537.601229249,5312751.792014636,18861.066228717063,3.24228216899794,1576203.8606728164,5312343.120536948,18377.47478695509,1576636.137449269,5313270.141075626,18377.47478695509,1576871.3417856814,5313160.463492326,19344.657670479042,1576439.0650092287,5312233.442953648,19344.657670479042
1576969.8780057018,5313678.812553315,18861.066228717063,3.8317324943102373,1576636.137449269,5313270.141075626,18377.47478695509,1577068.414225722,5314197.161614305,18377.47478695509,1577303.6185621342,5314087.484031005,19344.657670479042,1576871.3417856814,5313160.463492326,19344.657670479042
1577402.1547821541,5314605.833091995,18861.066228717063,4.677085698653859,1577068.414225722,5314197.161614305,18377.47478695509,1577500.6910021745,5315124.182152984,18377.47478695509,1577735.895338587,5315014.504569683,19344.657670479042,1577303.6185621342,5314087.484031005,19344.657670479042
1577834.4315586074,5315532.853630673,18861.066228717063,6.115822682949502,1577500.6910021745,5315124.182152984,18377.47478695509,1577932.9677786275,5316051.202691662,18377.47478695509,1578168.1721150395,5315941.525108362,19344.657670479042,1577735.895338587,5315014.504569683,19344.657670479042
1578266.70833506,5316459.8741693515,18861.066228717063,5.618080842182028,1577932.9677786275,5316051.202691662,18377.47478695509,1578365.24455508,5316978.2232303405,18377.47478695509,1578600.4488914923,5316868.54564704,19344.657670479042,1578168.1721150395,5315941.525108362,19344.657670479042
1578698.9851115125,5317386.89470803,18861.066228717063,5.386918514209478,1578365.24455508,5316978.2232303405,18377.47478695509,1578797.5213315329,5317905.243769019,18377.47478695509,1579032.725667945,5317795.566185718,19344.657670479042,1578600.4488914923,5316868.54564704,19344.657670479042
1579131.2618879655,5318313.915246708,18861.066228717063,6.49249479413215,1578797.5213315329,5317905.243769019,18377.47478695509,1579229.7981079854,5318832.264307698,18377.47478695509,1579465.002444398,5318722.586724398,19344.657670479042,1579032.725667945,5317795.566185718,19344.657670479042
1579563.538664418,5319240.935785387,18861.066228717063,6.419905784701193,1579229.7981079854,5318832.264307698,18377.47478695509,1579662.0748844384,5319759.284846377,18377.47478695509,1579897.2792208507,5319649.607263076,19344.657670479042,1579465.002444398,5318722.586724398,19344.657670479042
1579995.8154408708,5320167.956324065,18861.066228717063,4.807993326772657,1579662.0748844384,5319759.284846377,18377.47478695509,1580094.3516608912,5320686.305385055,18377.47478695509,1580329.5559973035,5320576.6278017545,19344.657670479042,1579897.2792208507,5319649.607263076,19344.657670479042
1580428.0922173238,5321094.9768627435,18861.066228717063,4.248328651231591,1580094.3516608912,5320686.305385055,18377.47478695509,1580526.628437344,5321613.325923733,18377.47478695509,1580761.8327737562,5321503.648340433,19344.657670479042,1580329.5559973035,5320576.6278017545,19344.657670479042
1580860.3689937766,5322021.997401422,18861.066228717063,5.1415215843994275,1580526.628437344,5321613.325923733,18377.47478695509,1580958.9052137968,5322540.346462412,18377.47478695509,1581194.1095502088,5322430.668879111,19344.657670479042,1580761.8327737562,5321503.648340433,19344.657670479042
1569424.100365964,5296882.765273803,19828.249112241017,0.24597400844137157,1569090.3598095318,5296474.0937961135,19344.657670479042,1569522.6365859846,5297401.114334792,19344.657670479042,1569757.840922396,5297291.436751492,20311.840554002996,1569325.5641459431,5296364.416212814,20311.840554002996
1569856.3771424168,5297809.785812481,19828.249112241017,0.21219597019805733,1569522.6365859846,5297401.114334792,19344.657670479042,1569954.9133624374,5298328.134873471,19344.657670479042,1570190.1176988487,5298218.457290171,20311.840554002996,1569757.840922396,5297291.436751492,20311.840554002996
1570288.6539188693,5298736.806351161,19828.249112241017,0.6580587513422279,1569954.9133624374,5298328.134873471,19344.657670479042,1570387.19013889,5299255.15541215,19344.657670479042,1570622.3944753015,5299145.477828849,20311.840554002996,1570190.1176988487,5298218.457290171,20311.840554002996
1570720.9306953223,5299663.826889839,19828.249112241017,0.9478293114411259,1570387.19013889,5299255.15541215,19344.657670479042,1570819.466915343,5300182.175950827,19344.657670479042,1571054.6712517543,5300072.4983675275,20311.840554002996,1570622.3944753015,5299145.477828849,20311.840554002996
1571153.207471775,5300590.847428517,19828.249112241017,2.619456446390978,1570819.466915343,5300182.175950827,19344.657670479042,1571251.7436917955,5301109.1964895055,19344.657670479042,1571486.948028207,5300999.518906207,20311.840554002996,1571054.6712517543,5300072.4983675275,20311.840554002996
1571585.4842482277,5301517.867967196,19828.249112241017,2.773853025627837,1571251.7436917955,5301109.1964895055,19344.657670479042,1571684.0204682483,5302036.217028184,19344.657670479042,1571919.2248046598,5301926.539444885,20311.840554002996,1571486.948028207,5300999.518906207,20311.840554002996
1572017.7610246805,5302444.888505873,19828.249112241017,3.3601468714758087,1571684.0204682483,5302036.217028184,19344.657670479042,1572116.297244701,5302963.237566863,19344.657670479042,1572351.5015811124,5302853.559983564,20311.840554002996,1571919.2248046598,5301926.539444885,20311.840554002996
1572450.0378011332,5303371.909044552,19828.249112241017,2.510885072782025,1572116.297244701,5302963.237566863,19344.657670479042,1572548.5740211539,5303890.258105542,19344.657670479042,1572783.7783575654,5303780.580522241,20311.840554002996,1572351.5015811124,5302853.559983564,20311.840554002996
1572882.314577586,5304298.92958323,19828.249112241017,2.511672681583883,1572548.5740211539,5303890.258105542,19344.657670479042,1572980.8507976066,5304817.27864422,19344.657670479042,1573216.055134018,5304707.601060919,20311.840554002996,1572783.7783575654,5303780.580522241,20311.840554002996
1573314.5913540388,5305225.950121908,19828.249112241017,2.0110923667556033,1572980.8507976066,5304817.27864422,19344.657670479042,1573413.1275740592,5305744.299182898,19344.657670479042,1573648.3319104707,5305634.621599598,20311.840554002996,1573216.055134018,5304707.601060919,20311.840554002996
1573746.8681304916,5306152.970660587,19828.249112241017,2.2457380595598075,1573413.1275740592,5305744.299182898,19344.657670479042,1573845.4043505122,5306671.319721577,19344.657670479042,1574080.6086869235,5306561.642138276,20311.840554002996,1573648.3319104707,5305634.621599598,20311.840554002996
1574179.1449069441,5307079.991199266,19828.249112241017,2.6910431092898333,1573845.4043505122,5306671.319721577,19344.657670479042,1574277.6811269647,5307598.340260256,19344.657670479042,1574512.8854633763,5307488.662676956,20311.840554002996,1574080.6086869235,5306561.642138276,20311.840554002996
1574611.4216833971,5308007.0117379455,19828.249112241017,1.878791999072173,1574277.6811269647,5307598.340260256,19344.657670479042,1574709.9579034178,5308525.3607989345,19344.657670479042,1574945.1622398288,5308415.683215634,20311.840554002996,1574512.8854633763,5307488.662676956,20311.840554002996
1575043.6984598497,5308934.032276624,19828.249112241017,1.245101339585457,1574709.9579034178,5308525.3607989345,19344.657670479042,1575142.2346798703,5309452.381337613,19344.657670479042,1575377.4390162819,5309342.703754312,20311.840554002996,1574945.1622398288,5308415.683215634,20311.840554002996
1575475.9752363025,5309861.052815302,19828.249112241017,1.3210100134307998,1575142.2346798703,5309452.381337613,19344.657670479042,1575574.511456323,5310379.401876291,19344.657670479042,1575809.7157927346,5310269.724292991,20311.840554002996,1575377.4390162819,5309342.703754312,20311.840554002996
1575908.2520127555,5310788.073353981,19828.249112241017,0.476302396080603,1575574.511456323,5310379.401876291,19344.657670479042,1576006.7882327759,5311306.42241497,19344.657670479042,1576241.9925691872,5311196.744831669,20311.840554002996,1575809.7157927346,5310269.724292991,20311.840554002996
1576340.528789208,5311715.093892659,19828.249112241017,1.2365173320928107,1576006.7882327759,5311306.42241497,19344.657670479042,1576439.0650092287,5312233.442953648,19344.657670479042,1576674.2693456402,5312123.7653703485,20311.840554002996,1576241.9925691872,5311196.744831669,20311.840554002996
1576772.8055656608,5312642.114431337,19828.249112241017,2.3517495043629255,1576439.0650092287,5312233.442953648,19344.657670479042,1576871.3417856814,5313160.463492326,19344.657670479042,1577106.5461220928,5313050.785909027,20311.840554002996,1576674.2693456402,5312123.7653703485,20311.840554002996
1577205.0823421136,5313569.134970016,19828.249112241017,2.6392116980199827,1576871.3417856814,5313160.463492326,19344.657670479042,1577303.6185621342,5314087.484031005,19344.657670479042,1577538.8228985455,5313977.806447705,20311.840554002996,1577106.5461220928,5313050.785909027,20311.840554002996
1577637.3591185664,5314496.155508694,19828.249112241017,4.095620596939621,1577303.6185621342,5314087.484031005,19344.657670479042,1577735.895338587,5315014.504569683,19344.657670479042,1577971.0996749983,5314904.826986384,20311.840554002996,1577538.8228985455,5313977.806447705,20311.840554002996
1578069.635895019,5315423.176047373,19828.249112241017,4.080929697173786,1577735.895338587,5315014.504569683,19344.657670479042,1578168.1721150395,5315941.525108362,19344.657670479042,1578403.376451451,5315831.847525062,20311.840554002996,1577971.0996749983,5314904.826986384,20311.840554002996
1578501.912671472,5316350.196586051,19828.249112241017,4.235696684381693,1578168.1721150395,5315941.525108362,19344.657670479042,1578600.4488914923,5316868.54564704,19344.657670479042,1578835.6532279039,5316758.868063741,20311.840554002996,1578403.376451451,5315831.847525062,20311.840554002996
1578934.1894479245,5317277.217124729,19828.249112241017,5.334986492502045,1578600.4488914923,5316868.54564704,19344.657670479042,1579032.725667945,5317795.566185718,19344.657670479042,1579267.9300043567,5317685.888602419,20311.840554002996,1578835.6532279039,5316758.868063741,20311.840554002996
1579366.4662243773,5318204.237663408,19828.249112241017,5.463376477345939,1579032.725667945,5317795.566185718,19344.657670479042,1579465.002444398,5318722.586724398,19344.657670479042,1579700.2067808094,5318612.909141097,20311.840554002996,1579267.9300043567,5317685.888602419,20311.840554002996
1579798.7430008303,5319131.258202087,19828.249112241017,5.2846225781770695,1579465.002444398,5318722.586724398,19344.657670479042,1579897.2792208507,5319649.607263076,19344.657670479042,1580132.483557262,5319539.929679776,20311.840554002996,1579700.2067808094,5318612.909141097,20311.840554002996
1580231.0197772828,5320058.2787407655,19828.249112241017,4.3044459742771215,1579897.2792208507,5319649.607263076,19344.657670479042,1580329.5559973035,5320576.6278017545,19344.657670479042,1580564.7603337148,5320466.950218454,20311.840554002996,1580132.483557262,5319539.929679776,20311.840554002996
1580663.2965537356,5320985.299279444,19828.249112241017,4.099014320626196,1580329.5559973035,5320576.6278017545,19344.657670479042,1580761.8327737562,5321503.648340433,19344.657670479042,1580997.0371101676,5321393.970757133,20311.840554002996,1580564.7603337148,5320466.950218454,20311.840554002996
1581095.5733301884,5321912.319818122,19828.249112241017,5.4456482386474665,1580761.8327737562,5321503.648340433,19344.657670479042,1581194.1095502088,5322430.668879111,19344.657670479042,1581429.3138866203,5322320.991295812,20311.840554002996,1580997.0371101676,5321393.970757133,20311.840554002996
1569659.304702375,5296773.087690502,20795.43199576497,0.25125995829371595,1569325.5641459431,5296364.416212814,20311.840554002996,1569757.840922396,5297291.436751492,20311.840554002996,1569993.0452588073,5297181.759168192,21279.023437526947,1569560.7684823547,5296254.738629513,21279.023437526947
1570091.581478828,5297700.108229181,20795.43199576497,0.4453965253204134,1569757.840922396,5297291.436751492,20311.840554002996,1570190.1176988487,5298218.457290171,20311.840554002996,1570425.3220352603,5298108.77970687,21279.023437526947,1569993.0452588073,5297181.759168192,21279.023437526947
1570523.8582552809,5298627.128767859,20795.43199576497,0.794395078471507,1570190.1176988487,5298218.457290171,20311.840554002996,1570622.3944753015,5299145.477828849,20311.840554002996,1570857.598811713,5299035.800245549,21279.023437526947,1570425.3220352603,5298108.77970687,21279.023437526947
1570956.1350317334,5299554.1493065385,20795.43199576497,0.8662669089434029,1570622.3944753015,5299145.477828849,20311.840554002996,1571054.6712517543,5300072.4983675275,20311.840554002996,1571289.8755881656,5299962.820784228,21279.023437526947,1570857.598811713,5299035.800245549,21279.023437526947
1571388.4118081864,5300481.169845217,20795.43199576497,1.2339881423812942,1571054.6712517543,5300072.4983675275,20311.840554002996,1571486.948028207,5300999.518906207,20311.840554002996,1571722.1523646186,5300889.841322906,21279.023437526947,1571289.8755881656,5299962.820784228,21279.023437526947
1571820.6885846392,5301408.190383896,20795.43199576497,1.6983213075208206,1571486.948028207,5300999.518906207,20311.840554002996,1571919.2248046598,5301926.539444885,20311.840554002996,1572154.4291410712,5301816.861861585,21279.023437526947,1571722.1523646186,5300889.841322906,21279.023437526947
1572252.9653610915,5302335.210922575,20795.43199576497,1.802638549110473,1571919.2248046598,5301926.539444885,20311.840554002996,1572351.5015811124,5302853.559983564,20311.840554002996,1572586.705917524,5302743.882400263,21279.023437526947,1572154.4291410712,5301816.861861585,21279.023437526947
1572685.2421375448,5303262.231461253,20795.43199576497,0.8629012619495106,1572351.5015811124,5302853.559983564,20311.840554002996,1572783.7783575654,5303780.580522241,20311.840554002996,1573018.9826939767,5303670.9029389415,21279.023437526947,1572586.705917524,5302743.882400263,21279.023437526947
1573117.5189139973,5304189.251999931,20795.43199576497,1.2978348797707215,1572783.7783575654,5303780.580522241,20311.840554002996,1573216.055134018,5304707.601060919,20311.840554002996,1573451.2594704295,5304597.923477621,21279.023437526947,1573018.9826939767,5303670.9029389415,21279.023437526947
1573549.79569045,5305116.27253861,20795.43199576497,0.9270852619053418,1573216.055134018,5304707.601060919,20311.840554002996,1573648.3319104707,5305634.621599598,20311.840554002996,1573883.536246882,5305524.944016299,21279.023437526947,1573451.2594704295,5304597.923477621,21279.023437526947
1573982.072466903,5306043.293077287,20795.43199576497,0.9632394014600336,1573648.3319104707,5305634.621599598,20311.840554002996,1574080.6086869235,5306561.642138276,20311.840554002996,1574315.8130233348,5306451.964554978,21279.023437526947,1573883.536246882,5305524.944016299,21279.023437526947
1574414.3492433557,5306970.313615966,20795.43199576497,1.3340388784906838,1574080.6086869235,5306561.642138276,20311.840554002996,1574512.8854633763,5307488.662676956,20311.840554002996,1574748.0897997878,5307378.985093655,21279.023437526947,1574315.8130233348,5306451.964554978,21279.023437526947
1574846.6260198082,5307897.334154644,20795.43199576497,1.165165355948863,1574512.8854633763,5307488.662676956,20311.840554002996,1574945.1622398288,5308415.683215634,20311.840554002996,1575180.3665762404,5308306.005632333,21279.023437526947,1574748.0897997878,5307378.985093655,21279.023437526947
1575278.9027962612,5308824.354693322,20795.43199576497,0.906924709950076,1574945.1622398288,5308415.683215634,20311.840554002996,1575377.4390162819,5309342.703754312,20311.840554002996,1575612.6433526934,5309233.026171013,21279.023437526947,1575180.3665762404,5308306.005632333,21279.023437526947
1575711.179572714,5309751.375232002,20795.43199576497,0.6754543671522186,1575377.4390162819,5309342.703754312,20311.840554002996,1575809.7157927346,5310269.724292991,20311.840554002996,1576044.920129146,5310160.046709691,21279.023437526947,1575612.6433526934,5309233.026171013,21279.023437526947
1576143.4563491663,5310678.39577068,20795.43199576497,0.825445306810365,1575809.7157927346,5310269.724292991,20311.840554002996,1576241.9925691872,5311196.744831669,20311.840554002996,1576477.1969055987,5311087.06724837,21279.023437526947,1576044.920129146,5310160.046709691,21279.023437526947
1576575.7331256196,5311605.416309359,20795.43199576497,1.550661771276198,1576241.9925691872,5311196.744831669,20311.840554002996,1576674.2693456402,5312123.7653703485,20311.840554002996,1576909.4736820513,5312014.087787048,21279.023437526947,1576477.1969055987,5311087.06724837,21279.023437526947
1577008.0099020721,5312532.436848038,20795.43199576497,1.5439819996941069,1576674.2693456402,5312123.7653703485,20311.840554002996,1577106.5461220928,5313050.785909027,20311.840554002996,1577341.7504585043,5312941.108325726,21279.023437526947,1576909.4736820513,5312014.087787048,21279.023437526947
1577440.2866785247,5313459.457386716,20795.43199576497,2.1074987721352163,1577106.5461220928,5313050.785909027,20311.840554002996,1577538.8228985455,5313977.806447705,20311.840554002996,1577774.027234957,5313868.128864406,21279.023437526947,1577341.7504585043,5312941.108325726,21279.023437526947
1577872.5634549777,5314386.477925395,20795.43199576497,2.9694819462305544,1577538.8228985455,5313977.806447705,20311.840554002996,1577971.0996749983,5314904.826986384,20311.840554002996,1578206.3040114099,5314795.149403084,21279.023437526947,1577774.027234957,5313868.128864406,21279.023437526947
1578304.8402314305,5315313.498464073,20795.43199576497,2.8548583100466938,1577971.0996749983,5314904.826986384,20311.840554002996,1578403.376451451,5315831.847525062,20311.840554002996,1578638.5807878627,5315722.169941762,21279.023437526947,1578206.3040114099,5314795.149403084,21279.023437526947
1578737.117007883,5316240.519002751,20795.43199576497,3.9629160858607744,1578403.376451451,5315831.847525062,20311.840554002996,1578835.6532279039,5316758.868063741,20311.840554002996,1579070.8575643152,5316649.190480441,21279.023437526947,1578638.5807878627,5315722.169941762,21279.023437526947
1579169.393784336,5317167.53954143,20795.43199576497,4.753088692126944,1578835.6532279039,5316758.868063741,20311.840554002996,1579267.9300043567,5317685.888602419,20311.840554002996,1579503.134340768,5317576.211019119,21279.023437526947,1579070.8575643152,5316649.190480441,21279.023437526947
1579601.6705607888,5318094.560080108,20795.43199576497,5.061698981686411,1579267.9300043567,5317685.888602419,20311.840554002996,1579700.2067808094,5318612.909141097,20311.840554002996,1579935.4111172208,5318503.231557798,21279.023437526947,1579503.134340768,5317576.211019119,21279.023437526947
1580033.9473372411,5319021.580618787,20795.43199576497,4.2849270225634015,1579700.2067808094,5318612.909141097,20311.840554002996,1580132.483557262,5319539.929679776,20311.840554002996,1580367.6878936735,5319430.252096476,21279.023437526947,1579935.4111172208,5318503.231557798,21279.023437526947
1580466.2241136944,5319948.601157465,20795.43199576497,4.442644427517981,1580132.483557262,5319539.929679776,20311.840554002996,1580564.7603337148,5320466.950218454,20311.840554002996,1580799.964670126,5320357.272635155,21279.023437526947,1580367.6878936735,5319430.252096476,21279.023437526947
1580898.500890147,5320875.621696143,20795.43199576497,4.689753379452274,1580564.7603337148,5320466.950218454,20311.840554002996,1580997.0371101676,5321393.970757133,20311.840554002996,1581232.241446579,5321284.293173833,21279.023437526947,1580799.964670126,5320357.272635155,21279.023437526947
1581330.7776665995,5321802.642234823,20795.43199576497,5.970514433194497,1580997.0371101676,5321393.970757133,20311.840554002996,1581429.3138866203,5322320.991295812,20311.840554002996,1581664.518223032,5322211.313712511,21279.023437526947,1581232.241446579,5321284.293173833,21279.023437526947
