clon,clat,cdep,slip,lon1,lat1,dep1,lon2,lat2,dep2,lon3,lat3,dep3,lon4,lat4,dep4
1563980.9681477116,5297482.719191636,498.38706260173996,3.212087443508013,1563647.8321491894,5297084.0551168695,1.0,1564072.2268546673,5297994.172499794,1.0,1564314.1041462333,5297881.383266402,995.7741252034799,1563889.7094407554,5296971.265883477,995.7741252034799
1564405.3628531892,5298392.836574562,498.38706260173996,3.307286045615702,1564072.2268546673,5297994.172499794,1.0,1564496.6215601452,5298904.2898827195,1.0,1564738.4988517112,5298791.500649327,995.7741252034799,1564314.1041462333,5297881.383266402,995.7741252034799
1564829.7575586673,5299302.953957486,498.38706260173996,1.7516869273134503,1564496.6215601452,5298904.2898827195,1.0,1564921.0162656235,5299814.4072656445,1.0,1565162.893557189,5299701.618032252,995.7741252034799,1564738.4988517112,5298791.500649327,995.7741252034799
1565254.1522641452,5300213.071340411,498.38706260173996,1.3456873971141243,1564921.0162656235,5299814.4072656445,1.0,1565345.4109711011,5300724.5246485695,1.0,1565587.288262667,5300611.735415177,995.7741252034799,1565162.893557189,5299701.618032252,995.7741252034799
1565678.546969623,5301123.188723335,498.38706260173996,0.899754144970172,1565345.4109711011,5300724.5246485695,1.0,1565769.805676579,5301634.642031494,1.0,1566011.682968145,5301521.852798102,995.7741252034799,1565587.288262667,5300611.735415177,995.7741252034799
1566102.9416751007,5302033.306106261,498.38706260173996,0.798942385886795,1565769.805676579,5301634.642031494,1.0,1566194.2003820569,5302544.759414419,1.0,1566436.0776736229,5302431.970181028,995.7741252034799,1566011.682968145,5301521.852798102,995.7741252034799
1566527.3363805788,5302943.423489186,498.38706260173996,0.7570057032967814,1566194.2003820569,5302544.759414419,1.0,1566618.595087535,5303454.876797344,1.0,1566860.4723791007,5303342.087563953,995.7741252034799,1566436.0776736229,5302431.970181028,995.7741252034799
1566951.7310860567,5303853.540872111,498.38706260173996,0.713329223064267,1566618.595087535,5303454.876797344,1.0,1567042.9897930126,5304364.994180269,1.0,1567284.8670845786,5304252.204946878,995.7741252034799,1566860.4723791007,5303342.087563953,995.7741252034799
1567376.1257915345,5304763.658255037,498.38706260173996,1.2860596395112123,1567042.9897930126,5304364.994180269,1.0,1567467.3844984905,5305275.111563194,1.0,1567709.2617900565,5305162.322329803,995.7741252034799,1567284.8670845786,5304252.204946878,995.7741252034799
1567800.5204970122,5305673.775637961,498.38706260173996,1.2599785843093634,1567467.3844984905,5305275.111563194,1.0,1567891.7792039684,5306185.228946119,1.0,1568133.6564955343,5306072.439712727,995.7741252034799,1567709.2617900565,5305162.322329803,995.7741252034799
1568224.9152024903,5306583.893020886,498.38706260173996,1.9547019576567026,1567891.7792039684,5306185.228946119,1.0,1568316.1739094465,5307095.346329044,1.0,1568558.0512010122,5306982.557095652,995.7741252034799,1568133.6564955343,5306072.439712727,995.7741252034799
1568649.3099079682,5307494.01040381,498.38706260173996,1.431340502595624,1568316.1739094465,5307095.346329044,1.0,1568740.568614924,5308005.463711969,1.0,1568982.44590649,5307892.674478577,995.7741252034799,1568558.0512010122,5306982.557095652,995.7741252034799
1569073.704613446,5308404.127786736,498.38706260173996,0.9567800027121419,1568740.568614924,5308005.463711969,1.0,1569164.963320402,5308915.581094894,1.0,1569406.840611968,5308802.791861502,995.7741252034799,1568982.44590649,5307892.674478577,995.7741252034799
1569498.099318924,5309314.24516966,498.38706260173996,0.9063741343735846,1569164.963320402,5308915.581094894,1.0,1569589.3580258798,5309825.698477818,1.0,1569831.2353174458,5309712.909244427,995.7741252034799,1569406.840611968,5308802.791861502,995.7741252034799
1569922.494024402,5310224.362552585,498.38706260173996,0.8278918115412996,1569589.3580258798,5309825.698477818,1.0,1570013.752731358,5310735.815860743,1.0,1570255.6300229237,5310623.026627352,995.7741252034799,1569831.2353174458,5309712.909244427,995.7741252034799
1570346.8887298799,5311134.47993551,498.38706260173996,0.5143912508534642,1570013.752731358,5310735.815860743,1.0,1570438.1474368358,5311645.933243668,1.0,1570680.0247284016,5311533.144010277,995.7741252034799,1570255.6300229237,5310623.026627352,995.7741252034799
1570771.2834353577,5312044.597318436,498.38706260173996,0.37061631476863616,1570438.1474368358,5311645.933243668,1.0,1570862.5421423134,5312556.050626593,1.0,1571104.4194338794,5312443.2613932025,995.7741252034799,1570680.0247284016,5311533.144010277,995.7741252034799
1571195.6781408356,5312954.71470136,498.38706260173996,0.2969516326369183,1570862.5421423134,5312556.050626593,1.0,1571286.9368477915,5313466.168009518,1.0,1571528.8141393573,5313353.3787761275,995.7741252034799,1571104.4194338794,5312443.2613932025,995.7741252034799
1571620.0728463135,5313864.832084285,498.38706260173996,0.25651437336878763,1571286.9368477915,5313466.168009518,1.0,1571711.3315532694,5314376.285392443,1.0,1571953.2088448352,5314263.4961590525,995.7741252034799,1571528.8141393573,5313353.3787761275,995.7741252034799
1572044.4675517913,5314774.94946721,498.38706260173996,0.3095703627883088,1571711.3315532694,5314376.285392443,1.0,1572135.7262587473,5315286.402775368,1.0,1572377.603550313,5315173.613541977,995.7741252034799,1571953.2088448352,5314263.4961590525,995.7741252034799
1572468.8622572692,5315685.066850136,498.38706260173996,0.17490200209547502,1572135.7262587473,5315286.402775368,1.0,1572560.120964225,5316196.520158293,1.0,1572801.998255791,5316083.730924902,995.7741252034799,1572377.603550313,5315173.613541977,995.7741252034799
1572893.256962747,5316595.184233059,498.38706260173996,0.0174673391781193,1572560.120964225,5316196.520158293,1.0,1572984.515669703,5317106.637541218,1.0,1573226.3929612688,5316993.848307827,995.7741252034799,1572801.998255791,5316083.730924902,995.7741252034799
1573317.651668225,5317505.301615985,498.38706260173996,0.004086885444521572,1572984.515669703,5317106.637541218,1.0,1573408.910375181,5318016.754924144,1.0,1573650.7876667466,5317903.965690752,995.7741252034799,1573226.3929612688,5316993.848307827,995.7741252034799
1573742.0463737028,5318415.418998909,498.38706260173996,0.009885565634582212,1573408.910375181,5318016.754924144,1.0,1573833.305080659,5318926.872307067,1.0,1574075.1823722245,5318814.083073677,995.7741252034799,1573650.7876667466,5317903.965690752,995.7741252034799
1574166.4410791807,5319325.536381835,498.38706260173996,0.019809804763910605,1573833.305080659,5318926.872307067,1.0,1574257.6997861366,5319836.989689992,1.0,1574499.5770777024,5319724.200456602,995.7741252034799,1574075.1823722245,5318814.083073677,995.7741252034799
1574590.8357846586,5320235.653764759,498.38706260173996,0.08164316510165777,1574257.6997861366,5319836.989689992,1.0,1574682.0944916147,5320747.107072918,1.0,1574923.9717831805,5320634.317839527,995.7741252034799,1574499.5770777024,5319724.200456602,995.7741252034799
1575015.2304901364,5321145.771147685,498.38706260173996,0.11898262987217453,1574682.0944916147,5320747.107072918,1.0,1575106.4891970926,5321657.224455843,1.0,1575348.3664886584,5321544.435222452,995.7741252034799,1574923.9717831805,5320634.317839527,995.7741252034799
1575439.6251956143,5322055.88853061,498.38706260173996,0.02389836473211426,1575106.4891970926,5321657.224455843,1.0,1575530.8839025705,5322567.341838768,1.0,1575772.7611941362,5322454.552605377,995.7741252034799,1575348.3664886584,5321544.435222452,995.7741252034799
1575864.0199010922,5322966.005913535,498.38706260173996,0.14454682554925083,1575530.8839025705,5322567.341838768,1.0,1575955.278608048,5323477.459221693,1.0,1576197.155899614,5323364.669988301,995.7741252034799,1575772.7611941362,5322454.552605377,995.7741252034799
1576288.41460657,5323876.123296459,498.38706260173996,0.14529075962583304,1575955.278608048,5323477.459221693,1.0,1576379.6733135262,5324387.576604618,1.0,1576621.550605092,5324274.787371226,995.7741252034799,1576197.155899614,5323364.669988301,995.7741252034799
1576712.8093120481,5324786.240679385,498.38706260173996,0.10746633693077455,1576379.6733135262,5324387.576604618,1.0,1576804.068019004,5325297.693987543,1.0,1577045.94531057,5325184.904754152,995.7741252034799,1576621.550605092,5324274.787371226,995.7741252034799
1577137.204017526,5325696.358062309,498.38706260173996,0.2293819289428429,1576804.068019004,5325297.693987543,1.0,1577228.462724482,5326207.811370468,1.0,1577470.3400160477,5326095.022137077,995.7741252034799,1577045.94531057,5325184.904754152,995.7741252034799
1564222.8454392774,5297369.929958245,1493.16118780522,2.458751948911067,1563889.7094407554,5296971.265883477,995.7741252034799,1564314.1041462333,5297881.383266402,995.7741252034799,1564555.981437799,5297768.594033012,1990.5482504069598,1564131.5867323212,5296858.476650087,1990.5482504069598
1564647.2401447555,5298280.04734117,1493.16118780522,2.869265602072875,1564314.1041462333,5297881.383266402,995.7741252034799,1564738.4988517112,5298791.500649327,995.7741252034799,1564980.3761432772,5298678.711415937,1990.5482504069598,1564555.981437799,5297768.594033012,1990.5482504069598
1565071.6348502333,5299190.164724096,1493.16118780522,1.9367335579575768,1564738.4988517112,5298791.500649327,995.7741252034799,1565162.893557189,5299701.618032252,995.7741252034799,1565404.770848755,5299588.828798862,1990.5482504069598,1564980.3761432772,5298678.711415937,1990.5482504069598
1565496.029555711,5300100.28210702,1493.16118780522,1.474454907695874,1565162.893557189,5299701.618032252,995.7741252034799,1565587.288262667,5300611.735415177,995.7741252034799,1565829.165554233,5300498.946181787,1990.5482504069598,1565404.770848755,5299588.828798862,1990.5482504069598
1565920.424261189,5301010.399489945,1493.16118780522,0.8578619144271777,1565587.288262667,5300611.735415177,995.7741252034799,1566011.682968145,5301521.852798102,995.7741252034799,1566253.5602597105,5301409.063564711,1990.5482504069598,1565829.165554233,5300498.946181787,1990.5482504069598
1566344.818966667,5301920.51687287,1493.16118780522,0.851374511117554,1566011.682968145,5301521.852798102,995.7741252034799,1566436.0776736229,5302431.970181028,995.7741252034799,1566677.9549651886,5302319.180947636,1990.5482504069598,1566253.5602597105,5301409.063564711,1990.5482504069598
1566769.2136721448,5302830.634255796,1493.16118780522,1.36479517388819,1566436.0776736229,5302431.970181028,995.7741252034799,1566860.4723791007,5303342.087563953,995.7741252034799,1567102.3496706667,5303229.298330561,1990.5482504069598,1566677.9549651886,5302319.180947636,1990.5482504069598
1567193.6083776224,5303740.751638719,1493.16118780522,1.3282484710834919,1566860.4723791007,5303342.087563953,995.7741252034799,1567284.8670845786,5304252.204946878,995.7741252034799,1567526.7443761446,5304139.415713486,1990.5482504069598,1567102.3496706667,5303229.298330561,1990.5482504069598
1567618.0030831005,5304650.869021645,1493.16118780522,1.4028128114230303,1567284.8670845786,5304252.204946878,995.7741252034799,1567709.2617900565,5305162.322329803,995.7741252034799,1567951.1390816222,5305049.533096411,1990.5482504069598,1567526.7443761446,5304139.415713486,1990.5482504069598
1568042.3977885784,5305560.98640457,1493.16118780522,1.2830027841996567,1567709.2617900565,5305162.322329803,995.7741252034799,1568133.6564955343,5306072.439712727,995.7741252034799,1568375.5337871003,5305959.650479336,1990.5482504069598,1567951.1390816222,5305049.533096411,1990.5482504069598
1568466.7924940563,5306471.103787495,1493.16118780522,1.4838658183941438,1568133.6564955343,5306072.439712727,995.7741252034799,1568558.0512010122,5306982.557095652,995.7741252034799,1568799.9284925782,5306869.767862262,1990.5482504069598,1568375.5337871003,5305959.650479336,1990.5482504069598
1568891.187199534,5307381.22117042,1493.16118780522,1.5119259088700692,1568558.0512010122,5306982.557095652,995.7741252034799,1568982.44590649,5307892.674478577,995.7741252034799,1569224.323198056,5307779.885245186,1990.5482504069598,1568799.9284925782,5306869.767862262,1990.5482504069598
1569315.581905012,5308291.338553345,1493.16118780522,1.7020263085270604,1568982.44590649,5307892.674478577,995.7741252034799,1569406.840611968,5308802.791861502,995.7741252034799,1569648.7179035337,5308690.002628111,1990.5482504069598,1569224.323198056,5307779.885245186,1990.5482504069598
1569739.97661049,5309201.45593627,1493.16118780522,1.475225089087035,1569406.840611968,5308802.791861502,995.7741252034799,1569831.2353174458,5309712.909244427,995.7741252034799,1570073.1126090118,5309600.120011037,1990.5482504069598,1569648.7179035337,5308690.002628111,1990.5482504069598
1570164.3713159678,5310111.573319195,1493.16118780522,1.273756857828831,1569831.2353174458,5309712.909244427,995.7741252034799,1570255.6300229237,5310623.026627352,995.7741252034799,1570497.5073144897,5310510.237393961,1990.5482504069598,1570073.1126090118,5309600.120011037,1990.5482504069598
1570588.7660214454,5311021.690702121,1493.16118780522,0.8027347965413073,1570255.6300229237,5310623.026627352,995.7741252034799,1570680.0247284016,5311533.144010277,995.7741252034799,1570921.9020199676,5311420.354776886,1990.5482504069598,1570497.5073144897,5310510.237393961,1990.5482504069598
1571013.1607269237,5311931.808085045,1493.16118780522,0.5552637736598762,1570680.0247284016,5311533.144010277,995.7741252034799,1571104.4194338794,5312443.2613932025,995.7741252034799,1571346.2967254452,5312330.472159811,1990.5482504069598,1570921.9020199676,5311420.354776886,1990.5482504069598
1571437.5554324016,5312841.925467969,1493.16118780522,0.6641973596511505,1571104.4194338794,5312443.2613932025,995.7741252034799,1571528.8141393573,5313353.3787761275,995.7741252034799,1571770.6914309233,5313240.589542736,1990.5482504069598,1571346.2967254452,5312330.472159811,1990.5482504069598
1571861.9501378795,5313752.042850894,1493.16118780522,0.7258026728711722,1571528.8141393573,5313353.3787761275,995.7741252034799,1571953.2088448352,5314263.4961590525,995.7741252034799,1572195.0861364012,5314150.706925661,1990.5482504069598,1571770.6914309233,5313240.589542736,1990.5482504069598
1572286.344843357,5314662.16023382,1493.16118780522,0.7216869343343018,1571953.2088448352,5314263.4961590525,995.7741252034799,1572377.603550313,5315173.613541977,995.7741252034799,1572619.480841879,5315060.824308586,1990.5482504069598,1572195.0861364012,5314150.706925661,1990.5482504069598
1572710.7395488352,5315572.277616744,1493.16118780522,0.2566658198504068,1572377.603550313,5315173.613541977,995.7741252034799,1572801.998255791,5316083.730924902,995.7741252034799,1573043.875547357,5315970.941691511,1990.5482504069598,1572619.480841879,5315060.824308586,1990.5482504069598
1573135.134254313,5316482.394999669,1493.16118780522,0.17825777467581416,1572801.998255791,5316083.730924902,995.7741252034799,1573226.3929612688,5316993.848307827,995.7741252034799,1573468.2702528348,5316881.059074436,1990.5482504069598,1573043.875547357,5315970.941691511,1990.5482504069598
1573559.528959791,5317392.512382594,1493.16118780522,0.1660286242702179,1573226.3929612688,5316993.848307827,995.7741252034799,1573650.7876667466,5317903.965690752,995.7741252034799,1573892.6649583126,5317791.176457361,1990.5482504069598,1573468.2702528348,5316881.059074436,1990.5482504069598
1573983.9236652686,5318302.62976552,1493.16118780522,0.052208418450846665,1573650.7876667466,5317903.965690752,995.7741252034799,1574075.1823722245,5318814.083073677,995.7741252034799,1574317.0596637905,5318701.293840286,1990.5482504069598,1573892.6649583126,5317791.176457361,1990.5482504069598
1574408.3183707467,5319212.747148444,1493.16118780522,0.018093273714072225,1574075.1823722245,5318814.083073677,995.7741252034799,1574499.5770777024,5319724.200456602,995.7741252034799,1574741.4543692684,5319611.41122321,1990.5482504069598,1574317.0596637905,5318701.293840286,1990.5482504069598
1574832.7130762246,5320122.864531369,1493.16118780522,0.015882858365605858,1574499.5770777024,5319724.200456602,995.7741252034799,1574923.9717831805,5320634.317839527,995.7741252034799,1575165.8490747462,5320521.528606135,1990.5482504069598,1574741.4543692684,5319611.41122321,1990.5482504069598
1575257.1077817024,5321032.981914293,1493.16118780522,0.07308228857074671,1574923.9717831805,5320634.317839527,995.7741252034799,1575348.3664886584,5321544.435222452,995.7741252034799,1575590.2437802241,5321431.64598906,1990.5482504069598,1575165.8490747462,5320521.528606135,1990.5482504069598
1575681.50248718,5321943.099297219,1493.16118780522,0.05645176980870248,1575348.3664886584,5321544.435222452,995.7741252034799,1575772.7611941362,5322454.552605377,995.7741252034799,1576014.6384857022,5322341.763371985,1990.5482504069598,1575590.2437802241,5321431.64598906,1990.5482504069598
1576105.8971926582,5322853.216680143,1493.16118780522,0.11587289045675973,1575772.7611941362,5322454.552605377,995.7741252034799,1576197.155899614,5323364.669988301,995.7741252034799,1576439.03319118,5323251.88075491,1990.5482504069598,1576014.6384857022,5322341.763371985,1990.5482504069598
1576530.291898136,5323763.334063068,1493.16118780522,0.05705091718227366,1576197.155899614,5323364.669988301,995.7741252034799,1576621.550605092,5324274.787371226,995.7741252034799,1576863.427896658,5324161.998137835,1990.5482504069598,1576439.03319118,5323251.88075491,1990.5482504069598
1576954.686603614,5324673.451445993,1493.16118780522,0.09547813689305977,1576621.550605092,5324274.787371226,995.7741252034799,1577045.94531057,5325184.904754152,995.7741252034799,1577287.8226021358,5325072.11552076,1990.5482504069598,1576863.427896658,5324161.998137835,1990.5482504069598
1577379.0813090915,5325583.568828919,1493.16118780522,0.29873737602925016,1577045.94531057,5325184.904754152,995.7741252034799,1577470.3400160477,5326095.022137077,995.7741252034799,1577712.2173076137,5325982.232903685,1990.5482504069598,1577287.8226021358,5325072.11552076,1990.5482504069598
1564464.7227308434,5297257.140724855,2487.9353130086997,1.8269014279006528,1564131.5867323212,5296858.476650087,1990.5482504069598,1564555.981437799,5297768.594033012,1990.5482504069598,1564797.858729365,5297655.804799621,2985.32237561044,1564373.4640238872,5296745.687416697,2985.32237561044
1564889.1174363212,5298167.2581077805,2487.9353130086997,3.1516754817052743,1564555.981437799,5297768.594033012,1990.5482504069598,1564980.3761432772,5298678.711415937,1990.5482504069598,1565222.253434843,5298565.922182546,2985.32237561044,1564797.858729365,5297655.804799621,2985.32237561044
1565313.512141799,5299077.375490704,2487.9353130086997,2.16036515949748,1564980.3761432772,5298678.711415937,1990.5482504069598,1565404.770848755,5299588.828798862,1990.5482504069598,1565646.6481403208,5299476.039565471,2985.32237561044,1565222.253434843,5298565.922182546,2985.32237561044
1565737.906847277,5299987.492873629,2487.9353130086997,1.3756192847796143,1565404.770848755,5299588.828798862,1990.5482504069598,1565829.165554233,5300498.946181787,1990.5482504069598,1566071.0428457987,5300386.156948396,2985.32237561044,1565646.6481403208,5299476.039565471,2985.32237561044
1566162.3015527548,5300897.610256554,2487.9353130086997,0.9770052999810269,1565829.165554233,5300498.946181787,1990.5482504069598,1566253.5602597105,5301409.063564711,1990.5482504069598,1566495.4375512765,5301296.274331321,2985.32237561044,1566071.0428457987,5300386.156948396,2985.32237561044
1566586.6962582327,5301807.72763948,2487.9353130086997,1.2040356546515643,1566253.5602597105,5301409.063564711,1990.5482504069598,1566677.9549651886,5302319.180947636,1990.5482504069598,1566919.8322567544,5302206.391714246,2985.32237561044,1566495.4375512765,5301296.274331321,2985.32237561044
1567011.0909637106,5302717.845022404,2487.9353130086997,1.509146669338052,1566677.9549651886,5302319.180947636,1990.5482504069598,1567102.3496706667,5303229.298330561,1990.5482504069598,1567344.2269622323,5303116.509097171,2985.32237561044,1566919.8322567544,5302206.391714246,2985.32237561044
1567435.4856691884,5303627.962405329,2487.9353130086997,1.1209801999836073,1567102.3496706667,5303229.298330561,1990.5482504069598,1567526.7443761446,5304139.415713486,1990.5482504069598,1567768.6216677101,5304026.626480096,2985.32237561044,1567344.2269622323,5303116.509097171,2985.32237561044
1567859.8803746663,5304538.079788254,2487.9353130086997,1.1268298725250536,1567526.7443761446,5304139.415713486,1990.5482504069598,1567951.1390816222,5305049.533096411,1990.5482504069598,1568193.0163731882,5304936.743863021,2985.32237561044,1567768.6216677101,5304026.626480096,2985.32237561044
1568284.2750801442,5305448.19717118,2487.9353130086997,1.1931380093089028,1567951.1390816222,5305049.533096411,1990.5482504069598,1568375.5337871003,5305959.650479336,1990.5482504069598,1568617.411078666,5305846.861245945,2985.32237561044,1568193.0163731882,5304936.743863021,2985.32237561044
1568708.669785622,5306358.314554104,2487.9353130086997,1.240670311187164,1568375.5337871003,5305959.650479336,1990.5482504069598,1568799.9284925782,5306869.767862262,1990.5482504069598,1569041.805784144,5306756.97862887,2985.32237561044,1568617.411078666,5305846.861245945,2985.32237561044
1569133.0644911,5307268.431937029,2487.9353130086997,1.7421935980607475,1568799.9284925782,5306869.767862262,1990.5482504069598,1569224.323198056,5307779.885245186,1990.5482504069598,1569466.2004896218,5307667.096011795,2985.32237561044,1569041.805784144,5306756.97862887,2985.32237561044
1569557.4591965778,5308178.549319953,2487.9353130086997,1.0270040294220038,1569224.323198056,5307779.885245186,1990.5482504069598,1569648.7179035337,5308690.002628111,1990.5482504069598,1569890.5951950997,5308577.21339472,2985.32237561044,1569466.2004896218,5307667.096011795,2985.32237561044
1569981.8539020556,5309088.666702879,2487.9353130086997,0.9583227265572218,1569648.7179035337,5308690.002628111,1990.5482504069598,1570073.1126090118,5309600.120011037,1990.5482504069598,1570314.9899005776,5309487.330777645,2985.32237561044,1569890.5951950997,5308577.21339472,2985.32237561044
1570406.2486075335,5309998.784085803,2487.9353130086997,0.8191398231989915,1570073.1126090118,5309600.120011037,1990.5482504069598,1570497.5073144897,5310510.237393961,1990.5482504069598,1570739.3846060554,5310397.44816057,2985.32237561044,1570314.9899005776,5309487.330777645,2985.32237561044
1570830.6433130114,5310908.901468729,2487.9353130086997,0.4211917138884537,1570497.5073144897,5310510.237393961,1990.5482504069598,1570921.9020199676,5311420.354776886,1990.5482504069598,1571163.7793115333,5311307.565543495,2985.32237561044,1570739.3846060554,5310397.44816057,2985.32237561044
1571255.0380184893,5311819.018851654,2487.9353130086997,0.1614527017037488,1570921.9020199676,5311420.354776886,1990.5482504069598,1571346.2967254452,5312330.472159811,1990.5482504069598,1571588.1740170112,5312217.68292642,2985.32237561044,1571163.7793115333,5311307.565543495,2985.32237561044
1571679.4327239671,5312729.136234579,2487.9353130086997,0.3008610871522093,1571346.2967254452,5312330.472159811,1990.5482504069598,1571770.6914309233,5313240.589542736,1990.5482504069598,1572012.568722489,5313127.800309345,2985.32237561044,1571588.1740170112,5312217.68292642,2985.32237561044
1572103.8274294452,5313639.253617503,2487.9353130086997,0.5582206824183661,1571770.6914309233,5313240.589542736,1990.5482504069598,1572195.0861364012,5314150.706925661,1990.5482504069598,1572436.9634279672,5314037.917692271,2985.32237561044,1572012.568722489,5313127.800309345,2985.32237561044
1572528.2221349233,5314549.371000429,2487.9353130086997,0.8702639415712785,1572195.0861364012,5314150.706925661,1990.5482504069598,1572619.480841879,5315060.824308586,1990.5482504069598,1572861.3581334448,5314948.035075194,2985.32237561044,1572436.9634279672,5314037.917692271,2985.32237561044
1572952.616840401,5315459.488383354,2487.9353130086997,0.5164025522980186,1572619.480841879,5315060.824308586,1990.5482504069598,1573043.875547357,5315970.941691511,1990.5482504069598,1573285.7528389227,5315858.152458119,2985.32237561044,1572861.3581334448,5314948.035075194,2985.32237561044
1573377.0115458788,5316369.605766279,2487.9353130086997,0.20780017232302653,1573043.875547357,5315970.941691511,1990.5482504069598,1573468.2702528348,5316881.059074436,1990.5482504069598,1573710.1475444005,5316768.269841045,2985.32237561044,1573285.7528389227,5315858.152458119,2985.32237561044
1573801.4062513567,5317279.723149204,2487.9353130086997,0.21178646070559826,1573468.2702528348,5316881.059074436,1990.5482504069598,1573892.6649583126,5317791.176457361,1990.5482504069598,1574134.5422498786,5317678.38722397,2985.32237561044,1573710.1475444005,5316768.269841045,2985.32237561044
1574225.8009568348,5318189.840532128,2487.9353130086997,0.16807523797647625,1573892.6649583126,5317791.176457361,1990.5482504069598,1574317.0596637905,5318701.293840286,1990.5482504069598,1574558.9369553563,5318588.504606895,2985.32237561044,1574134.5422498786,5317678.38722397,2985.32237561044
1574650.1956623124,5319099.957915053,2487.9353130086997,0.039515200323550395,1574317.0596637905,5318701.293840286,1990.5482504069598,1574741.4543692684,5319611.41122321,1990.5482504069598,1574983.3316608341,5319498.62198982,2985.32237561044,1574558.9369553563,5318588.504606895,2985.32237561044
1575074.5903677903,5320010.075297978,2487.9353130086997,0.016983898924585045,1574741.4543692684,5319611.41122321,1990.5482504069598,1575165.8490747462,5320521.528606135,1990.5482504069598,1575407.726366312,5320408.739372745,2985.32237561044,1574983.3316608341,5319498.62198982,2985.32237561044
1575498.9850732682,5320920.192680904,2487.9353130086997,0.01598841564648682,1575165.8490747462,5320521.528606135,1990.5482504069598,1575590.2437802241,5321431.64598906,1990.5482504069598,1575832.12107179,5321318.85675567,2985.32237561044,1575407.726366312,5320408.739372745,2985.32237561044
1575923.3797787463,5321830.310063828,2487.9353130086997,0.0639364293117256,1575590.2437802241,5321431.64598906,1990.5482504069598,1576014.6384857022,5322341.763371985,1990.5482504069598,1576256.5157772677,5322228.974138595,2985.32237561044,1575832.12107179,5321318.85675567,2985.32237561044
1576347.774484224,5322740.427446753,2487.9353130086997,0.05621547124748162,1576014.6384857022,5322341.763371985,1990.5482504069598,1576439.03319118,5323251.88075491,1990.5482504069598,1576680.9104827456,5323139.09152152,2985.32237561044,1576256.5157772677,5322228.974138595,2985.32237561044
1576772.1691897018,5323650.544829678,2487.9353130086997,0.19241891743066883,1576439.03319118,5323251.88075491,1990.5482504069598,1576863.427896658,5324161.998137835,1990.5482504069598,1577105.3051882237,5324049.208904444,2985.32237561044,1576680.9104827456,5323139.09152152,2985.32237561044
1577196.5638951797,5324560.662212604,2487.9353130086997,0.3359276864898822,1576863.427896658,5324161.998137835,1990.5482504069598,1577287.8226021358,5325072.11552076,1990.5482504069598,1577529.6998937018,5324959.326287369,2985.32237561044,1577105.3051882237,5324049.208904444,2985.32237561044
1577620.9586006578,5325470.779595528,2487.9353130086997,0.6421047615671838,1577287.8226021358,5325072.11552076,1990.5482504069598,1577712.2173076137,5325982.232903685,1990.5482504069598,1577954.0945991795,5325869.443670294,2985.32237561044,1577529.6998937018,5324959.326287369,2985.32237561044
1564706.600022409,5297144.351491462,3482.7094382121795,2.093723406108338,1564373.4640238872,5296745.687416697,2985.32237561044,1564797.858729365,5297655.804799621,2985.32237561044,1565039.7360209308,5297543.01556623,3980.0965008139196,1564615.3413154532,5296632.898183305,3980.0965008139196
1565130.994727887,5298054.468874388,3482.7094382121795,2.8136879176742955,1564797.858729365,5297655.804799621,2985.32237561044,1565222.253434843,5298565.922182546,2985.32237561044,1565464.130726409,5298453.132949155,3980.0965008139196,1565039.7360209308,5297543.01556623,3980.0965008139196
1565555.389433365,5298964.586257313,3482.7094382121795,2.3697170648139108,1565222.253434843,5298565.922182546,2985.32237561044,1565646.6481403208,5299476.039565471,2985.32237561044,1565888.5254318868,5299363.250332081,3980.0965008139196,1565464.130726409,5298453.132949155,3980.0965008139196
1565979.7841388427,5299874.703640238,3482.7094382121795,1.7898589165995087,1565646.6481403208,5299476.039565471,2985.32237561044,1566071.0428457987,5300386.156948396,2985.32237561044,1566312.9201373647,5300273.367715006,3980.0965008139196,1565888.5254318868,5299363.250332081,3980.0965008139196
1566404.1788443208,5300784.821023163,3482.7094382121795,1.3865111019258867,1566071.0428457987,5300386.156948396,2985.32237561044,1566495.4375512765,5301296.274331321,2985.32237561044,1566737.3148428425,5301183.48509793,3980.0965008139196,1566312.9201373647,5300273.367715006,3980.0965008139196
1566828.5735497985,5301694.938406088,3482.7094382121795,1.774883295810742,1566495.4375512765,5301296.274331321,2985.32237561044,1566919.8322567544,5302206.391714246,2985.32237561044,1567161.7095483204,5302093.602480855,3980.0965008139196,1566737.3148428425,5301183.48509793,3980.0965008139196
1567252.9682552766,5302605.055789013,3482.7094382121795,1.4520408677790575,1566919.8322567544,5302206.391714246,2985.32237561044,1567344.2269622323,5303116.509097171,2985.32237561044,1567586.1042537983,5303003.71986378,3980.0965008139196,1567161.7095483204,5302093.602480855,3980.0965008139196
1567677.3629607542,5303515.1731719375,3482.7094382121795,1.4858244819698037,1567344.2269622323,5303116.509097171,2985.32237561044,1567768.6216677101,5304026.626480096,2985.32237561044,1568010.4989592761,5303913.837246705,3980.0965008139196,1567586.1042537983,5303003.71986378,3980.0965008139196
1568101.7576662323,5304425.290554863,3482.7094382121795,1.2218519650016617,1567768.6216677101,5304026.626480096,2985.32237561044,1568193.0163731882,5304936.743863021,2985.32237561044,1568434.893664754,5304823.95462963,3980.0965008139196,1568010.4989592761,5303913.837246705,3980.0965008139196
1568526.15237171,5305335.4079377875,3482.7094382121795,1.651270482490661,1568193.0163731882,5304936.743863021,2985.32237561044,1568617.411078666,5305846.861245945,2985.32237561044,1568859.2883702319,5305734.072012555,3980.0965008139196,1568434.893664754,5304823.95462963,3980.0965008139196
1568950.547077188,5306245.5253207125,3482.7094382121795,1.3541470493685774,1568617.411078666,5305846.861245945,2985.32237561044,1569041.805784144,5306756.97862887,2985.32237561044,1569283.68307571,5306644.18939548,3980.0965008139196,1568859.2883702319,5305734.072012555,3980.0965008139196
1569374.9417826657,5307155.6427036375,3482.7094382121795,1.7605432945480963,1569041.805784144,5306756.97862887,2985.32237561044,1569466.2004896218,5307667.096011795,2985.32237561044,1569708.0777811878,5307554.306778405,3980.0965008139196,1569283.68307571,5306644.18939548,3980.0965008139196
1569799.3364881438,5308065.760086563,3482.7094382121795,1.3747500862778117,1569466.2004896218,5307667.096011795,2985.32237561044,1569890.5951950997,5308577.21339472,2985.32237561044,1570132.4724866657,5308464.42416133,3980.0965008139196,1569708.0777811878,5307554.306778405,3980.0965008139196
1570223.7311936214,5308975.8774694875,3482.7094382121795,0.9404110704562878,1569890.5951950997,5308577.21339472,2985.32237561044,1570314.9899005776,5309487.330777645,2985.32237561044,1570556.8671921436,5309374.541544255,3980.0965008139196,1570132.4724866657,5308464.42416133,3980.0965008139196
1570648.1258990995,5309885.9948524125,3482.7094382121795,0.903993894879198,1570314.9899005776,5309487.330777645,2985.32237561044,1570739.3846060554,5310397.44816057,2985.32237561044,1570981.2618976214,5310284.65892718,3980.0965008139196,1570556.8671921436,5309374.541544255,3980.0965008139196
1571072.5206045771,5310796.1122353375,3482.7094382121795,0.6905127007592152,1570739.3846060554,5310397.44816057,2985.32237561044,1571163.7793115333,5311307.565543495,2985.32237561044,1571405.6566030993,5311194.776310104,3980.0965008139196,1570981.2618976214,5310284.65892718,3980.0965008139196
1571496.9153100553,5311706.229618263,3482.7094382121795,0.7200570952358117,1571163.7793115333,5311307.565543495,2985.32237561044,1571588.1740170112,5312217.68292642,2985.32237561044,1571830.0513085772,5312104.893693029,3980.0965008139196,1571405.6566030993,5311194.776310104,3980.0965008139196
1571921.310015533,5312616.347001187,3482.7094382121795,0.7732371376482311,1571588.1740170112,5312217.68292642,2985.32237561044,1572012.568722489,5313127.800309345,2985.32237561044,1572254.446014055,5313015.011075954,3980.0965008139196,1571830.0513085772,5312104.893693029,3980.0965008139196
1572345.704721011,5313526.4643841125,3482.7094382121795,1.1133876606210777,1572012.568722489,5313127.800309345,2985.32237561044,1572436.9634279672,5314037.917692271,2985.32237561044,1572678.840719533,5313925.128458879,3980.0965008139196,1572254.446014055,5313015.011075954,3980.0965008139196
1572770.0994264889,5314436.581767037,3482.7094382121795,1.352616805762336,1572436.9634279672,5314037.917692271,2985.32237561044,1572861.3581334448,5314948.035075194,2985.32237561044,1573103.2354250108,5314835.245841804,3980.0965008139196,1572678.840719533,5313925.128458879,3980.0965008139196
1573194.494131967,5315346.6991499625,3482.7094382121795,0.9298612314592593,1572861.3581334448,5314948.035075194,2985.32237561044,1573285.7528389227,5315858.152458119,2985.32237561044,1573527.6301304887,5315745.363224729,3980.0965008139196,1573103.2354250108,5314835.245841804,3980.0965008139196
1573618.8888374446,5316256.816532887,3482.7094382121795,0.4067760920057602,1573285.7528389227,5315858.152458119,2985.32237561044,1573710.1475444005,5316768.269841045,2985.32237561044,1573952.0248359665,5316655.480607654,3980.0965008139196,1573527.6301304887,5315745.363224729,3980.0965008139196
1574043.2835429227,5317166.9339158125,3482.7094382121795,0.3026131881725216,1573710.1475444005,5316768.269841045,2985.32237561044,1574134.5422498786,5317678.38722397,2985.32237561044,1574376.4195414444,5317565.597990579,3980.0965008139196,1573952.0248359665,5316655.480607654,3980.0965008139196
1574467.6782484006,5318077.0512987375,3482.7094382121795,0.2610549179420694,1574134.5422498786,5317678.38722397,2985.32237561044,1574558.9369553563,5318588.504606895,2985.32237561044,1574800.8142469223,5318475.715373504,3980.0965008139196,1574376.4195414444,5317565.597990579,3980.0965008139196
1574892.0729538784,5318987.1686816625,3482.7094382121795,0.04968790761831754,1574558.9369553563,5318588.504606895,2985.32237561044,1574983.3316608341,5319498.62198982,2985.32237561044,1575225.2089524001,5319385.832756428,3980.0965008139196,1574800.8142469223,5318475.715373504,3980.0965008139196
1575316.467659356,5319897.286064587,3482.7094382121795,0.01613937486774495,1574983.3316608341,5319498.62198982,2985.32237561044,1575407.726366312,5320408.739372745,2985.32237561044,1575649.603657878,5320295.950139353,3980.0965008139196,1575225.2089524001,5319385.832756428,3980.0965008139196
1575740.8623648342,5320807.403447513,3482.7094382121795,0.030355799073967786,1575407.726366312,5320408.739372745,2985.32237561044,1575832.12107179,5321318.85675567,2985.32237561044,1576073.9983633559,5321206.067522279,3980.0965008139196,1575649.603657878,5320295.950139353,3980.0965008139196
1576165.257070312,5321717.520830437,3482.7094382121795,0.11012899617879872,1575832.12107179,5321318.85675567,2985.32237561044,1576256.5157772677,5322228.974138595,2985.32237561044,1576498.3930688337,5322116.184905203,3980.0965008139196,1576073.9983633559,5321206.067522279,3980.0965008139196
1576589.65177579,5322627.638213362,3482.7094382121795,0.19545541196353086,1576256.5157772677,5322228.974138595,2985.32237561044,1576680.9104827456,5323139.09152152,2985.32237561044,1576922.7877743116,5323026.302288128,3980.0965008139196,1576498.3930688337,5322116.184905203,3980.0965008139196
1577014.0464812675,5323537.755596286,3482.7094382121795,0.5891111018340963,1576680.9104827456,5323139.09152152,2985.32237561044,1577105.3051882237,5324049.208904444,2985.32237561044,1577347.1824797895,5323936.419671054,3980.0965008139196,1576922.7877743116,5323026.302288128,3980.0965008139196
1577438.4411867457,5324447.872979212,3482.7094382121795,0.8877584784050858,1577105.3051882237,5324049.208904444,2985.32237561044,1577529.6998937018,5324959.326287369,2985.32237561044,1577771.5771852673,5324846.537053979,3980.0965008139196,1577347.1824797895,5323936.419671054,3980.0965008139196
1577862.8358922235,5325357.990362137,3482.7094382121795,1.1394106497731353,1577529.6998937018,5324959.326287369,2985.32237561044,1577954.0945991795,5325869.443670294,2985.32237561044,1578195.9718907455,5325756.654436904,3980.0965008139196,1577771.5771852673,5324846.537053979,3980.0965008139196
1564948.477313975,5297031.562258072,4477.483563415661,3.37751870125491,1564615.3413154532,5296632.898183305,3980.0965008139196,1565039.7360209308,5297543.01556623,3980.0965008139196,1565281.6133124968,5297430.226332839,4974.870626017399,1564857.218607019,5296520.108949915,4974.870626017399
1565372.872019453,5297941.679640997,4477.483563415661,2.913652676138427,1565039.7360209308,5297543.01556623,3980.0965008139196,1565464.130726409,5298453.132949155,3980.0965008139196,1565706.0080179747,5298340.343715764,4974.870626017399,1565281.6133124968,5297430.226332839,4974.870626017399
1565797.2667249308,5298851.797023923,4477.483563415661,1.9214215837385173,1565464.130726409,5298453.132949155,3980.0965008139196,1565888.5254318868,5299363.250332081,3980.0965008139196,1566130.4027234525,5299250.461098689,4974.870626017399,1565706.0080179747,5298340.343715764,4974.870626017399
1566221.6614304087,5299761.914406846,4477.483563415661,1.6962027510249627,1565888.5254318868,5299363.250332081,3980.0965008139196,1566312.9201373647,5300273.367715006,3980.0965008139196,1566554.7974289304,5300160.578481614,4974.870626017399,1566130.4027234525,5299250.461098689,4974.870626017399
1566646.0561358866,5300672.031789771,4477.483563415661,1.6357731875118051,1566312.9201373647,5300273.367715006,3980.0965008139196,1566737.3148428425,5301183.48509793,3980.0965008139196,1566979.1921344083,5301070.695864539,4974.870626017399,1566554.7974289304,5300160.578481614,4974.870626017399
1567070.4508413645,5301582.149172696,4477.483563415661,1.7455634158853288,1566737.3148428425,5301183.48509793,3980.0965008139196,1567161.7095483204,5302093.602480855,3980.0965008139196,1567403.5868398861,5301980.813247464,4974.870626017399,1566979.1921344083,5301070.695864539,4974.870626017399
1567494.8455468423,5302492.266555622,4477.483563415661,1.9061682279256873,1567161.7095483204,5302093.602480855,3980.0965008139196,1567586.1042537983,5303003.71986378,3980.0965008139196,1567827.9815453643,5302890.930630389,4974.870626017399,1567403.5868398861,5301980.813247464,4974.870626017399
1567919.2402523202,5303402.383938546,4477.483563415661,1.6522690164220757,1567586.1042537983,5303003.71986378,3980.0965008139196,1568010.4989592761,5303913.837246705,3980.0965008139196,1568252.376250842,5303801.048013314,4974.870626017399,1567827.9815453643,5302890.930630389,4974.870626017399
1568343.634957798,5304312.501321472,4477.483563415661,1.3236381650647306,1568010.4989592761,5303913.837246705,3980.0965008139196,1568434.893664754,5304823.95462963,3980.0965008139196,1568676.7709563198,5304711.165396239,4974.870626017399,1568252.376250842,5303801.048013314,4974.870626017399
1568768.029663276,5305222.618704397,4477.483563415661,1.3524987891155744,1568434.893664754,5304823.95462963,3980.0965008139196,1568859.2883702319,5305734.072012555,3980.0965008139196,1569101.1656617976,5305621.282779164,4974.870626017399,1568676.7709563198,5304711.165396239,4974.870626017399
1569192.4243687538,5306132.736087322,4477.483563415661,2.0860677434494344,1568859.2883702319,5305734.072012555,3980.0965008139196,1569283.68307571,5306644.18939548,3980.0965008139196,1569525.5603672757,5306531.400162089,4974.870626017399,1569101.1656617976,5305621.282779164,4974.870626017399
1569616.8190742317,5307042.853470248,4477.483563415661,3.075230349868601,1569283.68307571,5306644.18939548,3980.0965008139196,1569708.0777811878,5307554.306778405,3980.0965008139196,1569949.9550727536,5307441.517545014,4974.870626017399,1569525.5603672757,5306531.400162089,4974.870626017399
1570041.2137797095,5307952.970853172,4477.483563415661,2.0890136805595785,1569708.0777811878,5307554.306778405,3980.0965008139196,1570132.4724866657,5308464.42416133,3980.0965008139196,1570374.3497782315,5308351.634927938,4974.870626017399,1569949.9550727536,5307441.517545014,4974.870626017399
1570465.6084851874,5308863.088236096,4477.483563415661,0.9939667282485759,1570132.4724866657,5308464.42416133,3980.0965008139196,1570556.8671921436,5309374.541544255,3980.0965008139196,1570798.7444837093,5309261.752310864,4974.870626017399,1570374.3497782315,5308351.634927938,4974.870626017399
1570890.0031906653,5309773.205619021,4477.483563415661,0.7048629135525613,1570556.8671921436,5309374.541544255,3980.0965008139196,1570981.2618976214,5310284.65892718,3980.0965008139196,1571223.1391891874,5310171.869693789,4974.870626017399,1570798.7444837093,5309261.752310864,4974.870626017399
1571314.3978961431,5310683.323001947,4477.483563415661,0.8456376258301834,1570981.2618976214,5310284.65892718,3980.0965008139196,1571405.6566030993,5311194.776310104,3980.0965008139196,1571647.533894665,5311081.987076714,4974.870626017399,1571223.1391891874,5310171.869693789,4974.870626017399
1571738.792601621,5311593.440384871,4477.483563415661,1.3360443591640179,1571405.6566030993,5311194.776310104,3980.0965008139196,1571830.0513085772,5312104.893693029,3980.0965008139196,1572071.928600143,5311992.104459639,4974.870626017399,1571647.533894665,5311081.987076714,4974.870626017399
1572163.1873070989,5312503.557767796,4477.483563415661,1.694565379765603,1571830.0513085772,5312104.893693029,3980.0965008139196,1572254.446014055,5313015.011075954,3980.0965008139196,1572496.3233056208,5312902.221842564,4974.870626017399,1572071.928600143,5311992.104459639,4974.870626017399
1572587.5820125767,5313413.675150721,4477.483563415661,1.7553489761821237,1572254.446014055,5313015.011075954,3980.0965008139196,1572678.840719533,5313925.128458879,3980.0965008139196,1572920.718011099,5313812.339225489,4974.870626017399,1572496.3233056208,5312902.221842564,4974.870626017399
1573011.9767180549,5314323.792533647,4477.483563415661,1.6832914168190423,1572678.840719533,5313925.128458879,3980.0965008139196,1573103.2354250108,5314835.245841804,3980.0965008139196,1573345.1127165768,5314722.456608414,4974.870626017399,1572920.718011099,5313812.339225489,4974.870626017399
1573436.3714235327,5315233.909916571,4477.483563415661,1.3037693777364647,1573103.2354250108,5314835.245841804,3980.0965008139196,1573527.6301304887,5315745.363224729,3980.0965008139196,1573769.5074220544,5315632.573991338,4974.870626017399,1573345.1127165768,5314722.456608414,4974.870626017399
1573860.7661290104,5316144.027299496,4477.483563415661,0.6845298228240726,1573527.6301304887,5315745.363224729,3980.0965008139196,1573952.0248359665,5316655.480607654,3980.0965008139196,1574193.9021275325,5316542.691374263,4974.870626017399,1573769.5074220544,5315632.573991338,4974.870626017399
1574285.1608344887,5317054.14468242,4477.483563415661,0.5307162890463075,1573952.0248359665,5316655.480607654,3980.0965008139196,1574376.4195414444,5317565.597990579,3980.0965008139196,1574618.2968330104,5317452.808757188,4974.870626017399,1574193.9021275325,5316542.691374263,4974.870626017399
1574709.5555399666,5317964.262065346,4477.483563415661,0.21558196086175824,1574376.4195414444,5317565.597990579,3980.0965008139196,1574800.8142469223,5318475.715373504,3980.0965008139196,1575042.6915384883,5318362.926140113,4974.870626017399,1574618.2968330104,5317452.808757188,4974.870626017399
1575133.9502454444,5318874.37944827,4477.483563415661,0.08257587068131216,1574800.8142469223,5318475.715373504,3980.0965008139196,1575225.2089524001,5319385.832756428,3980.0965008139196,1575467.086243966,5319273.043523038,4974.870626017399,1575042.6915384883,5318362.926140113,4974.870626017399
1575558.344950922,5319784.496831195,4477.483563415661,0.03261510157755624,1575225.2089524001,5319385.832756428,3980.0965008139196,1575649.603657878,5320295.950139353,3980.0965008139196,1575891.480949444,5320183.160905963,4974.870626017399,1575467.086243966,5319273.043523038,4974.870626017399
1575982.7396564002,5320694.61421412,4477.483563415661,0.03817585487638548,1575649.603657878,5320295.950139353,3980.0965008139196,1576073.9983633559,5321206.067522279,3980.0965008139196,1576315.8756549219,5321093.278288888,4974.870626017399,1575891.480949444,5320183.160905963,4974.870626017399
1576407.134361878,5321604.731597046,4477.483563415661,0.1399911152619853,1576073.9983633559,5321206.067522279,3980.0965008139196,1576498.3930688337,5322116.184905203,3980.0965008139196,1576740.2703603997,5322003.395671813,4974.870626017399,1576315.8756549219,5321093.278288888,4974.870626017399
1576831.529067356,5322514.84897997,4477.483563415661,0.23797811741068592,1576498.3930688337,5322116.184905203,3980.0965008139196,1576922.7877743116,5323026.302288128,3980.0965008139196,1577164.6650658774,5322913.513054738,4974.870626017399,1576740.2703603997,5322003.395671813,4974.870626017399
1577255.9237728335,5323424.966362896,4477.483563415661,0.5805984214906204,1576922.7877743116,5323026.302288128,3980.0965008139196,1577347.1824797895,5323936.419671054,3980.0965008139196,1577589.0597713555,5323823.630437663,4974.870626017399,1577164.6650658774,5322913.513054738,4974.870626017399
1577680.3184783116,5324335.083745821,4477.483563415661,0.5580899957088726,1577347.1824797895,5323936.419671054,3980.0965008139196,1577771.5771852673,5324846.537053979,3980.0965008139196,1578013.4544768333,5324733.747820587,4974.870626017399,1577589.0597713555,5323823.630437663,4974.870626017399
1578104.7131837895,5325245.201128746,4477.483563415661,0.8001933977816181,1577771.5771852673,5324846.537053979,3980.0965008139196,1578195.9718907455,5325756.654436904,3980.0965008139196,1578437.8491823112,5325643.865203512,4974.870626017399,1578013.4544768333,5324733.747820587,4974.870626017399
1565190.3546055406,5296918.773024681,5472.257688619139,3.5023232092088006,1564857.218607019,5296520.108949915,4974.870626017399,1565281.6133124968,5297430.226332839,4974.870626017399,1565523.4906040628,5297317.437099448,5969.64475122088,1565099.095898585,5296407.319716523,5969.64475122088
1565614.7493110187,5297828.890407607,5472.257688619139,2.5265014149707485,1565281.6133124968,5297430.226332839,4974.870626017399,1565706.0080179747,5298340.343715764,4974.870626017399,1565947.8853095407,5298227.554482373,5969.64475122088,1565523.4906040628,5297317.437099448,5969.64475122088
1566039.1440164968,5298739.007790531,5472.257688619139,1.7769746410964091,1565706.0080179747,5298340.343715764,4974.870626017399,1566130.4027234525,5299250.461098689,4974.870626017399,1566372.2800150185,5299137.671865298,5969.64475122088,1565947.8853095407,5298227.554482373,5969.64475122088
1566463.5387219747,5299649.125173456,5472.257688619139,1.7150079103440226,1566130.4027234525,5299250.461098689,4974.870626017399,1566554.7974289304,5300160.578481614,4974.870626017399,1566796.6747204964,5300047.789248223,5969.64475122088,1566372.2800150185,5299137.671865298,5969.64475122088
1566887.9334274523,5300559.242556381,5472.257688619139,1.6232369521564405,1566554.7974289304,5300160.578481614,4974.870626017399,1566979.1921344083,5301070.695864539,4974.870626017399,1567221.0694259743,5300957.906631148,5969.64475122088,1566796.6747204964,5300047.789248223,5969.64475122088
1567312.3281329304,5301469.359939307,5472.257688619139,1.2383922689604807,1566979.1921344083,5301070.695864539,4974.870626017399,1567403.5868398861,5301980.813247464,4974.870626017399,1567645.4641314521,5301868.0240140725,5969.64475122088,1567221.0694259743,5300957.906631148,5969.64475122088
1567736.7228384083,5302379.477322231,5472.257688619139,1.6447465555168328,1567403.5868398861,5301980.813247464,4974.870626017399,1567827.9815453643,5302890.930630389,4974.870626017399,1568069.85883693,5302778.1413969975,5969.64475122088,1567645.4641314521,5301868.0240140725,5969.64475122088
1568161.1175438862,5303289.594705156,5472.257688619139,1.429358783411683,1567827.9815453643,5302890.930630389,4974.870626017399,1568252.376250842,5303801.048013314,4974.870626017399,1568494.2535424079,5303688.2587799225,5969.64475122088,1568069.85883693,5302778.1413969975,5969.64475122088
1568585.5122493638,5304199.71208808,5472.257688619139,1.3750451278841738,1568252.376250842,5303801.048013314,4974.870626017399,1568676.7709563198,5304711.165396239,4974.870626017399,1568918.6482478858,5304598.3761628475,5969.64475122088,1568494.2535424079,5303688.2587799225,5969.64475122088
1569009.906954842,5305109.829471006,5472.257688619139,1.649547071550942,1568676.7709563198,5304711.165396239,4974.870626017399,1569101.1656617976,5305621.282779164,4974.870626017399,1569343.0429533636,5305508.4935457725,5969.64475122088,1568918.6482478858,5304598.3761628475,5969.64475122088
1569434.3016603198,5306019.94685393,5472.257688619139,2.1590185180423442,1569101.1656617976,5305621.282779164,4974.870626017399,1569525.5603672757,5306531.400162089,4974.870626017399,1569767.4376588415,5306418.6109286975,5969.64475122088,1569343.0429533636,5305508.4935457725,5969.64475122088
1569858.6963657977,5306930.064236856,5472.257688619139,3.1851095048224085,1569525.5603672757,5306531.400162089,4974.870626017399,1569949.9550727536,5307441.517545014,4974.870626017399,1570191.8323643194,5307328.7283116225,5969.64475122088,1569767.4376588415,5306418.6109286975,5969.64475122088
1570283.0910712753,5307840.18161978,5472.257688619139,2.166594773386881,1569949.9550727536,5307441.517545014,4974.870626017399,1570374.3497782315,5308351.634927938,4974.870626017399,1570616.2270697972,5308238.8456945475,5969.64475122088,1570191.8323643194,5307328.7283116225,5969.64475122088
1570707.4857767534,5308750.299002706,5472.257688619139,1.6644208643579101,1570374.3497782315,5308351.634927938,4974.870626017399,1570798.7444837093,5309261.752310864,4974.870626017399,1571040.621775275,5309148.9630774725,5969.64475122088,1570616.2270697972,5308238.8456945475,5969.64475122088
1571131.8804822313,5309660.41638563,5472.257688619139,1.486328423914375,1570798.7444837093,5309261.752310864,4974.870626017399,1571223.1391891874,5310171.869693789,4974.870626017399,1571465.0164807532,5310059.0804603975,5969.64475122088,1571040.621775275,5309148.9630774725,5969.64475122088
1571556.2751877091,5310570.533768556,5472.257688619139,1.6692511478997172,1571223.1391891874,5310171.869693789,4974.870626017399,1571647.533894665,5311081.987076714,4974.870626017399,1571889.411186231,5310969.197843322,5969.64475122088,1571465.0164807532,5310059.0804603975,5969.64475122088
1571980.6698931868,5311480.651151481,5472.257688619139,2.4601693296487674,1571647.533894665,5311081.987076714,4974.870626017399,1572071.928600143,5311992.104459639,4974.870626017399,1572313.805891709,5311879.315226247,5969.64475122088,1571889.411186231,5310969.197843322,5969.64475122088
1572405.0645986649,5312390.768534406,5472.257688619139,3.1231064315206587,1572071.928600143,5311992.104459639,4974.870626017399,1572496.3233056208,5312902.221842564,4974.870626017399,1572738.2005971868,5312789.432609172,5969.64475122088,1572313.805891709,5311879.315226247,5969.64475122088
1572829.4593041427,5313300.885917329,5472.257688619139,2.5324065516980485,1572496.3233056208,5312902.221842564,4974.870626017399,1572920.718011099,5313812.339225489,4974.870626017399,1573162.5953026647,5313699.549992098,5969.64475122088,1572738.2005971868,5312789.432609172,5969.64475122088
1573253.8540096206,5314211.003300255,5472.257688619139,2.0015909314971183,1572920.718011099,5313812.339225489,4974.870626017399,1573345.1127165768,5314722.456608414,4974.870626017399,1573586.9900081425,5314609.667375023,5969.64475122088,1573162.5953026647,5313699.549992098,5969.64475122088
1573678.2487150982,5315121.12068318,5472.257688619139,1.679028718334745,1573345.1127165768,5314722.456608414,4974.870626017399,1573769.5074220544,5315632.573991338,4974.870626017399,1574011.3847136204,5315519.784757947,5969.64475122088,1573586.9900081425,5314609.667375023,5969.64475122088
1574102.6434205764,5316031.238066105,5472.257688619139,1.0266037951910594,1573769.5074220544,5315632.573991338,4974.870626017399,1574193.9021275325,5316542.691374263,4974.870626017399,1574435.7794190983,5316429.902140873,5969.64475122088,1574011.3847136204,5315519.784757947,5969.64475122088
1574527.0381260542,5316941.355449031,5472.257688619139,0.5947895314073085,1574193.9021275325,5316542.691374263,4974.870626017399,1574618.2968330104,5317452.808757188,4974.870626017399,1574860.1741245762,5317340.019523798,5969.64475122088,1574435.7794190983,5316429.902140873,5969.64475122088
1574951.432831532,5317851.472831955,5472.257688619139,0.5490390690949509,1574618.2968330104,5317452.808757188,4974.870626017399,1575042.6915384883,5318362.926140113,4974.870626017399,1575284.568830054,5318250.136906723,5969.64475122088,1574860.1741245762,5317340.019523798,5969.64475122088
1575375.82753701,5318761.59021488,5472.257688619139,0.21564632541573486,1575042.6915384883,5318362.926140113,4974.870626017399,1575467.086243966,5319273.043523038,4974.870626017399,1575708.963535532,5319160.254289648,5969.64475122088,1575284.568830054,5318250.136906723,5969.64475122088
1575800.222242488,5319671.707597805,5472.257688619139,0.18484819821800771,1575467.086243966,5319273.043523038,4974.870626017399,1575891.480949444,5320183.160905963,4974.870626017399,1576133.3582410098,5320070.371672572,5969.64475122088,1575708.963535532,5319160.254289648,5969.64475122088
1576224.616947966,5320581.824980731,5472.257688619139,0.30084772619912337,1575891.480949444,5320183.160905963,4974.870626017399,1576315.8756549219,5321093.278288888,4974.870626017399,1576557.7529464876,5320980.489055497,5969.64475122088,1576133.3582410098,5320070.371672572,5969.64475122088
1576649.0116534438,5321491.942363655,5472.257688619139,0.42140056762871025,1576315.8756549219,5321093.278288888,4974.870626017399,1576740.2703603997,5322003.395671813,4974.870626017399,1576982.1476519655,5321890.606438422,5969.64475122088,1576557.7529464876,5320980.489055497,5969.64475122088
1577073.4063589214,5322402.059746579,5472.257688619139,0.3512414507139409,1576740.2703603997,5322003.395671813,4974.870626017399,1577164.6650658774,5322913.513054738,4974.870626017399,1577406.5423574434,5322800.723821347,5969.64475122088,1576982.1476519655,5321890.606438422,5969.64475122088
1577497.8010643995,5323312.177129504,5472.257688619139,0.4537583430298039,1577164.6650658774,5322913.513054738,4974.870626017399,1577589.0597713555,5323823.630437663,4974.870626017399,1577830.9370629212,5323710.841204272,5969.64475122088,1577406.5423574434,5322800.723821347,5969.64475122088
1577922.1957698774,5324222.29451243,5472.257688619139,0.6456292735413867,1577589.0597713555,5323823.630437663,4974.870626017399,1578013.4544768333,5324733.747820587,4974.870626017399,1578255.331768399,5324620.958587197,5969.64475122088,1577830.9370629212,5323710.841204272,5969.64475122088
1578346.5904753553,5325132.411895354,5472.257688619139,0.5818643385048705,1578013.4544768333,5324733.747820587,4974.870626017399,1578437.8491823112,5325643.865203512,4974.870626017399,1578679.726473877,5325531.075970122,5969.64475122088,1578255.331768399,5324620.958587197,5969.64475122088
1565432.2318971066,5296805.98379129,6467.03181382262,2.58594542633479,1565099.095898585,5296407.319716523,5969.64475122088,1565523.4906040628,5297317.437099448,5969.64475122088,1565765.3678956286,5297204.647866057,6964.41887642436,1565340.9731901507,5296294.530483132,6964.41887642436
1565856.6266025845,5297716.101174216,6467.03181382262,2.7220001100219275,1565523.4906040628,5297317.437099448,5969.64475122088,1565947.8853095407,5298227.554482373,5969.64475122088,1566189.7626011064,5298114.765248982,6964.41887642436,1565765.3678956286,5297204.647866057,6964.41887642436
1566281.0213080624,5298626.218557141,6467.03181382262,2.3479591608445567,1565947.8853095407,5298227.554482373,5969.64475122088,1566372.2800150185,5299137.671865298,5969.64475122088,1566614.1573065845,5299024.882631907,6964.41887642436,1566189.7626011064,5298114.765248982,6964.41887642436
1566705.4160135402,5299536.335940065,6467.03181382262,2.028299814538835,1566372.2800150185,5299137.671865298,5969.64475122088,1566796.6747204964,5300047.789248223,5969.64475122088,1567038.5520120622,5299935.000014832,6964.41887642436,1566614.1573065845,5299024.882631907,6964.41887642436
1567129.8107190183,5300446.453322991,6467.03181382262,1.9043516344864424,1566796.6747204964,5300047.789248223,5969.64475122088,1567221.0694259743,5300957.906631148,5969.64475122088,1567462.94671754,5300845.117397757,6964.41887642436,1567038.5520120622,5299935.000014832,6964.41887642436
1567554.2054244962,5301356.570705915,6467.03181382262,1.6908416900372638,1567221.0694259743,5300957.906631148,5969.64475122088,1567645.4641314521,5301868.0240140725,5969.64475122088,1567887.341423018,5301755.234780682,6964.41887642436,1567462.94671754,5300845.117397757,6964.41887642436
1567978.600129974,5302266.68808884,6467.03181382262,1.688991194869728,1567645.4641314521,5301868.0240140725,5969.64475122088,1568069.85883693,5302778.1413969975,5969.64475122088,1568311.736128496,5302665.352163607,6964.41887642436,1567887.341423018,5301755.234780682,6964.41887642436
1568402.994835452,5303176.805471765,6467.03181382262,1.6125019724044993,1568069.85883693,5302778.1413969975,5969.64475122088,1568494.2535424079,5303688.2587799225,5969.64475122088,1568736.1308339739,5303575.469546532,6964.41887642436,1568311.736128496,5302665.352163607,6964.41887642436
1568827.38954093,5304086.922854691,6467.03181382262,2.2723890966318914,1568494.2535424079,5303688.2587799225,5969.64475122088,1568918.6482478858,5304598.3761628475,5969.64475122088,1569160.5255394515,5304485.586929457,6964.41887642436,1568736.1308339739,5303575.469546532,6964.41887642436
1569251.7842464077,5304997.040237615,6467.03181382262,3.175025047205158,1568918.6482478858,5304598.3761628475,5969.64475122088,1569343.0429533636,5305508.4935457725,5969.64475122088,1569584.9202449296,5305395.704312382,6964.41887642436,1569160.5255394515,5304485.586929457,6964.41887642436
1569676.1789518858,5305907.15762054,6467.03181382262,3.717444365872767,1569343.0429533636,5305508.4935457725,5969.64475122088,1569767.4376588415,5306418.6109286975,5969.64475122088,1570009.3149504075,5306305.821695307,6964.41887642436,1569584.9202449296,5305395.704312382,6964.41887642436
1570100.5736573634,5306817.275003465,6467.03181382262,3.70341169000767,1569767.4376588415,5306418.6109286975,5969.64475122088,1570191.8323643194,5307328.7283116225,5969.64475122088,1570433.7096558854,5307215.939078231,6964.41887642436,1570009.3149504075,5306305.821695307,6964.41887642436
1570524.9683628415,5307727.392386391,6467.03181382262,2.431052135848554,1570191.8323643194,5307328.7283116225,5969.64475122088,1570616.2270697972,5308238.8456945475,5969.64475122088,1570858.104361363,5308126.056461156,6964.41887642436,1570433.7096558854,5307215.939078231,6964.41887642436
1570949.3630683192,5308637.509769314,6467.03181382262,2.1444684366008646,1570616.2270697972,5308238.8456945475,5969.64475122088,1571040.621775275,5309148.9630774725,5969.64475122088,1571282.499066841,5309036.173844081,6964.41887642436,1570858.104361363,5308126.056461156,6964.41887642436
1571373.7577737973,5309547.627152239,6467.03181382262,2.0123649531304775,1571040.621775275,5309148.9630774725,5969.64475122088,1571465.0164807532,5310059.0804603975,5969.64475122088,1571706.893772319,5309946.291227006,6964.41887642436,1571282.499066841,5309036.173844081,6964.41887642436
1571798.152479275,5310457.744535164,6467.03181382262,1.379056108932294,1571465.0164807532,5310059.0804603975,5969.64475122088,1571889.411186231,5310969.197843322,5969.64475122088,1572131.2884777968,5310856.408609931,6964.41887642436,1571706.893772319,5309946.291227006,6964.41887642436
1572222.547184753,5311367.86191809,6467.03181382262,2.5032189223683603,1571889.411186231,5310969.197843322,5969.64475122088,1572313.805891709,5311879.315226247,5969.64475122088,1572555.6831832747,5311766.525992856,6964.41887642436,1572131.2884777968,5310856.408609931,6964.41887642436
1572646.9418902306,5312277.979301014,6467.03181382262,3.2036387135082216,1572313.805891709,5311879.315226247,5969.64475122088,1572738.2005971868,5312789.432609172,5969.64475122088,1572980.0778887528,5312676.643375781,6964.41887642436,1572555.6831832747,5311766.525992856,6964.41887642436
1573071.3365957087,5313188.09668394,6467.03181382262,2.537031770724033,1572738.2005971868,5312789.432609172,5969.64475122088,1573162.5953026647,5313699.549992098,5969.64475122088,1573404.4725942307,5313586.760758706,6964.41887642436,1572980.0778887528,5312676.643375781,6964.41887642436
1573495.7313011864,5314098.214066865,6467.03181382262,1.5354574194384336,1573162.5953026647,5313699.549992098,5969.64475122088,1573586.9900081425,5314609.667375023,5969.64475122088,1573828.8672997085,5314496.878141631,6964.41887642436,1573404.4725942307,5313586.760758706,6964.41887642436
1573920.1260066645,5315008.33144979,6467.03181382262,1.5529407236135,1573586.9900081425,5314609.667375023,5969.64475122088,1574011.3847136204,5315519.784757947,5969.64475122088,1574253.2620051862,5315406.995524555,6964.41887642436,1573828.8672997085,5314496.878141631,6964.41887642436
1574344.520712142,5315918.448832714,6467.03181382262,1.4227768450654639,1574011.3847136204,5315519.784757947,5969.64475122088,1574435.7794190983,5316429.902140873,5969.64475122088,1574677.6567106643,5316317.11290748,6964.41887642436,1574253.2620051862,5315406.995524555,6964.41887642436
1574768.9154176202,5316828.56621564,6467.03181382262,0.9934580932452638,1574435.7794190983,5316429.902140873,5969.64475122088,1574860.1741245762,5317340.019523798,5969.64475122088,1575102.0514161421,5317227.230290405,6964.41887642436,1574677.6567106643,5316317.11290748,6964.41887642436
1575193.3101230979,5317738.683598564,6467.03181382262,0.4284021000684079,1574860.1741245762,5317340.019523798,5969.64475122088,1575284.568830054,5318250.136906723,5969.64475122088,1575526.44612162,5318137.34767333,6964.41887642436,1575102.0514161421,5317227.230290405,6964.41887642436
1575617.704828576,5318648.800981489,6467.03181382262,0.13415294168855849,1575284.568830054,5318250.136906723,5969.64475122088,1575708.963535532,5319160.254289648,5969.64475122088,1575950.8408270979,5319047.465056255,6964.41887642436,1575526.44612162,5318137.34767333,6964.41887642436
1576042.0995340538,5319558.918364413,6467.03181382262,0.2590160823728968,1575708.963535532,5319160.254289648,5969.64475122088,1576133.3582410098,5320070.371672572,5969.64475122088,1576375.2355325758,5319957.58243918,6964.41887642436,1575950.8408270979,5319047.465056255,6964.41887642436
1576466.494239532,5320469.035747339,6467.03181382262,0.3623314899721853,1576133.3582410098,5320070.371672572,5969.64475122088,1576557.7529464876,5320980.489055497,5969.64475122088,1576799.6302380536,5320867.699822106,6964.41887642436,1576375.2355325758,5319957.58243918,6964.41887642436
1576890.8889450096,5321379.153130264,6467.03181382262,0.3776444783979324,1576557.7529464876,5320980.489055497,5969.64475122088,1576982.1476519655,5321890.606438422,5969.64475122088,1577224.0249435315,5321777.817205031,6964.41887642436,1576799.6302380536,5320867.699822106,6964.41887642436
1577315.2836504877,5322289.270513189,6467.03181382262,0.220257002728149,1576982.1476519655,5321890.606438422,5969.64475122088,1577406.5423574434,5322800.723821347,5969.64475122088,1577648.4196490094,5322687.9345879555,6964.41887642436,1577224.0249435315,5321777.817205031,6964.41887642436
1577739.6783559653,5323199.387896113,6467.03181382262,0.3686456037183056,1577406.5423574434,5322800.723821347,5969.64475122088,1577830.9370629212,5323710.841204272,5969.64475122088,1578072.8143544872,5323598.051970881,6964.41887642436,1577648.4196490094,5322687.9345879555,6964.41887642436
1578164.0730614434,5324109.505279039,6467.03181382262,0.458990393404165,1577830.9370629212,5323710.841204272,5969.64475122088,1578255.331768399,5324620.958587197,5969.64475122088,1578497.209059965,5324508.1693538055,6964.41887642436,1578072.8143544872,5323598.051970881,6964.41887642436
1578588.467766921,5325019.622661964,6467.03181382262,0.9169048659812292,1578255.331768399,5324620.958587197,5969.64475122088,1578679.726473877,5325531.075970122,5969.64475122088,1578921.603765443,5325418.2867367305,6964.41887642436,1578497.209059965,5324508.1693538055,6964.41887642436
1565674.1091886724,5296693.194557899,7461.8059390261,2.931686171932476,1565340.9731901507,5296294.530483132,6964.41887642436,1565765.3678956286,5297204.647866057,6964.41887642436,1566007.2451871946,5297091.858632666,7959.19300162784,1565582.8504817167,5296181.741249741,7959.19300162784
1566098.5038941505,5297603.311940824,7461.8059390261,3.1220432121686055,1565765.3678956286,5297204.647866057,6964.41887642436,1566189.7626011064,5298114.765248982,6964.41887642436,1566431.6398926724,5298001.976015591,7959.19300162784,1566007.2451871946,5297091.858632666,7959.19300162784
1566522.8985996284,5298513.42932375,7461.8059390261,2.9899530028870487,1566189.7626011064,5298114.765248982,6964.41887642436,1566614.1573065845,5299024.882631907,6964.41887642436,1566856.0345981503,5298912.093398516,7959.19300162784,1566431.6398926724,5298001.976015591,7959.19300162784
1566947.2933051062,5299423.546706674,7461.8059390261,2.3446686129084253,1566614.1573065845,5299024.882631907,6964.41887642436,1567038.5520120622,5299935.000014832,6964.41887642436,1567280.4293036282,5299822.210781441,7959.19300162784,1566856.0345981503,5298912.093398516,7959.19300162784
1567371.6880105839,5300333.6640896,7461.8059390261,2.6302563781550745,1567038.5520120622,5299935.000014832,6964.41887642436,1567462.94671754,5300845.117397757,6964.41887642436,1567704.824009106,5300732.328164366,7959.19300162784,1567280.4293036282,5299822.210781441,7959.19300162784
1567796.082716062,5301243.781472525,7461.8059390261,2.45102226889808,1567462.94671754,5300845.117397757,6964.41887642436,1567887.341423018,5301755.234780682,6964.41887642436,1568129.218714584,5301642.445547291,7959.19300162784,1567704.824009106,5300732.328164366,7959.19300162784
1568220.47742154,5302153.89885545,7461.8059390261,2.981754426081268,1567887.341423018,5301755.234780682,6964.41887642436,1568311.736128496,5302665.352163607,6964.41887642436,1568553.6134200618,5302552.562930216,7959.19300162784,1568129.218714584,5301642.445547291,7959.19300162784
1568644.872127018,5303064.016238375,7461.8059390261,2.3545248048585603,1568311.736128496,5302665.352163607,6964.41887642436,1568736.1308339739,5303575.469546532,6964.41887642436,1568978.0081255396,5303462.68031314,7959.19300162784,1568553.6134200618,5302552.562930216,7959.19300162784
1569069.2668324958,5303974.1336213,7461.8059390261,3.017795737556662,1568736.1308339739,5303575.469546532,6964.41887642436,1569160.5255394515,5304485.586929457,6964.41887642436,1569402.4028310175,5304372.797696065,7959.19300162784,1568978.0081255396,5303462.68031314,7959.19300162784
1569493.6615379737,5304884.251004224,7461.8059390261,2.9081390258678894,1569160.5255394515,5304485.586929457,6964.41887642436,1569584.9202449296,5305395.704312382,6964.41887642436,1569826.7975364954,5305282.915078991,7959.19300162784,1569402.4028310175,5304372.797696065,7959.19300162784
1569918.0562434515,5305794.368387149,7461.8059390261,2.9001636452091537,1569584.9202449296,5305395.704312382,6964.41887642436,1570009.3149504075,5306305.821695307,6964.41887642436,1570251.1922419732,5306193.032461916,7959.19300162784,1569826.7975364954,5305282.915078991,7959.19300162784
1570342.4509489294,5306704.485770075,7461.8059390261,2.848328737634784,1570009.3149504075,5306305.821695307,6964.41887642436,1570433.7096558854,5307215.939078231,6964.41887642436,1570675.586947451,5307103.149844841,7959.19300162784,1570251.1922419732,5306193.032461916,7959.19300162784
1570766.8456544073,5307614.603152999,7461.8059390261,2.4951473423220247,1570433.7096558854,5307215.939078231,6964.41887642436,1570858.104361363,5308126.056461156,6964.41887642436,1571099.981652929,5308013.267227766,7959.19300162784,1570675.586947451,5307103.149844841,7959.19300162784
1571191.2403598852,5308524.720535924,7461.8059390261,2.9347275935255914,1570858.104361363,5308126.056461156,6964.41887642436,1571282.499066841,5309036.173844081,6964.41887642436,1571524.3763584069,5308923.384610691,7959.19300162784,1571099.981652929,5308013.267227766,7959.19300162784
1571615.635065363,5309434.837918849,7461.8059390261,2.8488193436353106,1571282.499066841,5309036.173844081,6964.41887642436,1571706.893772319,5309946.291227006,6964.41887642436,1571948.7710638847,5309833.501993616,7959.19300162784,1571524.3763584069,5308923.384610691,7959.19300162784
1572040.029770841,5310344.955301775,7461.8059390261,2.9475520988970048,1571706.893772319,5309946.291227006,6964.41887642436,1572131.2884777968,5310856.408609931,6964.41887642436,1572373.1657693626,5310743.619376541,7959.19300162784,1571948.7710638847,5309833.501993616,7959.19300162784
1572464.4244763188,5311255.072684699,7461.8059390261,2.8495497420359945,1572131.2884777968,5310856.408609931,6964.41887642436,1572555.6831832747,5311766.525992856,6964.41887642436,1572797.5604748405,5311653.736759465,7959.19300162784,1572373.1657693626,5310743.619376541,7959.19300162784
1572888.8191817966,5312165.190067624,7461.8059390261,2.566237287548172,1572555.6831832747,5311766.525992856,6964.41887642436,1572980.0778887528,5312676.643375781,6964.41887642436,1573221.9551803186,5312563.85414239,7959.19300162784,1572797.5604748405,5311653.736759465,7959.19300162784
1573313.2138872745,5313075.307450548,7461.8059390261,2.5907292685569003,1572980.0778887528,5312676.643375781,6964.41887642436,1573404.4725942307,5313586.760758706,6964.41887642436,1573646.3498857964,5313473.971525315,7959.19300162784,1573221.9551803186,5312563.85414239,7959.19300162784
1573737.6085927524,5313985.424833474,7461.8059390261,1.6242506288553435,1573404.4725942307,5313586.760758706,6964.41887642436,1573828.8672997085,5314496.878141631,6964.41887642436,1574070.7445912743,5314384.08890824,7959.19300162784,1573646.3498857964,5313473.971525315,7959.19300162784
1574162.0032982302,5314895.542216398,7461.8059390261,1.5123229646639762,1573828.8672997085,5314496.878141631,6964.41887642436,1574253.2620051862,5315406.995524555,6964.41887642436,1574495.1392967522,5315294.206291165,7959.19300162784,1574070.7445912743,5314384.08890824,7959.19300162784
1574586.398003708,5315805.659599323,7461.8059390261,1.2955799805244852,1574253.2620051862,5315406.995524555,6964.41887642436,1574677.6567106643,5316317.11290748,6964.41887642436,1574919.53400223,5316204.32367409,7959.19300162784,1574495.1392967522,5315294.206291165,7959.19300162784
1575010.792709186,5316715.776982248,7461.8059390261,0.7613186120576194,1574677.6567106643,5316317.11290748,6964.41887642436,1575102.0514161421,5317227.230290405,6964.41887642436,1575343.9287077081,5317114.441057015,7959.19300162784,1574919.53400223,5316204.32367409,7959.19300162784
1575435.1874146638,5317625.894365174,7461.8059390261,0.31383008986867217,1575102.0514161421,5317227.230290405,6964.41887642436,1575526.44612162,5318137.34767333,6964.41887642436,1575768.3234131858,5318024.55843994,7959.19300162784,1575343.9287077081,5317114.441057015,7959.19300162784
1575859.5821201417,5318536.011748098,7461.8059390261,0.08092388399657051,1575526.44612162,5318137.34767333,6964.41887642436,1575950.8408270979,5319047.465056255,6964.41887642436,1576192.7181186636,5318934.675822865,7959.19300162784,1575768.3234131858,5318024.55843994,7959.19300162784
1576283.9768256196,5319446.129131023,7461.8059390261,0.06829276589647204,1575950.8408270979,5319047.465056255,6964.41887642436,1576375.2355325758,5319957.58243918,6964.41887642436,1576617.1128241415,5319844.79320579,7959.19300162784,1576192.7181186636,5318934.675822865,7959.19300162784
1576708.3715310975,5320356.246513948,7461.8059390261,0.04338350677659378,1576375.2355325758,5319957.58243918,6964.41887642436,1576799.6302380536,5320867.699822106,6964.41887642436,1577041.5075296196,5320754.910588714,7959.19300162784,1576617.1128241415,5319844.79320579,7959.19300162784
1577132.7662365753,5321266.363896874,7461.8059390261,0.07542251778119352,1576799.6302380536,5320867.699822106,6964.41887642436,1577224.0249435315,5321777.817205031,6964.41887642436,1577465.9022350973,5321665.027971639,7959.19300162784,1577041.5075296196,5320754.910588714,7959.19300162784
1577557.1609420534,5322176.481279797,7461.8059390261,0.1046316346337228,1577224.0249435315,5321777.817205031,6964.41887642436,1577648.4196490094,5322687.9345879555,6964.41887642436,1577890.2969405751,5322575.145354564,7959.19300162784,1577465.9022350973,5321665.027971639,7959.19300162784
1577981.5556475313,5323086.598662723,7461.8059390261,0.20119862295802526,1577648.4196490094,5322687.9345879555,6964.41887642436,1578072.8143544872,5323598.051970881,6964.41887642436,1578314.691646053,5323485.262737489,7959.19300162784,1577890.2969405751,5322575.145354564,7959.19300162784
1578405.9503530092,5323996.716045648,7461.8059390261,0.31968798320834674,1578072.8143544872,5323598.051970881,6964.41887642436,1578497.209059965,5324508.1693538055,6964.41887642436,1578739.086351531,5324395.380120415,7959.19300162784,1578314.691646053,5323485.262737489,7959.19300162784
1578830.345058487,5324906.833428573,7461.8059390261,0.684084176165325,1578497.209059965,5324508.1693538055,6964.41887642436,1578921.603765443,5325418.2867367305,6964.41887642436,1579163.4810570087,5325305.497503339,7959.19300162784,1578739.086351531,5324395.380120415,7959.19300162784
1565915.9864802384,5296580.405324508,8456.58006422958,3.305144176658572,1565582.8504817167,5296181.741249741,7959.19300162784,1566007.2451871946,5297091.858632666,7959.19300162784,1566249.1224787603,5296979.069399276,8953.96712683132,1565824.7277732827,5296068.952016351,8953.96712683132
1566340.3811857163,5297490.522707434,8456.58006422958,2.448926455846402,1566007.2451871946,5297091.858632666,7959.19300162784,1566431.6398926724,5298001.976015591,7959.19300162784,1566673.5171842384,5297889.1867822,8953.96712683132,1566249.1224787603,5296979.069399276,8953.96712683132
1566764.7758911941,5298400.640090358,8456.58006422958,3.3971979733688893,1566431.6398926724,5298001.976015591,7959.19300162784,1566856.0345981503,5298912.093398516,7959.19300162784,1567097.9118897163,5298799.304165125,8953.96712683132,1566673.5171842384,5297889.1867822,8953.96712683132
1567189.1705966722,5299310.757473283,8456.58006422958,3.2030542153555626,1566856.0345981503,5298912.093398516,7959.19300162784,1567280.4293036282,5299822.210781441,7959.19300162784,1567522.3065951942,5299709.42154805,8953.96712683132,1567097.9118897163,5298799.304165125,8953.96712683132
1567613.5653021499,5300220.8748562075,8456.58006422958,3.1407619771303175,1567280.4293036282,5299822.210781441,7959.19300162784,1567704.824009106,5300732.328164366,7959.19300162784,1567946.7013006718,5300619.538930975,8953.96712683132,1567522.3065951942,5299709.42154805,8953.96712683132
1568037.9600076277,5301130.992239133,8456.58006422958,2.311455200049357,1567704.824009106,5300732.328164366,7959.19300162784,1568129.218714584,5301642.445547291,7959.19300162784,1568371.09600615,5301529.6563139,8953.96712683132,1567946.7013006718,5300619.538930975,8953.96712683132
1568462.3547131056,5302041.1096220575,8456.58006422958,2.1426254554770967,1568129.218714584,5301642.445547291,7959.19300162784,1568553.6134200618,5302552.562930216,7959.19300162784,1568795.4907116278,5302439.773696825,8953.96712683132,1568371.09600615,5301529.6563139,8953.96712683132
1568886.7494185837,5302951.2270049825,8456.58006422958,1.9148194964515963,1568553.6134200618,5302552.562930216,7959.19300162784,1568978.0081255396,5303462.68031314,7959.19300162784,1569219.8854171056,5303349.89107975,8953.96712683132,1568795.4907116278,5302439.773696825,8953.96712683132
1569311.1441240616,5303861.344387908,8456.58006422958,2.0277400432448127,1568978.0081255396,5303462.68031314,7959.19300162784,1569402.4028310175,5304372.797696065,7959.19300162784,1569644.2801225833,5304260.008462675,8953.96712683132,1569219.8854171056,5303349.89107975,8953.96712683132
1569735.5388295394,5304771.4617708335,8456.58006422958,1.971737455430609,1569402.4028310175,5304372.797696065,7959.19300162784,1569826.7975364954,5305282.915078991,7959.19300162784,1570068.6748280614,5305170.1258456,8953.96712683132,1569644.2801225833,5304260.008462675,8953.96712683132
1570159.9335350173,5305681.579153758,8456.58006422958,1.9031864419988784,1569826.7975364954,5305282.915078991,7959.19300162784,1570251.1922419732,5306193.032461916,7959.19300162784,1570493.0695335392,5306080.243228525,8953.96712683132,1570068.6748280614,5305170.1258456,8953.96712683132
1570584.3282404954,5306591.6965366835,8456.58006422958,2.336662408187839,1570251.1922419732,5306193.032461916,7959.19300162784,1570675.586947451,5307103.149844841,7959.19300162784,1570917.464239017,5306990.360611449,8953.96712683132,1570493.0695335392,5306080.243228525,8953.96712683132
1571008.7229459733,5307501.8139196085,8456.58006422958,3.332274778503582,1570675.586947451,5307103.149844841,7959.19300162784,1571099.981652929,5308013.267227766,7959.19300162784,1571341.858944495,5307900.477994374,8953.96712683132,1570917.464239017,5306990.360611449,8953.96712683132
1571433.1176514511,5308411.9313025335,8456.58006422958,3.542926468324581,1571099.981652929,5308013.267227766,7959.19300162784,1571524.3763584069,5308923.384610691,7959.19300162784,1571766.2536499728,5308810.595377299,8953.96712683132,1571341.858944495,5307900.477994374,8953.96712683132
1571857.5123569288,5309322.048685457,8456.58006422958,3.1481827746327387,1571524.3763584069,5308923.384610691,7959.19300162784,1571948.7710638847,5309833.501993616,7959.19300162784,1572190.6483554507,5309720.712760225,8953.96712683132,1571766.2536499728,5308810.595377299,8953.96712683132
1572281.907062407,5310232.166068383,8456.58006422958,3.655183721487223,1571948.7710638847,5309833.501993616,7959.19300162784,1572373.1657693626,5310743.619376541,7959.19300162784,1572615.0430609286,5310630.83014315,8953.96712683132,1572190.6483554507,5309720.712760225,8953.96712683132
1572706.3017678848,5311142.283451308,8456.58006422958,2.418791667415938,1572373.1657693626,5310743.619376541,7959.19300162784,1572797.5604748405,5311653.736759465,7959.19300162784,1573039.4377664065,5311540.947526074,8953.96712683132,1572615.0430609286,5310630.83014315,8953.96712683132
1573130.6964733626,5312052.400834233,8456.58006422958,1.9993827396111943,1572797.5604748405,5311653.736759465,7959.19300162784,1573221.9551803186,5312563.85414239,7959.19300162784,1573463.8324718843,5312451.064909,8953.96712683132,1573039.4377664065,5311540.947526074,8953.96712683132
1573555.0911788403,5312962.5182171585,8456.58006422958,1.8395825783962483,1573221.9551803186,5312563.85414239,7959.19300162784,1573646.3498857964,5313473.971525315,7959.19300162784,1573888.2271773622,5313361.182291925,8953.96712683132,1573463.8324718843,5312451.064909,8953.96712683132
1573979.4858843184,5313872.635600083,8456.58006422958,1.8343018522759635,1573646.3498857964,5313473.971525315,7959.19300162784,1574070.7445912743,5314384.08890824,7959.19300162784,1574312.62188284,5314271.29967485,8953.96712683132,1573888.2271773622,5313361.182291925,8953.96712683132
1574403.8805897962,5314782.752983008,8456.58006422958,1.7104527234076135,1574070.7445912743,5314384.08890824,7959.19300162784,1574495.1392967522,5315294.206291165,7959.19300162784,1574737.0165883182,5315181.417057775,8953.96712683132,1574312.62188284,5314271.29967485,8953.96712683132
1574828.275295274,5315692.870365933,8456.58006422958,1.1716255703699836,1574495.1392967522,5315294.206291165,7959.19300162784,1574919.53400223,5316204.32367409,7959.19300162784,1575161.411293796,5316091.534440699,8953.96712683132,1574737.0165883182,5315181.417057775,8953.96712683132
1575252.6700007517,5316602.9877488585,8456.58006422958,0.46885861857771205,1574919.53400223,5316204.32367409,7959.19300162784,1575343.9287077081,5317114.441057015,7959.19300162784,1575585.805999274,5317001.651823624,8953.96712683132,1575161.411293796,5316091.534440699,8953.96712683132
1575677.0647062298,5317513.105131783,8456.58006422958,0.1997518506193716,1575343.9287077081,5317114.441057015,7959.19300162784,1575768.3234131858,5318024.55843994,7959.19300162784,1576010.2007047518,5317911.769206549,8953.96712683132,1575585.805999274,5317001.651823624,8953.96712683132
1576101.4594117077,5318423.222514707,8456.58006422958,0.09196085806882325,1575768.3234131858,5318024.55843994,7959.19300162784,1576192.7181186636,5318934.675822865,7959.19300162784,1576434.5954102296,5318821.886589474,8953.96712683132,1576010.2007047518,5317911.769206549,8953.96712683132
1576525.8541171856,5319333.339897632,8456.58006422958,0.13437428376424593,1576192.7181186636,5318934.675822865,7959.19300162784,1576617.1128241415,5319844.79320579,7959.19300162784,1576858.9901157075,5319732.003972399,8953.96712683132,1576434.5954102296,5318821.886589474,8953.96712683132
1576950.2488226632,5320243.457280558,8456.58006422958,0.10656774349285834,1576617.1128241415,5319844.79320579,7959.19300162784,1577041.5075296196,5320754.910588714,7959.19300162784,1577283.3848211854,5320642.121355324,8953.96712683132,1576858.9901157075,5319732.003972399,8953.96712683132
1577374.6435281413,5321153.574663482,8456.58006422958,0.028616088679562435,1577041.5075296196,5320754.910588714,7959.19300162784,1577465.9022350973,5321665.027971639,7959.19300162784,1577707.7795266632,5321552.238738249,8953.96712683132,1577283.3848211854,5320642.121355324,8953.96712683132
1577799.0382336192,5322063.692046407,8456.58006422958,0.08190626943257505,1577465.9022350973,5321665.027971639,7959.19300162784,1577890.2969405751,5322575.145354564,7959.19300162784,1578132.174232141,5322462.356121174,8953.96712683132,1577707.7795266632,5321552.238738249,8953.96712683132
1578223.432939097,5322973.809429332,8456.58006422958,0.2548769055823027,1577890.2969405751,5322575.145354564,7959.19300162784,1578314.691646053,5323485.262737489,7959.19300162784,1578556.568937619,5323372.473504099,8953.96712683132,1578132.174232141,5322462.356121174,8953.96712683132
1578647.827644575,5323883.926812258,8456.58006422958,0.2830421192207679,1578314.691646053,5323485.262737489,7959.19300162784,1578739.086351531,5324395.380120415,7959.19300162784,1578980.9636430969,5324282.590887024,8953.96712683132,1578556.568937619,5323372.473504099,8953.96712683132
1579072.222350053,5324794.044195182,8456.58006422958,0.5149848848785925,1578739.086351531,5324395.380120415,7959.19300162784,1579163.4810570087,5325305.497503339,7959.19300162784,1579405.3583485747,5325192.708269948,8953.96712683132,1578980.9636430969,5324282.590887024,8953.96712683132
1566157.8637718044,5296467.616091118,9451.354189433057,3.3930051874937748,1565824.7277732827,5296068.952016351,8953.96712683132,1566249.1224787603,5296979.069399276,8953.96712683132,1566490.9997703263,5296866.280165885,9948.741252034799,1566066.6050648482,5295956.16278296,9948.741252034799
1566582.258477282,5297377.733474042,9451.354189433057,2.7077372775071455,1566249.1224787603,5296979.069399276,8953.96712683132,1566673.5171842384,5297889.1867822,8953.96712683132,1566915.3944758042,5297776.39754881,9948.741252034799,1566490.9997703263,5296866.280165885,9948.741252034799
1567006.65318276,5298287.850856967,9451.354189433057,2.0135022638837685,1566673.5171842384,5297889.1867822,8953.96712683132,1567097.9118897163,5298799.304165125,8953.96712683132,1567339.789181282,5298686.514931735,9948.741252034799,1566915.3944758042,5297776.39754881,9948.741252034799
1567431.047888238,5299197.968239892,9451.354189433057,2.0505938066574525,1567097.9118897163,5298799.304165125,8953.96712683132,1567522.3065951942,5299709.42154805,8953.96712683132,1567764.18388676,5299596.63231466,9948.741252034799,1567339.789181282,5298686.514931735,9948.741252034799
1567855.4425937159,5300108.085622818,9451.354189433057,2.7876542505669715,1567522.3065951942,5299709.42154805,8953.96712683132,1567946.7013006718,5300619.538930975,8953.96712683132,1568188.5785922378,5300506.749697585,9948.741252034799,1567764.18388676,5299596.63231466,9948.741252034799
1568279.8372991935,5301018.203005742,9451.354189433057,2.1726147501730098,1567946.7013006718,5300619.538930975,8953.96712683132,1568371.09600615,5301529.6563139,8953.96712683132,1568612.9732977157,5301416.86708051,9948.741252034799,1568188.5785922378,5300506.749697585,9948.741252034799
1568704.2320046716,5301928.320388667,9451.354189433057,1.6947733722761318,1568371.09600615,5301529.6563139,8953.96712683132,1568795.4907116278,5302439.773696825,8953.96712683132,1569037.3680031935,5302326.984463435,9948.741252034799,1568612.9732977157,5301416.86708051,9948.741252034799
1569128.6267101495,5302838.437771592,9451.354189433057,1.0084456950459868,1568795.4907116278,5302439.773696825,8953.96712683132,1569219.8854171056,5303349.89107975,8953.96712683132,1569461.7627086714,5303237.101846359,9948.741252034799,1569037.3680031935,5302326.984463435,9948.741252034799
1569553.0214156273,5303748.555154518,9451.354189433057,1.2748893932208598,1569219.8854171056,5303349.89107975,8953.96712683132,1569644.2801225833,5304260.008462675,8953.96712683132,1569886.1574141493,5304147.219229284,9948.741252034799,1569461.7627086714,5303237.101846359,9948.741252034799
1569977.416121105,5304658.672537441,9451.354189433057,1.4948386045189528,1569644.2801225833,5304260.008462675,8953.96712683132,1570068.6748280614,5305170.1258456,8953.96712683132,1570310.5521196271,5305057.336612209,9948.741252034799,1569886.1574141493,5304147.219229284,9948.741252034799
1570401.8108265833,5305568.789920366,9451.354189433057,1.6059783402024541,1570068.6748280614,5305170.1258456,8953.96712683132,1570493.0695335392,5306080.243228525,8953.96712683132,1570734.9468251052,5305967.453995134,9948.741252034799,1570310.5521196271,5305057.336612209,9948.741252034799
1570826.2055320612,5306478.907303291,9451.354189433057,1.8441538554013712,1570493.0695335392,5306080.243228525,8953.96712683132,1570917.464239017,5306990.360611449,8953.96712683132,1571159.3415305829,5306877.571378059,9948.741252034799,1570734.9468251052,5305967.453995134,9948.741252034799
1571250.600237539,5307389.024686217,9451.354189433057,3.195323685921452,1570917.464239017,5306990.360611449,8953.96712683132,1571341.858944495,5307900.477994374,8953.96712683132,1571583.7362360607,5307787.688760984,9948.741252034799,1571159.3415305829,5306877.571378059,9948.741252034799
1571674.994943017,5308299.142069141,9451.354189433057,2.4670004061544284,1571341.858944495,5307900.477994374,8953.96712683132,1571766.2536499728,5308810.595377299,8953.96712683132,1572008.1309415386,5308697.806143909,9948.741252034799,1571583.7362360607,5307787.688760984,9948.741252034799
1572099.3896484948,5309209.259452067,9451.354189433057,2.3630404309184803,1571766.2536499728,5308810.595377299,8953.96712683132,1572190.6483554507,5309720.712760225,8953.96712683132,1572432.5256470167,5309607.923526834,9948.741252034799,1572008.1309415386,5308697.806143909,9948.741252034799
1572523.7843539726,5310119.376834992,9451.354189433057,2.226853411348038,1572190.6483554507,5309720.712760225,8953.96712683132,1572615.0430609286,5310630.83014315,8953.96712683132,1572856.9203524943,5310518.040909759,9948.741252034799,1572432.5256470167,5309607.923526834,9948.741252034799
1572948.1790594505,5311029.494217917,9451.354189433057,1.992014848209579,1572615.0430609286,5310630.83014315,8953.96712683132,1573039.4377664065,5311540.947526074,8953.96712683132,1573281.3150579722,5311428.158292683,9948.741252034799,1572856.9203524943,5310518.040909759,9948.741252034799
1573372.5737649284,5311939.611600841,9451.354189433057,2.1305683756244003,1573039.4377664065,5311540.947526074,8953.96712683132,1573463.8324718843,5312451.064909,8953.96712683132,1573705.70976345,5312338.275675608,9948.741252034799,1573281.3150579722,5311428.158292683,9948.741252034799
1573796.9684704063,5312849.728983767,9451.354189433057,1.4499144730919686,1573463.8324718843,5312451.064909,8953.96712683132,1573888.2271773622,5313361.182291925,8953.96712683132,1574130.1044689282,5313248.393058533,9948.741252034799,1573705.70976345,5312338.275675608,9948.741252034799
1574221.3631758841,5313759.846366691,9451.354189433057,1.2730642158806653,1573888.2271773622,5313361.182291925,8953.96712683132,1574312.62188284,5314271.29967485,8953.96712683132,1574554.4991744058,5314158.510441458,9948.741252034799,1574130.1044689282,5313248.393058533,9948.741252034799
1574645.757881362,5314669.963749616,9451.354189433057,0.9297854705899216,1574312.62188284,5314271.29967485,8953.96712683132,1574737.0165883182,5315181.417057775,8953.96712683132,1574978.8938798837,5315068.627824383,9948.741252034799,1574554.4991744058,5314158.510441458,9948.741252034799
1575070.1525868399,5315580.0811325405,9451.354189433057,0.5544218260115673,1574737.0165883182,5315181.417057775,8953.96712683132,1575161.411293796,5316091.534440699,8953.96712683132,1575403.2885853618,5315978.745207308,9948.741252034799,1574978.8938798837,5315068.627824383,9948.741252034799
1575494.5472923177,5316490.198515466,9451.354189433057,0.4930265829172386,1575161.411293796,5316091.534440699,8953.96712683132,1575585.805999274,5317001.651823624,8953.96712683132,1575827.68329084,5316888.862590234,9948.741252034799,1575403.2885853618,5315978.745207308,9948.741252034799
1575918.9419977956,5317400.315898391,9451.354189433057,0.14149535616353973,1575585.805999274,5317001.651823624,8953.96712683132,1576010.2007047518,5317911.769206549,8953.96712683132,1576252.0779963175,5317798.979973159,9948.741252034799,1575827.68329084,5316888.862590234,9948.741252034799
1576343.3367032735,5318310.433281316,9451.354189433057,0.03212401166497085,1576010.2007047518,5317911.769206549,8953.96712683132,1576434.5954102296,5318821.886589474,8953.96712683132,1576676.4727017954,5318709.097356083,9948.741252034799,1576252.0779963175,5317798.979973159,9948.741252034799
1576767.7314087513,5319220.5506642405,9451.354189433057,0.08486802453259382,1576434.5954102296,5318821.886589474,8953.96712683132,1576858.9901157075,5319732.003972399,8953.96712683132,1577100.8674072735,5319619.214739009,9948.741252034799,1576676.4727017954,5318709.097356083,9948.741252034799
1577192.1261142294,5320130.668047166,9451.354189433057,0.1283441716847906,1576858.9901157075,5319732.003972399,8953.96712683132,1577283.3848211854,5320642.121355324,8953.96712683132,1577525.2621127514,5320529.332121933,9948.741252034799,1577100.8674072735,5319619.214739009,9948.741252034799
1577616.520819707,5321040.785430091,9451.354189433057,0.028450995450452786,1577283.3848211854,5320642.121355324,8953.96712683132,1577707.7795266632,5321552.238738249,8953.96712683132,1577949.6568182292,5321439.449504858,9948.741252034799,1577525.2621127514,5320529.332121933,9948.741252034799
1578040.915525185,5321950.902813016,9451.354189433057,0.0893195661447366,1577707.7795266632,5321552.238738249,8953.96712683132,1578132.174232141,5322462.356121174,8953.96712683132,1578374.0515237069,5322349.566887783,9948.741252034799,1577949.6568182292,5321439.449504858,9948.741252034799
1578465.3102306628,5322861.020195941,9451.354189433057,0.1421835447070094,1578132.174232141,5322462.356121174,8953.96712683132,1578556.568937619,5323372.473504099,8953.96712683132,1578798.446229185,5323259.684270708,9948.741252034799,1578374.0515237069,5322349.566887783,9948.741252034799
1578889.704936141,5323771.1375788655,9451.354189433057,0.1853932816673829,1578556.568937619,5323372.473504099,8953.96712683132,1578980.9636430969,5324282.590887024,8953.96712683132,1579222.8409346628,5324169.801653633,9948.741252034799,1578798.446229185,5323259.684270708,9948.741252034799
1579314.0996416188,5324681.2549617905,9451.354189433057,0.5057871247778701,1578980.9636430969,5324282.590887024,8953.96712683132,1579405.3583485747,5325192.708269948,8953.96712683132,1579647.2356401407,5325079.919036558,9948.741252034799,1579222.8409346628,5324169.801653633,9948.741252034799
1566399.7410633701,5296354.826857727,10446.128314636539,3.596701171097643,1566066.6050648482,5295956.16278296,9948.741252034799,1566490.9997703263,5296866.280165885,9948.741252034799,1566732.877061892,5296753.4909324935,10943.51537723828,1566308.4823564142,5295843.3735495685,10943.51537723828
1566824.1357688482,5297264.944240652,10446.128314636539,3.473725093447867,1566490.9997703263,5296866.280165885,9948.741252034799,1566915.3944758042,5297776.39754881,9948.741252034799,1567157.27176737,5297663.6083154185,10943.51537723828,1566732.877061892,5296753.4909324935,10943.51537723828
1567248.5304743259,5298175.061623577,10446.128314636539,1.9952587415993337,1566915.3944758042,5297776.39754881,9948.741252034799,1567339.789181282,5298686.514931735,9948.741252034799,1567581.666472848,5298573.7256983435,10943.51537723828,1567157.27176737,5297663.6083154185,10943.51537723828
1567672.925179804,5299085.179006502,10446.128314636539,2.071040283735204,1567339.789181282,5298686.514931735,9948.741252034799,1567764.18388676,5299596.63231466,9948.741252034799,1568006.061178326,5299483.843081268,10943.51537723828,1567581.666472848,5298573.7256983435,10943.51537723828
1568097.3198852816,5299995.296389427,10446.128314636539,2.097780527285086,1567764.18388676,5299596.63231466,9948.741252034799,1568188.5785922378,5300506.749697585,9948.741252034799,1568430.4558838038,5300393.960464193,10943.51537723828,1568006.061178326,5299483.843081268,10943.51537723828
1568521.7145907597,5300905.413772351,10446.128314636539,2.547572804827587,1568188.5785922378,5300506.749697585,9948.741252034799,1568612.9732977157,5301416.86708051,9948.741252034799,1568854.8505892816,5301304.0778471185,10943.51537723828,1568430.4558838038,5300393.960464193,10943.51537723828
1568946.1092962374,5301815.531155276,10446.128314636539,2.903542056520263,1568612.9732977157,5301416.86708051,9948.741252034799,1569037.3680031935,5302326.984463435,9948.741252034799,1569279.2452947595,5302214.1952300435,10943.51537723828,1568854.8505892816,5301304.0778471185,10943.51537723828
1569370.5040017155,5302725.648538202,10446.128314636539,1.192737179473536,1569037.3680031935,5302326.984463435,9948.741252034799,1569461.7627086714,5303237.101846359,9948.741252034799,1569703.6400002374,5303124.3126129685,10943.51537723828,1569279.2452947595,5302214.1952300435,10943.51537723828
1569794.898707193,5303635.765921126,10446.128314636539,0.7955954097775149,1569461.7627086714,5303237.101846359,9948.741252034799,1569886.1574141493,5304147.219229284,9948.741252034799,1570128.0347057153,5304034.4299958935,10943.51537723828,1569703.6400002374,5303124.3126129685,10943.51537723828
1570219.2934126712,5304545.883304051,10446.128314636539,0.9336579475685071,1569886.1574141493,5304147.219229284,9948.741252034799,1570310.5521196271,5305057.336612209,9948.741252034799,1570552.4294111931,5304944.5473788185,10943.51537723828,1570128.0347057153,5304034.4299958935,10943.51537723828
1570643.688118149,5305456.000686976,10446.128314636539,0.8931318935618866,1570310.5521196271,5305057.336612209,9948.741252034799,1570734.9468251052,5305967.453995134,9948.741252034799,1570976.824116671,5305854.6647617435,10943.51537723828,1570552.4294111931,5304944.5473788185,10943.51537723828
1571068.082823627,5306366.118069902,10446.128314636539,1.5694744892541652,1570734.9468251052,5305967.453995134,9948.741252034799,1571159.3415305829,5306877.571378059,9948.741252034799,1571401.2188221489,5306764.7821446685,10943.51537723828,1570976.824116671,5305854.6647617435,10943.51537723828
1571492.4775291048,5307276.235452826,10446.128314636539,2.8684323012641304,1571159.3415305829,5306877.571378059,9948.741252034799,1571583.7362360607,5307787.688760984,9948.741252034799,1571825.6135276267,5307674.899527593,10943.51537723828,1571401.2188221489,5306764.7821446685,10943.51537723828
1571916.872234583,5308186.352835751,10446.128314636539,3.2133321911773582,1571583.7362360607,5307787.688760984,9948.741252034799,1572008.1309415386,5308697.806143909,9948.741252034799,1572250.0082331046,5308585.016910518,10943.51537723828,1571825.6135276267,5307674.899527593,10943.51537723828
1572341.2669400608,5309096.470218675,10446.128314636539,2.7579359236239154,1572008.1309415386,5308697.806143909,9948.741252034799,1572432.5256470167,5309607.923526834,9948.741252034799,1572674.4029385825,5309495.134293443,10943.51537723828,1572250.0082331046,5308585.016910518,10943.51537723828
1572765.6616455386,5310006.587601601,10446.128314636539,2.7281927101218906,1572432.5256470167,5309607.923526834,9948.741252034799,1572856.9203524943,5310518.040909759,9948.741252034799,1573098.7976440603,5310405.251676368,10943.51537723828,1572674.4029385825,5309495.134293443,10943.51537723828
1573190.0563510163,5310916.704984525,10446.128314636539,1.8139552459381725,1572856.9203524943,5310518.040909759,9948.741252034799,1573281.3150579722,5311428.158292683,9948.741252034799,1573523.1923495382,5311315.369059293,10943.51537723828,1573098.7976440603,5310405.251676368,10943.51537723828
1573614.4510564944,5311826.82236745,10446.128314636539,1.528538224308203,1573281.3150579722,5311428.158292683,9948.741252034799,1573705.70976345,5312338.275675608,9948.741252034799,1573947.587055016,5312225.486442218,10943.51537723828,1573523.1923495382,5311315.369059293,10943.51537723828
1574038.8457619722,5312736.939750375,10446.128314636539,1.3829445312881823,1573705.70976345,5312338.275675608,9948.741252034799,1574130.1044689282,5313248.393058533,9948.741252034799,1574371.981760494,5313135.603825143,10943.51537723828,1573947.587055016,5312225.486442218,10943.51537723828
1574463.24046745,5313647.057133301,10446.128314636539,0.698945928612218,1574130.1044689282,5313248.393058533,9948.741252034799,1574554.4991744058,5314158.510441458,9948.741252034799,1574796.3764659718,5314045.721208068,10943.51537723828,1574371.981760494,5313135.603825143,10943.51537723828
1574887.6351729278,5314557.174516225,10446.128314636539,0.6371550509973498,1574554.4991744058,5314158.510441458,9948.741252034799,1574978.8938798837,5315068.627824383,9948.741252034799,1575220.7711714497,5314955.838590993,10943.51537723828,1574796.3764659718,5314045.721208068,10943.51537723828
1575312.0298784059,5315467.29189915,10446.128314636539,0.6634723111720666,1574978.8938798837,5315068.627824383,9948.741252034799,1575403.2885853618,5315978.745207308,9948.741252034799,1575645.1658769276,5315865.955973918,10943.51537723828,1575220.7711714497,5314955.838590993,10943.51537723828
1575736.4245838837,5316377.409282075,10446.128314636539,0.5402046242437429,1575403.2885853618,5315978.745207308,9948.741252034799,1575827.68329084,5316888.862590234,9948.741252034799,1576069.5605824054,5316776.073356842,10943.51537723828,1575645.1658769276,5315865.955973918,10943.51537723828
1576160.8192893616,5317287.526665001,10446.128314636539,0.39036070509331994,1575827.68329084,5316888.862590234,9948.741252034799,1576252.0779963175,5317798.979973159,9948.741252034799,1576493.9552878835,5317686.190739767,10943.51537723828,1576069.5605824054,5316776.073356842,10943.51537723828
1576585.2139948392,5318197.644047924,10446.128314636539,0.17217700756489498,1576252.0779963175,5317798.979973159,9948.741252034799,1576676.4727017954,5318709.097356083,9948.741252034799,1576918.3499933614,5318596.308122692,10943.51537723828,1576493.9552878835,5317686.190739767,10943.51537723828
1577009.6087003173,5319107.76143085,10446.128314636539,0.2696751901618186,1576676.4727017954,5318709.097356083,9948.741252034799,1577100.8674072735,5319619.214739009,9948.741252034799,1577342.7446988393,5319506.425505617,10943.51537723828,1576918.3499933614,5318596.308122692,10943.51537723828
1577434.0034057952,5320017.878813775,10446.128314636539,0.13062280433421355,1577100.8674072735,5319619.214739009,9948.741252034799,1577525.2621127514,5320529.332121933,9948.741252034799,1577767.1394043171,5320416.542888542,10943.51537723828,1577342.7446988393,5319506.425505617,10943.51537723828
1577858.398111273,5320927.9961967,10446.128314636539,0.06585457105154728,1577525.2621127514,5320529.332121933,9948.741252034799,1577949.6568182292,5321439.449504858,9948.741252034799,1578191.534109795,5321326.660271467,10943.51537723828,1577767.1394043171,5320416.542888542,10943.51537723828
1578282.792816751,5321838.113579624,10446.128314636539,0.07183346934960158,1577949.6568182292,5321439.449504858,9948.741252034799,1578374.0515237069,5322349.566887783,9948.741252034799,1578615.9288152729,5322236.777654392,10943.51537723828,1578191.534109795,5321326.660271467,10943.51537723828
1578707.1875222288,5322748.23096255,10446.128314636539,0.15087465638636174,1578374.0515237069,5322349.566887783,9948.741252034799,1578798.446229185,5323259.684270708,9948.741252034799,1579040.3235207507,5323146.895037317,10943.51537723828,1578615.9288152729,5322236.777654392,10943.51537723828
1579131.5822277067,5323658.348345475,10446.128314636539,0.2047775856687158,1578798.446229185,5323259.684270708,9948.741252034799,1579222.8409346628,5324169.801653633,9948.741252034799,1579464.7182262286,5324057.012420243,10943.51537723828,1579040.3235207507,5323146.895037317,10943.51537723828
1579555.9769331845,5324568.4657284,10446.128314636539,0.19740523960853815,1579222.8409346628,5324169.801653633,9948.741252034799,1579647.2356401407,5325079.919036558,9948.741252034799,1579889.1129317065,5324967.129803167,10943.51537723828,1579464.7182262286,5324057.012420243,10943.51537723828
1566641.6183549361,5296242.037624335,11440.90243984002,4.625846668357795,1566308.4823564142,5295843.3735495685,10943.51537723828,1566732.877061892,5296753.4909324935,10943.51537723828,1566974.7543534578,5296640.701699102,11938.28950244176,1566550.35964798,5295730.584316177,11938.28950244176
1567066.013060414,5297152.155007261,11440.90243984002,4.543825211761478,1566732.877061892,5296753.4909324935,10943.51537723828,1567157.27176737,5297663.6083154185,10943.51537723828,1567399.1490589357,5297550.819082027,11938.28950244176,1566974.7543534578,5296640.701699102,11938.28950244176
1567490.407765892,5298062.272390185,11440.90243984002,3.325072109688163,1567157.27176737,5297663.6083154185,10943.51537723828,1567581.666472848,5298573.7256983435,10943.51537723828,1567823.5437644138,5298460.936464952,11938.28950244176,1567399.1490589357,5297550.819082027,11938.28950244176
1567914.80247137,5298972.38977311,11440.90243984002,3.431396837992192,1567581.666472848,5298573.7256983435,10943.51537723828,1568006.061178326,5299483.843081268,10943.51537723828,1568247.9384698914,5299371.053847877,11938.28950244176,1567823.5437644138,5298460.936464952,11938.28950244176
1568339.1971768476,5299882.507156035,11440.90243984002,2.9073531065239617,1568006.061178326,5299483.843081268,10943.51537723828,1568430.4558838038,5300393.960464193,10943.51537723828,1568672.3331753695,5300281.171230802,11938.28950244176,1568247.9384698914,5299371.053847877,11938.28950244176
1568763.5918823255,5300792.624538961,11440.90243984002,2.2459260628041657,1568430.4558838038,5300393.960464193,10943.51537723828,1568854.8505892816,5301304.0778471185,10943.51537723828,1569096.7278808474,5301191.288613727,11938.28950244176,1568672.3331753695,5300281.171230802,11938.28950244176
1569187.9865878036,5301702.741921885,11440.90243984002,2.981779437130126,1568854.8505892816,5301304.0778471185,10943.51537723828,1569279.2452947595,5302214.1952300435,10943.51537723828,1569521.1225863255,5302101.405996652,11938.28950244176,1569096.7278808474,5301191.288613727,11938.28950244176
1569612.3812932814,5302612.859304811,11440.90243984002,2.0437380397269833,1569279.2452947595,5302214.1952300435,10943.51537723828,1569703.6400002374,5303124.3126129685,10943.51537723828,1569945.5172918031,5303011.523379576,11938.28950244176,1569521.1225863255,5302101.405996652,11938.28950244176
1570036.775998759,5303522.976687736,11440.90243984002,1.270049147090841,1569703.6400002374,5303124.3126129685,10943.51537723828,1570128.0347057153,5304034.4299958935,10943.51537723828,1570369.911997281,5303921.640762501,11938.28950244176,1569945.5172918031,5303011.523379576,11938.28950244176
1570461.170704237,5304433.094070661,11440.90243984002,0.9646583988300791,1570128.0347057153,5304034.4299958935,10943.51537723828,1570552.4294111931,5304944.5473788185,10943.51537723828,1570794.306702759,5304831.758145426,11938.28950244176,1570369.911997281,5303921.640762501,11938.28950244176
1570885.565409715,5305343.211453584,11440.90243984002,1.6564587624442126,1570552.4294111931,5304944.5473788185,10943.51537723828,1570976.824116671,5305854.6647617435,10943.51537723828,1571218.701408237,5305741.875528352,11938.28950244176,1570794.306702759,5304831.758145426,11938.28950244176
1571309.960115193,5306253.32883651,11440.90243984002,1.9251399743623803,1570976.824116671,5305854.6647617435,10943.51537723828,1571401.2188221489,5306764.7821446685,10943.51537723828,1571643.0961137149,5306651.992911276,11938.28950244176,1571218.701408237,5305741.875528352,11938.28950244176
1571734.3548206706,5307163.446219435,11440.90243984002,1.7744127859298608,1571401.2188221489,5306764.7821446685,10943.51537723828,1571825.6135276267,5307674.899527593,10943.51537723828,1572067.4908191925,5307562.110294201,11938.28950244176,1571643.0961137149,5306651.992911276,11938.28950244176
1572158.7495261484,5308073.56360236,11440.90243984002,1.7673320848591483,1571825.6135276267,5307674.899527593,10943.51537723828,1572250.0082331046,5308585.016910518,10943.51537723828,1572491.8855246706,5308472.227677127,11938.28950244176,1572067.4908191925,5307562.110294201,11938.28950244176
1572583.1442316268,5308983.680985286,11440.90243984002,1.3243113508410607,1572250.0082331046,5308585.016910518,10943.51537723828,1572674.4029385825,5309495.134293443,10943.51537723828,1572916.2802301485,5309382.345060052,11938.28950244176,1572491.8855246706,5308472.227677127,11938.28950244176
1573007.5389371046,5309893.79836821,11440.90243984002,1.3259457132497312,1572674.4029385825,5309495.134293443,10943.51537723828,1573098.7976440603,5310405.251676368,10943.51537723828,1573340.6749356263,5310292.462442977,11938.28950244176,1572916.2802301485,5309382.345060052,11938.28950244176
1573431.9336425823,5310803.915751135,11440.90243984002,1.0094693666569545,1573098.7976440603,5310405.251676368,10943.51537723828,1573523.1923495382,5311315.369059293,10943.51537723828,1573765.069641104,5311202.579825902,11938.28950244176,1573340.6749356263,5310292.462442977,11938.28950244176
1573856.3283480601,5311714.03313406,11440.90243984002,1.2508686445866777,1573523.1923495382,5311315.369059293,10943.51537723828,1573947.587055016,5312225.486442218,10943.51537723828,1574189.464346582,5312112.697208826,11938.28950244176,1573765.069641104,5311202.579825902,11938.28950244176
1574280.7230535382,5312624.150516986,11440.90243984002,1.1804152725716797,1573947.587055016,5312225.486442218,10943.51537723828,1574371.981760494,5313135.603825143,10943.51537723828,1574613.85905206,5313022.814591751,11938.28950244176,1574189.464346582,5312112.697208826,11938.28950244176
1574705.117759016,5313534.26789991,11440.90243984002,1.2344890047515937,1574371.981760494,5313135.603825143,10943.51537723828,1574796.3764659718,5314045.721208068,10943.51537723828,1575038.2537575378,5313932.931974676,11938.28950244176,1574613.85905206,5313022.814591751,11938.28950244176
1575129.5124644937,5314444.385282834,11440.90243984002,1.347399149991483,1574796.3764659718,5314045.721208068,10943.51537723828,1575220.7711714497,5314955.838590993,10943.51537723828,1575462.6484630154,5314843.049357601,11938.28950244176,1575038.2537575378,5313932.931974676,11938.28950244176
1575553.9071699716,5315354.502665759,11440.90243984002,1.1163438969874315,1575220.7711714497,5314955.838590993,10943.51537723828,1575645.1658769276,5315865.955973918,10943.51537723828,1575887.0431684935,5315753.166740526,11938.28950244176,1575462.6484630154,5314843.049357601,11938.28950244176
1575978.3018754497,5316264.620048685,11440.90243984002,0.8658272440149435,1575645.1658769276,5315865.955973918,10943.51537723828,1576069.5605824054,5316776.073356842,10943.51537723828,1576311.4378739714,5316663.284123451,11938.28950244176,1575887.0431684935,5315753.166740526,11938.28950244176
1576402.6965809276,5317174.737431609,11440.90243984002,0.5909692273552323,1576069.5605824054,5316776.073356842,10943.51537723828,1576493.9552878835,5317686.190739767,10943.51537723828,1576735.8325794493,5317573.401506376,11938.28950244176,1576311.4378739714,5316663.284123451,11938.28950244176
1576827.0912864052,5318084.854814534,11440.90243984002,0.3140143064115524,1576493.9552878835,5317686.190739767,10943.51537723828,1576918.3499933614,5318596.308122692,10943.51537723828,1577160.227284927,5318483.518889301,11938.28950244176,1576735.8325794493,5317573.401506376,11938.28950244176
1577251.485991883,5318994.972197459,11440.90243984002,0.16262724201553164,1576918.3499933614,5318596.308122692,10943.51537723828,1577342.7446988393,5319506.425505617,10943.51537723828,1577584.621990405,5319393.636272226,11938.28950244176,1577160.227284927,5318483.518889301,11938.28950244176
1577675.8806973612,5319905.089580385,11440.90243984002,0.07310126763291962,1577342.7446988393,5319506.425505617,10943.51537723828,1577767.1394043171,5320416.542888542,10943.51537723828,1578009.0166958831,5320303.753655151,11938.28950244176,1577584.621990405,5319393.636272226,11938.28950244176
1578100.275402839,5320815.206963309,11440.90243984002,0.17735869570845397,1577767.1394043171,5320416.542888542,10943.51537723828,1578191.534109795,5321326.660271467,10943.51537723828,1578433.411401361,5321213.871038076,11938.28950244176,1578009.0166958831,5320303.753655151,11938.28950244176
1578524.6701083167,5321725.324346234,11440.90243984002,0.1401563732122439,1578191.534109795,5321326.660271467,10943.51537723828,1578615.9288152729,5322236.777654392,10943.51537723828,1578857.8061068389,5322123.988421001,11938.28950244176,1578433.411401361,5321213.871038076,11938.28950244176
1578949.0648137948,5322635.441729158,11440.90243984002,0.17767516750044,1578615.9288152729,5322236.777654392,10943.51537723828,1579040.3235207507,5323146.895037317,10943.51537723828,1579282.2008123167,5323034.105803926,11938.28950244176,1578857.8061068389,5322123.988421001,11938.28950244176
1579373.4595192727,5323545.559112084,11440.90243984002,0.15491301548974518,1579040.3235207507,5323146.895037317,10943.51537723828,1579464.7182262286,5324057.012420243,10943.51537723828,1579706.5955177946,5323944.223186851,11938.28950244176,1579282.2008123167,5323034.105803926,11938.28950244176
1579797.8542247505,5324455.676495008,11440.90243984002,0.17715617747774265,1579464.7182262286,5324057.012420243,10943.51537723828,1579889.1129317065,5324967.129803167,10943.51537723828,1580130.9902232725,5324854.340569776,11938.28950244176,1579706.5955177946,5323944.223186851,11938.28950244176
1566883.4956465021,5296129.248390946,12435.676565043499,3.9432268821112926,1566550.35964798,5295730.584316177,11938.28950244176,1566974.7543534578,5296640.701699102,11938.28950244176,1567216.6316450238,5296527.912465712,12933.063627645239,1566792.236939546,5295617.795082787,12933.063627645239
1567307.89035198,5297039.36577387,12435.676565043499,4.297773615059008,1566974.7543534578,5296640.701699102,11938.28950244176,1567399.1490589357,5297550.819082027,11938.28950244176,1567641.0263505017,5297438.029848637,12933.063627645239,1567216.6316450238,5296527.912465712,12933.063627645239
1567732.2850574579,5297949.483156795,12435.676565043499,4.792617255766336,1567399.1490589357,5297550.819082027,11938.28950244176,1567823.5437644138,5298460.936464952,11938.28950244176,1568065.4210559796,5298348.147231562,12933.063627645239,1567641.0263505017,5297438.029848637,12933.063627645239
1568156.6797629355,5298859.60053972,12435.676565043499,3.8521815185771247,1567823.5437644138,5298460.936464952,11938.28950244176,1568247.9384698914,5299371.053847877,11938.28950244176,1568489.8157614574,5299258.264614486,12933.063627645239,1568065.4210559796,5298348.147231562,12933.063627645239
1568581.0744684136,5299769.717922646,12435.676565043499,3.518894995232555,1568247.9384698914,5299371.053847877,11938.28950244176,1568672.3331753695,5300281.171230802,11938.28950244176,1568914.2104669353,5300168.381997411,12933.063627645239,1568489.8157614574,5299258.264614486,12933.063627645239
1569005.4691738915,5300679.835305569,12435.676565043499,2.6009007336814585,1568672.3331753695,5300281.171230802,11938.28950244176,1569096.7278808474,5301191.288613727,11938.28950244176,1569338.6051724132,5301078.499380336,12933.063627645239,1568914.2104669353,5300168.381997411,12933.063627645239
1569429.8638793693,5301589.952688494,12435.676565043499,2.4971189974361607,1569096.7278808474,5301191.288613727,11938.28950244176,1569521.1225863255,5302101.405996652,11938.28950244176,1569762.9998778913,5301988.616763261,12933.063627645239,1569338.6051724132,5301078.499380336,12933.063627645239
1569854.258584847,5302500.070071419,12435.676565043499,2.3299788406405346,1569521.1225863255,5302101.405996652,11938.28950244176,1569945.5172918031,5303011.523379576,11938.28950244176,1570187.3945833691,5302898.734146186,12933.063627645239,1569762.9998778913,5301988.616763261,12933.063627645239
1570278.653290325,5303410.187454345,12435.676565043499,1.6008703487724951,1569945.5172918031,5303011.523379576,11938.28950244176,1570369.911997281,5303921.640762501,11938.28950244176,1570611.789288847,5303808.851529111,12933.063627645239,1570187.3945833691,5302898.734146186,12933.063627645239
1570703.047995803,5304320.304837269,12435.676565043499,1.6556046501596429,1570369.911997281,5303921.640762501,11938.28950244176,1570794.306702759,5304831.758145426,11938.28950244176,1571036.1839943249,5304718.968912036,12933.063627645239,1570611.789288847,5303808.851529111,12933.063627645239
1571127.4427012808,5305230.422220195,12435.676565043499,1.942068203948886,1570794.306702759,5304831.758145426,11938.28950244176,1571218.701408237,5305741.875528352,11938.28950244176,1571460.5786998027,5305629.086294961,12933.063627645239,1571036.1839943249,5304718.968912036,12933.063627645239
1571551.8374067587,5306140.539603119,12435.676565043499,2.031541782852955,1571218.701408237,5305741.875528352,11938.28950244176,1571643.0961137149,5306651.992911276,11938.28950244176,1571884.9734052806,5306539.203677886,12933.063627645239,1571460.5786998027,5305629.086294961,12933.063627645239
1571976.2321122366,5307050.656986045,12435.676565043499,1.5784216281786532,1571643.0961137149,5306651.992911276,11938.28950244176,1572067.4908191925,5307562.110294201,11938.28950244176,1572309.3681107585,5307449.32106081,12933.063627645239,1571884.9734052806,5306539.203677886,12933.063627645239
1572400.6268177144,5307960.774368969,12435.676565043499,1.0110523104499882,1572067.4908191925,5307562.110294201,11938.28950244176,1572491.8855246706,5308472.227677127,11938.28950244176,1572733.7628162364,5308359.438443735,12933.063627645239,1572309.3681107585,5307449.32106081,12933.063627645239
1572825.0215231923,5308870.891751895,12435.676565043499,0.6480772700516169,1572491.8855246706,5308472.227677127,11938.28950244176,1572916.2802301485,5309382.345060052,11938.28950244176,1573158.1575217142,5309269.55582666,12933.063627645239,1572733.7628162364,5308359.438443735,12933.063627645239
1573249.4162286702,5309781.009134819,12435.676565043499,0.5546513251257785,1572916.2802301485,5309382.345060052,11938.28950244176,1573340.6749356263,5310292.462442977,11938.28950244176,1573582.552227192,5310179.673209585,12933.063627645239,1573158.1575217142,5309269.55582666,12933.063627645239
1573673.8109341483,5310691.126517744,12435.676565043499,0.6629650838762703,1573340.6749356263,5310292.462442977,11938.28950244176,1573765.069641104,5311202.579825902,11938.28950244176,1574006.94693267,5311089.79059251,12933.063627645239,1573582.552227192,5310179.673209585,12933.063627645239
1574098.2056396261,5311601.243900668,12435.676565043499,0.6844556903869831,1573765.069641104,5311202.579825902,11938.28950244176,1574189.464346582,5312112.697208826,11938.28950244176,1574431.3416381478,5311999.907975435,12933.063627645239,1574006.94693267,5311089.79059251,12933.063627645239
1574522.600345104,5312511.361283594,12435.676565043499,0.3966064806911274,1574189.464346582,5312112.697208826,11938.28950244176,1574613.85905206,5313022.814591751,11938.28950244176,1574855.7363436257,5312910.025358361,12933.063627645239,1574431.3416381478,5311999.907975435,12933.063627645239
1574946.9950505819,5313421.478666519,12435.676565043499,0.6706480456736174,1574613.85905206,5313022.814591751,11938.28950244176,1575038.2537575378,5313932.931974676,11938.28950244176,1575280.1310491036,5313820.142741285,12933.063627645239,1574855.7363436257,5312910.025358361,12933.063627645239
1575371.3897560597,5314331.596049444,12435.676565043499,1.3166430754265726,1575038.2537575378,5313932.931974676,11938.28950244176,1575462.6484630154,5314843.049357601,11938.28950244176,1575704.5257545814,5314730.26012421,12933.063627645239,1575280.1310491036,5313820.142741285,12933.063627645239
1575795.7844615376,5315241.713432368,12435.676565043499,1.078962977853298,1575462.6484630154,5314843.049357601,11938.28950244176,1575887.0431684935,5315753.166740526,11938.28950244176,1576128.9204600593,5315640.377507136,12933.063627645239,1575704.5257545814,5314730.26012421,12933.063627645239
1576220.1791670155,5316151.830815294,12435.676565043499,0.6930868087928889,1575887.0431684935,5315753.166740526,11938.28950244176,1576311.4378739714,5316663.284123451,11938.28950244176,1576553.3151655372,5316550.49489006,12933.063627645239,1576128.9204600593,5315640.377507136,12933.063627645239
1576644.5738724933,5317061.948198219,12435.676565043499,0.4372409768654796,1576311.4378739714,5316663.284123451,11938.28950244176,1576735.8325794493,5317573.401506376,11938.28950244176,1576977.709871015,5317460.612272985,12933.063627645239,1576553.3151655372,5316550.49489006,12933.063627645239
1577068.9685779712,5317972.065581144,12435.676565043499,0.35205353971320935,1576735.8325794493,5317573.401506376,11938.28950244176,1577160.227284927,5318483.518889301,11938.28950244176,1577402.104576493,5318370.72965591,12933.063627645239,1576977.709871015,5317460.612272985,12933.063627645239
1577493.363283449,5318882.182964069,12435.676565043499,0.264827660545134,1577160.227284927,5318483.518889301,11938.28950244176,1577584.621990405,5319393.636272226,11938.28950244176,1577826.4992819708,5319280.847038835,12933.063627645239,1577402.104576493,5318370.72965591,12933.063627645239
1577917.757988927,5319792.300346993,12435.676565043499,0.4800393962289892,1577584.621990405,5319393.636272226,11938.28950244176,1578009.0166958831,5320303.753655151,11938.28950244176,1578250.8939874487,5320190.96442176,12933.063627645239,1577826.4992819708,5319280.847038835,12933.063627645239
1578342.1526944048,5320702.417729918,12435.676565043499,0.677874831376945,1578009.0166958831,5320303.753655151,11938.28950244176,1578433.411401361,5321213.871038076,11938.28950244176,1578675.2886929268,5321101.081804685,12933.063627645239,1578250.8939874487,5320190.96442176,12933.063627645239
1578766.5473998827,5321612.535112843,12435.676565043499,0.4041158642786306,1578433.411401361,5321213.871038076,11938.28950244176,1578857.8061068389,5322123.988421001,11938.28950244176,1579099.6833984046,5322011.19918761,12933.063627645239,1578675.2886929268,5321101.081804685,12933.063627645239
1579190.9421053606,5322522.652495769,12435.676565043499,0.4212717906459765,1578857.8061068389,5322123.988421001,11938.28950244176,1579282.2008123167,5323034.105803926,11938.28950244176,1579524.0781038825,5322921.316570535,12933.063627645239,1579099.6833984046,5322011.19918761,12933.063627645239
1579615.3368108384,5323432.769878693,12435.676565043499,0.1430131592314886,1579282.2008123167,5323034.105803926,11938.28950244176,1579706.5955177946,5323944.223186851,11938.28950244176,1579948.4728093606,5323831.43395346,12933.063627645239,1579524.0781038825,5322921.316570535,12933.063627645239
1580039.7315163163,5324342.887261618,12435.676565043499,0.2167850840610863,1579706.5955177946,5323944.223186851,11938.28950244176,1580130.9902232725,5324854.340569776,11938.28950244176,1580372.8675148382,5324741.551336385,12933.063627645239,1579948.4728093606,5323831.43395346,12933.063627645239
1567125.372938068,5296016.459157554,13430.450690246978,4.27174382338539,1566792.236939546,5295617.795082787,12933.063627645239,1567216.6316450238,5296527.912465712,12933.063627645239,1567458.5089365896,5296415.12323232,13927.837752848718,1567034.114231112,5295505.005849395,13927.837752848718
1567549.7676435458,5296926.5765404785,13430.450690246978,3.8980737885645316,1567216.6316450238,5296527.912465712,12933.063627645239,1567641.0263505017,5297438.029848637,12933.063627645239,1567882.9036420677,5297325.240615245,13927.837752848718,1567458.5089365896,5296415.12323232,13927.837752848718
1567974.1623490236,5297836.6939234035,13430.450690246978,4.246209076126166,1567641.0263505017,5297438.029848637,12933.063627645239,1568065.4210559796,5298348.147231562,12933.063627645239,1568307.2983475456,5298235.357998171,13927.837752848718,1567882.9036420677,5297325.240615245,13927.837752848718
1568398.5570545017,5298746.811306329,13430.450690246978,4.499563764950946,1568065.4210559796,5298348.147231562,12933.063627645239,1568489.8157614574,5299258.264614486,12933.063627645239,1568731.6930530234,5299145.475381096,13927.837752848718,1568307.2983475456,5298235.357998171,13927.837752848718
1568822.9517599794,5299656.9286892535,13430.450690246978,3.3746256052748627,1568489.8157614574,5299258.264614486,12933.063627645239,1568914.2104669353,5300168.381997411,12933.063627645239,1569156.087758501,5300055.59276402,13927.837752848718,1568731.6930530234,5299145.475381096,13927.837752848718
1569247.3464654572,5300567.0460721785,13430.450690246978,3.4156748889983812,1568914.2104669353,5300168.381997411,12933.063627645239,1569338.6051724132,5301078.499380336,12933.063627645239,1569580.4824639792,5300965.710146946,13927.837752848718,1569156.087758501,5300055.59276402,13927.837752848718
1569671.741170935,5301477.1634551035,13430.450690246978,3.676634336156451,1569338.6051724132,5301078.499380336,12933.063627645239,1569762.9998778913,5301988.616763261,12933.063627645239,1570004.877169457,5301875.827529871,13927.837752848718,1569580.4824639792,5300965.710146946,13927.837752848718
1570096.1358764132,5302387.280838029,13430.450690246978,3.7156599541517936,1569762.9998778913,5301988.616763261,12933.063627645239,1570187.3945833691,5302898.734146186,12933.063627645239,1570429.271874935,5302785.944912796,13927.837752848718,1570004.877169457,5301875.827529871,13927.837752848718
1570520.5305818908,5303297.3982209535,13430.450690246978,2.587106720135483,1570187.3945833691,5302898.734146186,12933.063627645239,1570611.789288847,5303808.851529111,12933.063627645239,1570853.6665804128,5303696.06229572,13927.837752848718,1570429.271874935,5302785.944912796,13927.837752848718
1570944.9252873687,5304207.515603879,13430.450690246978,2.101294618279482,1570611.789288847,5303808.851529111,12933.063627645239,1571036.1839943249,5304718.968912036,12933.063627645239,1571278.0612858909,5304606.179678645,13927.837752848718,1570853.6665804128,5303696.06229572,13927.837752848718
1571369.3199928466,5305117.632986803,13430.450690246978,2.801375171067675,1571036.1839943249,5304718.968912036,12933.063627645239,1571460.5786998027,5305629.086294961,12933.063627645239,1571702.4559913687,5305516.29706157,13927.837752848718,1571278.0612858909,5304606.179678645,13927.837752848718
1571793.7146983247,5306027.750369729,13430.450690246978,2.9919983845667892,1571460.5786998027,5305629.086294961,12933.063627645239,1571884.9734052806,5306539.203677886,12933.063627645239,1572126.8506968466,5306426.414444495,13927.837752848718,1571702.4559913687,5305516.29706157,13927.837752848718
1572218.1094038023,5306937.867752653,13430.450690246978,2.1897174537320656,1571884.9734052806,5306539.203677886,12933.063627645239,1572309.3681107585,5307449.32106081,12933.063627645239,1572551.2454023242,5307336.53182742,13927.837752848718,1572126.8506968466,5306426.414444495,13927.837752848718
1572642.5041092802,5307847.985135578,13430.450690246978,1.3414021611604432,1572309.3681107585,5307449.32106081,12933.063627645239,1572733.7628162364,5308359.438443735,12933.063627645239,1572975.6401078023,5308246.649210345,13927.837752848718,1572551.2454023242,5307336.53182742,13927.837752848718
1573066.898814758,5308758.102518503,13430.450690246978,0.7514944044224067,1572733.7628162364,5308359.438443735,12933.063627645239,1573158.1575217142,5309269.55582666,12933.063627645239,1573400.0348132802,5309156.76659327,13927.837752848718,1572975.6401078023,5308246.649210345,13927.837752848718
1573491.2935202362,5309668.219901429,13430.450690246978,0.7074389675420982,1573158.1575217142,5309269.55582666,12933.063627645239,1573582.552227192,5310179.673209585,12933.063627645239,1573824.429518758,5310066.883976195,13927.837752848718,1573400.0348132802,5309156.76659327,13927.837752848718
1573915.6882257138,5310578.337284353,13430.450690246978,1.1633356098407703,1573582.552227192,5310179.673209585,12933.063627645239,1574006.94693267,5311089.79059251,12933.063627645239,1574248.824224236,5310977.00135912,13927.837752848718,1573824.429518758,5310066.883976195,13927.837752848718
1574340.082931192,5311488.454667278,13430.450690246978,1.0481481652738283,1574006.94693267,5311089.79059251,12933.063627645239,1574431.3416381478,5311999.907975435,12933.063627645239,1574673.2189297138,5311887.118742045,13927.837752848718,1574248.824224236,5310977.00135912,13927.837752848718
1574764.4776366698,5312398.572050203,13430.450690246978,0.8983510715004986,1574431.3416381478,5311999.907975435,12933.063627645239,1574855.7363436257,5312910.025358361,12933.063627645239,1575097.6136351917,5312797.236124969,13927.837752848718,1574673.2189297138,5311887.118742045,13927.837752848718
1575188.8723421479,5313308.689433129,13430.450690246978,1.2832201170266637,1574855.7363436257,5312910.025358361,12933.063627645239,1575280.1310491036,5313820.142741285,12933.063627645239,1575522.0083406696,5313707.353507894,13927.837752848718,1575097.6136351917,5312797.236124969,13927.837752848718
1575613.2670476255,5314218.806816052,13430.450690246978,0.9817338161072175,1575280.1310491036,5313820.142741285,12933.063627645239,1575704.5257545814,5314730.26012421,12933.063627645239,1575946.4030461474,5314617.470890819,13927.837752848718,1575522.0083406696,5313707.353507894,13927.837752848718
1576037.6617531036,5315128.924198978,13430.450690246978,0.7070960301756566,1575704.5257545814,5314730.26012421,12933.063627645239,1576128.9204600593,5315640.377507136,12933.063627645239,1576370.7977516253,5315527.588273744,13927.837752848718,1575946.4030461474,5314617.470890819,13927.837752848718
1576462.0564585812,5316039.041581903,13430.450690246978,0.705144472639595,1576128.9204600593,5315640.377507136,12933.063627645239,1576553.3151655372,5316550.49489006,12933.063627645239,1576795.1924571032,5316437.705656669,13927.837752848718,1576370.7977516253,5315527.588273744,13927.837752848718
1576886.4511640593,5316949.158964828,13430.450690246978,0.7028798419359492,1576553.3151655372,5316550.49489006,12933.063627645239,1576977.709871015,5317460.612272985,12933.063627645239,1577219.587162581,5317347.823039594,13927.837752848718,1576795.1924571032,5316437.705656669,13927.837752848718
1577310.845869537,5317859.276347752,13430.450690246978,0.21509424069534908,1576977.709871015,5317460.612272985,12933.063627645239,1577402.104576493,5318370.72965591,12933.063627645239,1577643.981868059,5318257.940422519,13927.837752848718,1577219.587162581,5317347.823039594,13927.837752848718
1577735.240575015,5318769.393730678,13430.450690246978,0.379574071950359,1577402.104576493,5318370.72965591,12933.063627645239,1577826.4992819708,5319280.847038835,12933.063627645239,1578068.3765735368,5319168.057805444,13927.837752848718,1577643.981868059,5318257.940422519,13927.837752848718
1578159.6352804927,5319679.511113603,13430.450690246978,0.764082508621501,1577826.4992819708,5319280.847038835,12933.063627645239,1578250.8939874487,5320190.96442176,12933.063627645239,1578492.7712790146,5320078.17518837,13927.837752848718,1578068.3765735368,5319168.057805444,13927.837752848718
1578584.0299859708,5320589.628496528,13430.450690246978,0.8418915182941651,1578250.8939874487,5320190.96442176,12933.063627645239,1578675.2886929268,5321101.081804685,12933.063627645239,1578917.1659844925,5320988.292571293,13927.837752848718,1578492.7712790146,5320078.17518837,13927.837752848718
1579008.4246914485,5321499.745879452,13430.450690246978,1.1433041592333049,1578675.2886929268,5321101.081804685,12933.063627645239,1579099.6833984046,5322011.19918761,12933.063627645239,1579341.5606899704,5321898.409954218,13927.837752848718,1578917.1659844925,5320988.292571293,13927.837752848718
1579432.8193969266,5322409.863262378,13430.450690246978,0.906270098933578,1579099.6833984046,5322011.19918761,12933.063627645239,1579524.0781038825,5322921.316570535,12933.063627645239,1579765.9553954485,5322808.527337144,13927.837752848718,1579341.5606899704,5321898.409954218,13927.837752848718
1579857.2141024044,5323319.980645302,13430.450690246978,1.015041434846461,1579524.0781038825,5322921.316570535,12933.063627645239,1579948.4728093606,5323831.43395346,12933.063627645239,1580190.3501009264,5323718.644720069,13927.837752848718,1579765.9553954485,5322808.527337144,13927.837752848718
1580281.6088078823,5324230.098028227,13430.450690246978,1.0728652861995467,1579948.4728093606,5323831.43395346,12933.063627645239,1580372.8675148382,5324741.551336385,12933.063627645239,1580614.7448064042,5324628.762102994,13927.837752848718,1580190.3501009264,5323718.644720069,13927.837752848718
1567367.2502296343,5295903.669924162,14425.22481545046,3.9715020421051674,1567034.114231112,5295505.005849395,13927.837752848718,1567458.5089365896,5296415.12323232,13927.837752848718,1567700.3862281565,5296302.33399893,14922.6118780522,1567275.9915226786,5295392.216616005,14922.6118780522
1567791.6449351122,5296813.787307088,14425.22481545046,4.6955168550612125,1567458.5089365896,5296415.12323232,13927.837752848718,1567882.9036420677,5297325.240615245,13927.837752848718,1568124.7809336344,5297212.451381855,14922.6118780522,1567700.3862281565,5296302.33399893,14922.6118780522
1568216.03964059,5297723.904690012,14425.22481545046,4.571727214671539,1567882.9036420677,5297325.240615245,13927.837752848718,1568307.2983475456,5298235.357998171,13927.837752848718,1568549.1756391122,5298122.56876478,14922.6118780522,1568124.7809336344,5297212.451381855,14922.6118780522
1568640.434346068,5298634.022072938,14425.22481545046,4.0541349302880265,1568307.2983475456,5298235.357998171,13927.837752848718,1568731.6930530234,5299145.475381096,13927.837752848718,1568973.57034459,5299032.686147704,14922.6118780522,1568549.1756391122,5298122.56876478,14922.6118780522
1569064.8290515458,5299544.139455862,14425.22481545046,3.515998035247996,1568731.6930530234,5299145.475381096,13927.837752848718,1569156.087758501,5300055.59276402,13927.837752848718,1569397.965050068,5299942.803530629,14922.6118780522,1568973.57034459,5299032.686147704,14922.6118780522
1569489.2237570237,5300454.256838788,14425.22481545046,3.601660452921821,1569156.087758501,5300055.59276402,13927.837752848718,1569580.4824639792,5300965.710146946,13927.837752848718,1569822.3597555459,5300852.920913554,14922.6118780522,1569397.965050068,5299942.803530629,14922.6118780522
1569913.6184625016,5301364.374221711,14425.22481545046,4.664238398775488,1569580.4824639792,5300965.710146946,13927.837752848718,1570004.877169457,5301875.827529871,13927.837752848718,1570246.7544610237,5301763.038296479,14922.6118780522,1569822.3597555459,5300852.920913554,14922.6118780522
1570338.0131679794,5302274.491604637,14425.22481545046,4.792802681693432,1570004.877169457,5301875.827529871,13927.837752848718,1570429.271874935,5302785.944912796,13927.837752848718,1570671.1491665016,5302673.155679404,14922.6118780522,1570246.7544610237,5301763.038296479,14922.6118780522
1570762.4078734573,5303184.608987562,14425.22481545046,3.7192926976578606,1570429.271874935,5302785.944912796,13927.837752848718,1570853.6665804128,5303696.06229572,13927.837752848718,1571095.5438719795,5303583.273062329,14922.6118780522,1570671.1491665016,5302673.155679404,14922.6118780522
1571186.8025789352,5304094.726370487,14425.22481545046,2.567355429342859,1570853.6665804128,5303696.06229572,13927.837752848718,1571278.0612858909,5304606.179678645,13927.837752848718,1571519.9385774573,5304493.390445254,14922.6118780522,1571095.5438719795,5303583.273062329,14922.6118780522
1571611.197284413,5305004.843753411,14425.22481545046,2.696744781171783,1571278.0612858909,5304606.179678645,13927.837752848718,1571702.4559913687,5305516.29706157,13927.837752848718,1571944.3332829352,5305403.507828179,14922.6118780522,1571519.9385774573,5304493.390445254,14922.6118780522
1572035.591989891,5305914.961136337,14425.22481545046,3.4786793437570998,1571702.4559913687,5305516.29706157,13927.837752848718,1572126.8506968466,5306426.414444495,13927.837752848718,1572368.727988413,5306313.625211104,14922.6118780522,1571944.3332829352,5305403.507828179,14922.6118780522
1572459.9866953688,5306825.078519262,14425.22481545046,3.3526122225755683,1572126.8506968466,5306426.414444495,13927.837752848718,1572551.2454023242,5307336.53182742,13927.837752848718,1572793.1226938912,5307223.742594029,14922.6118780522,1572368.727988413,5306313.625211104,14922.6118780522
1572884.3814008466,5307735.195902187,14425.22481545046,1.9423069047465906,1572551.2454023242,5307336.53182742,13927.837752848718,1572975.6401078023,5308246.649210345,13927.837752848718,1573217.517399369,5308133.859976953,14922.6118780522,1572793.1226938912,5307223.742594029,14922.6118780522
1573308.7761063245,5308645.313285111,14425.22481545046,1.535362509401999,1572975.6401078023,5308246.649210345,13927.837752848718,1573400.0348132802,5309156.76659327,13927.837752848718,1573641.912104847,5309043.977359878,14922.6118780522,1573217.517399369,5308133.859976953,14922.6118780522
1573733.1708118024,5309555.430668037,14425.22481545046,2.1395325161401115,1573400.0348132802,5309156.76659327,13927.837752848718,1573824.429518758,5310066.883976195,13927.837752848718,1574066.3068103248,5309954.094742803,14922.6118780522,1573641.912104847,5309043.977359878,14922.6118780522
1574157.5655172803,5310465.548050961,14425.22481545046,2.1629822181844287,1573824.429518758,5310066.883976195,13927.837752848718,1574248.824224236,5310977.00135912,13927.837752848718,1574490.7015158026,5310864.212125728,14922.6118780522,1574066.3068103248,5309954.094742803,14922.6118780522
1574581.9602227581,5311375.665433886,14425.22481545046,1.67872253721349,1574248.824224236,5310977.00135912,13927.837752848718,1574673.2189297138,5311887.118742045,13927.837752848718,1574915.0962212805,5311774.329508653,14922.6118780522,1574490.7015158026,5310864.212125728,14922.6118780522
1575006.354928236,5312285.7828168105,14425.22481545046,1.3007604951433156,1574673.2189297138,5311887.118742045,13927.837752848718,1575097.6136351917,5312797.236124969,13927.837752848718,1575339.4909267584,5312684.446891579,14922.6118780522,1574915.0962212805,5311774.329508653,14922.6118780522
1575430.7496337139,5313195.9001997365,14425.22481545046,0.9546667977497698,1575097.6136351917,5312797.236124969,13927.837752848718,1575522.0083406696,5313707.353507894,13927.837752848718,1575763.8856322363,5313594.564274503,14922.6118780522,1575339.4909267584,5312684.446891579,14922.6118780522
1575855.1443391917,5314106.0175826615,14425.22481545046,0.5502249478732744,1575522.0083406696,5313707.353507894,13927.837752848718,1575946.4030461474,5314617.470890819,13927.837752848718,1576188.2803377141,5314504.681657428,14922.6118780522,1575763.8856322363,5313594.564274503,14922.6118780522
1576279.5390446698,5315016.1349655865,14425.22481545046,0.4182535351515169,1575946.4030461474,5314617.470890819,13927.837752848718,1576370.7977516253,5315527.588273744,13927.837752848718,1576612.675043192,5315414.799040354,14922.6118780522,1576188.2803377141,5314504.681657428,14922.6118780522
1576703.9337501477,5315926.252348512,14425.22481545046,0.1999292375865012,1576370.7977516253,5315527.588273744,13927.837752848718,1576795.1924571032,5316437.705656669,13927.837752848718,1577037.0697486699,5316324.916423279,14922.6118780522,1576612.675043192,5315414.799040354,14922.6118780522
1577128.3284556256,5316836.3697314365,14425.22481545046,0.25706891373709895,1576795.1924571032,5316437.705656669,13927.837752848718,1577219.587162581,5317347.823039594,13927.837752848718,1577461.4644541477,5317235.033806203,14922.6118780522,1577037.0697486699,5316324.916423279,14922.6118780522
1577552.7231611034,5317746.4871143615,14425.22481545046,0.4311241562867673,1577219.587162581,5317347.823039594,13927.837752848718,1577643.981868059,5318257.940422519,13927.837752848718,1577885.8591596256,5318145.151189128,14922.6118780522,1577461.4644541477,5317235.033806203,14922.6118780522
1577977.1178665813,5318656.604497286,14425.22481545046,1.0497360438982606,1577643.981868059,5318257.940422519,13927.837752848718,1578068.3765735368,5319168.057805444,13927.837752848718,1578310.2538651035,5319055.268572053,14922.6118780522,1577885.8591596256,5318145.151189128,14922.6118780522
1578401.5125720592,5319566.7218802115,14425.22481545046,0.8504507269771158,1578068.3765735368,5319168.057805444,13927.837752848718,1578492.7712790146,5320078.17518837,13927.837752848718,1578734.6485705813,5319965.385954978,14922.6118780522,1578310.2538651035,5319055.268572053,14922.6118780522
1578825.907277537,5320476.839263136,14425.22481545046,0.910173222146548,1578492.7712790146,5320078.17518837,13927.837752848718,1578917.1659844925,5320988.292571293,13927.837752848718,1579159.0432760592,5320875.503337903,14922.6118780522,1578734.6485705813,5319965.385954978,14922.6118780522
1579250.301983015,5321386.956646061,14425.22481545046,1.4337253590519738,1578917.1659844925,5320988.292571293,13927.837752848718,1579341.5606899704,5321898.409954218,13927.837752848718,1579583.437981537,5321785.620720828,14922.6118780522,1579159.0432760592,5320875.503337903,14922.6118780522
1579674.6966884928,5322297.074028986,14425.22481545046,1.4853499338476663,1579341.5606899704,5321898.409954218,13927.837752848718,1579765.9553954485,5322808.527337144,13927.837752848718,1580007.832687015,5322695.738103753,14922.6118780522,1579583.437981537,5321785.620720828,14922.6118780522
1580099.0913939707,5323207.1914119115,14425.22481545046,1.2694435205373469,1579765.9553954485,5322808.527337144,13927.837752848718,1580190.3501009264,5323718.644720069,13927.837752848718,1580432.2273924928,5323605.855486678,14922.6118780522,1580007.832687015,5322695.738103753,14922.6118780522
1580523.4860994485,5324117.308794836,14425.22481545046,1.3757609308048675,1580190.3501009264,5323718.644720069,13927.837752848718,1580614.7448064042,5324628.762102994,13927.837752848718,1580856.6220979707,5324515.972869603,14922.6118780522,1580432.2273924928,5323605.855486678,14922.6118780522
1567609.1275212003,5295790.880690771,15419.99894065394,5.071878882855562,1567275.9915226786,5295392.216616005,14922.6118780522,1567700.3862281565,5296302.33399893,14922.6118780522,1567942.2635197223,5296189.544765538,15917.386003255679,1567517.8688142444,5295279.427382613,15917.386003255679
1568033.5222266782,5296700.998073696,15419.99894065394,5.922112513444392,1567700.3862281565,5296302.33399893,14922.6118780522,1568124.7809336344,5297212.451381855,14922.6118780522,1568366.6582252001,5297099.662148463,15917.386003255679,1567942.2635197223,5296189.544765538,15917.386003255679
1568457.9169321563,5297611.115456621,15419.99894065394,4.965838801906011,1568124.7809336344,5297212.451381855,14922.6118780522,1568549.1756391122,5298122.56876478,14922.6118780522,1568791.0529306782,5298009.779531389,15917.386003255679,1568366.6582252001,5297099.662148463,15917.386003255679
1568882.3116376342,5298521.232839546,15419.99894065394,4.6434570614894985,1568549.1756391122,5298122.56876478,14922.6118780522,1568973.57034459,5299032.686147704,14922.6118780522,1569215.4476361559,5298919.896914314,15917.386003255679,1568791.0529306782,5298009.779531389,15917.386003255679
1569306.706343112,5299431.350222471,15419.99894065394,4.68101573038729,1568973.57034459,5299032.686147704,14922.6118780522,1569397.965050068,5299942.803530629,14922.6118780522,1569639.8423416337,5299830.014297238,15917.386003255679,1569215.4476361559,5298919.896914314,15917.386003255679
1569731.10104859,5300341.467605396,15419.99894065394,5.255509062265307,1569397.965050068,5299942.803530629,14922.6118780522,1569822.3597555459,5300852.920913554,14922.6118780522,1570064.2370471116,5300740.131680164,15917.386003255679,1569639.8423416337,5299830.014297238,15917.386003255679
1570155.4957540678,5301251.584988321,15419.99894065394,4.0565346189034255,1569822.3597555459,5300852.920913554,14922.6118780522,1570246.7544610237,5301763.038296479,14922.6118780522,1570488.6317525897,5301650.249063089,15917.386003255679,1570064.2370471116,5300740.131680164,15917.386003255679
1570579.8904595457,5302161.702371246,15419.99894065394,5.012785104337203,1570246.7544610237,5301763.038296479,14922.6118780522,1570671.1491665016,5302673.155679404,14922.6118780522,1570913.0264580674,5302560.366446014,15917.386003255679,1570488.6317525897,5301650.249063089,15917.386003255679
1571004.2851650235,5303071.819754172,15419.99894065394,4.371407996739249,1570671.1491665016,5302673.155679404,14922.6118780522,1571095.5438719795,5303583.273062329,14922.6118780522,1571337.4211635452,5303470.483828938,15917.386003255679,1570913.0264580674,5302560.366446014,15917.386003255679
1571428.6798705014,5303981.937137096,15419.99894065394,3.4095755161236285,1571095.5438719795,5303583.273062329,14922.6118780522,1571519.9385774573,5304493.390445254,14922.6118780522,1571761.815869023,5304380.601211863,15917.386003255679,1571337.4211635452,5303470.483828938,15917.386003255679
1571853.0745759793,5304892.054520021,15419.99894065394,3.3852541423495452,1571519.9385774573,5304493.390445254,14922.6118780522,1571944.3332829352,5305403.507828179,14922.6118780522,1572186.2105745012,5305290.718594788,15917.386003255679,1571761.815869023,5304380.601211863,15917.386003255679
1572277.4692814571,5305802.171902945,15419.99894065394,4.09730744046281,1571944.3332829352,5305403.507828179,14922.6118780522,1572368.727988413,5306313.625211104,14922.6118780522,1572610.6052799788,5306200.835977713,15917.386003255679,1572186.2105745012,5305290.718594788,15917.386003255679
1572701.863986935,5306712.289285871,15419.99894065394,3.9125495478250123,1572368.727988413,5306313.625211104,14922.6118780522,1572793.1226938912,5307223.742594029,14922.6118780522,1573034.9999854567,5307110.953360638,15917.386003255679,1572610.6052799788,5306200.835977713,15917.386003255679
1573126.2586924129,5307622.406668795,15419.99894065394,3.2931884865778023,1572793.1226938912,5307223.742594029,14922.6118780522,1573217.517399369,5308133.859976953,14922.6118780522,1573459.3946909348,5308021.070743563,15917.386003255679,1573034.9999854567,5307110.953360638,15917.386003255679
1573550.6533978907,5308532.52405172,15419.99894065394,2.997172292753015,1573217.517399369,5308133.859976953,14922.6118780522,1573641.912104847,5309043.977359878,14922.6118780522,1573883.789396413,5308931.188126488,15917.386003255679,1573459.3946909348,5308021.070743563,15917.386003255679
1573975.0481033686,5309442.641434645,15419.99894065394,3.4712145394723124,1573641.912104847,5309043.977359878,14922.6118780522,1574066.3068103248,5309954.094742803,14922.6118780522,1574308.1841018908,5309841.305509413,15917.386003255679,1573883.789396413,5308931.188126488,15917.386003255679
1574399.4428088467,5310352.758817571,15419.99894065394,3.3643418003846066,1574066.3068103248,5309954.094742803,14922.6118780522,1574490.7015158026,5310864.212125728,14922.6118780522,1574732.5788073684,5310751.422892338,15917.386003255679,1574308.1841018908,5309841.305509413,15917.386003255679
1574823.8375143246,5311262.876200495,15419.99894065394,2.253846485919411,1574490.7015158026,5310864.212125728,14922.6118780522,1574915.0962212805,5311774.329508653,14922.6118780522,1575156.9735128465,5311661.540275263,15917.386003255679,1574732.5788073684,5310751.422892338,15917.386003255679
1575248.2322198024,5312172.993583421,15419.99894065394,1.5268793782988752,1574915.0962212805,5311774.329508653,14922.6118780522,1575339.4909267584,5312684.446891579,14922.6118780522,1575581.3682183244,5312571.657658187,15917.386003255679,1575156.9735128465,5311661.540275263,15917.386003255679
1575672.62692528,5313083.110966345,15419.99894065394,0.6361074918407323,1575339.4909267584,5312684.446891579,14922.6118780522,1575763.8856322363,5313594.564274503,14922.6118780522,1576005.7629238022,5313481.775041112,15917.386003255679,1575581.3682183244,5312571.657658187,15917.386003255679
1576097.0216307582,5313993.228349271,15419.99894065394,0.5488998480369855,1575763.8856322363,5313594.564274503,14922.6118780522,1576188.2803377141,5314504.681657428,14922.6118780522,1576430.15762928,5314391.892424037,15917.386003255679,1576005.7629238022,5313481.775041112,15917.386003255679
1576521.416336236,5314903.345732194,15419.99894065394,0.6666920636223153,1576188.2803377141,5314504.681657428,14922.6118780522,1576612.675043192,5315414.799040354,14922.6118780522,1576854.552334758,5315302.009806962,15917.386003255679,1576430.15762928,5314391.892424037,15917.386003255679
1576945.811041714,5315813.46311512,15419.99894065394,0.27528455787272665,1576612.675043192,5315414.799040354,14922.6118780522,1577037.0697486699,5316324.916423279,14922.6118780522,1577278.9470402359,5316212.127189887,15917.386003255679,1576854.552334758,5315302.009806962,15917.386003255679
1577370.2057471916,5316723.580498045,15419.99894065394,0.3687370845293077,1577037.0697486699,5316324.916423279,14922.6118780522,1577461.4644541477,5317235.033806203,14922.6118780522,1577703.3417457137,5317122.244572812,15917.386003255679,1577278.9470402359,5316212.127189887,15917.386003255679
1577794.60045267,5317633.69788097,15419.99894065394,0.5340595534310058,1577461.4644541477,5317235.033806203,14922.6118780522,1577885.8591596256,5318145.151189128,14922.6118780522,1578127.7364511914,5318032.361955737,15917.386003255679,1577703.3417457137,5317122.244572812,15917.386003255679
1578218.9951581478,5318543.815263894,15419.99894065394,0.6546384520641373,1577885.8591596256,5318145.151189128,14922.6118780522,1578310.2538651035,5319055.268572053,14922.6118780522,1578552.1311566695,5318942.479338662,15917.386003255679,1578127.7364511914,5318032.361955737,15917.386003255679
1578643.3898636256,5319453.93264682,15419.99894065394,0.8958277143451681,1578310.2538651035,5319055.268572053,14922.6118780522,1578734.6485705813,5319965.385954978,14922.6118780522,1578976.5258621473,5319852.596721588,15917.386003255679,1578552.1311566695,5318942.479338662,15917.386003255679
1579067.7845691033,5320364.050029745,15419.99894065394,0.785701885764733,1578734.6485705813,5319965.385954978,14922.6118780522,1579159.0432760592,5320875.503337903,14922.6118780522,1579400.9205676252,5320762.714104512,15917.386003255679,1578976.5258621473,5319852.596721588,15917.386003255679
1579492.1792745814,5321274.16741267,15419.99894065394,0.5310405268544128,1579159.0432760592,5320875.503337903,14922.6118780522,1579583.437981537,5321785.620720828,14922.6118780522,1579825.3152731028,5321672.831487436,15917.386003255679,1579400.9205676252,5320762.714104512,15917.386003255679
1579916.5739800592,5322184.284795594,15419.99894065394,0.7489093541406445,1579583.437981537,5321785.620720828,14922.6118780522,1580007.832687015,5322695.738103753,14922.6118780522,1580249.709978581,5322582.948870362,15917.386003255679,1579825.3152731028,5321672.831487436,15917.386003255679
1580340.968685537,5323094.40217852,15419.99894065394,1.193436978721074,1580007.832687015,5322695.738103753,14922.6118780522,1580432.2273924928,5323605.855486678,14922.6118780522,1580674.1046840588,5323493.066253287,15917.386003255679,1580249.709978581,5322582.948870362,15917.386003255679
1580765.3633910147,5324004.519561444,15419.99894065394,1.1870995927517356,1580432.2273924928,5323605.855486678,14922.6118780522,1580856.6220979707,5324515.972869603,14922.6118780522,1581098.4993895367,5324403.183636212,15917.386003255679,1580674.1046840588,5323493.066253287,15917.386003255679
1567851.0048127663,5295678.09145738,16414.77306585742,4.51700179829476,1567517.8688142444,5295279.427382613,15917.386003255679,1567942.2635197223,5296189.544765538,15917.386003255679,1568184.1408112883,5296076.755532147,16912.16012845916,1567759.7461058104,5295166.638149222,16912.16012845916
1568275.3995182442,5296588.208840305,16414.77306585742,5.381371532390143,1567942.2635197223,5296189.544765538,15917.386003255679,1568366.6582252001,5297099.662148463,15917.386003255679,1568608.5355167661,5296986.872915072,16912.16012845916,1568184.1408112883,5296076.755532147,16912.16012845916
1568699.7942237218,5297498.326223231,16414.77306585742,5.141382227786163,1568366.6582252001,5297099.662148463,15917.386003255679,1568791.0529306782,5298009.779531389,15917.386003255679,1569032.930222244,5297896.990297997,16912.16012845916,1568608.5355167661,5296986.872915072,16912.16012845916
1569124.1889292,5298408.443606155,16414.77306585742,4.440588592602977,1568791.0529306782,5298009.779531389,15917.386003255679,1569215.4476361559,5298919.896914314,15917.386003255679,1569457.3249277219,5298807.107680922,16912.16012845916,1569032.930222244,5297896.990297997,16912.16012845916
1569548.5836346778,5299318.56098908,16414.77306585742,3.7543371735990054,1569215.4476361559,5298919.896914314,15917.386003255679,1569639.8423416337,5299830.014297238,15917.386003255679,1569881.7196331997,5299717.225063846,16912.16012845916,1569457.3249277219,5298807.107680922,16912.16012845916
1569972.978340156,5300228.678372005,16414.77306585742,4.796003824995606,1569639.8423416337,5299830.014297238,15917.386003255679,1570064.2370471116,5300740.131680164,15917.386003255679,1570306.1143386776,5300627.342446771,16912.16012845916,1569881.7196331997,5299717.225063846,16912.16012845916
1570397.3730456335,5301138.79575493,16414.77306585742,4.686857314029121,1570064.2370471116,5300740.131680164,15917.386003255679,1570488.6317525897,5301650.249063089,15917.386003255679,1570730.5090441555,5301537.459829696,16912.16012845916,1570306.1143386776,5300627.342446771,16912.16012845916
1570821.7677511116,5302048.913137854,16414.77306585742,4.503863100020383,1570488.6317525897,5301650.249063089,15917.386003255679,1570913.0264580674,5302560.366446014,15917.386003255679,1571154.9037496333,5302447.577212621,16912.16012845916,1570730.5090441555,5301537.459829696,16912.16012845916
1571246.1624565895,5302959.03052078,16414.77306585742,4.923604724227873,1570913.0264580674,5302560.366446014,15917.386003255679,1571337.4211635452,5303470.483828938,15917.386003255679,1571579.2984551112,5303357.694595546,16912.16012845916,1571154.9037496333,5302447.577212621,16912.16012845916
1571670.5571620674,5303869.147903705,16414.77306585742,5.264721566851653,1571337.4211635452,5303470.483828938,15917.386003255679,1571761.815869023,5304380.601211863,15917.386003255679,1572003.693160589,5304267.811978471,16912.16012845916,1571579.2984551112,5303357.694595546,16912.16012845916
1572094.951867545,5304779.26528663,16414.77306585742,4.814743749841741,1571761.815869023,5304380.601211863,15917.386003255679,1572186.2105745012,5305290.718594788,15917.386003255679,1572428.087866067,5305177.929361397,16912.16012845916,1572003.693160589,5304267.811978471,16912.16012845916
1572519.3465730231,5305689.382669556,16414.77306585742,5.383069922294263,1572186.2105745012,5305290.718594788,15917.386003255679,1572610.6052799788,5306200.835977713,15917.386003255679,1572852.4825715448,5306088.046744322,16912.16012845916,1572428.087866067,5305177.929361397,16912.16012845916
1572943.741278501,5306599.50005248,16414.77306585742,4.991038753420623,1572610.6052799788,5306200.835977713,15917.386003255679,1573034.9999854567,5307110.953360638,15917.386003255679,1573276.8772770227,5306998.1641272465,16912.16012845916,1572852.4825715448,5306088.046744322,16912.16012845916
1573368.1359839789,5307509.617435405,16414.77306585742,3.275408319222099,1573034.9999854567,5307110.953360638,15917.386003255679,1573459.3946909348,5308021.070743563,15917.386003255679,1573701.2719825006,5307908.281510172,16912.16012845916,1573276.8772770227,5306998.1641272465,16912.16012845916
1573792.5306894565,5308419.73481833,16414.77306585742,1.4174477772280574,1573459.3946909348,5308021.070743563,15917.386003255679,1573883.789396413,5308931.188126488,15917.386003255679,1574125.6666879784,5308818.3988930965,16912.16012845916,1573701.2719825006,5307908.281510172,16912.16012845916
1574216.9253949346,5309329.852201256,16414.77306585742,1.8695729561709837,1573883.789396413,5308931.188126488,15917.386003255679,1574308.1841018908,5309841.305509413,15917.386003255679,1574550.0613934565,5309728.5162760215,16912.16012845916,1574125.6666879784,5308818.3988930965,16912.16012845916
1574641.3201004125,5310239.969584179,16414.77306585742,2.782334373148769,1574308.1841018908,5309841.305509413,15917.386003255679,1574732.5788073684,5310751.422892338,15917.386003255679,1574974.4560989344,5310638.6336589465,16912.16012845916,1574550.0613934565,5309728.5162760215,16912.16012845916
1575065.7148058903,5311150.086967104,16414.77306585742,3.363398105855364,1574732.5788073684,5310751.422892338,15917.386003255679,1575156.9735128465,5311661.540275263,15917.386003255679,1575398.8508044123,5311548.7510418715,16912.16012845916,1574974.4560989344,5310638.6336589465,16912.16012845916
1575490.1095113682,5312060.204350029,16414.77306585742,2.069077784701034,1575156.9735128465,5311661.540275263,15917.386003255679,1575581.3682183244,5312571.657658187,15917.386003255679,1575823.2455098901,5312458.8684247965,16912.16012845916,1575398.8508044123,5311548.7510418715,16912.16012845916
1575914.504216846,5312970.321732955,16414.77306585742,1.4042312628976912,1575581.3682183244,5312571.657658187,15917.386003255679,1576005.7629238022,5313481.775041112,15917.386003255679,1576247.640215368,5313368.9858077215,16912.16012845916,1575823.2455098901,5312458.8684247965,16912.16012845916
1576338.898922324,5313880.439115879,16414.77306585742,0.9358980905492573,1576005.7629238022,5313481.775041112,15917.386003255679,1576430.15762928,5314391.892424037,15917.386003255679,1576672.0349208459,5314279.1031906465,16912.16012845916,1576247.640215368,5313368.9858077215,16912.16012845916
1576763.2936278018,5314790.556498804,16414.77306585742,0.6741359160997342,1576430.15762928,5314391.892424037,15917.386003255679,1576854.552334758,5315302.009806962,15917.386003255679,1577096.4296263237,5315189.2205735715,16912.16012845916,1576672.0349208459,5314279.1031906465,16912.16012845916
1577187.6883332797,5315700.673881729,16414.77306585742,0.5824572883147684,1576854.552334758,5315302.009806962,15917.386003255679,1577278.9470402359,5316212.127189887,15917.386003255679,1577520.8243318016,5316099.3379564965,16912.16012845916,1577096.4296263237,5315189.2205735715,16912.16012845916
1577612.0830387576,5316610.791264655,16414.77306585742,0.6128172023318303,1577278.9470402359,5316212.127189887,15917.386003255679,1577703.3417457137,5317122.244572812,15917.386003255679,1577945.2190372795,5317009.455339421,16912.16012845916,1577520.8243318016,5316099.3379564965,16912.16012845916
1578036.4777442354,5317520.908647579,16414.77306585742,0.5616976514778057,1577703.3417457137,5317122.244572812,15917.386003255679,1578127.7364511914,5318032.361955737,15917.386003255679,1578369.6137427574,5317919.572722346,16912.16012845916,1577945.2190372795,5317009.455339421,16912.16012845916
1578460.8724497133,5318431.026030504,16414.77306585742,0.6190618089462073,1578127.7364511914,5318032.361955737,15917.386003255679,1578552.1311566695,5318942.479338662,15917.386003255679,1578794.0084482352,5318829.690105271,16912.16012845916,1578369.6137427574,5317919.572722346,16912.16012845916
1578885.2671551914,5319341.143413428,16414.77306585742,0.6171323874888843,1578552.1311566695,5318942.479338662,15917.386003255679,1578976.5258621473,5319852.596721588,15917.386003255679,1579218.403153713,5319739.807488196,16912.16012845916,1578794.0084482352,5318829.690105271,16912.16012845916
1579309.6618606693,5320251.260796354,16414.77306585742,0.5244308615811663,1578976.5258621473,5319852.596721588,15917.386003255679,1579400.9205676252,5320762.714104512,15917.386003255679,1579642.797859191,5320649.924871121,16912.16012845916,1579218.403153713,5319739.807488196,16912.16012845916
1579734.0565661471,5321161.378179278,16414.77306585742,0.3928303021317844,1579400.9205676252,5320762.714104512,15917.386003255679,1579825.3152731028,5321672.831487436,15917.386003255679,1580067.1925646688,5321560.042254046,16912.16012845916,1579642.797859191,5320649.924871121,16912.16012845916
1580158.451271625,5322071.495562204,16414.77306585742,0.23886224426580666,1579825.3152731028,5321672.831487436,15917.386003255679,1580249.709978581,5322582.948870362,15917.386003255679,1580491.5872701467,5322470.159636971,16912.16012845916,1580067.1925646688,5321560.042254046,16912.16012845916
1580582.8459771029,5322981.612945129,16414.77306585742,0.5675349777904565,1580249.709978581,5322582.948870362,15917.386003255679,1580674.1046840588,5323493.066253287,15917.386003255679,1580915.9819756248,5323380.277019896,16912.16012845916,1580491.5872701467,5322470.159636971,16912.16012845916
1581007.240682581,5323891.730328054,16414.77306585742,0.5742744781307111,1580674.1046840588,5323493.066253287,15917.386003255679,1581098.4993895367,5324403.183636212,15917.386003255679,1581340.3766811024,5324290.394402821,16912.16012845916,1580915.9819756248,5323380.277019896,16912.16012845916
1568092.882104332,5295565.30222399,17409.5471910609,3.1832343684274162,1567759.7461058104,5295166.638149222,16912.16012845916,1568184.1408112883,5296076.755532147,16912.16012845916,1568426.018102854,5295963.966298756,17906.93425366264,1568001.6233973762,5295053.848915831,17906.93425366264
1568517.27680981,5296475.419606916,17409.5471910609,3.844517886041083,1568184.1408112883,5296076.755532147,16912.16012845916,1568608.5355167661,5296986.872915072,16912.16012845916,1568850.4128083321,5296874.083681681,17906.93425366264,1568426.018102854,5295963.966298756,17906.93425366264
1568941.671515288,5297385.536989839,17409.5471910609,3.869381602043477,1568608.5355167661,5296986.872915072,16912.16012845916,1569032.930222244,5297896.990297997,16912.16012845916,1569274.80751381,5297784.201064606,17906.93425366264,1568850.4128083321,5296874.083681681,17906.93425366264
1569366.0662207657,5298295.654372764,17409.5471910609,3.639698333218102,1569032.930222244,5297896.990297997,16912.16012845916,1569457.3249277219,5298807.107680922,16912.16012845916,1569699.2022192879,5298694.318447531,17906.93425366264,1569274.80751381,5297784.201064606,17906.93425366264
1569790.4609262436,5299205.771755689,17409.5471910609,4.161169639763784,1569457.3249277219,5298807.107680922,16912.16012845916,1569881.7196331997,5299717.225063846,16912.16012845916,1570123.5969247655,5299604.435830456,17906.93425366264,1569699.2022192879,5298694.318447531,17906.93425366264
1570214.8556317214,5300115.889138615,17409.5471910609,4.672797491212024,1569881.7196331997,5299717.225063846,16912.16012845916,1570306.1143386776,5300627.342446771,16912.16012845916,1570547.9916302436,5300514.553213381,17906.93425366264,1570123.5969247655,5299604.435830456,17906.93425366264
1570639.2503371995,5301026.006521539,17409.5471910609,4.438214728285285,1570306.1143386776,5300627.342446771,16912.16012845916,1570730.5090441555,5301537.459829696,16912.16012845916,1570972.3863357215,5301424.670596306,17906.93425366264,1570547.9916302436,5300514.553213381,17906.93425366264
1571063.6450426774,5301936.123904464,17409.5471910609,4.560047493228469,1570730.5090441555,5301537.459829696,16912.16012845916,1571154.9037496333,5302447.577212621,16912.16012845916,1571396.7810411993,5302334.787979231,17906.93425366264,1570972.3863357215,5301424.670596306,17906.93425366264
1571488.0397481553,5302846.241287389,17409.5471910609,4.7089961579124155,1571154.9037496333,5302447.577212621,16912.16012845916,1571579.2984551112,5303357.694595546,16912.16012845916,1571821.175746677,5303244.905362156,17906.93425366264,1571396.7810411993,5302334.787979231,17906.93425366264
1571912.4344536331,5303756.358670315,17409.5471910609,4.098537735018,1571579.2984551112,5303357.694595546,16912.16012845916,1572003.693160589,5304267.811978471,16912.16012845916,1572245.570452155,5304155.02274508,17906.93425366264,1571821.175746677,5303244.905362156,17906.93425366264
1572336.8291591113,5304666.476053239,17409.5471910609,6.043460472643093,1572003.693160589,5304267.811978471,16912.16012845916,1572428.087866067,5305177.929361397,16912.16012845916,1572669.965157633,5305065.140128005,17906.93425366264,1572245.570452155,5304155.02274508,17906.93425366264
1572761.223864589,5305576.593436165,17409.5471910609,5.799266746317728,1572428.087866067,5305177.929361397,16912.16012845916,1572852.4825715448,5306088.046744322,16912.16012845916,1573094.3598631108,5305975.25751093,17906.93425366264,1572669.965157633,5305065.140128005,17906.93425366264
1573185.6185700668,5306486.710819088,17409.5471910609,4.961031521558409,1572852.4825715448,5306088.046744322,16912.16012845916,1573276.8772770227,5306998.1641272465,16912.16012845916,1573518.7545685885,5306885.374893855,17906.93425366264,1573094.3598631108,5305975.25751093,17906.93425366264
1573610.0132755446,5307396.828202014,17409.5471910609,2.719624247386974,1573276.8772770227,5306998.1641272465,16912.16012845916,1573701.2719825006,5307908.281510172,16912.16012845916,1573943.1492740666,5307795.49227678,17906.93425366264,1573518.7545685885,5306885.374893855,17906.93425366264
1574034.4079810227,5308306.945584938,17409.5471910609,1.4295360565330995,1573701.2719825006,5307908.281510172,16912.16012845916,1574125.6666879784,5308818.3988930965,16912.16012845916,1574367.5439795444,5308705.609659705,17906.93425366264,1573943.1492740666,5307795.49227678,17906.93425366264
1574458.8026865004,5309217.062967864,17409.5471910609,2.2240866843311506,1574125.6666879784,5308818.3988930965,16912.16012845916,1574550.0613934565,5309728.5162760215,16912.16012845916,1574791.9386850223,5309615.72704263,17906.93425366264,1574367.5439795444,5308705.609659705,17906.93425366264
1574883.1973919782,5310127.180350789,17409.5471910609,2.529182457444116,1574550.0613934565,5309728.5162760215,16912.16012845916,1574974.4560989344,5310638.6336589465,16912.16012845916,1575216.3333905,5310525.844425555,17906.93425366264,1574791.9386850223,5309615.72704263,17906.93425366264
1575307.592097456,5311037.297733714,17409.5471910609,2.859892207941668,1574974.4560989344,5310638.6336589465,16912.16012845916,1575398.8508044123,5311548.7510418715,16912.16012845916,1575640.728095978,5311435.96180848,17906.93425366264,1575216.3333905,5310525.844425555,17906.93425366264
1575731.9868029342,5311947.415116638,17409.5471910609,2.871718380446404,1575398.8508044123,5311548.7510418715,16912.16012845916,1575823.2455098901,5312458.8684247965,16912.16012845916,1576065.1228014561,5312346.079191406,17906.93425366264,1575640.728095978,5311435.96180848,17906.93425366264
1576156.3815084118,5312857.532499564,17409.5471910609,1.481325095374178,1575823.2455098901,5312458.8684247965,16912.16012845916,1576247.640215368,5313368.9858077215,16912.16012845916,1576489.517506934,5313256.19657433,17906.93425366264,1576065.1228014561,5312346.079191406,17906.93425366264
1576580.77621389,5313767.649882489,17409.5471910609,0.8643886301011154,1576247.640215368,5313368.9858077215,16912.16012845916,1576672.0349208459,5314279.1031906465,16912.16012845916,1576913.9122124119,5314166.313957254,17906.93425366264,1576489.517506934,5313256.19657433,17906.93425366264
1577005.1709193676,5314677.767265413,17409.5471910609,0.8041113984020603,1576672.0349208459,5314279.1031906465,16912.16012845916,1577096.4296263237,5315189.2205735715,16912.16012845916,1577338.3069178897,5315076.43134018,17906.93425366264,1576913.9122124119,5314166.313957254,17906.93425366264
1577429.5656248457,5315587.884648339,17409.5471910609,0.8251141634500129,1577096.4296263237,5315189.2205735715,16912.16012845916,1577520.8243318016,5316099.3379564965,16912.16012845916,1577762.7016233676,5315986.548723105,17906.93425366264,1577338.3069178897,5315076.43134018,17906.93425366264
1577853.9603303233,5316498.002031263,17409.5471910609,0.777364133244303,1577520.8243318016,5316099.3379564965,16912.16012845916,1577945.2190372795,5317009.455339421,16912.16012845916,1578187.0963288455,5316896.66610603,17906.93425366264,1577762.7016233676,5315986.548723105,17906.93425366264
1578278.3550358014,5317408.119414188,17409.5471910609,0.6384628717300214,1577945.2190372795,5317009.455339421,16912.16012845916,1578369.6137427574,5317919.572722346,16912.16012845916,1578611.4910343233,5317806.783488955,17906.93425366264,1578187.0963288455,5316896.66610603,17906.93425366264
1578702.749741279,5318318.236797113,17409.5471910609,0.8267419247930105,1578369.6137427574,5317919.572722346,16912.16012845916,1578794.0084482352,5318829.690105271,16912.16012845916,1579035.8857398012,5318716.90087188,17906.93425366264,1578611.4910343233,5317806.783488955,17906.93425366264
1579127.1444467572,5319228.354180039,17409.5471910609,0.46667260851005476,1578794.0084482352,5318829.690105271,16912.16012845916,1579218.403153713,5319739.807488196,16912.16012845916,1579460.280445279,5319627.018254805,17906.93425366264,1579035.8857398012,5318716.90087188,17906.93425366264
1579551.5391522348,5320138.471562963,17409.5471910609,0.4507416453592529,1579218.403153713,5319739.807488196,16912.16012845916,1579642.797859191,5320649.924871121,16912.16012845916,1579884.675150757,5320537.13563773,17906.93425366264,1579460.280445279,5319627.018254805,17906.93425366264
1579975.9338577131,5321048.588945888,17409.5471910609,0.3659819202492088,1579642.797859191,5320649.924871121,16912.16012845916,1580067.1925646688,5321560.042254046,16912.16012845916,1580309.0698562348,5321447.253020655,17906.93425366264,1579884.675150757,5320537.13563773,17906.93425366264
1580400.3285631908,5321958.706328813,17409.5471910609,0.1843471761351032,1580067.1925646688,5321560.042254046,16912.16012845916,1580491.5872701467,5322470.159636971,16912.16012845916,1580733.4645617127,5322357.370403579,17906.93425366264,1580309.0698562348,5321447.253020655,17906.93425366264
1580824.7232686689,5322868.823711739,17409.5471910609,0.4173995481000615,1580491.5872701467,5322470.159636971,16912.16012845916,1580915.9819756248,5323380.277019896,16912.16012845916,1581157.8592671906,5323267.487786504,17906.93425366264,1580733.4645617127,5322357.370403579,17906.93425366264
1581249.1179741467,5323778.941094662,17409.5471910609,0.7550357543477798,1580915.9819756248,5323380.277019896,16912.16012845916,1581340.3766811024,5324290.394402821,16912.16012845916,1581582.2539726684,5324177.605169429,17906.93425366264,1581157.8592671906,5323267.487786504,17906.93425366264
1568334.7593958979,5295452.512990598,18404.32131626438,2.88042640083974,1568001.6233973762,5295053.848915831,17906.93425366264,1568426.018102854,5295963.966298756,17906.93425366264,1568667.89539442,5295851.177065365,18901.708378866122,1568243.5006889421,5294941.05968244,18901.708378866122
1568759.154101376,5296362.630373524,18404.32131626438,2.5602859523806885,1568426.018102854,5295963.966298756,17906.93425366264,1568850.4128083321,5296874.083681681,17906.93425366264,1569092.290099898,5296761.294448291,18901.708378866122,1568667.89539442,5295851.177065365,18901.708378866122
1569183.5488068538,5297272.747756449,18404.32131626438,3.4258486827196597,1568850.4128083321,5296874.083681681,17906.93425366264,1569274.80751381,5297784.201064606,17906.93425366264,1569516.6848053758,5297671.411831216,18901.708378866122,1569092.290099898,5296761.294448291,18901.708378866122
1569607.9435123317,5298182.865139374,18404.32131626438,4.133128327071123,1569274.80751381,5297784.201064606,17906.93425366264,1569699.2022192879,5298694.318447531,17906.93425366264,1569941.0795108536,5298581.529214141,18901.708378866122,1569516.6848053758,5297671.411831216,18901.708378866122
1570032.3382178096,5299092.9825222995,18404.32131626438,4.72944584478823,1569699.2022192879,5298694.318447531,17906.93425366264,1570123.5969247655,5299604.435830456,17906.93425366264,1570365.4742163315,5299491.646597065,18901.708378866122,1569941.0795108536,5298581.529214141,18901.708378866122
1570456.7329232874,5300003.099905224,18404.32131626438,4.8545639003739,1570123.5969247655,5299604.435830456,17906.93425366264,1570547.9916302436,5300514.553213381,17906.93425366264,1570789.8689218094,5300401.76397999,18901.708378866122,1570365.4742163315,5299491.646597065,18901.708378866122
1570881.1276287653,5300913.217288149,18404.32131626438,3.739517361545528,1570547.9916302436,5300514.553213381,17906.93425366264,1570972.3863357215,5301424.670596306,17906.93425366264,1571214.2636272872,5301311.881362915,18901.708378866122,1570789.8689218094,5300401.76397999,18901.708378866122
1571305.5223342432,5301823.334671073,18404.32131626438,5.743578647504363,1570972.3863357215,5301424.670596306,17906.93425366264,1571396.7810411993,5302334.787979231,17906.93425366264,1571638.658332765,5302221.99874584,18901.708378866122,1571214.2636272872,5301311.881362915,18901.708378866122
1571729.9170397213,5302733.452053999,18404.32131626438,6.171075542041278,1571396.7810411993,5302334.787979231,17906.93425366264,1571821.175746677,5303244.905362156,17906.93425366264,1572063.053038243,5303132.116128765,18901.708378866122,1571638.658332765,5302221.99874584,18901.708378866122
1572154.3117451991,5303643.569436923,18404.32131626438,6.147621366543228,1571821.175746677,5303244.905362156,17906.93425366264,1572245.570452155,5304155.02274508,17906.93425366264,1572487.4477437208,5304042.23351169,18901.708378866122,1572063.053038243,5303132.116128765,18901.708378866122
1572578.706450677,5304553.686819848,18404.32131626438,5.879982243879185,1572245.570452155,5304155.02274508,17906.93425366264,1572669.965157633,5305065.140128005,17906.93425366264,1572911.8424491987,5304952.350894615,18901.708378866122,1572487.4477437208,5304042.23351169,18901.708378866122
1573003.1011561549,5305463.804202773,18404.32131626438,5.395807492877772,1572669.965157633,5305065.140128005,17906.93425366264,1573094.3598631108,5305975.25751093,17906.93425366264,1573336.2371546766,5305862.46827754,18901.708378866122,1572911.8424491987,5304952.350894615,18901.708378866122
1573427.4958616327,5306373.921585699,18404.32131626438,5.479536814200415,1573094.3598631108,5305975.25751093,17906.93425366264,1573518.7545685885,5306885.374893855,17906.93425366264,1573760.6318601544,5306772.585660465,18901.708378866122,1573336.2371546766,5305862.46827754,18901.708378866122
1573851.8905671106,5307284.038968623,18404.32131626438,4.267841129919022,1573518.7545685885,5306885.374893855,17906.93425366264,1573943.1492740666,5307795.49227678,17906.93425366264,1574185.0265656323,5307682.70304339,18901.708378866122,1573760.6318601544,5306772.585660465,18901.708378866122
1574276.2852725885,5308194.156351548,18404.32131626438,3.4549969740625506,1573943.1492740666,5307795.49227678,17906.93425366264,1574367.5439795444,5308705.609659705,17906.93425366264,1574609.4212711102,5308592.820426314,18901.708378866122,1574185.0265656323,5307682.70304339,18901.708378866122
1574700.6799780664,5309104.273734473,18404.32131626438,2.977704524889327,1574367.5439795444,5308705.609659705,17906.93425366264,1574791.9386850223,5309615.72704263,17906.93425366264,1575033.815976588,5309502.937809239,18901.708378866122,1574609.4212711102,5308592.820426314,18901.708378866122
1575125.0746835442,5310014.391117399,18404.32131626438,2.005076037568675,1574791.9386850223,5309615.72704263,17906.93425366264,1575216.3333905,5310525.844425555,17906.93425366264,1575458.210682066,5310413.055192164,18901.708378866122,1575033.815976588,5309502.937809239,18901.708378866122
1575549.469389022,5310924.508500322,18404.32131626438,2.3921027459891246,1575216.3333905,5310525.844425555,17906.93425366264,1575640.728095978,5311435.96180848,17906.93425366264,1575882.6053875438,5311323.172575089,18901.708378866122,1575458.210682066,5310413.055192164,18901.708378866122
1575973.8640945,5311834.625883248,18404.32131626438,3.094301892674938,1575640.728095978,5311435.96180848,17906.93425366264,1576065.1228014561,5312346.079191406,17906.93425366264,1576307.000093022,5312233.289958014,18901.708378866122,1575882.6053875438,5311323.172575089,18901.708378866122
1576398.2587999778,5312744.743266173,18404.32131626438,1.688951386166157,1576065.1228014561,5312346.079191406,17906.93425366264,1576489.517506934,5313256.19657433,17906.93425366264,1576731.3947984998,5313143.407340939,18901.708378866122,1576307.000093022,5312233.289958014,18901.708378866122
1576822.6535054557,5313654.860649098,18404.32131626438,0.9826457766586915,1576489.517506934,5313256.19657433,17906.93425366264,1576913.9122124119,5314166.313957254,17906.93425366264,1577155.7895039776,5314053.524723864,18901.708378866122,1576731.3947984998,5313143.407340939,18901.708378866122
1577247.0482109336,5314564.978032022,18404.32131626438,0.946664776038691,1576913.9122124119,5314166.313957254,17906.93425366264,1577338.3069178897,5315076.43134018,17906.93425366264,1577580.1842094555,5314963.642106789,18901.708378866122,1577155.7895039776,5314053.524723864,18901.708378866122
1577671.4429164114,5315475.095414948,18404.32131626438,1.004826238592361,1577338.3069178897,5315076.43134018,17906.93425366264,1577762.7016233676,5315986.548723105,17906.93425366264,1578004.5789149336,5315873.759489714,18901.708378866122,1577580.1842094555,5314963.642106789,18901.708378866122
1578095.8376218893,5316385.212797873,18404.32131626438,1.1422077947189209,1577762.7016233676,5315986.548723105,17906.93425366264,1578187.0963288455,5316896.66610603,17906.93425366264,1578428.9736204112,5316783.876872639,18901.708378866122,1578004.5789149336,5315873.759489714,18901.708378866122
1578520.2323273672,5317295.330180798,18404.32131626438,1.145352331771683,1578187.0963288455,5316896.66610603,17906.93425366264,1578611.4910343233,5317806.783488955,17906.93425366264,1578853.368325889,5317693.994255563,18901.708378866122,1578428.9736204112,5316783.876872639,18901.708378866122
1578944.627032845,5318205.447563722,18404.32131626438,1.0975914735117138,1578611.4910343233,5317806.783488955,17906.93425366264,1579035.8857398012,5318716.90087188,17906.93425366264,1579277.763031367,5318604.111638489,18901.708378866122,1578853.368325889,5317693.994255563,18901.708378866122
1579369.021738323,5319115.564946648,18404.32131626438,0.5407417481865565,1579035.8857398012,5318716.90087188,17906.93425366264,1579460.280445279,5319627.018254805,17906.93425366264,1579702.157736845,5319514.229021414,18901.708378866122,1579277.763031367,5318604.111638489,18901.708378866122
1579793.4164438008,5320025.682329572,18404.32131626438,0.39931019991711914,1579460.280445279,5319627.018254805,17906.93425366264,1579884.675150757,5320537.13563773,17906.93425366264,1580126.5524423227,5320424.346404339,18901.708378866122,1579702.157736845,5319514.229021414,18901.708378866122
1580217.8111492787,5320935.799712497,18404.32131626438,0.2642210658106255,1579884.675150757,5320537.13563773,17906.93425366264,1580309.0698562348,5321447.253020655,17906.93425366264,1580550.9471478006,5321334.463787264,18901.708378866122,1580126.5524423227,5320424.346404339,18901.708378866122
1580642.2058547565,5321845.917095423,18404.32131626438,0.21794240631091075,1580309.0698562348,5321447.253020655,17906.93425366264,1580733.4645617127,5322357.370403579,17906.93425366264,1580975.3418532785,5322244.581170189,18901.708378866122,1580550.9471478006,5321334.463787264,18901.708378866122
1581066.6005602346,5322756.034478347,18404.32131626438,0.5096355851840776,1580733.4645617127,5322357.370403579,17906.93425366264,1581157.8592671906,5323267.487786504,17906.93425366264,1581399.7365587566,5323154.698553114,18901.708378866122,1580975.3418532785,5322244.581170189,18901.708378866122
1581490.9952657125,5323666.151861272,18404.32131626438,0.5064623368837708,1581157.8592671906,5323267.487786504,17906.93425366264,1581582.2539726684,5324177.605169429,17906.93425366264,1581824.1312642342,5324064.815936039,18901.708378866122,1581399.7365587566,5323154.698553114,18901.708378866122
1568576.6366874638,5295339.723757207,19399.09544146786,1.924701772998772,1568243.5006889421,5294941.05968244,18901.708378866122,1568667.89539442,5295851.177065365,18901.708378866122,1568909.7726859858,5295738.387831974,19896.482504069598,1568485.377980508,5294828.27044905,19896.482504069598
1569001.0313929417,5296249.841140132,19399.09544146786,3.102843619249295,1568667.89539442,5295851.177065365,18901.708378866122,1569092.290099898,5296761.294448291,18901.708378866122,1569334.1673914639,5296648.505214899,19896.482504069598,1568909.7726859858,5295738.387831974,19896.482504069598
1569425.4260984198,5297159.958523057,19399.09544146786,2.616696926650543,1569092.290099898,5296761.294448291,18901.708378866122,1569516.6848053758,5297671.411831216,18901.708378866122,1569758.5620969418,5297558.622597824,19896.482504069598,1569334.1673914639,5296648.505214899,19896.482504069598
1569849.8208038977,5298070.0759059815,19399.09544146786,3.3300144079479934,1569516.6848053758,5297671.411831216,18901.708378866122,1569941.0795108536,5298581.529214141,18901.708378866122,1570182.9568024196,5298468.739980749,19896.482504069598,1569758.5620969418,5297558.622597824,19896.482504069598
1570274.2155093753,5298980.193288907,19399.09544146786,3.1028141601703036,1569941.0795108536,5298581.529214141,18901.708378866122,1570365.4742163315,5299491.646597065,18901.708378866122,1570607.3515078975,5299378.857363674,19896.482504069598,1570182.9568024196,5298468.739980749,19896.482504069598
1570698.6102148534,5299890.310671832,19399.09544146786,4.178200905248715,1570365.4742163315,5299491.646597065,18901.708378866122,1570789.8689218094,5300401.76397999,18901.708378866122,1571031.7462133754,5300288.974746599,19896.482504069598,1570607.3515078975,5299378.857363674,19896.482504069598
1571123.0049203313,5300800.428054757,19399.09544146786,6.020701797252231,1570789.8689218094,5300401.76397999,18901.708378866122,1571214.2636272872,5301311.881362915,18901.708378866122,1571456.1409188532,5301199.092129525,19896.482504069598,1571031.7462133754,5300288.974746599,19896.482504069598
1571547.3996258092,5301710.545437683,19399.09544146786,6.882392186681522,1571214.2636272872,5301311.881362915,18901.708378866122,1571638.658332765,5302221.99874584,18901.708378866122,1571880.535624331,5302109.20951245,19896.482504069598,1571456.1409188532,5301199.092129525,19896.482504069598
1571971.7943312868,5302620.662820607,19399.09544146786,6.9239784654918495,1571638.658332765,5302221.99874584,18901.708378866122,1572063.053038243,5303132.116128765,18901.708378866122,1572304.930329809,5303019.326895374,19896.482504069598,1571880.535624331,5302109.20951245,19896.482504069598
1572396.189036765,5303530.780203532,19399.09544146786,6.891086839848326,1572063.053038243,5303132.116128765,18901.708378866122,1572487.4477437208,5304042.23351169,18901.708378866122,1572729.3250352868,5303929.4442783,19896.482504069598,1572304.930329809,5303019.326895374,19896.482504069598
1572820.5837422428,5304440.897586457,19399.09544146786,6.085564348846531,1572487.4477437208,5304042.23351169,18901.708378866122,1572911.8424491987,5304952.350894615,18901.708378866122,1573153.7197407647,5304839.561661224,19896.482504069598,1572729.3250352868,5303929.4442783,19896.482504069598
1573244.9784477209,5305351.014969383,19399.09544146786,5.51259914218666,1572911.8424491987,5304952.350894615,18901.708378866122,1573336.2371546766,5305862.46827754,18901.708378866122,1573578.1144462426,5305749.679044149,19896.482504069598,1573153.7197407647,5304839.561661224,19896.482504069598
1573669.3731531985,5306261.1323523065,19399.09544146786,5.367388338679773,1573336.2371546766,5305862.46827754,18901.708378866122,1573760.6318601544,5306772.585660465,18901.708378866122,1574002.5091517204,5306659.796427074,19896.482504069598,1573578.1144462426,5305749.679044149,19896.482504069598
1574093.7678586766,5307171.2497352315,19399.09544146786,5.767255603170129,1573760.6318601544,5306772.585660465,18901.708378866122,1574185.0265656323,5307682.70304339,18901.708378866122,1574426.9038571983,5307569.913809999,19896.482504069598,1574002.5091517204,5306659.796427074,19896.482504069598
1574518.1625641545,5308081.3671181565,19399.09544146786,4.87642779872553,1574185.0265656323,5307682.70304339,18901.708378866122,1574609.4212711102,5308592.820426314,18901.708378866122,1574851.2985626762,5308480.031192924,19896.482504069598,1574426.9038571983,5307569.913809999,19896.482504069598
1574942.5572696324,5308991.484501082,19399.09544146786,4.35906339568514,1574609.4212711102,5308592.820426314,18901.708378866122,1575033.815976588,5309502.937809239,18901.708378866122,1575275.693268154,5309390.148575849,19896.482504069598,1574851.2985626762,5308480.031192924,19896.482504069598
1575366.95197511,5309901.6018840065,19399.09544146786,2.8829306473206806,1575033.815976588,5309502.937809239,18901.708378866122,1575458.210682066,5310413.055192164,18901.708378866122,1575700.087973632,5310300.265958774,19896.482504069598,1575275.693268154,5309390.148575849,19896.482504069598
1575791.346680588,5310811.7192669315,19399.09544146786,2.5485654861150606,1575458.210682066,5310413.055192164,18901.708378866122,1575882.6053875438,5311323.172575089,18901.708378866122,1576124.4826791098,5311210.383341699,19896.482504069598,1575700.087973632,5310300.265958774,19896.482504069598
1576215.741386066,5311721.8366498565,19399.09544146786,2.4748945507907365,1575882.6053875438,5311323.172575089,18901.708378866122,1576307.000093022,5312233.289958014,18901.708378866122,1576548.8773845877,5312120.500724624,19896.482504069598,1576124.4826791098,5311210.383341699,19896.482504069598
1576640.1360915438,5312631.954032782,19399.09544146786,2.8298413071743487,1576307.000093022,5312233.289958014,18901.708378866122,1576731.3947984998,5313143.407340939,18901.708378866122,1576973.2720900655,5313030.618107548,19896.482504069598,1576548.8773845877,5312120.500724624,19896.482504069598
1577064.5307970215,5313542.071415707,19399.09544146786,1.8019690804659507,1576731.3947984998,5313143.407340939,18901.708378866122,1577155.7895039776,5314053.524723864,18901.708378866122,1577397.6667955434,5313940.735490473,19896.482504069598,1576973.2720900655,5313030.618107548,19896.482504069598
1577488.9255024996,5314452.188798632,19399.09544146786,1.567097238649386,1577155.7895039776,5314053.524723864,18901.708378866122,1577580.1842094555,5314963.642106789,18901.708378866122,1577822.0615010215,5314850.852873398,19896.482504069598,1577397.6667955434,5313940.735490473,19896.482504069598
1577913.3202079774,5315362.306181556,19399.09544146786,2.2015431479850767,1577580.1842094555,5314963.642106789,18901.708378866122,1578004.5789149336,5315873.759489714,18901.708378866122,1578246.4562064994,5315760.970256323,19896.482504069598,1577822.0615010215,5314850.852873398,19896.482504069598
1578337.7149134553,5316272.423564482,19399.09544146786,1.8967081452838526,1578004.5789149336,5315873.759489714,18901.708378866122,1578428.9736204112,5316783.876872639,18901.708378866122,1578670.8509119772,5316671.087639248,19896.482504069598,1578246.4562064994,5315760.970256323,19896.482504069598
1578762.109618933,5317182.540947406,19399.09544146786,2.092352762661743,1578428.9736204112,5316783.876872639,18901.708378866122,1578853.368325889,5317693.994255563,18901.708378866122,1579095.245617455,5317581.205022173,19896.482504069598,1578670.8509119772,5316671.087639248,19896.482504069598
1579186.504324411,5318092.658330332,19399.09544146786,1.5831859255026817,1578853.368325889,5317693.994255563,18901.708378866122,1579277.763031367,5318604.111638489,18901.708378866122,1579519.640322933,5318491.322405098,19896.482504069598,1579095.245617455,5317581.205022173,19896.482504069598
1579610.899029889,5319002.775713257,19399.09544146786,1.2345831900169484,1579277.763031367,5318604.111638489,18901.708378866122,1579702.157736845,5319514.229021414,18901.708378866122,1579944.0350284108,5319401.439788023,19896.482504069598,1579519.640322933,5318491.322405098,19896.482504069598
1580035.2937353668,5319912.893096182,19399.09544146786,0.9391607948446632,1579702.157736845,5319514.229021414,18901.708378866122,1580126.5524423227,5320424.346404339,18901.708378866122,1580368.4297338887,5320311.557170948,19896.482504069598,1579944.0350284108,5319401.439788023,19896.482504069598
1580459.6884408444,5320823.010479106,19399.09544146786,0.8269872467250109,1580126.5524423227,5320424.346404339,18901.708378866122,1580550.9471478006,5321334.463787264,18901.708378866122,1580792.8244393666,5321221.674553873,19896.482504069598,1580368.4297338887,5320311.557170948,19896.482504069598
1580884.0831463225,5321733.127862032,19399.09544146786,0.7031109090568762,1580550.9471478006,5321334.463787264,18901.708378866122,1580975.3418532785,5322244.581170189,18901.708378866122,1581217.2191448445,5322131.791936797,19896.482504069598,1580792.8244393666,5321221.674553873,19896.482504069598
1581308.4778518004,5322643.245244957,19399.09544146786,0.7063088541912056,1580975.3418532785,5322244.581170189,18901.708378866122,1581399.7365587566,5323154.698553114,18901.708378866122,1581641.6138503223,5323041.909319723,19896.482504069598,1581217.2191448445,5322131.791936797,19896.482504069598
1581732.8725572783,5323553.362627882,19399.09544146786,0.2541818248675403,1581399.7365587566,5323154.698553114,18901.708378866122,1581824.1312642342,5324064.815936039,18901.708378866122,1582066.0085558002,5323952.026702647,19896.482504069598,1581641.6138503223,5323041.909319723,19896.482504069598
1568818.5139790298,5295226.934523816,20393.869566671343,1.4892096751992523,1568485.377980508,5294828.27044905,19896.482504069598,1568909.7726859858,5295738.387831974,19896.482504069598,1569151.6499775515,5295625.598598584,20891.25662927308,1568727.2552720737,5294715.481215659,20891.25662927308
1569242.9086845077,5296137.051906742,20393.869566671343,1.7901989842435022,1568909.7726859858,5295738.387831974,19896.482504069598,1569334.1673914639,5296648.505214899,19896.482504069598,1569576.0446830294,5296535.715981509,20891.25662927308,1569151.6499775515,5295625.598598584,20891.25662927308
1569667.3033899856,5297047.169289666,20393.869566671343,2.7008459075412863,1569334.1673914639,5296648.505214899,19896.482504069598,1569758.5620969418,5297558.622597824,19896.482504069598,1570000.4393885075,5297445.833364434,20891.25662927308,1569576.0446830294,5296535.715981509,20891.25662927308
1570091.6980954634,5297957.286672591,20393.869566671343,2.4116493208417022,1569758.5620969418,5297558.622597824,19896.482504069598,1570182.9568024196,5298468.739980749,19896.482504069598,1570424.8340939854,5298355.950747359,20891.25662927308,1570000.4393885075,5297445.833364434,20891.25662927308
1570516.0928009413,5298867.404055516,20393.869566671343,2.395062095132585,1570182.9568024196,5298468.739980749,19896.482504069598,1570607.3515078975,5299378.857363674,19896.482504069598,1570849.2287994632,5299266.068130284,20891.25662927308,1570424.8340939854,5298355.950747359,20891.25662927308
1570940.4875064192,5299777.521438442,20393.869566671343,3.4179825627666793,1570607.3515078975,5299378.857363674,19896.482504069598,1571031.7462133754,5300288.974746599,19896.482504069598,1571273.6235049411,5300176.185513208,20891.25662927308,1570849.2287994632,5299266.068130284,20891.25662927308
1571364.882211897,5300687.638821366,20393.869566671343,4.852660687041764,1571031.7462133754,5300288.974746599,19896.482504069598,1571456.1409188532,5301199.092129525,19896.482504069598,1571698.0182104192,5301086.302896133,20891.25662927308,1571273.6235049411,5300176.185513208,20891.25662927308
1571789.276917375,5301597.756204292,20393.869566671343,5.814502785905012,1571456.1409188532,5301199.092129525,19896.482504069598,1571880.535624331,5302109.20951245,19896.482504069598,1572122.4129158969,5301996.420279058,20891.25662927308,1571698.0182104192,5301086.302896133,20891.25662927308
1572213.6716228528,5302507.873587215,20393.869566671343,6.7847806532907295,1571880.535624331,5302109.20951245,19896.482504069598,1572304.930329809,5303019.326895374,19896.482504069598,1572546.8076213747,5302906.537661983,20891.25662927308,1572122.4129158969,5301996.420279058,20891.25662927308
1572638.0663283307,5303417.990970141,20393.869566671343,6.525384161293679,1572304.930329809,5303019.326895374,19896.482504069598,1572729.3250352868,5303929.4442783,19896.482504069598,1572971.2023268526,5303816.655044908,20891.25662927308,1572546.8076213747,5302906.537661983,20891.25662927308
1573062.4610338085,5304328.108353065,20393.869566671343,6.33966850135726,1572729.3250352868,5303929.4442783,19896.482504069598,1573153.7197407647,5304839.561661224,19896.482504069598,1573395.5970323307,5304726.772427833,20891.25662927308,1572971.2023268526,5303816.655044908,20891.25662927308
1573486.8557392864,5305238.225735991,20393.869566671343,5.504262705641481,1573153.7197407647,5304839.561661224,19896.482504069598,1573578.1144462426,5305749.679044149,19896.482504069598,1573819.9917378083,5305636.889810758,20891.25662927308,1573395.5970323307,5304726.772427833,20891.25662927308
1573911.2504447645,5306148.343118916,20393.869566671343,4.863942875365438,1573578.1144462426,5305749.679044149,19896.482504069598,1574002.5091517204,5306659.796427074,19896.482504069598,1574244.3864432862,5306547.007193683,20891.25662927308,1573819.9917378083,5305636.889810758,20891.25662927308
1574335.6451502424,5307058.460501841,20393.869566671343,5.233891096917399,1574002.5091517204,5306659.796427074,19896.482504069598,1574426.9038571983,5307569.913809999,19896.482504069598,1574668.781148764,5307457.124576608,20891.25662927308,1574244.3864432862,5306547.007193683,20891.25662927308
1574760.0398557202,5307968.577884765,20393.869566671343,5.5898280688587985,1574426.9038571983,5307569.913809999,19896.482504069598,1574851.2985626762,5308480.031192924,19896.482504069598,1575093.1758542422,5308367.241959534,20891.25662927308,1574668.781148764,5307457.124576608,20891.25662927308
1575184.434561198,5308878.695267691,20393.869566671343,6.260082471316989,1574851.2985626762,5308480.031192924,19896.482504069598,1575275.693268154,5309390.148575849,19896.482504069598,1575517.5705597198,5309277.359342458,20891.25662927308,1575093.1758542422,5308367.241959534,20891.25662927308
1575608.829266676,5309788.812650616,20393.869566671343,5.9315938087166495,1575275.693268154,5309390.148575849,19896.482504069598,1575700.087973632,5310300.265958774,19896.482504069598,1575941.9652651977,5310187.476725382,20891.25662927308,1575517.5705597198,5309277.359342458,20891.25662927308
1576033.2239721538,5310698.93003354,20393.869566671343,4.493197641896362,1575700.087973632,5310300.265958774,19896.482504069598,1576124.4826791098,5311210.383341699,19896.482504069598,1576366.3599706755,5311097.594108308,20891.25662927308,1575941.9652651977,5310187.476725382,20891.25662927308
1576457.6186776317,5311609.047416466,20393.869566671343,3.4715360249088025,1576124.4826791098,5311210.383341699,19896.482504069598,1576548.8773845877,5312120.500724624,19896.482504069598,1576790.7546761537,5312007.711491233,20891.25662927308,1576366.3599706755,5311097.594108308,20891.25662927308
1576882.0133831096,5312519.16479939,20393.869566671343,3.726055581456299,1576548.8773845877,5312120.500724624,19896.482504069598,1576973.2720900655,5313030.618107548,19896.482504069598,1577215.1493816315,5312917.828874158,20891.25662927308,1576790.7546761537,5312007.711491233,20891.25662927308
1577306.4080885877,5313429.282182315,20393.869566671343,5.560946201289649,1576973.2720900655,5313030.618107548,19896.482504069598,1577397.6667955434,5313940.735490473,19896.482504069598,1577639.5440871092,5313827.946257083,20891.25662927308,1577215.1493816315,5312917.828874158,20891.25662927308
1577730.8027940653,5314339.39956524,20393.869566671343,3.9956336237391707,1577397.6667955434,5313940.735490473,19896.482504069598,1577822.0615010215,5314850.852873398,19896.482504069598,1578063.9387925873,5314738.063640008,20891.25662927308,1577639.5440871092,5313827.946257083,20891.25662927308
1578155.1974995434,5315249.516948166,20393.869566671343,3.41137989886911,1577822.0615010215,5314850.852873398,19896.482504069598,1578246.4562064994,5315760.970256323,19896.482504069598,1578488.3334980651,5315648.181022933,20891.25662927308,1578063.9387925873,5314738.063640008,20891.25662927308
1578579.592205021,5316159.63433109,20393.869566671343,3.658997835315863,1578246.4562064994,5315760.970256323,19896.482504069598,1578670.8509119772,5316671.087639248,19896.482504069598,1578912.728203543,5316558.298405858,20891.25662927308,1578488.3334980651,5315648.181022933,20891.25662927308
1579003.9869104992,5317069.751714015,20393.869566671343,3.3033942648559997,1578670.8509119772,5316671.087639248,19896.482504069598,1579095.245617455,5317581.205022173,19896.482504069598,1579337.1229090209,5317468.415788783,20891.25662927308,1578912.728203543,5316558.298405858,20891.25662927308
1579428.3816159768,5317979.86909694,20393.869566671343,2.5948313381392905,1579095.245617455,5317581.205022173,19896.482504069598,1579519.640322933,5318491.322405098,19896.482504069598,1579761.517614499,5318378.533171707,20891.25662927308,1579337.1229090209,5317468.415788783,20891.25662927308
1579852.776321455,5318889.986479866,20393.869566671343,2.2003003343321175,1579519.640322933,5318491.322405098,19896.482504069598,1579944.0350284108,5319401.439788023,19896.482504069598,1580185.9123199768,5319288.650554632,20891.25662927308,1579761.517614499,5318378.533171707,20891.25662927308
1580277.1710269325,5319800.103862789,20393.869566671343,2.5272250141970347,1579944.0350284108,5319401.439788023,19896.482504069598,1580368.4297338887,5320311.557170948,19896.482504069598,1580610.3070254547,5320198.767937557,20891.25662927308,1580185.9123199768,5319288.650554632,20891.25662927308
1580701.5657324106,5320710.221245714,20393.869566671343,2.5814709465884444,1580368.4297338887,5320311.557170948,19896.482504069598,1580792.8244393666,5321221.674553873,19896.482504069598,1581034.7017309323,5321108.885320482,20891.25662927308,1580610.3070254547,5320198.767937557,20891.25662927308
1581125.9604378883,5321620.3386286395,20393.869566671343,1.4861176581512312,1580792.8244393666,5321221.674553873,19896.482504069598,1581217.2191448445,5322131.791936797,19896.482504069598,1581459.0964364104,5322019.002703407,20891.25662927308,1581034.7017309323,5321108.885320482,20891.25662927308
1581550.3551433664,5322530.456011565,20393.869566671343,1.5501830452707435,1581217.2191448445,5322131.791936797,19896.482504069598,1581641.6138503223,5323041.909319723,19896.482504069598,1581883.4911418883,5322929.120086332,20891.25662927308,1581459.0964364104,5322019.002703407,20891.25662927308
1581974.749848844,5323440.5733944895,20393.869566671343,1.1896184782507138,1581641.6138503223,5323041.909319723,19896.482504069598,1582066.0085558002,5323952.026702647,19896.482504069598,1582307.8858473662,5323839.237469257,20891.25662927308,1581883.4911418883,5322929.120086332,20891.25662927308
1569060.3912705956,5295114.145290427,21388.64369187482,1.0984885576611927,1568727.2552720737,5294715.481215659,20891.25662927308,1569151.6499775515,5295625.598598584,20891.25662927308,1569393.5272691175,5295512.809365192,21886.03075447656,1568969.1325636397,5294602.691982268,21886.03075447656
1569484.7859760737,5296024.262673351,21388.64369187482,1.1504222120877488,1569151.6499775515,5295625.598598584,20891.25662927308,1569576.0446830294,5296535.715981509,20891.25662927308,1569817.9219745954,5296422.926748117,21886.03075447656,1569393.5272691175,5295512.809365192,21886.03075447656
1569909.1806815513,5296934.380056276,21388.64369187482,1.4301290138748965,1569576.0446830294,5296535.715981509,20891.25662927308,1570000.4393885075,5297445.833364434,20891.25662927308,1570242.3166800733,5297333.044131042,21886.03075447656,1569817.9219745954,5296422.926748117,21886.03075447656
1570333.5753870294,5297844.4974392,21388.64369187482,1.405514209754096,1570000.4393885075,5297445.833364434,20891.25662927308,1570424.8340939854,5298355.950747359,20891.25662927308,1570666.7113855511,5298243.161513967,21886.03075447656,1570242.3166800733,5297333.044131042,21886.03075447656
1570757.970092507,5298754.614822126,21388.64369187482,1.6039445079908714,1570424.8340939854,5298355.950747359,20891.25662927308,1570849.2287994632,5299266.068130284,20891.25662927308,1571091.1060910292,5299153.278896892,21886.03075447656,1570666.7113855511,5298243.161513967,21886.03075447656
1571182.3647979852,5299664.73220505,21388.64369187482,2.1217511993768174,1570849.2287994632,5299266.068130284,20891.25662927308,1571273.6235049411,5300176.185513208,20891.25662927308,1571515.500796507,5300063.396279817,21886.03075447656,1571091.1060910292,5299153.278896892,21886.03075447656
1571606.759503463,5300574.849587975,21388.64369187482,3.5658757712605107,1571273.6235049411,5300176.185513208,20891.25662927308,1571698.0182104192,5301086.302896133,20891.25662927308,1571939.895501985,5300973.513662742,21886.03075447656,1571515.500796507,5300063.396279817,21886.03075447656
1572031.154208941,5301484.9669709,21388.64369187482,5.478636164735094,1571698.0182104192,5301086.302896133,20891.25662927308,1572122.4129158969,5301996.420279058,20891.25662927308,1572364.2902074629,5301883.631045667,21886.03075447656,1571939.895501985,5300973.513662742,21886.03075447656
1572455.5489144186,5302395.084353826,21388.64369187482,4.984857360476551,1572122.4129158969,5301996.420279058,20891.25662927308,1572546.8076213747,5302906.537661983,20891.25662927308,1572788.6849129407,5302793.748428592,21886.03075447656,1572364.2902074629,5301883.631045667,21886.03075447656
1572879.9436198967,5303305.20173675,21388.64369187482,4.867481983724892,1572546.8076213747,5302906.537661983,20891.25662927308,1572971.2023268526,5303816.655044908,20891.25662927308,1573213.0796184186,5303703.865811517,21886.03075447656,1572788.6849129407,5302793.748428592,21886.03075447656
1573304.3383253745,5304215.319119675,21388.64369187482,4.857228728244094,1572971.2023268526,5303816.655044908,20891.25662927308,1573395.5970323307,5304726.772427833,20891.25662927308,1573637.4743238965,5304613.983194442,21886.03075447656,1573213.0796184186,5303703.865811517,21886.03075447656
1573728.7330308524,5305125.4365026,21388.64369187482,3.822982699776345,1573395.5970323307,5304726.772427833,20891.25662927308,1573819.9917378083,5305636.889810758,20891.25662927308,1574061.8690293743,5305524.100577367,21886.03075447656,1573637.4743238965,5304613.983194442,21886.03075447656
1574153.12773633,5306035.553885526,21388.64369187482,5.47165210650531,1573819.9917378083,5305636.889810758,20891.25662927308,1574244.3864432862,5306547.007193683,20891.25662927308,1574486.2637348522,5306434.217960292,21886.03075447656,1574061.8690293743,5305524.100577367,21886.03075447656
1574577.5224418081,5306945.671268449,21388.64369187482,6.152518604088761,1574244.3864432862,5306547.007193683,20891.25662927308,1574668.781148764,5307457.124576608,20891.25662927308,1574910.65844033,5307344.335343217,21886.03075447656,1574486.2637348522,5306434.217960292,21886.03075447656
1575001.9171472862,5307855.788651375,21388.64369187482,6.725298260221569,1574668.781148764,5307457.124576608,20891.25662927308,1575093.1758542422,5308367.241959534,20891.25662927308,1575335.053145808,5308254.452726142,21886.03075447656,1574910.65844033,5307344.335343217,21886.03075447656
1575426.311852764,5308765.9060343,21388.64369187482,6.799584913937526,1575093.1758542422,5308367.241959534,20891.25662927308,1575517.5705597198,5309277.359342458,20891.25662927308,1575759.4478512858,5309164.570109067,21886.03075447656,1575335.053145808,5308254.452726142,21886.03075447656
1575850.7065582417,5309676.023417225,21388.64369187482,6.396403141331726,1575517.5705597198,5309277.359342458,20891.25662927308,1575941.9652651977,5310187.476725382,20891.25662927308,1576183.8425567637,5310074.687491992,21886.03075447656,1575759.4478512858,5309164.570109067,21886.03075447656
1576275.1012637198,5310586.140800149,21388.64369187482,5.127906110498736,1575941.9652651977,5310187.476725382,20891.25662927308,1576366.3599706755,5311097.594108308,20891.25662927308,1576608.2372622415,5310984.804874917,21886.03075447656,1576183.8425567637,5310074.687491992,21886.03075447656
1576699.4959691977,5311496.258183075,21388.64369187482,4.351411877284569,1576366.3599706755,5311097.594108308,20891.25662927308,1576790.7546761537,5312007.711491233,20891.25662927308,1577032.6319677194,5311894.922257842,21886.03075447656,1576608.2372622415,5310984.804874917,21886.03075447656
1577123.8906746756,5312406.375566,21388.64369187482,5.293238207998925,1576790.7546761537,5312007.711491233,20891.25662927308,1577215.1493816315,5312917.828874158,20891.25662927308,1577457.0266731973,5312805.039640767,21886.03075447656,1577032.6319677194,5311894.922257842,21886.03075447656
1577548.2853801535,5313316.492948925,21388.64369187482,6.485832272054749,1577215.1493816315,5312917.828874158,20891.25662927308,1577639.5440871092,5313827.946257083,20891.25662927308,1577881.4213786751,5313715.157023691,21886.03075447656,1577457.0266731973,5312805.039640767,21886.03075447656
1577972.6800856313,5314226.610331849,21388.64369187482,5.897875473460002,1577639.5440871092,5313827.946257083,20891.25662927308,1578063.9387925873,5314738.063640008,20891.25662927308,1578305.816084153,5314625.274406616,21886.03075447656,1577881.4213786751,5313715.157023691,21886.03075447656
1578397.0747911092,5315136.727714775,21388.64369187482,5.590631207780983,1578063.9387925873,5314738.063640008,20891.25662927308,1578488.3334980651,5315648.181022933,20891.25662927308,1578730.210789631,5315535.391789542,21886.03075447656,1578305.816084153,5314625.274406616,21886.03075447656
1578821.469496587,5316046.845097699,21388.64369187482,5.713805597350311,1578488.3334980651,5315648.181022933,20891.25662927308,1578912.728203543,5316558.298405858,20891.25662927308,1579154.6054951088,5316445.509172467,21886.03075447656,1578730.210789631,5315535.391789542,21886.03075447656
1579245.864202065,5316956.962480624,21388.64369187482,3.871972181712736,1578912.728203543,5316558.298405858,20891.25662927308,1579337.1229090209,5317468.415788783,20891.25662927308,1579579.0002005866,5317355.626555391,21886.03075447656,1579154.6054951088,5316445.509172467,21886.03075447656
1579670.2589075428,5317867.079863548,21388.64369187482,3.6313814861352274,1579337.1229090209,5317468.415788783,20891.25662927308,1579761.517614499,5318378.533171707,20891.25662927308,1580003.3949060647,5318265.743938317,21886.03075447656,1579579.0002005866,5317355.626555391,21886.03075447656
1580094.6536130207,5318777.197246474,21388.64369187482,2.6277456273909756,1579761.517614499,5318378.533171707,20891.25662927308,1580185.9123199768,5319288.650554632,20891.25662927308,1580427.7896115426,5319175.861321242,21886.03075447656,1580003.3949060647,5318265.743938317,21886.03075447656
1580519.0483184985,5319687.314629399,21388.64369187482,3.001441997762125,1580185.9123199768,5319288.650554632,20891.25662927308,1580610.3070254547,5320198.767937557,20891.25662927308,1580852.1843170205,5320085.978704167,21886.03075447656,1580427.7896115426,5319175.861321242,21886.03075447656
1580943.4430239764,5320597.432012324,21388.64369187482,2.45792826782412,1580610.3070254547,5320198.767937557,20891.25662927308,1581034.7017309323,5321108.885320482,20891.25662927308,1581276.5790224983,5320996.096087092,21886.03075447656,1580852.1843170205,5320085.978704167,21886.03075447656
1581367.8377294543,5321507.54939525,21388.64369187482,2.2666954067080365,1581034.7017309323,5321108.885320482,20891.25662927308,1581459.0964364104,5322019.002703407,20891.25662927308,1581700.9737279762,5321906.213470017,21886.03075447656,1581276.5790224983,5320996.096087092,21886.03075447656
1581792.2324349321,5322417.666778174,21388.64369187482,2.0283443308745746,1581459.0964364104,5322019.002703407,20891.25662927308,1581883.4911418883,5322929.120086332,20891.25662927308,1582125.368433454,5322816.330852941,21886.03075447656,1581700.9737279762,5321906.213470017,21886.03075447656
1582216.62714041,5323327.784161099,21388.64369187482,1.9306808052985807,1581883.4911418883,5322929.120086332,20891.25662927308,1582307.8858473662,5323839.237469257,20891.25662927308,1582549.763138932,5323726.448235866,21886.03075447656,1582125.368433454,5322816.330852941,21886.03075447656
1569302.2685621616,5295001.356057035,22383.4178170783,0.6699794358872019,1568969.1325636397,5294602.691982268,21886.03075447656,1569393.5272691175,5295512.809365192,21886.03075447656,1569635.4045606833,5295400.020131801,22880.804879680043,1569211.0098552054,5294489.902748876,22880.804879680043
1569726.6632676395,5295911.47343996,22383.4178170783,0.7671384611272865,1569393.5272691175,5295512.809365192,21886.03075447656,1569817.9219745954,5296422.926748117,21886.03075447656,1570059.7992661612,5296310.137514726,22880.804879680043,1569635.4045606833,5295400.020131801,22880.804879680043
1570151.0579731173,5296821.590822885,22383.4178170783,0.899711577315337,1569817.9219745954,5296422.926748117,21886.03075447656,1570242.3166800733,5297333.044131042,21886.03075447656,1570484.1939716393,5297220.254897652,22880.804879680043,1570059.7992661612,5296310.137514726,22880.804879680043
1570575.4526785954,5297731.70820581,22383.4178170783,0.8213599593792695,1570242.3166800733,5297333.044131042,21886.03075447656,1570666.7113855511,5298243.161513967,21886.03075447656,1570908.588677117,5298130.372280576,22880.804879680043,1570484.1939716393,5297220.254897652,22880.804879680043
1570999.847384073,5298641.825588735,22383.4178170783,1.3223494980634454,1570666.7113855511,5298243.161513967,21886.03075447656,1571091.1060910292,5299153.278896892,21886.03075447656,1571332.9833825948,5299040.489663501,22880.804879680043,1570908.588677117,5298130.372280576,22880.804879680043
1571424.242089551,5299551.94297166,22383.4178170783,1.9875639173084108,1571091.1060910292,5299153.278896892,21886.03075447656,1571515.500796507,5300063.396279817,21886.03075447656,1571757.3780880726,5299950.607046427,22880.804879680043,1571332.9833825948,5299040.489663501,22880.804879680043
1571848.6367950288,5300462.060354585,22383.4178170783,2.312012147631476,1571515.500796507,5300063.396279817,21886.03075447656,1571939.895501985,5300973.513662742,21886.03075447656,1572181.772793551,5300860.724429351,22880.804879680043,1571757.3780880726,5299950.607046427,22880.804879680043
1572273.031500507,5301372.177737511,22383.4178170783,3.657737548972676,1571939.895501985,5300973.513662742,21886.03075447656,1572364.2902074629,5301883.631045667,21886.03075447656,1572606.1674990288,5301770.841812276,22880.804879680043,1572181.772793551,5300860.724429351,22880.804879680043
1572697.4262059845,5302282.295120434,22383.4178170783,4.667013307795853,1572364.2902074629,5301883.631045667,21886.03075447656,1572788.6849129407,5302793.748428592,21886.03075447656,1573030.5622045065,5302680.959195201,22880.804879680043,1572606.1674990288,5301770.841812276,22880.804879680043
1573121.8209114624,5303192.412503359,22383.4178170783,4.1780437673898705,1572788.6849129407,5302793.748428592,21886.03075447656,1573213.0796184186,5303703.865811517,21886.03075447656,1573454.9569099846,5303591.076578126,22880.804879680043,1573030.5622045065,5302680.959195201,22880.804879680043
1573546.2156169403,5304102.529886284,22383.4178170783,3.263382280641263,1573213.0796184186,5303703.865811517,21886.03075447656,1573637.4743238965,5304613.983194442,21886.03075447656,1573879.3516154625,5304501.193961051,22880.804879680043,1573454.9569099846,5303591.076578126,22880.804879680043
1573970.6103224184,5305012.64726921,22383.4178170783,3.0161781482845083,1573637.4743238965,5304613.983194442,21886.03075447656,1574061.8690293743,5305524.100577367,21886.03075447656,1574303.7463209403,5305411.311343976,22880.804879680043,1573879.3516154625,5304501.193961051,22880.804879680043
1574395.005027896,5305922.764652134,22383.4178170783,3.9339417637056457,1574061.8690293743,5305524.100577367,21886.03075447656,1574486.2637348522,5306434.217960292,21886.03075447656,1574728.141026418,5306321.428726901,22880.804879680043,1574303.7463209403,5305411.311343976,22880.804879680043
1574819.399733374,5306832.882035059,22383.4178170783,6.010256645762051,1574486.2637348522,5306434.217960292,21886.03075447656,1574910.65844033,5307344.335343217,21886.03075447656,1575152.535731896,5307231.546109826,22880.804879680043,1574728.141026418,5306321.428726901,22880.804879680043
1575243.7944388518,5307742.999417984,22383.4178170783,6.59365225382703,1574910.65844033,5307344.335343217,21886.03075447656,1575335.053145808,5308254.452726142,21886.03075447656,1575576.930437374,5308141.663492751,22880.804879680043,1575152.535731896,5307231.546109826,22880.804879680043
1575668.1891443299,5308653.11680091,22383.4178170783,6.259370775692669,1575335.053145808,5308254.452726142,21886.03075447656,1575759.4478512858,5309164.570109067,21886.03075447656,1576001.3251428518,5309051.780875675,22880.804879680043,1575576.930437374,5308141.663492751,22880.804879680043
1576092.5838498077,5309563.234183834,22383.4178170783,5.47389592131784,1575759.4478512858,5309164.570109067,21886.03075447656,1576183.8425567637,5310074.687491992,21886.03075447656,1576425.7198483294,5309961.8982586,22880.804879680043,1576001.3251428518,5309051.780875675,22880.804879680043
1576516.9785552856,5310473.351566759,22383.4178170783,4.618916919161286,1576183.8425567637,5310074.687491992,21886.03075447656,1576608.2372622415,5310984.804874917,21886.03075447656,1576850.1145538075,5310872.015641525,22880.804879680043,1576425.7198483294,5309961.8982586,22880.804879680043
1576941.3732607635,5311383.468949683,22383.4178170783,4.400786974566509,1576608.2372622415,5310984.804874917,21886.03075447656,1577032.6319677194,5311894.922257842,21886.03075447656,1577274.5092592854,5311782.13302445,22880.804879680043,1576850.1145538075,5310872.015641525,22880.804879680043
1577365.7679662416,5312293.586332609,22383.4178170783,4.646470981711011,1577032.6319677194,5311894.922257842,21886.03075447656,1577457.0266731973,5312805.039640767,21886.03075447656,1577698.9039647633,5312692.250407375,22880.804879680043,1577274.5092592854,5311782.13302445,22880.804879680043
1577790.1626717192,5313203.703715533,22383.4178170783,6.352801626127116,1577457.0266731973,5312805.039640767,21886.03075447656,1577881.4213786751,5313715.157023691,21886.03075447656,1578123.298670241,5313602.3677903,22880.804879680043,1577698.9039647633,5312692.250407375,22880.804879680043
1578214.557377197,5314113.821098458,22383.4178170783,5.939178580745853,1577881.4213786751,5313715.157023691,21886.03075447656,1578305.816084153,5314625.274406616,21886.03075447656,1578547.693375719,5314512.485173225,22880.804879680043,1578123.298670241,5313602.3677903,22880.804879680043
1578638.952082675,5315023.938481383,22383.4178170783,5.4409796627087506,1578305.816084153,5314625.274406616,21886.03075447656,1578730.210789631,5315535.391789542,21886.03075447656,1578972.0880811969,5315422.60255615,22880.804879680043,1578547.693375719,5314512.485173225,22880.804879680043
1579063.346788153,5315934.055864309,22383.4178170783,4.669474942485415,1578730.210789631,5315535.391789542,21886.03075447656,1579154.6054951088,5316445.509172467,21886.03075447656,1579396.4827866748,5316332.719939075,22880.804879680043,1578972.0880811969,5315422.60255615,22880.804879680043
1579487.741493631,5316844.173247233,22383.4178170783,3.9181448522435156,1579154.6054951088,5316445.509172467,21886.03075447656,1579579.0002005866,5317355.626555391,21886.03075447656,1579820.8774921526,5317242.837322,22880.804879680043,1579396.4827866748,5316332.719939075,22880.804879680043
1579912.1361991088,5317754.290630159,22383.4178170783,3.7431296916226353,1579579.0002005866,5317355.626555391,21886.03075447656,1580003.3949060647,5318265.743938317,21886.03075447656,1580245.2721976305,5318152.9547049245,22880.804879680043,1579820.8774921526,5317242.837322,22880.804879680043
1580336.5309045864,5318664.408013084,22383.4178170783,2.5308395010751634,1580003.3949060647,5318265.743938317,21886.03075447656,1580427.7896115426,5319175.861321242,21886.03075447656,1580669.6669031084,5319063.0720878495,22880.804879680043,1580245.2721976305,5318152.9547049245,22880.804879680043
1580760.9256100645,5319574.525396009,22383.4178170783,2.438979630112628,1580427.7896115426,5319175.861321242,21886.03075447656,1580852.1843170205,5320085.978704167,21886.03075447656,1581094.0616085865,5319973.1894707745,22880.804879680043,1580669.6669031084,5319063.0720878495,22880.804879680043
1581185.3203155424,5320484.642778932,22383.4178170783,3.4223266121844977,1580852.1843170205,5320085.978704167,21886.03075447656,1581276.5790224983,5320996.096087092,21886.03075447656,1581518.4563140643,5320883.3068536995,22880.804879680043,1581094.0616085865,5319973.1894707745,22880.804879680043
1581609.7150210203,5321394.760161858,22383.4178170783,4.242219602812615,1581276.5790224983,5320996.096087092,21886.03075447656,1581700.9737279762,5321906.213470017,21886.03075447656,1581942.8510195422,5321793.4242366245,22880.804879680043,1581518.4563140643,5320883.3068536995,22880.804879680043
1582034.109726498,5322304.877544783,22383.4178170783,3.5310415565775415,1581700.9737279762,5321906.213470017,21886.03075447656,1582125.368433454,5322816.330852941,21886.03075447656,1582367.24572502,5322703.54161955,22880.804879680043,1581942.8510195422,5321793.4242366245,22880.804879680043
1582458.504431976,5323214.994927708,22383.4178170783,3.2743843389764673,1582125.368433454,5322816.330852941,21886.03075447656,1582549.763138932,5323726.448235866,21886.03075447656,1582791.640430498,5323613.659002475,22880.804879680043,1582367.24572502,5322703.54161955,22880.804879680043
1569544.1458537276,5294888.566823644,23378.19194228178,1.545457403704789,1569211.0098552054,5294489.902748876,22880.804879680043,1569635.4045606833,5295400.020131801,22880.804879680043,1569877.2818522493,5295287.230898411,23875.57900488352,1569452.8871467714,5294377.113515486,23875.57900488352
1569968.5405592052,5295798.68420657,23378.19194228178,0.8759918675813213,1569635.4045606833,5295400.020131801,22880.804879680043,1570059.7992661612,5296310.137514726,22880.804879680043,1570301.6765577272,5296197.348281335,23875.57900488352,1569877.2818522493,5295287.230898411,23875.57900488352
1570392.9352646833,5296708.801589494,23378.19194228178,0.8642267067971667,1570059.7992661612,5296310.137514726,22880.804879680043,1570484.1939716393,5297220.254897652,22880.804879680043,1570726.071263205,5297107.46566426,23875.57900488352,1570301.6765577272,5296197.348281335,23875.57900488352
1570817.3299701612,5297618.918972419,23378.19194228178,0.9245329334055193,1570484.1939716393,5297220.254897652,22880.804879680043,1570908.588677117,5298130.372280576,22880.804879680043,1571150.465968683,5298017.583047185,23875.57900488352,1570726.071263205,5297107.46566426,23875.57900488352
1571241.724675639,5298529.036355343,23378.19194228178,1.1494178854994492,1570908.588677117,5298130.372280576,22880.804879680043,1571332.9833825948,5299040.489663501,22880.804879680043,1571574.8606741608,5298927.70043011,23875.57900488352,1571150.465968683,5298017.583047185,23875.57900488352
1571666.1193811167,5299439.153738269,23378.19194228178,1.4505828923735573,1571332.9833825948,5299040.489663501,22880.804879680043,1571757.3780880726,5299950.607046427,22880.804879680043,1571999.2553796386,5299837.817813035,23875.57900488352,1571574.8606741608,5298927.70043011,23875.57900488352
1572090.5140865948,5300349.271121193,23378.19194228178,2.0819075828939457,1571757.3780880726,5299950.607046427,22880.804879680043,1572181.772793551,5300860.724429351,22880.804879680043,1572423.6500851165,5300747.93519596,23875.57900488352,1571999.2553796386,5299837.817813035,23875.57900488352
1572514.9087920727,5301259.388504119,23378.19194228178,3.501842521821502,1572181.772793551,5300860.724429351,22880.804879680043,1572606.1674990288,5301770.841812276,22880.804879680043,1572848.0447905944,5301658.052578885,23875.57900488352,1572423.6500851165,5300747.93519596,23875.57900488352
1572939.3034975505,5302169.505887044,23378.19194228178,4.066922174001443,1572606.1674990288,5301770.841812276,22880.804879680043,1573030.5622045065,5302680.959195201,22880.804879680043,1573272.4394960725,5302568.16996181,23875.57900488352,1572848.0447905944,5301658.052578885,23875.57900488352
1573363.6982030282,5303079.623269969,23378.19194228178,3.9321328409277907,1573030.5622045065,5302680.959195201,22880.804879680043,1573454.9569099846,5303591.076578126,22880.804879680043,1573696.8342015503,5303478.287344735,23875.57900488352,1573272.4394960725,5302568.16996181,23875.57900488352
1573788.0929085063,5303989.740652893,23378.19194228178,3.4515390702844693,1573454.9569099846,5303591.076578126,22880.804879680043,1573879.3516154625,5304501.193961051,22880.804879680043,1574121.2289070282,5304388.404727661,23875.57900488352,1573696.8342015503,5303478.287344735,23875.57900488352
1574212.4876139842,5304899.858035819,23378.19194228178,3.018338239081958,1573879.3516154625,5304501.193961051,22880.804879680043,1574303.7463209403,5305411.311343976,22880.804879680043,1574545.623612506,5305298.522110584,23875.57900488352,1574121.2289070282,5304388.404727661,23875.57900488352
1574636.882319462,5305809.975418744,23378.19194228178,3.9318637592700356,1574303.7463209403,5305411.311343976,22880.804879680043,1574728.141026418,5306321.428726901,22880.804879680043,1574970.018317984,5306208.639493509,23875.57900488352,1574545.623612506,5305298.522110584,23875.57900488352
1575061.2770249397,5306720.092801668,23378.19194228178,3.9512198095084403,1574728.141026418,5306321.428726901,22880.804879680043,1575152.535731896,5307231.546109826,22880.804879680043,1575394.4130234618,5307118.756876435,23875.57900488352,1574970.018317984,5306208.639493509,23875.57900488352
1575485.6717304178,5307630.210184594,23378.19194228178,4.051252611230292,1575152.535731896,5307231.546109826,22880.804879680043,1575576.930437374,5308141.663492751,22880.804879680043,1575818.8077289397,5308028.87425936,23875.57900488352,1575394.4130234618,5307118.756876435,23875.57900488352
1575910.0664358956,5308540.327567518,23378.19194228178,3.9820033236474983,1575576.930437374,5308141.663492751,22880.804879680043,1576001.3251428518,5309051.780875675,22880.804879680043,1576243.2024344176,5308938.991642285,23875.57900488352,1575818.8077289397,5308028.87425936,23875.57900488352
1576334.4611413735,5309450.444950443,23378.19194228178,3.9787505687054683,1576001.3251428518,5309051.780875675,22880.804879680043,1576425.7198483294,5309961.8982586,22880.804879680043,1576667.5971398954,5309849.10902521,23875.57900488352,1576243.2024344176,5308938.991642285,23875.57900488352
1576758.8558468511,5310360.562333368,23378.19194228178,4.288658286781678,1576425.7198483294,5309961.8982586,22880.804879680043,1576850.1145538075,5310872.015641525,22880.804879680043,1577091.9918453733,5310759.226408135,23875.57900488352,1576667.5971398954,5309849.10902521,23875.57900488352
1577183.2505523295,5311270.679716294,23378.19194228178,5.182961496135639,1576850.1145538075,5310872.015641525,22880.804879680043,1577274.5092592854,5311782.13302445,22880.804879680043,1577516.3865508512,5311669.34379106,23875.57900488352,1577091.9918453733,5310759.226408135,23875.57900488352
1577607.6452578073,5312180.797099218,23378.19194228178,5.991708797371489,1577274.5092592854,5311782.13302445,22880.804879680043,1577698.9039647633,5312692.250407375,22880.804879680043,1577940.781256329,5312579.461173985,23875.57900488352,1577516.3865508512,5311669.34379106,23875.57900488352
1578032.0399632852,5313090.914482143,23378.19194228178,5.035192431651054,1577698.9039647633,5312692.250407375,22880.804879680043,1578123.298670241,5313602.3677903,22880.804879680043,1578365.175961807,5313489.57855691,23875.57900488352,1577940.781256329,5312579.461173985,23875.57900488352
1578456.4346687628,5314001.031865068,23378.19194228178,4.125048159620628,1578123.298670241,5313602.3677903,22880.804879680043,1578547.693375719,5314512.485173225,22880.804879680043,1578789.5706672848,5314399.695939834,23875.57900488352,1578365.175961807,5313489.57855691,23875.57900488352
1578880.829374241,5314911.149247994,23378.19194228178,3.662715212108443,1578547.693375719,5314512.485173225,22880.804879680043,1578972.0880811969,5315422.60255615,22880.804879680043,1579213.9653727629,5315309.813322759,23875.57900488352,1578789.5706672848,5314399.695939834,23875.57900488352
1579305.2240797188,5315821.266630917,23378.19194228178,3.518669897046531,1578972.0880811969,5315422.60255615,22880.804879680043,1579396.4827866748,5316332.719939075,22880.804879680043,1579638.3600782405,5316219.930705684,23875.57900488352,1579213.9653727629,5315309.813322759,23875.57900488352
1579729.6187851967,5316731.384013842,23378.19194228178,3.115762532704651,1579396.4827866748,5316332.719939075,22880.804879680043,1579820.8774921526,5317242.837322,22880.804879680043,1580062.7547837184,5317130.048088609,23875.57900488352,1579638.3600782405,5316219.930705684,23875.57900488352
1580154.0134906746,5317641.501396767,23378.19194228178,2.678334212450869,1579820.8774921526,5317242.837322,22880.804879680043,1580245.2721976305,5318152.9547049245,22880.804879680043,1580487.1494891963,5318040.165471534,23875.57900488352,1580062.7547837184,5317130.048088609,23875.57900488352
1580578.4081961524,5318551.618779693,23378.19194228178,3.1816569215531794,1580245.2721976305,5318152.9547049245,22880.804879680043,1580669.6669031084,5319063.0720878495,22880.804879680043,1580911.5441946744,5318950.282854459,23875.57900488352,1580487.1494891963,5318040.165471534,23875.57900488352
1581002.8029016303,5319461.736162617,23378.19194228178,3.443859833264195,1580669.6669031084,5319063.0720878495,22880.804879680043,1581094.0616085865,5319973.1894707745,22880.804879680043,1581335.938900152,5319860.400237384,23875.57900488352,1580911.5441946744,5318950.282854459,23875.57900488352
1581427.1976071082,5320371.853545542,23378.19194228178,5.395440592373033,1581094.0616085865,5319973.1894707745,22880.804879680043,1581518.4563140643,5320883.3068536995,22880.804879680043,1581760.3336056299,5320770.517620309,23875.57900488352,1581335.938900152,5319860.400237384,23875.57900488352
1581851.592312586,5321281.970928467,23378.19194228178,5.624363141944615,1581518.4563140643,5320883.3068536995,22880.804879680043,1581942.8510195422,5321793.4242366245,22880.804879680043,1582184.728311108,5321680.635003234,23875.57900488352,1581760.3336056299,5320770.517620309,23875.57900488352
1582275.987018064,5322192.088311393,23378.19194228178,4.111366543337864,1581942.8510195422,5321793.4242366245,22880.804879680043,1582367.24572502,5322703.54161955,22880.804879680043,1582609.123016586,5322590.752386158,23875.57900488352,1582184.728311108,5321680.635003234,23875.57900488352
1582700.3817235418,5323102.205694317,23378.19194228178,3.4198196394376086,1582367.24572502,5322703.54161955,22880.804879680043,1582791.640430498,5323613.659002475,22880.804879680043,1583033.5177220637,5323500.869769083,23875.57900488352,1582609.123016586,5322590.752386158,23875.57900488352
